X,Y
534.0051269287335,1.604000000000000000e+03
534.0808105837979,1.609000000000000000e+03
534.1564941245075,1.622000000000000000e+03
534.2322387608131,1.628000000000000000e+03
534.3079223194351,1.633000000000000000e+03
534.3836059646314,1.640000000000000000e+03
534.459289487409,1.646000000000000000e+03
534.534973107135,1.647000000000000000e+03
534.6106567862021,1.643000000000000000e+03
534.6863402868432,1.653000000000000000e+03
534.7620238571769,1.661000000000000000e+03
534.8377074881613,1.653000000000000000e+03
534.9134522313972,1.653000000000000000e+03
534.9891358020897,1.666000000000000000e+03
535.0648193202943,1.694000000000000000e+03
535.140502776876,1.682000000000000000e+03
535.2161864491509,1.666000000000000000e+03
535.2918700416792,1.686000000000000000e+03
535.367553831929,1.710000000000000000e+03
535.4432372375885,1.720000000000000000e+03
535.5189208228152,1.707000000000000000e+03
535.594604578686,1.735000000000000000e+03
535.6702882093306,1.725000000000000000e+03
535.745971418549,1.724000000000000000e+03
535.8216553453357,1.732000000000000000e+03
535.8973391196765,1.752000000000000000e+03
535.9730227323798,1.749000000000000000e+03
536.0487061742487,1.753000000000000000e+03
536.1243894360814,1.749000000000000000e+03
536.2000730836918,1.756000000000000000e+03
536.275756820763,1.778000000000000000e+03
536.3514406383212,1.768000000000000000e+03
536.4271239518794,1.767000000000000000e+03
536.5028079033076,1.789000000000000000e+03
536.5784913324379,1.792000000000000000e+03
536.6541748057845,1.790000000000000000e+03
536.7298583143477,1.791000000000000000e+03
536.8055421372837,1.794000000000000000e+03
536.8812254011024,1.786000000000000000e+03
536.9569092495924,1.795000000000000000e+03
537.0325928090099,1.805000000000000000e+03
537.1082763585715,1.815000000000000000e+03
537.1839598892475,1.816000000000000000e+03
537.2596436806508,1.832000000000000000e+03
537.3353268577979,1.828000000000000000e+03
537.411010566398,1.847000000000000000e+03
537.4866335528031,1.855000000000000000e+03
537.5623168365025,1.860000000000000000e+03
537.6380003360828,1.832000000000000000e+03
537.7136843318589,1.846000000000000000e+03
537.7893676583791,1.860000000000000000e+03
537.8650511739759,1.873000000000000000e+03
537.940734869813,1.877000000000000000e+03
538.0164184475874,1.877000000000000000e+03
538.0920408046188,1.884000000000000000e+03
538.1677246810524,1.875000000000000000e+03
538.2434084124591,1.870000000000000000e+03
538.3190919897331,1.915000000000000000e+03
538.3947756936324,1.914000000000000000e+03
538.4704589353845,1.904000000000000000e+03
538.5461425757196,1.911000000000000000e+03
538.6217653920648,1.906000000000000000e+03
538.6974486256656,1.925000000000000000e+03
538.7731322312683,1.933000000000000000e+03
538.8488156195046,1.933000000000000000e+03
538.9244993621073,1.924000000000000000e+03
539.0001221504488,1.951000000000000000e+03
539.0758056867688,1.932000000000000000e+03
539.1514895509623,1.948000000000000000e+03
539.2271725712882,1.956000000000000000e+03
539.3027954051873,1.948000000000000000e+03
539.378479310497,1.954000000000000000e+03
539.4541629264281,1.978000000000000000e+03
539.5298462437939,1.973000000000000000e+03
539.6054689803647,1.985000000000000000e+03
539.6811522386217,1.985000000000000000e+03
539.7568363363963,1.996000000000000000e+03
539.832519225528,1.984000000000000000e+03
539.9081423044014,2.009000000000000000e+03
539.9838259373797,2.017000000000000000e+03
540.0595095003099,1.998000000000000000e+03
540.1351320092971,2.017000000000000000e+03
540.2108150962631,2.043000000000000000e+03
540.2864989617823,2.018000000000000000e+03
540.362121111465,2.030000000000000000e+03
540.4378056155781,2.033000000000000000e+03
540.5134888278695,2.038000000000000000e+03
540.5891111220752,2.048000000000000000e+03
540.6647949195459,2.053000000000000000e+03
540.7404782741969,2.059000000000000000e+03
540.8161009254455,2.050000000000000000e+03
540.8917848125893,2.067000000000000000e+03
540.9674685225426,2.089000000000000000e+03
541.0430911589102,2.071000000000000000e+03
541.1187741775063,2.082000000000000000e+03
541.194457870279,2.095000000000000000e+03
541.2700807045082,2.077000000000000000e+03
541.3457636520761,2.103000000000000000e+03
541.4213865683067,2.092000000000000000e+03
541.497070200242,2.108000000000000000e+03
541.5727541699249,2.120000000000000000e+03
541.648376858336,2.120000000000000000e+03
541.7240599931954,2.130000000000000000e+03
541.7996829685276,2.130000000000000000e+03
541.8753664065381,2.133000000000000000e+03
541.950988459017,2.137000000000000000e+03
542.0266721649095,2.167000000000000000e+03
542.1022953150494,2.166000000000000000e+03
542.1779780782617,2.174000000000000000e+03
542.2536014098382,2.162000000000000000e+03
542.329284076073,2.161000000000000000e+03
542.4049075539548,2.181000000000000000e+03
542.4805912648831,2.208000000000000000e+03
542.5562136767595,2.196000000000000000e+03
542.631897220388,2.196000000000000000e+03
542.7075197075332,2.214000000000000000e+03
542.7832033429272,2.221000000000000000e+03
542.8588255754784,2.221000000000000000e+03
542.9345092673785,2.232000000000000000e+03
543.0101320942985,2.236000000000000000e+03
543.0858158076525,2.225000000000000000e+03
543.1614377193954,2.264000000000000000e+03
543.2371220089141,2.234000000000000000e+03
543.3127444450705,2.248000000000000000e+03
543.3884278000902,2.274000000000000000e+03
543.4640501352047,2.271000000000000000e+03
543.5396728412053,2.289000000000000000e+03
543.6153561952086,2.280000000000000000e+03
543.6909787475163,2.291000000000000000e+03
543.7666625552929,2.301000000000000000e+03
543.8422846228852,2.299000000000000000e+03
543.917907905318,2.304000000000000000e+03
543.9935909887698,2.304000000000000000e+03
544.0692140297832,2.321000000000000000e+03
544.1448361882029,2.311000000000000000e+03
544.220519947648,2.334000000000000000e+03
544.2961426997966,2.328000000000000000e+03
544.3718261809979,2.343000000000000000e+03
544.4474486032625,2.339000000000000000e+03
544.5230709870222,2.351000000000000000e+03
544.5987550137446,2.356000000000000000e+03
544.6743770145879,2.366000000000000000e+03
544.7500001373947,2.360000000000000000e+03
544.8256222965063,2.377000000000000000e+03
544.9013064288619,2.375000000000000000e+03
544.976929025401,2.390000000000000000e+03
545.0525518192319,2.384000000000000000e+03
545.1282345318966,2.395000000000000000e+03
545.2038574139079,2.412000000000000000e+03
545.27947957532,2.418000000000000000e+03
545.3551027912747,2.428000000000000000e+03
545.4307859578726,2.419000000000000000e+03
545.5064085974922,2.437000000000000000e+03
545.582031075963,2.460000000000000000e+03
545.6576539799133,2.446000000000000000e+03
545.7333374615957,2.453000000000000000e+03
545.8089603143547,2.485000000000000000e+03
545.8845823750287,2.472000000000000000e+03
545.9602051246089,2.477000000000000000e+03
546.0358279586479,2.491000000000000000e+03
546.1115111125337,2.488000000000000000e+03
546.1871341062584,2.499000000000000000e+03
546.2627559649052,2.526000000000000000e+03
546.3383790667153,2.514000000000000000e+03
546.4140010154777,2.536000000000000000e+03
546.4896238920949,2.526000000000000000e+03
546.5653080328324,2.549000000000000000e+03
546.6409297699242,2.524000000000000000e+03
546.7165527083374,2.562000000000000000e+03
546.7921753454747,2.553000000000000000e+03
546.8677979714669,2.556000000000000000e+03
546.9434205776232,2.591000000000000000e+03
547.0190431552487,2.586000000000000000e+03
547.0946647977053,2.566000000000000000e+03
547.1703492667542,2.608000000000000000e+03
547.2459723224066,2.577000000000000000e+03
547.3215944163495,2.627000000000000000e+03
547.3972173369806,2.597000000000000000e+03
547.4728389782355,2.640000000000000000e+03
547.5484617288662,2.615000000000000000e+03
547.6240849813485,2.625000000000000000e+03
547.6997072275658,2.616000000000000000e+03
547.7753302583766,2.639000000000000000e+03
547.8509522649341,2.626000000000000000e+03
547.9265750390812,2.638000000000000000e+03
548.0021964706609,2.631000000000000000e+03
548.0778207553666,2.654000000000000000e+03
548.1534418774738,2.658000000000000000e+03
548.2290652357153,2.686000000000000000e+03
548.3046878169241,2.688000000000000000e+03
548.3803093111,2.667000000000000000e+03
548.4559330175531,2.678000000000000000e+03
548.5315556197277,2.687000000000000000e+03
548.6071771080813,2.692000000000000000e+03
548.6828010856999,2.691000000000000000e+03
548.7584221255744,2.710000000000000000e+03
548.834045337373,2.709000000000000000e+03
548.9096673999533,2.718000000000000000e+03
548.9852904134418,2.716000000000000000e+03
549.0609137670749,2.732000000000000000e+03
549.1364750314843,2.739000000000000000e+03
549.2120978166789,2.754000000000000000e+03
549.2877191060418,2.744000000000000000e+03
549.3633428131332,2.755000000000000000e+03
549.4389653087501,2.757000000000000000e+03
549.5145865832915,2.758000000000000000e+03
549.590210251744,2.771000000000000000e+03
549.665832681899,2.771000000000000000e+03
549.7413946298766,2.785000000000000000e+03
549.8170160497809,2.788000000000000000e+03
549.8926398319383,2.782000000000000000e+03
549.9682623401311,2.802000000000000000e+03
550.0438835647246,2.799000000000000000e+03
550.1195068250248,2.816000000000000000e+03
550.1950679386268,2.832000000000000000e+03
550.2706906900269,2.832000000000000000e+03
550.3463136366366,2.825000000000000000e+03
550.421935255224,2.837000000000000000e+03
550.4975591726949,2.849000000000000000e+03
550.5731205123872,2.855000000000000000e+03
550.6487432287166,2.850000000000000000e+03
550.7243648844632,2.862000000000000000e+03
550.7999885039992,2.863000000000000000e+03
550.8755494425731,2.890000000000000000e+03
550.951172094361,2.883000000000000000e+03
551.0267951682852,2.910000000000000000e+03
551.1024165301448,2.897000000000000000e+03
551.1779790561093,2.919000000000000000e+03
551.2536012026161,2.941000000000000000e+03
551.3292237372492,2.930000000000000000e+03
551.4047855382855,2.931000000000000000e+03
551.4804066788231,2.950000000000000000e+03
551.5560303111364,2.942000000000000000e+03
551.6315910047903,2.945000000000000000e+03
551.7072150175466,2.951000000000000000e+03
551.7828375420726,2.966000000000000000e+03
551.8583991818102,2.974000000000000000e+03
551.9340205121266,2.997000000000000000e+03
552.0096436778041,2.984000000000000000e+03
552.0852040546326,3.019000000000000000e+03
552.1608281083562,2.992000000000000000e+03
552.2363887123648,3.003000000000000000e+03
552.3120111809802,2.981000000000000000e+03
552.3876339198484,3.016000000000000000e+03
552.4631955723437,3.031000000000000000e+03
552.5388185047575,3.037000000000000000e+03
552.614380300461,3.032000000000000000e+03
552.6900021708618,3.031000000000000000e+03
552.765564075718,3.040000000000000000e+03
552.8411860712373,3.037000000000000000e+03
552.9168082777293,3.051000000000000000e+03
552.9923707499584,3.042000000000000000e+03
553.0679933370403,3.063000000000000000e+03
553.1435543046211,3.058000000000000000e+03
553.2191769324178,3.067000000000000000e+03
553.2947381962192,3.068000000000000000e+03
553.3703611371725,3.076000000000000000e+03
553.4459223575054,3.057000000000000000e+03
553.521545578136,3.075000000000000000e+03
553.5971070276289,3.075000000000000000e+03
553.6727301879512,3.096000000000000000e+03
553.74829183306,3.097000000000000000e+03
553.823851714682,3.123000000000000000e+03
553.8994751723073,3.109000000000000000e+03
553.9750367322185,3.123000000000000000e+03
554.050658510177,3.114000000000000000e+03
554.1262201811371,3.125000000000000000e+03
554.2018439290302,3.109000000000000000e+03
554.2774053707294,3.137000000000000000e+03
554.3529671374815,3.143000000000000000e+03
554.4285888549837,3.149000000000000000e+03
554.5041506486573,3.159000000000000000e+03
554.579712127434,3.173000000000000000e+03
554.6553335805664,3.158000000000000000e+03
554.7308950353918,3.191000000000000000e+03
554.8065186350868,3.178000000000000000e+03
554.8820800328116,3.193000000000000000e+03
554.9576410728757,3.199000000000000000e+03
555.0332642831411,3.214000000000000000e+03
555.108825215094,3.205000000000000000e+03
555.1843863800646,3.248000000000000000e+03
555.2599490030949,3.251000000000000000e+03
555.3355716725129,3.232000000000000000e+03
555.4111322702728,3.239000000000000000e+03
555.486694610333,3.255000000000000000e+03
555.5623170204691,3.250000000000000000e+03
555.6378788265472,3.281000000000000000e+03
555.7134408077316,3.274000000000000000e+03
555.7890023379755,3.292000000000000000e+03
555.8646239696742,3.301000000000000000e+03
555.9401852063803,3.299000000000000000e+03
556.0157462753666,3.307000000000000000e+03
556.0913090235443,3.298000000000000000e+03
556.1668694227267,3.321000000000000000e+03
556.2424921284115,3.337000000000000000e+03
556.3180540060974,3.335000000000000000e+03
556.3936159838638,3.375000000000000000e+03
556.46917743411,3.382000000000000000e+03
556.544738657784,3.357000000000000000e+03
556.6202993365139,3.376000000000000000e+03
556.6959226832005,3.372000000000000000e+03
556.7714847427467,3.387000000000000000e+03
556.8470468524312,3.390000000000000000e+03
556.9226065226395,3.391000000000000000e+03
556.9981696377276,3.403000000000000000e+03
557.0737306061917,3.407000000000000000e+03
557.1492912804306,3.456000000000000000e+03
557.2248535148585,3.438000000000000000e+03
557.3004154389016,3.433000000000000000e+03
557.3759767333004,3.446000000000000000e+03
557.451598607399,3.441000000000000000e+03
557.5271614300829,3.447000000000000000e+03
557.6027217325554,3.476000000000000000e+03
557.6782835475029,3.470000000000000000e+03
557.7538450012918,3.457000000000000000e+03
557.8294060853028,3.452000000000000000e+03
557.9049686584602,3.465000000000000000e+03
557.9805305342576,3.482000000000000000e+03
558.0560904581027,3.483000000000000000e+03
558.1316534042687,3.478000000000000000e+03
558.2072143813721,3.512000000000000000e+03
558.2827764962979,3.500000000000000000e+03
558.3583381828406,3.514000000000000000e+03
558.4338994323449,3.478000000000000000e+03
558.5094602361507,3.511000000000000000e+03
558.5850224576968,3.495000000000000000e+03
558.6605230453073,3.508000000000000000e+03
558.7360843175928,3.508000000000000000e+03
558.8116447982349,3.516000000000000000e+03
558.8872066647817,3.518000000000000000e+03
558.9627683478695,3.546000000000000000e+03
559.0383292140123,3.535000000000000000e+03
559.1138914425185,3.537000000000000000e+03
559.1894531500513,3.524000000000000000e+03
559.2650140151281,3.563000000000000000e+03
559.3405155236203,3.584000000000000000e+03
559.4160774775995,3.541000000000000000e+03
559.491638563738,3.557000000000000000e+03
559.5671990861741,3.588000000000000000e+03
559.6427612285802,3.595000000000000000e+03
559.7183224777227,3.570000000000000000e+03
559.7938239112091,3.614000000000000000e+03
559.8693855251184,3.571000000000000000e+03
559.9449468470373,3.604000000000000000e+03
560.0205075548458,3.635000000000000000e+03
560.0960695220344,3.627000000000000000e+03
560.1715693553381,3.640000000000000000e+03
560.2471316053342,3.630000000000000000e+03
560.3226935219939,3.631000000000000000e+03
560.3982544687057,3.663000000000000000e+03
560.4737553798353,3.663000000000000000e+03
560.549316857351,3.663000000000000000e+03
560.6248776534629,3.663000000000000000e+03
560.70037802624,3.686000000000000000e+03
560.7759393038835,3.687000000000000000e+03
560.8515017620771,3.719000000000000000e+03
560.9270018364357,3.712000000000000000e+03
561.0025625253518,3.740000000000000000e+03
561.0781246855694,3.750000000000000000e+03
561.1536262760454,3.728000000000000000e+03
561.2291866163674,3.767000000000000000e+03
561.304748089255,3.770000000000000000e+03
561.3802492335784,3.781000000000000000e+03
561.4558107265045,3.799000000000000000e+03
561.5313717522904,3.763000000000000000e+03
561.6068723759059,3.801000000000000000e+03
561.6824333719698,3.808000000000000000e+03
561.7579339169324,3.822000000000000000e+03
561.8334954817075,3.828000000000000000e+03
561.9089955995389,3.801000000000000000e+03
561.9845564375671,3.830000000000000000e+03
562.0601218043322,3.822000000000000000e+03
562.1356190160956,3.866000000000000000e+03
562.2111807638972,3.837000000000000000e+03
562.2866837867199,3.866000000000000000e+03
562.3622450420103,3.844000000000000000e+03
562.4377443607594,3.861000000000000000e+03
562.5133050891404,3.880000000000000000e+03
562.5888069961169,3.873000000000000000e+03
562.6643671648543,3.862000000000000000e+03
562.739868463935,3.886000000000000000e+03
562.8154280394092,3.883000000000000000e+03
562.8909286969488,3.890000000000000000e+03
562.9664305978828,3.906000000000000000e+03
563.0419939681478,3.914000000000000000e+03
563.1174920085415,3.926000000000000000e+03
563.19305470474,3.914000000000000000e+03
563.2685551920358,3.913000000000000000e+03
563.3440568835294,3.933000000000000000e+03
563.419616911542,3.901000000000000000e+03
563.4951146546897,3.928000000000000000e+03
563.5706770994776,3.917000000000000000e+03
563.6461803879624,3.918000000000000000e+03
563.7216816652208,3.934000000000000000e+03
563.7972413162915,3.958000000000000000e+03
563.8727417375509,3.947000000000000000e+03
563.948243300408,3.944000000000000000e+03
564.0238032597638,3.930000000000000000e+03
564.0993039174446,3.940000000000000000e+03
564.1748025104577,3.976000000000000000e+03
564.2503658884998,3.977000000000000000e+03
564.3258667100131,3.995000000000000000e+03
564.4013686264184,3.986000000000000000e+03
564.4768684441426,3.966000000000000000e+03
564.5524298972744,3.994000000000000000e+03
564.6279318813953,4.003000000000000000e+03
564.7034317408531,4.015000000000000000e+03
564.7789326555933,4.023000000000000000e+03
564.8544314277575,4.041000000000000000e+03
564.9299918767013,4.028000000000000000e+03
565.005495928257,4.033000000000000000e+03
565.0809946197296,4.048000000000000000e+03
565.1564943267665,4.025000000000000000e+03
565.2319918472216,4.076000000000000000e+03
565.3075574772264,4.036000000000000000e+03
565.3830570069348,4.052000000000000000e+03
565.4585575213804,4.066000000000000000e+03
565.5340558149843,4.087000000000000000e+03
565.6095582761728,4.065000000000000000e+03
565.6850585002172,4.078000000000000000e+03
565.760556477251,4.123000000000000000e+03
565.8360618025167,4.110000000000000000e+03
565.9116225122199,4.132000000000000000e+03
565.9871233197282,4.137000000000000000e+03
566.0626218458439,4.143000000000000000e+03
566.1381244909254,4.161000000000000000e+03
566.2136216322725,4.203000000000000000e+03
566.289126084757,4.204000000000000000e+03
566.3646250154166,4.201000000000000000e+03
566.4401248288668,4.252000000000000000e+03
566.5156223083626,4.241000000000000000e+03
566.5911238644974,4.255000000000000000e+03
566.666626281373,4.265000000000000000e+03
566.7421263396649,4.277000000000000000e+03
566.8176240294433,4.279000000000000000e+03
566.8931289818083,4.279000000000000000e+03
566.9686283363882,4.270000000000000000e+03
567.044128511452,4.304000000000000000e+03
567.1196262833736,4.312000000000000000e+03
567.1951280764068,4.307000000000000000e+03
567.2706306677735,4.291000000000000000e+03
567.3460696737624,4.314000000000000000e+03
567.4215706028087,4.311000000000000000e+03
567.4970690857559,4.306000000000000000e+03
567.5725715554013,4.333000000000000000e+03
567.6480715624202,4.330000000000000000e+03
567.7235723199296,4.332000000000000000e+03
567.7990705965543,4.357000000000000000e+03
567.8745728319317,4.329000000000000000e+03
567.9500112820856,4.355000000000000000e+03
568.0255117228037,4.340000000000000000e+03
568.1010128751681,4.339000000000000000e+03
568.1765115034954,4.362000000000000000e+03
568.2520140559766,4.373000000000000000e+03
568.327455928513,4.372000000000000000e+03
568.4029533742392,4.337000000000000000e+03
568.478454722623,4.362000000000000000e+03
568.5539535037092,4.368000000000000000e+03
568.6293947397575,4.351000000000000000e+03
568.7048948100362,4.341000000000000000e+03
568.7803955214323,4.364000000000000000e+03
568.8558968664703,4.390000000000000000e+03
568.9313373379196,4.353000000000000000e+03
569.0068366737867,4.380000000000000000e+03
569.0823366191238,4.378000000000000000e+03
569.1577756177235,4.372000000000000000e+03
569.2332767431898,4.377000000000000000e+03
569.3087752145101,4.363000000000000000e+03
569.3842159078702,4.382000000000000000e+03
569.4597155117148,4.390000000000000000e+03
569.5352189219938,4.401000000000000000e+03
569.6106547533757,4.399000000000000000e+03
569.6861592519366,4.384000000000000000e+03
569.7615961204366,4.399000000000000000e+03
569.8370951828829,4.403000000000000000e+03
569.9125980167112,4.423000000000000000e+03
569.9880363908212,4.397000000000000000e+03
570.063540235015,4.413000000000000000e+03
570.1389763193972,4.423000000000000000e+03
570.2144778914571,4.443000000000000000e+03
570.2899149030349,4.431000000000000000e+03
570.3654174215969,4.459000000000000000e+03
570.4408585841445,4.438000000000000000e+03
570.516355510032,4.471000000000000000e+03
570.5917975400971,4.468000000000000000e+03
570.6672953476274,4.443000000000000000e+03
570.7427349574187,4.488000000000000000e+03
570.8182368737373,4.513000000000000000e+03
570.8936740294567,4.527000000000000000e+03
570.9691767675921,4.529000000000000000e+03
571.044617956385,4.547000000000000000e+03
571.120118225025,4.541000000000000000e+03
571.1955568946336,4.558000000000000000e+03
571.2709959150741,4.540000000000000000e+03
571.3464973017159,4.550000000000000000e+03
571.4219370173379,4.595000000000000000e+03
571.4974358505949,4.578000000000000000e+03
571.5728729630794,4.607000000000000000e+03
571.6483169221735,4.594000000000000000e+03
571.7238167556269,4.618000000000000000e+03
571.7992547962239,4.600000000000000000e+03
571.874696395271,4.630000000000000000e+03
571.9501938880238,4.613000000000000000e+03
572.0256327861869,4.630000000000000000e+03
572.1010752224225,4.618000000000000000e+03
572.1765735734161,4.649000000000000000e+03
572.2520132602132,4.670000000000000000e+03
572.3274531890821,4.655000000000000000e+03
572.4028933523459,4.677000000000000000e+03
572.4783960113044,4.688000000000000000e+03
572.5538333585442,4.697000000000000000e+03
572.6292741944405,4.689000000000000000e+03
572.7047119540778,4.689000000000000000e+03
572.780212242593,4.722000000000000000e+03
572.8556503993934,4.701000000000000000e+03
572.9310920175104,4.688000000000000000e+03
573.0065305250978,4.711000000000000000e+03
573.0819691960772,4.689000000000000000e+03
573.1574080227304,4.743000000000000000e+03
573.232909430562,4.701000000000000000e+03
573.3083485618251,4.712000000000000000e+03
573.3837911132744,4.723000000000000000e+03
573.4592305026606,4.730000000000000000e+03
573.5346700090696,4.692000000000000000e+03
573.6101096247586,4.739000000000000000e+03
573.6855493419805,4.725000000000000000e+03
573.7609858609676,4.747000000000000000e+03
573.8364257571322,4.738000000000000000e+03
573.9118624378157,4.727000000000000000e+03
573.9873057764995,4.701000000000000000e+03
574.0627425886909,4.719000000000000000e+03
574.1382453810519,4.751000000000000000e+03
574.2136823092575,4.737000000000000000e+03
574.2891225732211,4.730000000000000000e+03
574.3645628688121,4.744000000000000000e+03
574.4399404917988,4.709000000000000000e+03
574.5153808108072,4.735000000000000000e+03
574.5908178365182,4.769000000000000000e+03
574.6662581633567,4.740000000000000000e+03
574.7416984828392,4.731000000000000000e+03
574.8171387871569,4.725000000000000000e+03
574.8925790684976,4.736000000000000000e+03
574.9680160131622,4.732000000000000000e+03
575.0434562242268,4.736000000000000000e+03
575.1188930812343,4.750000000000000000e+03
575.1943364992081,4.765000000000000000e+03
575.2697765474628,4.746000000000000000e+03
575.3451536315831,4.777000000000000000e+03
575.4205935156243,4.740000000000000000e+03
575.4960333140378,4.769000000000000000e+03
575.5714730189743,4.783000000000000000e+03
575.6469093088864,4.818000000000000000e+03
575.7223521169975,4.782000000000000000e+03
575.7977285011834,4.823000000000000000e+03
575.8731677371276,4.791000000000000000e+03
575.9486101574518,4.798000000000000000e+03
576.0240491208147,4.839000000000000000e+03
576.0994281953324,4.838000000000000000e+03
576.1748668380864,4.812000000000000000e+03
576.2503053165299,4.849000000000000000e+03
576.3257436227722,4.870000000000000000e+03
576.401121946027,4.863000000000000000e+03
576.4765631917769,4.840000000000000000e+03
576.5520009192454,4.885000000000000000e+03
576.627378593058,4.878000000000000000e+03
576.7028192152051,4.870000000000000000e+03
576.7782596194585,4.900000000000000000e+03
576.8536365734708,4.896000000000000000e+03
576.9290798301113,4.907000000000000000e+03
577.0045161881444,4.923000000000000000e+03
577.0798956812308,4.933000000000000000e+03
577.1553348449369,4.943000000000000000e+03
577.2307737431714,4.936000000000000000e+03
577.3061523771543,4.941000000000000000e+03
577.3815940386273,4.965000000000000000e+03
577.4569687212091,4.943000000000000000e+03
577.5324097821534,4.968000000000000000e+03
577.6077871497567,4.973000000000000000e+03
577.6832275791974,4.978000000000000000e+03
577.7586042662564,4.986000000000000000e+03
577.8340473712362,5.026000000000000000e+03
577.9094233467189,5.005000000000000000e+03
577.9848624183549,5.003000000000000000e+03
578.06024099099,5.036000000000000000e+03
578.1356826786689,5.013000000000000000e+03
578.2110604784385,4.993000000000000000e+03
578.2865014103915,5.034000000000000000e+03
578.3618750602704,5.006000000000000000e+03
578.4373152036164,5.059000000000000000e+03
578.5126947075182,5.048000000000000000e+03
578.5880737744064,5.057000000000000000e+03
578.6635160180301,5.058000000000000000e+03
578.7388908540094,5.052000000000000000e+03
578.8143322323514,5.059000000000000000e+03
578.8897095032095,5.047000000000000000e+03
578.9650862969057,5.047000000000000000e+03
579.0405296629765,5.101000000000000000e+03
579.1159054956761,5.064000000000000000e+03
579.1912841817008,5.078000000000000000e+03
579.2667227590988,5.059000000000000000e+03
579.3421004375672,5.074000000000000000e+03
579.4174809495532,5.054000000000000000e+03
579.4928575733711,5.057000000000000000e+03
579.5682974782039,5.052000000000000000e+03
579.6436763906835,5.043000000000000000e+03
579.7190547488921,5.053000000000000000e+03
579.7944325447469,5.054000000000000000e+03
579.8698736574771,5.061000000000000000e+03
579.9452503209693,5.065000000000000000e+03
580.0206297620755,5.076000000000000000e+03
580.0960086102061,5.070000000000000000e+03
580.1713868572579,5.052000000000000000e+03
580.2467678619868,5.063000000000000000e+03
580.3222055027192,5.077000000000000000e+03
580.3975819144985,5.080000000000000000e+03
580.472964431725,5.069000000000000000e+03
580.5483361997073,5.075000000000000000e+03
580.6237208011142,5.051000000000000000e+03
580.6990980056318,5.082000000000000000e+03
580.774474545852,5.079000000000000000e+03
580.8498537875009,5.061000000000000000e+03
580.9252289755794,5.097000000000000000e+03
581.0006743628959,5.112000000000000000e+03
581.0760481837603,5.098000000000000000e+03
581.1514280543308,5.085000000000000000e+03
581.2268072152121,5.083000000000000000e+03
581.3021822791188,5.084000000000000000e+03
581.3775633752501,5.088000000000000000e+03
581.4529437389426,5.102000000000000000e+03
581.5283199802694,5.106000000000000000e+03
581.6036988536778,5.109000000000000000e+03
581.6790160670166,5.121000000000000000e+03
581.7543934024975,5.140000000000000000e+03
581.8297699646201,5.144000000000000000e+03
581.9051525174606,5.127000000000000000e+03
581.9805308970429,5.146000000000000000e+03
582.0559084804219,5.173000000000000000e+03
582.1312852593902,5.180000000000000000e+03
582.206668005028,5.168000000000000000e+03
582.2820397617667,5.182000000000000000e+03
582.3574242532981,5.208000000000000000e+03
582.4327366749485,5.193000000000000000e+03
582.508116082625,5.193000000000000000e+03
582.5834946400697,5.200000000000000000e+03
582.658872339047,5.211000000000000000e+03
582.7342525671091,5.223000000000000000e+03
582.8095673852416,5.213000000000000000e+03
582.8849492395216,5.240000000000000000e+03
582.9603268074364,5.241000000000000000e+03
583.0357068767066,5.206000000000000000e+03
583.1110214380087,5.244000000000000000e+03
583.1864030744695,5.266000000000000000e+03
583.2617769878166,5.232000000000000000e+03
583.3371601786139,5.259000000000000000e+03
583.4124743613642,5.295000000000000000e+03
583.4878556582576,5.264000000000000000e+03
583.5632325991093,5.305000000000000000e+03
583.6385472652148,5.313000000000000000e+03
583.7139290751193,5.322000000000000000e+03
583.7893065032263,5.315000000000000000e+03
583.8646249949269,5.316000000000000000e+03
583.9400004322508,5.305000000000000000e+03
584.0153168866366,5.350000000000000000e+03
584.0907005347968,5.354000000000000000e+03
584.1660763462396,5.361000000000000000e+03
584.2413965200363,5.330000000000000000e+03
584.3167736762043,5.331000000000000000e+03
584.3920917365156,5.348000000000000000e+03
584.4674702084938,5.382000000000000000e+03
584.5427861228587,5.351000000000000000e+03
584.6181658817017,5.353000000000000000e+03
584.6934796176279,5.335000000000000000e+03
584.7688572148127,5.368000000000000000e+03
584.8441755797492,5.359000000000000000e+03
584.919554404934,5.388000000000000000e+03
584.9948739529473,5.363000000000000000e+03
585.0702539779767,5.383000000000000000e+03
585.145567832981,5.333000000000000000e+03
585.2208873808705,5.335000000000000000e+03
585.2962674300239,5.360000000000000000e+03
585.3715812355221,5.363000000000000000e+03
585.446962410467,5.331000000000000000e+03
585.522277293224,5.358000000000000000e+03
585.5975978392732,5.353000000000000000e+03
585.6729720672993,5.325000000000000000e+03
585.7482902189189,5.357000000000000000e+03
585.8236071536562,5.367000000000000000e+03
585.8989880858402,5.352000000000000000e+03
585.9743025783406,5.328000000000000000e+03
586.0496192632522,5.351000000000000000e+03
586.1249381347992,5.316000000000000000e+03
586.200317604434,5.336000000000000000e+03
586.2756374097312,5.342000000000000000e+03
586.3509525064017,5.346000000000000000e+03
586.4262697612708,5.338000000000000000e+03
586.5016510856912,5.320000000000000000e+03
586.576965774025,5.344000000000000000e+03
586.6522825996321,5.341000000000000000e+03
586.7275981142149,5.323000000000000000e+03
586.8029157526896,5.356000000000000000e+03
586.878297505942,5.366000000000000000e+03
586.9536125003841,5.360000000000000000e+03
587.0289295977367,5.341000000000000000e+03
587.1042487921765,5.365000000000000000e+03
587.1795666300785,5.360000000000000000e+03
587.2548831029591,5.354000000000000000e+03
587.3301982023304,5.371000000000000000e+03
587.4055153701529,5.387000000000000000e+03
587.4808346005856,5.386000000000000000e+03
587.5561558877838,5.393000000000000000e+03
587.631468866577,5.401000000000000000e+03
587.7067838851247,5.409000000000000000e+03
587.78216658026,5.397000000000000000e+03
587.8574856775697,5.402000000000000000e+03
587.9328033404089,5.423000000000000000e+03
588.0080538670875,5.455000000000000000e+03
588.0833720770029,5.423000000000000000e+03
588.1586888286358,5.454000000000000000e+03
588.234007573644,5.442000000000000000e+03
588.3093248450679,5.458000000000000000e+03
588.3846440963296,5.468000000000000000e+03
588.4599618586897,5.497000000000000000e+03
588.5352781235977,5.501000000000000000e+03
588.6105963471232,5.501000000000000000e+03
588.6859130578563,5.483000000000000000e+03
588.761231713632,5.523000000000000000e+03
588.8364864301399,5.498000000000000000e+03
588.9118020050827,5.491000000000000000e+03
588.9871195037894,5.517000000000000000e+03
589.0624389203426,5.566000000000000000e+03
589.1377567779897,5.511000000000000000e+03
589.2130730681441,5.555000000000000000e+03
589.2883287478853,5.548000000000000000e+03
589.3636453356847,5.577000000000000000e+03
589.4389638063658,5.599000000000000000e+03
589.5142806787193,5.582000000000000000e+03
589.5895403256021,5.602000000000000000e+03
589.6648574383153,5.557000000000000000e+03
589.740176406581,5.579000000000000000e+03
589.8154276479908,5.591000000000000000e+03
589.8907468120178,5.584000000000000000e+03
589.9660643313503,5.608000000000000000e+03
590.0413210120631,5.595000000000000000e+03
590.1166352010036,5.621000000000000000e+03
590.1919546858783,5.620000000000000000e+03
590.2672132644499,5.627000000000000000e+03
590.3425293741994,5.604000000000000000e+03
590.4177880160598,5.605000000000000000e+03
590.4931042037921,5.614000000000000000e+03
590.568418683014,5.634000000000000000e+03
590.643675627467,5.631000000000000000e+03
590.7189936284246,5.622000000000000000e+03
590.7942505619948,5.626000000000000000e+03
590.8695685685237,5.629000000000000000e+03
590.9448219696872,5.615000000000000000e+03
591.0201399515241,5.603000000000000000e+03
591.0953967743105,5.615000000000000000e+03
591.1707147029425,5.621000000000000000e+03
591.2459714266577,5.651000000000000000e+03
591.3212892726514,5.581000000000000000e+03
591.3965458678394,5.618000000000000000e+03
591.4718006307248,5.625000000000000000e+03
591.547116539627,5.626000000000000000e+03
591.6223746281325,5.610000000000000000e+03
591.6976903797901,5.624000000000000000e+03
591.7729482668865,5.613000000000000000e+03
591.8482042834247,5.616000000000000000e+03
591.9235214878881,5.597000000000000000e+03
591.9987807623979,5.584000000000000000e+03
592.0740346381908,5.603000000000000000e+03
592.1493532320127,5.598000000000000000e+03
592.2246103231383,5.605000000000000000e+03
592.2998654966053,5.594000000000000000e+03
592.3751222527409,5.598000000000000000e+03
592.4504402550338,5.590000000000000000e+03
592.5256966625434,5.605000000000000000e+03
592.6009511209176,5.580000000000000000e+03
592.6762106466866,5.600000000000000000e+03
592.7515244260364,5.608000000000000000e+03
592.8267835455117,5.591000000000000000e+03
592.9020371707703,5.613000000000000000e+03
592.9772958390107,5.605000000000000000e+03
593.0525489954576,5.620000000000000000e+03
593.1278071826566,5.605000000000000000e+03
593.2031266995527,5.605000000000000000e+03
593.2783808730474,5.628000000000000000e+03
593.3536365391337,5.639000000000000000e+03
593.4288936916811,5.660000000000000000e+03
593.5041488020836,5.629000000000000000e+03
593.5794089082539,5.640000000000000000e+03
593.6546634339551,5.642000000000000000e+03
593.729919417986,5.671000000000000000e+03
593.8051733281523,5.675000000000000000e+03
593.8804322095,5.675000000000000000e+03
593.955689002888,5.710000000000000000e+03
594.0309472282032,5.702000000000000000e+03
594.1061998200399,5.698000000000000000e+03
594.1814573584147,5.702000000000000000e+03
594.2567163084306,5.710000000000000000e+03
594.3319695993049,5.697000000000000000e+03
594.4072278190921,5.692000000000000000e+03
594.4824803620132,5.717000000000000000e+03
594.5577413564724,5.722000000000000000e+03
594.6329931222317,5.730000000000000000e+03
594.7082533289405,5.726000000000000000e+03
594.7834441469494,5.718000000000000000e+03
594.85870352054,5.752000000000000000e+03
594.9339607052526,5.741000000000000000e+03
595.0092192325558,5.752000000000000000e+03
595.0844720137306,5.761000000000000000e+03
595.1596694470827,5.785000000000000000e+03
595.2349248608839,5.751000000000000000e+03
595.310178044894,5.799000000000000000e+03
595.3854360798784,5.751000000000000000e+03
595.4606918708308,5.755000000000000000e+03
595.5358886627483,5.790000000000000000e+03
595.611147019589,5.776000000000000000e+03
595.6864031092157,5.765000000000000000e+03
595.7615965842728,5.805000000000000000e+03
595.836855197865,5.778000000000000000e+03
595.9121115210278,5.814000000000000000e+03
595.9873051606659,5.780000000000000000e+03
596.0625604137975,5.819000000000000000e+03
596.1378169052595,5.820000000000000000e+03
596.2130106441916,5.808000000000000000e+03
596.2882695773723,5.817000000000000000e+03
596.3635261735925,5.831000000000000000e+03
596.4387199482267,5.783000000000000000e+03
596.5139753866564,5.817000000000000000e+03
596.5891715160268,5.790000000000000000e+03
596.6644293271388,5.812000000000000000e+03
596.739624225117,5.835000000000000000e+03
596.8148808209818,5.804000000000000000e+03
596.8900744570072,5.786000000000000000e+03
596.9653333707323,5.847000000000000000e+03
597.0405257151125,5.803000000000000000e+03
597.115786920592,5.809000000000000000e+03
597.1909779436049,5.787000000000000000e+03
597.2662342801653,5.793000000000000000e+03
597.3414275184313,5.775000000000000000e+03
597.4166254158234,5.766000000000000000e+03
597.491885088153,5.797000000000000000e+03
597.5670780238231,5.792000000000000000e+03
597.6423327487403,5.799000000000000000e+03
597.7175242592349,5.780000000000000000e+03
597.792720398088,5.802000000000000000e+03
597.8679783530253,5.806000000000000000e+03
597.9431801766776,5.776000000000000000e+03
598.0183687346421,5.794000000000000000e+03
598.0936227072775,5.787000000000000000e+03
598.1688204827943,5.788000000000000000e+03
598.2440156960317,5.798000000000000000e+03
598.3192119177841,5.794000000000000000e+03
598.3944735953452,5.775000000000000000e+03
598.4696646678975,5.804000000000000000e+03
598.5448638913675,5.750000000000000000e+03
598.6200605143976,5.741000000000000000e+03
598.6952545279034,5.744000000000000000e+03
598.7705032869707,5.751000000000000000e+03
598.845702827054,5.792000000000000000e+03
598.9209033228055,5.787000000000000000e+03
598.9960940039387,5.772000000000000000e+03
599.0712892114018,5.776000000000000000e+03
599.1464853517283,5.753000000000000000e+03
599.2216788278446,5.777000000000000000e+03
599.2968768137707,5.763000000000000000e+03
599.3720685283897,5.757000000000000000e+03
599.4472683333562,5.753000000000000000e+03
599.5225229531976,5.760000000000000000e+03
599.5977173765003,5.775000000000000000e+03
599.6729126841367,5.775000000000000000e+03
599.7481088696748,5.764000000000000000e+03
599.8232987309193,5.766000000000000000e+03
599.8985002499289,5.769000000000000000e+03
599.9736306356483,5.779000000000000000e+03
600.0488302503571,5.813000000000000000e+03
600.1240271092662,5.793000000000000000e+03
600.1992212032151,5.808000000000000000e+03
600.274408919746,5.805000000000000000e+03
600.3496082679649,5.811000000000000000e+03
600.4248084342357,5.823000000000000000e+03
600.499998594085,5.805000000000000000e+03
600.5751931605373,5.824000000000000000e+03
600.6503235814662,5.829000000000000000e+03
600.7255197152398,5.823000000000000000e+03
600.8007166310834,5.818000000000000000e+03
600.875914322513,5.851000000000000000e+03
600.9511163944641,5.843000000000000000e+03
601.0262433719869,5.834000000000000000e+03
601.1014361076029,5.853000000000000000e+03
601.1766404316174,5.872000000000000000e+03
601.2518346554406,5.885000000000000000e+03
601.3269681412486,5.868000000000000000e+03
601.4021565754814,5.870000000000000000e+03
601.4773565793163,5.872000000000000000e+03
601.55249578129,5.868000000000000000e+03
601.6276863350764,5.880000000000000000e+03
601.7028775856559,5.889000000000000000e+03
601.7780115846128,5.895000000000000000e+03
601.8532078169892,5.902000000000000000e+03
601.9284011052009,5.889000000000000000e+03
602.0035370787526,5.923000000000000000e+03
602.0787353122603,5.904000000000000000e+03
602.1538653131911,5.898000000000000000e+03
602.2290648417321,5.888000000000000000e+03
602.3041960901958,5.921000000000000000e+03
602.3793896303448,5.904000000000000000e+03
602.4545329868457,5.914000000000000000e+03
602.52972050603,5.913000000000000000e+03
602.6048541681286,5.917000000000000000e+03
602.6800537894703,5.932000000000000000e+03
602.7551886194266,5.906000000000000000e+03
602.8303821600039,5.922000000000000000e+03
602.9055217646458,5.903000000000000000e+03
602.9807128258426,5.906000000000000000e+03
603.055846272166,5.944000000000000000e+03
603.1309766185691,5.905000000000000000e+03
603.2061729886882,5.932000000000000000e+03
603.281308042969,5.958000000000000000e+03
603.3564436151993,5.897000000000000000e+03
603.4316452421198,5.934000000000000000e+03
603.5067745623387,5.919000000000000000e+03
603.5819116632719,5.896000000000000000e+03
603.6571039159869,5.919000000000000000e+03
603.732238361985,5.937000000000000000e+03
603.8073696385936,5.927000000000000000e+03
603.8825123234259,5.929000000000000000e+03
603.9576992468579,5.915000000000000000e+03
604.0328355724649,5.882000000000000000e+03
604.1079723479853,5.900000000000000000e+03
604.1831095667776,5.886000000000000000e+03
604.2582983401253,5.876000000000000000e+03
604.3334364382367,5.891000000000000000e+03
604.4085676534826,5.907000000000000000e+03
604.4836992817685,5.859000000000000000e+03
604.5588422811774,5.844000000000000000e+03
604.6339747182885,5.875000000000000000e+03
604.7091075484526,5.919000000000000000e+03
604.7842444226404,5.864000000000000000e+03
604.859378019808,5.871000000000000000e+03
604.9345046710955,5.869000000000000000e+03
605.009704892442,5.894000000000000000e+03
605.0848359419433,5.873000000000000000e+03
605.1599746669862,5.877000000000000000e+03
605.23510275086,5.872000000000000000e+03
605.310245826721,5.883000000000000000e+03
605.3853159408447,5.864000000000000000e+03
605.4604486674336,5.907000000000000000e+03
605.535581711707,5.900000000000000000e+03
605.6107150669574,5.881000000000000000e+03
605.6858487264751,5.870000000000000000e+03
605.7609863530097,5.924000000000000000e+03
605.8361242722013,5.915000000000000000e+03
605.9112514634761,5.919000000000000000e+03
605.9863899450862,5.899000000000000000e+03
606.0615286991821,5.899000000000000000e+03
606.1365942387108,5.914000000000000000e+03
606.2117261495124,5.944000000000000000e+03
606.2868656606279,5.933000000000000000e+03
606.3619980637881,5.926000000000000000e+03
606.4370718595482,5.937000000000000000e+03
606.5122047116855,5.892000000000000000e+03
606.5873377854751,5.943000000000000000e+03
606.6624747545558,5.932000000000000000e+03
606.7375456701113,5.941000000000000000e+03
606.8126830359437,5.911000000000000000e+03
606.8878205982112,5.942000000000000000e+03
606.9628957214667,5.961000000000000000e+03
607.0380225859356,5.908000000000000000e+03
607.1131606786419,5.954000000000000000e+03
607.1882288919476,5.936000000000000000e+03
607.2633709869046,5.947000000000000000e+03
607.3385021736576,5.934000000000000000e+03
607.4135707840262,5.950000000000000000e+03
607.4887096199877,5.985000000000000000e+03
607.5637821472627,5.963000000000000000e+03
607.6389138462803,5.933000000000000000e+03
607.7139865728267,5.982000000000000000e+03
607.7891221807843,5.944000000000000000e+03
607.8641950802765,5.977000000000000000e+03
607.9393308785938,5.976000000000000000e+03
608.0144039237675,6.012000000000000000e+03
608.089539885174,5.936000000000000000e+03
608.1646130487377,5.972000000000000000e+03
608.2397417468239,5.967000000000000000e+03
608.3148187001017,5.980000000000000000e+03
608.3898956827247,5.982000000000000000e+03
608.4650245200035,5.971000000000000000e+03
608.5401015535813,5.974000000000000000e+03
608.6151785959717,6.001000000000000000e+03
608.6903112159022,6.019000000000000000e+03
608.7653771512115,5.959000000000000000e+03
608.8404578967535,5.975000000000000000e+03
608.9155905344547,5.973000000000000000e+03
608.990660126277,5.956000000000000000e+03
609.0657296820973,5.997000000000000000e+03
609.1408659845031,5.947000000000000000e+03
609.2159465984835,6.020000000000000000e+03
609.2910160242585,5.945000000000000000e+03
609.3660890997941,5.974000000000000000e+03
609.4411621067635,5.974000000000000000e+03
609.5162981949915,5.956000000000000000e+03
609.591371059717,5.960000000000000000e+03
609.6664438352011,5.981000000000000000e+03
609.7415165145444,5.974000000000000000e+03
609.8165928096073,5.970000000000000000e+03
609.8916652768738,5.975000000000000000e+03
609.9667339066874,5.992000000000000000e+03
610.041806132408,5.983000000000000000e+03
610.1168819498673,5.975000000000000000e+03
610.1919576315516,5.961000000000000000e+03
610.2670257220219,5.993000000000000000e+03
610.3421011095528,5.916000000000000000e+03
610.4171800666223,5.972000000000000000e+03
610.4922476810158,5.925000000000000000e+03
610.5673225771701,5.982000000000000000e+03
610.6423935671218,5.962000000000000000e+03
610.7174681006938,5.937000000000000000e+03
610.7925387123403,5.959000000000000000e+03
610.8676165871373,5.997000000000000000e+03
610.9426867935962,5.980000000000000000e+03
611.0177642529652,5.980000000000000000e+03
611.0928340264109,5.964000000000000000e+03
611.1679035719891,5.978000000000000000e+03
611.2429205762214,5.957000000000000000e+03
611.3179896323122,5.987000000000000000e+03
611.3930696536677,5.971000000000000000e+03
611.4681382079762,5.970000000000000000e+03
611.543210239399,5.988000000000000000e+03
611.6182258914046,5.976000000000000000e+03
611.6932973662973,5.962000000000000000e+03
611.7683685593274,5.961000000000000000e+03
611.8434394635015,5.973000000000000000e+03
611.91845764963,5.955000000000000000e+03
611.9935279422344,5.966000000000000000e+03
612.06860167126,6.013000000000000000e+03
612.1436188772811,5.989000000000000000e+03
612.2186919554537,5.946000000000000000e+03
612.2937609555369,6.004000000000000000e+03
612.368769618424,5.956000000000000000e+03
612.443841671833,5.982000000000000000e+03
612.518860850012,6.006000000000000000e+03
612.5939321832865,5.974000000000000000e+03
612.668943094263,6.004000000000000000e+03
612.7440136774355,5.975000000000000000e+03
612.8190876378331,5.966000000000000000e+03
612.8941048689004,5.989000000000000000e+03
612.9691780415548,5.993000000000000000e+03
613.0441869267229,5.985000000000000000e+03
613.1192028943198,5.979000000000000000e+03
613.1942785838127,5.979000000000000000e+03
613.2692861585759,6.004000000000000000e+03
613.3443572287938,5.995000000000000000e+03
613.4193751865103,5.989000000000000000e+03
613.4944491348593,6.034000000000000000e+03
613.5694586386024,6.023000000000000000e+03
613.644467658833,6.022000000000000000e+03
613.7195402192466,6.045000000000000000e+03
613.794555801729,6.026000000000000000e+03
613.8695671147681,5.977000000000000000e+03
613.9446382262654,6.018000000000000000e+03
614.0196560673113,6.009000000000000000e+03
614.0946658455853,6.001000000000000000e+03
614.1696826366328,6.038000000000000000e+03
614.2447554874341,6.022000000000000000e+03
614.3197636679537,6.038000000000000000e+03
614.3947788454523,6.005000000000000000e+03
614.4697859154201,6.051000000000000000e+03
614.5448037484722,6.034000000000000000e+03
614.619873899117,6.018000000000000000e+03
614.694883044028,6.030000000000000000e+03
614.769899161373,6.031000000000000000e+03
614.8449071281832,6.036000000000000000e+03
614.9199220568489,6.019000000000000000e+03
614.994936381391,6.011000000000000000e+03
615.0699463115571,6.049000000000000000e+03
615.1449594055,6.014000000000000000e+03
615.219968088927,6.005000000000000000e+03
615.2949799236752,6.059000000000000000e+03
615.3699949053583,6.020000000000000000e+03
615.4450130295872,6.024000000000000000e+03
615.5200153487256,6.022000000000000000e+03
615.5950321611059,6.018000000000000000e+03
615.6700445181616,6.033000000000000000e+03
615.7450599927896,6.045000000000000000e+03
615.8200634112113,6.057000000000000000e+03
615.8950775175382,5.996000000000000000e+03
615.9700909303292,5.991000000000000000e+03
616.045103642399,6.031000000000000000e+03
616.1200587059649,6.033000000000000000e+03
616.1950737781215,6.006000000000000000e+03
616.2700843319404,6.007000000000000000e+03
616.3450979550751,6.029000000000000000e+03
616.4201070436227,6.002000000000000000e+03
616.4950545776754,6.015000000000000000e+03
616.5700659579935,6.008000000000000000e+03
616.6450765818348,5.979000000000000000e+03
616.720097852294,5.996000000000000000e+03
616.7950422701603,6.018000000000000000e+03
616.8700581788843,5.977000000000000000e+03
616.9450694997388,6.010000000000000000e+03
617.0200229227949,6.015000000000000000e+03
617.0950326410584,6.004000000000000000e+03
617.1700377451283,6.001000000000000000e+03
617.2449925060192,5.983000000000000000e+03
617.3200073947381,5.999000000000000000e+03
617.395013836697,5.997000000000000000e+03
617.4699660667885,5.993000000000000000e+03
617.5449822610196,5.951000000000000000e+03
617.6199327648687,6.015000000000000000e+03
617.6949472498279,5.963000000000000000e+03
617.7698959983896,5.998000000000000000e+03
617.8449087450254,5.991000000000000000e+03
617.9198595274773,5.980000000000000000e+03
617.9948705076381,5.970000000000000000e+03
618.069827119618,5.982000000000000000e+03
618.144840127084,5.984000000000000000e+03
618.2197872618343,5.974000000000000000e+03
618.2947411041071,5.974000000000000000e+03
618.3697513617161,5.967000000000000000e+03
618.44469567746,5.983000000000000000e+03
618.5196505100681,5.984000000000000000e+03
618.5946694328892,5.968000000000000000e+03
618.6696146951708,6.020000000000000000e+03
618.7445666341545,5.991000000000000000e+03
618.8195826887393,6.019000000000000000e+03
618.8945326685835,6.015000000000000000e+03
618.9694854812299,5.956000000000000000e+03
619.0444334578197,5.975000000000000000e+03
619.1194494169247,6.023000000000000000e+03
619.1943992107521,6.004000000000000000e+03
619.2693479786984,6.008000000000000000e+03
619.3442957134283,6.009000000000000000e+03
619.4192500812071,5.998000000000000000e+03
619.4942648084996,5.983000000000000000e+03
619.5692094181061,5.972000000000000000e+03
619.6441644838893,6.013000000000000000e+03
619.7191184853039,6.016000000000000000e+03
619.7940637321011,6.021000000000000000e+03
619.8690155808523,5.986000000000000000e+03
619.9439663431604,5.992000000000000000e+03
620.0189198558951,6.003000000000000000e+03
620.0938722693128,6.023000000000000000e+03
620.1688197299484,6.006000000000000000e+03
620.2437699216852,5.984000000000000000e+03
620.3187305358406,5.992000000000000000e+03
620.393678480104,5.991000000000000000e+03
620.4686252881608,6.009000000000000000e+03
620.543582504853,5.988000000000000000e+03
620.61852702112,5.992000000000000000e+03
620.6934819368186,6.010000000000000000e+03
620.7684356923214,6.002000000000000000e+03
620.8433227543279,5.986000000000000000e+03
620.9182780068074,6.023000000000000000e+03
620.9932282224137,5.991000000000000000e+03
621.0681811054573,5.995000000000000000e+03
621.1431327931294,6.003000000000000000e+03
621.2180794188941,6.013000000000000000e+03
621.2929746519387,5.977000000000000000e+03
621.3679226950109,5.984000000000000000e+03
621.4428695130218,6.033000000000000000e+03
621.5177610187308,5.999000000000000000e+03
621.5927130788318,5.992000000000000000e+03
621.6676600305892,6.047000000000000000e+03
621.7426134606835,6.012000000000000000e+03
621.8174999024244,5.996000000000000000e+03
621.8924507959133,6.003000000000000000e+03
621.9673462597708,5.988000000000000000e+03
622.0422984590124,6.014000000000000000e+03
622.1172493736544,5.990000000000000000e+03
622.1921409277729,5.975000000000000000e+03
622.2670892368434,5.989000000000000000e+03
622.3419781424883,5.974000000000000000e+03
622.4169354382018,5.961000000000000000e+03
622.4918216682801,5.999000000000000000e+03
622.5667763070498,5.965000000000000000e+03
622.6416637084727,6.011000000000000000e+03
622.7166156613104,5.994000000000000000e+03
622.791500330108,5.960000000000000000e+03
622.8664495670652,5.971000000000000000e+03
622.9413431149467,5.987000000000000000e+03
623.0162352679529,5.965000000000000000e+03
623.0911842549693,5.995000000000000000e+03
623.1660736097131,5.963000000000000000e+03
623.2409693156505,5.975000000000000000e+03
623.3159141083677,5.967000000000000000e+03
623.3908108627464,5.954000000000000000e+03
623.4656984085988,5.963000000000000000e+03
623.54065060535,5.974000000000000000e+03
623.6155430462911,5.982000000000000000e+03
623.6904262505253,5.988000000000000000e+03
623.7653157682421,5.977000000000000000e+03
623.8402738657751,5.980000000000000000e+03
623.9151643415145,5.948000000000000000e+03
623.9900494384281,5.947000000000000000e+03
624.0649369353079,5.997000000000000000e+03
624.1398346184196,5.981000000000000000e+03
624.2147191099846,5.966000000000000000e+03
624.2896137782844,5.993000000000000000e+03
624.3645615055957,5.968000000000000000e+03
624.4394531447507,5.991000000000000000e+03
624.5143432514428,5.970000000000000000e+03
624.5892357192214,5.949000000000000000e+03
624.6641227392169,5.959000000000000000e+03
624.739008204036,5.989000000000000000e+03
624.8139077217978,5.967000000000000000e+03
624.8887900572714,5.931000000000000000e+03
624.9636825322137,5.978000000000000000e+03
625.0385773339976,5.938000000000000000e+03
625.1134666425047,5.961000000000000000e+03
625.1883582645422,5.964000000000000000e+03
625.263181823586,5.968000000000000000e+03
625.3380780414589,5.951000000000000000e+03
625.4129648242472,5.965000000000000000e+03
625.4878578081264,5.962000000000000000e+03
625.5627413379577,5.970000000000000000e+03
625.6376349716288,5.965000000000000000e+03
625.7124604067309,5.945000000000000000e+03
625.7873507351937,5.936000000000000000e+03
625.8622394075853,5.915000000000000000e+03
625.9371381701984,5.943000000000000000e+03
626.0119647267263,5.906000000000000000e+03
626.0868522937308,5.923000000000000000e+03
626.1617460175852,5.926000000000000000e+03
626.2366380528313,5.922000000000000000e+03
626.3114617065921,5.926000000000000000e+03
626.3863503257447,5.930000000000000000e+03
626.4611822898413,5.941000000000000000e+03
626.5360713905895,5.910000000000000000e+03
626.6109666191869,5.946000000000000000e+03
626.6857933539325,5.929000000000000000e+03
626.7606772445703,5.903000000000000000e+03
626.8355122365108,5.931000000000000000e+03
626.9104044027886,5.940000000000000000e+03
626.985224051504,5.949000000000000000e+03
627.0601205419518,5.946000000000000000e+03
627.1349523354077,5.900000000000000000e+03
627.2098373967692,5.952000000000000000e+03
627.2846616468294,5.899000000000000000e+03
627.3595549170336,5.931000000000000000e+03
627.4343873380152,5.926000000000000000e+03
627.5092769901677,5.868000000000000000e+03
627.5841096881397,5.910000000000000000e+03
627.6589365990222,5.911000000000000000e+03
627.7338247007415,5.894000000000000000e+03
627.8086518461457,5.896000000000000000e+03
627.8834850056414,5.872000000000000000e+03
627.9583754402697,5.928000000000000000e+03
628.0332088011603,5.928000000000000000e+03
628.1080284382782,5.933000000000000000e+03
628.182858012259,5.916000000000000000e+03
628.2577527829216,5.890000000000000000e+03
628.3325785578783,5.947000000000000000e+03
628.4074142606058,5.920000000000000000e+03
628.4822361924339,5.940000000000000000e+03
628.5570680421939,5.902000000000000000e+03
628.6318979552647,5.903000000000000000e+03
628.706785214725,5.904000000000000000e+03
628.7816191526078,5.881000000000000000e+03
628.8564471797065,5.904000000000000000e+03
628.9312811520758,5.938000000000000000e+03
629.0061012851678,5.886000000000000000e+03
629.0809313073146,5.905000000000000000e+03
629.155759344112,5.896000000000000000e+03
629.2305893470999,5.895000000000000000e+03
629.3054252715824,5.907000000000000000e+03
629.380247309458,5.897000000000000000e+03
629.4550831794276,5.906000000000000000e+03
629.5299011803792,5.918000000000000000e+03
629.6047330053896,5.882000000000000000e+03
629.6795707280481,5.869000000000000000e+03
629.7543389940075,5.882000000000000000e+03
629.8291607196976,5.854000000000000000e+03
629.9039962589939,5.855000000000000000e+03
629.9788178342736,5.847000000000000000e+03
630.0536452776254,5.871000000000000000e+03
630.1284746162776,5.872000000000000000e+03
630.2032423002603,5.884000000000000000e+03
630.2780753994684,5.897000000000000000e+03
630.3529103790165,5.873000000000000000e+03
630.4277313363475,5.859000000000000000e+03
630.5025024771371,5.881000000000000000e+03
630.5773311190919,5.887000000000000000e+03
630.6521576385172,5.903000000000000000e+03
630.7269342895984,5.882000000000000000e+03
630.8017565291294,5.869000000000000000e+03
630.8765845827202,5.882000000000000000e+03
630.9513587332427,5.864000000000000000e+03
631.0261864484233,5.856000000000000000e+03
631.1009522564115,5.876000000000000000e+03
631.175787573207,5.895000000000000000e+03
631.2506087617126,5.874000000000000000e+03
631.3253799341081,5.890000000000000000e+03
631.400208688403,5.868000000000000000e+03
631.4749754310345,5.891000000000000000e+03
631.5498037567131,5.905000000000000000e+03
631.6245780075234,5.882000000000000000e+03
631.6993420335924,5.897000000000000000e+03
631.7741716576955,5.880000000000000000e+03
631.8489391655564,5.878000000000000000e+03
631.923764305041,5.871000000000000000e+03
631.9985312783703,5.919000000000000000e+03
632.0733039606179,5.883000000000000000e+03
632.1481342990165,5.870000000000000000e+03
632.2228944223607,5.885000000000000000e+03
632.2976642345945,5.861000000000000000e+03
632.3724997216107,5.890000000000000000e+03
632.4472649272958,5.872000000000000000e+03
632.5220358114818,5.865000000000000000e+03
632.5968083701387,5.852000000000000000e+03
632.6716346337209,5.872000000000000000e+03
632.746402531009,5.857000000000000000e+03
632.8211640744752,5.860000000000000000e+03
632.895939281213,5.879000000000000000e+03
632.9707001090119,5.878000000000000000e+03
633.0454705862102,5.864000000000000000e+03
633.1202346797379,5.835000000000000000e+03
633.1950124256075,5.852000000000000000e+03
633.2698318993826,5.864000000000000000e+03
633.3446048767886,5.876000000000000000e+03
633.4193754528278,5.851000000000000000e+03
633.4941436195448,5.852000000000000000e+03
633.5689053548851,5.848000000000000000e+03
633.6436807232593,5.860000000000000000e+03
633.718441616138,5.839000000000000000e+03
633.7932121186539,5.850000000000000000e+03
633.8679199094199,5.835000000000000000e+03
633.9426855028164,5.869000000000000000e+03
634.0174606961399,5.871000000000000000e+03
634.0922213655654,5.815000000000000000e+03
634.1669876029633,5.831000000000000000e+03
634.2417553834099,5.828000000000000000e+03
634.3165327489089,5.837000000000000000e+03
634.3912351850232,5.825000000000000000e+03
634.4660075495017,5.843000000000000000e+03
634.5407774100094,5.822000000000000000e+03
634.6155447585436,5.854000000000000000e+03
634.6902491623354,5.820000000000000000e+03
634.7650114486645,5.831000000000000000e+03
634.8397832896367,5.804000000000000000e+03
634.9145525922855,5.786000000000000000e+03
634.9892588668829,5.832000000000000000e+03
635.0640230545828,5.798000000000000000e+03
635.1387362717429,5.830000000000000000e+03
635.2135074201229,5.840000000000000000e+03
635.2882719598388,5.819000000000000000e+03
635.362981437668,5.824000000000000000e+03
635.4377448294332,5.794000000000000000e+03
635.512457159198,5.780000000000000000e+03
635.5872153377827,5.789000000000000000e+03
635.6619224154749,5.792000000000000000e+03
635.7366995983534,5.797000000000000000e+03
635.8114013974615,5.803000000000000000e+03
635.8861733198535,5.810000000000000000e+03
635.960881941529,5.797000000000000000e+03
636.0356485740448,5.824000000000000000e+03
636.1103518611941,5.783000000000000000e+03
636.1850565091609,5.768000000000000000e+03
636.2598232366993,5.800000000000000000e+03
636.3345306048863,5.824000000000000000e+03
636.4092393182117,5.786000000000000000e+03
636.4840101382218,5.760000000000000000e+03
636.5587134362514,5.806000000000000000e+03
636.6334221129331,5.797000000000000000e+03
636.7081848135534,5.789000000000000000e+03
636.78290019687,5.783000000000000000e+03
636.857604726266,5.757000000000000000e+03
636.9323146152394,5.728000000000000000e+03
637.0070217458345,5.722000000000000000e+03
637.0817261099415,5.698000000000000000e+03
637.1564967140678,5.696000000000000000e+03
637.2311995976745,5.702000000000000000e+03
637.3059078155254,5.693000000000000000e+03
637.3806132401302,5.706000000000000000e+03
637.4553280538418,5.731000000000000000e+03
637.5300278704315,5.735000000000000000e+03
637.6047370655823,5.802000000000000000e+03
637.679443440681,5.840000000000000000e+03
637.7541469875897,5.802000000000000000e+03
637.8288599029363,5.824000000000000000e+03
637.9035659103154,5.789000000000000000e+03
637.978273139046,5.775000000000000000e+03
638.052977512721,5.766000000000000000e+03
638.1276830952562,5.791000000000000000e+03
638.2023898813551,5.803000000000000000e+03
638.2770978657181,5.767000000000000000e+03
638.3517418441655,5.808000000000000000e+03
638.4264562697699,5.799000000000000000e+03
638.5011555722814,5.783000000000000000e+03
638.5758642016897,5.771000000000000000e+03
638.6505699221697,5.792000000000000000e+03
638.7252237691496,5.788000000000000000e+03
638.7999236357822,5.789000000000000000e+03
638.874628732156,5.806000000000000000e+03
638.9493472209352,5.781000000000000000e+03
639.0239892680094,5.802000000000000000e+03
639.098689601196,5.770000000000000000e+03
639.173395144716,5.807000000000000000e+03
639.2480405140027,5.765000000000000000e+03
639.3227564554909,5.803000000000000000e+03
639.3973958340758,5.798000000000000000e+03
639.4721058028182,5.821000000000000000e+03
639.5468086912668,5.806000000000000000e+03
639.6214635767756,5.811000000000000000e+03
639.6961604460553,5.788000000000000000e+03
639.7708092749344,5.816000000000000000e+03
639.8455164682429,5.789000000000000000e+03
639.9201674013606,5.791000000000000000e+03
639.9948767149377,5.800000000000000000e+03
640.0695174401586,5.793000000000000000e+03
640.1441591862857,5.802000000000000000e+03
640.2188716275688,5.781000000000000000e+03
640.2935236151387,5.782000000000000000e+03
640.3681602084457,5.762000000000000000e+03
640.4428757290473,5.759000000000000000e+03
640.5175143262505,5.771000000000000000e+03
640.592166218985,5.778000000000000000e+03
640.6668724558668,5.787000000000000000e+03
640.7415181149009,5.801000000000000000e+03
640.8161565315354,5.786000000000000000e+03
640.8908041242695,5.768000000000000000e+03
640.9655143022176,5.761000000000000000e+03
641.0401638233027,5.793000000000000000e+03
641.1148060727106,5.797000000000000000e+03
641.1894533730033,5.769000000000000000e+03
641.2641016094406,5.777000000000000000e+03
641.3387425502967,5.754000000000000000e+03
641.4134543525283,5.807000000000000000e+03
641.488101262261,5.767000000000000000e+03
641.5627449685089,5.784000000000000000e+03
641.6373854629693,5.769000000000000000e+03
641.7120350911663,5.741000000000000000e+03
641.7866814967092,5.760000000000000000e+03
641.8613246712862,5.734000000000000000e+03
641.9359769690361,5.757000000000000000e+03
642.0106260249374,5.784000000000000000e+03
642.0852718306695,5.777000000000000000e+03
642.1598525225107,5.742000000000000000e+03
642.2344917885489,5.752000000000000000e+03
642.3091401562656,5.755000000000000000e+03
642.3837934993884,5.749000000000000000e+03
642.4584353052218,5.747000000000000000e+03
642.5330862021095,5.757000000000000000e+03
642.6077296725547,5.782000000000000000e+03
642.6823120100572,5.741000000000000000e+03
642.7569529755671,5.745000000000000000e+03
642.8315988836831,5.702000000000000000e+03
642.9062455985243,5.741000000000000000e+03
642.9808352351971,5.731000000000000000e+03
643.055475263203,5.728000000000000000e+03
643.1301243499755,5.729000000000000000e+03
643.2047163018128,5.708000000000000000e+03
643.279354524987,5.715000000000000000e+03
643.3539438476895,5.746000000000000000e+03
643.4285877299418,5.711000000000000000e+03
643.5032406530961,5.753000000000000000e+03
643.5778197789244,5.711000000000000000e+03
643.6524659081414,5.736000000000000000e+03
643.7270464782921,5.744000000000000000e+03
643.8016982163535,5.723000000000000000e+03
643.876284355504,5.689000000000000000e+03
643.9509292459394,5.705000000000000000e+03
644.0255084918365,5.671000000000000000e+03
644.1001589469886,5.726000000000000000e+03
644.1747437177227,5.713000000000000000e+03
644.2493250109602,5.740000000000000000e+03
644.3239775458864,5.753000000000000000e+03
644.3985601811679,5.734000000000000000e+03
644.4731434709971,5.743000000000000000e+03
644.5477855716856,5.716000000000000000e+03
644.6223743228242,5.745000000000000000e+03
644.6969595574612,5.731000000000000000e+03
644.7715495817692,5.781000000000000000e+03
644.8461901340061,5.757000000000000000e+03
644.9207731033271,5.747000000000000000e+03
644.9953650068094,5.710000000000000000e+03
645.0699450389038,5.751000000000000000e+03
645.1445298338459,5.739000000000000000e+03
645.219177672042,5.770000000000000000e+03
645.2937678340779,5.733000000000000000e+03
645.3683419239809,5.759000000000000000e+03
645.4429290863851,5.762000000000000000e+03
645.5175168235929,5.764000000000000000e+03
645.5921051300253,5.777000000000000000e+03
645.6666898312457,5.742000000000000000e+03
645.7412750885978,5.762000000000000000e+03
645.8158525549321,5.765000000000000000e+03
645.8904389058563,5.784000000000000000e+03
645.9650299688499,5.772000000000000000e+03
646.0396090465212,5.784000000000000000e+03
646.1141969977764,5.769000000000000000e+03
646.1887812959989,5.774000000000000000e+03
646.2633076373747,5.760000000000000000e+03
646.3378845915109,5.776000000000000000e+03
646.4124787595719,5.827000000000000000e+03
646.4870608913304,5.797000000000000000e+03
646.5616476941717,5.821000000000000000e+03
646.6361722632304,5.824000000000000000e+03
646.7107558375826,5.778000000000000000e+03
646.7853440690486,5.811000000000000000e+03
646.859928586342,5.802000000000000000e+03
646.9344466023072,5.814000000000000000e+03
647.0090362098298,5.802000000000000000e+03
647.083622083392,5.839000000000000000e+03
647.1581413924066,5.837000000000000000e+03
647.2327239470708,5.816000000000000000e+03
647.307306934167,5.842000000000000000e+03
647.3818400556567,5.822000000000000000e+03
647.456419687093,5.838000000000000000e+03
647.5309452235595,5.855000000000000000e+03
647.6055298578293,5.797000000000000000e+03
647.6800561677495,5.804000000000000000e+03
647.7546415911931,5.827000000000000000e+03
647.829164455096,5.824000000000000000e+03
647.9037464463057,5.835000000000000000e+03
647.9782700344881,5.836000000000000000e+03
648.0527939695423,5.886000000000000000e+03
648.1273854568424,5.878000000000000000e+03
648.2019100840658,5.843000000000000000e+03
648.2764938778582,5.889000000000000000e+03
648.3510107654179,5.854000000000000000e+03
648.425536376692,5.895000000000000000e+03
648.5000623007427,5.883000000000000000e+03
648.5746432162518,5.845000000000000000e+03
648.6491655538866,5.888000000000000000e+03
648.7236881852804,5.886000000000000000e+03
648.7982195235151,5.876000000000000000e+03
648.8728058826379,5.890000000000000000e+03
648.9473293775359,5.917000000000000000e+03
649.0218489310823,5.867000000000000000e+03
649.0963729611857,5.878000000000000000e+03
649.1708972508054,5.887000000000000000e+03
649.2454260094211,5.876000000000000000e+03
649.3199508018886,5.897000000000000000e+03
649.3944716195824,5.919000000000000000e+03
649.4689926719741,5.909000000000000000e+03
649.5435181724034,5.935000000000000000e+03
649.6180396779724,5.910000000000000000e+03
649.6925698430567,5.927000000000000000e+03
649.7670917798398,5.922000000000000000e+03
649.8416139226556,5.944000000000000000e+03
649.9161320418531,5.931000000000000000e+03
649.9906588034178,5.919000000000000000e+03
650.0651815298742,5.942000000000000000e+03
650.1397086661992,5.946000000000000000e+03
650.2142317539774,5.960000000000000000e+03
650.2887550133019,5.967000000000000000e+03
650.3632192222857,5.931000000000000000e+03
650.4377470245496,5.927000000000000000e+03
650.5122665196939,5.951000000000000000e+03
650.5867946266628,5.957000000000000000e+03
650.6612551406859,5.951000000000000000e+03
650.7357750465694,5.969000000000000000e+03
650.8103035527816,5.976000000000000000e+03
650.8847644021826,5.964000000000000000e+03
650.9592931417967,5.980000000000000000e+03
651.0338092818513,5.981000000000000000e+03
651.1082704136296,6.000000000000000000e+03
651.182799464824,5.974000000000000000e+03
651.2572649940395,6.030000000000000000e+03
651.3317857370804,6.031000000000000000e+03
651.4062556434649,6.027000000000000000e+03
651.4807807792504,6.035000000000000000e+03
651.5552380644563,6.024000000000000000e+03
651.6297548330812,6.030000000000000000e+03
651.7042206933047,6.033000000000000000e+03
651.7787503045504,6.043000000000000000e+03
651.8532162309156,6.067000000000000000e+03
651.9277374256133,6.083000000000000000e+03
652.0021948907765,6.057000000000000000e+03
652.0766608615594,6.079000000000000000e+03
652.1511863740992,6.058000000000000000e+03
652.2256523518495,6.077000000000000000e+03
652.3001055526772,6.083000000000000000e+03
652.3745757534864,6.101000000000000000e+03
652.4490927583861,6.096000000000000000e+03
652.523554404734,6.118000000000000000e+03
652.5980245314129,6.126000000000000000e+03
652.6724818393412,6.172000000000000000e+03
652.7469518786384,6.143000000000000000e+03
652.8214730080308,6.154000000000000000e+03
652.8959386884019,6.206000000000000000e+03
652.9703957767102,6.163000000000000000e+03
653.0448655846427,6.210000000000000000e+03
653.1193267868492,6.222000000000000000e+03
653.1937879048733,6.202000000000000000e+03
653.268253200443,6.241000000000000000e+03
653.3427141334746,6.222000000000000000e+03
653.417174964718,6.235000000000000000e+03
653.4916399588126,6.228000000000000000e+03
653.5661005698283,6.232000000000000000e+03
653.640569606346,6.223000000000000000e+03
653.7150299745911,6.249000000000000000e+03
653.7894902116518,6.250000000000000000e+03
653.8638947316973,6.283000000000000000e+03
653.938354676066,6.292000000000000000e+03
653.9927330350457,6.302393391346057797e+03
654.0128144715792,6.294000000000000000e+03
654.0673848929049,6.312687538109155867e+03
654.0872783906434,6.335000000000000000e+03
654.1419639360352,6.355447840048179387e+03
654.1617421510075,6.328000000000000000e+03
654.2166156285444,6.306352678562634537e+03
654.2361458232748,6.321000000000000000e+03
654.2911987423258,6.349112980501657148e+03
654.3658416830104,6.372868703801114862e+03
654.4404288467964,6.319814255098993272e+03
654.5150758549863,6.360990842151386460e+03
654.5897184695584,6.360990842151386460e+03
654.664305251433,6.338818833738559078e+03
654.7389476142009,6.369701274027854197e+03
654.8135383948625,6.362574557038016792e+03
654.888184771955,6.382370993120897765e+03
654.9627666643294,6.411669718523561642e+03
655.0373526739268,6.414837148296823216e+03
655.1119985900768,6.444135873699487092e+03
655.1865885451579,6.429090582276497116e+03
655.2612255432555,6.443344016256171926e+03
655.3358194230502,6.429090582276497116e+03
655.4104603574718,6.469475311885575138e+03
655.4850452543039,6.501941467061500589e+03
655.5596986994234,6.472642741658835803e+03
655.634274582699,6.495606607514978350e+03
655.7088674352764,6.500357752174870257e+03
655.7835073665872,6.528864620134218967e+03
655.8580911670134,6.498774037288239015e+03
655.9327392618014,6.552620343433675771e+03
656.0073268888157,6.545493626443839275e+03
656.0819099586474,6.522529760587696728e+03
656.1565530436084,6.554204058320307013e+03
656.2311355998527,6.561330775310143508e+03
656.3057308056235,6.581919068836340557e+03
656.3803688222278,6.600131790032591198e+03
656.454954867795,6.608050364465743769e+03
656.5295449351327,6.618344511228841839e+03
656.6041821341065,6.643683949414929884e+03
656.6787759333997,6.660312955724550193e+03
656.7533564903902,6.634181660095146981e+03
656.8279410471957,6.644475806858245051e+03
656.9025856984958,6.671398959930963429e+03
656.9771696261503,6.692779110900474734e+03
657.0517532233856,6.680901249250746332e+03
657.1264055746188,6.702281400220257638e+03
657.2009928278474,6.733955697952867922e+03
657.2755710944062,6.729996410736292091e+03
657.3501576467798,6.756127706365695303e+03
657.4247438407015,6.741082414942705327e+03
657.4993858698668,6.746625417045911490e+03
657.573971341612,6.763254423355531799e+03
657.6485607618943,6.780675287108467273e+03
657.7231498016442,6.798096150861402748e+03
657.7977341278665,6.835313450697220105e+03
657.87237432304,6.820268159274230129e+03
657.9469621958759,6.872530750533036553e+03
658.0215410042488,6.875698180306297218e+03
658.0961280598617,6.865404033543199148e+03
658.1707146988002,6.865404033543199148e+03
658.2453009150308,6.910539907812168167e+03
658.3198867025178,6.915291052472060073e+03
658.3945327428875,6.921625912018581403e+03
658.4691220043352,6.941422348101463285e+03
658.5437021472852,6.966761786287550422e+03
658.6182818353581,6.947757207647984615e+03
658.69286974003,7.000811656350106205e+03
658.767461521399,6.988141937257062636e+03
658.8420354727173,7.007146515896628443e+03
658.9166306515345,7.040404528515869060e+03
658.9912079822875,7.079997400681631007e+03
659.0657935091809,7.082372973011577415e+03
659.140382887388,7.081581115568261339e+03
659.2149717681472,7.094250834661305817e+03
659.289551452134,7.074454398578424843e+03
659.3641306225966,7.119590272847393862e+03
659.438717970647,7.113255413300871624e+03
659.5133047969533,7.167893576889623546e+03
659.5878910954348,7.178979581096037691e+03
659.6624768600082,7.195608587405657090e+03
659.7370620845874,7.227282885138267375e+03
659.8116467630838,7.210653878828647066e+03
659.8862265349078,7.263708327530768656e+03
659.9608101019778,7.262124612644138324e+03
660.0354018176174,7.300925627366585104e+03
660.1099798943757,7.316762776232890246e+03
660.1845748263452,7.328640637882619558e+03
660.259151743867,7.372192797264957335e+03
660.333684466581,7.384070658914686646e+03
660.4082645480388,7.375360227038218909e+03
660.4828527532469,7.395156663121099882e+03
660.5574316285567,7.422871673637133426e+03
660.6320229836718,7.438708822503438569e+03
660.7066049946801,7.468007547906102445e+03
660.7811820158635,7.487012126545668252e+03
660.8557147324121,7.525813141268115942e+03
660.9302992109782,7.533731715701268513e+03
661.0048830496228,7.547193292237627247e+03
661.0794662422122,7.551152579454203988e+03
661.1540575251042,7.623211606795891385e+03
661.2285781978873,7.624003464239206551e+03
661.3031681500861,7.639048755662196527e+03
661.3777399387936,7.688143917147741377e+03
661.452332922751,7.695270634137578782e+03
661.5269208535378,7.723777502096927492e+03
661.6014380645663,7.722193787210297160e+03
661.6760289813253,7.713483355333829422e+03
661.7506148234904,7.757827372159483275e+03
661.8251298800592,7.796628386881930965e+03
661.8997142930884,7.848890978140737388e+03
661.9743067544003,7.850474693027367721e+03
662.0488853483158,7.865519984450356787e+03
662.1234149871826,7.884524563089923504e+03
662.198000873726,7.891651280079759999e+03
662.2725860216412,7.920950005482424785e+03
662.347104619191,7.954208018101664493e+03
662.4216882564932,7.955791732988295735e+03
662.4962184684717,8.018348471010200228e+03
662.570804963388,7.963710307421448306e+03
662.6453862997457,8.027850760329983132e+03
662.7199097646629,8.048439053856179271e+03
662.7944939234665,8.039728621979711534e+03
662.869086084027,8.111787649321398931e+03
662.9436071371093,8.108620219548138266e+03
663.0181889069928,8.156923523590367950e+03
663.0927083152421,8.167217670353466929e+03
663.1673016492832,8.181471104333140829e+03
663.2418237897235,8.170385100126727593e+03
663.3164110793576,8.204434970189282467e+03
663.3909359310869,8.228982550932056256e+03
663.4655171474956,8.290747431510644674e+03
663.5400358838839,8.325589159016515623e+03
663.6146198039338,8.310543867593525647e+03
663.6891500154543,8.346177452542711762e+03
663.763736622158,8.392105184254996857e+03
663.8382518588492,8.382602894935214863e+03
663.9128411292601,8.407942333121301999e+03
663.9873589874919,8.457037494606847758e+03
664.0619509026042,8.460204924380108423e+03
664.136471363353,8.476833930689728732e+03
664.211061492379,8.525929092175274491e+03
664.285584535613,8.528304664505219989e+03
664.3601640270679,8.530680236835165488e+03
664.4346852160202,8.591653259970438739e+03
664.5092142934612,8.609074123723374214e+03
664.5838042596656,8.597988119516961888e+03
664.6583226187805,8.652626283105713810e+03
664.7328488535421,8.688259868054899925e+03
664.8074315802052,8.717558593457564712e+03
664.881960314152,8.724685310447401207e+03
664.9565455552175,8.776947901706207631e+03
665.031072346548,8.771404899603001468e+03
665.1055937270582,8.829210492965014055e+03
665.1801096874939,8.863260363027569838e+03
665.2546998800744,8.847423214161264696e+03
665.3292271235769,8.861676648140939506e+03
665.4037489291384,8.900477662863386286e+03
665.4783361453115,8.929776388266051072e+03
665.5528603518749,8.902061377750016618e+03
665.6273790986409,8.988373839071378825e+03
665.7019056711048,8.993916841174584988e+03
665.7764932599148,9.026382996350510439e+03
665.8510088931856,9.073102585506110699e+03
665.9255412083346,9.094482736475622005e+03
666.0000591620371,9.107944313011981649e+03
666.0746470335703,9.138826753301274948e+03
666.1491717378727,9.180003340353669046e+03
666.2236953664843,9.194256774333343856e+03
666.2982179130853,9.188713772230135874e+03
666.3727393713534,9.234641503942420968e+03
666.4472686180028,9.244935650705518128e+03
666.5218500778012,9.324913252480359006e+03
666.5963682490049,9.306700531284108365e+03
666.670894195563,9.393012992605470572e+03
666.7454190261132,9.358963122542914789e+03
666.8199427343175,9.433397722214547684e+03
666.8944653138359,9.390637420275525074e+03
666.9689912068017,9.450818585967483159e+03
667.043515960381,9.446859298750907328e+03
667.1180440186909,9.531588045185639203e+03
667.1925664754452,9.579099491784552811e+03
667.2671501081187,9.560094913144987004e+03
667.3416747090137,9.598104070424118618e+03
667.4162025951904,9.588601781104336624e+03
667.4907159415177,9.652742234012872359e+03
667.5652459277131,9.674122384982383664e+03
667.6397747296355,9.698669965725155635e+03
667.7142934240692,9.701045538055101133e+03
667.7888198363478,9.779439424943311678e+03
667.8633405848258,9.767561563293582367e+03
667.9378645829604,9.817448582222443292e+03
668.0123873649534,9.828534586428857438e+03
668.0868509002132,9.836453160862009099e+03
668.1613801466233,9.914055190306902659e+03
668.235899230937,9.944145773152882612e+03
668.3104215399541,9.970277068782286733e+03
668.3849470702704,9.980571215545383893e+03
668.4594713500996,1.002966637703092965e+04
668.533998842422,1.001382922816462451e+04
668.6085250734534,1.001541294305125484e+04
668.683041094052,1.003996052379402863e+04
668.7575647813001,1.005738138754696411e+04
668.8320290343215,1.012231369789881319e+04
668.9065546155499,1.017140885938435895e+04
668.9810833808008,1.020545872944691473e+04
669.0555974212344,1.016507399983783762e+04
669.130128062917,1.022129587831321987e+04
669.2046529196529,1.024109231439610085e+04
669.2791182298785,1.027514218445865663e+04
669.3536314765041,1.033453149270729955e+04
669.4281657979723,1.034640935435702886e+04
669.5026898264498,1.034878492668697436e+04
669.57714526615,1.038600222652279081e+04
669.65167108008,1.040025566050246562e+04
669.7261910590614,1.040421494771904145e+04
669.8007186526492,1.050478084302007846e+04
669.8751865504684,1.049290298137034915e+04
669.949711403622,1.051824241955643811e+04
670.0242348833766,1.052457727910295944e+04
670.0987480026345,1.057367244058850520e+04
670.1732193096983,1.058871773201149517e+04
670.2477431098745,1.055387600450562422e+04
670.3222655128286,1.059426073411470134e+04
670.396728085964,1.062514317440399645e+04
670.471252157415,1.067344647844622705e+04
670.5457118658269,1.068136505287937871e+04
670.6202330875843,1.068690805498258487e+04
670.6947618784129,1.073758693135476096e+04
670.7692307481261,1.071383120805530416e+04
670.8437476587868,1.075579965255101160e+04
670.918213608017,1.076451008442748025e+04
670.9927321095302,1.077005308653068641e+04
671.0672536563986,1.078351466306704606e+04
671.1417196890736,1.080727038636650286e+04
671.216251808498,1.085398997552210312e+04
671.290714863808,1.082865053733601417e+04
671.3652395155675,1.082944239477932933e+04
671.4396995665256,1.085319811807878796e+04
671.5142212289395,1.090387699445096405e+04
671.5886872701645,1.090704442422422471e+04
671.6632104305353,1.090150142212101673e+04
671.7376734223737,1.101315332162846789e+04
671.812193546355,1.096168258781297664e+04
671.8866579770747,1.099494060043221725e+04
671.9611795549314,1.100206731742205375e+04
672.0356408881489,1.097197673457607380e+04
672.1101096909673,1.102819861305145787e+04
672.1846266277597,1.102028003861830439e+04
672.2590968192625,1.104957876402096917e+04
672.3336151557181,1.105353805123754501e+04
672.4080821944679,1.111371921692950309e+04
672.482543119204,1.109946578294983010e+04
672.5570657703272,1.110342507016640593e+04
672.63152802642,1.111847036158939591e+04
672.705997721871,1.113430751045570105e+04
672.7805155931686,1.112005407647602624e+04
672.854982065397,1.114143422744553754e+04
672.9294423823377,1.112559707857923240e+04
673.0039644745739,1.117152481029151750e+04
673.0784260583234,1.114856094443537404e+04
673.152895058153,1.116756552307494167e+04
673.2274213293804,1.119290496126102880e+04
673.3018779706365,1.120240725058081262e+04
673.3763374799411,1.120240725058081262e+04
673.4508043890924,1.121982811433374627e+04
673.5252650884476,1.124516755251983523e+04
673.5997967036512,1.120715839524070361e+04
673.6742585868221,1.123566526320005141e+04
673.748714237457,1.121824439944711594e+04
673.823186347847,1.123883269297331390e+04
673.8976385924067,1.126575584604603137e+04
673.9721663425748,1.123883269297331390e+04
674.0466287979216,1.123249783342679075e+04
674.1210895311846,1.124754312484978072e+04
674.1955530811653,1.129822200122195682e+04
674.2700239906791,1.126100470138614037e+04
674.3444795221271,1.127367442047918485e+04
674.4189469503236,1.128871971190217300e+04
674.49346722243,1.127525813536581518e+04
674.567935708377,1.129822200122195682e+04
674.6424024340591,1.126892327581929203e+04
674.7168582880072,1.126654770348934653e+04
674.7913214713103,1.124833498229309589e+04
674.8657783200656,1.131564286497489229e+04
674.940251601854,1.129030342678880334e+04
675.0147094269751,1.123328969087010591e+04
675.0891700095718,1.124991869717972622e+04
675.1636379044918,1.123724897808668175e+04
675.2380994327431,1.125704541416956454e+04
675.312554584676,1.122299554410700875e+04
675.3870261580195,1.121507696967385527e+04
675.4614822208301,1.125783727161287970e+04
675.5359547018315,1.128317670979896684e+04
675.610407090499,1.125466984183961722e+04
675.6848804576179,1.124358383763320489e+04
675.7593337130725,1.122695483132358459e+04
675.8338033782419,1.120874211012733394e+04
675.9082026566803,1.122378740155032392e+04
675.9826594431638,1.118340267194124499e+04
676.0571234944312,1.118419452938456016e+04
676.1315948098625,1.118102709961129949e+04
676.2060550986515,1.115964694864178819e+04
676.2805134951972,1.115568766142521235e+04
676.3549745673919,1.113193193812575555e+04
676.4293879803434,1.110817621482629693e+04
676.5038498052293,1.107887748942363396e+04
676.5783051376296,1.110025764039314527e+04
676.6527677036122,1.105749733845412084e+04
676.7272329229447,1.107887748942363396e+04
676.8016366634976,1.102265561094824989e+04
676.8761025828228,1.103611718748460953e+04
676.9505619772531,1.100206731742205375e+04
677.0250240043307,1.098464645366911827e+04
677.0994290601088,1.099494060043221725e+04
677.1738917427178,1.096564187502955247e+04
677.2483524582894,1.097593602179265145e+04
677.3227561481843,1.090546070933759438e+04
677.3972128974716,1.087378641160498410e+04
677.4716768389669,1.084448768620231931e+04
677.5461433813275,1.084686325853226481e+04
677.6205482371186,1.082548310756275350e+04
677.6950015852051,1.079935181193335120e+04
677.7694069841688,1.078747395028362189e+04
677.8438746703705,1.077955537585047023e+04
677.9183311477581,1.073758693135476096e+04
677.9927396296163,1.069245105708579285e+04
678.0672012294622,1.066790347634301907e+04
678.1416056066512,1.066473604656975840e+04
678.2160631125909,1.063385360628046328e+04
678.2905277690969,1.059901187877459233e+04
678.3649259468506,1.054516557262915558e+04
678.4393864750938,1.056733758104198205e+04
678.513798898065,1.048577626438051266e+04
678.5882598799376,1.048498440693719749e+04
678.6626543015428,1.047389840273078335e+04
678.7371249257566,1.046202054108105585e+04
678.8115243461227,1.043034624334844557e+04
678.8859815585386,1.036303836066664917e+04
678.9603905685974,1.036858136276985533e+04
679.0348481677615,1.031711062895436407e+04
679.1092529209583,1.030523276730463658e+04
679.1836509171139,1.027039103979876563e+04
679.2581113551571,1.024346788672604634e+04
679.3325235125415,1.016824142961109828e+04
679.4069842868593,1.013894270420843350e+04
679.481378280968,1.012706484255870600e+04
679.5557839509504,1.008113711084642091e+04
679.6302474888498,1.005421395777370162e+04
679.704648807749,1.002570708981435382e+04
679.7790525553501,1.001541294305125484e+04
679.8535234360058,9.991657219751798038e+03
679.9279135518302,9.932267911503153300e+03
680.0023245731195,9.906136615873750998e+03
680.076784258521,9.914847047750217826e+03
680.1511816092886,9.836453160862009099e+03
680.2255859851732,9.790525429149724005e+03
680.3000482943368,9.781023139829942011e+03
680.374448213023,9.734303550674341750e+03
680.4488412562114,9.699461823168470801e+03
680.5232552007656,9.670163097765807834e+03
680.5976576301395,9.659868951002708855e+03
680.6721226617578,9.611565646960478261e+03
680.7465159407645,9.580683206671184962e+03
680.8209254830051,9.560886770588302170e+03
680.8953281128896,9.526045043082431221e+03
680.969723820552,9.533171760072269535e+03
681.0441775310805,9.462696447617212471e+03
681.118582574998,9.427854720111341521e+03
681.1929806772104,9.441316296647701165e+03
681.2673996753556,9.353420120439708626e+03
681.3418070819359,9.341542258789979314e+03
681.4162075273074,9.294030812191063887e+03
681.4906056458781,9.260772799571823271e+03
681.5649921401839,9.206926493426386514e+03
681.6393995215485,9.199799776436550019e+03
681.7137999143118,9.165749906373994236e+03
681.7882165503345,9.147537185177743595e+03
681.8626680324036,9.160206904270788073e+03
681.9370706711479,9.043012002660130747e+03
682.0114662918298,9.057265436639805557e+03
682.0858781465969,9.024799281463880106e+03
682.1602876270566,8.993124983731269822e+03
682.234615600839,8.960658828555344371e+03
682.3090342611832,8.919482241502952093e+03
682.3834179373963,8.911563667069800431e+03
682.4578224911205,8.861676648140939506e+03
682.5322153211919,8.862468505584254672e+03
682.6066290312607,8.844255784388004031e+03
682.6810356664762,8.780115331479468296e+03
682.7554352169042,8.800703625005664435e+03
682.8298276726078,8.709640019024411231e+03
682.9042363415565,8.694594727601421255e+03
682.9786379060591,8.640748421455984499e+03
683.052985700029,8.618576413043158027e+03
683.1273776822683,8.631246132136202505e+03
683.2017812028357,8.585318400423917410e+03
683.2761822579863,8.547309243144785796e+03
683.3505948498541,8.500589653989185535e+03
683.4249816151049,8.515634945412175512e+03
683.4993378598623,8.480793217906304562e+03
683.5737336498651,8.425363196874237474e+03
683.6481222681783,8.387354039595105860e+03
683.7225270786547,8.381811037491897878e+03
683.7968779498492,8.315295012253418463e+03
683.8712683772519,8.311335725036842632e+03
683.9456749923205,8.305000865490319484e+03
684.0200089024875,8.266199850767872704e+03
684.0944244901342,8.235317410478577585e+03
684.1688141432852,8.230566265818686588e+03
684.2431731578488,8.190973393652923733e+03
684.3175670692367,8.164842098023520521e+03
684.3919584235521,8.141878232167378883e+03
684.4662956794946,8.090407498351887625e+03
684.5407193753053,8.057941343175962174e+03
684.6151123876289,7.982714886061014113e+03
684.689455939193,7.924909292699000616e+03
684.7638578398391,7.906696571502749975e+03
684.8382055615216,7.854433980243943552e+03
684.9125975757681,7.829094542057855506e+03
684.9870010616816,7.799003959211876463e+03
685.0613315458365,7.776831950799049082e+03
685.1357438810281,7.746741367953070039e+03
685.2100831760683,7.692895061807633283e+03
685.2844855664139,7.667555623621545237e+03
685.3588336587155,7.632713896115674288e+03
685.4332213760933,7.650926617311924929e+03
685.5075782509971,7.602623313269695245e+03
685.5819089583205,7.589161736733335601e+03
685.6563216044284,7.595496596279857840e+03
685.7306563603778,7.588369879290020435e+03
685.8050589720733,7.583618734630128529e+03
685.8794024621719,7.577283875083607199e+03
685.9537903041233,7.523437568938170443e+03
686.0281472199982,7.468799405349417611e+03
686.1024731844336,7.460880830916265950e+03
686.1768811733403,7.441876252276699233e+03
686.2512158243778,7.407034524770828284e+03
686.3255665827462,7.354771933512021860e+03
686.3999617223745,7.345269644192238957e+03
686.4742975925424,7.281921048727019297e+03
686.5486495653337,7.287464050830226370e+03
686.6230412185406,7.234409602128104780e+03
686.6973829775881,7.213029451158592565e+03
686.7717408365776,7.197984159735603498e+03
686.8460676249846,7.148097140806742573e+03
686.920476563722,7.127508847280546433e+03
686.9948119535088,7.106920553754349385e+03
687.0691634335083,7.099001979321196814e+03
687.1434837923248,7.051490532722282296e+03
687.2178910716232,6.990517509587008135e+03
687.2922436114384,7.010313945669889108e+03
687.3665697193694,6.943006062988093618e+03
687.4409071790424,6.913707337585428832e+03
687.5152607193801,6.901037618492385263e+03
687.5896114344212,6.878865610079557882e+03
687.6639309442114,6.871738893089721387e+03
687.7383327394424,6.822643731604175628e+03
687.8126844041321,6.787010146654989512e+03
687.8870284875072,6.798888008304717914e+03
687.9613649794371,6.763254423355531799e+03
688.0357175394452,6.694362825787105976e+03
688.1100388231959,6.676941962034170501e+03
688.1843761649789,6.672190817374278595e+03
688.2587343070002,6.657145525951288619e+03
688.3330800913666,6.618344511228841839e+03
688.4074182439083,6.617552653785526672e+03
688.4817534945465,6.572416779516557654e+03
688.556104800579,6.565290062526720249e+03
688.6304200038998,6.547869198773784774e+03
688.7047797093452,6.491647320298402519e+03
688.7791080338786,6.459181165122477069e+03
688.8534524038824,6.456013735349215494e+03
688.9277890934775,6.433049869493073857e+03
689.0021418286908,6.422755722729975787e+03
689.0764868733971,6.401375571760463572e+03
689.1507577273879,6.384746565450843264e+03
689.2250873462091,6.344361835841766151e+03
689.2994377520117,6.362574557038016792e+03
689.3737756865256,6.315063110439102275e+03
689.4481106432635,6.282596955263176824e+03
689.5224616327603,6.272302808500078754e+03
689.5968001275772,6.235085508664261397e+03
689.6710880627454,6.246963370313990708e+03
689.745415792651,6.220040217241272330e+03
689.8197595452868,6.201827496045021689e+03
689.8941002876792,6.161442766435943668e+03
689.968380885931,6.112347604950398818e+03
690.0427250973174,6.142438187796377861e+03
690.1170662811704,6.099677885857354340e+03
690.1913949030705,6.085424451877679530e+03
690.2656966557213,6.068795445568060131e+03
690.3400334706062,6.071962875341320796e+03
690.4143672314507,6.032370003175557940e+03
690.4886454859029,6.029202573402297276e+03
690.5629874122526,6.014949139422622466e+03
690.6373214994773,6.014157281979307299e+03
690.7116000290887,5.986442271463273755e+03
690.7859422563533,5.972188837483599855e+03
690.8602336681432,5.959519118390555377e+03
690.9345601567937,5.927052963214629926e+03
691.0089026400582,5.891419378265443811e+03
691.0831942596561,5.894586808038705385e+03
691.157520963373,5.893003093152075053e+03
691.2318206545044,5.859745080532834436e+03
691.3061602170517,5.832030070016800892e+03
691.380444070193,5.820944065810386746e+03
691.45476779478,5.807482489274028012e+03
691.5290596795087,5.792437197851038036e+03
691.6033914459812,5.793229055294353202e+03
691.6776674311591,5.782934908531255132e+03
691.7520072241363,5.733047889602394207e+03
691.8262959912287,5.752844325685276090e+03
691.900643801485,5.728296744942503210e+03
691.9749166156074,5.711667738632882902e+03
692.0492005879099,5.717210740736089974e+03
692.123529252891,5.712459596076198068e+03
692.1978259721524,5.675242296240381620e+03
692.2721578136724,5.669699294137174547e+03
692.3464385130854,5.648319143167663242e+03
692.4207159769667,5.634857566631303598e+03
692.4950525395182,5.634857566631303598e+03
692.56933311711,5.603975126342009389e+03
692.6436056440851,5.600015839125432649e+03
692.7179660817585,5.586554262589073915e+03
692.7922272967613,5.569133398836138440e+03
692.8665236380322,5.557255537186410038e+03
692.9407927013435,5.545377675536680727e+03
693.0151497288059,5.527164954340430086e+03
693.089421837627,5.501033658711026874e+03
693.1636906489606,5.511327805474124943e+03
693.2379753787236,5.488363939617983306e+03
693.3122568047582,5.489947654504613638e+03
693.3865926140129,5.470151218421732665e+03
693.4608818498604,5.467775646091786257e+03
693.5351581466051,5.456689641885373021e+03
693.6094263017561,5.452730354668797190e+03
693.6837151767944,5.408386337843143338e+03
693.7579910889119,5.431350203699284975e+03
693.8322636527323,5.414721197389664667e+03
693.906552121247,5.441644350462383045e+03
693.9808998444166,5.398092191080044358e+03
694.0551719756728,5.348997029594499509e+03
694.1294600063287,5.364834178460804651e+03
694.2037398455482,5.349788887037814675e+03
694.2780114829652,5.352956316811075340e+03
694.3522990144666,5.318906446748519556e+03
694.426583156023,5.335535453058139865e+03
694.5008542537265,5.287232149015910181e+03
694.5751412401826,5.287232149015910181e+03
694.6494248189764,5.284856576685964683e+03
694.723700156412,5.272978715036235371e+03
694.7979624146619,5.262684568273137302e+03
694.8721970948218,5.268227570376344374e+03
694.9464717871994,5.231010270540527927e+03
695.0207623596758,5.219924266334113781e+03
695.0950205016327,5.196960400477972144e+03
695.1693186762369,5.181915109054982167e+03
695.2435843995215,5.163702387858731527e+03
695.3178708269531,5.162118672972101194e+03
695.3921441168008,5.132819947569436408e+03
695.4663655616765,5.147865238992426384e+03
695.5406463919401,5.173204677178514430e+03
695.6149237361514,5.114607226373185767e+03
695.6892121064967,5.118566513589762508e+03
695.7634969823528,5.098770077506881535e+03
695.8377008859716,5.090851503073728963e+03
695.9119932631442,5.080557356310629984e+03
695.9862772860863,5.069471352104216749e+03
696.06048026933,5.072638781877478323e+03
696.134771767185,5.059177205341118679e+03
696.2090548898484,5.047299343691390277e+03
696.2833296268801,5.022751762948617397e+03
696.3575523255896,5.009290186412257754e+03
696.4318151008928,5.011665758742204162e+03
696.5060403540568,4.978407746122963545e+03
696.58033480532,4.983158890782854542e+03
696.6545965750922,4.972864744019756472e+03
696.7288256373972,4.964154312143288735e+03
696.8030899410923,4.960195024926712904e+03
696.8773263707111,4.939606731400515855e+03
696.9516029071826,4.926937012307472287e+03
697.0258758450395,4.922185867647580380e+03
697.1000868630892,4.915851008101059051e+03
697.1743865928445,4.931688156967364193e+03
697.248609793035,4.896054572018178078e+03
697.3228682493078,4.888927855028340673e+03
697.3970987519848,4.853294270079154558e+03
697.4713645187727,4.857253557295730388e+03
697.5456023130668,4.850918697749208150e+03
697.6198072452165,4.839832693542794914e+03
697.6941009834452,4.827162974449751346e+03
697.7683131711979,4.835081548882903917e+03
697.8425898466292,4.828746689336381678e+03
697.9168092738975,4.797072391603771393e+03
697.9910201305657,4.802615393706978466e+03
698.0653003733468,4.765398093871162018e+03
698.1395184438109,4.804199108593608798e+03
698.2138010478819,4.787570102283988490e+03
698.2880311962213,4.784402672510727825e+03
698.3622527442063,4.760646949211270112e+03
698.4364656813189,4.739266798241758806e+03
698.510738305446,4.755895804551379115e+03
698.5849584048053,4.743226085458334637e+03
698.6591698720874,4.731348223808606235e+03
698.7334703424422,4.717886647272246591e+03
698.8076889513259,4.688587921869582715e+03
698.8818989069066,4.727388936592029495e+03
698.9561050840433,4.683836777209690808e+03
699.030322134609,4.702841355849257525e+03
699.1046038227042,4.687796064426267549e+03
699.1788328602486,4.662456626240179503e+03
699.2530532146016,4.661664768796864337e+03
699.3272599846256,4.682253062323060476e+03
699.4014873980228,4.673542630446592739e+03
699.4757061069474,4.641868332713983364e+03
699.5499161008405,4.656121766693657264e+03
699.6241418428359,4.636325330610776291e+03
699.6983588590565,4.624447468961047889e+03
699.7726405911895,4.613361464754633744e+03
699.8468646290141,4.631574185950884385e+03
699.9210848186354,4.590397598898492106e+03
699.9952913527262,4.578519737248762794e+03
700.0695185244031,4.592773171228437604e+03
700.1437320277023,4.591981313785122438e+03
700.2179661702849,4.605442890321482082e+03
700.2921670152689,4.612569607311318578e+03
700.3663345364773,4.561098873495828229e+03
700.4405423002715,4.547637296959468586e+03
700.5147657911945,4.570601162815611133e+03
700.5889804729994,4.565058160712404060e+03
700.6632108815323,4.542094294856261513e+03
700.7374324701444,4.568225590485664725e+03
700.81164522823,4.547637296959468586e+03
700.8858540575908,4.516754856670173467e+03
700.9600736910871,4.525465288546641204e+03
701.034240242214,4.518338571556804709e+03
701.1084716450022,4.508044424793705730e+03
701.1826646876575,4.523881573660010872e+03
701.2569029402329,4.487456131267509591e+03
701.3311077280009,4.453406261204953807e+03
701.4052790247227,4.488247988710824757e+03
701.4794906151762,4.498542135473922826e+03
701.5537179110803,4.458949263308160880e+03
701.6278673838922,4.478745699391041853e+03
701.7020768472739,4.485872416380879258e+03
701.776302010223,4.463700407968051877e+03
701.8505182480137,4.470035267514574116e+03
701.9246812071539,4.453406261204953807e+03
701.9989091214585,4.458949263308160880e+03
702.0730492261018,4.455781833534900215e+03
702.147283874415,4.458157405864845714e+03
702.2215095672381,4.424107535802289931e+03
702.2956523110257,4.413813389039191861e+03
702.3698847114229,4.409854101822615121e+03
702.4440341206173,4.440736542111910239e+03
702.5182485406029,4.383722806193211909e+03
702.5924786440079,4.418564533699082858e+03
702.6666306251165,4.402727384832778625e+03
702.7408427059752,4.379763518976636078e+03
702.8150013114393,4.367885657326907676e+03
702.8892200349155,4.356799653120493531e+03
702.9633852532902,4.361550797780385437e+03
703.0375414112833,4.345713648914080295e+03
703.1117577094595,4.364718227553646102e+03
703.1859204527385,4.347297363800710627e+03
703.2601235714659,4.336211359594297392e+03
703.3342928843769,4.341754361697504464e+03
703.4085025826428,4.317206780954731585e+03
703.482658658175,4.331460214934405485e+03
703.5568254210807,4.313247493738154844e+03
703.6310325789715,4.278405766232283895e+03
703.7052108243134,4.283156910892175802e+03
703.7793551808122,4.325125355387884156e+03
703.8535845204474,4.306120776748318349e+03
703.9277353723147,4.291867342768643539e+03
704.0019018493869,4.271279049242447400e+03
704.0760542132163,4.287908055552067708e+03
704.1502767406283,4.258609330149402922e+03
704.2244157321018,4.292659200211958705e+03
704.2985752975638,4.249107040829620018e+03
704.3727455222629,4.246731468499674520e+03
704.4469065581811,4.253858185489511925e+03
704.5211080295742,4.201595594230705501e+03
704.5952804534251,4.222975745200216807e+03
704.6694387032167,4.223767602643531973e+03
704.7435926983363,4.215057170767064235e+03
704.8177573342106,4.205554881447281332e+03
704.891917706452,4.211097883550488405e+03
704.9660688376695,4.204763024003966166e+03
705.0402107171044,4.200803736787390335e+03
705.114442771257,4.175464298601302289e+03
705.1885910002947,4.159627149734997147e+03
705.2627548254902,4.182591015591139694e+03
705.3369093767561,4.172296868828040715e+03
705.4110795235591,4.157251577405051648e+03
705.485220476971,4.172296868828040715e+03
705.5593969294841,4.167545724168149718e+03
705.6335441691415,4.133495854105593935e+03
705.7077020144703,4.136663283878854600e+03
705.7818057106044,4.129536566889018104e+03
705.8559498827009,4.115283132909343294e+03
705.9301096345012,4.123201707342495865e+03
706.0042849709166,4.123201707342495865e+03
706.0784260421825,4.106572701032875557e+03
706.1525826869397,4.086776264949994129e+03
706.2267549100956,4.129536566889018104e+03
706.3008928304606,4.082816977733417843e+03
706.3750014111765,4.082025120290102677e+03
706.4491704615375,4.105780843589560391e+03
706.5233051714449,4.078857690516842013e+03
706.5974853991634,4.092319267053201202e+03
706.6716262730434,4.070939116083689441e+03
706.745737753195,4.082816977733417843e+03
706.8198897594285,4.080441405403472345e+03
706.8940323424436,4.073314688413634940e+03
706.9681405012132,4.083608835176733464e+03
707.0422891955021,4.051934537444123180e+03
707.1164534452462,4.051142680000808014e+03
707.19055823756,4.059853111877275751e+03
707.2647035748213,4.059061254433960585e+03
707.3388694645195,4.048767107670862515e+03
707.4129708410553,4.071730973527004608e+03
707.4871177773351,4.044015963010971063e+03
707.5612752521206,4.047975250227547349e+03
707.6353781699282,4.038472960907763991e+03
707.7095466962406,4.025011384371404802e+03
707.7836305801062,4.057477539547330252e+03
707.857775071609,4.029762529031296253e+03
707.9318899937977,3.997296373855371257e+03
708.0060455013667,4.025011384371404802e+03
708.080146353211,4.021843954598144137e+03
708.1543078510902,4.020260239711513350e+03
708.2283845678539,4.013925380164991566e+03
708.3025520377458,4.002839375958577875e+03
708.3766397017445,4.018676524824883018e+03
708.4508131326904,4.015509095051621898e+03
708.5249067170731,4.006006805731838995e+03
708.5989906956581,3.999671946185317211e+03
708.673160478897,4.009966092948415280e+03
708.7472503492967,4.009966092948415280e+03
708.8213557131089,4.007590520618469327e+03
708.8955017018351,3.978291795215805450e+03
708.9696129404151,4.017092809938252685e+03
709.0436944296144,3.976708080329174663e+03
709.1178618009762,3.978291795215805450e+03
709.1919440994113,3.984626654762327234e+03
709.266041878377,3.967997648452706926e+03
709.3401601743607,3.963246503792815474e+03
709.4143140934323,3.960870931462869976e+03
709.4884130457813,3.929988491173575312e+03
709.5625023052012,3.975916222885859497e+03
709.6366020041326,3.968789505896022547e+03
709.71069703359,3.942658210266619335e+03
709.7848579170291,3.973540650555913999e+03
709.8589587159314,3.977499937772490284e+03
709.9330497882937,3.959287216576239189e+03
710.0071361642808,3.953744214473032571e+03
710.0812329625695,3.948201212369825953e+03
710.1553452280508,3.959287216576239189e+03
710.2294275672397,3.967205791009391760e+03
710.3035203190468,3.941074495379988548e+03
710.3776335778801,3.918902486967161622e+03
710.4517320198205,3.934739635833466764e+03
710.5258257276931,3.932364063503520811e+03
710.599909644176,3.940282637936673382e+03
710.6740090111854,3.926029203956999027e+03
710.7480985754111,3.902273480657541768e+03
710.8222035892967,3.897522335997649861e+03
710.8962987889969,3.925237346513683860e+03
710.9704094374856,3.887228189234551792e+03
711.0444849811654,3.910192055090693884e+03
711.1186012467011,3.916526914637216123e+03
711.1926874434225,3.892771191337758410e+03
711.2667840197356,3.887228189234551792e+03
711.3408251965476,3.869807325481616317e+03
711.4149070955419,3.874558470141507769e+03
711.4890246751831,3.886436331791236626e+03
711.5631121310784,3.869015468038301151e+03
711.6372150180558,3.857137606388572294e+03
711.7112320343467,3.895146763667704363e+03
711.7853404449295,3.859513178718518247e+03
711.8594389533098,3.838924885192321653e+03
711.9335275484821,3.870599182924931483e+03
712.0075605935059,3.822295878882701345e+03
712.0816546727544,3.838924885192321653e+03
712.1557641746032,3.829422595872538750e+03
712.2297927223119,3.823087736326016966e+03
712.3038823260575,3.799332013026559252e+03
712.377992420552,3.827047023542592797e+03
712.4520164203059,3.842884172408897939e+03
712.5261268825731,3.792205296036722302e+03
712.6001562828156,3.796164583253298133e+03
712.6742518579922,3.800915727913189585e+03
712.7483628435643,3.800123870469874419e+03
712.8223876211747,3.808834302346342156e+03
712.8964785986809,3.795372725809982967e+03
712.9705138140855,3.772408859953840874e+03
713.0446101673241,3.751028708984329114e+03
713.1186507279195,3.786662293933515230e+03
713.19275244439,3.759739140860796851e+03
713.2667983376626,3.771617002510525708e+03
713.3408290765726,3.777160004613732326e+03
713.4149057221886,3.741526419664546211e+03
713.4889468476811,3.739942704777915878e+03
713.5630542605719,3.722521841024980404e+03
713.6370752139885,3.757363568530851353e+03
713.71111152602,3.735983417561339593e+03
713.7852141503761,3.724105555911610736e+03
713.8592557248019,3.728064843128187022e+03
713.93328717658,3.751028708984329114e+03
714.0073900636712,3.706684692158675261e+03
714.0814267494405,3.722521841024980404e+03
714.1554583900697,3.694806830508946405e+03
714.2295512937391,3.698766117725522690e+03
714.3035881409775,3.713019551705197500e+03
714.3776148223176,3.679761539085956883e+03
714.451651744311,3.690847543292370574e+03
714.5256835921462,3.692431258179000906e+03
714.5997818492889,3.679761539085956883e+03
714.6738188625989,3.676594109312695764e+03
714.7478712188952,3.675010394426065432e+03
714.8218929356141,3.677385966756010930e+03
714.8959248750398,3.675802251869380598e+03
714.9699721505816,3.691639400735685740e+03
715.044014315487,3.663132532776336575e+03
715.1180411339378,3.659965103003075910e+03
715.1920883966163,3.676594109312695764e+03
715.2661714596333,3.656005815786499625e+03
715.3402238179556,3.645711669023401100e+03
715.4142403295658,3.649670956239977386e+03
715.488267040557,3.635417522260303031e+03
715.5623141930947,3.638584952033564150e+03
715.6363510669913,3.649670956239977386e+03
715.7103315493897,3.643336096693455602e+03
715.784373440411,3.659173245559760289e+03
715.8584050299637,3.623539660610574174e+03
715.932426306901,3.632250092487041911e+03
716.0064680199878,3.633833807373672698e+03
716.080494283165,3.621164088280628675e+03
716.1545409835085,3.617204801064052390e+03
716.2285722201125,3.635417522260303031e+03
716.3025469314863,3.613245513847476104e+03
716.3765882447348,3.602159509641062414e+03
716.4506192011959,3.599783937311116915e+03
716.5246654600803,3.604535081971008367e+03
716.5987013504475,3.597408364981170962e+03
716.6726754991479,3.621164088280628675e+03
716.7467162946405,3.579195643784920321e+03
716.8207466986998,3.602951367084378035e+03
716.8947667001454,3.588697933104703225e+03
716.9687557260248,3.576820071454974823e+03
717.0427805919613,3.586322360774757726e+03
717.116825887731,3.602159509641062414e+03
717.1908093232216,3.601367652197747248e+03
717.2648286044712,3.585530503331442560e+03
717.3388168541977,3.583946788444811773e+03
717.4128461038251,3.582363073558181441e+03
717.4868906346427,3.585530503331442560e+03
717.5608474726536,3.561774780031984847e+03
717.6348968087937,3.580779358671551108e+03
717.7088584084709,3.567317782135191464e+03
717.7828867763504,3.579987501228235487e+03
717.8568840385082,3.580779358671551108e+03
717.9309171761972,3.572860784238398537e+03
718.0048882559898,3.556231777928778229e+03
718.0789313004857,3.583154931001496607e+03
718.1528864689565,3.542770201392419040e+03
718.2268775063203,3.547521346052310491e+03
718.300914749167,3.568109639578507085e+03
718.3748898482226,3.560982922588669680e+03
718.4489059941204,3.533267912072636136e+03
718.5228857662477,3.546729488608995325e+03
718.5968549564894,3.556231777928778229e+03
718.6708910267723,3.516638905763015828e+03
718.7448648651658,3.532476054629320970e+03
718.8188539335962,3.557023635372093395e+03
718.8928117241455,3.517430763206330994e+03
718.9668571028507,3.553064348155517109e+03
719.040845353585,3.534851626959266468e+03
719.1148178064504,3.534851626959266468e+03
719.1887847916446,3.511887761103124376e+03
719.2628187285492,3.517430763206330994e+03
719.3367851179871,3.522181907866222446e+03
719.4107718973806,3.530100482299375017e+03
719.4847480151196,3.511095903659809210e+03
719.55871345993,3.526933052526113897e+03
719.6326941140954,3.520598192979592113e+03
719.7066692631995,3.502385471783341472e+03
719.780706250103,3.488923895246982283e+03
719.8546807424774,3.511095903659809210e+03
719.9286497097812,3.496050612236819234e+03
720.0026286960333,3.512679618546439542e+03
720.0766021474149,3.487340180360351496e+03
720.1505856143327,3.488923895246982283e+03
720.2245376004026,3.498426184566765187e+03
720.298530717732,3.492883182463558569e+03
720.3725079039693,3.469919316607416022e+03
720.446479525475,3.472294888937361975e+03
720.5204403826414,3.467543744277470523e+03
720.5943696939084,3.477046033597253427e+03
720.6683349523433,3.460417027287633118e+03
720.7423153966341,3.459625169844317952e+03
720.816285052651,3.464376314504209404e+03
720.890249105901,3.465168171947524570e+03
720.9642231419422,3.446163593307958763e+03
721.0382175601698,3.445371735864643597e+03
721.1121179678518,3.447747308194589095e+03
721.1860907374653,3.427950872111708122e+03
721.2600786851124,3.450122880524535049e+03
721.334050596095,3.405778863698881196e+03
721.4079648215145,3.419240440235240385e+03
721.4819202230957,3.431910159328284408e+03
721.5559168215076,3.418448582791925219e+03
721.6298296575088,3.426367157225077790e+03
721.7038045147077,3.387566142502630555e+03
721.777768491748,3.397860289265728625e+03
721.8516746809869,3.409738150915457481e+03
721.9256689717006,3.407362578585511528e+03
721.9996263053706,3.406570721142196362e+03
722.0735518685187,3.406570721142196362e+03
722.1475134315792,3.377271995739532031e+03
722.221443203523,3.385190570172684602e+03
722.2954141996532,3.373312708522955745e+03
722.369322077151,3.366185991533118795e+03
722.4432972736668,3.363810419203172842e+03
722.5172093181159,3.370937136193010247e+03
722.5911887015628,3.355891844770020725e+03
722.665104899496,3.371728993636325413e+03
722.7390623388185,3.363810419203172842e+03
722.8129878959985,3.341638410790345915e+03
722.8869756086152,3.326593119367356394e+03
722.9608791618889,3.342430268233661081e+03
723.0347925998112,3.335303551243824131e+03
723.1087786701618,3.342430268233661081e+03
723.1826700550422,3.338470981017085251e+03
723.2565817737539,3.317090830047573490e+03
723.3305609227724,3.301253681181268348e+03
723.4044767103132,3.321841974707464942e+03
723.4783814349788,3.305212968397844634e+03
723.5523797909511,3.301253681181268348e+03
723.6262885587613,3.315507115160942703e+03
723.7001862401456,3.302045538624583514e+03
723.7741042546204,3.296502536521376896e+03
723.8480321309023,3.300461823737953182e+03
723.9220013141903,3.292543249304800611e+03
723.9959122328532,3.273538670665234804e+03
724.0698330025856,3.307588540727790587e+03
724.1437478932739,3.286208389758278827e+03
724.2176516517817,3.276706100438495923e+03
724.2915652506016,3.282249102541702541e+03
724.3654729499798,3.258493379242244828e+03
724.4393957341822,3.263244523902136280e+03
724.51330736185,3.251366662252407878e+03
724.587207821535,3.241072515489309353e+03
724.6611286098097,3.272746813221919638e+03
724.7350592296857,3.251366662252407878e+03
724.80895240124,3.257701521798929662e+03
724.882865897012,3.235529513386102735e+03
724.9567892135801,3.230778368726211284e+03
725.0307013255602,3.217316792189852094e+03
725.1046074792529,3.227610938952950164e+03
725.1785287017594,3.213357504973275809e+03
725.2524334382222,3.221276079406428380e+03
725.326358500832,3.226027224066319832e+03
725.4002723250796,3.230778368726211284e+03
725.4741222682113,3.218108649633167261e+03
725.5480398915687,3.202271500766862573e+03
725.6219462528422,3.216524934746536928e+03
725.6958676722687,3.214149362416590975e+03
725.769783084779,3.205438930540123238e+03
725.8436292602167,3.223651651736374333e+03
725.9175431603215,3.194352926333710002e+03
725.9914510329734,3.191185496560448883e+03
726.0653686850188,3.215733077303221762e+03
726.1392275716657,3.199895928436916620e+03
726.2131278556831,3.195144783777025168e+03
726.2870379081896,3.200687785880231786e+03
726.3608891425325,3.180891349797350813e+03
726.4348081680206,3.175348347694144195e+03
726.50866306773,3.190393639117133716e+03
726.5825857784921,3.167429773260991624e+03
726.6564232085193,3.167429773260991624e+03
726.730349586392,3.180891349797350813e+03
726.8042645953695,3.168221630704306790e+03
726.8781153887404,3.169805345590937122e+03
726.9520393221525,3.164262343487730504e+03
727.0258672943038,3.161094913714469385e+03
727.0997948515045,3.162678628601100172e+03
727.1736528398144,3.148425194621425362e+03
727.2475046789152,3.130212473425174721e+03
727.3214244199837,3.157135626497893099e+03
727.3952533686669,3.151592624394686482e+03
727.4691766890326,3.145257764848164697e+03
727.5430356383624,3.145257764848164697e+03
727.6168831154938,3.140506620188273246e+03
727.6907985389481,3.135755475528381794e+03
727.7646495352022,3.125461328765283270e+03
727.838494332822,3.126253186208598436e+03
727.9123488191613,3.112791609672239247e+03
727.986271291593,3.110416037342293748e+03
728.0601080662049,3.107248607569032629e+03
728.1339810274446,3.122293898992022605e+03
728.2078212555151,3.073198737506476846e+03
728.2817295008361,3.102497462909141177e+03
728.3555996998778,3.085076599156205702e+03
728.429453049297,3.080325454496314251e+03
728.5033054557948,3.088244028929466822e+03
728.577140989502,3.085868456599520869e+03
728.6509914915385,3.085868456599520869e+03
728.7248569664563,3.079533597052999085e+03
728.7987108614303,3.083492884269575370e+03
728.872558477417,3.083492884269575370e+03
728.9464688832253,3.040732582330551850e+03
729.0203145595359,3.069239450289900560e+03
729.0941805149681,3.039148867443921517e+03
729.1680295392798,3.041524439773867016e+03
729.2418722535059,3.045483726990443301e+03
729.3156767351837,3.043108154660497803e+03
729.3895227579071,3.024103576020931541e+03
729.4633837365335,3.032022150454084112e+03
729.5372330643772,3.026479148350877495e+03
729.6110920231105,3.024103576020931541e+03
729.6849499652391,3.016976859031094591e+03
729.7587909091665,3.028062863237507827e+03
729.832646799371,3.006682712267996067e+03
729.9064377258716,3.013809429257833472e+03
729.9802755476569,2.986886276185115094e+03
730.0541496290818,2.990053705958375758e+03
730.1279906863275,2.999555995278159116e+03
730.2018413503896,2.992429278288321711e+03
730.2756322932343,2.993221135731636878e+03
730.3494914925877,2.999555995278159116e+03
730.4233389576001,2.972632842205440738e+03
730.497121314011,2.965506125215603333e+03
730.5709933006522,2.948877118905983025e+03
730.6448321837362,2.984510703855169140e+03
730.7186379386568,2.959963123112396715e+03
730.7924799682986,2.948085261462667859e+03
730.8662835069548,2.952836406122559310e+03
730.940128667791,2.940166687029515288e+03
731.0139673771906,2.943334116802776407e+03
731.0877622124666,2.923537680719894979e+03
731.1616307539186,2.896614527647176601e+03
731.2354072830598,2.933831827482993504e+03
731.3092735761231,2.892655240430600315e+03
731.3830531589755,2.910867961626851411e+03
731.4569011330443,2.890279668100654817e+03
731.5307105078027,2.885528523440763365e+03
731.6044812553652,2.894238955317231103e+03
731.6783471861277,2.886320380884078531e+03
731.7521477148499,2.878401806450925960e+03
731.8259899112759,2.876026234120980462e+03
731.899766660658,2.841184506615109512e+03
731.9735636445379,2.866523944801197104e+03
732.0473701527895,2.857813512924729366e+03
732.1212183467612,2.826139215192119536e+03
732.195006386356,2.837225219398533227e+03
732.2688093011474,2.843560078945055011e+03
732.3426485486638,2.823763642862174038e+03
732.4164544099781,2.833265932181956941e+03
732.4902214949792,2.819804355645597752e+03
732.5640302732379,2.816636925872336633e+03
732.6378270896475,2.807134636552553729e+03
732.7116656191168,2.775460338819943900e+03
732.7854653361854,2.815845068429021467e+03
732.8592530670325,2.797632347232770826e+03
732.9330341718326,2.805550921665923397e+03
733.0068247610646,2.779419626036520185e+03
733.0806302100424,2.770709194160052448e+03
733.1544290226378,2.776252196263259066e+03
733.2282104378809,2.769917336716737282e+03
733.3020120820065,2.769917336716737282e+03
733.3758016923423,2.764374334613530209e+03
733.4495738776542,2.752496472963801807e+03
733.5233662868974,2.737451181540811831e+03
733.5971735461529,2.732700036880920379e+03
733.6709687462483,2.728740749664344094e+03
733.7447518754218,2.740618611314072950e+03
733.818549846392,2.727157034777713761e+03
733.8923357337387,2.733491894324235545e+03
733.9660610421337,2.718446602901246024e+03
734.039849657903,2.687564162611951360e+03
734.113653111708,2.716071030571300071e+03
734.1874498467755,2.701025739148310549e+03
734.2612290717857,2.684396732838690241e+03
734.3349476318791,2.702609454034940882e+03
734.4087618993168,2.678853730735483623e+03
734.4825316665394,2.697858309375049430e+03
734.5563216510071,2.697066451931734264e+03
734.6300724954872,2.655098007436025910e+03
734.7038651403906,2.657473579765971863e+03
734.7776456166251,2.656681722322656697e+03
734.8513869120628,2.659849152095917816e+03
734.9251700158896,2.660641009539232982e+03
734.99889230638,2.644803860672927840e+03
735.0727050353661,2.647179433002873793e+03
735.1464785471829,2.633717856466514604e+03
735.220218219237,2.637677143683090890e+03
735.2939943121419,2.658265437209287029e+03
735.367736543824,2.626591139476677199e+03
735.4415206118363,2.626591139476677199e+03
735.5152599796714,2.608378418280426558e+03
735.5890466014831,2.595708699187382535e+03
735.662766849309,2.617880707600209462e+03
735.7365830712438,2.597292414074012868e+03
735.8103058246913,2.602835416177219940e+03
735.8840433540496,2.596500556630697702e+03
735.957822745456,2.573536690774555609e+03
736.0315681756952,2.590957554527491084e+03
736.1052958754302,2.598084271517328489e+03
736.1790654451154,2.576704120547816729e+03
736.252801015933,2.591749411970806250e+03
736.326545937147,2.567993688671348991e+03
736.4003381699183,2.552948397248359015e+03
736.4740584115469,2.585414552424284466e+03
736.5477988397872,2.585414552424284466e+03
736.6215269056551,2.553740254691674181e+03
736.6952425972906,2.554532112134989802e+03
736.7690544685436,2.558491399351566088e+03
736.8427725447069,2.567993688671348991e+03
736.9165053742005,2.529192673948901756e+03
736.9902258037228,2.536319390938739161e+03
737.0639609845649,2.550572824918413517e+03
737.137689186275,2.534735676052108374e+03
737.2114267046566,2.539486820711999826e+03
737.2851517972983,2.532360103722162876e+03
737.358897074205,2.533151961165478042e+03
737.4326244765816,2.515731097412542567e+03
737.5063448675909,2.515731097412542567e+03
737.5800799995792,2.516522954855857733e+03
737.6538026703106,2.515731097412542567e+03
737.7275346375662,2.515731097412542567e+03
737.8012595719805,2.495934661329661139e+03
737.8749992432967,2.499893948546237425e+03
737.9487264275168,2.490391659226454522e+03
738.022468346593,2.476930082690095333e+03
738.0961977656417,2.485640514566563070e+03
738.169865632222,2.474554510360149834e+03
738.2435972558687,2.473762652916834213e+03
738.3173218057595,2.468219650813627595e+03
738.3910556298822,2.474554510360149834e+03
738.4647823694751,2.469803365700257928e+03
738.5384638351453,2.450798787060692121e+03
738.612192738524,2.460301076380475024e+03
738.685909081362,2.457133646607214359e+03
738.7595855634423,2.447631357287431001e+03
738.8332985789483,2.441296497740909217e+03
738.9070317658445,2.441296497740909217e+03
738.9807032179243,2.424667491431288909e+03
739.0544385201678,2.438129067967648098e+03
739.1281065918952,2.443672070070855170e+03
739.2018439933116,2.414373344668190839e+03
739.2755687822585,2.418332631884767125e+03
739.3492317494262,2.409622200008299387e+03
739.4229859424029,2.408830342564984221e+03
739.4966509491076,2.403287340461777148e+03
739.5703798618135,2.396952480915255364e+03
739.6440468874771,2.417540774441451958e+03
739.7177778366447,2.381115332048950222e+03
739.791446866122,2.386658334152157295e+03
739.8651032005454,2.375572329945743604e+03
739.9388289543585,2.370029327842536986e+03
740.0125146409633,2.365278183182645535e+03
740.086187618405,2.375572329945743604e+03
740.1599026583724,2.347857319429710060e+03
740.2335830692062,2.343106174769818608e+03
740.3072452674804,2.351024749202970725e+03
740.3809769441689,2.352608464089601512e+03
740.4546465508478,2.347857319429710060e+03
740.5283253357537,2.325685311016883134e+03
740.6019968452496,2.333603885450035705e+03
740.6757323886792,2.316974879140415396e+03
740.7493783611862,2.313807449367154277e+03
740.8230664214437,2.301929587717425420e+03
740.8967416974003,2.294011013284273304e+03
740.9704041770528,2.309848162150577991e+03
741.0440813057113,2.271839004871446377e+03
741.1177456249695,2.287676153737751065e+03
741.1914740338814,2.275798292088022208e+03
741.265145682029,2.278173864417968161e+03
741.3387990020083,2.272630862314761544e+03
741.4124669600711,2.257585570891771567e+03
741.4861550585991,2.271047147428130756e+03
741.5598248114671,2.252042568788564950e+03
741.6334872037764,2.244123994355412378e+03
741.7070817125386,2.238580992252205760e+03
741.7807678621677,2.233037990148999143e+03
741.8544191228816,2.219576413612639953e+03
741.9281125335501,2.220368271055955120e+03
742.0017600242695,2.233829847592314309e+03
742.0754276444354,2.214825268952748502e+03
742.1491098938311,2.211657839179487382e+03
742.2227792320809,2.228286845489107691e+03
742.2963860567804,2.213241554066117715e+03
742.3700570824167,2.192653260539921575e+03
742.4437151716932,2.202155549859704479e+03
742.5173878791576,2.191861403096605954e+03
742.5909980073593,2.179983541446877553e+03
742.6646723713906,2.187110258436714503e+03
742.7383392893086,2.178399826560246765e+03
742.8119656461523,2.191861403096605954e+03
742.8856286765096,2.157811533034050626e+03
742.9592842387771,2.161770820250626912e+03
743.0328991982909,2.162562677693942078e+03
743.1065563576633,2.146725528827636936e+03
743.1801728901319,2.155435960704104673e+03
743.2538592524501,2.149101101157582889e+03
743.3274497210764,2.160187105363996125e+03
743.4011100282263,2.138015096951169198e+03
743.4747296601421,2.136431382064538866e+03
743.5483970465806,2.142766241611060650e+03
743.6220182060574,2.122177948084864511e+03
743.6956816000841,2.114259373651711940e+03
743.7692821427946,2.116634945981657438e+03
743.8429470520473,2.106340799218559368e+03
743.916576747615,2.122177948084864511e+03
743.990165669035,2.099214082228721963e+03
744.0638466591978,2.104757084331929036e+03
744.1374370340701,2.093671080125515346e+03
744.2110696595498,2.081793218475786489e+03
744.284716858413,2.076250216372579871e+03
744.3583232280512,2.088919935465623894e+03
744.4319496995879,2.094462937568830512e+03
744.5055574804348,2.076250216372579871e+03
744.5791520991629,2.086544363135677941e+03
744.6528444452033,2.081793218475786489e+03
744.7264460022811,2.062788639836220682e+03
744.8000565630955,2.060413067506275183e+03
744.8736594835683,2.064372354722851014e+03
744.9472714032472,2.059621210062959562e+03
745.0208756714717,2.049327063299861493e+03
745.094494486024,2.048535205856546327e+03
745.168100087441,2.039032916536763196e+03
745.2416924635781,2.050910778186491825e+03
745.3152993770332,2.035865486763502304e+03
745.3889152760675,2.034281771876871744e+03
745.4625290474098,2.039824773980078589e+03
745.5361240107667,2.038241059093448030e+03
745.609733506721,2.033489914433556578e+03
745.6833575395775,2.042992203753339481e+03
745.7569683059694,2.030322484660295459e+03
745.8305713563644,2.036657344206817470e+03
745.9041833730809,2.019236480453881995e+03
745.9777876626403,2.009734191134099092e+03
746.0514009139459,2.017652765567251663e+03
746.1249507566789,2.018444623010566829e+03
746.1985429433485,2.002607474144261914e+03
746.2721496486159,2.021612052783827721e+03
746.3457708767787,2.014485335793990544e+03
746.4193230608547,2.010526048577414258e+03
746.4929176060401,2.004983046474207640e+03
746.5665266650274,2.001023759257631355e+03
746.640066621393,2.003399331587577080e+03
746.7136768253059,1.988354040164587332e+03
746.7873015449047,1.996272614597739903e+03
746.8608348022583,1.993105184824479011e+03
746.934460649653,1.959055314761923228e+03
747.0080507927156,1.978059893401489262e+03
747.0815940434294,1.990729612494533058e+03
747.1552131827909,1.982019180618065548e+03
747.2287630801482,1.982019180618065548e+03
747.3023777208953,1.963014601978499513e+03
747.3759007391845,1.973308748741597810e+03
747.4495220280663,1.978059893401489262e+03
747.5230740040879,1.955887884988662336e+03
747.5966125121065,1.947969310555509765e+03
747.6702213915038,1.966182031751760405e+03
747.7437608993716,1.951928597772086050e+03
747.8173763904779,1.973308748741597810e+03
747.8909168833824,1.962222744535184347e+03
747.9644718416794,1.947969310555509765e+03
748.0380188872018,1.959055314761923228e+03
748.111630768237,1.955096027545346942e+03
748.1851787691317,1.942426308452303147e+03
748.2587356337701,1.928964731915943730e+03
748.3322845630789,1.923421729812737112e+03
748.405875958131,1.940050736122357193e+03
748.4794258064913,1.917878727709530267e+03
748.5529901125466,1.919462442596160827e+03
748.626540858474,1.927381017029313398e+03
748.7000780320159,1.928964731915943730e+03
748.7736296540094,1.897290434183333900e+03
748.8471676901079,1.912335725606323649e+03
748.920776260387,1.906000866059801638e+03
748.994315154041,1.897290434183333900e+03
749.0678741021718,1.909960153276377923e+03
749.1414138274398,1.911543868163008483e+03
749.2149736068789,1.902041578843225352e+03
749.2885141477188,1.894123004410073008e+03
749.362046665244,1.889371859750181329e+03
749.4355374512597,1.895706719296703341e+03
749.5090988297237,1.901249721399910186e+03
749.5826465568359,1.874326568327191808e+03
749.656175000463,1.878285855543767866e+03
749.7297234916311,1.867199851337354403e+03
749.803286415846,1.866407993894039237e+03
749.8768356615918,1.854530132244310607e+03
749.9503205982728,1.866407993894039237e+03
750.0238705670453,1.867199851337354403e+03
750.0974068314757,1.866407993894039237e+03
750.170963144645,1.836317411048059739e+03
750.2444438267519,1.851362702471049488e+03
750.318000832892,1.838692983378005465e+03
750.3915384788514,1.859281276904202059e+03
750.4650398530696,1.833149981274798847e+03
750.5385837931271,1.827606979171592002e+03
750.6121083437756,1.850570845027734322e+03
750.6855965835151,1.815729117521863373e+03
750.7591555782365,1.827606979171592002e+03
750.8326444278694,1.807018685645395635e+03
750.9061758589805,1.808602400532026195e+03
750.9796652967866,1.815729117521863373e+03
751.053225528571,1.817312832408493932e+03
751.1267211857668,1.801475683542189017e+03
751.2002538005404,1.815729117521863373e+03
751.2737443726544,1.782471104902622983e+03
751.347283196831,1.794348966552351612e+03
751.4207743095347,1.777719960242731531e+03
751.4942572105898,1.776928102799416138e+03
751.567805321994,1.767425813479633234e+03
751.641288735935,1.780887390015992423e+03
751.7147865207419,1.768217670922948400e+03
751.7883269399143,1.779303675129362091e+03
751.8618252198199,1.776928102799416138e+03
751.9353096018531,1.767425813479633234e+03
752.0087800736492,1.761090953933111223e+03
752.082349748397,1.760299096489796057e+03
752.1558206716313,1.757923524159850331e+03
752.2293059510168,1.747629377396752034e+03
752.3028112503567,1.756339809273219771e+03
752.3762686487676,1.742878232736860582e+03
752.4497687028702,1.721498081767348822e+03
752.5232604672466,1.722289939210664215e+03
752.5967892449822,1.729416656200501393e+03
752.6702814069297,1.729416656200501393e+03
752.74378792351,1.718330651994087930e+03
752.8172521255437,1.712787649890881085e+03
752.890753342267,1.711995792447565918e+03
752.9642462347487,1.711203935004250752e+03
753.0377251232514,1.709620220117620192e+03
753.111218354199,1.716746937107457370e+03
753.1846408387155,1.688240069148108432e+03
753.2581116847355,1.694574928694630444e+03
753.331591190779,1.696950501024576170e+03
753.4050850339123,1.697742358467891336e+03
753.4785648318334,1.702493503127783015e+03
753.552064642568,1.682697067044901814e+03
753.6254879218887,1.677945922385010363e+03
753.698987997613,1.681905209601586421e+03
753.7724683210844,1.654190199085552877e+03
753.845940242228,1.681905209601586421e+03
753.9193696482735,1.663692488405335780e+03
753.9928702112186,1.671611062838488351e+03
754.0663566760842,1.673986635168434077e+03
754.1397721577508,1.669235490508542625e+03
754.2132588199502,1.664484345848650946e+03
754.286731357841,1.664484345848650946e+03
754.3601613060175,1.661316916075390054e+03
754.433662469434,1.663692488405335780e+03
754.5070697940439,1.644687909765769746e+03
754.580571120139,1.656565771415498602e+03
754.6540013426822,1.655773913972183209e+03
754.7274800348059,1.629642618342780224e+03
754.8009103674891,1.643104194879139413e+03
754.8743891803196,1.638353050219247962e+03
754.9478196065738,1.639936765105878294e+03
755.0212985235391,1.644687909765769746e+03
755.0947347284628,1.637561192775932568e+03
755.1681567061893,1.625683331126203939e+03
755.2416500027333,1.634393763002671676e+03
755.3150720303312,1.624099616239573379e+03
755.3884798044081,1.622515901352942819e+03
755.4619874570354,1.607470609929953298e+03
755.535395250506,1.624099616239573379e+03
755.6088173113466,1.613013612033159916e+03
755.6822593542736,1.601135750383431287e+03
755.7557385217809,1.601927607826746453e+03
755.8291520013627,1.604303180156692179e+03
755.9025740310907,1.605095037600007345e+03
755.9760160417866,1.611429897146529356e+03
756.0494380281855,1.607470609929953298e+03
756.122851408895,1.601927607826746453e+03
756.196279048058,1.608262467373268464e+03
756.2697209498288,1.590049746177017823e+03
756.3431485156143,1.612221754589844750e+03
756.4166132278519,1.590049746177017823e+03
756.490046430767,1.592425318506963549e+03
756.563402310791,1.593217175950278715e+03
756.6368296685728,1.594800890836909275e+03
756.710271280547,1.598760178053485561e+03
756.7836985147853,1.586090458960441538e+03
756.8571170870929,1.589257888733702430e+03
756.9305441765948,1.587674173847072097e+03
757.0039625924522,1.579755599413919526e+03
757.0773895204559,1.569461452650821229e+03
757.1508077630942,1.588466031290387264e+03
757.2241829078598,1.582131171743865252e+03
757.2975952154935,1.574212597310712681e+03
757.3710274951507,1.558375448444407766e+03
757.4444453309834,1.566294022877560337e+03
757.5178200187852,1.569461452650821229e+03
757.5912376210018,1.559167305887723160e+03
757.664669455667,1.553624303784516314e+03
757.7380294018718,1.559959163331038326e+03
757.8114609832415,1.557583591001092600e+03
757.884883822762,1.552832446341201148e+03
757.9582576961611,1.557583591001092600e+03
758.0316745087733,1.553624303784516314e+03
758.1050538201592,1.554416161227831481e+03
758.1784703328954,1.552040588897885755e+03
758.2518205742088,1.536995297474896233e+03
758.3252712680576,1.530660437928374222e+03
758.3986211596865,1.518782576278645365e+03
758.4720370175761,1.544913871908048577e+03
758.545415305501,1.531452295371689388e+03
758.6187790176235,1.532244152815004554e+03
758.692185702744,1.521158148608591091e+03
758.7655490229096,1.527493008155113102e+03
758.8389841161411,1.525117435825167377e+03
758.9123470329839,1.517990718835330199e+03
758.985729896929,1.503737284855655616e+03
759.0590923834825,1.518782576278645365e+03
759.1324978677417,1.516407003948699639e+03
759.2058656754364,1.526701150711797936e+03
759.2792419009955,1.516407003948699639e+03
759.3526092466964,1.514031431618753913e+03
759.4259619360007,1.499777997639079558e+03
759.4993807137987,1.497402425309133832e+03
759.5727617631621,1.483148991329459250e+03
759.6461281405926,1.482357133886144084e+03
759.7194798334775,1.484732706216089809e+03
759.79284569346,1.492651280649242153e+03
759.8662199506782,1.481565276442828690e+03
759.9395910557283,1.502945427412340450e+03
760.0129416740881,1.473646702009676346e+03
760.0863064536592,1.475230416896306906e+03
760.1596565064068,1.471271129679730620e+03
760.2330264969562,1.473646702009676346e+03
760.3064048714377,1.471271129679730620e+03
760.3797685035091,1.468103699906469501e+03
760.4531231634235,1.467311842463154335e+03
760.5264341378603,1.456225838256740872e+03
760.5997823891312,1.459393268030001764e+03
760.6731505760081,1.470479272236415227e+03
760.7465329185825,1.468103699906469501e+03
760.8198946901349,1.453058408483479752e+03
760.893195347572,1.445931691493642575e+03
760.9665564561759,1.459393268030001764e+03
761.039908545017,1.443556119163696849e+03
761.1132805694576,1.438013117060490231e+03
761.186574038077,1.435637544730544505e+03
761.2599395757078,1.445931691493642575e+03
761.3332612942629,1.422175968194185089e+03
761.4066319227295,1.426927112854076768e+03
761.4799819030882,1.422967825637500482e+03
761.5532938204132,1.419800395864239363e+03
761.6266430583955,1.422175968194185089e+03
761.6999542102297,1.411881821431087019e+03
761.7733026886444,1.416632966090978471e+03
761.8466130577877,1.412673678874402185e+03
761.9199955907541,1.403171389554619282e+03
761.9932761350078,1.409506249101141293e+03
762.0665998139598,1.409506249101141293e+03
762.1399666484456,1.401587674667988722e+03
762.2132604654904,1.411089963987771625e+03
762.2866264890819,1.396836530008097270e+03
762.3599194586624,1.397628387451412436e+03
762.4332265236651,1.391293527904890425e+03
762.5065244315081,1.392085385348205818e+03
762.5798887714861,1.400795817224673556e+03
762.653209066283,1.390501670461575259e+03
762.726491103933,1.380207523698476962e+03
762.7998163192037,1.378623808811846629e+03
762.8731789131846,1.374664521595270344e+03
762.9464741276457,1.369913376935378892e+03
763.0197834275534,1.351700655739128024e+03
763.0930777014148,1.375456379038585510e+03
763.1663802334256,1.366745947162117773e+03
763.2396735482423,1.362786659945541487e+03
763.312980942364,1.354868085512389143e+03
763.3863024198473,1.362786659945541487e+03
763.4595855263992,1.360411087615595761e+03
763.5329060235777,1.346949511079236572e+03
763.6062114503713,1.366745947162117773e+03
763.6795017940418,1.348533225965867132e+03
763.7528120409493,1.347741368522551966e+03
763.8261013583818,1.349325083409182298e+03
763.8994105781957,1.341406508976029954e+03
763.9727280347157,1.346157653635921406e+03
764.0459486507003,1.340614651532714561e+03
764.1192708849686,1.345365796192606240e+03
764.1925721540134,1.330320504769616491e+03
764.265864123763,1.341406508976029954e+03
764.339170153393,1.331904219656246823e+03
764.4124025979912,1.319234500563203028e+03
764.4857075207827,1.331112362212931657e+03
764.5590265043799,1.320818215449833360e+03
764.6322718534416,1.314483355903311576e+03
764.7055663242454,1.327944932439670765e+03
764.7788689989354,1.308940353800104731e+03
764.8520979783581,1.309732211243419897e+03
764.9254053449329,1.310524068686735291e+03
764.9986623906358,1.296270634707060708e+03
765.0719685894694,1.307356638913474171e+03
765.1451951672625,1.298646207037006434e+03
765.2185001752471,1.300229921923636994e+03
765.2917606634498,1.293103204933799816e+03
765.3650586119669,1.285184630500647245e+03
765.438288577042,1.292311347490484422e+03
765.5115911575078,1.289143917717223530e+03
765.5848491670143,1.281225343284070959e+03
765.6580918875516,1.288352060273908364e+03
765.7313779407682,1.289935775160538697e+03
765.8046193790093,1.278057913510810067e+03
765.8778806952203,1.282017200727386353e+03
765.9511794972256,1.270139339077657496e+03
766.0244043117671,1.278849770954125233e+03
766.0976489972652,1.274098626294233782e+03
766.1709018207467,1.263804479531135712e+03
766.2441451689594,1.282017200727386353e+03
766.31745537396,1.282809058170701519e+03
766.3906973785047,1.255885905097983141e+03
766.4639240114803,1.266180051861081438e+03
766.5371587632285,1.271723053964288056e+03
766.610413388223,1.255094047654667975e+03
766.6836526256157,1.269347481634342330e+03
766.7569058583788,1.250342902994776296e+03
766.8301436890999,1.263804479531135712e+03
766.9033661049401,1.259845192314559426e+03
766.9766319183701,1.265388194417766044e+03
767.049858779082,1.247175473221515404e+03
767.1230937389751,1.247967330664830570e+03
767.196342684586,1.247967330664830570e+03
767.2695820718163,1.258261477427928867e+03
767.3427706741372,1.255885905097983141e+03
767.4160085761127,1.247175473221515404e+03
767.4892545691928,1.243216186004939118e+03
767.5624909794419,1.237673183901732500e+03
767.6357413679548,1.243216186004939118e+03
767.7089173321764,1.239256898788362832e+03
767.7821603029794,1.232922039241841048e+03
767.8553936664732,1.236881326458417107e+03
767.928641001735,1.243216186004939118e+03
768.001843330076,1.232922039241841048e+03
768.0750596156819,1.221044177592112192e+03
768.1482662604737,1.227379037138634203e+03
768.2215104680862,1.240048756231678226e+03
768.2947391311019,1.218668605262166466e+03
768.3679227171707,1.215501175488905574e+03
768.441155676817,1.228170894581949369e+03
768.5143376298478,1.216293032932220740e+03
768.5875985030231,1.225003464808688477e+03
768.6607551772538,1.215501175488905574e+03
768.7340085126597,1.217876747818851300e+03
768.8071930624363,1.217084890375535906e+03
768.8803619892306,1.220252320148797025e+03
768.9535980606818,1.224211607365373311e+03
769.0267948587721,1.213125603158959848e+03
769.0999760176759,1.206790743612437836e+03
769.1732302685929,1.210750030829013895e+03
769.2464097142773,1.204415171282492111e+03
769.3195794118245,1.196496596849339539e+03
769.3928163071785,1.200455884065915825e+03
769.4660079399233,1.195704739406024373e+03
769.5391838897698,1.198080311735970099e+03
769.6123796819868,1.196496596849339539e+03
769.6855538548153,1.202831456395861551e+03
769.7587182425186,1.203623313839176717e+03
769.8319202468393,1.191745452189448088e+03
769.9051421026546,1.201247741509230991e+03
769.97834824532,1.193329167076078647e+03
770.0515030831361,1.191745452189448088e+03
770.1247074085248,1.190161737302817528e+03
770.1978663329771,1.179867590539719231e+03
770.2710688242653,1.186994307529556636e+03
770.3442258887268,1.184618735199610910e+03
770.4173671736539,1.180659447983034624e+03
770.4905282854356,1.159279297013522864e+03
770.5637270444658,1.179867590539719231e+03
770.6369100189285,1.179867590539719231e+03
770.7100771958651,1.176700160766458339e+03
770.7832642087253,1.171157158663251721e+03
770.856459180459,1.175116445879827779e+03
770.9295551317979,1.167989728889990602e+03
771.0027481693259,1.171157158663251721e+03
771.0759313239301,1.165614156560044876e+03
771.1490926926053,1.152944437467000853e+03
771.2222144154819,1.159279297013522864e+03
771.2954094963922,1.148193292807109401e+03
771.368588721728,1.162446726786783984e+03
771.4417223223901,1.145817720477163675e+03
771.5148995537488,1.136315431157380772e+03
771.5880013670636,1.145025863033848509e+03
771.6612063537742,1.142650290703902783e+03
771.734306117772,1.136315431157380772e+03
771.8074852581613,1.129980571610858760e+03
771.8806127402132,1.124437569507651915e+03
771.953783876625,1.148193292807109401e+03
772.0269152446992,1.130772429054173926e+03
772.1000843158894,1.137899146044011104e+03
772.1732135949969,1.122061997177706189e+03
772.2463209463975,1.108600420641347000e+03
772.3195077548475,1.124437569507651915e+03
