X,Y
534.0051269287335,2.604000000000000000e+03
534.0808105837979,2.614000000000000000e+03
534.1564941245075,2.622000000000000000e+03
534.2322387608131,2.606000000000000000e+03
534.3079223194351,2.636000000000000000e+03
534.3836059646314,2.642000000000000000e+03
534.459289487409,2.630000000000000000e+03
534.534973107135,2.630000000000000000e+03
534.6106567862021,2.649000000000000000e+03
534.6863402868432,2.609000000000000000e+03
534.7620238571769,2.663000000000000000e+03
534.8377074881613,2.669000000000000000e+03
534.9134522313972,2.683000000000000000e+03
534.9891358020897,2.692000000000000000e+03
535.0648193202943,2.690000000000000000e+03
535.140502776876,2.724000000000000000e+03
535.2161864491509,2.740000000000000000e+03
535.2918700416792,2.744000000000000000e+03
535.367553831929,2.768000000000000000e+03
535.4432372375885,2.750000000000000000e+03
535.5189208228152,2.769000000000000000e+03
535.594604578686,2.811000000000000000e+03
535.6702882093306,2.794000000000000000e+03
535.745971418549,2.796000000000000000e+03
535.8216553453357,2.803000000000000000e+03
535.8973391196765,2.825000000000000000e+03
535.9730227323798,2.825000000000000000e+03
536.0487061742487,2.833000000000000000e+03
536.1243894360814,2.829000000000000000e+03
536.2000730836918,2.837000000000000000e+03
536.275756820763,2.859000000000000000e+03
536.3514406383212,2.857000000000000000e+03
536.4271239518794,2.874000000000000000e+03
536.5028079033076,2.881000000000000000e+03
536.5784913324379,2.884000000000000000e+03
536.6541748057845,2.894000000000000000e+03
536.7298583143477,2.915000000000000000e+03
536.8055421372837,2.886000000000000000e+03
536.8812254011024,2.911000000000000000e+03
536.9569092495924,2.918000000000000000e+03
537.0325928090099,2.943000000000000000e+03
537.1082763585715,2.937000000000000000e+03
537.1839598892475,2.976000000000000000e+03
537.2596436806508,2.957000000000000000e+03
537.3353268577979,2.983000000000000000e+03
537.411010566398,2.997000000000000000e+03
537.4866335528031,2.999000000000000000e+03
537.5623168365025,3.001000000000000000e+03
537.6380003360828,3.008000000000000000e+03
537.7136843318589,3.001000000000000000e+03
537.7893676583791,3.004000000000000000e+03
537.8650511739759,3.035000000000000000e+03
537.940734869813,3.066000000000000000e+03
538.0164184475874,3.046000000000000000e+03
538.0920408046188,3.095000000000000000e+03
538.1677246810524,3.082000000000000000e+03
538.2434084124591,3.075000000000000000e+03
538.3190919897331,3.092000000000000000e+03
538.3947756936324,3.092000000000000000e+03
538.4704589353845,3.112000000000000000e+03
538.5461425757196,3.125000000000000000e+03
538.6217653920648,3.099000000000000000e+03
538.6974486256656,3.116000000000000000e+03
538.7731322312683,3.149000000000000000e+03
538.8488156195046,3.141000000000000000e+03
538.9244993621073,3.146000000000000000e+03
539.0001221504488,3.176000000000000000e+03
539.0758056867688,3.193000000000000000e+03
539.1514895509623,3.159000000000000000e+03
539.2271725712882,3.209000000000000000e+03
539.3027954051873,3.196000000000000000e+03
539.378479310497,3.208000000000000000e+03
539.4541629264281,3.238000000000000000e+03
539.5298462437939,3.240000000000000000e+03
539.6054689803647,3.240000000000000000e+03
539.6811522386217,3.261000000000000000e+03
539.7568363363963,3.244000000000000000e+03
539.832519225528,3.280000000000000000e+03
539.9081423044014,3.294000000000000000e+03
539.9838259373797,3.314000000000000000e+03
540.0595095003099,3.301000000000000000e+03
540.1351320092971,3.310000000000000000e+03
540.2108150962631,3.315000000000000000e+03
540.2864989617823,3.338000000000000000e+03
540.362121111465,3.328000000000000000e+03
540.4378056155781,3.321000000000000000e+03
540.5134888278695,3.333000000000000000e+03
540.5891111220752,3.346000000000000000e+03
540.6647949195459,3.360000000000000000e+03
540.7404782741969,3.362000000000000000e+03
540.8161009254455,3.372000000000000000e+03
540.8917848125893,3.387000000000000000e+03
540.9674685225426,3.397000000000000000e+03
541.0430911589102,3.417000000000000000e+03
541.1187741775063,3.413000000000000000e+03
541.194457870279,3.404000000000000000e+03
541.2700807045082,3.446000000000000000e+03
541.3457636520761,3.458000000000000000e+03
541.4213865683067,3.424000000000000000e+03
541.497070200242,3.475000000000000000e+03
541.5727541699249,3.464000000000000000e+03
541.648376858336,3.488000000000000000e+03
541.7240599931954,3.514000000000000000e+03
541.7996829685276,3.498000000000000000e+03
541.8753664065381,3.526000000000000000e+03
541.950988459017,3.532000000000000000e+03
542.0266721649095,3.531000000000000000e+03
542.1022953150494,3.569000000000000000e+03
542.1779780782617,3.574000000000000000e+03
542.2536014098382,3.575000000000000000e+03
542.329284076073,3.586000000000000000e+03
542.4049075539548,3.627000000000000000e+03
542.4805912648831,3.609000000000000000e+03
542.5562136767595,3.611000000000000000e+03
542.631897220388,3.648000000000000000e+03
542.7075197075332,3.664000000000000000e+03
542.7832033429272,3.665000000000000000e+03
542.8588255754784,3.649000000000000000e+03
542.9345092673785,3.710000000000000000e+03
543.0101320942985,3.690000000000000000e+03
543.0858158076525,3.697000000000000000e+03
543.1614377193954,3.734000000000000000e+03
543.2371220089141,3.700000000000000000e+03
543.3127444450705,3.713000000000000000e+03
543.3884278000902,3.735000000000000000e+03
543.4640501352047,3.760000000000000000e+03
543.5396728412053,3.770000000000000000e+03
543.6153561952086,3.789000000000000000e+03
543.6909787475163,3.763000000000000000e+03
543.7666625552929,3.786000000000000000e+03
543.8422846228852,3.803000000000000000e+03
543.917907905318,3.816000000000000000e+03
543.9935909887698,3.813000000000000000e+03
544.0692140297832,3.835000000000000000e+03
544.1448361882029,3.823000000000000000e+03
544.220519947648,3.840000000000000000e+03
544.2961426997966,3.841000000000000000e+03
544.3718261809979,3.858000000000000000e+03
544.4474486032625,3.863000000000000000e+03
544.5230709870222,3.875000000000000000e+03
544.5987550137446,3.884000000000000000e+03
544.6743770145879,3.915000000000000000e+03
544.7500001373947,3.905000000000000000e+03
544.8256222965063,3.927000000000000000e+03
544.9013064288619,3.952000000000000000e+03
544.976929025401,3.975000000000000000e+03
545.0525518192319,3.966000000000000000e+03
545.1282345318966,3.987000000000000000e+03
545.2038574139079,4.001000000000000000e+03
545.27947957532,4.005000000000000000e+03
545.3551027912747,4.019000000000000000e+03
545.4307859578726,4.018000000000000000e+03
545.5064085974922,4.041000000000000000e+03
545.582031075963,4.067000000000000000e+03
545.6576539799133,4.075000000000000000e+03
545.7333374615957,4.108000000000000000e+03
545.8089603143547,4.105000000000000000e+03
545.8845823750287,4.137000000000000000e+03
545.9602051246089,4.117000000000000000e+03
546.0358279586479,4.150000000000000000e+03
546.1115111125337,4.173000000000000000e+03
546.1871341062584,4.160000000000000000e+03
546.2627559649052,4.185000000000000000e+03
546.3383790667153,4.199000000000000000e+03
546.4140010154777,4.206000000000000000e+03
546.4896238920949,4.202000000000000000e+03
546.5653080328324,4.243000000000000000e+03
546.6409297699242,4.245000000000000000e+03
546.7165527083374,4.234000000000000000e+03
546.7921753454747,4.256000000000000000e+03
546.8677979714669,4.285000000000000000e+03
546.9434205776232,4.246000000000000000e+03
547.0190431552487,4.284000000000000000e+03
547.0946647977053,4.308000000000000000e+03
547.1703492667542,4.304000000000000000e+03
547.2459723224066,4.308000000000000000e+03
547.3215944163495,4.321000000000000000e+03
547.3972173369806,4.353000000000000000e+03
547.4728389782355,4.378000000000000000e+03
547.5484617288662,4.339000000000000000e+03
547.6240849813485,4.344000000000000000e+03
547.6997072275658,4.371000000000000000e+03
547.7753302583766,4.384000000000000000e+03
547.8509522649341,4.369000000000000000e+03
547.9265750390812,4.413000000000000000e+03
548.0021964706609,4.417000000000000000e+03
548.0778207553666,4.427000000000000000e+03
548.1534418774738,4.422000000000000000e+03
548.2290652357153,4.443000000000000000e+03
548.3046878169241,4.424000000000000000e+03
548.3803093111,4.445000000000000000e+03
548.4559330175531,4.438000000000000000e+03
548.5315556197277,4.453000000000000000e+03
548.6071771080813,4.499000000000000000e+03
548.6828010856999,4.469000000000000000e+03
548.7584221255744,4.505000000000000000e+03
548.834045337373,4.538000000000000000e+03
548.9096673999533,4.528000000000000000e+03
548.9852904134418,4.536000000000000000e+03
549.0609137670749,4.553000000000000000e+03
549.1364750314843,4.576000000000000000e+03
549.2120978166789,4.557000000000000000e+03
549.2877191060418,4.579000000000000000e+03
549.3633428131332,4.590000000000000000e+03
549.4389653087501,4.590000000000000000e+03
549.5145865832915,4.646000000000000000e+03
549.590210251744,4.642000000000000000e+03
549.665832681899,4.662000000000000000e+03
549.7413946298766,4.677000000000000000e+03
549.8170160497809,4.645000000000000000e+03
549.8926398319383,4.691000000000000000e+03
549.9682623401311,4.696000000000000000e+03
550.0438835647246,4.679000000000000000e+03
550.1195068250248,4.751000000000000000e+03
550.1950679386268,4.718000000000000000e+03
550.2706906900269,4.764000000000000000e+03
550.3463136366366,4.778000000000000000e+03
550.421935255224,4.732000000000000000e+03
550.4975591726949,4.767000000000000000e+03
550.5731205123872,4.803000000000000000e+03
550.6487432287166,4.818000000000000000e+03
550.7243648844632,4.814000000000000000e+03
550.7999885039992,4.819000000000000000e+03
550.8755494425731,4.857000000000000000e+03
550.951172094361,4.842000000000000000e+03
551.0267951682852,4.898000000000000000e+03
551.1024165301448,4.883000000000000000e+03
551.1779790561093,4.876000000000000000e+03
551.2536012026161,4.898000000000000000e+03
551.3292237372492,4.917000000000000000e+03
551.4047855382855,4.942000000000000000e+03
551.4804066788231,4.957000000000000000e+03
551.5560303111364,4.963000000000000000e+03
551.6315910047903,4.973000000000000000e+03
551.7072150175466,4.965000000000000000e+03
551.7828375420726,5.019000000000000000e+03
551.8583991818102,5.000000000000000000e+03
551.9340205121266,5.008000000000000000e+03
552.0096436778041,5.034000000000000000e+03
552.0852040546326,5.030000000000000000e+03
552.1608281083562,5.029000000000000000e+03
552.2363887123648,5.095000000000000000e+03
552.3120111809802,5.054000000000000000e+03
552.3876339198484,5.075000000000000000e+03
552.4631955723437,5.092000000000000000e+03
552.5388185047575,5.096000000000000000e+03
552.614380300461,5.098000000000000000e+03
552.6900021708618,5.095000000000000000e+03
552.765564075718,5.105000000000000000e+03
552.8411860712373,5.145000000000000000e+03
552.9168082777293,5.121000000000000000e+03
552.9923707499584,5.155000000000000000e+03
553.0679933370403,5.166000000000000000e+03
553.1435543046211,5.169000000000000000e+03
553.2191769324178,5.143000000000000000e+03
553.2947381962192,5.177000000000000000e+03
553.3703611371725,5.170000000000000000e+03
553.4459223575054,5.167000000000000000e+03
553.521545578136,5.244000000000000000e+03
553.5971070276289,5.219000000000000000e+03
553.6727301879512,5.228000000000000000e+03
553.74829183306,5.262000000000000000e+03
553.823851714682,5.272000000000000000e+03
553.8994751723073,5.252000000000000000e+03
553.9750367322185,5.276000000000000000e+03
554.050658510177,5.261000000000000000e+03
554.1262201811371,5.302000000000000000e+03
554.2018439290302,5.285000000000000000e+03
554.2774053707294,5.273000000000000000e+03
554.3529671374815,5.333000000000000000e+03
554.4285888549837,5.343000000000000000e+03
554.5041506486573,5.360000000000000000e+03
554.579712127434,5.337000000000000000e+03
554.6553335805664,5.395000000000000000e+03
554.7308950353918,5.408000000000000000e+03
554.8065186350868,5.366000000000000000e+03
554.8820800328116,5.418000000000000000e+03
554.9576410728757,5.448000000000000000e+03
555.0332642831411,5.453000000000000000e+03
555.108825215094,5.467000000000000000e+03
555.1843863800646,5.483000000000000000e+03
555.2599490030949,5.477000000000000000e+03
555.3355716725129,5.505000000000000000e+03
555.4111322702728,5.545000000000000000e+03
555.486694610333,5.543000000000000000e+03
555.5623170204691,5.531000000000000000e+03
555.6378788265472,5.555000000000000000e+03
555.7134408077316,5.597000000000000000e+03
555.7890023379755,5.599000000000000000e+03
555.8646239696742,5.640000000000000000e+03
555.9401852063803,5.615000000000000000e+03
556.0157462753666,5.638000000000000000e+03
556.0913090235443,5.700000000000000000e+03
556.1668694227267,5.690000000000000000e+03
556.2424921284115,5.655000000000000000e+03
556.3180540060974,5.688000000000000000e+03
556.3936159838638,5.711000000000000000e+03
556.46917743411,5.711000000000000000e+03
556.544738657784,5.737000000000000000e+03
556.6202993365139,5.766000000000000000e+03
556.6959226832005,5.790000000000000000e+03
556.7714847427467,5.792000000000000000e+03
556.8470468524312,5.776000000000000000e+03
556.9226065226395,5.835000000000000000e+03
556.9981696377276,5.818000000000000000e+03
557.0737306061917,5.832000000000000000e+03
557.1492912804306,5.853000000000000000e+03
557.2248535148585,5.879000000000000000e+03
557.3004154389016,5.841000000000000000e+03
557.3759767333004,5.889000000000000000e+03
557.451598607399,5.881000000000000000e+03
557.5271614300829,5.921000000000000000e+03
557.6027217325554,5.903000000000000000e+03
557.6782835475029,5.938000000000000000e+03
557.7538450012918,5.933000000000000000e+03
557.8294060853028,5.940000000000000000e+03
557.9049686584602,5.900000000000000000e+03
557.9805305342576,5.969000000000000000e+03
558.0560904581027,5.967000000000000000e+03
558.1316534042687,5.981000000000000000e+03
558.2072143813721,5.996000000000000000e+03
558.2827764962979,5.968000000000000000e+03
558.3583381828406,6.001000000000000000e+03
558.4338994323449,5.992000000000000000e+03
558.5094602361507,6.031000000000000000e+03
558.5850224576968,5.987000000000000000e+03
558.6605230453073,6.024000000000000000e+03
558.7360843175928,6.035000000000000000e+03
558.8116447982349,6.024000000000000000e+03
558.8872066647817,6.037000000000000000e+03
558.9627683478695,6.074000000000000000e+03
559.0383292140123,6.058000000000000000e+03
559.1138914425185,6.088000000000000000e+03
559.1894531500513,6.094000000000000000e+03
559.2650140151281,6.067000000000000000e+03
559.3405155236203,6.116000000000000000e+03
559.4160774775995,6.151000000000000000e+03
559.491638563738,6.146000000000000000e+03
559.5671990861741,6.159000000000000000e+03
559.6427612285802,6.175000000000000000e+03
559.7183224777227,6.175000000000000000e+03
559.7938239112091,6.170000000000000000e+03
559.8693855251184,6.175000000000000000e+03
559.9449468470373,6.214000000000000000e+03
560.0205075548458,6.227000000000000000e+03
560.0960695220344,6.240000000000000000e+03
560.1715693553381,6.291000000000000000e+03
560.2471316053342,6.250000000000000000e+03
560.3226935219939,6.302000000000000000e+03
560.3982544687057,6.344000000000000000e+03
560.4737553798353,6.360000000000000000e+03
560.549316857351,6.349000000000000000e+03
560.6248776534629,6.365000000000000000e+03
560.70037802624,6.380000000000000000e+03
560.7759393038835,6.378000000000000000e+03
560.8515017620771,6.421000000000000000e+03
560.9270018364357,6.443000000000000000e+03
561.0025625253518,6.458000000000000000e+03
561.0781246855694,6.471000000000000000e+03
561.1536262760454,6.460000000000000000e+03
561.2291866163674,6.505000000000000000e+03
561.304748089255,6.543000000000000000e+03
561.3802492335784,6.524000000000000000e+03
561.4558107265045,6.555000000000000000e+03
561.5313717522904,6.557000000000000000e+03
561.6068723759059,6.610000000000000000e+03
561.6824333719698,6.624000000000000000e+03
561.7579339169324,6.616000000000000000e+03
561.8334954817075,6.659000000000000000e+03
561.9089955995389,6.642000000000000000e+03
561.9845564375671,6.644000000000000000e+03
562.0601218043322,6.678000000000000000e+03
562.1356190160956,6.707000000000000000e+03
562.2111807638972,6.685000000000000000e+03
562.2866837867199,6.684000000000000000e+03
562.3622450420103,6.725000000000000000e+03
562.4377443607594,6.755000000000000000e+03
562.5133050891404,6.761000000000000000e+03
562.5888069961169,6.725000000000000000e+03
562.6643671648543,6.755000000000000000e+03
562.739868463935,6.739000000000000000e+03
562.8154280394092,6.785000000000000000e+03
562.8909286969488,6.744000000000000000e+03
562.9664305978828,6.808000000000000000e+03
563.0419939681478,6.777000000000000000e+03
563.1174920085415,6.794000000000000000e+03
563.19305470474,6.792000000000000000e+03
563.2685551920358,6.857000000000000000e+03
563.3440568835294,6.819000000000000000e+03
563.419616911542,6.860000000000000000e+03
563.4951146546897,6.849000000000000000e+03
563.5706770994776,6.865000000000000000e+03
563.6461803879624,6.865000000000000000e+03
563.7216816652208,6.845000000000000000e+03
563.7972413162915,6.889000000000000000e+03
563.8727417375509,6.904000000000000000e+03
563.948243300408,6.888000000000000000e+03
564.0238032597638,6.935000000000000000e+03
564.0993039174446,6.934000000000000000e+03
564.1748025104577,6.931000000000000000e+03
564.2503658884998,6.947000000000000000e+03
564.3258667100131,6.952000000000000000e+03
564.4013686264184,6.980000000000000000e+03
564.4768684441426,6.987000000000000000e+03
564.5524298972744,6.981000000000000000e+03
564.6279318813953,7.018000000000000000e+03
564.7034317408531,7.021000000000000000e+03
564.7789326555933,7.044000000000000000e+03
564.8544314277575,7.099000000000000000e+03
564.9299918767013,7.082000000000000000e+03
565.005495928257,7.091000000000000000e+03
565.0809946197296,7.093000000000000000e+03
565.1564943267665,7.070000000000000000e+03
565.2319918472216,7.100000000000000000e+03
565.3075574772264,7.060000000000000000e+03
565.3830570069348,7.099000000000000000e+03
565.4585575213804,7.152000000000000000e+03
565.5340558149843,7.156000000000000000e+03
565.6095582761728,7.196000000000000000e+03
565.6850585002172,7.179000000000000000e+03
565.760556477251,7.186000000000000000e+03
565.8360618025167,7.212000000000000000e+03
565.9116225122199,7.257000000000000000e+03
565.9871233197282,7.286000000000000000e+03
566.0626218458439,7.300000000000000000e+03
566.1381244909254,7.382000000000000000e+03
566.2136216322725,7.405000000000000000e+03
566.289126084757,7.449000000000000000e+03
566.3646250154166,7.524000000000000000e+03
566.4401248288668,7.498000000000000000e+03
566.5156223083626,7.530000000000000000e+03
566.5911238644974,7.537000000000000000e+03
566.666626281373,7.536000000000000000e+03
566.7421263396649,7.569000000000000000e+03
566.8176240294433,7.579000000000000000e+03
566.8931289818083,7.596000000000000000e+03
566.9686283363882,7.625000000000000000e+03
567.044128511452,7.602000000000000000e+03
567.1196262833736,7.609000000000000000e+03
567.1951280764068,7.618000000000000000e+03
567.2706306677735,7.643000000000000000e+03
567.3460696737624,7.650000000000000000e+03
567.4215706028087,7.677000000000000000e+03
567.4970690857559,7.658000000000000000e+03
567.5725715554013,7.670000000000000000e+03
567.6480715624202,7.697000000000000000e+03
567.7235723199296,7.710000000000000000e+03
567.7990705965543,7.668000000000000000e+03
567.8745728319317,7.718000000000000000e+03
567.9500112820856,7.695000000000000000e+03
568.0255117228037,7.683000000000000000e+03
568.1010128751681,7.718000000000000000e+03
568.1765115034954,7.707000000000000000e+03
568.2520140559766,7.734000000000000000e+03
568.327455928513,7.715000000000000000e+03
568.4029533742392,7.674000000000000000e+03
568.478454722623,7.758000000000000000e+03
568.5539535037092,7.725000000000000000e+03
568.6293947397575,7.742000000000000000e+03
568.7048948100362,7.729000000000000000e+03
568.7803955214323,7.736000000000000000e+03
568.8558968664703,7.730000000000000000e+03
568.9313373379196,7.769000000000000000e+03
569.0068366737867,7.773000000000000000e+03
569.0823366191238,7.767000000000000000e+03
569.1577756177235,7.817000000000000000e+03
569.2332767431898,7.793000000000000000e+03
569.3087752145101,7.754000000000000000e+03
569.3842159078702,7.791000000000000000e+03
569.4597155117148,7.811000000000000000e+03
569.5352189219938,7.852000000000000000e+03
569.6106547533757,7.796000000000000000e+03
569.6861592519366,7.828000000000000000e+03
569.7615961204366,7.821000000000000000e+03
569.8370951828829,7.888000000000000000e+03
569.9125980167112,7.865000000000000000e+03
569.9880363908212,7.874000000000000000e+03
570.063540235015,7.900000000000000000e+03
570.1389763193972,7.898000000000000000e+03
570.2144778914571,7.903000000000000000e+03
570.2899149030349,7.921000000000000000e+03
570.3654174215969,7.992000000000000000e+03
570.4408585841445,7.971000000000000000e+03
570.516355510032,7.995000000000000000e+03
570.5917975400971,8.021000000000000000e+03
570.6672953476274,8.028000000000000000e+03
570.7427349574187,8.065000000000000000e+03
570.8182368737373,8.030000000000000000e+03
570.8936740294567,8.071000000000000000e+03
570.9691767675921,8.089000000000000000e+03
571.044617956385,8.130000000000000000e+03
571.120118225025,8.133000000000000000e+03
571.1955568946336,8.185000000000000000e+03
571.2709959150741,8.230000000000000000e+03
571.3464973017159,8.189000000000000000e+03
571.4219370173379,8.243000000000000000e+03
571.4974358505949,8.240000000000000000e+03
571.5728729630794,8.288000000000000000e+03
571.6483169221735,8.294000000000000000e+03
571.7238167556269,8.288000000000000000e+03
571.7992547962239,8.328000000000000000e+03
571.874696395271,8.332000000000000000e+03
571.9501938880238,8.318000000000000000e+03
572.0256327861869,8.364000000000000000e+03
572.1010752224225,8.375000000000000000e+03
572.1765735734161,8.384000000000000000e+03
572.2520132602132,8.388000000000000000e+03
572.3274531890821,8.397000000000000000e+03
572.4028933523459,8.456000000000000000e+03
572.4783960113044,8.434000000000000000e+03
572.5538333585442,8.410000000000000000e+03
572.6292741944405,8.477000000000000000e+03
572.7047119540778,8.448000000000000000e+03
572.780212242593,8.464000000000000000e+03
572.8556503993934,8.470000000000000000e+03
572.9310920175104,8.484000000000000000e+03
573.0065305250978,8.465000000000000000e+03
573.0819691960772,8.506000000000000000e+03
573.1574080227304,8.475000000000000000e+03
573.232909430562,8.503000000000000000e+03
573.3083485618251,8.510000000000000000e+03
573.3837911132744,8.521000000000000000e+03
573.4592305026606,8.516000000000000000e+03
573.5346700090696,8.520000000000000000e+03
573.6101096247586,8.499000000000000000e+03
573.6855493419805,8.501000000000000000e+03
573.7609858609676,8.494000000000000000e+03
573.8364257571322,8.495000000000000000e+03
573.9118624378157,8.515000000000000000e+03
573.9873057764995,8.552000000000000000e+03
574.0627425886909,8.511000000000000000e+03
574.1382453810519,8.572000000000000000e+03
574.2136823092575,8.530000000000000000e+03
574.2891225732211,8.547000000000000000e+03
574.3645628688121,8.552000000000000000e+03
574.4399404917988,8.490000000000000000e+03
574.5153808108072,8.563000000000000000e+03
574.5908178365182,8.559000000000000000e+03
574.6662581633567,8.570000000000000000e+03
574.7416984828392,8.583000000000000000e+03
574.8171387871569,8.587000000000000000e+03
574.8925790684976,8.609000000000000000e+03
574.9680160131622,8.576000000000000000e+03
575.0434562242268,8.599000000000000000e+03
575.1188930812343,8.635000000000000000e+03
575.1943364992081,8.619000000000000000e+03
575.2697765474628,8.627000000000000000e+03
575.3451536315831,8.644000000000000000e+03
575.4205935156243,8.626000000000000000e+03
575.4960333140378,8.687000000000000000e+03
575.5714730189743,8.734000000000000000e+03
575.6469093088864,8.705000000000000000e+03
575.7223521169975,8.738000000000000000e+03
575.7977285011834,8.725000000000000000e+03
575.8731677371276,8.773000000000000000e+03
575.9486101574518,8.707000000000000000e+03
576.0240491208147,8.758000000000000000e+03
576.0994281953324,8.776000000000000000e+03
576.1748668380864,8.824000000000000000e+03
576.2503053165299,8.807000000000000000e+03
576.3257436227722,8.866000000000000000e+03
576.401121946027,8.850000000000000000e+03
576.4765631917769,8.913000000000000000e+03
576.5520009192454,8.895000000000000000e+03
576.627378593058,8.918000000000000000e+03
576.7028192152051,8.931000000000000000e+03
576.7782596194585,8.941000000000000000e+03
576.8536365734708,8.977000000000000000e+03
576.9290798301113,9.000000000000000000e+03
577.0045161881444,8.998000000000000000e+03
577.0798956812308,9.008000000000000000e+03
577.1553348449369,9.038000000000000000e+03
577.2307737431714,9.013000000000000000e+03
577.3061523771543,9.092000000000000000e+03
577.3815940386273,9.085000000000000000e+03
577.4569687212091,9.101000000000000000e+03
577.5324097821534,9.078000000000000000e+03
577.6077871497567,9.127000000000000000e+03
577.6832275791974,9.121000000000000000e+03
577.7586042662564,9.154000000000000000e+03
577.8340473712362,9.165000000000000000e+03
577.9094233467189,9.106000000000000000e+03
577.9848624183549,9.161000000000000000e+03
578.06024099099,9.183000000000000000e+03
578.1356826786689,9.194000000000000000e+03
578.2110604784385,9.222000000000000000e+03
578.2865014103915,9.222000000000000000e+03
578.3618750602704,9.214000000000000000e+03
578.4373152036164,9.218000000000000000e+03
578.5126947075182,9.232000000000000000e+03
578.5880737744064,9.247000000000000000e+03
578.6635160180301,9.198000000000000000e+03
578.7388908540094,9.253000000000000000e+03
578.8143322323514,9.262000000000000000e+03
578.8897095032095,9.228000000000000000e+03
578.9650862969057,9.249000000000000000e+03
579.0405296629765,9.275000000000000000e+03
579.1159054956761,9.265000000000000000e+03
579.1912841817008,9.275000000000000000e+03
579.2667227590988,9.243000000000000000e+03
579.3421004375672,9.221000000000000000e+03
579.4174809495532,9.259000000000000000e+03
579.4928575733711,9.251000000000000000e+03
579.5682974782039,9.251000000000000000e+03
579.6436763906835,9.246000000000000000e+03
579.7190547488921,9.234000000000000000e+03
579.7944325447469,9.234000000000000000e+03
579.8698736574771,9.286000000000000000e+03
579.9452503209693,9.281000000000000000e+03
580.0206297620755,9.234000000000000000e+03
580.0960086102061,9.257000000000000000e+03
580.1713868572579,9.290000000000000000e+03
580.2467678619868,9.258000000000000000e+03
580.3222055027192,9.248000000000000000e+03
580.3975819144985,9.260000000000000000e+03
580.472964431725,9.324000000000000000e+03
580.5483361997073,9.288000000000000000e+03
580.6237208011142,9.268000000000000000e+03
580.6990980056318,9.275000000000000000e+03
580.774474545852,9.313000000000000000e+03
580.8498537875009,9.324000000000000000e+03
580.9252289755794,9.319000000000000000e+03
581.0006743628959,9.335000000000000000e+03
581.0760481837603,9.347000000000000000e+03
581.1514280543308,9.376000000000000000e+03
581.2268072152121,9.343000000000000000e+03
581.3021822791188,9.372000000000000000e+03
581.3775633752501,9.312000000000000000e+03
581.4529437389426,9.360000000000000000e+03
581.5283199802694,9.426000000000000000e+03
581.6036988536778,9.404000000000000000e+03
581.6790160670166,9.439000000000000000e+03
581.7543934024975,9.434000000000000000e+03
581.8297699646201,9.435000000000000000e+03
581.9051525174606,9.459000000000000000e+03
581.9805308970429,9.510000000000000000e+03
582.0559084804219,9.498000000000000000e+03
582.1312852593902,9.494000000000000000e+03
582.206668005028,9.501000000000000000e+03
582.2820397617667,9.527000000000000000e+03
582.3574242532981,9.568000000000000000e+03
582.4327366749485,9.574000000000000000e+03
582.508116082625,9.605000000000000000e+03
582.5834946400697,9.604000000000000000e+03
582.658872339047,9.611000000000000000e+03
582.7342525671091,9.669000000000000000e+03
582.8095673852416,9.685000000000000000e+03
582.8849492395216,9.629000000000000000e+03
582.9603268074364,9.690000000000000000e+03
583.0357068767066,9.734000000000000000e+03
583.1110214380087,9.725000000000000000e+03
583.1864030744695,9.755000000000000000e+03
583.2617769878166,9.727000000000000000e+03
583.3371601786139,9.763000000000000000e+03
583.4124743613642,9.783000000000000000e+03
583.4878556582576,9.787000000000000000e+03
583.5632325991093,9.804000000000000000e+03
583.6385472652148,9.805000000000000000e+03
583.7139290751193,9.821000000000000000e+03
583.7893065032263,9.849000000000000000e+03
583.8646249949269,9.840000000000000000e+03
583.9400004322508,9.846000000000000000e+03
584.0153168866366,9.871000000000000000e+03
584.0907005347968,9.876000000000000000e+03
584.1660763462396,9.881000000000000000e+03
584.2413965200363,9.841000000000000000e+03
584.3167736762043,9.910000000000000000e+03
584.3920917365156,9.835000000000000000e+03
584.4674702084938,9.875000000000000000e+03
584.5427861228587,9.898000000000000000e+03
584.6181658817017,9.918000000000000000e+03
584.6934796176279,9.938000000000000000e+03
584.7688572148127,9.909000000000000000e+03
584.8441755797492,9.906000000000000000e+03
584.919554404934,9.904000000000000000e+03
584.9948739529473,9.855000000000000000e+03
585.0702539779767,9.915000000000000000e+03
585.145567832981,9.893000000000000000e+03
585.2208873808705,9.883000000000000000e+03
585.2962674300239,9.846000000000000000e+03
585.3715812355221,9.862000000000000000e+03
585.446962410467,9.862000000000000000e+03
585.522277293224,9.875000000000000000e+03
585.5975978392732,9.911000000000000000e+03
585.6729720672993,9.885000000000000000e+03
585.7482902189189,9.915000000000000000e+03
585.8236071536562,9.913000000000000000e+03
585.8989880858402,9.944000000000000000e+03
585.9743025783406,9.821000000000000000e+03
586.0496192632522,9.896000000000000000e+03
586.1249381347992,9.849000000000000000e+03
586.200317604434,9.847000000000000000e+03
586.2756374097312,9.897000000000000000e+03
586.3509525064017,9.908000000000000000e+03
586.4262697612708,9.922000000000000000e+03
586.5016510856912,9.886000000000000000e+03
586.576965774025,9.923000000000000000e+03
586.6522825996321,9.865000000000000000e+03
586.7275981142149,9.913000000000000000e+03
586.8029157526896,9.958000000000000000e+03
586.878297505942,9.946000000000000000e+03
586.9536125003841,9.954000000000000000e+03
587.0289295977367,9.992000000000000000e+03
587.1042487921765,1.000100000000000000e+04
587.1795666300785,9.950000000000000000e+03
587.2548831029591,1.003600000000000000e+04
587.3301982023304,9.969000000000000000e+03
587.4055153701529,1.001200000000000000e+04
587.4808346005856,1.007000000000000000e+04
587.5561558877838,1.002900000000000000e+04
587.631468866577,1.006300000000000000e+04
587.7067838851247,1.009600000000000000e+04
587.78216658026,1.008200000000000000e+04
587.8574856775697,1.010200000000000000e+04
587.9328033404089,1.010000000000000000e+04
588.0080538670875,1.012900000000000000e+04
588.0833720770029,1.016100000000000000e+04
588.1586888286358,1.015300000000000000e+04
588.234007573644,1.018600000000000000e+04
588.3093248450679,1.021300000000000000e+04
588.3846440963296,1.021600000000000000e+04
588.4599618586897,1.022700000000000000e+04
588.5352781235977,1.024300000000000000e+04
588.6105963471232,1.027300000000000000e+04
588.6859130578563,1.029300000000000000e+04
588.761231713632,1.027700000000000000e+04
588.8364864301399,1.031100000000000000e+04
588.9118020050827,1.033100000000000000e+04
588.9871195037894,1.033700000000000000e+04
589.0624389203426,1.037800000000000000e+04
589.1377567779897,1.036700000000000000e+04
589.2130730681441,1.039700000000000000e+04
589.2883287478853,1.037800000000000000e+04
589.3636453356847,1.042200000000000000e+04
589.4389638063658,1.043800000000000000e+04
589.5142806787193,1.043800000000000000e+04
589.5895403256021,1.040500000000000000e+04
589.6648574383153,1.044000000000000000e+04
589.740176406581,1.046600000000000000e+04
589.8154276479908,1.041700000000000000e+04
589.8907468120178,1.048200000000000000e+04
589.9660643313503,1.053000000000000000e+04
590.0413210120631,1.052700000000000000e+04
590.1166352010036,1.046500000000000000e+04
590.1919546858783,1.048600000000000000e+04
590.2672132644499,1.044600000000000000e+04
590.3425293741994,1.047200000000000000e+04
590.4177880160598,1.050000000000000000e+04
590.4931042037921,1.047500000000000000e+04
590.568418683014,1.046800000000000000e+04
590.643675627467,1.046600000000000000e+04
590.7189936284246,1.048200000000000000e+04
590.7942505619948,1.046700000000000000e+04
590.8695685685237,1.048900000000000000e+04
590.9448219696872,1.051200000000000000e+04
591.0201399515241,1.049300000000000000e+04
591.0953967743105,1.045500000000000000e+04
591.1707147029425,1.045700000000000000e+04
591.2459714266577,1.048200000000000000e+04
591.3212892726514,1.044900000000000000e+04
591.3965458678394,1.046100000000000000e+04
591.4718006307248,1.046400000000000000e+04
591.547116539627,1.047200000000000000e+04
591.6223746281325,1.046100000000000000e+04
591.6976903797901,1.045300000000000000e+04
591.7729482668865,1.046000000000000000e+04
591.8482042834247,1.047800000000000000e+04
591.9235214878881,1.046000000000000000e+04
591.9987807623979,1.047100000000000000e+04
592.0740346381908,1.047600000000000000e+04
592.1493532320127,1.047200000000000000e+04
592.2246103231383,1.048400000000000000e+04
592.2998654966053,1.047700000000000000e+04
592.3751222527409,1.048300000000000000e+04
592.4504402550338,1.052900000000000000e+04
592.5256966625434,1.052100000000000000e+04
592.6009511209176,1.053300000000000000e+04
592.6762106466866,1.051900000000000000e+04
592.7515244260364,1.056900000000000000e+04
592.8267835455117,1.053100000000000000e+04
592.9020371707703,1.058600000000000000e+04
592.9772958390107,1.052500000000000000e+04
593.0525489954576,1.057500000000000000e+04
593.1278071826566,1.052400000000000000e+04
593.2031266995527,1.055900000000000000e+04
593.2783808730474,1.059500000000000000e+04
593.3536365391337,1.055100000000000000e+04
593.4288936916811,1.064500000000000000e+04
593.5041488020836,1.063400000000000000e+04
593.5794089082539,1.063400000000000000e+04
593.6546634339551,1.060600000000000000e+04
593.729919417986,1.064100000000000000e+04
593.8051733281523,1.065700000000000000e+04
593.8804322095,1.068300000000000000e+04
593.955689002888,1.065400000000000000e+04
594.0309472282032,1.073400000000000000e+04
594.1061998200399,1.073700000000000000e+04
594.1814573584147,1.075000000000000000e+04
594.2567163084306,1.074500000000000000e+04
594.3319695993049,1.074800000000000000e+04
594.4072278190921,1.075000000000000000e+04
594.4824803620132,1.076300000000000000e+04
594.5577413564724,1.076900000000000000e+04
594.6329931222317,1.082400000000000000e+04
594.7082533289405,1.078200000000000000e+04
594.7834441469494,1.082900000000000000e+04
594.85870352054,1.085000000000000000e+04
594.9339607052526,1.082600000000000000e+04
595.0092192325558,1.083500000000000000e+04
595.0844720137306,1.086000000000000000e+04
595.1596694470827,1.092400000000000000e+04
595.2349248608839,1.085600000000000000e+04
595.310178044894,1.089000000000000000e+04
595.3854360798784,1.086800000000000000e+04
595.4606918708308,1.087600000000000000e+04
595.5358886627483,1.085100000000000000e+04
595.611147019589,1.090500000000000000e+04
595.6864031092157,1.091800000000000000e+04
595.7615965842728,1.090900000000000000e+04
595.836855197865,1.092300000000000000e+04
595.9121115210278,1.093800000000000000e+04
595.9873051606659,1.091300000000000000e+04
596.0625604137975,1.093200000000000000e+04
596.1378169052595,1.095300000000000000e+04
596.2130106441916,1.095200000000000000e+04
596.2882695773723,1.090400000000000000e+04
596.3635261735925,1.097400000000000000e+04
596.4387199482267,1.091400000000000000e+04
596.5139753866564,1.094600000000000000e+04
596.5891715160268,1.096100000000000000e+04
596.6644293271388,1.089700000000000000e+04
596.739624225117,1.090300000000000000e+04
596.8148808209818,1.092700000000000000e+04
596.8900744570072,1.090900000000000000e+04
596.9653333707323,1.092300000000000000e+04
597.0405257151125,1.093600000000000000e+04
597.115786920592,1.090900000000000000e+04
597.1909779436049,1.094700000000000000e+04
597.2662342801653,1.094700000000000000e+04
597.3414275184313,1.089200000000000000e+04
597.4166254158234,1.088600000000000000e+04
597.491885088153,1.091300000000000000e+04
597.5670780238231,1.089800000000000000e+04
597.6423327487403,1.090400000000000000e+04
597.7175242592349,1.089300000000000000e+04
597.792720398088,1.094900000000000000e+04
597.8679783530253,1.089800000000000000e+04
597.9431801766776,1.089400000000000000e+04
598.0183687346421,1.087300000000000000e+04
598.0936227072775,1.092400000000000000e+04
598.1688204827943,1.089300000000000000e+04
598.2440156960317,1.087000000000000000e+04
598.3192119177841,1.089000000000000000e+04
598.3944735953452,1.088900000000000000e+04
598.4696646678975,1.089500000000000000e+04
598.5448638913675,1.082500000000000000e+04
598.6200605143976,1.087800000000000000e+04
598.6952545279034,1.089000000000000000e+04
598.7705032869707,1.089900000000000000e+04
598.845702827054,1.087300000000000000e+04
598.9209033228055,1.089100000000000000e+04
598.9960940039387,1.090300000000000000e+04
599.0712892114018,1.088700000000000000e+04
599.1464853517283,1.092200000000000000e+04
599.2216788278446,1.092900000000000000e+04
599.2968768137707,1.092600000000000000e+04
599.3720685283897,1.091800000000000000e+04
599.4472683333562,1.093300000000000000e+04
599.5225229531976,1.094500000000000000e+04
599.5977173765003,1.094100000000000000e+04
599.6729126841367,1.098100000000000000e+04
599.7481088696748,1.097400000000000000e+04
599.8232987309193,1.094100000000000000e+04
599.8985002499289,1.100100000000000000e+04
599.9736306356483,1.098100000000000000e+04
600.0488302503571,1.096300000000000000e+04
600.1240271092662,1.101000000000000000e+04
600.1992212032151,1.099900000000000000e+04
600.274408919746,1.099300000000000000e+04
600.3496082679649,1.100400000000000000e+04
600.4248084342357,1.109500000000000000e+04
600.499998594085,1.108600000000000000e+04
600.5751931605373,1.103400000000000000e+04
600.6503235814662,1.105000000000000000e+04
600.7255197152398,1.102800000000000000e+04
600.8007166310834,1.109700000000000000e+04
600.875914322513,1.108400000000000000e+04
600.9511163944641,1.112000000000000000e+04
601.0262433719869,1.112500000000000000e+04
601.1014361076029,1.108700000000000000e+04
601.1766404316174,1.111200000000000000e+04
601.2518346554406,1.115600000000000000e+04
601.3269681412486,1.114000000000000000e+04
601.4021565754814,1.115200000000000000e+04
601.4773565793163,1.118600000000000000e+04
601.55249578129,1.120100000000000000e+04
601.6276863350764,1.119400000000000000e+04
601.7028775856559,1.122000000000000000e+04
601.7780115846128,1.119000000000000000e+04
601.8532078169892,1.122200000000000000e+04
601.9284011052009,1.124000000000000000e+04
602.0035370787526,1.122600000000000000e+04
602.0787353122603,1.123900000000000000e+04
602.1538653131911,1.125600000000000000e+04
602.2290648417321,1.123000000000000000e+04
602.3041960901958,1.122200000000000000e+04
602.3793896303448,1.124200000000000000e+04
602.4545329868457,1.124300000000000000e+04
602.52972050603,1.124600000000000000e+04
602.6048541681286,1.120600000000000000e+04
602.6800537894703,1.125000000000000000e+04
602.7551886194266,1.124600000000000000e+04
602.8303821600039,1.125400000000000000e+04
602.9055217646458,1.122600000000000000e+04
602.9807128258426,1.122000000000000000e+04
603.055846272166,1.124900000000000000e+04
603.1309766185691,1.119400000000000000e+04
603.2061729886882,1.125100000000000000e+04
603.281308042969,1.121400000000000000e+04
603.3564436151993,1.118900000000000000e+04
603.4316452421198,1.124600000000000000e+04
603.5067745623387,1.120100000000000000e+04
603.5819116632719,1.123800000000000000e+04
603.6571039159869,1.125600000000000000e+04
603.732238361985,1.120800000000000000e+04
603.8073696385936,1.123300000000000000e+04
603.8825123234259,1.120000000000000000e+04
603.9576992468579,1.120900000000000000e+04
604.0328355724649,1.120600000000000000e+04
604.1079723479853,1.117200000000000000e+04
604.1831095667776,1.118400000000000000e+04
604.2582983401253,1.113900000000000000e+04
604.3334364382367,1.119200000000000000e+04
604.4085676534826,1.121900000000000000e+04
604.4836992817685,1.119400000000000000e+04
604.5588422811774,1.116200000000000000e+04
604.6339747182885,1.119500000000000000e+04
604.7091075484526,1.117700000000000000e+04
604.7842444226404,1.120000000000000000e+04
604.859378019808,1.114900000000000000e+04
604.9345046710955,1.118900000000000000e+04
605.009704892442,1.121500000000000000e+04
605.0848359419433,1.123500000000000000e+04
605.1599746669862,1.117500000000000000e+04
605.23510275086,1.119000000000000000e+04
605.310245826721,1.118400000000000000e+04
605.3853159408447,1.121300000000000000e+04
605.4604486674336,1.122400000000000000e+04
605.535581711707,1.119600000000000000e+04
605.6107150669574,1.129700000000000000e+04
605.6858487264751,1.121500000000000000e+04
605.7609863530097,1.124200000000000000e+04
605.8361242722013,1.126200000000000000e+04
605.9112514634761,1.126100000000000000e+04
605.9863899450862,1.125500000000000000e+04
606.0615286991821,1.126600000000000000e+04
606.1365942387108,1.127400000000000000e+04
606.2117261495124,1.130700000000000000e+04
606.2868656606279,1.129900000000000000e+04
606.3619980637881,1.130300000000000000e+04
606.4370718595482,1.130400000000000000e+04
606.5122047116855,1.131400000000000000e+04
606.5873377854751,1.131600000000000000e+04
606.6624747545558,1.131300000000000000e+04
606.7375456701113,1.135600000000000000e+04
606.8126830359437,1.135900000000000000e+04
606.8878205982112,1.134800000000000000e+04
606.9628957214667,1.135600000000000000e+04
607.0380225859356,1.140300000000000000e+04
607.1131606786419,1.136600000000000000e+04
607.1882288919476,1.140000000000000000e+04
607.2633709869046,1.138500000000000000e+04
607.3385021736576,1.135600000000000000e+04
607.4135707840262,1.138600000000000000e+04
607.4887096199877,1.135900000000000000e+04
607.5637821472627,1.136200000000000000e+04
607.6389138462803,1.143000000000000000e+04
607.7139865728267,1.142700000000000000e+04
607.7891221807843,1.140700000000000000e+04
607.8641950802765,1.140900000000000000e+04
607.9393308785938,1.145300000000000000e+04
608.0144039237675,1.145900000000000000e+04
608.089539885174,1.142400000000000000e+04
608.1646130487377,1.143200000000000000e+04
608.2397417468239,1.144500000000000000e+04
608.3148187001017,1.144500000000000000e+04
608.3898956827247,1.141900000000000000e+04
608.4650245200035,1.146900000000000000e+04
608.5401015535813,1.146600000000000000e+04
608.6151785959717,1.150500000000000000e+04
608.6903112159022,1.146300000000000000e+04
608.7653771512115,1.144500000000000000e+04
608.8404578967535,1.143000000000000000e+04
608.9155905344547,1.144600000000000000e+04
608.990660126277,1.142300000000000000e+04
609.0657296820973,1.142800000000000000e+04
609.1408659845031,1.142100000000000000e+04
609.2159465984835,1.142200000000000000e+04
609.2910160242585,1.144100000000000000e+04
609.3660890997941,1.147000000000000000e+04
609.4411621067635,1.144700000000000000e+04
609.5162981949915,1.140800000000000000e+04
609.591371059717,1.141800000000000000e+04
609.6664438352011,1.145400000000000000e+04
609.7415165145444,1.145500000000000000e+04
609.8165928096073,1.148600000000000000e+04
609.8916652768738,1.138800000000000000e+04
609.9667339066874,1.144700000000000000e+04
610.041806132408,1.141600000000000000e+04
610.1168819498673,1.144700000000000000e+04
610.1919576315516,1.148900000000000000e+04
610.2670257220219,1.141100000000000000e+04
610.3421011095528,1.143200000000000000e+04
610.4171800666223,1.144100000000000000e+04
610.4922476810158,1.142500000000000000e+04
610.5673225771701,1.144300000000000000e+04
610.6423935671218,1.142400000000000000e+04
610.7174681006938,1.144200000000000000e+04
610.7925387123403,1.141900000000000000e+04
610.8676165871373,1.144700000000000000e+04
610.9426867935962,1.141200000000000000e+04
611.0177642529652,1.142700000000000000e+04
611.0928340264109,1.143300000000000000e+04
611.1679035719891,1.143900000000000000e+04
611.2429205762214,1.147200000000000000e+04
611.3179896323122,1.146600000000000000e+04
611.3930696536677,1.146700000000000000e+04
611.4681382079762,1.153800000000000000e+04
611.543210239399,1.150100000000000000e+04
611.6182258914046,1.150500000000000000e+04
611.6932973662973,1.145900000000000000e+04
611.7683685593274,1.152000000000000000e+04
611.8434394635015,1.150600000000000000e+04
611.91845764963,1.151900000000000000e+04
611.9935279422344,1.148400000000000000e+04
612.06860167126,1.148300000000000000e+04
612.1436188772811,1.152500000000000000e+04
612.2186919554537,1.155800000000000000e+04
612.2937609555369,1.152600000000000000e+04
612.368769618424,1.149200000000000000e+04
612.443841671833,1.148200000000000000e+04
612.518860850012,1.152800000000000000e+04
612.5939321832865,1.148700000000000000e+04
612.668943094263,1.151600000000000000e+04
612.7440136774355,1.153600000000000000e+04
612.8190876378331,1.154100000000000000e+04
612.8941048689004,1.157000000000000000e+04
612.9691780415548,1.153800000000000000e+04
613.0441869267229,1.154500000000000000e+04
613.1192028943198,1.153900000000000000e+04
613.1942785838127,1.156000000000000000e+04
613.2692861585759,1.154800000000000000e+04
613.3443572287938,1.159500000000000000e+04
613.4193751865103,1.158700000000000000e+04
613.4944491348593,1.159500000000000000e+04
613.5694586386024,1.158900000000000000e+04
613.644467658833,1.157300000000000000e+04
613.7195402192466,1.163000000000000000e+04
613.794555801729,1.159300000000000000e+04
613.8695671147681,1.158700000000000000e+04
613.9446382262654,1.163200000000000000e+04
614.0196560673113,1.161500000000000000e+04
614.0946658455853,1.160900000000000000e+04
614.1696826366328,1.161900000000000000e+04
614.2447554874341,1.160200000000000000e+04
614.3197636679537,1.165700000000000000e+04
614.3947788454523,1.161800000000000000e+04
614.4697859154201,1.161900000000000000e+04
614.5448037484722,1.164900000000000000e+04
614.619873899117,1.163800000000000000e+04
614.694883044028,1.162200000000000000e+04
614.769899161373,1.169900000000000000e+04
614.8449071281832,1.164700000000000000e+04
614.9199220568489,1.165700000000000000e+04
614.994936381391,1.167100000000000000e+04
615.0699463115571,1.166400000000000000e+04
615.1449594055,1.169500000000000000e+04
615.219968088927,1.164800000000000000e+04
615.2949799236752,1.165100000000000000e+04
615.3699949053583,1.163500000000000000e+04
615.4450130295872,1.168200000000000000e+04
615.5200153487256,1.169200000000000000e+04
615.5950321611059,1.165100000000000000e+04
615.6700445181616,1.165900000000000000e+04
615.7450599927896,1.164300000000000000e+04
615.8200634112113,1.164600000000000000e+04
615.8950775175382,1.165500000000000000e+04
615.9700909303292,1.163500000000000000e+04
616.045103642399,1.160500000000000000e+04
616.1200587059649,1.168300000000000000e+04
616.1950737781215,1.164300000000000000e+04
616.2700843319404,1.164300000000000000e+04
616.3450979550751,1.167000000000000000e+04
616.4201070436227,1.165100000000000000e+04
616.4950545776754,1.165700000000000000e+04
616.5700659579935,1.162800000000000000e+04
616.6450765818348,1.164300000000000000e+04
616.720097852294,1.164000000000000000e+04
616.7950422701603,1.159500000000000000e+04
616.8700581788843,1.159300000000000000e+04
616.9450694997388,1.159600000000000000e+04
617.0200229227949,1.162500000000000000e+04
617.0950326410584,1.159700000000000000e+04
617.1700377451283,1.161900000000000000e+04
617.2449925060192,1.160700000000000000e+04
617.3200073947381,1.165600000000000000e+04
617.395013836697,1.159300000000000000e+04
617.4699660667885,1.161200000000000000e+04
617.5449822610196,1.161000000000000000e+04
617.6199327648687,1.165600000000000000e+04
617.6949472498279,1.160200000000000000e+04
617.7698959983896,1.153900000000000000e+04
617.8449087450254,1.164000000000000000e+04
617.9198595274773,1.163300000000000000e+04
617.9948705076381,1.159100000000000000e+04
618.069827119618,1.161800000000000000e+04
618.144840127084,1.164500000000000000e+04
618.2197872618343,1.159500000000000000e+04
618.2947411041071,1.162900000000000000e+04
618.3697513617161,1.159900000000000000e+04
618.44469567746,1.162900000000000000e+04
618.5196505100681,1.160200000000000000e+04
618.5946694328892,1.163100000000000000e+04
618.6696146951708,1.162200000000000000e+04
618.7445666341545,1.164700000000000000e+04
618.8195826887393,1.161400000000000000e+04
618.8945326685835,1.162400000000000000e+04
618.9694854812299,1.162500000000000000e+04
619.0444334578197,1.165700000000000000e+04
619.1194494169247,1.164400000000000000e+04
619.1943992107521,1.163200000000000000e+04
619.2693479786984,1.162900000000000000e+04
619.3442957134283,1.166500000000000000e+04
619.4192500812071,1.165600000000000000e+04
619.4942648084996,1.167300000000000000e+04
619.5692094181061,1.165400000000000000e+04
619.6441644838893,1.168100000000000000e+04
619.7191184853039,1.166000000000000000e+04
619.7940637321011,1.168100000000000000e+04
619.8690155808523,1.165700000000000000e+04
619.9439663431604,1.164700000000000000e+04
620.0189198558951,1.168900000000000000e+04
620.0938722693128,1.170200000000000000e+04
620.1688197299484,1.164900000000000000e+04
620.2437699216852,1.167400000000000000e+04
620.3187305358406,1.170000000000000000e+04
620.393678480104,1.169200000000000000e+04
620.4686252881608,1.170900000000000000e+04
620.543582504853,1.170600000000000000e+04
620.61852702112,1.165700000000000000e+04
620.6934819368186,1.173500000000000000e+04
620.7684356923214,1.169700000000000000e+04
620.8433227543279,1.168600000000000000e+04
620.9182780068074,1.169400000000000000e+04
620.9932282224137,1.170600000000000000e+04
621.0681811054573,1.168800000000000000e+04
621.1431327931294,1.168700000000000000e+04
621.2180794188941,1.171800000000000000e+04
621.2929746519387,1.165900000000000000e+04
621.3679226950109,1.164300000000000000e+04
621.4428695130218,1.173200000000000000e+04
621.5177610187308,1.170400000000000000e+04
621.5927130788318,1.167500000000000000e+04
621.6676600305892,1.172700000000000000e+04
621.7426134606835,1.173400000000000000e+04
621.8174999024244,1.174500000000000000e+04
621.8924507959133,1.165600000000000000e+04
621.9673462597708,1.168400000000000000e+04
622.0422984590124,1.170800000000000000e+04
622.1172493736544,1.167500000000000000e+04
622.1921409277729,1.169800000000000000e+04
622.2670892368434,1.166000000000000000e+04
622.3419781424883,1.164700000000000000e+04
622.4169354382018,1.164000000000000000e+04
622.4918216682801,1.170000000000000000e+04
622.5667763070498,1.164600000000000000e+04
622.6416637084727,1.163600000000000000e+04
622.7166156613104,1.168900000000000000e+04
622.791500330108,1.167600000000000000e+04
622.8664495670652,1.167400000000000000e+04
622.9413431149467,1.164800000000000000e+04
623.0162352679529,1.168400000000000000e+04
623.0911842549693,1.167900000000000000e+04
623.1660736097131,1.164000000000000000e+04
623.2409693156505,1.166100000000000000e+04
623.3159141083677,1.167700000000000000e+04
623.3908108627464,1.165200000000000000e+04
623.4656984085988,1.169000000000000000e+04
623.54065060535,1.167600000000000000e+04
623.6155430462911,1.166300000000000000e+04
623.6904262505253,1.170200000000000000e+04
623.7653157682421,1.167900000000000000e+04
623.8402738657751,1.169900000000000000e+04
623.9151643415145,1.166300000000000000e+04
623.9900494384281,1.167900000000000000e+04
624.0649369353079,1.166800000000000000e+04
624.1398346184196,1.167400000000000000e+04
624.2147191099846,1.164400000000000000e+04
624.2896137782844,1.170900000000000000e+04
624.3645615055957,1.171000000000000000e+04
624.4394531447507,1.169100000000000000e+04
624.5143432514428,1.167300000000000000e+04
624.5892357192214,1.167000000000000000e+04
624.6641227392169,1.166100000000000000e+04
624.739008204036,1.165800000000000000e+04
624.8139077217978,1.166900000000000000e+04
624.8887900572714,1.169500000000000000e+04
624.9636825322137,1.165500000000000000e+04
625.0385773339976,1.166000000000000000e+04
625.1134666425047,1.167900000000000000e+04
625.1883582645422,1.171200000000000000e+04
625.263181823586,1.164200000000000000e+04
625.3380780414589,1.166300000000000000e+04
625.4129648242472,1.166600000000000000e+04
625.4878578081264,1.165900000000000000e+04
625.5627413379577,1.169700000000000000e+04
625.6376349716288,1.163800000000000000e+04
625.7124604067309,1.164900000000000000e+04
625.7873507351937,1.169100000000000000e+04
625.8622394075853,1.167300000000000000e+04
625.9371381701984,1.164300000000000000e+04
626.0119647267263,1.162300000000000000e+04
626.0868522937308,1.164400000000000000e+04
626.1617460175852,1.163600000000000000e+04
626.2366380528313,1.166500000000000000e+04
626.3114617065921,1.163900000000000000e+04
626.3863503257447,1.163900000000000000e+04
626.4611822898413,1.165400000000000000e+04
626.5360713905895,1.163700000000000000e+04
626.6109666191869,1.167300000000000000e+04
626.6857933539325,1.168400000000000000e+04
626.7606772445703,1.161800000000000000e+04
626.8355122365108,1.164100000000000000e+04
626.9104044027886,1.162300000000000000e+04
626.985224051504,1.164800000000000000e+04
627.0601205419518,1.170300000000000000e+04
627.1349523354077,1.164700000000000000e+04
627.2098373967692,1.165100000000000000e+04
627.2846616468294,1.166000000000000000e+04
627.3595549170336,1.169900000000000000e+04
627.4343873380152,1.167500000000000000e+04
627.5092769901677,1.166200000000000000e+04
627.5841096881397,1.165000000000000000e+04
627.6589365990222,1.161200000000000000e+04
627.7338247007415,1.165400000000000000e+04
627.8086518461457,1.167500000000000000e+04
627.8834850056414,1.167300000000000000e+04
627.9583754402697,1.164500000000000000e+04
628.0332088011603,1.165500000000000000e+04
628.1080284382782,1.166400000000000000e+04
628.182858012259,1.162100000000000000e+04
628.2577527829216,1.163300000000000000e+04
628.3325785578783,1.167400000000000000e+04
628.4074142606058,1.165800000000000000e+04
628.4822361924339,1.165200000000000000e+04
628.5570680421939,1.165400000000000000e+04
628.6318979552647,1.164400000000000000e+04
628.706785214725,1.162600000000000000e+04
628.7816191526078,1.165200000000000000e+04
628.8564471797065,1.164200000000000000e+04
628.9312811520758,1.166100000000000000e+04
629.0061012851678,1.161600000000000000e+04
629.0809313073146,1.165800000000000000e+04
629.155759344112,1.162300000000000000e+04
629.2305893470999,1.159200000000000000e+04
629.3054252715824,1.166600000000000000e+04
629.380247309458,1.167700000000000000e+04
629.4550831794276,1.165500000000000000e+04
629.5299011803792,1.159900000000000000e+04
629.6047330053896,1.160700000000000000e+04
629.6795707280481,1.163500000000000000e+04
629.7543389940075,1.161600000000000000e+04
629.8291607196976,1.161100000000000000e+04
629.9039962589939,1.158500000000000000e+04
629.9788178342736,1.160500000000000000e+04
630.0536452776254,1.156800000000000000e+04
630.1284746162776,1.161800000000000000e+04
630.2032423002603,1.165400000000000000e+04
630.2780753994684,1.166800000000000000e+04
630.3529103790165,1.161800000000000000e+04
630.4277313363475,1.160800000000000000e+04
630.5025024771371,1.169100000000000000e+04
630.5773311190919,1.166500000000000000e+04
630.6521576385172,1.161800000000000000e+04
630.7269342895984,1.166500000000000000e+04
630.8017565291294,1.165900000000000000e+04
630.8765845827202,1.166100000000000000e+04
630.9513587332427,1.167300000000000000e+04
631.0261864484233,1.163700000000000000e+04
631.1009522564115,1.168400000000000000e+04
631.175787573207,1.170000000000000000e+04
631.2506087617126,1.164800000000000000e+04
631.3253799341081,1.164700000000000000e+04
631.400208688403,1.169400000000000000e+04
631.4749754310345,1.168600000000000000e+04
631.5498037567131,1.167700000000000000e+04
631.6245780075234,1.170300000000000000e+04
631.6993420335924,1.169200000000000000e+04
631.7741716576955,1.167000000000000000e+04
631.8489391655564,1.167100000000000000e+04
631.923764305041,1.170600000000000000e+04
631.9985312783703,1.170400000000000000e+04
632.0733039606179,1.168800000000000000e+04
632.1481342990165,1.170800000000000000e+04
632.2228944223607,1.170800000000000000e+04
632.2976642345945,1.171900000000000000e+04
632.3724997216107,1.165400000000000000e+04
632.4472649272958,1.170200000000000000e+04
632.5220358114818,1.172000000000000000e+04
632.5968083701387,1.167900000000000000e+04
632.6716346337209,1.165300000000000000e+04
632.746402531009,1.172800000000000000e+04
632.8211640744752,1.171500000000000000e+04
632.895939281213,1.171300000000000000e+04
632.9707001090119,1.171900000000000000e+04
633.0454705862102,1.165900000000000000e+04
633.1202346797379,1.169200000000000000e+04
633.1950124256075,1.164900000000000000e+04
633.2698318993826,1.165300000000000000e+04
633.3446048767886,1.169700000000000000e+04
633.4193754528278,1.164100000000000000e+04
633.4941436195448,1.165400000000000000e+04
633.5689053548851,1.164800000000000000e+04
633.6436807232593,1.167600000000000000e+04
633.718441616138,1.168000000000000000e+04
633.7932121186539,1.165000000000000000e+04
633.8679199094199,1.161600000000000000e+04
633.9426855028164,1.165600000000000000e+04
634.0174606961399,1.164300000000000000e+04
634.0922213655654,1.163900000000000000e+04
634.1669876029633,1.158700000000000000e+04
634.2417553834099,1.161800000000000000e+04
634.3165327489089,1.159900000000000000e+04
634.3912351850232,1.165300000000000000e+04
634.4660075495017,1.167100000000000000e+04
634.5407774100094,1.166900000000000000e+04
634.6155447585436,1.159200000000000000e+04
634.6902491623354,1.161800000000000000e+04
634.7650114486645,1.163600000000000000e+04
634.8397832896367,1.162900000000000000e+04
634.9145525922855,1.159500000000000000e+04
634.9892588668829,1.164500000000000000e+04
635.0640230545828,1.163700000000000000e+04
635.1387362717429,1.163700000000000000e+04
635.2135074201229,1.162700000000000000e+04
635.2882719598388,1.158700000000000000e+04
635.362981437668,1.161300000000000000e+04
635.4377448294332,1.162200000000000000e+04
635.512457159198,1.166200000000000000e+04
635.5872153377827,1.163400000000000000e+04
635.6619224154749,1.160900000000000000e+04
635.7366995983534,1.158400000000000000e+04
635.8114013974615,1.161200000000000000e+04
635.8861733198535,1.160500000000000000e+04
635.960881941529,1.161000000000000000e+04
636.0356485740448,1.165700000000000000e+04
636.1103518611941,1.157400000000000000e+04
636.1850565091609,1.159400000000000000e+04
636.2598232366993,1.165800000000000000e+04
636.3345306048863,1.158800000000000000e+04
636.4092393182117,1.155900000000000000e+04
636.4840101382218,1.161300000000000000e+04
636.5587134362514,1.159000000000000000e+04
636.6334221129331,1.164400000000000000e+04
636.7081848135534,1.165200000000000000e+04
636.78290019687,1.161400000000000000e+04
636.857604726266,1.163000000000000000e+04
636.9323146152394,1.160700000000000000e+04
637.0070217458345,1.155500000000000000e+04
637.0817261099415,1.147900000000000000e+04
637.1564967140678,1.149100000000000000e+04
637.2311995976745,1.143000000000000000e+04
637.3059078155254,1.147800000000000000e+04
637.3806132401302,1.145600000000000000e+04
637.4553280538418,1.152300000000000000e+04
637.5300278704315,1.157900000000000000e+04
637.6047370655823,1.155200000000000000e+04
637.679443440681,1.162400000000000000e+04
637.7541469875897,1.164800000000000000e+04
637.8288599029363,1.165900000000000000e+04
637.9035659103154,1.168200000000000000e+04
637.978273139046,1.168800000000000000e+04
638.052977512721,1.163100000000000000e+04
638.1276830952562,1.167000000000000000e+04
638.2023898813551,1.164100000000000000e+04
638.2770978657181,1.167500000000000000e+04
638.3517418441655,1.165600000000000000e+04
638.4264562697699,1.167400000000000000e+04
638.5011555722814,1.168500000000000000e+04
638.5758642016897,1.169400000000000000e+04
638.6505699221697,1.167500000000000000e+04
638.7252237691496,1.163700000000000000e+04
638.7999236357822,1.166200000000000000e+04
638.874628732156,1.164300000000000000e+04
638.9493472209352,1.172800000000000000e+04
639.0239892680094,1.170000000000000000e+04
639.098689601196,1.170200000000000000e+04
639.173395144716,1.166600000000000000e+04
639.2480405140027,1.169500000000000000e+04
639.3227564554909,1.168800000000000000e+04
639.3973958340758,1.174500000000000000e+04
639.4721058028182,1.175000000000000000e+04
639.5468086912668,1.170900000000000000e+04
639.6214635767756,1.170100000000000000e+04
639.6961604460553,1.171700000000000000e+04
639.7708092749344,1.174200000000000000e+04
639.8455164682429,1.168100000000000000e+04
639.9201674013606,1.169000000000000000e+04
639.9948767149377,1.165200000000000000e+04
640.0695174401586,1.173000000000000000e+04
640.1441591862857,1.169200000000000000e+04
640.2188716275688,1.166200000000000000e+04
640.2935236151387,1.170700000000000000e+04
640.3681602084457,1.171100000000000000e+04
640.4428757290473,1.166300000000000000e+04
640.5175143262505,1.170100000000000000e+04
640.592166218985,1.171000000000000000e+04
640.6668724558668,1.169400000000000000e+04
640.7415181149009,1.173000000000000000e+04
640.8161565315354,1.171800000000000000e+04
640.8908041242695,1.171100000000000000e+04
640.9655143022176,1.164500000000000000e+04
641.0401638233027,1.169400000000000000e+04
641.1148060727106,1.172300000000000000e+04
641.1894533730033,1.171900000000000000e+04
641.2641016094406,1.167500000000000000e+04
641.3387425502967,1.170900000000000000e+04
641.4134543525283,1.173700000000000000e+04
641.488101262261,1.172100000000000000e+04
641.5627449685089,1.166600000000000000e+04
641.6373854629693,1.171900000000000000e+04
641.7120350911663,1.168700000000000000e+04
641.7866814967092,1.168400000000000000e+04
641.8613246712862,1.168400000000000000e+04
641.9359769690361,1.172100000000000000e+04
642.0106260249374,1.170000000000000000e+04
642.0852718306695,1.173300000000000000e+04
642.1598525225107,1.168600000000000000e+04
642.2344917885489,1.171500000000000000e+04
642.3091401562656,1.170400000000000000e+04
642.3837934993884,1.172600000000000000e+04
642.4584353052218,1.167500000000000000e+04
642.5330862021095,1.171000000000000000e+04
642.6077296725547,1.167000000000000000e+04
642.6823120100572,1.169100000000000000e+04
642.7569529755671,1.173200000000000000e+04
642.8315988836831,1.169600000000000000e+04
642.9062455985243,1.163000000000000000e+04
642.9808352351971,1.170800000000000000e+04
643.055475263203,1.169000000000000000e+04
643.1301243499755,1.167600000000000000e+04
643.2047163018128,1.159400000000000000e+04
643.279354524987,1.165300000000000000e+04
643.3539438476895,1.162500000000000000e+04
643.4285877299418,1.170100000000000000e+04
643.5032406530961,1.171300000000000000e+04
643.5778197789244,1.167500000000000000e+04
643.6524659081414,1.173500000000000000e+04
643.7270464782921,1.164900000000000000e+04
643.8016982163535,1.168600000000000000e+04
643.876284355504,1.172500000000000000e+04
643.9509292459394,1.170300000000000000e+04
644.0255084918365,1.168000000000000000e+04
644.1001589469886,1.169200000000000000e+04
644.1747437177227,1.172500000000000000e+04
644.2493250109602,1.170600000000000000e+04
644.3239775458864,1.170900000000000000e+04
644.3985601811679,1.172900000000000000e+04
644.4731434709971,1.175600000000000000e+04
644.5477855716856,1.175600000000000000e+04
644.6223743228242,1.172900000000000000e+04
644.6969595574612,1.170100000000000000e+04
644.7715495817692,1.173100000000000000e+04
644.8461901340061,1.180400000000000000e+04
644.9207731033271,1.179100000000000000e+04
644.9953650068094,1.177900000000000000e+04
645.0699450389038,1.179200000000000000e+04
645.1445298338459,1.182800000000000000e+04
645.219177672042,1.181800000000000000e+04
645.2937678340779,1.181500000000000000e+04
645.3683419239809,1.186400000000000000e+04
645.4429290863851,1.181800000000000000e+04
645.5175168235929,1.184700000000000000e+04
645.5921051300253,1.188800000000000000e+04
645.6666898312457,1.186800000000000000e+04
645.7412750885978,1.191900000000000000e+04
645.8158525549321,1.191300000000000000e+04
645.8904389058563,1.193700000000000000e+04
645.9650299688499,1.187600000000000000e+04
646.0396090465212,1.187900000000000000e+04
646.1141969977764,1.188500000000000000e+04
646.1887812959989,1.190300000000000000e+04
646.2633076373747,1.196800000000000000e+04
646.3378845915109,1.193300000000000000e+04
646.4124787595719,1.198100000000000000e+04
646.4870608913304,1.198800000000000000e+04
646.5616476941717,1.196900000000000000e+04
646.6361722632304,1.197700000000000000e+04
646.7107558375826,1.199600000000000000e+04
646.7853440690486,1.196000000000000000e+04
646.859928586342,1.198900000000000000e+04
646.9344466023072,1.199800000000000000e+04
647.0090362098298,1.202300000000000000e+04
647.083622083392,1.201700000000000000e+04
647.1581413924066,1.205700000000000000e+04
647.2327239470708,1.207700000000000000e+04
647.307306934167,1.205700000000000000e+04
647.3818400556567,1.204700000000000000e+04
647.456419687093,1.208400000000000000e+04
647.5309452235595,1.207900000000000000e+04
647.6055298578293,1.211300000000000000e+04
647.6800561677495,1.206900000000000000e+04
647.7546415911931,1.216000000000000000e+04
647.829164455096,1.214800000000000000e+04
647.9037464463057,1.212900000000000000e+04
647.9782700344881,1.213200000000000000e+04
648.0527939695423,1.216200000000000000e+04
648.1273854568424,1.215500000000000000e+04
648.2019100840658,1.217000000000000000e+04
648.2764938778582,1.215700000000000000e+04
648.3510107654179,1.222900000000000000e+04
648.425536376692,1.218900000000000000e+04
648.5000623007427,1.221800000000000000e+04
648.5746432162518,1.221000000000000000e+04
648.6491655538866,1.222500000000000000e+04
648.7236881852804,1.219000000000000000e+04
648.7982195235151,1.222800000000000000e+04
648.8728058826379,1.227300000000000000e+04
648.9473293775359,1.226400000000000000e+04
649.0218489310823,1.222800000000000000e+04
649.0963729611857,1.234600000000000000e+04
649.1708972508054,1.228000000000000000e+04
649.2454260094211,1.233000000000000000e+04
649.3199508018886,1.236700000000000000e+04
649.3944716195824,1.234400000000000000e+04
649.4689926719741,1.239700000000000000e+04
649.5435181724034,1.232100000000000000e+04
649.6180396779724,1.240000000000000000e+04
649.6925698430567,1.239400000000000000e+04
649.7670917798398,1.237100000000000000e+04
649.8416139226556,1.241700000000000000e+04
649.9161320418531,1.243800000000000000e+04
649.9906588034178,1.246200000000000000e+04
650.0651815298742,1.251500000000000000e+04
650.1397086661992,1.249000000000000000e+04
650.2142317539774,1.243500000000000000e+04
650.2887550133019,1.245600000000000000e+04
650.3632192222857,1.248500000000000000e+04
650.4377470245496,1.247000000000000000e+04
650.5122665196939,1.247500000000000000e+04
650.5867946266628,1.252300000000000000e+04
650.6612551406859,1.256400000000000000e+04
650.7357750465694,1.260800000000000000e+04
650.8103035527816,1.258500000000000000e+04
650.8847644021826,1.257600000000000000e+04
650.9592931417967,1.261900000000000000e+04
651.0338092818513,1.257700000000000000e+04
651.1082704136296,1.269500000000000000e+04
651.182799464824,1.269000000000000000e+04
651.2572649940395,1.266500000000000000e+04
651.3317857370804,1.266900000000000000e+04
651.4062556434649,1.273400000000000000e+04
651.4807807792504,1.273800000000000000e+04
651.5552380644563,1.277400000000000000e+04
651.6297548330812,1.273900000000000000e+04
651.7042206933047,1.276600000000000000e+04
651.7787503045504,1.280200000000000000e+04
651.8532162309156,1.275700000000000000e+04
651.9277374256133,1.283700000000000000e+04
652.0021948907765,1.285200000000000000e+04
652.0766608615594,1.284700000000000000e+04
652.1511863740992,1.286200000000000000e+04
652.2256523518495,1.296500000000000000e+04
652.3001055526772,1.298000000000000000e+04
652.3745757534864,1.294900000000000000e+04
652.4490927583861,1.301800000000000000e+04
652.523554404734,1.300400000000000000e+04
652.5980245314129,1.300800000000000000e+04
652.6724818393412,1.306500000000000000e+04
652.7469518786384,1.314700000000000000e+04
652.8214730080308,1.309700000000000000e+04
652.8959386884019,1.318700000000000000e+04
652.9703957767102,1.318500000000000000e+04
653.0448655846427,1.317200000000000000e+04
653.1193267868492,1.314600000000000000e+04
653.1937879048733,1.320200000000000000e+04
653.268253200443,1.327100000000000000e+04
653.3427141334746,1.331000000000000000e+04
653.417174964718,1.333500000000000000e+04
653.4916399588126,1.330700000000000000e+04
653.5661005698283,1.335000000000000000e+04
653.640569606346,1.337200000000000000e+04
653.7150299745911,1.334500000000000000e+04
653.7894902116518,1.341500000000000000e+04
653.8638947316973,1.339500000000000000e+04
653.938354676066,1.344200000000000000e+04
653.9927330350457,1.350492007032893707e+04
654.0128144715792,1.351300000000000000e+04
654.0673848929049,1.354159184433989321e+04
654.0872783906434,1.352500000000000000e+04
654.1419639360352,1.355453482340258415e+04
654.1617421510075,1.361900000000000000e+04
654.2166156285444,1.362895695301305386e+04
654.2361458232748,1.360600000000000000e+04
654.2911987423258,1.362787837142449644e+04
654.3658416830104,1.369582901150362159e+04
654.4404288467964,1.363758560572151328e+04
654.5150758549863,1.370985057215486813e+04
654.5897184695584,1.370769340897775328e+04
654.664305251433,1.370661482738919585e+04
654.7389476142009,1.377672263064543586e+04
654.8135383948625,1.383496603642754417e+04
654.888184771955,1.385114476025590739e+04
654.9627666643294,1.386085199455292422e+04
655.0373526739268,1.386085199455292422e+04
655.1119985900768,1.387163781043850031e+04
655.1865885451579,1.391909540033503072e+04
655.2612255432555,1.390615242127234160e+04
655.3358194230502,1.396223866387733324e+04
655.4104603574718,1.394605994004897002e+04
655.4850452543039,1.404421086460770675e+04
655.5596986994234,1.403989653825347523e+04
655.634274582699,1.406578249637885710e+04
655.7088674352764,1.406470391479029968e+04
655.7835073665872,1.410245427038981325e+04
655.8580911670134,1.409382561768135201e+04
655.9327392618014,1.418119072635451266e+04
656.0073268888157,1.420060519494854816e+04
656.0819099586474,1.419413370541720360e+04
656.1565530436084,1.420923384765700939e+04
656.2311355998527,1.429120604838738291e+04
656.3057308056235,1.434729229099237455e+04
656.3803688222278,1.435807810687794881e+04
656.454954867795,1.444867896031678356e+04
656.5295449351327,1.442926449172274624e+04
656.6041821341065,1.444112888919687975e+04
656.6787759333997,1.449074364227052683e+04
656.7533564903902,1.446270052096803010e+04
656.8279410471957,1.450692236609889005e+04
656.9025856984958,1.451555101880734946e+04
656.9771696261503,1.462772350401733456e+04
657.0517532233856,1.465360946214271462e+04
657.1264055746188,1.467194534914819269e+04
657.2009928278474,1.469675272568501714e+04
657.2755710944062,1.474097457081587527e+04
657.3501576467798,1.480137513977509843e+04
657.4247438407015,1.474313173399299012e+04
657.4993858698668,1.482186818995769136e+04
657.573971341612,1.486069712714576235e+04
657.6485607618943,1.491246904339652428e+04
657.7231498016442,1.491354762498508171e+04
657.7977341278665,1.498689117300699399e+04
657.87237432304,1.500522706001247207e+04
657.9469621958759,1.504621316037765973e+04
658.0215410042488,1.509043500550851786e+04
658.0961280598617,1.509367075027419014e+04
658.1707146988002,1.510769231092543851e+04
658.2453009150308,1.515730706399908559e+04
658.3198867025178,1.520045032754138629e+04
658.3945327428875,1.525330082538070565e+04
658.4691220043352,1.533635160769963659e+04
658.5437021472852,1.526192947808916688e+04
658.6182818353581,1.539567359507030051e+04
658.69286974003,1.542695246113846952e+04
658.767461521399,1.551431756981163016e+04
658.8420354727173,1.549813884598326695e+04
658.9166306515345,1.548303870374346116e+04
658.9912079822875,1.558442537306787017e+04
659.0657935091809,1.562433289184449859e+04
659.140382887388,1.560815416801613719e+04
659.2149717681472,1.573542679546592626e+04
659.289551452134,1.572356239799179275e+04
659.3641306225966,1.581416325143062568e+04
659.438717970647,1.578827729330524562e+04
659.5133047969533,1.587995672833263598e+04
659.5878910954348,1.588427105468686568e+04
659.6624768600082,1.596516467382868177e+04
659.7370620845874,1.602772240596501797e+04
659.8116467630838,1.604713687455905529e+04
659.8862265349078,1.613234482005509926e+04
659.9608101019778,1.615068070706057733e+04
660.0354018176174,1.622186709190537476e+04
660.1099798943757,1.628334624245315536e+04
660.1845748263452,1.626716751862479214e+04
660.259151743867,1.632648950599545606e+04
660.333684466581,1.639336156448602560e+04
660.4082645480388,1.646994085727361016e+04
660.4828527532469,1.650337688651889403e+04
660.5574316285567,1.655407022118109671e+04
660.6320229836718,1.659289915836916771e+04
660.7066049946801,1.669320724610501929e+04
660.7811820158635,1.675145065188712761e+04
660.8557147324121,1.678380809954385404e+04
660.9302992109782,1.681185122084635077e+04
661.0048830496228,1.686362313709711088e+04
661.0794662422122,1.690568781905085416e+04
661.1540575251042,1.695314540894738820e+04
661.2285781978873,1.697579562230709416e+04
661.3031681500861,1.707178938368871604e+04
661.3777399387936,1.715376158441908774e+04
661.452332922751,1.718180470572158447e+04
661.5269208535378,1.723357662197234822e+04
661.6014380645663,1.729505577252012517e+04
661.6760289813253,1.734035619923954437e+04
661.7506148234904,1.738349946278184507e+04
661.8251298800592,1.741693549202712893e+04
661.8997142930884,1.749243620322615607e+04
661.9743067544003,1.752802939564855478e+04
662.0488853483158,1.754960102741970695e+04
662.1234149871826,1.760460868843613935e+04
662.198000873726,1.769952386822920380e+04
662.2725860216412,1.775668869242275105e+04
662.347104619191,1.779336046643370719e+04
662.4216882564932,1.782787507726754848e+04
662.4962184684717,1.790337578846657925e+04
662.570804963388,1.788072557510686966e+04
662.6453862997457,1.801662685526511996e+04
662.7199097646629,1.803496274227059621e+04
662.7944939234665,1.814713522748058313e+04
662.869086084027,1.810722770870395107e+04
662.9436071371093,1.818596416466865412e+04
663.0181889069928,1.830352955782142453e+04
663.0927083152421,1.831647253688411365e+04
663.1673016492832,1.833912275024382325e+04
663.2418237897235,1.845021665386524910e+04
663.3164110793576,1.844913807227669167e+04
663.3909359310869,1.853326743618418186e+04
663.4655171474956,1.851061722282447226e+04
663.5400358838839,1.860445382102897929e+04
663.6146198039338,1.859690374990907367e+04
663.6891500154543,1.875653382501559099e+04
663.763736622158,1.875329808024991871e+04
663.8382518588492,1.883419169939173298e+04
663.9128411292601,1.889351368676239872e+04
663.9873589874919,1.892155680806489545e+04
664.0619509026042,1.900029326402959487e+04
664.136471363353,1.897548588749277042e+04
664.211061492379,1.914158745213063230e+04
664.285584535613,1.917178773661024388e+04
664.3601640270679,1.919659511314706469e+04
664.4346852160202,1.920522376585552774e+04
664.5092142934612,1.932386774059685558e+04
664.5838042596656,1.932710348536252786e+04
664.6583226187805,1.948781214205760261e+04
664.7328488535421,1.950291228429740659e+04
664.8074315802052,1.954389838466259243e+04
664.881960314152,1.958272732185066343e+04
664.9565455552175,1.965714945146113678e+04
665.031072346548,1.974020023378006590e+04
665.1055937270582,1.977902917096813690e+04
665.1801096874939,1.985668704534427889e+04
665.2546998800744,1.991708761430350205e+04
665.3292271235769,1.988149442188110334e+04
665.4037489291384,2.001631712045079621e+04
665.4783361453115,2.004759598651896522e+04
665.5528603518749,2.012309669771799236e+04
665.6273790986409,2.015976847172894850e+04
665.7019056711048,2.017810435873442475e+04
665.7764932599148,2.031076989412700277e+04
665.8510088931856,2.038411344214891506e+04
665.9255412083346,2.039705642121160781e+04
666.0000591620371,2.045422124540515506e+04
666.0746470335703,2.048981443782755377e+04
666.1491717378727,2.062140139163157437e+04
666.2236953664843,2.060630124939177040e+04
666.2982179130853,2.073573104001867250e+04
666.3727393713534,2.064081586022561169e+04
666.4472686180028,2.082525331186894982e+04
666.5218500778012,2.082956763822317953e+04
666.5963682490049,2.082633189345750725e+04
666.670894195563,2.093095430754758854e+04
666.7454190261132,2.101939799780930480e+04
666.8199427343175,2.109813445377400785e+04
666.8944653138359,2.113804197255063627e+04
666.9689912068017,2.123079998916658224e+04
667.043515960381,2.124913587617206213e+04
667.1180440186909,2.134189389278800809e+04
667.1925664754452,2.140553020651290353e+04
667.2671501081187,2.143141616463828541e+04
667.3416747090137,2.148426666247760659e+04
667.4162025951904,2.154251006825971126e+04
667.4907159415177,2.153172425237413700e+04
667.5652459277131,2.165360397188113711e+04
667.6397747296355,2.169782581701199888e+04
667.7142934240692,2.178950525203938741e+04
667.7888198363478,2.182509844446178613e+04
667.8633405848258,2.184990582099861058e+04
667.9378645829604,2.197070695891705327e+04
668.0123873649534,2.204620767011608405e+04
668.0868509002132,2.203110752787627644e+04
668.1613801466233,2.208072228094992533e+04
668.235899230937,2.213788710514347258e+04
668.3104215399541,2.225437391670768557e+04
668.3849470702704,2.227270980371316546e+04
668.4594713500996,2.230291008819277704e+04
668.533998842422,2.230183150660421961e+04
668.6085250734534,2.242910413405400686e+04
668.683041094052,2.241292541022564546e+04
668.7575647813001,2.253372654814408816e+04
668.8320290343215,2.260599151457744301e+04
668.9065546155499,2.269443520483916291e+04
668.9810833808008,2.272247832614165964e+04
669.0555974212344,2.279690045575212935e+04
669.130128062917,2.280876485322626104e+04
669.2046529196529,2.284975095359144689e+04
669.2791182298785,2.293172315432182222e+04
669.3536314765041,2.296731634674422094e+04
669.4281657979723,2.292848740955614994e+04
669.5026898264498,2.307301734242285966e+04
669.57714526615,2.304389563953180550e+04
669.65167108008,2.318734699080995779e+04
669.7261910590614,2.319705422510697463e+04
669.8007186526492,2.325421904930052551e+04
669.8751865504684,2.319813280669553205e+04
669.949711403622,2.333295550526522493e+04
670.0242348833766,2.337717735039608306e+04
670.0987480026345,2.348072118289760692e+04
670.1732193096983,2.343002784823540424e+04
670.2477431098745,2.345591380636078611e+04
670.3222655128286,2.348611409084039769e+04
670.396728085964,2.358318643381057336e+04
670.471252157415,2.357671494427922880e+04
670.5457118658269,2.364250842118123910e+04
670.6202330875843,2.365437281865537079e+04
670.6947618784129,2.374820941685987782e+04
670.7692307481261,2.372124487714593852e+04
670.8437476587868,2.384312459665294227e+04
670.918213608017,2.378056686451660426e+04
670.9927321095302,2.382802445441313466e+04
671.0672536563986,2.390244658402360437e+04
671.1417196890736,2.390028942084648952e+04
671.216251808498,2.395745424504004041e+04
671.290714863808,2.399520460063955397e+04
671.3652395155675,2.401785481399926357e+04
671.4396995665256,2.409011978043261843e+04
671.5142212289395,2.407609821978136824e+04
671.5886872701645,2.413542020715203398e+04
671.6632104305353,2.401354048764503386e+04
671.7376734223737,2.412139864650078744e+04
671.812193546355,2.418503496022567924e+04
671.8866579770747,2.426808574254461200e+04
671.9611795549314,2.421739240788240568e+04
672.0356408881489,2.425082843712768954e+04
672.1101096909673,2.426592857936749715e+04
672.1846266277597,2.429936460861278101e+04
672.2590968192625,2.433927212738940943e+04
672.3336151557181,2.432093624038392954e+04
672.4080821944679,2.428642162955008826e+04
672.482543119204,2.437378673822325072e+04
672.5570657703272,2.438349397252026756e+04
672.63152802642,2.447193766278198746e+04
672.705997721871,2.446438759166208183e+04
672.7805155931686,2.449890220249592312e+04
672.854982065397,2.441477283858843657e+04
672.9294423823377,2.452694532379841985e+04
673.0039644745739,2.455714560827803143e+04
673.0784260583234,2.459381738228898757e+04
673.152895058153,2.456361709780937599e+04
673.2274213293804,2.458195298481485588e+04
673.3018779706365,2.462401766676859916e+04
673.3763374799411,2.454743837398101459e+04
673.4508043890924,2.467471100143080184e+04
673.5252650884476,2.465098220648253846e+04
673.5997967036512,2.469196830684772431e+04
673.6742585868221,2.464451071695119026e+04
673.748714237457,2.466823951189945728e+04
673.823186347847,2.468765398049349460e+04
673.8976385924067,2.468118249096215004e+04
673.9721663425748,2.461107468770591004e+04
674.0466287979216,2.467363241984224442e+04
674.1210895311846,2.468441823572782232e+04
674.1955530811653,2.466931809348801471e+04
674.2700239906791,2.460676036135167669e+04
674.3444795221271,2.462186050359148430e+04
674.4189469503236,2.469196830684772431e+04
674.49346722243,2.471893284656166361e+04
674.567935708377,2.466716093031089986e+04
674.6424024340591,2.466176802236811272e+04
674.7168582880072,2.473187582562435273e+04
674.7913214713103,2.465313936965965331e+04
674.8657783200656,2.463264631947705857e+04
674.940251601854,2.464235355377407541e+04
675.0147094269751,2.472109000973877846e+04
675.0891700095718,2.464666788012830875e+04
675.1636379044918,2.469088972525916688e+04
675.2380994327431,2.464882504330542361e+04
675.312554584676,2.459597454546610243e+04
675.3870261580195,2.455822418986658886e+04
675.4614822208301,2.461215326929446746e+04
675.5359547018315,2.456145993463226114e+04
675.610407090499,2.463048915629994372e+04
675.6848804576179,2.454312404762678489e+04
675.7593337130725,2.449458787614169341e+04
675.8338033782419,2.454096688444967003e+04
675.9082026566803,2.451076659997005845e+04
675.9826594431638,2.442016574653122370e+04
676.0571234944312,2.446762333642775411e+04
676.1315948098625,2.441693000176555142e+04
676.2060550986515,2.438241539093171014e+04
676.2805134951972,2.436192234074911539e+04
676.3549745673919,2.433711496421229458e+04
676.4293879803434,2.433819354580085201e+04
676.5038498052293,2.423141396853365586e+04
676.5783051376296,2.424974985553913211e+04
676.6527677036122,2.425298560030480439e+04
676.7272329229447,2.414728460462616567e+04
676.8016366634976,2.413326304397491913e+04
676.8761025828228,2.402971921147339526e+04
676.9505619772531,2.413973453350626369e+04
677.0250240043307,2.399951892699378368e+04
677.0994290601088,2.396068998980571268e+04
677.1738917427178,2.394990417392013842e+04
677.2483524582894,2.384420317824149970e+04
677.3227561481843,2.381723863852756040e+04
677.3972128974716,2.382586729123601981e+04
677.4716768389669,2.374928799844843525e+04
677.5461433813275,2.371693055079170881e+04
677.6205482371186,2.375036658003699267e+04
677.6950015852051,2.359720799446182355e+04
677.7694069841688,2.359505083128470869e+04
677.8438746703705,2.358965792334191792e+04
677.9183311477581,2.351523579373144821e+04
677.9927396296163,2.346238529589213067e+04
678.0672012294622,2.334158415797368434e+04
678.1416056066512,2.331677678143686353e+04
678.2160631125909,2.328226217060302224e+04
678.2905277690969,2.327039777312888691e+04
678.3649259468506,2.312586784026217720e+04
678.4393864750938,2.306223152653728175e+04
678.513798898065,2.303634556841190351e+04
678.5882598799376,2.297918074421835263e+04
678.6626543015428,2.296408060197854866e+04
678.7371249257566,2.286053676947702479e+04
678.8115243461227,2.280337194528347391e+04
678.8859815585386,2.270845676549040945e+04
678.9603905685974,2.271816399978742993e+04
679.0348481677615,2.262432740158292290e+04
679.1092529209583,2.257686981168639250e+04
679.1836509171139,2.253264796655553073e+04
679.2581113551571,2.240753250228285833e+04
679.3325235125415,2.240321817592862863e+04
679.4069842868593,2.230722441454700675e+04
679.481378280968,2.214867292102904685e+04
679.5557839509504,2.208287944412704019e+04
679.6302474888498,2.213465136037780030e+04
679.704648807749,2.201924313040214474e+04
679.7790525553501,2.198041419321407375e+04
679.8535234360058,2.184451291305582345e+04
679.9279135518302,2.184667007623293830e+04
680.0023245731195,2.182509844446178613e+04
680.076784258521,2.167193985888661700e+04
680.1511816092886,2.162340368740152553e+04
680.2255859851732,2.153495999713980927e+04
680.3000482943368,2.147563800976914354e+04
680.374448213023,2.139582297221588669e+04
680.4488412562114,2.136670126932483254e+04
680.5232552007656,2.131816509783974470e+04
680.5976576301395,2.120275686786408914e+04
680.6721226617578,2.125884311046907897e+04
680.7465159407645,2.106146267976304807e+04
680.8209254830051,2.105499119023170351e+04
680.8953281128896,2.096439033679287240e+04
680.969723820552,2.093958296025604795e+04
681.0441775310805,2.087055373858836538e+04
681.118582574998,2.084251061728586865e+04
681.1929806772104,2.069582352124204408e+04
681.2673996753556,2.066130891040820279e+04
681.3418070819359,2.060306550462609448e+04
681.4162075273074,2.048550011147332407e+04
681.4906056458781,2.045529982699371249e+04
681.5649921401839,2.041539230821708406e+04
681.6393995215485,2.033989159701805693e+04
681.7137999143118,2.025791939628768523e+04
681.7882165503345,2.025360506993345189e+04
681.8626680324036,2.015653272696327622e+04
681.9370706711479,2.014251116631202603e+04
682.0114662918298,1.999258832550252919e+04
682.0858781465969,1.998935258073685691e+04
682.1602876270566,1.997317385690849551e+04
682.234615600839,1.985884420852139374e+04
682.3090342611832,1.981246520021342076e+04
682.3834179373963,1.974559314172285303e+04
682.4578224911205,1.966254235940392391e+04
682.5322153211919,1.959674888250191361e+04
682.6066290312607,1.959782746409047104e+04
682.6810356664762,1.953203398718846074e+04
682.7554352169042,1.946192618393222074e+04
682.8298276726078,1.932278915900829816e+04
682.9042363415565,1.933573213807098728e+04
682.9786379060591,1.927209582434609547e+04
683.052985700029,1.912433014671370984e+04
683.1273776822683,1.909412986223409825e+04
683.2017812028357,1.905314376186891241e+04
683.2761822579863,1.902833638533209160e+04
683.3505948498541,1.897225014272709814e+04
683.4249816151049,1.889782801311662843e+04
683.4993378598623,1.879859850696933427e+04
683.5737336498651,1.875545524342703357e+04
683.6481222681783,1.871339056147329029e+04
683.7225270786547,1.859474658673195881e+04
683.7968779498492,1.856023197589811753e+04
683.8712683772519,1.856131055748667495e+04
683.9456749923205,1.847718119357918840e+04
684.0200089024875,1.845453098021947881e+04
684.0944244901342,1.835206572930651237e+04
684.1688141432852,1.832941551594680641e+04
684.2431731578488,1.828195792605027236e+04
684.3175670692367,1.816547111448605938e+04
684.3919584235521,1.816547111448605938e+04
684.4662956794946,1.804682713974473154e+04
684.5407193753053,1.794651905200887995e+04
684.6151123876289,1.781385351661630193e+04
684.689455939193,1.776208160036554182e+04
684.7638578398391,1.766932358374959222e+04
684.8382055615216,1.749998627434605805e+04
684.9125975757681,1.744605719491818309e+04
684.9870010616816,1.740830683931866952e+04
685.0613315458365,1.737163506530770974e+04
685.1357438810281,1.733819903606242951e+04
685.2100831760683,1.719259052160715873e+04
685.2844855664139,1.716023307395043230e+04
685.3588336587155,1.706100356780314178e+04
685.4332213760933,1.701893888584939486e+04
685.5075782509971,1.701570314108372258e+04
685.5819089583205,1.700276016202103347e+04
685.6563216044284,1.698981718295834435e+04
685.7306563603778,1.700923165155237803e+04
685.8050589720733,1.693049519558767861e+04
685.8794024621719,1.699736725407824633e+04
685.9537903041233,1.688735193204537791e+04
686.0281472199982,1.679890824178365801e+04
686.1024731844336,1.678920100748664117e+04
686.1768811733403,1.669860015404780643e+04
686.2512158243778,1.664790681938560374e+04
686.3255665827462,1.656485603706667462e+04
686.3999617223745,1.647533376521639730e+04
686.4742975925424,1.643650482802832630e+04
686.5486495653337,1.633511815870391729e+04
686.6230412185406,1.631031078216709466e+04
686.6973829775881,1.618303815471730377e+04
686.7717408365776,1.612155900416952500e+04
686.8460676249846,1.611185176987250634e+04
686.920476563722,1.602448666119934569e+04
686.9948119535088,1.595977176588589464e+04
687.0691634335083,1.596408609224012434e+04
687.1434837923248,1.583465630161321860e+04
687.2178910716232,1.579043445648236047e+04
687.2922436114384,1.568904778715795146e+04
687.3665697193694,1.566963331856391596e+04
687.4409071790424,1.559413260736488883e+04
687.5152607193801,1.553912494634845461e+04
687.5896114344212,1.553049629363999338e+04
687.6639309442114,1.543018820590414180e+04
687.7383327394424,1.536331614741357589e+04
687.8126844041321,1.532664437340261975e+04
687.8870284875072,1.532556579181406050e+04
687.9613649794371,1.522525770407821074e+04
688.0357175394452,1.513357826905082038e+04
688.1100388231959,1.504297741561198563e+04
688.1843761649789,1.504621316037765973e+04
688.2587343070002,1.498041968347564944e+04
688.3330800913666,1.497071244917863078e+04
688.4074182439083,1.490276180909950563e+04
688.4817534945465,1.482833967948903592e+04
688.556104800579,1.477764634482683141e+04
688.6304200038998,1.474960322352433650e+04
688.7047797093452,1.474636747875866240e+04
688.7791080338786,1.455653711917253713e+04
688.8534524038824,1.461262336177752877e+04
688.9277890934775,1.451339385563023461e+04
689.0021418286908,1.450692236609889005e+04
689.0764868733971,1.444220747078543718e+04
689.1507577273879,1.439151413612323267e+04
689.2250873462091,1.432140633286699267e+04
689.2994377520117,1.432032775127843524e+04
689.3737756865256,1.426316292708488618e+04
689.4481106432635,1.418226930794307009e+04
689.5224616327603,1.415206902346346033e+04
689.5968001275772,1.413049739169230816e+04
689.6710880627454,1.407764689385298880e+04
689.745415792651,1.398488887723704102e+04
689.8197595452868,1.397733880611713903e+04
689.8941002876792,1.390938816603801388e+04
689.968380885931,1.392664547145493452e+04
690.0427250973174,1.388350220791263200e+04
690.1170662811704,1.384035894437033130e+04
690.1913949030705,1.376377965158274674e+04
690.2656966557213,1.371200773533198480e+04
690.3400334706062,1.368180745085237322e+04
690.4143672314507,1.362895695301305386e+04
690.4886454859029,1.364297851366430223e+04
690.5629874122526,1.362572120824738158e+04
690.6373214994773,1.358365652629363649e+04
690.7116000290887,1.356100631293392871e+04
690.7859422563533,1.351139155986028163e+04
690.8602336681432,1.345961964360951970e+04
690.9345601567937,1.347903411220355520e+04
691.0089026400582,1.339166900353039455e+04
691.0831942596561,1.336146871905078478e+04
691.157520963373,1.331616829233136741e+04
691.2318206545044,1.325900346813781834e+04
691.3061602170517,1.327518219196618156e+04
691.380444070193,1.318781708329302091e+04
691.45476779478,1.318350275693879121e+04
691.5290596795087,1.314575240133927582e+04
691.6033914459812,1.315761679881340933e+04
691.6776674311591,1.305407296631188547e+04
691.7520072241363,1.303250133454073512e+04
691.8262959912287,1.305407296631188547e+04
691.900643801485,1.304436573201486863e+04
691.9749166156074,1.292464317568498154e+04
692.0492005879099,1.295915778651882283e+04
692.123529252891,1.294082189951334476e+04
692.1978259721524,1.285561395401729897e+04
692.2721578136724,1.284267097495460803e+04
692.3464385130854,1.278766331393817381e+04
692.4207159769667,1.274775579516154539e+04
692.4950525395182,1.274559863198443054e+04
692.56933311711,1.277364175328692545e+04
692.6436056440851,1.270461253161924287e+04
692.7179660817585,1.270029820526501317e+04
692.7922272967613,1.266901933919684416e+04
692.8665236380322,1.263450472836300287e+04
692.9407927013435,1.259567579117493187e+04
693.0151497288059,1.258165423052368351e+04
693.089421837627,1.252880373268436415e+04
693.1636906489606,1.248026756119927450e+04
693.2379753787236,1.248458188755350602e+04
693.3122568047582,1.247163890849081508e+04
693.3865926140129,1.239182387093755642e+04
693.4608818498604,1.235946642328083180e+04
693.5351581466051,1.237240940234352092e+04
693.6094263017561,1.233358046515544993e+04
693.6837151767944,1.233897337309823706e+04
693.7579910889119,1.226131549872209507e+04
693.8322636527323,1.226886556984199706e+04
693.906552121247,1.222572230629969636e+04
693.9808998444166,1.222895805106536864e+04
694.0551719756728,1.218581478752306793e+04
694.1294600063287,1.216640031892903244e+04
694.2037398455482,1.212541421856384477e+04
694.2780114829652,1.215669308463201378e+04
694.3522990144666,1.211247123950115565e+04
694.426583156023,1.206932797595885313e+04
694.5008542537265,1.203589194671356927e+04
694.5751412401826,1.200353449905684283e+04
694.6494248189764,1.200892740699963178e+04
694.723700156412,1.197764854093146278e+04
694.7979624146619,1.192479804309214342e+04
694.8721970948218,1.184498300553888475e+04
694.9464717871994,1.189675492178964669e+04
695.0207623596758,1.186116172936724797e+04
695.0950205016327,1.178997534452245054e+04
695.1693186762369,1.177595378387120218e+04
695.2435843995215,1.178026811022543370e+04
695.3178708269531,1.166270271707266147e+04
695.3921441168008,1.163142385100449246e+04
695.4663655616765,1.168858867519804153e+04
695.5406463919401,1.159259491381642147e+04
695.6149237361514,1.162171661670747562e+04
695.6892121064967,1.162710952465026276e+04
695.7634969823528,1.157102328204527112e+04
695.8377008859716,1.157318044522238597e+04
695.9119932631442,1.153974441597710211e+04
695.9862772860863,1.149767973402335883e+04
696.06048026933,1.148257959178355304e+04
696.134771767185,1.143943632824125052e+04
696.2090548898484,1.139629306469894982e+04
696.2833296268801,1.137795717769347175e+04
696.3575523255896,1.135962129068799368e+04
696.4318151008928,1.134020682209395818e+04
696.5060403540568,1.131216370079146145e+04
696.58033480532,1.128088483472329244e+04
696.6545965750922,1.127657050836906274e+04
696.7288256373972,1.125392029500935496e+04
696.8030899410923,1.125607745818646981e+04
696.8773263707111,1.118596965493022981e+04
696.9516029071826,1.118812681810734466e+04
697.0258758450395,1.115361220727350337e+04
697.1000868630892,1.116979093110186659e+04
697.1743865928445,1.114066922821081243e+04
697.248609793035,1.100908227440679366e+04
697.3228682493078,1.107811149607447624e+04
697.3970987519848,1.101231801917246594e+04
697.4713645187727,1.099182496898987301e+04
697.5456023130668,1.101555376393813822e+04
697.6198072452165,1.094652454227045564e+04
697.6941009834452,1.094976028703612792e+04
697.7683131711979,1.092926723685353500e+04
697.8425898466292,1.098535347945852664e+04
697.9168092738975,1.092711007367642014e+04
697.9910201305657,1.087641673901421564e+04
698.0653003733468,1.086778808630575622e+04
698.1395184438109,1.090661702349382722e+04
698.2138010478819,1.081062326211220534e+04
698.2880311962213,1.082788056752912598e+04
698.3622527442063,1.079228737510672727e+04
698.4364656813189,1.077718723286692330e+04
698.510738305446,1.077287290651269177e+04
698.5849584048053,1.076316567221567493e+04
698.6591698720874,1.075130127474154142e+04
698.7334703424422,1.067795772671962914e+04
698.8076889513259,1.072110099026192984e+04
698.8818989069066,1.067795772671962914e+04
698.9561050840433,1.066501474765693820e+04
699.030322134609,1.064883602382857498e+04
699.1046038227042,1.062834297364598206e+04
699.1788328602486,1.059274978122358334e+04
699.2530532146016,1.056686382309820328e+04
699.3272599846256,1.058951403645791106e+04
699.4014873980228,1.058627829169223878e+04
699.4757061069474,1.055284226244695492e+04
699.5499161008405,1.053774212020714913e+04
699.6241418428359,1.050322750937330784e+04
699.6983588590565,1.053666353861859170e+04
699.7726405911895,1.054313502814993626e+04
699.8468646290141,1.046439857218523684e+04
699.9210848186354,1.049028453031061690e+04
699.9952913527262,1.045900566424244789e+04
700.0695185244031,1.043743403247129754e+04
700.1437320277023,1.037919062668919105e+04
700.2179661702849,1.042664821658572328e+04
700.2921670152689,1.040723374799168596e+04
700.3663345364773,1.036840481080361496e+04
700.4405423002715,1.036732622921505754e+04
700.5147657911945,1.034036168950112005e+04
700.5889804729994,1.037164055556928724e+04
700.6632108815323,1.035330466856380917e+04
700.7374324701444,1.032310438408419941e+04
700.81164522823,1.028211828371901174e+04
700.8858540575908,1.029613984437026011e+04
700.9600736910871,1.023250353064536648e+04
701.034240242214,1.023897502017671104e+04
701.1084716450022,1.025191799923940198e+04
701.1826646876575,1.017210296168614332e+04
701.2569029402329,1.017641728804037302e+04
701.3311077280009,1.019367459345729367e+04
701.4052790247227,1.018612452233739168e+04
701.4794906151762,1.011817388225826653e+04
701.5537179110803,1.010954522954980712e+04
701.6278673838922,1.011817388225826653e+04
701.7020768472739,1.010630948478413302e+04
701.776302010223,1.011062381113836454e+04
701.8505182480137,1.008258068983586782e+04
701.9246812071539,1.005453756853337109e+04
701.9989091214585,1.004375175264779682e+04
702.0730492261018,1.005993047647616004e+04
702.147283874415,9.999529907516936873e+03
702.2215095672381,1.000168707069405173e+04
702.2956523110257,9.973643949391556816e+03
702.3698847114229,1.001894437611097237e+04
702.4440341206173,9.997372744339822020e+03
702.5182485406029,9.960700970328865878e+03
702.5924786440079,9.955308062386078745e+03
702.6666306251165,9.959622388740308452e+03
702.7408427059752,9.915400543609448505e+03
702.8150013114393,9.927264941083582016e+03
702.8892200349155,9.903536146135316812e+03
702.9633852532902,9.864707208947245817e+03
703.0375414112833,9.859314301004456865e+03
703.1117577094595,9.881964514364166462e+03
703.1859204527385,9.828035434936287857e+03
703.2601235714659,9.834506924467634235e+03
703.3342928843769,9.790285079336774288e+03
703.4085025826428,9.796756568868120667e+03
703.482658658175,9.778420681862642596e+03
703.5568254210807,9.753613305325818146e+03
703.6310325789715,9.675955430949676156e+03
703.7052108243134,9.756849050091490426e+03
703.7793551808122,9.664091033475542645e+03
703.8535845204474,9.723413020846208383e+03
703.9277353723147,9.678112594126791009e+03
704.0019018493869,9.631733585818816209e+03
704.0760542132163,9.659776707121312938e+03
704.1502767406283,9.663012451886985218e+03
704.2244157321018,9.631733585818816209e+03
704.2985752975638,9.615554861990452991e+03
704.3727455222629,9.598297556573532347e+03
704.4469065581811,9.557311456208346499e+03
704.5211080295742,9.567018690505365157e+03
704.5952804534251,9.559468619385461352e+03
704.6694387032167,9.548682803499887086e+03
704.7435926983363,9.510932447900371699e+03
704.8177573342106,9.478575000243647082e+03
704.891917706452,9.458081950061052339e+03
704.9660688376695,9.491517979306336201e+03
705.0402107171044,9.504460958369027139e+03
705.114442771257,9.449453297352592926e+03
705.1885910002947,9.476417837066530410e+03
705.2627548254902,9.449453297352592926e+03
705.3369093767561,9.432195991935672282e+03
705.4110795235591,9.406310033810290406e+03
705.485220476971,9.395524217924716140e+03
705.5593969294841,9.403074289044618126e+03
705.6335441691415,9.357773862325202572e+03
705.7077020144703,9.387974146804812335e+03
705.7818057106044,9.327573577845590989e+03
705.8559498827009,9.353459535970971046e+03
705.9301096345012,9.354538117559530292e+03
706.0042849709166,9.340516556908281927e+03
706.0784260421825,9.299530456543094260e+03
706.1525826869397,9.304923364485883212e+03
706.2267549100956,9.313552017194342625e+03
706.3008928304606,9.296294711777421981e+03
706.3750014111765,9.289823222246077421e+03
706.4491704615375,9.250994285058006426e+03
706.5233051714449,9.248837121880891573e+03
706.5974853991634,9.231579816463970928e+03
706.6716262730434,9.258544356177908412e+03
706.745737753195,9.244522795526660047e+03
706.8198897594285,9.248837121880891573e+03
706.8940323424436,9.287666059068962568e+03
706.9681405012132,9.188436552921668408e+03
707.0422891955021,9.242365632349545194e+03
707.1164534452462,9.231579816463970928e+03
707.19055823756,9.245601377115217474e+03
707.2647035748213,9.214322511047050284e+03
707.3388694645195,9.190593716098783261e+03
707.4129708410553,9.184122226567438702e+03
707.4871177773351,9.193829460864455541e+03
707.5612752521206,9.183043644978881275e+03
707.6353781699282,9.114014423311198698e+03
707.7095466962406,9.150686197322154840e+03
707.7836305801062,9.142057544613693608e+03
707.857775071609,9.161472013207730924e+03
707.9318899937977,9.129114565551004489e+03
708.0060455013667,9.132350310316676769e+03
708.080146353211,9.092442791540048347e+03
708.1543078510902,9.097835699482835480e+03
708.2283845678539,9.089207046774374248e+03
708.3025520377458,9.099992862659950333e+03
708.3766397017445,9.094599954717163200e+03
708.4508131326904,9.064399670237551618e+03
708.5249067170731,9.125878820785332209e+03
708.5989906956581,9.105385770602737466e+03
708.673160478897,9.024492151460923196e+03
708.7472503492967,9.083814138831587115e+03
708.8213557131089,9.080578394065914836e+03
708.8955017018351,9.054692435940532960e+03
708.9696129404151,9.061163925471879338e+03
709.0436944296144,9.069792578180338751e+03
709.1178618009762,9.051456691174860680e+03
709.1919440994113,9.035277967346497462e+03
709.266041878377,9.059006762294764485e+03
709.3401601743607,9.006156264455445125e+03
709.4143140934323,9.009392009221117405e+03
709.4884130457813,9.037435130523612315e+03
709.5625023052012,9.000763356512656173e+03
709.6366020041326,8.977034561564390970e+03
709.71069703359,8.958698674558912899e+03
709.7848579170291,8.985663214272852201e+03
709.8589587159314,8.974877398387276116e+03
709.9330497882937,8.974877398387276116e+03
710.0071361642808,8.928498390079301316e+03
710.0812329625695,8.966248745678814885e+03
710.1553452280508,8.951148603439010913e+03
710.2294275672397,8.952227185027568339e+03
710.3035203190468,8.925262645313629037e+03
710.3776335778801,8.911241084662380672e+03
710.4517320198205,8.885355126537000615e+03
710.5258257276931,8.923105482136514183e+03
710.599909644176,8.890748034479787748e+03
710.6740090111854,8.859469168411618739e+03
710.7480985754111,8.857312005234503886e+03
710.8222035892967,8.837897536640468388e+03
710.8962987889969,8.822797394400662597e+03
710.9704094374856,8.812011578515088331e+03
711.0444849811654,8.841133281406140668e+03
711.1186012467011,8.775339804504132189e+03
711.1926874434225,8.822797394400662597e+03
711.2667840197356,8.773182641327015517e+03
711.3408251965476,8.777496967681247042e+03
711.4149070955419,8.791518528332493588e+03
711.4890246751831,8.747296683201635460e+03
711.5631121310784,8.732196540961829669e+03
711.6372150180558,8.725725051430485109e+03
711.7112320343467,8.709546327602121892e+03
711.7853404449295,8.681503206299625163e+03
711.8594389533098,8.755925335910094873e+03
711.9335275484821,8.719253561899138731e+03
712.0075605935059,8.685817532653854869e+03
712.0816546727544,8.718174980310581304e+03
712.1557641746032,8.680424624711067736e+03
712.2297927223119,8.625416963694633523e+03
712.3038823260575,8.666403064059819371e+03
712.377992420552,8.623259800517518670e+03
712.4520164203059,8.630809871637420656e+03
712.5261268825731,8.686896114242414114e+03
712.6001562828156,8.609238239866270305e+03
712.6742518579922,8.575802210620986443e+03
712.7483628435643,8.638359942757324461e+03
712.8223876211747,8.568252139501084457e+03
712.8964785986809,8.581195118563775395e+03
712.9705138140855,8.585509444918005101e+03
713.0446101673241,8.534816110255800595e+03
713.1186507279195,8.540209018198587728e+03
713.19275244439,8.568252139501084457e+03
713.2667983376626,8.513244478484650244e+03
713.3408290765726,8.579037955386658723e+03
713.4149057221886,8.530501783901570889e+03
713.4889468476811,8.446372419994082520e+03
713.5630542605719,8.487358520359268368e+03
713.6370752139885,8.456079654291099359e+03
713.71111152602,8.475494122885134857e+03
713.7852141503761,8.461472562233888311e+03
713.8592557248019,8.443136675228410240e+03
713.93328717658,8.447451001582639947e+03
714.0073900636712,8.453922491113984506e+03
714.0814267494405,8.421565043457258071e+03
714.1554583900697,8.395679085331878014e+03
714.2295512937391,8.430193696165719302e+03
714.3035881409775,8.368714545617938711e+03
714.3776148223176,8.371950290383612810e+03
714.451651744311,8.369793127206496138e+03
714.5256835921462,8.338514261138328948e+03
714.5997818492889,8.309392558247274792e+03
714.6738188625989,8.366557382440823858e+03
714.7478712188952,8.315864047778619351e+03
714.8218929356141,8.362243056086594152e+03
714.8959248750398,8.311549721424389645e+03
714.9699721505816,8.309392558247274792e+03
715.044014315487,8.324492700487080583e+03
715.1180411339378,8.336357097961214095e+03
715.1920883966163,8.295370997596026427e+03
715.2661714596333,8.306156813481602512e+03
715.3402238179556,8.300763905538815379e+03
715.4142403295658,8.230656102282575375e+03
715.488267040557,8.306156813481602512e+03
715.5623141930947,8.263013549939299992e+03
715.6363510669913,8.219870286396999290e+03
715.7103315493897,8.254384897230840579e+03
715.784373440411,8.260856386762185139e+03
715.8584050299637,8.192905746683059988e+03
715.932426306901,8.260856386762185139e+03
716.0064680199878,8.205848725745750926e+03
716.080494283165,8.233891847048247655e+03
716.1545409835085,8.273799365824876077e+03
716.2285722201125,8.203691562568636073e+03
716.3025469314863,8.210163052099980632e+03
716.3765882447348,8.184277093974600575e+03
716.4506192011959,8.182119930797485722e+03
716.5246654600803,8.191827165094503471e+03
716.5987013504475,8.218791704808441864e+03
716.6726754991479,8.152998227906431566e+03
716.7467162946405,8.182119930797485722e+03
716.8207466986998,8.149762483140759286e+03
716.8947667001454,8.173491278089025400e+03
716.9687557260248,8.152998227906431566e+03
717.0427805919613,8.150841064729316713e+03
717.116825887731,8.106619219598457676e+03
717.1908093232216,8.146526738375087007e+03
717.2648286044712,8.169176951734794784e+03
717.3388168541977,8.122797943426820893e+03
717.4128461038251,8.105540638009900249e+03
717.4868906346427,8.089361914181537031e+03
717.5608474726536,8.082890424650191562e+03
717.6348968087937,8.097990566889997353e+03
717.7088584084709,8.071026027176058960e+03
717.7828867763504,8.096911985301439927e+03
717.8568840385082,8.079654679884519282e+03
717.9309171761972,8.058083048113368022e+03
718.0048882559898,8.085047587827307325e+03
718.0789313004857,8.108776382775572529e+03
718.1528864689565,8.058083048113368022e+03
718.2268775063203,8.080733261473076709e+03
718.300914749167,8.042982905873563141e+03
718.3748898482226,8.046218650639235420e+03
718.4489059941204,8.050532976993466036e+03
718.5228857662477,8.013861202982508985e+03
718.5968549564894,8.027882763633757349e+03
718.6708910267723,8.023568437279527643e+03
718.7448648651658,8.058083048113368022e+03
718.8188539335962,8.018175529336739601e+03
718.8928117241455,8.016018366159624748e+03
718.9668571028507,8.007389713451164425e+03
719.040845353585,8.011704039805394132e+03
719.1148178064504,8.013861202982508985e+03
719.1887847916446,7.967482194674535094e+03
719.2628187285492,8.000918223919818956e+03
719.3367851179871,7.945910562903384744e+03
719.4107718973806,7.937281910194924421e+03
719.4847480151196,7.970717939440208283e+03
719.55871345993,7.961010705143189625e+03
719.6326941140954,7.937281910194924421e+03
719.7066692631995,7.949146307669057023e+03
719.780706250103,7.939439073372039275e+03
719.8546807424774,7.917867441600888014e+03
719.9286497097812,7.906003044126755412e+03
720.0026286960333,7.862859780584453802e+03
720.0766021474149,7.916788860012330588e+03
720.1505856143327,7.912474533658100881e+03
720.2245376004026,7.869331270115799271e+03
720.298530717732,7.877959922824259593e+03
720.3725079039693,7.881195667589931872e+03
720.446479525475,7.869331270115799271e+03
720.5204403826414,7.889824320298392195e+03
720.5943696939084,7.832659496104843129e+03
720.6683349523433,7.831580914516285702e+03
720.7423153966341,7.818637935453594764e+03
720.816285052651,7.833738077693400555e+03
720.890249105901,7.865016943761568655e+03
720.9642231419422,7.846681056756090584e+03
721.0382175601698,7.802459211625231546e+03
721.1121179678518,7.803537793213788973e+03
721.1860907374653,7.817559353865037338e+03
721.2600786851124,7.790594814151098944e+03
721.334050596095,7.818637935453594764e+03
721.4079648215145,7.737744316311779585e+03
721.4819202230957,7.718329847717744087e+03
721.5559168215076,7.751765876963027949e+03
721.6298296575088,7.731272826780434116e+03
721.7038045147077,7.735587153134664732e+03
721.777768491748,7.718329847717744087e+03
721.8516746809869,7.693522471180920547e+03
721.9256689717006,7.680579492118229609e+03
721.9996263053706,7.685972400061017652e+03
722.0735518685187,7.642829136518716041e+03
722.1475134315792,7.677343747352557330e+03
722.221443203523,7.644986299695830894e+03
722.2954141996532,7.615864596804777648e+03
722.369322077151,7.607235944096317326e+03
722.4432972736668,7.628807575867468586e+03
722.5172093181159,7.630964739044583439e+03
722.5911887015628,7.602921617742087619e+03
722.665104899496,7.579192822793821506e+03
722.7390623388185,7.558699772611228582e+03
722.8129878959985,7.575957078028149226e+03
722.8869756086152,7.547913956725652497e+03
722.9608791618889,7.553306864668440539e+03
723.0347925998112,7.527420906543059573e+03
723.1087786701618,7.497220622063448900e+03
723.1826700550422,7.542521048782865364e+03
723.2565817737539,7.471334663938067933e+03
723.3305609227724,7.472413245526625360e+03
723.4044767103132,7.468098919172394744e+03
723.4783814349788,7.449763032166916673e+03
723.5523797909511,7.458391684875376995e+03
723.6262885587613,7.461627429641050185e+03
723.7001862401456,7.431427145161438602e+03
723.7741042546204,7.441134379458456351e+03
723.8480321309023,7.386126718442022138e+03
723.9220013141903,7.412012676567403105e+03
723.9959122328532,7.448684450578359247e+03
724.0698330025856,7.394755371150482461e+03
724.1437478932739,7.408776931801730825e+03
724.2176516517817,7.373183739379331200e+03
724.2915652506016,7.387205300030579565e+03
724.3654729499798,7.353769270785295703e+03
724.4393957341822,7.388283881619136992e+03
724.51330736185,7.314940333597224708e+03
724.587207821535,7.320333241540011841e+03
724.6611286098097,7.334354802191260205e+03
724.7350592296857,7.323568986305685030e+03
724.80895240124,7.333276220602702779e+03
724.882865897012,7.297683028180304063e+03
724.9567892135801,7.345140618076835381e+03
725.0307013255602,7.296604446591746637e+03
725.1046074792529,7.292290120237516021e+03
725.1785287017594,7.313861752008667281e+03
725.2524334382222,7.290132957060401168e+03
725.326358500832,7.293368701826073448e+03
725.4002723250796,7.265325580523577628e+03
725.4741222682113,7.264246998935020201e+03
725.5480398915687,7.230810969689736339e+03
725.6219462528422,7.236203877632524382e+03
725.6958676722687,7.256696927815117306e+03
725.769783084779,7.231889551278293766e+03
725.8436292602167,7.210317919507143415e+03
725.9175431603215,7.226496643335506633e+03
725.9914510329734,7.265325580523577628e+03
726.0653686850188,7.234046714455409528e+03
726.1392275716657,7.248068275106656984e+03
726.2131278556831,7.240518203986754088e+03
726.2870379081896,7.156388840079266629e+03
726.3608891425325,7.176881890261859553e+03
726.4348081680206,7.195217777267337624e+03
726.50866306773,7.159624584844938909e+03
726.5825857784921,7.167174655964841804e+03
726.6564232085193,7.154231676902151776e+03
726.730349586392,7.126188555599655047e+03
726.8042645953695,7.171488982319072420e+03
726.8781153887404,7.141288697839460838e+03
726.9520393221525,7.150995932136478586e+03
727.0258672943038,7.156388840079266629e+03
727.0997948515045,7.069023731406105981e+03
727.1736528398144,7.097066852708601800e+03
727.2475046789152,7.092752526354372094e+03
727.3214244199837,7.055002170754857616e+03
727.3952533686669,7.149917350547921160e+03
727.4691766890326,7.072259476171778260e+03
727.5430356383624,7.105695505417062122e+03
727.6168831154938,7.072259476171778260e+03
727.6907985389481,7.038823446926494398e+03
727.7646495352022,7.057159333931972469e+03
727.838494332822,7.038823446926494398e+03
727.9123488191613,7.034509120572264692e+03
727.986271291593,7.040980610103610161e+03
728.0601080662049,7.002151672915538256e+03
728.1339810274446,6.981658622732945332e+03
728.2078212555151,6.998915928149865977e+03
728.2817295008361,6.943908267133431764e+03
728.3555996998778,6.979501459555830479e+03
728.429453049297,6.967637062081696968e+03
728.5033054557948,6.965479898904582114e+03
728.577140989502,6.942829685544873428e+03
728.6509914915385,6.928808124893625973e+03
728.7248569664563,6.935279614424971442e+03
728.7987108614303,6.967637062081696968e+03
728.872558477417,6.933122451247855679e+03
728.9464688832253,6.942829685544873428e+03
729.0203145595359,6.886743442939881788e+03
729.0941805149681,6.886743442939881788e+03
729.1680295392798,6.861936066403058248e+03
729.2418722535059,6.858700321637385969e+03
729.3156767351837,6.873800463877191760e+03
729.3895227579071,6.841443016220465324e+03
729.4633837365335,6.850071668928925646e+03
729.5372330643772,6.863014647991615675e+03
729.6110920231105,6.822028547626429827e+03
729.6849499652391,6.799378334266721140e+03
729.7587909091665,6.829578618746332722e+03
729.832646799371,6.791828263146818244e+03
729.9064377258716,6.782121028849800496e+03
729.9802755476569,6.764863723432879851e+03
730.0541496290818,6.746527836427401780e+03
730.1279906863275,6.733584857364711752e+03
730.2018413503896,6.762706560255764998e+03
730.2756322932343,6.720641878302020814e+03
730.3494914925877,6.755156489135862103e+03
730.4233389576001,6.705541736062215023e+03
730.497121314011,6.681812941113949819e+03
730.5709933006522,6.683970104291064672e+03
730.6448321837362,6.664555635697029174e+03
730.7186379386568,6.638669677571648208e+03
730.7924799682986,6.651612656634338236e+03
730.8662835069548,6.601997903560692066e+03
730.940128667791,6.603076485149249493e+03
731.0139673771906,6.620333790566170137e+03
731.0877622124666,6.621412372154727564e+03
731.1616307539186,6.603076485149249493e+03
731.2354072830598,6.527575773950221446e+03
731.3092735761231,6.571797619081080484e+03
731.3830531589755,6.490903999939265304e+03
731.4569011330443,6.529732937127336299e+03
731.5307105078027,6.527575773950221446e+03
731.6044812553652,6.508161305356185949e+03
731.6783471861277,6.511397050121858229e+03
731.7521477148499,6.514632794887531418e+03
731.8259899112759,6.452075062751194309e+03
731.899766660658,6.469332368168114954e+03
731.9735636445379,6.421874778271582727e+03
732.0473701527895,6.452075062751194309e+03
732.1212183467612,6.422953359860140154e+03
732.195006386356,6.377652933140723690e+03
732.2688093011474,6.424031941448697580e+03
732.3426485486638,6.355002719781015912e+03
732.4164544099781,6.352845556603900150e+03
732.4902214949792,6.373338606786493983e+03
732.5640302732379,6.340981159129767548e+03
732.6378270896475,6.339902577541210121e+03
732.7116656191168,6.340981159129767548e+03
732.7854653361854,6.266559029519296928e+03
732.8592530670325,6.298916477176023363e+03
732.9330341718326,6.283816334936217572e+03
733.0068247610646,6.257930376810837515e+03
733.0806302100424,6.288130661290448188e+03
733.1544290226378,6.206158460560075582e+03
733.2282104378809,6.222337184388437890e+03
733.3020120820065,6.240673071393916871e+03
733.3758016923423,6.236358745039686255e+03
733.4495738776542,6.221258602799880464e+03
733.5233662868974,6.192136899908827218e+03
733.5971735461529,6.185665410377481749e+03
733.6709687462483,6.146836473189410754e+03
733.7447518754218,6.152229381132197886e+03
733.818549846392,6.181351084023252042e+03
733.8923357337387,6.152229381132197886e+03
733.9660610421337,6.153307962720756223e+03
734.039849657903,6.164093778606331398e+03
734.113653111708,6.120950515064029787e+03
734.1874498467755,6.110164699178454612e+03
734.2612290717857,6.106928954412781422e+03
734.3349476318791,6.076728669933170750e+03
734.4087618993168,6.093985975350091394e+03
734.4825316665394,6.065942854047595574e+03
734.5563216510071,6.020642427328178201e+03
734.6300724954872,6.059471364516250105e+03
734.7038651403906,6.005542285088373319e+03
734.7776456166251,5.993677887614239808e+03
734.8513869120628,5.994756469202798144e+03
734.9251700158896,6.007699448265488172e+03
734.99889230638,6.013092356208276215e+03
735.0727050353661,5.967791929488858841e+03
735.1464785471829,5.965634766311743988e+03
735.220218219237,5.961320439957514282e+03
735.2939943121419,5.944063134540593637e+03
735.367736543824,5.967791929488858841e+03
735.4415206118363,5.899841289409734600e+03
735.5152599796714,5.924648665946558140e+03
735.5890466014831,5.912784268472424628e+03
735.662766849309,5.934355900243575888e+03
735.7365830712438,5.868562423341565591e+03
735.8103058246913,5.858855189044547842e+03
735.8840433540496,5.893369799878389131e+03
735.957822745456,5.906312778941079159e+03
736.0315681756952,5.889055473524159424e+03
736.1052958754302,5.875033912872911060e+03
736.1790654451154,5.865326678575893311e+03
736.252801015933,5.836204975684839155e+03
736.326545937147,5.824340578210706553e+03
736.4003381699183,5.836204975684839155e+03
736.4740584115469,5.811397599148016525e+03
736.5477988397872,5.839440720450512345e+03
736.6215269056551,5.796297456908210734e+03
736.6952425972906,5.810319017559459098e+03
736.7690544685436,5.777961569902732663e+03
736.8427725447069,5.786590222611192985e+03
736.9165053742005,5.762861427662926872e+03
736.9902258037228,5.750997030188794270e+03
737.0639609845649,5.740211214303219094e+03
737.137689186275,5.742368377480333947e+03
737.2114267046566,5.736975469537545905e+03
737.2851517972983,5.729425398417643009e+03
737.358897074205,5.736975469537545905e+03
737.4326244765816,5.688439298052457161e+03
737.5063448675909,5.703539440292262043e+03
737.5800799995792,5.698146532349474910e+03
737.6538026703106,5.720796745709182687e+03
737.7275346375662,5.665789084692748474e+03
737.8012595719805,5.644217452921598124e+03
737.8749992432967,5.694910787583801721e+03
737.9487264275168,5.636667381801695228e+03
738.022468346593,5.669024829458420754e+03
738.0961977656417,5.604309934144968793e+03
738.169865632222,5.623724402739004290e+03
738.2435972558687,5.628038729093234906e+03
738.3173218057595,5.609702842087756835e+03
738.3910556298822,5.621567239561889437e+03
738.4647823694751,5.559009507425552329e+03
738.5384638351453,5.560088089014109755e+03
738.612192738524,5.589209791905163002e+03
738.685909081362,5.563323833779782035e+03
738.7595855634423,5.541752202008631684e+03
738.8332985789483,5.580581139196702679e+03
738.9070317658445,5.534202130888728789e+03
738.9807032179243,5.553616599482764286e+03
739.0544385201678,5.502923264820560689e+03
739.1281065918952,5.497530356877772647e+03
739.2018439933116,5.515866243883250718e+03
739.2755687822585,5.501844683232002353e+03
739.3492317494262,5.448994185392682994e+03
739.4229859424029,5.418793900913072321e+03
739.4966509491076,5.448994185392682994e+03
739.5703798618135,5.428501135210090069e+03
739.6440468874771,5.414479574558841705e+03
739.7177778366447,5.418793900913072321e+03
739.791446866122,5.384279290079231032e+03
739.8651032005454,5.398300850730479397e+03
739.9388289543585,5.390750779610576501e+03
740.0125146409633,5.353000424011062023e+03
740.086187618405,5.337900281771257141e+03
740.1599026583724,5.324957302708566203e+03
740.2335830692062,5.317407231588663308e+03
740.3072452674804,5.334664537005583952e+03
740.3809769441689,5.287206947109052635e+03
740.4546465508478,5.286128365520495208e+03
740.5283253357537,5.272106804869246844e+03
740.6019968452496,5.257006662629441962e+03
740.6757323886792,5.245142265155308451e+03
740.7493783611862,5.225727796561272953e+03
740.8230664214437,5.181505951430413916e+03
740.8967416974003,5.182584533018971342e+03
740.9704041770528,5.182584533018971342e+03
741.0440813057113,5.204156164790122602e+03
741.1177456249695,5.157777156482147802e+03
741.1914740338814,5.122183964059749087e+03
741.265145682029,5.158855738070705229e+03
741.3387990020083,5.140519851065227158e+03
741.4124669600711,5.120026800882634234e+03
741.4861550585991,5.093062261168695841e+03
741.5598248114671,5.106005240231385869e+03
741.6334872037764,5.090905097991580988e+03
741.7070817125386,5.059626231923411979e+03
741.7807678621677,5.084433608460235519e+03
741.8544191228816,5.069333466220429727e+03
741.9281125335501,5.021875876323898410e+03
742.0017600242695,5.028347365855243879e+03
742.0754276444354,5.011090060438323235e+03
742.1491098938311,5.020797294735340984e+03
742.2227792320809,4.985204102312942268e+03
742.2963860567804,4.987361265490057121e+03
742.3700570824167,4.959318144187561302e+03
742.4437151716932,4.945296583536312937e+03
742.5173878791576,4.942060838770640657e+03
742.5909980073593,4.935589349239295188e+03
742.6646723713906,4.943139420359198084e+03
742.7383392893086,4.953925236244773259e+03
742.8119656461523,4.904310483171126180e+03
742.8856286765096,4.937746512416410042e+03
742.9592842387771,4.901074738405453900e+03
743.0328991982909,4.880581688222860976e+03
743.1065563576633,4.891367504108436151e+03
743.1801728901319,4.856852893274594862e+03
743.2538592524501,4.860088638040267142e+03
743.3274497210764,4.850381403743249393e+03
743.4011100282263,4.836359843092001938e+03
743.4747296601421,4.844988495800462260e+03
743.5483970465806,4.799688069081044887e+03
743.6220182060574,4.825574027206425853e+03
743.6956816000841,4.780273600487009389e+03
743.7692821427946,4.798609487492487460e+03
743.8429470520473,4.772723529367106494e+03
743.916576747615,4.780273600487009389e+03
743.990165669035,4.768409203012876787e+03
744.0638466591978,4.753309060773070996e+03
744.1374370340701,4.744680408064610674e+03
744.2110696595498,4.734973173767592925e+03
744.284716858413,4.715558705173557428e+03
744.3583232280512,4.740366081710380968e+03
744.4319496995879,4.716637286762114854e+03
744.5055574804348,4.712322960407885148e+03
744.5791520991629,4.692908491813848741e+03
744.6528444452033,4.687515583871061608e+03
744.7264460022811,4.674572604808370670e+03
744.8000565630955,4.658393880980007452e+03
744.8736594835683,4.687515583871061608e+03
744.9472714032472,4.649765228271547130e+03
745.0208756714717,4.633586504443184822e+03
745.094494486024,4.637900830797414528e+03
745.168100087441,4.630350759677511633e+03
745.2416924635781,4.631429341266069059e+03
745.3152993770332,4.620643525380493884e+03
745.3889152760675,4.597993312020786107e+03
745.4625290474098,4.627115014911839353e+03
745.5361240107667,4.612014872672033562e+03
745.609733506721,4.601229056786458386e+03
745.6833575395775,4.628193596500396779e+03
745.7569683059694,4.576421680249634846e+03
745.8305713563644,4.600150475197900960e+03
745.9041833730809,4.583971751369537742e+03
745.9777876626403,4.612014872672033562e+03
746.0514009139459,4.582893169780980315e+03
746.1249507566789,4.535435579884448089e+03
746.1985429433485,4.554850048478484496e+03
746.2721496486159,4.564557282775502244e+03
746.3457708767787,4.542985651004350984e+03
746.4193230608547,4.534356998295890662e+03
746.4929176060401,4.532199835118775809e+03
746.5665266650274,4.555928630067041922e+03
746.640066621393,4.520335437644643207e+03
746.7136768253059,4.559164374832714202e+03
746.7873015449047,4.517099692878970018e+03
746.8608348022583,4.493370897930704814e+03
746.934460649653,4.496606642696377094e+03
747.0080507927156,4.478270755690899023e+03
747.0815940434294,4.492292316342146478e+03
747.1552131827909,4.495528061107819667e+03
747.2287630801482,4.485820826810801918e+03
747.3023777208953,4.508471040170509696e+03
747.3759007391845,4.471799266159553554e+03
747.4495220280663,4.456699123919747763e+03
747.5230740040879,4.441598981679942881e+03
747.5966125121065,4.463170613451093232e+03
747.6702213915038,4.451306215976960630e+03
747.7437608993716,4.431891747382925132e+03
747.8173763904779,4.435127492148597412e+03
747.8909168833824,4.394141391783410654e+03
747.9644718416794,4.456699123919747763e+03
748.0380188872018,4.411398697200331299e+03
748.111630768237,4.410320115611773872e+03
748.1851787691317,4.407084370846101592e+03
748.2587356337701,4.367176852069472261e+03
748.3322845630789,4.380119831132163199e+03
748.405875958131,4.372569760012260303e+03
748.4794258064913,4.350998128241109043e+03
748.5529901125466,4.372569760012260303e+03
748.626540858474,4.333740822824188399e+03
748.7000780320159,4.365019688892357408e+03
748.7736296540094,4.347762383475436764e+03
748.8471676901079,4.342369475532648721e+03
748.920776260387,4.343448057121207057e+03
748.994315154041,4.324033588527170650e+03
749.0678741021718,4.312169191053038048e+03
749.1414138274398,4.295990467224674831e+03
749.2149736068789,4.307854864698807432e+03
749.2885141477188,4.300304793578905446e+03
749.362046665244,4.286283232927657082e+03
749.4355374512597,4.261475856390833542e+03
749.5090988297237,4.259318693213718689e+03
749.5826465568359,4.242061387796798044e+03
749.656175000463,4.246375714151027751e+03
749.7297234916311,4.229118408734108016e+03
749.803286415846,4.221568337614205120e+03
749.8768356615918,4.225882663968434827e+03
749.9503205982728,4.222646919202762547e+03
750.0238705670453,4.225882663968434827e+03
750.0974068314757,4.201075287431611287e+03
750.170963144645,4.190289471546036111e+03
750.2444438267519,4.204311032197284476e+03
750.318000832892,4.184896563603248069e+03
750.3915384788514,4.148224789592291927e+03
750.4650398530696,4.160089187066425438e+03
750.5385837931271,4.152539115946522543e+03
750.6121083437756,4.126653157821141576e+03
750.6855965835151,4.126653157821141576e+03
750.7591555782365,4.101845781284318036e+03
750.8326444278694,4.122338831466910960e+03
750.9061758589805,4.106160107638548652e+03
750.9796652967866,4.096452873341529994e+03
751.053225528571,4.064095425684804013e+03
751.1267211857668,4.072724078393264335e+03
751.2002538005404,4.066252588861919321e+03
751.2737443726544,4.068409752039034174e+03
751.347283196831,4.050073865033556103e+03
751.4207743095347,4.068409752039034174e+03
751.4942572105898,4.001537693548466905e+03
751.567805321994,4.031737978028078032e+03
751.641288735935,3.997223367194236744e+03
751.7147865207419,3.996144785605679317e+03
751.7883269399143,3.997223367194236744e+03
751.8618252198199,4.000459111959909478e+03
751.9353096018531,4.005852019902697066e+03
752.0087800736492,3.981044643365873981e+03
752.082349748397,3.950844358886262853e+03
752.1558206716313,3.944372869354917384e+03
752.2293059510168,3.953001522063377706e+03
752.3028112503567,3.954080103651935133e+03
752.3762686487676,3.916329748052421564e+03
752.4497687028702,3.905543932166845934e+03
752.5232604672466,3.891522371515598024e+03
752.5967892449822,3.916329748052421564e+03
752.6702814069297,3.915251166463864138e+03
752.74378792351,3.876422229275792688e+03
752.8172521255437,3.876422229275792688e+03
752.890753342267,3.879657974041464968e+03
752.9642462347487,3.841907618441951399e+03
753.0377251232514,3.864557831801659631e+03
753.111218354199,3.875343647687234807e+03
753.1846408387155,3.855929179093199309e+03
753.2581116847355,3.858086342270314617e+03
753.331591190779,3.825728894613588182e+03
753.4050850339123,3.823571731436473328e+03
753.4785648318334,3.816021660316570433e+03
753.552064642568,3.818178823493685286e+03
753.6254879218887,3.790135702191189466e+03
753.698987997613,3.779349886305614291e+03
753.7724683210844,3.813864497139455125e+03
753.845940242228,3.783664212659844452e+03
753.9193696482735,3.773956978362826248e+03
753.9928702112186,3.778271304717056410e+03
754.0663566760842,3.805235844430994803e+03
754.1397721577508,3.778271304717056410e+03
754.2132588199502,3.756699672945905604e+03
754.286731357841,3.753463928180233324e+03
754.3601613060175,3.726499388466294931e+03
754.433662469434,3.759935417711578339e+03
754.5070697940439,3.743756693883215121e+03
754.580571120139,3.749149601826003163e+03
754.6540013426822,3.709242083049374287e+03
754.7274800348059,3.738363785940427533e+03
754.8009103674891,3.708163501460816406e+03
754.8743891803196,3.706006338283701552e+03
754.9478196065738,3.700613430340913965e+03
755.0212985235391,3.696299103986683804e+03
755.0947347284628,3.684434706512550747e+03
755.1681567061893,3.686591869689665600e+03
755.2416500027333,3.676884635392647851e+03
755.3150720303312,3.658548748387169780e+03
755.3884798044081,3.663941656329957368e+03
755.4619874570354,3.605698250547850421e+03
755.535395250506,3.631584208673231387e+03
755.6088173113466,3.626191300730443800e+03
755.6822593542736,3.638055698204576402e+03
755.7557385217809,3.636977116616018975e+03
755.8291520013627,3.607855413724965729e+03
755.9025740310907,3.628348463907558653e+03
755.9760160417866,3.622955555964771065e+03
756.0494380281855,3.639134279793134283e+03
756.122851408895,3.665020237918515249e+03
756.196279048058,3.620798392787655757e+03
756.2697209498288,3.628348463907558653e+03
756.3431485156143,3.628348463907558653e+03
756.4166132278519,3.604619668959292994e+03
756.490046430767,3.615405484844868170e+03
756.563402310791,3.598148179427947525e+03
756.6368296685728,3.617562648021983478e+03
756.710271280547,3.598148179427947525e+03
756.7836985147853,3.607855413724965729e+03
756.8571170870929,3.579812292422469454e+03
756.9305441765948,3.571183639714009132e+03
757.0039625924522,3.589519526719487203e+03
757.0773895204559,3.545297681588628166e+03
757.1508077630942,3.600305342605062833e+03
757.2241829078598,3.556083497474203796e+03
757.2975952154935,3.536669028880167843e+03
757.3710274951507,3.559319242239876075e+03
757.4444453309834,3.530197539348822829e+03
757.5178200187852,3.533433284114495564e+03
757.5912376210018,3.524804631406035242e+03
757.664669455667,3.518333141874689773e+03
757.7380294018718,3.507547325989114597e+03
757.8114609832415,3.509704489166229450e+03
757.884883822762,3.516175978697574919e+03
757.9582576961611,3.501075836457769128e+03
758.0316745087733,3.497840091692096394e+03
758.1050538201592,3.495682928514981541e+03
758.1784703328954,3.491368602160751379e+03
758.2518205742088,3.482739949452291057e+03
758.3252712680576,3.466561225623927839e+03
758.3986211596865,3.477347041509503470e+03
758.4720370175761,3.478425623098060896e+03
758.545415305501,3.446068175441334915e+03
758.6187790176235,3.435282359555759285e+03
758.692185702744,3.432046614790087006e+03
758.7655490229096,3.442832430675662181e+03
758.8389841161411,3.441753849087104754e+03
758.9123470329839,3.430968033201529124e+03
758.985729896929,3.418025054138838641e+03
759.0590923834825,3.435282359555759285e+03
759.1324978677417,3.425575125258741537e+03
759.2058656754364,3.393217677602015556e+03
759.2792419009955,3.394296259190572982e+03
759.3526092466964,3.388903351247785395e+03
759.4259619360007,3.368410301065192016e+03
759.4993807137987,3.361938811533847002e+03
759.5727617631621,3.366253137888077163e+03
759.6461281405926,3.385667606482112660e+03
759.7194798334775,3.358703066768174267e+03
759.79284569346,3.387824769659227513e+03
759.8662199506782,3.364095974710961855e+03
759.9395910557283,3.346838669294041210e+03
760.0129416740881,3.328502782288563139e+03
760.0863064536592,3.356545903591058959e+03
760.1596565064068,3.329581363877120566e+03
760.2330264969562,3.327424200700005713e+03
760.3064048714377,3.304773987340297481e+03
760.3797685035091,3.292909589866164424e+03
760.4531231634235,3.318795547991545391e+03
760.5264341378603,3.299381079397509438e+03
760.5997823891312,3.285359518746261529e+03
760.6731505760081,3.281045192392031367e+03
760.7465329185825,3.276730866037801206e+03
760.8198946901349,3.254080652678092974e+03
760.893195347572,3.278888029214916514e+03
760.9665564561759,3.258394979032323135e+03
761.039908545017,3.237901928849729757e+03
761.1132805694576,3.241137673615402491e+03
761.186574038077,3.233587602495499596e+03
761.2599395757078,3.234666184084057477e+03
761.3332612942629,3.216330297078578951e+03
761.4066319227295,3.217408878667136833e+03
761.4799819030882,3.204465899604446349e+03
761.5532938204132,3.192601502130313293e+03
761.6266430583955,3.197994410073100880e+03
761.6999542102297,3.169951288770605061e+03
761.7733026886444,3.195837246895986027e+03
761.8466130577877,3.190444338953198439e+03
761.9199955907541,3.157008309707914577e+03
761.9932761350078,3.181815686244738117e+03
762.0665998139598,3.136515259525321198e+03
762.1399666484456,3.178579941479065383e+03
762.2132604654904,3.134358096348206345e+03
762.2866264890819,3.135436677936763772e+03
762.3599194586624,3.125729443639746023e+03
762.4332265236651,3.137593841113878625e+03
762.5065244315081,3.125729443639746023e+03
762.5798887714861,3.113865046165612966e+03
762.653209066283,3.106314975045710071e+03
762.726491103933,3.106314975045710071e+03
762.7998163192037,3.096607740748692322e+03
762.8731789131846,3.093371995983019588e+03
762.9464741276457,3.090136251217347308e+03
763.0197834275534,3.076114690566098943e+03
763.0930777014148,3.036207171789470067e+03
763.1663802334256,3.040521498143700228e+03
763.2396735482423,3.061014548326293607e+03
763.312980942364,3.024342774315337465e+03
763.3863024198473,3.022185611138222157e+03
763.4595855263992,3.052385895617833285e+03
763.5329060235777,3.032971427023797787e+03
763.6062114503713,3.040521498143700228e+03
763.6795017940418,3.029735682258125053e+03
763.7528120409493,3.021107029549664730e+03
763.8261013583818,2.989828163481496176e+03
763.8994105781957,2.994142489835726337e+03
763.9727280347157,2.995221071424283764e+03
764.0459486507003,3.001692560955629233e+03
764.1192708849686,2.979042347595920546e+03
764.1925721540134,2.955313552647654888e+03
764.265864123763,2.967177950121787944e+03
764.339170153393,2.981199510773035854e+03
764.4124025979912,2.970413694887460224e+03
764.4857075207827,2.966099368533230063e+03
764.5590265043799,2.966099368533230063e+03
764.6322718534416,2.949920644704867300e+03
764.7055663242454,2.950999226293424726e+03
764.7788689989354,2.913248870693910703e+03
764.8520979783581,2.930506176110831348e+03
764.9254053449329,2.910013125928238424e+03
764.9986623906358,2.913248870693910703e+03
765.0719685894694,2.938056247230734243e+03
765.1451951672625,2.916484615459583438e+03
765.2185001752471,2.901384473219778101e+03
765.2917606634498,2.910013125928238424e+03
765.3650586119669,2.897070146865547940e+03
765.438288577042,2.895991565276990059e+03
765.5115911575078,2.885205749391414884e+03
765.5848491670143,2.883048586214300030e+03
765.6580918875516,2.875498515094397135e+03
765.7313779407682,2.859319791266033917e+03
765.8046193790093,2.895991565276990059e+03
765.8778806952203,2.866869862385936813e+03
765.9511794972256,2.865791280797379386e+03
766.0244043117671,2.866869862385936813e+03
766.0976489972652,2.877655678271511988e+03
766.1709018207467,2.850691138557573595e+03
766.2441451689594,2.858241209677476490e+03
766.31745537396,2.852848301734688903e+03
766.3906973785047,2.839905322671998420e+03
766.4639240114803,2.861476954443149225e+03
766.5371587632285,2.831276669963538097e+03
766.610413388223,2.848533975380458742e+03
766.6836526256157,2.829119506786422789e+03
766.7569058583788,2.858241209677476490e+03
766.8301436890999,2.835590996317768258e+03
766.9033661049401,2.817255109312290188e+03
766.9766319183701,2.804312130249599704e+03
767.049858779082,2.821569435666520349e+03
767.1230937389751,2.801076385483926970e+03
767.196342684586,2.807547875015271984e+03
767.2695820718163,2.804312130249599704e+03
767.3427706741372,2.801076385483926970e+03
767.4160085761127,2.801076385483926970e+03
767.4892545691928,2.803233548661041823e+03
767.5624909794419,2.775190427358546003e+03
767.6357413679548,2.801076385483926970e+03
767.7089173321764,2.759011703530182785e+03
767.7821603029794,2.764404611472970373e+03
767.8553936664732,2.776269008947103430e+03
767.928641001735,2.750383050821722463e+03
768.001843330076,2.770876101004315842e+03
768.0750596156819,2.742832979701820022e+03
768.1482662604737,2.744990142878934876e+03
768.2215104680862,2.739597234936147288e+03
768.2947391311019,2.736361490170474553e+03
768.3679227171707,2.728811419050571658e+03
768.441155676817,2.715868439987881175e+03
768.5143376298478,2.723418511107784070e+03
768.5875985030231,2.720182766342111336e+03
768.6607551772538,2.723418511107784070e+03
768.7340085126597,2.712632695222208895e+03
768.8071930624363,2.722339929519226644e+03
768.8803619892306,2.723418511107784070e+03
768.9535980606818,2.710475532045093587e+03
769.0267948587721,2.724497092696341497e+03
769.0999760176759,2.698611134570960985e+03
769.1732302685929,2.710475532045093587e+03
769.2464097142773,2.691061063451058089e+03
769.3195794118245,2.704004042513748573e+03
769.3928163071785,2.680275247565482459e+03
769.4660079399233,2.699689716159518412e+03
769.5391838897698,2.696453971393845677e+03
769.6123796819868,2.672725176445580018e+03
769.6855538548153,2.681353829154040341e+03
769.7587182425186,2.668410850091349857e+03
769.8319202468393,2.682432410742597767e+03
769.9051421026546,2.664096523737119696e+03
769.97834824532,2.646839218320199052e+03
770.0515030831361,2.658703615794331654e+03
770.1247074085248,2.663017942148561815e+03
770.1978663329771,2.644682055143083744e+03
770.2710688242653,2.652232126262986640e+03
770.3442258887268,2.654389289440101493e+03
770.4173671736539,2.642524891965968891e+03
770.4905282854356,2.626346168137605673e+03
770.5637270444658,2.638210565611738730e+03
770.6369100189285,2.627424749726163100e+03
770.7100771958651,2.619874678606260659e+03
770.7832642087253,2.611246025897800337e+03
770.856459180459,2.628503331314720981e+03
770.9295551317979,2.603695954777897441e+03
771.0027481693259,2.599381628423667280e+03
771.0759313239301,2.596145883657994546e+03
771.1490926926053,2.596145883657994546e+03
771.2222144154819,2.595067302069437119e+03
771.2954094963922,2.598303046835109853e+03
771.368588721728,2.563788436001268565e+03
771.4417223223901,2.567024180766941299e+03
771.5148995537488,2.571338507121171460e+03
771.5880013670636,2.563788436001268565e+03
771.6612063537742,2.536823896287330172e+03
771.734306117772,2.524959498813197115e+03
771.8074852581613,2.527116661990311968e+03
771.8806127402132,2.543295385818675186e+03
771.953783876625,2.535745314698772290e+03
772.0269152446992,2.504466448630603736e+03
772.1000843158894,2.507702193396276471e+03
772.1732135949969,2.514173682927621940e+03
772.2463209463975,2.518488009281851646e+03
772.3195077548475,2.506623611807719044e+03
