X,Y
534.0051269287335,1.876000000000000000e+03
534.0808105837979,1.895000000000000000e+03
534.1564941245075,1.880000000000000000e+03
534.2322387608131,1.897000000000000000e+03
534.3079223194351,1.896000000000000000e+03
534.3836059646314,1.900000000000000000e+03
534.459289487409,1.917000000000000000e+03
534.534973107135,1.905000000000000000e+03
534.6106567862021,1.904000000000000000e+03
534.6863402868432,1.900000000000000000e+03
534.7620238571769,1.931000000000000000e+03
534.8377074881613,1.922000000000000000e+03
534.9134522313972,1.943000000000000000e+03
534.9891358020897,1.950000000000000000e+03
535.0648193202943,1.960000000000000000e+03
535.140502776876,1.970000000000000000e+03
535.2161864491509,1.969000000000000000e+03
535.2918700416792,1.997000000000000000e+03
535.367553831929,1.979000000000000000e+03
535.4432372375885,2.017000000000000000e+03
535.5189208228152,2.009000000000000000e+03
535.594604578686,2.021000000000000000e+03
535.6702882093306,2.024000000000000000e+03
535.745971418549,2.017000000000000000e+03
535.8216553453357,2.011000000000000000e+03
535.8973391196765,2.039000000000000000e+03
535.9730227323798,2.045000000000000000e+03
536.0487061742487,2.034000000000000000e+03
536.1243894360814,2.041000000000000000e+03
536.2000730836918,2.058000000000000000e+03
536.275756820763,2.071000000000000000e+03
536.3514406383212,2.063000000000000000e+03
536.4271239518794,2.082000000000000000e+03
536.5028079033076,2.086000000000000000e+03
536.5784913324379,2.077000000000000000e+03
536.6541748057845,2.091000000000000000e+03
536.7298583143477,2.099000000000000000e+03
536.8055421372837,2.096000000000000000e+03
536.8812254011024,2.103000000000000000e+03
536.9569092495924,2.132000000000000000e+03
537.0325928090099,2.130000000000000000e+03
537.1082763585715,2.134000000000000000e+03
537.1839598892475,2.153000000000000000e+03
537.2596436806508,2.166000000000000000e+03
537.3353268577979,2.179000000000000000e+03
537.411010566398,2.180000000000000000e+03
537.4866335528031,2.170000000000000000e+03
537.5623168365025,2.191000000000000000e+03
537.6380003360828,2.186000000000000000e+03
537.7136843318589,2.186000000000000000e+03
537.7893676583791,2.212000000000000000e+03
537.8650511739759,2.230000000000000000e+03
537.940734869813,2.219000000000000000e+03
538.0164184475874,2.226000000000000000e+03
538.0920408046188,2.238000000000000000e+03
538.1677246810524,2.238000000000000000e+03
538.2434084124591,2.241000000000000000e+03
538.3190919897331,2.256000000000000000e+03
538.3947756936324,2.249000000000000000e+03
538.4704589353845,2.279000000000000000e+03
538.5461425757196,2.263000000000000000e+03
538.6217653920648,2.289000000000000000e+03
538.6974486256656,2.284000000000000000e+03
538.7731322312683,2.300000000000000000e+03
538.8488156195046,2.300000000000000000e+03
538.9244993621073,2.302000000000000000e+03
539.0001221504488,2.311000000000000000e+03
539.0758056867688,2.298000000000000000e+03
539.1514895509623,2.326000000000000000e+03
539.2271725712882,2.331000000000000000e+03
539.3027954051873,2.335000000000000000e+03
539.378479310497,2.345000000000000000e+03
539.4541629264281,2.354000000000000000e+03
539.5298462437939,2.364000000000000000e+03
539.6054689803647,2.377000000000000000e+03
539.6811522386217,2.378000000000000000e+03
539.7568363363963,2.397000000000000000e+03
539.832519225528,2.383000000000000000e+03
539.9081423044014,2.401000000000000000e+03
539.9838259373797,2.411000000000000000e+03
540.0595095003099,2.428000000000000000e+03
540.1351320092971,2.420000000000000000e+03
540.2108150962631,2.425000000000000000e+03
540.2864989617823,2.441000000000000000e+03
540.362121111465,2.421000000000000000e+03
540.4378056155781,2.455000000000000000e+03
540.5134888278695,2.471000000000000000e+03
540.5891111220752,2.450000000000000000e+03
540.6647949195459,2.459000000000000000e+03
540.7404782741969,2.477000000000000000e+03
540.8161009254455,2.476000000000000000e+03
540.8917848125893,2.474000000000000000e+03
540.9674685225426,2.520000000000000000e+03
541.0430911589102,2.504000000000000000e+03
541.1187741775063,2.516000000000000000e+03
541.194457870279,2.512000000000000000e+03
541.2700807045082,2.516000000000000000e+03
541.3457636520761,2.520000000000000000e+03
541.4213865683067,2.542000000000000000e+03
541.497070200242,2.565000000000000000e+03
541.5727541699249,2.553000000000000000e+03
541.648376858336,2.582000000000000000e+03
541.7240599931954,2.578000000000000000e+03
541.7996829685276,2.578000000000000000e+03
541.8753664065381,2.596000000000000000e+03
541.950988459017,2.603000000000000000e+03
542.0266721649095,2.611000000000000000e+03
542.1022953150494,2.628000000000000000e+03
542.1779780782617,2.646000000000000000e+03
542.2536014098382,2.632000000000000000e+03
542.329284076073,2.662000000000000000e+03
542.4049075539548,2.672000000000000000e+03
542.4805912648831,2.648000000000000000e+03
542.5562136767595,2.664000000000000000e+03
542.631897220388,2.678000000000000000e+03
542.7075197075332,2.681000000000000000e+03
542.7832033429272,2.695000000000000000e+03
542.8588255754784,2.702000000000000000e+03
542.9345092673785,2.716000000000000000e+03
543.0101320942985,2.728000000000000000e+03
543.0858158076525,2.737000000000000000e+03
543.1614377193954,2.752000000000000000e+03
543.2371220089141,2.749000000000000000e+03
543.3127444450705,2.742000000000000000e+03
543.3884278000902,2.755000000000000000e+03
543.4640501352047,2.779000000000000000e+03
543.5396728412053,2.763000000000000000e+03
543.6153561952086,2.807000000000000000e+03
543.6909787475163,2.782000000000000000e+03
543.7666625552929,2.809000000000000000e+03
543.8422846228852,2.804000000000000000e+03
543.917907905318,2.828000000000000000e+03
543.9935909887698,2.814000000000000000e+03
544.0692140297832,2.819000000000000000e+03
544.1448361882029,2.867000000000000000e+03
544.220519947648,2.833000000000000000e+03
544.2961426997966,2.875000000000000000e+03
544.3718261809979,2.875000000000000000e+03
544.4474486032625,2.896000000000000000e+03
544.5230709870222,2.884000000000000000e+03
544.5987550137446,2.872000000000000000e+03
544.6743770145879,2.915000000000000000e+03
544.7500001373947,2.896000000000000000e+03
544.8256222965063,2.906000000000000000e+03
544.9013064288619,2.942000000000000000e+03
544.976929025401,2.926000000000000000e+03
545.0525518192319,2.951000000000000000e+03
545.1282345318966,2.990000000000000000e+03
545.2038574139079,2.979000000000000000e+03
545.27947957532,3.006000000000000000e+03
545.3551027912747,2.980000000000000000e+03
545.4307859578726,2.998000000000000000e+03
545.5064085974922,3.019000000000000000e+03
545.582031075963,3.043000000000000000e+03
545.6576539799133,3.034000000000000000e+03
545.7333374615957,3.040000000000000000e+03
545.8089603143547,3.061000000000000000e+03
545.8845823750287,3.076000000000000000e+03
545.9602051246089,3.079000000000000000e+03
546.0358279586479,3.097000000000000000e+03
546.1115111125337,3.091000000000000000e+03
546.1871341062584,3.110000000000000000e+03
546.2627559649052,3.143000000000000000e+03
546.3383790667153,3.114000000000000000e+03
546.4140010154777,3.149000000000000000e+03
546.4896238920949,3.155000000000000000e+03
546.5653080328324,3.159000000000000000e+03
546.6409297699242,3.153000000000000000e+03
546.7165527083374,3.190000000000000000e+03
546.7921753454747,3.197000000000000000e+03
546.8677979714669,3.178000000000000000e+03
546.9434205776232,3.194000000000000000e+03
547.0190431552487,3.203000000000000000e+03
547.0946647977053,3.227000000000000000e+03
547.1703492667542,3.239000000000000000e+03
547.2459723224066,3.222000000000000000e+03
547.3215944163495,3.251000000000000000e+03
547.3972173369806,3.250000000000000000e+03
547.4728389782355,3.271000000000000000e+03
547.5484617288662,3.258000000000000000e+03
547.6240849813485,3.283000000000000000e+03
547.6997072275658,3.276000000000000000e+03
547.7753302583766,3.275000000000000000e+03
547.8509522649341,3.291000000000000000e+03
547.9265750390812,3.283000000000000000e+03
548.0021964706609,3.317000000000000000e+03
548.0778207553666,3.316000000000000000e+03
548.1534418774738,3.323000000000000000e+03
548.2290652357153,3.348000000000000000e+03
548.3046878169241,3.334000000000000000e+03
548.3803093111,3.353000000000000000e+03
548.4559330175531,3.337000000000000000e+03
548.5315556197277,3.381000000000000000e+03
548.6071771080813,3.377000000000000000e+03
548.6828010856999,3.384000000000000000e+03
548.7584221255744,3.373000000000000000e+03
548.834045337373,3.396000000000000000e+03
548.9096673999533,3.396000000000000000e+03
548.9852904134418,3.432000000000000000e+03
549.0609137670749,3.415000000000000000e+03
549.1364750314843,3.430000000000000000e+03
549.2120978166789,3.428000000000000000e+03
549.2877191060418,3.441000000000000000e+03
549.3633428131332,3.458000000000000000e+03
549.4389653087501,3.463000000000000000e+03
549.5145865832915,3.472000000000000000e+03
549.590210251744,3.489000000000000000e+03
549.665832681899,3.485000000000000000e+03
549.7413946298766,3.498000000000000000e+03
549.8170160497809,3.518000000000000000e+03
549.8926398319383,3.520000000000000000e+03
549.9682623401311,3.542000000000000000e+03
550.0438835647246,3.559000000000000000e+03
550.1195068250248,3.552000000000000000e+03
550.1950679386268,3.568000000000000000e+03
550.2706906900269,3.569000000000000000e+03
550.3463136366366,3.589000000000000000e+03
550.421935255224,3.582000000000000000e+03
550.4975591726949,3.620000000000000000e+03
550.5731205123872,3.600000000000000000e+03
550.6487432287166,3.620000000000000000e+03
550.7243648844632,3.621000000000000000e+03
550.7999885039992,3.639000000000000000e+03
550.8755494425731,3.648000000000000000e+03
550.951172094361,3.666000000000000000e+03
551.0267951682852,3.654000000000000000e+03
551.1024165301448,3.687000000000000000e+03
551.1779790561093,3.685000000000000000e+03
551.2536012026161,3.701000000000000000e+03
551.3292237372492,3.704000000000000000e+03
551.4047855382855,3.702000000000000000e+03
551.4804066788231,3.713000000000000000e+03
551.5560303111364,3.739000000000000000e+03
551.6315910047903,3.762000000000000000e+03
551.7072150175466,3.752000000000000000e+03
551.7828375420726,3.763000000000000000e+03
551.8583991818102,3.782000000000000000e+03
551.9340205121266,3.786000000000000000e+03
552.0096436778041,3.807000000000000000e+03
552.0852040546326,3.806000000000000000e+03
552.1608281083562,3.795000000000000000e+03
552.2363887123648,3.800000000000000000e+03
552.3120111809802,3.835000000000000000e+03
552.3876339198484,3.849000000000000000e+03
552.4631955723437,3.870000000000000000e+03
552.5388185047575,3.845000000000000000e+03
552.614380300461,3.866000000000000000e+03
552.6900021708618,3.836000000000000000e+03
552.765564075718,3.858000000000000000e+03
552.8411860712373,3.884000000000000000e+03
552.9168082777293,3.889000000000000000e+03
552.9923707499584,3.885000000000000000e+03
553.0679933370403,3.900000000000000000e+03
553.1435543046211,3.908000000000000000e+03
553.2191769324178,3.936000000000000000e+03
553.2947381962192,3.943000000000000000e+03
553.3703611371725,3.922000000000000000e+03
553.4459223575054,3.949000000000000000e+03
553.521545578136,3.939000000000000000e+03
553.5971070276289,3.935000000000000000e+03
553.6727301879512,3.983000000000000000e+03
553.74829183306,3.967000000000000000e+03
553.823851714682,3.959000000000000000e+03
553.8994751723073,4.002000000000000000e+03
553.9750367322185,3.992000000000000000e+03
554.050658510177,4.024000000000000000e+03
554.1262201811371,4.034000000000000000e+03
554.2018439290302,4.007000000000000000e+03
554.2774053707294,4.011000000000000000e+03
554.3529671374815,4.027000000000000000e+03
554.4285888549837,4.048000000000000000e+03
554.5041506486573,4.068000000000000000e+03
554.579712127434,4.073000000000000000e+03
554.6553335805664,4.061000000000000000e+03
554.7308950353918,4.075000000000000000e+03
554.8065186350868,4.118000000000000000e+03
554.8820800328116,4.122000000000000000e+03
554.9576410728757,4.132000000000000000e+03
555.0332642831411,4.150000000000000000e+03
555.108825215094,4.174000000000000000e+03
555.1843863800646,4.166000000000000000e+03
555.2599490030949,4.169000000000000000e+03
555.3355716725129,4.185000000000000000e+03
555.4111322702728,4.204000000000000000e+03
555.486694610333,4.211000000000000000e+03
555.5623170204691,4.217000000000000000e+03
555.6378788265472,4.254000000000000000e+03
555.7134408077316,4.240000000000000000e+03
555.7890023379755,4.251000000000000000e+03
555.8646239696742,4.284000000000000000e+03
555.9401852063803,4.302000000000000000e+03
556.0157462753666,4.290000000000000000e+03
556.0913090235443,4.315000000000000000e+03
556.1668694227267,4.328000000000000000e+03
556.2424921284115,4.341000000000000000e+03
556.3180540060974,4.355000000000000000e+03
556.3936159838638,4.377000000000000000e+03
556.46917743411,4.359000000000000000e+03
556.544738657784,4.394000000000000000e+03
556.6202993365139,4.400000000000000000e+03
556.6959226832005,4.411000000000000000e+03
556.7714847427467,4.436000000000000000e+03
556.8470468524312,4.397000000000000000e+03
556.9226065226395,4.419000000000000000e+03
556.9981696377276,4.435000000000000000e+03
557.0737306061917,4.447000000000000000e+03
557.1492912804306,4.458000000000000000e+03
557.2248535148585,4.458000000000000000e+03
557.3004154389016,4.479000000000000000e+03
557.3759767333004,4.482000000000000000e+03
557.451598607399,4.476000000000000000e+03
557.5271614300829,4.509000000000000000e+03
557.6027217325554,4.523000000000000000e+03
557.6782835475029,4.506000000000000000e+03
557.7538450012918,4.525000000000000000e+03
557.8294060853028,4.535000000000000000e+03
557.9049686584602,4.540000000000000000e+03
557.9805305342576,4.520000000000000000e+03
558.0560904581027,4.546000000000000000e+03
558.1316534042687,4.543000000000000000e+03
558.2072143813721,4.571000000000000000e+03
558.2827764962979,4.571000000000000000e+03
558.3583381828406,4.600000000000000000e+03
558.4338994323449,4.596000000000000000e+03
558.5094602361507,4.577000000000000000e+03
558.5850224576968,4.621000000000000000e+03
558.6605230453073,4.621000000000000000e+03
558.7360843175928,4.599000000000000000e+03
558.8116447982349,4.632000000000000000e+03
558.8872066647817,4.625000000000000000e+03
558.9627683478695,4.621000000000000000e+03
559.0383292140123,4.649000000000000000e+03
559.1138914425185,4.624000000000000000e+03
559.1894531500513,4.676000000000000000e+03
559.2650140151281,4.670000000000000000e+03
559.3405155236203,4.678000000000000000e+03
559.4160774775995,4.694000000000000000e+03
559.491638563738,4.703000000000000000e+03
559.5671990861741,4.713000000000000000e+03
559.6427612285802,4.748000000000000000e+03
559.7183224777227,4.746000000000000000e+03
559.7938239112091,4.743000000000000000e+03
559.8693855251184,4.733000000000000000e+03
559.9449468470373,4.769000000000000000e+03
560.0205075548458,4.792000000000000000e+03
560.0960695220344,4.764000000000000000e+03
560.1715693553381,4.772000000000000000e+03
560.2471316053342,4.813000000000000000e+03
560.3226935219939,4.865000000000000000e+03
560.3982544687057,4.845000000000000000e+03
560.4737553798353,4.843000000000000000e+03
560.549316857351,4.893000000000000000e+03
560.6248776534629,4.896000000000000000e+03
560.70037802624,4.875000000000000000e+03
560.7759393038835,4.925000000000000000e+03
560.8515017620771,4.928000000000000000e+03
560.9270018364357,4.931000000000000000e+03
561.0025625253518,4.978000000000000000e+03
561.0781246855694,4.979000000000000000e+03
561.1536262760454,5.017000000000000000e+03
561.2291866163674,4.998000000000000000e+03
561.304748089255,4.984000000000000000e+03
561.3802492335784,5.010000000000000000e+03
561.4558107265045,5.045000000000000000e+03
561.5313717522904,5.053000000000000000e+03
561.6068723759059,5.049000000000000000e+03
561.6824333719698,5.072000000000000000e+03
561.7579339169324,5.076000000000000000e+03
561.8334954817075,5.084000000000000000e+03
561.9089955995389,5.120000000000000000e+03
561.9845564375671,5.133000000000000000e+03
562.0601218043322,5.115000000000000000e+03
562.1356190160956,5.136000000000000000e+03
562.2111807638972,5.179000000000000000e+03
562.2866837867199,5.171000000000000000e+03
562.3622450420103,5.166000000000000000e+03
562.4377443607594,5.156000000000000000e+03
562.5133050891404,5.162000000000000000e+03
562.5888069961169,5.163000000000000000e+03
562.6643671648543,5.154000000000000000e+03
562.739868463935,5.193000000000000000e+03
562.8154280394092,5.229000000000000000e+03
562.8909286969488,5.236000000000000000e+03
562.9664305978828,5.249000000000000000e+03
563.0419939681478,5.197000000000000000e+03
563.1174920085415,5.268000000000000000e+03
563.19305470474,5.232000000000000000e+03
563.2685551920358,5.252000000000000000e+03
563.3440568835294,5.263000000000000000e+03
563.419616911542,5.250000000000000000e+03
563.4951146546897,5.285000000000000000e+03
563.5706770994776,5.269000000000000000e+03
563.6461803879624,5.316000000000000000e+03
563.7216816652208,5.294000000000000000e+03
563.7972413162915,5.300000000000000000e+03
563.8727417375509,5.311000000000000000e+03
563.948243300408,5.317000000000000000e+03
564.0238032597638,5.329000000000000000e+03
564.0993039174446,5.350000000000000000e+03
564.1748025104577,5.362000000000000000e+03
564.2503658884998,5.352000000000000000e+03
564.3258667100131,5.347000000000000000e+03
564.4013686264184,5.379000000000000000e+03
564.4768684441426,5.387000000000000000e+03
564.5524298972744,5.387000000000000000e+03
564.6279318813953,5.431000000000000000e+03
564.7034317408531,5.438000000000000000e+03
564.7789326555933,5.433000000000000000e+03
564.8544314277575,5.454000000000000000e+03
564.9299918767013,5.465000000000000000e+03
565.005495928257,5.490000000000000000e+03
565.0809946197296,5.470000000000000000e+03
565.1564943267665,5.472000000000000000e+03
565.2319918472216,5.487000000000000000e+03
565.3075574772264,5.500000000000000000e+03
565.3830570069348,5.539000000000000000e+03
565.4585575213804,5.549000000000000000e+03
565.5340558149843,5.541000000000000000e+03
565.6095582761728,5.565000000000000000e+03
565.6850585002172,5.546000000000000000e+03
565.760556477251,5.575000000000000000e+03
565.8360618025167,5.606000000000000000e+03
565.9116225122199,5.597000000000000000e+03
565.9871233197282,5.639000000000000000e+03
566.0626218458439,5.696000000000000000e+03
566.1381244909254,5.720000000000000000e+03
566.2136216322725,5.734000000000000000e+03
566.289126084757,5.747000000000000000e+03
566.3646250154166,5.792000000000000000e+03
566.4401248288668,5.800000000000000000e+03
566.5156223083626,5.801000000000000000e+03
566.5911238644974,5.788000000000000000e+03
566.666626281373,5.820000000000000000e+03
566.7421263396649,5.838000000000000000e+03
566.8176240294433,5.840000000000000000e+03
566.8931289818083,5.885000000000000000e+03
566.9686283363882,5.877000000000000000e+03
567.044128511452,5.887000000000000000e+03
567.1196262833736,5.868000000000000000e+03
567.1951280764068,5.888000000000000000e+03
567.2706306677735,5.905000000000000000e+03
567.3460696737624,5.923000000000000000e+03
567.4215706028087,5.917000000000000000e+03
567.4970690857559,5.952000000000000000e+03
567.5725715554013,5.925000000000000000e+03
567.6480715624202,5.940000000000000000e+03
567.7235723199296,5.918000000000000000e+03
567.7990705965543,5.920000000000000000e+03
567.8745728319317,5.980000000000000000e+03
567.9500112820856,5.981000000000000000e+03
568.0255117228037,5.944000000000000000e+03
568.1010128751681,5.990000000000000000e+03
568.1765115034954,5.991000000000000000e+03
568.2520140559766,5.994000000000000000e+03
568.327455928513,5.946000000000000000e+03
568.4029533742392,6.010000000000000000e+03
568.478454722623,5.995000000000000000e+03
568.5539535037092,5.975000000000000000e+03
568.6293947397575,5.984000000000000000e+03
568.7048948100362,5.982000000000000000e+03
568.7803955214323,6.002000000000000000e+03
568.8558968664703,5.996000000000000000e+03
568.9313373379196,6.011000000000000000e+03
569.0068366737867,6.033000000000000000e+03
569.0823366191238,6.071000000000000000e+03
569.1577756177235,6.032000000000000000e+03
569.2332767431898,6.014000000000000000e+03
569.3087752145101,6.018000000000000000e+03
569.3842159078702,6.030000000000000000e+03
569.4597155117148,6.034000000000000000e+03
569.5352189219938,6.076000000000000000e+03
569.6106547533757,6.068000000000000000e+03
569.6861592519366,6.070000000000000000e+03
569.7615961204366,6.114000000000000000e+03
569.8370951828829,6.105000000000000000e+03
569.9125980167112,6.114000000000000000e+03
569.9880363908212,6.093000000000000000e+03
570.063540235015,6.118000000000000000e+03
570.1389763193972,6.127000000000000000e+03
570.2144778914571,6.172000000000000000e+03
570.2899149030349,6.189000000000000000e+03
570.3654174215969,6.175000000000000000e+03
570.4408585841445,6.201000000000000000e+03
570.516355510032,6.214000000000000000e+03
570.5917975400971,6.224000000000000000e+03
570.6672953476274,6.220000000000000000e+03
570.7427349574187,6.263000000000000000e+03
570.8182368737373,6.259000000000000000e+03
570.8936740294567,6.252000000000000000e+03
570.9691767675921,6.310000000000000000e+03
571.044617956385,6.283000000000000000e+03
571.120118225025,6.328000000000000000e+03
571.1955568946336,6.319000000000000000e+03
571.2709959150741,6.381000000000000000e+03
571.3464973017159,6.367000000000000000e+03
571.4219370173379,6.408000000000000000e+03
571.4974358505949,6.408000000000000000e+03
571.5728729630794,6.394000000000000000e+03
571.6483169221735,6.428000000000000000e+03
571.7238167556269,6.438000000000000000e+03
571.7992547962239,6.454000000000000000e+03
571.874696395271,6.494000000000000000e+03
571.9501938880238,6.496000000000000000e+03
572.0256327861869,6.500000000000000000e+03
572.1010752224225,6.507000000000000000e+03
572.1765735734161,6.527000000000000000e+03
572.2520132602132,6.534000000000000000e+03
572.3274531890821,6.540000000000000000e+03
572.4028933523459,6.530000000000000000e+03
572.4783960113044,6.538000000000000000e+03
572.5538333585442,6.582000000000000000e+03
572.6292741944405,6.584000000000000000e+03
572.7047119540778,6.578000000000000000e+03
572.780212242593,6.572000000000000000e+03
572.8556503993934,6.578000000000000000e+03
572.9310920175104,6.600000000000000000e+03
573.0065305250978,6.603000000000000000e+03
573.0819691960772,6.605000000000000000e+03
573.1574080227304,6.601000000000000000e+03
573.232909430562,6.638000000000000000e+03
573.3083485618251,6.607000000000000000e+03
573.3837911132744,6.624000000000000000e+03
573.4592305026606,6.590000000000000000e+03
573.5346700090696,6.602000000000000000e+03
573.6101096247586,6.636000000000000000e+03
573.6855493419805,6.595000000000000000e+03
573.7609858609676,6.645000000000000000e+03
573.8364257571322,6.616000000000000000e+03
573.9118624378157,6.633000000000000000e+03
573.9873057764995,6.635000000000000000e+03
574.0627425886909,6.662000000000000000e+03
574.1382453810519,6.643000000000000000e+03
574.2136823092575,6.631000000000000000e+03
574.2891225732211,6.628000000000000000e+03
574.3645628688121,6.613000000000000000e+03
574.4399404917988,6.626000000000000000e+03
574.5153808108072,6.662000000000000000e+03
574.5908178365182,6.649000000000000000e+03
574.6662581633567,6.689000000000000000e+03
574.7416984828392,6.663000000000000000e+03
574.8171387871569,6.668000000000000000e+03
574.8925790684976,6.668000000000000000e+03
574.9680160131622,6.703000000000000000e+03
575.0434562242268,6.676000000000000000e+03
575.1188930812343,6.709000000000000000e+03
575.1943364992081,6.712000000000000000e+03
575.2697765474628,6.692000000000000000e+03
575.3451536315831,6.735000000000000000e+03
575.4205935156243,6.769000000000000000e+03
575.4960333140378,6.767000000000000000e+03
575.5714730189743,6.773000000000000000e+03
575.6469093088864,6.747000000000000000e+03
575.7223521169975,6.815000000000000000e+03
575.7977285011834,6.798000000000000000e+03
575.8731677371276,6.801000000000000000e+03
575.9486101574518,6.840000000000000000e+03
576.0240491208147,6.821000000000000000e+03
576.0994281953324,6.806000000000000000e+03
576.1748668380864,6.867000000000000000e+03
576.2503053165299,6.915000000000000000e+03
576.3257436227722,6.879000000000000000e+03
576.401121946027,6.918000000000000000e+03
576.4765631917769,6.919000000000000000e+03
576.5520009192454,6.936000000000000000e+03
576.627378593058,6.925000000000000000e+03
576.7028192152051,6.953000000000000000e+03
576.7782596194585,6.983000000000000000e+03
576.8536365734708,7.000000000000000000e+03
576.9290798301113,7.004000000000000000e+03
577.0045161881444,6.979000000000000000e+03
577.0798956812308,7.056000000000000000e+03
577.1553348449369,7.075000000000000000e+03
577.2307737431714,7.043000000000000000e+03
577.3061523771543,7.080000000000000000e+03
577.3815940386273,7.102000000000000000e+03
577.4569687212091,7.087000000000000000e+03
577.5324097821534,7.076000000000000000e+03
577.6077871497567,7.134000000000000000e+03
577.6832275791974,7.114000000000000000e+03
577.7586042662564,7.105000000000000000e+03
577.8340473712362,7.123000000000000000e+03
577.9094233467189,7.146000000000000000e+03
577.9848624183549,7.185000000000000000e+03
578.06024099099,7.160000000000000000e+03
578.1356826786689,7.174000000000000000e+03
578.2110604784385,7.140000000000000000e+03
578.2865014103915,7.187000000000000000e+03
578.3618750602704,7.192000000000000000e+03
578.4373152036164,7.226000000000000000e+03
578.5126947075182,7.210000000000000000e+03
578.5880737744064,7.209000000000000000e+03
578.6635160180301,7.186000000000000000e+03
578.7388908540094,7.204000000000000000e+03
578.8143322323514,7.199000000000000000e+03
578.8897095032095,7.202000000000000000e+03
578.9650862969057,7.236000000000000000e+03
579.0405296629765,7.246000000000000000e+03
579.1159054956761,7.230000000000000000e+03
579.1912841817008,7.236000000000000000e+03
579.2667227590988,7.209000000000000000e+03
579.3421004375672,7.200000000000000000e+03
579.4174809495532,7.234000000000000000e+03
579.4928575733711,7.191000000000000000e+03
579.5682974782039,7.216000000000000000e+03
579.6436763906835,7.228000000000000000e+03
579.7190547488921,7.245000000000000000e+03
579.7944325447469,7.248000000000000000e+03
579.8698736574771,7.234000000000000000e+03
579.9452503209693,7.247000000000000000e+03
580.0206297620755,7.229000000000000000e+03
580.0960086102061,7.261000000000000000e+03
580.1713868572579,7.230000000000000000e+03
580.2467678619868,7.270000000000000000e+03
580.3222055027192,7.243000000000000000e+03
580.3975819144985,7.256000000000000000e+03
580.472964431725,7.231000000000000000e+03
580.5483361997073,7.268000000000000000e+03
580.6237208011142,7.217000000000000000e+03
580.6990980056318,7.244000000000000000e+03
580.774474545852,7.249000000000000000e+03
580.8498537875009,7.291000000000000000e+03
580.9252289755794,7.259000000000000000e+03
581.0006743628959,7.218000000000000000e+03
581.0760481837603,7.258000000000000000e+03
581.1514280543308,7.323000000000000000e+03
581.2268072152121,7.312000000000000000e+03
581.3021822791188,7.310000000000000000e+03
581.3775633752501,7.347000000000000000e+03
581.4529437389426,7.341000000000000000e+03
581.5283199802694,7.319000000000000000e+03
581.6036988536778,7.367000000000000000e+03
581.6790160670166,7.370000000000000000e+03
581.7543934024975,7.360000000000000000e+03
581.8297699646201,7.362000000000000000e+03
581.9051525174606,7.400000000000000000e+03
581.9805308970429,7.420000000000000000e+03
582.0559084804219,7.443000000000000000e+03
582.1312852593902,7.456000000000000000e+03
582.206668005028,7.483000000000000000e+03
582.2820397617667,7.445000000000000000e+03
582.3574242532981,7.478000000000000000e+03
582.4327366749485,7.496000000000000000e+03
582.508116082625,7.505000000000000000e+03
582.5834946400697,7.463000000000000000e+03
582.658872339047,7.520000000000000000e+03
582.7342525671091,7.528000000000000000e+03
582.8095673852416,7.562000000000000000e+03
582.8849492395216,7.582000000000000000e+03
582.9603268074364,7.581000000000000000e+03
583.0357068767066,7.580000000000000000e+03
583.1110214380087,7.611000000000000000e+03
583.1864030744695,7.613000000000000000e+03
583.2617769878166,7.635000000000000000e+03
583.3371601786139,7.610000000000000000e+03
583.4124743613642,7.654000000000000000e+03
583.4878556582576,7.640000000000000000e+03
583.5632325991093,7.654000000000000000e+03
583.6385472652148,7.652000000000000000e+03
583.7139290751193,7.680000000000000000e+03
583.7893065032263,7.667000000000000000e+03
583.8646249949269,7.675000000000000000e+03
583.9400004322508,7.688000000000000000e+03
584.0153168866366,7.708000000000000000e+03
584.0907005347968,7.717000000000000000e+03
584.1660763462396,7.687000000000000000e+03
584.2413965200363,7.752000000000000000e+03
584.3167736762043,7.698000000000000000e+03
584.3920917365156,7.705000000000000000e+03
584.4674702084938,7.730000000000000000e+03
584.5427861228587,7.698000000000000000e+03
584.6181658817017,7.747000000000000000e+03
584.6934796176279,7.740000000000000000e+03
584.7688572148127,7.725000000000000000e+03
584.8441755797492,7.738000000000000000e+03
584.919554404934,7.785000000000000000e+03
584.9948739529473,7.726000000000000000e+03
585.0702539779767,7.737000000000000000e+03
585.145567832981,7.706000000000000000e+03
585.2208873808705,7.713000000000000000e+03
585.2962674300239,7.725000000000000000e+03
585.3715812355221,7.724000000000000000e+03
585.446962410467,7.740000000000000000e+03
585.522277293224,7.721000000000000000e+03
585.5975978392732,7.711000000000000000e+03
585.6729720672993,7.756000000000000000e+03
585.7482902189189,7.723000000000000000e+03
585.8236071536562,7.729000000000000000e+03
585.8989880858402,7.719000000000000000e+03
585.9743025783406,7.732000000000000000e+03
586.0496192632522,7.714000000000000000e+03
586.1249381347992,7.686000000000000000e+03
586.200317604434,7.698000000000000000e+03
586.2756374097312,7.741000000000000000e+03
586.3509525064017,7.759000000000000000e+03
586.4262697612708,7.764000000000000000e+03
586.5016510856912,7.724000000000000000e+03
586.576965774025,7.738000000000000000e+03
586.6522825996321,7.733000000000000000e+03
586.7275981142149,7.742000000000000000e+03
586.8029157526896,7.797000000000000000e+03
586.878297505942,7.756000000000000000e+03
586.9536125003841,7.770000000000000000e+03
587.0289295977367,7.763000000000000000e+03
587.1042487921765,7.823000000000000000e+03
587.1795666300785,7.784000000000000000e+03
587.2548831029591,7.803000000000000000e+03
587.3301982023304,7.769000000000000000e+03
587.4055153701529,7.829000000000000000e+03
587.4808346005856,7.839000000000000000e+03
587.5561558877838,7.876000000000000000e+03
587.631468866577,7.882000000000000000e+03
587.7067838851247,7.885000000000000000e+03
587.78216658026,7.882000000000000000e+03
587.8574856775697,7.914000000000000000e+03
587.9328033404089,7.925000000000000000e+03
588.0080538670875,7.930000000000000000e+03
588.0833720770029,7.897000000000000000e+03
588.1586888286358,7.943000000000000000e+03
588.234007573644,7.953000000000000000e+03
588.3093248450679,7.982000000000000000e+03
588.3846440963296,7.983000000000000000e+03
588.4599618586897,7.966000000000000000e+03
588.5352781235977,7.986000000000000000e+03
588.6105963471232,8.025000000000000000e+03
588.6859130578563,8.057000000000000000e+03
588.761231713632,8.070000000000000000e+03
588.8364864301399,8.061000000000000000e+03
588.9118020050827,8.034000000000000000e+03
588.9871195037894,8.071000000000000000e+03
589.0624389203426,8.106000000000000000e+03
589.1377567779897,8.107000000000000000e+03
589.2130730681441,8.125000000000000000e+03
589.2883287478853,8.135000000000000000e+03
589.3636453356847,8.127000000000000000e+03
589.4389638063658,8.094000000000000000e+03
589.5142806787193,8.161000000000000000e+03
589.5895403256021,8.153000000000000000e+03
589.6648574383153,8.151000000000000000e+03
589.740176406581,8.189000000000000000e+03
589.8154276479908,8.142000000000000000e+03
589.8907468120178,8.190000000000000000e+03
589.9660643313503,8.207000000000000000e+03
590.0413210120631,8.152000000000000000e+03
590.1166352010036,8.193000000000000000e+03
590.1919546858783,8.176000000000000000e+03
590.2672132644499,8.208000000000000000e+03
590.3425293741994,8.189000000000000000e+03
590.4177880160598,8.201000000000000000e+03
590.4931042037921,8.169000000000000000e+03
590.568418683014,8.170000000000000000e+03
590.643675627467,8.211000000000000000e+03
590.7189936284246,8.213000000000000000e+03
590.7942505619948,8.212000000000000000e+03
590.8695685685237,8.182000000000000000e+03
590.9448219696872,8.185000000000000000e+03
591.0201399515241,8.176000000000000000e+03
591.0953967743105,8.218000000000000000e+03
591.1707147029425,8.175000000000000000e+03
591.2459714266577,8.202000000000000000e+03
591.3212892726514,8.205000000000000000e+03
591.3965458678394,8.192000000000000000e+03
591.4718006307248,8.169000000000000000e+03
591.547116539627,8.183000000000000000e+03
591.6223746281325,8.151000000000000000e+03
591.6976903797901,8.193000000000000000e+03
591.7729482668865,8.187000000000000000e+03
591.8482042834247,8.143000000000000000e+03
591.9235214878881,8.171000000000000000e+03
591.9987807623979,8.187000000000000000e+03
592.0740346381908,8.205000000000000000e+03
592.1493532320127,8.190000000000000000e+03
592.2246103231383,8.195000000000000000e+03
592.2998654966053,8.177000000000000000e+03
592.3751222527409,8.192000000000000000e+03
592.4504402550338,8.210000000000000000e+03
592.5256966625434,8.191000000000000000e+03
592.6009511209176,8.194000000000000000e+03
592.6762106466866,8.206000000000000000e+03
592.7515244260364,8.223000000000000000e+03
592.8267835455117,8.223000000000000000e+03
592.9020371707703,8.257000000000000000e+03
592.9772958390107,8.236000000000000000e+03
593.0525489954576,8.229000000000000000e+03
593.1278071826566,8.252000000000000000e+03
593.2031266995527,8.266000000000000000e+03
593.2783808730474,8.289000000000000000e+03
593.3536365391337,8.265000000000000000e+03
593.4288936916811,8.263000000000000000e+03
593.5041488020836,8.295000000000000000e+03
593.5794089082539,8.318000000000000000e+03
593.6546634339551,8.308000000000000000e+03
593.729919417986,8.346000000000000000e+03
593.8051733281523,8.331000000000000000e+03
593.8804322095,8.322000000000000000e+03
593.955689002888,8.379000000000000000e+03
594.0309472282032,8.354000000000000000e+03
594.1061998200399,8.390000000000000000e+03
594.1814573584147,8.413000000000000000e+03
594.2567163084306,8.353000000000000000e+03
594.3319695993049,8.404000000000000000e+03
594.4072278190921,8.405000000000000000e+03
594.4824803620132,8.420000000000000000e+03
594.5577413564724,8.446000000000000000e+03
594.6329931222317,8.431000000000000000e+03
594.7082533289405,8.433000000000000000e+03
594.7834441469494,8.459000000000000000e+03
594.85870352054,8.436000000000000000e+03
594.9339607052526,8.491000000000000000e+03
595.0092192325558,8.489000000000000000e+03
595.0844720137306,8.485000000000000000e+03
595.1596694470827,8.486000000000000000e+03
595.2349248608839,8.495000000000000000e+03
595.310178044894,8.509000000000000000e+03
595.3854360798784,8.510000000000000000e+03
595.4606918708308,8.511000000000000000e+03
595.5358886627483,8.530000000000000000e+03
595.611147019589,8.498000000000000000e+03
595.6864031092157,8.554000000000000000e+03
595.7615965842728,8.531000000000000000e+03
595.836855197865,8.469000000000000000e+03
595.9121115210278,8.536000000000000000e+03
595.9873051606659,8.542000000000000000e+03
596.0625604137975,8.584000000000000000e+03
596.1378169052595,8.583000000000000000e+03
596.2130106441916,8.566000000000000000e+03
596.2882695773723,8.542000000000000000e+03
596.3635261735925,8.578000000000000000e+03
596.4387199482267,8.509000000000000000e+03
596.5139753866564,8.526000000000000000e+03
596.5891715160268,8.514000000000000000e+03
596.6644293271388,8.521000000000000000e+03
596.739624225117,8.519000000000000000e+03
596.8148808209818,8.567000000000000000e+03
596.8900744570072,8.516000000000000000e+03
596.9653333707323,8.530000000000000000e+03
597.0405257151125,8.530000000000000000e+03
597.115786920592,8.571000000000000000e+03
597.1909779436049,8.572000000000000000e+03
597.2662342801653,8.521000000000000000e+03
597.3414275184313,8.530000000000000000e+03
597.4166254158234,8.523000000000000000e+03
597.491885088153,8.529000000000000000e+03
597.5670780238231,8.530000000000000000e+03
597.6423327487403,8.534000000000000000e+03
597.7175242592349,8.506000000000000000e+03
597.792720398088,8.513000000000000000e+03
597.8679783530253,8.526000000000000000e+03
597.9431801766776,8.523000000000000000e+03
598.0183687346421,8.497000000000000000e+03
598.0936227072775,8.522000000000000000e+03
598.1688204827943,8.500000000000000000e+03
598.2440156960317,8.515000000000000000e+03
598.3192119177841,8.542000000000000000e+03
598.3944735953452,8.501000000000000000e+03
598.4696646678975,8.519000000000000000e+03
598.5448638913675,8.482000000000000000e+03
598.6200605143976,8.522000000000000000e+03
598.6952545279034,8.496000000000000000e+03
598.7705032869707,8.524000000000000000e+03
598.845702827054,8.500000000000000000e+03
598.9209033228055,8.529000000000000000e+03
598.9960940039387,8.523000000000000000e+03
599.0712892114018,8.548000000000000000e+03
599.1464853517283,8.482000000000000000e+03
599.2216788278446,8.527000000000000000e+03
599.2968768137707,8.530000000000000000e+03
599.3720685283897,8.508000000000000000e+03
599.4472683333562,8.533000000000000000e+03
599.5225229531976,8.539000000000000000e+03
599.5977173765003,8.546000000000000000e+03
599.6729126841367,8.512000000000000000e+03
599.7481088696748,8.571000000000000000e+03
599.8232987309193,8.602000000000000000e+03
599.8985002499289,8.530000000000000000e+03
599.9736306356483,8.590000000000000000e+03
600.0488302503571,8.579000000000000000e+03
600.1240271092662,8.601000000000000000e+03
600.1992212032151,8.634000000000000000e+03
600.274408919746,8.621000000000000000e+03
600.3496082679649,8.631000000000000000e+03
600.4248084342357,8.639000000000000000e+03
600.499998594085,8.639000000000000000e+03
600.5751931605373,8.619000000000000000e+03
600.6503235814662,8.679000000000000000e+03
600.7255197152398,8.649000000000000000e+03
600.8007166310834,8.661000000000000000e+03
600.875914322513,8.684000000000000000e+03
600.9511163944641,8.638000000000000000e+03
601.0262433719869,8.667000000000000000e+03
601.1014361076029,8.663000000000000000e+03
601.1766404316174,8.716000000000000000e+03
601.2518346554406,8.693000000000000000e+03
601.3269681412486,8.686000000000000000e+03
601.4021565754814,8.733000000000000000e+03
601.4773565793163,8.719000000000000000e+03
601.55249578129,8.729000000000000000e+03
601.6276863350764,8.733000000000000000e+03
601.7028775856559,8.750000000000000000e+03
601.7780115846128,8.733000000000000000e+03
601.8532078169892,8.748000000000000000e+03
601.9284011052009,8.754000000000000000e+03
602.0035370787526,8.776000000000000000e+03
602.0787353122603,8.746000000000000000e+03
602.1538653131911,8.761000000000000000e+03
602.2290648417321,8.763000000000000000e+03
602.3041960901958,8.759000000000000000e+03
602.3793896303448,8.765000000000000000e+03
602.4545329868457,8.751000000000000000e+03
602.52972050603,8.714000000000000000e+03
602.6048541681286,8.782000000000000000e+03
602.6800537894703,8.781000000000000000e+03
602.7551886194266,8.784000000000000000e+03
602.8303821600039,8.789000000000000000e+03
602.9055217646458,8.750000000000000000e+03
602.9807128258426,8.767000000000000000e+03
603.055846272166,8.791000000000000000e+03
603.1309766185691,8.745000000000000000e+03
603.2061729886882,8.764000000000000000e+03
603.281308042969,8.764000000000000000e+03
603.3564436151993,8.804000000000000000e+03
603.4316452421198,8.772000000000000000e+03
603.5067745623387,8.783000000000000000e+03
603.5819116632719,8.722000000000000000e+03
603.6571039159869,8.766000000000000000e+03
603.732238361985,8.749000000000000000e+03
603.8073696385936,8.749000000000000000e+03
603.8825123234259,8.784000000000000000e+03
603.9576992468579,8.751000000000000000e+03
604.0328355724649,8.740000000000000000e+03
604.1079723479853,8.715000000000000000e+03
604.1831095667776,8.738000000000000000e+03
604.2582983401253,8.749000000000000000e+03
604.3334364382367,8.770000000000000000e+03
604.4085676534826,8.735000000000000000e+03
604.4836992817685,8.742000000000000000e+03
604.5588422811774,8.728000000000000000e+03
604.6339747182885,8.747000000000000000e+03
604.7091075484526,8.729000000000000000e+03
604.7842444226404,8.782000000000000000e+03
604.859378019808,8.754000000000000000e+03
604.9345046710955,8.706000000000000000e+03
605.009704892442,8.761000000000000000e+03
605.0848359419433,8.730000000000000000e+03
605.1599746669862,8.756000000000000000e+03
605.23510275086,8.731000000000000000e+03
605.310245826721,8.747000000000000000e+03
605.3853159408447,8.765000000000000000e+03
605.4604486674336,8.785000000000000000e+03
605.535581711707,8.773000000000000000e+03
605.6107150669574,8.772000000000000000e+03
605.6858487264751,8.753000000000000000e+03
605.7609863530097,8.773000000000000000e+03
605.8361242722013,8.794000000000000000e+03
605.9112514634761,8.806000000000000000e+03
605.9863899450862,8.794000000000000000e+03
606.0615286991821,8.794000000000000000e+03
606.1365942387108,8.800000000000000000e+03
606.2117261495124,8.799000000000000000e+03
606.2868656606279,8.843000000000000000e+03
606.3619980637881,8.808000000000000000e+03
606.4370718595482,8.828000000000000000e+03
606.5122047116855,8.830000000000000000e+03
606.5873377854751,8.859000000000000000e+03
606.6624747545558,8.851000000000000000e+03
606.7375456701113,8.818000000000000000e+03
606.8126830359437,8.863000000000000000e+03
606.8878205982112,8.874000000000000000e+03
606.9628957214667,8.863000000000000000e+03
607.0380225859356,8.897000000000000000e+03
607.1131606786419,8.871000000000000000e+03
607.1882288919476,8.902000000000000000e+03
607.2633709869046,8.885000000000000000e+03
607.3385021736576,8.858000000000000000e+03
607.4135707840262,8.847000000000000000e+03
607.4887096199877,8.839000000000000000e+03
607.5637821472627,8.915000000000000000e+03
607.6389138462803,8.890000000000000000e+03
607.7139865728267,8.919000000000000000e+03
607.7891221807843,8.905000000000000000e+03
607.8641950802765,8.910000000000000000e+03
607.9393308785938,8.922000000000000000e+03
608.0144039237675,8.929000000000000000e+03
608.089539885174,8.921000000000000000e+03
608.1646130487377,8.933000000000000000e+03
608.2397417468239,8.903000000000000000e+03
608.3148187001017,8.892000000000000000e+03
608.3898956827247,8.912000000000000000e+03
608.4650245200035,8.916000000000000000e+03
608.5401015535813,8.916000000000000000e+03
608.6151785959717,8.938000000000000000e+03
608.6903112159022,8.900000000000000000e+03
608.7653771512115,8.953000000000000000e+03
608.8404578967535,8.911000000000000000e+03
608.9155905344547,8.901000000000000000e+03
608.990660126277,8.956000000000000000e+03
609.0657296820973,8.961000000000000000e+03
609.1408659845031,8.922000000000000000e+03
609.2159465984835,8.908000000000000000e+03
609.2910160242585,8.933000000000000000e+03
609.3660890997941,8.939000000000000000e+03
609.4411621067635,8.881000000000000000e+03
609.5162981949915,8.911000000000000000e+03
609.591371059717,8.920000000000000000e+03
609.6664438352011,8.910000000000000000e+03
609.7415165145444,8.889000000000000000e+03
609.8165928096073,8.947000000000000000e+03
609.8916652768738,8.948000000000000000e+03
609.9667339066874,8.910000000000000000e+03
610.041806132408,8.930000000000000000e+03
610.1168819498673,8.933000000000000000e+03
610.1919576315516,8.918000000000000000e+03
610.2670257220219,8.895000000000000000e+03
610.3421011095528,8.910000000000000000e+03
610.4171800666223,8.973000000000000000e+03
610.4922476810158,8.919000000000000000e+03
610.5673225771701,8.915000000000000000e+03
610.6423935671218,8.927000000000000000e+03
610.7174681006938,8.942000000000000000e+03
610.7925387123403,8.964000000000000000e+03
610.8676165871373,8.940000000000000000e+03
610.9426867935962,8.926000000000000000e+03
611.0177642529652,8.938000000000000000e+03
611.0928340264109,8.959000000000000000e+03
611.1679035719891,8.945000000000000000e+03
611.2429205762214,8.959000000000000000e+03
611.3179896323122,8.917000000000000000e+03
611.3930696536677,8.967000000000000000e+03
611.4681382079762,8.911000000000000000e+03
611.543210239399,8.967000000000000000e+03
611.6182258914046,8.928000000000000000e+03
611.6932973662973,8.962000000000000000e+03
611.7683685593274,8.973000000000000000e+03
611.8434394635015,8.966000000000000000e+03
611.91845764963,9.003000000000000000e+03
611.9935279422344,8.950000000000000000e+03
612.06860167126,8.930000000000000000e+03
612.1436188772811,8.985000000000000000e+03
612.2186919554537,8.967000000000000000e+03
612.2937609555369,8.971000000000000000e+03
612.368769618424,8.925000000000000000e+03
612.443841671833,8.973000000000000000e+03
612.518860850012,8.978000000000000000e+03
612.5939321832865,8.997000000000000000e+03
612.668943094263,9.001000000000000000e+03
612.7440136774355,9.010000000000000000e+03
612.8190876378331,8.978000000000000000e+03
612.8941048689004,9.026000000000000000e+03
612.9691780415548,9.012000000000000000e+03
613.0441869267229,9.049000000000000000e+03
613.1192028943198,9.021000000000000000e+03
613.1942785838127,9.031000000000000000e+03
613.2692861585759,9.040000000000000000e+03
613.3443572287938,9.056000000000000000e+03
613.4193751865103,9.029000000000000000e+03
613.4944491348593,9.020000000000000000e+03
613.5694586386024,9.043000000000000000e+03
613.644467658833,9.034000000000000000e+03
613.7195402192466,9.053000000000000000e+03
613.794555801729,9.073000000000000000e+03
613.8695671147681,9.081000000000000000e+03
613.9446382262654,9.055000000000000000e+03
614.0196560673113,9.032000000000000000e+03
614.0946658455853,9.113000000000000000e+03
614.1696826366328,9.036000000000000000e+03
614.2447554874341,9.097000000000000000e+03
614.3197636679537,9.080000000000000000e+03
614.3947788454523,9.106000000000000000e+03
614.4697859154201,9.082000000000000000e+03
614.5448037484722,9.102000000000000000e+03
614.619873899117,9.095000000000000000e+03
614.694883044028,9.097000000000000000e+03
614.769899161373,9.126000000000000000e+03
614.8449071281832,9.069000000000000000e+03
614.9199220568489,9.100000000000000000e+03
614.994936381391,9.105000000000000000e+03
615.0699463115571,9.120000000000000000e+03
615.1449594055,9.150000000000000000e+03
615.219968088927,9.120000000000000000e+03
615.2949799236752,9.079000000000000000e+03
615.3699949053583,9.126000000000000000e+03
615.4450130295872,9.052000000000000000e+03
615.5200153487256,9.101000000000000000e+03
615.5950321611059,9.087000000000000000e+03
615.6700445181616,9.089000000000000000e+03
615.7450599927896,9.110000000000000000e+03
615.8200634112113,9.094000000000000000e+03
615.8950775175382,9.133000000000000000e+03
615.9700909303292,9.089000000000000000e+03
616.045103642399,9.106000000000000000e+03
616.1200587059649,9.105000000000000000e+03
616.1950737781215,9.083000000000000000e+03
616.2700843319404,9.088000000000000000e+03
616.3450979550751,9.118000000000000000e+03
616.4201070436227,9.087000000000000000e+03
616.4950545776754,9.109000000000000000e+03
616.5700659579935,9.069000000000000000e+03
616.6450765818348,9.120000000000000000e+03
616.720097852294,9.063000000000000000e+03
616.7950422701603,9.094000000000000000e+03
616.8700581788843,9.059000000000000000e+03
616.9450694997388,9.061000000000000000e+03
617.0200229227949,9.076000000000000000e+03
617.0950326410584,9.076000000000000000e+03
617.1700377451283,9.083000000000000000e+03
617.2449925060192,9.040000000000000000e+03
617.3200073947381,9.051000000000000000e+03
617.395013836697,9.085000000000000000e+03
617.4699660667885,9.050000000000000000e+03
617.5449822610196,9.056000000000000000e+03
617.6199327648687,9.078000000000000000e+03
617.6949472498279,9.058000000000000000e+03
617.7698959983896,9.057000000000000000e+03
617.8449087450254,9.067000000000000000e+03
617.9198595274773,9.032000000000000000e+03
617.9948705076381,9.075000000000000000e+03
618.069827119618,9.078000000000000000e+03
618.144840127084,9.096000000000000000e+03
618.2197872618343,9.057000000000000000e+03
618.2947411041071,9.102000000000000000e+03
618.3697513617161,9.033000000000000000e+03
618.44469567746,9.057000000000000000e+03
618.5196505100681,9.113000000000000000e+03
618.5946694328892,9.111000000000000000e+03
618.6696146951708,9.081000000000000000e+03
618.7445666341545,9.127000000000000000e+03
618.8195826887393,9.073000000000000000e+03
618.8945326685835,9.063000000000000000e+03
618.9694854812299,9.057000000000000000e+03
619.0444334578197,9.086000000000000000e+03
619.1194494169247,9.109000000000000000e+03
619.1943992107521,9.062000000000000000e+03
619.2693479786984,9.108000000000000000e+03
619.3442957134283,9.110000000000000000e+03
619.4192500812071,9.125000000000000000e+03
619.4942648084996,9.102000000000000000e+03
619.5692094181061,9.114000000000000000e+03
619.6441644838893,9.128000000000000000e+03
619.7191184853039,9.126000000000000000e+03
619.7940637321011,9.098000000000000000e+03
619.8690155808523,9.127000000000000000e+03
619.9439663431604,9.131000000000000000e+03
620.0189198558951,9.114000000000000000e+03
620.0938722693128,9.131000000000000000e+03
620.1688197299484,9.135000000000000000e+03
620.2437699216852,9.131000000000000000e+03
620.3187305358406,9.114000000000000000e+03
620.393678480104,9.101000000000000000e+03
620.4686252881608,9.156000000000000000e+03
620.543582504853,9.156000000000000000e+03
620.61852702112,9.118000000000000000e+03
620.6934819368186,9.186000000000000000e+03
620.7684356923214,9.139000000000000000e+03
620.8433227543279,9.163000000000000000e+03
620.9182780068074,9.148000000000000000e+03
620.9932282224137,9.156000000000000000e+03
621.0681811054573,9.117000000000000000e+03
621.1431327931294,9.193000000000000000e+03
621.2180794188941,9.163000000000000000e+03
621.2929746519387,9.129000000000000000e+03
621.3679226950109,9.113000000000000000e+03
621.4428695130218,9.188000000000000000e+03
621.5177610187308,9.171000000000000000e+03
621.5927130788318,9.164000000000000000e+03
621.6676600305892,9.161000000000000000e+03
621.7426134606835,9.170000000000000000e+03
621.8174999024244,9.152000000000000000e+03
621.8924507959133,9.171000000000000000e+03
621.9673462597708,9.180000000000000000e+03
622.0422984590124,9.149000000000000000e+03
622.1172493736544,9.129000000000000000e+03
622.1921409277729,9.113000000000000000e+03
622.2670892368434,9.122000000000000000e+03
622.3419781424883,9.120000000000000000e+03
622.4169354382018,9.142000000000000000e+03
622.4918216682801,9.147000000000000000e+03
622.5667763070498,9.103000000000000000e+03
622.6416637084727,9.124000000000000000e+03
622.7166156613104,9.151000000000000000e+03
622.791500330108,9.140000000000000000e+03
622.8664495670652,9.118000000000000000e+03
622.9413431149467,9.131000000000000000e+03
623.0162352679529,9.139000000000000000e+03
623.0911842549693,9.126000000000000000e+03
623.1660736097131,9.143000000000000000e+03
623.2409693156505,9.119000000000000000e+03
623.3159141083677,9.100000000000000000e+03
623.3908108627464,9.118000000000000000e+03
623.4656984085988,9.162000000000000000e+03
623.54065060535,9.101000000000000000e+03
623.6155430462911,9.136000000000000000e+03
623.6904262505253,9.117000000000000000e+03
623.7653157682421,9.097000000000000000e+03
623.8402738657751,9.126000000000000000e+03
623.9151643415145,9.130000000000000000e+03
623.9900494384281,9.134000000000000000e+03
624.0649369353079,9.131000000000000000e+03
624.1398346184196,9.128000000000000000e+03
624.2147191099846,9.130000000000000000e+03
624.2896137782844,9.142000000000000000e+03
624.3645615055957,9.152000000000000000e+03
624.4394531447507,9.111000000000000000e+03
624.5143432514428,9.168000000000000000e+03
624.5892357192214,9.133000000000000000e+03
624.6641227392169,9.128000000000000000e+03
624.739008204036,9.098000000000000000e+03
624.8139077217978,9.108000000000000000e+03
624.8887900572714,9.099000000000000000e+03
624.9636825322137,9.151000000000000000e+03
625.0385773339976,9.158000000000000000e+03
625.1134666425047,9.089000000000000000e+03
625.1883582645422,9.150000000000000000e+03
625.263181823586,9.156000000000000000e+03
625.3380780414589,9.133000000000000000e+03
625.4129648242472,9.148000000000000000e+03
625.4878578081264,9.131000000000000000e+03
625.5627413379577,9.103000000000000000e+03
625.6376349716288,9.102000000000000000e+03
625.7124604067309,9.121000000000000000e+03
625.7873507351937,9.141000000000000000e+03
625.8622394075853,9.070000000000000000e+03
625.9371381701984,9.141000000000000000e+03
626.0119647267263,9.095000000000000000e+03
626.0868522937308,9.084000000000000000e+03
626.1617460175852,9.092000000000000000e+03
626.2366380528313,9.143000000000000000e+03
626.3114617065921,9.112000000000000000e+03
626.3863503257447,9.073000000000000000e+03
626.4611822898413,9.153000000000000000e+03
626.5360713905895,9.113000000000000000e+03
626.6109666191869,9.167000000000000000e+03
626.6857933539325,9.121000000000000000e+03
626.7606772445703,9.105000000000000000e+03
626.8355122365108,9.089000000000000000e+03
626.9104044027886,9.103000000000000000e+03
626.985224051504,9.120000000000000000e+03
627.0601205419518,9.113000000000000000e+03
627.1349523354077,9.100000000000000000e+03
627.2098373967692,9.151000000000000000e+03
627.2846616468294,9.097000000000000000e+03
627.3595549170336,9.142000000000000000e+03
627.4343873380152,9.075000000000000000e+03
627.5092769901677,9.100000000000000000e+03
627.5841096881397,9.078000000000000000e+03
627.6589365990222,9.136000000000000000e+03
627.7338247007415,9.133000000000000000e+03
627.8086518461457,9.152000000000000000e+03
627.8834850056414,9.102000000000000000e+03
627.9583754402697,9.123000000000000000e+03
628.0332088011603,9.154000000000000000e+03
628.1080284382782,9.136000000000000000e+03
628.182858012259,9.116000000000000000e+03
628.2577527829216,9.113000000000000000e+03
628.3325785578783,9.112000000000000000e+03
628.4074142606058,9.117000000000000000e+03
628.4822361924339,9.132000000000000000e+03
628.5570680421939,9.105000000000000000e+03
628.6318979552647,9.128000000000000000e+03
628.706785214725,9.109000000000000000e+03
628.7816191526078,9.113000000000000000e+03
628.8564471797065,9.074000000000000000e+03
628.9312811520758,9.111000000000000000e+03
629.0061012851678,9.130000000000000000e+03
629.0809313073146,9.148000000000000000e+03
629.155759344112,9.116000000000000000e+03
629.2305893470999,9.107000000000000000e+03
629.3054252715824,9.119000000000000000e+03
629.380247309458,9.106000000000000000e+03
629.4550831794276,9.120000000000000000e+03
629.5299011803792,9.135000000000000000e+03
629.6047330053896,9.096000000000000000e+03
629.6795707280481,9.088000000000000000e+03
629.7543389940075,9.128000000000000000e+03
629.8291607196976,9.074000000000000000e+03
629.9039962589939,9.074000000000000000e+03
629.9788178342736,9.096000000000000000e+03
630.0536452776254,9.121000000000000000e+03
630.1284746162776,9.110000000000000000e+03
630.2032423002603,9.109000000000000000e+03
630.2780753994684,9.111000000000000000e+03
630.3529103790165,9.099000000000000000e+03
630.4277313363475,9.162000000000000000e+03
630.5025024771371,9.138000000000000000e+03
630.5773311190919,9.163000000000000000e+03
630.6521576385172,9.115000000000000000e+03
630.7269342895984,9.132000000000000000e+03
630.8017565291294,9.151000000000000000e+03
630.8765845827202,9.149000000000000000e+03
630.9513587332427,9.120000000000000000e+03
631.0261864484233,9.159000000000000000e+03
631.1009522564115,9.137000000000000000e+03
631.175787573207,9.147000000000000000e+03
631.2506087617126,9.156000000000000000e+03
631.3253799341081,9.150000000000000000e+03
631.400208688403,9.176000000000000000e+03
631.4749754310345,9.153000000000000000e+03
631.5498037567131,9.193000000000000000e+03
631.6245780075234,9.165000000000000000e+03
631.6993420335924,9.140000000000000000e+03
631.7741716576955,9.197000000000000000e+03
631.8489391655564,9.173000000000000000e+03
631.923764305041,9.181000000000000000e+03
631.9985312783703,9.176000000000000000e+03
632.0733039606179,9.178000000000000000e+03
632.1481342990165,9.181000000000000000e+03
632.2228944223607,9.191000000000000000e+03
632.2976642345945,9.136000000000000000e+03
632.3724997216107,9.194000000000000000e+03
632.4472649272958,9.185000000000000000e+03
632.5220358114818,9.174000000000000000e+03
632.5968083701387,9.176000000000000000e+03
632.6716346337209,9.170000000000000000e+03
632.746402531009,9.183000000000000000e+03
632.8211640744752,9.156000000000000000e+03
632.895939281213,9.166000000000000000e+03
632.9707001090119,9.204000000000000000e+03
633.0454705862102,9.135000000000000000e+03
633.1202346797379,9.109000000000000000e+03
633.1950124256075,9.134000000000000000e+03
633.2698318993826,9.148000000000000000e+03
633.3446048767886,9.172000000000000000e+03
633.4193754528278,9.230000000000000000e+03
633.4941436195448,9.161000000000000000e+03
633.5689053548851,9.152000000000000000e+03
633.6436807232593,9.160000000000000000e+03
633.718441616138,9.149000000000000000e+03
633.7932121186539,9.116000000000000000e+03
633.8679199094199,9.085000000000000000e+03
633.9426855028164,9.124000000000000000e+03
634.0174606961399,9.139000000000000000e+03
634.0922213655654,9.172000000000000000e+03
634.1669876029633,9.164000000000000000e+03
634.2417553834099,9.083000000000000000e+03
634.3165327489089,9.117000000000000000e+03
634.3912351850232,9.155000000000000000e+03
634.4660075495017,9.148000000000000000e+03
634.5407774100094,9.152000000000000000e+03
634.6155447585436,9.100000000000000000e+03
634.6902491623354,9.134000000000000000e+03
634.7650114486645,9.112000000000000000e+03
634.8397832896367,9.161000000000000000e+03
634.9145525922855,9.091000000000000000e+03
634.9892588668829,9.088000000000000000e+03
635.0640230545828,9.115000000000000000e+03
635.1387362717429,9.133000000000000000e+03
635.2135074201229,9.111000000000000000e+03
635.2882719598388,9.091000000000000000e+03
635.362981437668,9.132000000000000000e+03
635.4377448294332,9.149000000000000000e+03
635.512457159198,9.118000000000000000e+03
635.5872153377827,9.139000000000000000e+03
635.6619224154749,9.108000000000000000e+03
635.7366995983534,9.127000000000000000e+03
635.8114013974615,9.094000000000000000e+03
635.8861733198535,9.127000000000000000e+03
635.960881941529,9.121000000000000000e+03
636.0356485740448,9.127000000000000000e+03
636.1103518611941,9.120000000000000000e+03
636.1850565091609,9.142000000000000000e+03
636.2598232366993,9.106000000000000000e+03
636.3345306048863,9.147000000000000000e+03
636.4092393182117,9.120000000000000000e+03
636.4840101382218,9.138000000000000000e+03
636.5587134362514,9.137000000000000000e+03
636.6334221129331,9.128000000000000000e+03
636.7081848135534,9.158000000000000000e+03
636.78290019687,9.114000000000000000e+03
636.857604726266,9.157000000000000000e+03
636.9323146152394,9.094000000000000000e+03
637.0070217458345,9.077000000000000000e+03
637.0817261099415,9.028000000000000000e+03
637.1564967140678,9.035000000000000000e+03
637.2311995976745,8.975000000000000000e+03
637.3059078155254,9.040000000000000000e+03
637.3806132401302,9.036000000000000000e+03
637.4553280538418,9.069000000000000000e+03
637.5300278704315,9.089000000000000000e+03
637.6047370655823,9.196000000000000000e+03
637.679443440681,9.174000000000000000e+03
637.7541469875897,9.137000000000000000e+03
637.8288599029363,9.179000000000000000e+03
637.9035659103154,9.155000000000000000e+03
637.978273139046,9.154000000000000000e+03
638.052977512721,9.139000000000000000e+03
638.1276830952562,9.174000000000000000e+03
638.2023898813551,9.166000000000000000e+03
638.2770978657181,9.131000000000000000e+03
638.3517418441655,9.178000000000000000e+03
638.4264562697699,9.199000000000000000e+03
638.5011555722814,9.169000000000000000e+03
638.5758642016897,9.183000000000000000e+03
638.6505699221697,9.195000000000000000e+03
638.7252237691496,9.175000000000000000e+03
638.7999236357822,9.185000000000000000e+03
638.874628732156,9.199000000000000000e+03
638.9493472209352,9.164000000000000000e+03
639.0239892680094,9.221000000000000000e+03
639.098689601196,9.193000000000000000e+03
639.173395144716,9.170000000000000000e+03
639.2480405140027,9.208000000000000000e+03
639.3227564554909,9.182000000000000000e+03
639.3973958340758,9.192000000000000000e+03
639.4721058028182,9.229000000000000000e+03
639.5468086912668,9.193000000000000000e+03
639.6214635767756,9.243000000000000000e+03
639.6961604460553,9.246000000000000000e+03
639.7708092749344,9.243000000000000000e+03
639.8455164682429,9.224000000000000000e+03
639.9201674013606,9.215000000000000000e+03
639.9948767149377,9.290000000000000000e+03
640.0695174401586,9.197000000000000000e+03
640.1441591862857,9.222000000000000000e+03
640.2188716275688,9.208000000000000000e+03
640.2935236151387,9.208000000000000000e+03
640.3681602084457,9.240000000000000000e+03
640.4428757290473,9.212000000000000000e+03
640.5175143262505,9.206000000000000000e+03
640.592166218985,9.216000000000000000e+03
640.6668724558668,9.257000000000000000e+03
640.7415181149009,9.211000000000000000e+03
640.8161565315354,9.275000000000000000e+03
640.8908041242695,9.233000000000000000e+03
640.9655143022176,9.252000000000000000e+03
641.0401638233027,9.182000000000000000e+03
641.1148060727106,9.237000000000000000e+03
641.1894533730033,9.233000000000000000e+03
641.2641016094406,9.203000000000000000e+03
641.3387425502967,9.228000000000000000e+03
641.4134543525283,9.206000000000000000e+03
641.488101262261,9.210000000000000000e+03
641.5627449685089,9.251000000000000000e+03
641.6373854629693,9.229000000000000000e+03
641.7120350911663,9.232000000000000000e+03
641.7866814967092,9.207000000000000000e+03
641.8613246712862,9.253000000000000000e+03
641.9359769690361,9.276000000000000000e+03
642.0106260249374,9.240000000000000000e+03
642.0852718306695,9.235000000000000000e+03
642.1598525225107,9.221000000000000000e+03
642.2344917885489,9.215000000000000000e+03
642.3091401562656,9.265000000000000000e+03
642.3837934993884,9.219000000000000000e+03
642.4584353052218,9.254000000000000000e+03
642.5330862021095,9.221000000000000000e+03
642.6077296725547,9.230000000000000000e+03
642.6823120100572,9.235000000000000000e+03
642.7569529755671,9.239000000000000000e+03
642.8315988836831,9.240000000000000000e+03
642.9062455985243,9.222000000000000000e+03
642.9808352351971,9.252000000000000000e+03
643.055475263203,9.210000000000000000e+03
643.1301243499755,9.234000000000000000e+03
643.2047163018128,9.231000000000000000e+03
643.279354524987,9.211000000000000000e+03
643.3539438476895,9.237000000000000000e+03
643.4285877299418,9.236000000000000000e+03
643.5032406530961,9.241000000000000000e+03
643.5778197789244,9.244000000000000000e+03
643.6524659081414,9.243000000000000000e+03
643.7270464782921,9.277000000000000000e+03
643.8016982163535,9.242000000000000000e+03
643.876284355504,9.217000000000000000e+03
643.9509292459394,9.252000000000000000e+03
644.0255084918365,9.250000000000000000e+03
644.1001589469886,9.274000000000000000e+03
644.1747437177227,9.254000000000000000e+03
644.2493250109602,9.287000000000000000e+03
644.3239775458864,9.310000000000000000e+03
644.3985601811679,9.303000000000000000e+03
644.4731434709971,9.280000000000000000e+03
644.5477855716856,9.274000000000000000e+03
644.6223743228242,9.252000000000000000e+03
644.6969595574612,9.312000000000000000e+03
644.7715495817692,9.330000000000000000e+03
644.8461901340061,9.357000000000000000e+03
644.9207731033271,9.350000000000000000e+03
644.9953650068094,9.314000000000000000e+03
645.0699450389038,9.375000000000000000e+03
645.1445298338459,9.359000000000000000e+03
645.219177672042,9.357000000000000000e+03
645.2937678340779,9.358000000000000000e+03
645.3683419239809,9.419000000000000000e+03
645.4429290863851,9.402000000000000000e+03
645.5175168235929,9.441000000000000000e+03
645.5921051300253,9.383000000000000000e+03
645.6666898312457,9.392000000000000000e+03
645.7412750885978,9.455000000000000000e+03
645.8158525549321,9.417000000000000000e+03
645.8904389058563,9.419000000000000000e+03
645.9650299688499,9.448000000000000000e+03
646.0396090465212,9.418000000000000000e+03
646.1141969977764,9.487000000000000000e+03
646.1887812959989,9.479000000000000000e+03
646.2633076373747,9.480000000000000000e+03
646.3378845915109,9.474000000000000000e+03
646.4124787595719,9.525000000000000000e+03
646.4870608913304,9.555000000000000000e+03
646.5616476941717,9.533000000000000000e+03
646.6361722632304,9.574000000000000000e+03
646.7107558375826,9.553000000000000000e+03
646.7853440690486,9.549000000000000000e+03
646.859928586342,9.569000000000000000e+03
646.9344466023072,9.600000000000000000e+03
647.0090362098298,9.587000000000000000e+03
647.083622083392,9.586000000000000000e+03
647.1581413924066,9.605000000000000000e+03
647.2327239470708,9.622000000000000000e+03
647.307306934167,9.609000000000000000e+03
647.3818400556567,9.623000000000000000e+03
647.456419687093,9.616000000000000000e+03
647.5309452235595,9.655000000000000000e+03
647.6055298578293,9.653000000000000000e+03
647.6800561677495,9.616000000000000000e+03
647.7546415911931,9.701000000000000000e+03
647.829164455096,9.676000000000000000e+03
647.9037464463057,9.659000000000000000e+03
647.9782700344881,9.726000000000000000e+03
648.0527939695423,9.722000000000000000e+03
648.1273854568424,9.716000000000000000e+03
648.2019100840658,9.743000000000000000e+03
648.2764938778582,9.719000000000000000e+03
648.3510107654179,9.784000000000000000e+03
648.425536376692,9.749000000000000000e+03
648.5000623007427,9.748000000000000000e+03
648.5746432162518,9.784000000000000000e+03
648.6491655538866,9.821000000000000000e+03
648.7236881852804,9.817000000000000000e+03
648.7982195235151,9.804000000000000000e+03
648.8728058826379,9.796000000000000000e+03
648.9473293775359,9.830000000000000000e+03
649.0218489310823,9.824000000000000000e+03
649.0963729611857,9.831000000000000000e+03
649.1708972508054,9.854000000000000000e+03
649.2454260094211,9.882000000000000000e+03
649.3199508018886,9.906000000000000000e+03
649.3944716195824,9.919000000000000000e+03
649.4689926719741,9.877000000000000000e+03
649.5435181724034,9.929000000000000000e+03
649.6180396779724,9.920000000000000000e+03
649.6925698430567,9.975000000000000000e+03
649.7670917798398,9.910000000000000000e+03
649.8416139226556,9.990000000000000000e+03
649.9161320418531,9.982000000000000000e+03
649.9906588034178,1.000800000000000000e+04
650.0651815298742,1.002300000000000000e+04
650.1397086661992,1.002700000000000000e+04
650.2142317539774,1.004500000000000000e+04
650.2887550133019,1.001900000000000000e+04
650.3632192222857,1.003700000000000000e+04
650.4377470245496,1.005200000000000000e+04
650.5122665196939,1.004900000000000000e+04
650.5867946266628,1.013000000000000000e+04
650.6612551406859,1.010900000000000000e+04
650.7357750465694,1.011500000000000000e+04
650.8103035527816,1.015200000000000000e+04
650.8847644021826,1.020000000000000000e+04
650.9592931417967,1.016400000000000000e+04
651.0338092818513,1.014400000000000000e+04
651.1082704136296,1.018200000000000000e+04
651.182799464824,1.021500000000000000e+04
651.2572649940395,1.020800000000000000e+04
651.3317857370804,1.025500000000000000e+04
651.4062556434649,1.029300000000000000e+04
651.4807807792504,1.028700000000000000e+04
651.5552380644563,1.031900000000000000e+04
651.6297548330812,1.031700000000000000e+04
651.7042206933047,1.030900000000000000e+04
651.7787503045504,1.033100000000000000e+04
651.8532162309156,1.040800000000000000e+04
651.9277374256133,1.040900000000000000e+04
652.0021948907765,1.042400000000000000e+04
652.0766608615594,1.044000000000000000e+04
652.1511863740992,1.043800000000000000e+04
652.2256523518495,1.047200000000000000e+04
652.3001055526772,1.047000000000000000e+04
652.3745757534864,1.051500000000000000e+04
652.4490927583861,1.052300000000000000e+04
652.523554404734,1.054400000000000000e+04
652.5980245314129,1.062800000000000000e+04
652.6724818393412,1.061200000000000000e+04
652.7469518786384,1.067200000000000000e+04
652.8214730080308,1.065900000000000000e+04
652.8959386884019,1.069600000000000000e+04
652.9703957767102,1.074000000000000000e+04
653.0448655846427,1.071200000000000000e+04
653.1193267868492,1.077400000000000000e+04
653.1937879048733,1.080900000000000000e+04
653.268253200443,1.084900000000000000e+04
653.3427141334746,1.085400000000000000e+04
653.417174964718,1.087200000000000000e+04
653.4916399588126,1.088600000000000000e+04
653.5661005698283,1.087700000000000000e+04
653.640569606346,1.088200000000000000e+04
653.7150299745911,1.095200000000000000e+04
653.7894902116518,1.097900000000000000e+04
653.8638947316973,1.095600000000000000e+04
653.938354676066,1.100300000000000000e+04
653.9927330350457,1.105439028496339233e+04
654.0128144715792,1.105400000000000000e+04
654.0673848929049,1.108626831577609119e+04
654.0872783906434,1.108100000000000000e+04
654.1419639360352,1.109810872722080785e+04
654.1617421510075,1.111800000000000000e+04
654.2166156285444,1.116550799236765488e+04
654.2361458232748,1.118100000000000000e+04
654.2911987423258,1.114729197476039917e+04
654.3658416830104,1.121924524430906058e+04
654.4404288467964,1.119192121789817611e+04
654.5150758549863,1.123563966015559163e+04
654.5897184695584,1.123108565575377725e+04
654.664305251433,1.128117970417373181e+04
654.7389476142009,1.125476647864321058e+04
654.8135383948625,1.130486052706316514e+04
654.888184771955,1.136679498692783636e+04
654.9627666643294,1.140322702214234778e+04
655.0373526739268,1.137225979221001217e+04
655.1119985900768,1.141051342918525006e+04
655.1865885451579,1.145241026968193910e+04
655.2612255432555,1.148702070313572585e+04
655.3358194230502,1.150614752162334480e+04
655.4104603574718,1.145423187144266558e+04
655.4850452543039,1.154622276035930918e+04
655.5596986994234,1.158447639733454707e+04
655.634274582699,1.165916206952429638e+04
655.7088674352764,1.168557529505481943e+04
655.7835073665872,1.169286170209772172e+04
655.8580911670134,1.171289932146570209e+04
655.9327392618014,1.177119057780892217e+04
656.0073268888157,1.174477735227840094e+04
656.0819099586474,1.185316265704157559e+04
656.1565530436084,1.182128462622887673e+04
656.2311355998527,1.185771666144338997e+04
656.3057308056235,1.195061835124039499e+04
656.3803688222278,1.198067478029236736e+04
656.454954867795,1.198249638205309384e+04
656.5295449351327,1.196428036444583813e+04
656.6041821341065,1.204716324455885297e+04
656.6787759333997,1.203076882871232192e+04
656.7533564903902,1.209088168681626848e+04
656.8279410471957,1.211365170882533857e+04
656.9025856984958,1.214917294315948675e+04
656.9771696261503,1.217922937221146094e+04
657.0517532233856,1.226484465496556368e+04
657.1264055746188,1.226848785848701482e+04
657.2009928278474,1.229672268577826253e+04
657.2755710944062,1.235956794652329518e+04
657.3501576467798,1.236867595532692394e+04
657.4247438407015,1.238598117205381823e+04
657.4993858698668,1.242787801255050726e+04
657.573971341612,1.247341805656864744e+04
657.6485607618943,1.250438528650098306e+04
657.7231498016442,1.254901452963876000e+04
657.7977341278665,1.261185979038379446e+04
657.87237432304,1.266104303792338578e+04
657.9469621958759,1.267561585200919035e+04
658.0215410042488,1.275576632948111728e+04
658.0961280598617,1.273663951099349833e+04
658.1707146988002,1.278855516117417756e+04
658.2453009150308,1.281041438230288622e+04
658.3198867025178,1.289056485977481316e+04
658.3945327428875,1.291333488178388325e+04
658.4691220043352,1.296616133284492571e+04
658.5437021472852,1.298164494781109352e+04
658.6182818353581,1.301898778390596817e+04
658.69286974003,1.309185185433499282e+04
658.767461521399,1.315469711508002729e+04
658.8420354727173,1.318202114149091176e+04
658.9166306515345,1.317473473444800948e+04
658.9912079822875,1.324577720311630765e+04
659.0657935091809,1.330224685769880125e+04
659.140382887388,1.330953326474170353e+04
659.2149717681472,1.341336456510306380e+04
659.289551452134,1.343886698975322361e+04
659.3641306225966,1.345981541000156722e+04
659.438717970647,1.353085787866986720e+04
659.5133047969533,1.356911151564510510e+04
659.5878910954348,1.359005993589344871e+04
659.6624768600082,1.373487727587113477e+04
659.7370620845874,1.372576926706750783e+04
659.8116467630838,1.375309329347839048e+04
659.8862265349078,1.379590093485544276e+04
659.9608101019778,1.385783539472011398e+04
660.0354018176174,1.394709388099566968e+04
660.1099798943757,1.403908476991231328e+04
660.1845748263452,1.401631474790324319e+04
660.259151743867,1.413471886235040802e+04
660.333684466581,1.417297249932564591e+04
660.4082645480388,1.423035295478850276e+04
660.4828527532469,1.422397734862596189e+04
660.5574316285567,1.433782745867131416e+04
660.6320229836718,1.440067271941634681e+04
660.7066049946801,1.445440997135775251e+04
660.7811820158635,1.448993120569190251e+04
660.8557147324121,1.457099248404419268e+04
660.9302992109782,1.455277646643693697e+04
661.0048830496228,1.467846698792700408e+04
661.0794662422122,1.470579101433788856e+04
661.1540575251042,1.470032620905571093e+04
661.2285781978873,1.488066478336754699e+04
661.3031681500861,1.486518116840137918e+04
661.3777399387936,1.497447727404491525e+04
661.452332922751,1.500362290221652620e+04
661.5269208535378,1.499997969869507506e+04
661.6014380645663,1.509925699465462094e+04
661.6760289813253,1.519944509149453006e+04
661.7506148234904,1.517940747212654787e+04
661.8251298800592,1.526957675928246499e+04
661.8997142930884,1.533879762619003850e+04
661.9743067544003,1.538889167460999306e+04
662.0488853483158,1.545902334239792981e+04
662.1234149871826,1.551093899257860903e+04
662.198000873726,1.553735221810913026e+04
662.2725860216412,1.562205669998287158e+04
662.347104619191,1.565848873519738481e+04
662.4216882564932,1.571131518625842727e+04
662.4962184684717,1.573317440738713412e+04
662.570804963388,1.579328726549108069e+04
662.6453862997457,1.590622657465606790e+04
662.7199097646629,1.592626419402405008e+04
662.7944939234665,1.601552268029960578e+04
662.869086084027,1.602918469350504711e+04
662.9436071371093,1.616125082115765326e+04
663.0181889069928,1.616762642732019413e+04
663.0927083152421,1.626508212151901353e+04
663.1673016492832,1.624504450215103316e+04
663.2418237897235,1.635342980691420598e+04
663.3164110793576,1.641354266501815073e+04
663.3909359310869,1.648367433280608748e+04
663.4655171474956,1.645179630199338862e+04
663.5400358838839,1.656746801379946555e+04
663.6146198039338,1.662120526574087125e+04
663.6891500154543,1.668405052648590572e+04
663.763736622158,1.679881143741161941e+04
663.8382518588492,1.680427624269379521e+04
663.9128411292601,1.693634237034640319e+04
663.9873589874919,1.701831444957905478e+04
664.0619509026042,1.699645522845034793e+04
664.136471363353,1.710210813057243286e+04
664.211061492379,1.717952620540327189e+04
664.285584535613,1.724692547055011892e+04
664.3601640270679,1.725785508111447416e+04
664.4346852160202,1.734529196562930520e+04
664.5092142934612,1.740358322197252346e+04
664.5838042596656,1.745458807127283944e+04
664.6583226187805,1.749010930560699126e+04
664.7328488535421,1.760669181829342779e+04
664.8074315802052,1.766680467639737617e+04
664.881960314152,1.779340599876780470e+04
664.9565455552175,1.779522760052853118e+04
665.031072346548,1.791818571937751040e+04
665.1055937270582,1.794642054666875629e+04
665.1801096874939,1.802839262590140788e+04
665.2546998800744,1.807939747520172750e+04
665.3292271235769,1.811400790865551244e+04
665.4037489291384,1.822694721782049965e+04
665.4783361453115,1.828068446976190535e+04
665.5528603518749,1.830345449177097544e+04
665.6273790986409,1.837540776131963867e+04
665.7019056711048,1.841183979653415008e+04
665.7764932599148,1.855938953915292586e+04
665.8510088931856,1.864318322014630394e+04
665.9255412083346,1.869874207384843612e+04
666.0000591620371,1.876796294075600963e+04
666.0746470335703,1.880621657773124753e+04
666.1491717378727,1.883809460854394638e+04
666.2236953664843,1.895194471858929683e+04
666.2982179130853,1.901114677581287833e+04
666.3727393713534,1.906033002335247147e+04
666.4472686180028,1.911406727529387717e+04
666.5218500778012,1.921516617301414590e+04
666.5963682490049,1.923702539414285275e+04
666.670894195563,1.926526022143410228e+04
666.7454190261132,1.938093193324017921e+04
666.8199427343175,1.945015280014775271e+04
666.8944653138359,1.955034089698766184e+04
666.9689912068017,1.961682936125414562e+04
667.043515960381,1.962684817093813763e+04
667.1180440186909,1.979898953732670634e+04
667.1925664754452,1.979716793556597986e+04
667.2671501081187,1.984635118310557300e+04
667.3416747090137,1.989006962536298670e+04
667.4162025951904,1.995018248346693144e+04
667.4907159415177,1.999207932396362230e+04
667.5652459277131,2.010046462872679695e+04
667.6397747296355,2.022160114581504968e+04
667.7142934240692,2.022706595109722548e+04
667.7888198363478,2.029628681800479899e+04
667.8633405848258,2.042106653861450468e+04
667.9378645829604,2.044839056502538733e+04
668.0123873649534,2.045385537030756677e+04
668.0868509002132,2.059867271028525283e+04
668.1613801466233,2.055677586978856198e+04
668.235899230937,2.072254163001459165e+04
668.3104215399541,2.076990327579345831e+04
668.3849470702704,2.076261686875055602e+04
668.4594713500996,2.088557498759953523e+04
668.533998842422,2.094022304042130418e+04
668.6085250734534,2.097938747827690531e+04
668.683041094052,2.103403553109867426e+04
668.7575647813001,2.114059923410112242e+04
668.8320290343215,2.116154765434946603e+04
668.9065546155499,2.124807373798393382e+04
668.9810833808008,2.133186741897731190e+04
669.0555974212344,2.138287226827762788e+04
669.130128062917,2.139835588324379569e+04
669.2046529196529,2.153588681617857947e+04
669.2791182298785,2.157778365667527032e+04
669.3536314765041,2.157869445755563356e+04
669.4281657979723,2.163334251037740250e+04
669.5026898264498,2.174537101866202647e+04
669.57714526615,2.177724904947472533e+04
669.65167108008,2.183280790317685387e+04
669.7261910590614,2.189383156216116186e+04
669.8007186526492,2.193663920353821595e+04
669.8751865504684,2.201496807924941822e+04
669.949711403622,2.211242377344823763e+04
670.0242348833766,2.215067741042347552e+04
670.0987480026345,2.215432061394492484e+04
670.1732193096983,2.219530665356125246e+04
670.2477431098745,2.222809548525431455e+04
670.3222655128286,2.230551356008515359e+04
670.396728085964,2.233739159089785244e+04
670.471252157415,2.240934486044651203e+04
670.5457118658269,2.241845286925014079e+04
670.6202330875843,2.251681936432932343e+04
670.6947618784129,2.252865977577404192e+04
670.7692307481261,2.259696984180125219e+04
670.8437476587868,2.261609666028886932e+04
670.918213608017,2.262429386821213484e+04
670.9927321095302,2.267347711575172798e+04
671.0672536563986,2.271446315536805196e+04
671.1417196890736,2.274360878353966473e+04
671.216251808498,2.276546800466837158e+04
671.290714863808,2.284015367685812089e+04
671.3652395155675,2.282375926101158984e+04
671.4396995665256,2.295400378690347134e+04
671.5142212289395,2.302504625557177133e+04
671.5886872701645,2.304963787934156790e+04
671.6632104305353,2.299681142828052180e+04
671.7376734223737,2.300045463180197476e+04
671.812193546355,2.311521554272768844e+04
671.8866579770747,2.315893398498510214e+04
671.9611795549314,2.317806080347272291e+04
672.0356408881489,2.320356322812287908e+04
672.1101096909673,2.324454926773920670e+04
672.1846266277597,2.326731928974827679e+04
672.2590968192625,2.329373251527879984e+04
672.3336151557181,2.331377013464678021e+04
672.4080821944679,2.334929136898092838e+04
672.482543119204,2.331559173640750669e+04
672.5570657703272,2.341213662972596285e+04
672.63152802642,2.350503831952296969e+04
672.705997721871,2.347498189047099731e+04
672.7805155931686,2.344310385965829846e+04
672.854982065397,2.346405227990664207e+04
672.9294423823377,2.354329195649820758e+04
673.0039644745739,2.354511355825893406e+04
673.0784260583234,2.357608078819126968e+04
673.152895058153,2.355968637234473863e+04
673.2274213293804,2.359156440315743748e+04
673.3018779706365,2.359338600491816396e+04
673.3763374799411,2.362981804013267538e+04
673.4508043890924,2.369903890704024889e+04
673.5252650884476,2.367080407974899936e+04
673.5997967036512,2.367626888503117880e+04
673.6742585868221,2.365805286742392127e+04
673.748714237457,2.375368695986201783e+04
673.823186347847,2.378283258803362696e+04
673.8976385924067,2.372727373433149478e+04
673.9721663425748,2.371179011936532697e+04
674.0466287979216,2.375550856162274067e+04
674.1210895311846,2.381744302148741190e+04
674.1955530811653,2.377463538011036144e+04
674.2700239906791,2.372727373433149478e+04
674.3444795221271,2.381288901708559933e+04
674.4189469503236,2.381744302148741190e+04
674.49346722243,2.373000613697258450e+04
674.567935708377,2.369994970792061213e+04
674.6424024340591,2.380833501268378313e+04
674.7168582880072,2.379467299947834181e+04
674.7913214713103,2.385296425582156371e+04
674.8657783200656,2.377463538011036144e+04
674.940251601854,2.381288901708559933e+04
675.0147094269751,2.380287020740160733e+04
675.0891700095718,2.372909533609222126e+04
675.1636379044918,2.373091693785294774e+04
675.2380994327431,2.369903890704024889e+04
675.312554584676,2.379376219859797857e+04
675.3870261580195,2.366898247798827651e+04
675.4614822208301,2.364712325685956966e+04
675.5359547018315,2.372636293345113154e+04
675.610407090499,2.370723611496351441e+04
675.6848804576179,2.360795881900396853e+04
675.7593337130725,2.365623126566319479e+04
675.8338033782419,2.362071003132904661e+04
675.9082026566803,2.362526403573085918e+04
675.9826594431638,2.355513236794292607e+04
676.0571234944312,2.354420275737857082e+04
676.1315948098625,2.351505712920696169e+04
676.2060550986515,2.348955470455680188e+04
676.2805134951972,2.348682230191571216e+04
676.3549745673919,2.344401466053866170e+04
676.4293879803434,2.338936660771689276e+04
676.5038498052293,2.336477498394709619e+04
676.5783051376296,2.335566697514347106e+04
676.6527677036122,2.326823009062864003e+04
676.7272329229447,2.325547887830356194e+04
676.8016366634976,2.318261480787453547e+04
676.8761025828228,2.319263361755852748e+04
676.9505619772531,2.320174162636215624e+04
677.0250240043307,2.310428593216333320e+04
677.0994290601088,2.308333751191498959e+04
677.1738917427178,2.303506506525575969e+04
677.2483524582894,2.301411664500741608e+04
677.3227561481843,2.290573134024424144e+04
677.3972128974716,2.290937454376569440e+04
677.4716768389669,2.278368402227562547e+04
677.5461433813275,2.287021010591009326e+04
677.6205482371186,2.279188123019889099e+04
677.6950015852051,2.268713912895716931e+04
677.7694069841688,2.269533633688043483e+04
677.8438746703705,2.258239702771544762e+04
677.9183311477581,2.256964581539036590e+04
677.9927396296163,2.253230297929549124e+04
678.0672012294622,2.245852810798610517e+04
678.1416056066512,2.235560760850510633e+04
678.2160631125909,2.224631150286156844e+04
678.2905277690969,2.226452752046882597e+04
678.3649259468506,2.216160702098783077e+04
678.4393864750938,2.212972899017513191e+04
678.513798898065,2.206688372943009745e+04
678.5882598799376,2.206141892414792164e+04
678.6626543015428,2.194847961498293080e+04
678.7371249257566,2.190020716832370454e+04
678.8115243461227,2.183918350933939655e+04
678.8859815585386,2.179819746972306893e+04
678.9603905685974,2.170074177552424953e+04
679.0348481677615,2.164153971830066439e+04
679.1092529209583,2.156412164346982900e+04
679.1836509171139,2.152040320121241166e+04
679.2581113551571,2.143843112197976006e+04
679.3325235125415,2.131365140137005437e+04
679.4069842868593,2.128359497231808200e+04
679.481378280968,2.120435529572652013e+04
679.5557839509504,2.113513442881894662e+04
679.6302474888498,2.109141598656152928e+04
679.704648807749,2.098667388531980760e+04
679.7790525553501,2.098940628796089732e+04
679.8535234360058,2.084914295238502382e+04
679.9279135518302,2.085278615590647314e+04
680.0023245731195,2.074440085114330213e+04
680.076784258521,2.063419394461940101e+04
680.1511816092886,2.063146154197831129e+04
680.2255859851732,2.053855985218130809e+04
680.3000482943368,2.046933898527373458e+04
680.374448213023,2.042470974213595400e+04
680.4488412562114,2.032087844177459556e+04
680.5232552007656,2.028444640656008414e+04
680.5976576301395,2.020429592908815539e+04
680.6721226617578,2.011321584105187503e+04
680.7465159407645,2.009317822168389466e+04
680.8209254830051,2.003397616446030952e+04
680.8953281128896,1.992923406321858783e+04
680.969723820552,1.985090518750738556e+04
681.0441775310805,1.977166551091582369e+04
681.118582574998,1.975982509947110520e+04
681.1929806772104,1.971064185193151570e+04
681.2673996753556,1.962684817093813763e+04
681.3418070819359,1.953394648114113079e+04
681.4162075273074,1.946199321159246756e+04
681.4906056458781,1.938821834028308149e+04
681.5649921401839,1.932810548217913674e+04
681.6393995215485,1.920150415980870457e+04
681.7137999143118,1.916871532811564248e+04
681.7882165503345,1.909311885504552993e+04
681.8626680324036,1.905304361630956919e+04
681.9370706711479,1.902754119165940938e+04
682.0114662918298,1.894374751066603130e+04
682.0858781465969,1.885084582086902446e+04
682.1602876270566,1.880985978125269685e+04
682.234615600839,1.873881731258440050e+04
682.3090342611832,1.863316441046231193e+04
682.3834179373963,1.857305155235836719e+04
682.4578224911205,1.853115471186167997e+04
682.5322153211919,1.845100423438975122e+04
682.6066290312607,1.834899453578911562e+04
682.6810356664762,1.831893810673714324e+04
682.7554352169042,1.828432767328335831e+04
682.8298276726078,1.816410195707546882e+04
682.9042363415565,1.815772635091292614e+04
682.9786379060591,1.809214868752680559e+04
683.052985700029,1.799104978980653323e+04
683.1273776822683,1.789450489648807707e+04
683.2017812028357,1.788266448504335858e+04
683.2761822579863,1.779340599876780470e+04
683.3505948498541,1.774240114946748872e+04
683.4249816151049,1.768137749048318074e+04
683.4993378598623,1.758665419892544742e+04
683.5737336498651,1.755659776987347504e+04
683.6481222681783,1.745458807127283944e+04
683.7225270786547,1.733527315594531319e+04
683.7968779498492,1.734073796122748900e+04
683.8712683772519,1.727242789520027873e+04
683.9456749923205,1.727880350136281777e+04
684.0200089024875,1.716404259043710408e+04
684.0944244901342,1.712761055522259267e+04
684.1688141432852,1.706931929887937440e+04
684.2431731578488,1.699281202492889861e+04
684.3175670692367,1.690901834393552053e+04
684.3919584235521,1.682067065854032626e+04
684.4662956794946,1.679152503036871713e+04
684.5407193753053,1.670317734497352285e+04
684.6151123876289,1.657020041644055527e+04
684.689455939193,1.650371195217406785e+04
684.7638578398391,1.640079145269307264e+04
684.8382055615216,1.629058454616917334e+04
684.9125975757681,1.626234971887792562e+04
684.9870010616816,1.619403965285071536e+04
685.0613315458365,1.610660276833588614e+04
685.1357438810281,1.606470592783919710e+04
685.2100831760683,1.599002025564944597e+04
685.2844855664139,1.591624538434005808e+04
685.3588336587155,1.582880849982522886e+04
685.4332213760933,1.581696808838051220e+04
685.5075782509971,1.575867683203729393e+04
685.5819089583205,1.575412282763547955e+04
685.6563216044284,1.571769079242096632e+04
685.7306563603778,1.570402877921552499e+04
685.8050589720733,1.570493958009588823e+04
685.8794024621719,1.565757793431702157e+04
685.9537903041233,1.553644141722876884e+04
686.0281472199982,1.549181217409099008e+04
686.1024731844336,1.544991533359430105e+04
686.1768811733403,1.539799968341362182e+04
686.2512158243778,1.532331401122387069e+04
686.3255665827462,1.522676911790541453e+04
686.3999617223745,1.511382980874042551e+04
686.4742975925424,1.511929461402260313e+04
686.5486495653337,1.502092811894341867e+04
686.6230412185406,1.496354766348056182e+04
686.6973829775881,1.480688991205815910e+04
686.7717408365776,1.484787595167448671e+04
686.8460676249846,1.476408227068110682e+04
686.920476563722,1.468484259408954313e+04
686.9948119535088,1.461197852366051848e+04
687.0691634335083,1.451725523210278698e+04
687.1434837923248,1.446442878104174451e+04
687.2178910716232,1.439794031677525891e+04
687.2922436114384,1.433873825955167740e+04
687.3665697193694,1.431687903842296873e+04
687.4409071790424,1.423855016271176828e+04
687.5152607193801,1.420667213189906943e+04
687.5896114344212,1.416568609228274363e+04
687.6639309442114,1.407005199984464889e+04
687.7383327394424,1.403179836286941099e+04
687.8126844041321,1.398170431444945643e+04
687.8870284875072,1.389882143433643978e+04
687.9613649794371,1.383779777535213179e+04
688.0357175394452,1.376402290404274572e+04
688.1100388231959,1.369571283801553363e+04
688.1843761649789,1.360281114821852861e+04
688.2587343070002,1.362649197110796194e+04
688.3330800913666,1.351446346282333616e+04
688.4074182439083,1.348531783465172521e+04
688.4817534945465,1.345617220648011607e+04
688.556104800579,1.345343980383902817e+04
688.6304200038998,1.332501687970787134e+04
688.7047797093452,1.328494164097190878e+04
688.7791080338786,1.320205876085889213e+04
688.8534524038824,1.321663157494469851e+04
688.9277890934775,1.312281908426732844e+04
689.0021418286908,1.305997382352229579e+04
689.0764868733971,1.305633062000084283e+04
689.1507577273879,1.298802055397363256e+04
689.2250873462091,1.295249931963948438e+04
689.2994377520117,1.294703451435730676e+04
689.3737756865256,1.285413282456029992e+04
689.4481106432635,1.276578513916510747e+04
689.5224616327603,1.276760674092583395e+04
689.5968001275772,1.271295868810406500e+04
689.6710880627454,1.271842349338624263e+04
689.745415792651,1.265648903352157140e+04
689.8197595452868,1.260275178158016570e+04
689.8941002876792,1.260457338334089036e+04
689.968380885931,1.246248844600429402e+04
690.0427250973174,1.248525846801336411e+04
690.1170662811704,1.243061041519159517e+04
690.1913949030705,1.236230034916438490e+04
690.2656966557213,1.235774634476257052e+04
690.3400334706062,1.231949270778733262e+04
690.4143672314507,1.227486346464955568e+04
690.4886454859029,1.224845023911903445e+04
690.5629874122526,1.221383980566524770e+04
690.6373214994773,1.219562378805799017e+04
690.7116000290887,1.213733253171477190e+04
690.7859422563533,1.211729491234678972e+04
690.8602336681432,1.203987683751595068e+04
690.9345601567937,1.201255281110506621e+04
691.0089026400582,1.197794237765127946e+04
691.0831942596561,1.196245876268511165e+04
691.157520963373,1.194424274507785594e+04
691.2318206545044,1.187684347993100891e+04
691.3061602170517,1.185134105528084910e+04
691.380444070193,1.181764142270742559e+04
691.45476779478,1.178303098925363884e+04
691.5290596795087,1.173931254699622514e+04
691.6033914459812,1.172747213555150847e+04
691.6776674311591,1.166189447216538611e+04
691.7520072241363,1.161544362726688269e+04
691.8262959912287,1.157445758765055689e+04
691.900643801485,1.155715237092366260e+04
691.9749166156074,1.150159351722153224e+04
692.0492005879099,1.153620395067531899e+04
692.123529252891,1.147244788904992129e+04
692.1978259721524,1.143692665471577311e+04
692.2721578136724,1.141597823446742768e+04
692.3464385130854,1.140413782302271102e+04
692.4207159769667,1.134493576579912951e+04
692.4950525395182,1.132763054907223523e+04
692.56933311711,1.129848492090062609e+04
692.6436056440851,1.126478528832720076e+04
692.7179660817585,1.124656927071994505e+04
692.7922272967613,1.122744245223232610e+04
692.8665236380322,1.118008080645346126e+04
692.9407927013435,1.113089755891386812e+04
693.0151497288059,1.113454076243531927e+04
693.089421837627,1.110448433338334689e+04
693.1636906489606,1.105165788232230443e+04
693.2379753787236,1.105074708144194119e+04
693.3122568047582,1.098699101981654530e+04
693.3865926140129,1.099609902862017407e+04
693.4608818498604,1.098699101981654530e+04
693.5351581466051,1.092414575907151084e+04
693.6094263017561,1.093507536963586608e+04
693.6837151767944,1.087496251153191952e+04
693.7579910889119,1.083215487015486724e+04
693.8322636527323,1.084672768424067363e+04
693.906552121247,1.079754443670108230e+04
693.9808998444166,1.081667125518870125e+04
694.0551719756728,1.076293400324729555e+04
694.1294600063287,1.073378837507568460e+04
694.2037398455482,1.072650196803278232e+04
694.2780114829652,1.065181629584303300e+04
694.3522990144666,1.063997588439831634e+04
694.426583156023,1.060445465006416634e+04
694.5008542537265,1.057713062365328187e+04
694.5751412401826,1.056711181396929169e+04
694.6494248189764,1.053523378315659284e+04
694.723700156412,1.050153415058316932e+04
694.7979624146619,1.052885817699405379e+04
694.8721970948218,1.044779689864176362e+04
694.9464717871994,1.049971254882244284e+04
695.0207623596758,1.042047287223087915e+04
695.0950205016327,1.038313003613600449e+04
695.1693186762369,1.033212518683568669e+04
695.2435843995215,1.031026596570697984e+04
695.3178708269531,1.033030358507496203e+04
695.3921441168008,1.025288551024412300e+04
695.4663655616765,1.027110152785137871e+04
695.5406463919401,1.019550505478126615e+04
695.6149237361514,1.022100747943142414e+04
695.6892121064967,1.023649109439759195e+04
695.7634969823528,1.015451901516493854e+04
695.8377008859716,1.009349535618063055e+04
695.9119932631442,1.011353297554861274e+04
695.9862772860863,1.007892254209482599e+04
696.06048026933,1.005068771480358009e+04
696.134771767185,1.004340130776067781e+04
696.2090548898484,1.001243407782834220e+04
696.2833296268801,9.950499617963670971e+03
696.3575523255896,9.968715635570926679e+03
696.4318151008928,9.948678016202944491e+03
696.5060403540568,9.906781175706255453e+03
696.58033480532,9.895851565141902029e+03
696.6545965750922,9.880367950175734222e+03
696.7288256373972,9.871259941372105459e+03
696.8030899410923,9.792020264780541766e+03
696.8773263707111,9.828452299995055000e+03
696.9516029071826,9.771982645412559577e+03
697.0258758450395,9.772893446292922818e+03
697.1000868630892,9.751945026044579208e+03
697.1743865928445,9.709137384667526931e+03
697.248609793035,9.697296973222810266e+03
697.3228682493078,9.669972946811925794e+03
697.3970987519848,9.640827318640316662e+03
697.4713645187727,9.642648920401041323e+03
697.5456023130668,9.591644071100725341e+03
697.6198072452165,9.624432902793785615e+03
697.6941009834452,9.595287274622176483e+03
697.7683131711979,9.522423204193151832e+03
697.8425898466292,9.548836429723673064e+03
697.9168092738975,9.523334005073513254e+03
697.9910201305657,9.494188376901904121e+03
698.0653003733468,9.493277576021540881e+03
698.1395184438109,9.456845540807029465e+03
698.2138010478819,9.437718722319410517e+03
698.2880311962213,9.393089479181631759e+03
698.3622527442063,9.414948700310340428e+03
698.4364656813189,9.376695063335102532e+03
698.510738305446,9.345727833402766919e+03
698.5849584048053,9.362122249249296146e+03
698.6591698720874,9.314760603470431306e+03
698.7334703424422,9.320225408752607109e+03
698.8076889513259,9.315671404350794546e+03
698.8818989069066,9.310206599068616924e+03
698.9561050840433,9.279239369136281312e+03
699.030322134609,9.282882572657732453e+03
699.1046038227042,9.213661705750158944e+03
699.1788328602486,9.251004541845033600e+03
699.2530532146016,9.240074931280680175e+03
699.3272599846256,9.210018502228707803e+03
699.4014873980228,9.214572506630522184e+03
699.4757061069474,9.186337679339274473e+03
699.5499161008405,9.176318869655284288e+03
699.6241418428359,9.131689626517507349e+03
699.6983588590565,9.182694475817823331e+03
699.7726405911895,9.125314020354966488e+03
699.8468646290141,9.134422029158595251e+03
699.9210848186354,9.097079193063720595e+03
699.9952913527262,9.078863175456463068e+03
700.0695185244031,9.067022764011748222e+03
700.1437320277023,9.021482719993606224e+03
700.2179661702849,9.031501529677598228e+03
700.2921670152689,9.028769127036510326e+03
700.3663345364773,9.010553109429252800e+03
700.4405423002715,9.041520339361588412e+03
700.5147657911945,8.980496680377280427e+03
700.5889804729994,8.987783087420182710e+03
700.6632108815323,8.930402631957325866e+03
700.7374324701444,8.958637459248573577e+03
700.81164522823,8.932224233718052346e+03
700.8858540575908,8.883040986178461026e+03
700.9600736910871,8.926759428435874725e+03
701.034240242214,8.867557371212293219e+03
701.1084716450022,8.892148994982087970e+03
701.1826646876575,8.888505791460636829e+03
701.2569029402329,8.848430552724674271e+03
701.3311077280009,8.841144145681771988e+03
701.4052790247227,8.805622911347621994e+03
701.4794906151762,8.786496092860003046e+03
701.5537179110803,8.822928128074514461e+03
701.6278673838922,8.795604101663629990e+03
701.7020768472739,8.777388084056374282e+03
701.776302010223,8.753707261166940953e+03
701.8505182480137,8.764636871731296196e+03
701.9246812071539,8.716364425072066297e+03
701.9989091214585,8.739134447081136386e+03
702.0730492261018,8.730026438277509442e+03
702.147283874415,8.715453624191703057e+03
702.2215095672381,8.718186026832792777e+03
702.2956523110257,8.683575593379006023e+03
702.3698847114229,8.672645982814652598e+03
702.4440341206173,8.628927540557237080e+03
702.5182485406029,8.645321956403768127e+03
702.5924786440079,8.628927540557237080e+03
702.6666306251165,8.646232757284129548e+03
702.7408427059752,8.628016739676873840e+03
702.8150013114393,8.577922691256919279e+03
702.8892200349155,8.542401456922771104e+03
702.9633852532902,8.549687863965673387e+03
703.0375414112833,8.533293448119142340e+03
703.1117577094595,8.559706673649663571e+03
703.1859204527385,8.571547085094380236e+03
703.2601235714659,8.545133859563859005e+03
703.3342928843769,8.505969421708257869e+03
703.4085025826428,8.497772213784992346e+03
703.482658658175,8.483199399699187779e+03
703.5568254210807,8.467715784733019973e+03
703.6310325789715,8.460429377690117690e+03
703.7052108243134,8.466804983852656733e+03
703.7793551808122,8.402138121346897606e+03
703.8535845204474,8.437659355681047600e+03
703.9277353723147,8.423086541595243034e+03
704.0019018493869,8.376635696696739615e+03
704.0760542132163,8.332917254439324097e+03
704.1502767406283,8.370260090534200572e+03
704.2244157321018,8.363884484371659710e+03
704.2985752975638,8.376635696696739615e+03
704.3727455222629,8.311058033310617247e+03
704.4469065581811,8.316522838592794869e+03
704.5211080295742,8.321076842994607432e+03
704.5952804534251,8.282823206019369536e+03
704.6694387032167,8.255499179608486884e+03
704.7435926983363,8.239104763761955837e+03
704.8177573342106,8.282823206019369536e+03
704.891917706452,8.210869936470708126e+03
704.9660688376695,8.226353551436875932e+03
705.0402107171044,8.270071993694291450e+03
705.114442771257,8.180813507418735753e+03
705.1885910002947,8.212691538231434606e+03
705.2627548254902,8.182635109179461324e+03
705.3369093767561,8.175348702136559041e+03
705.4110795235591,8.122522251075516579e+03
705.485220476971,8.158954286290028904e+03
705.5593969294841,8.128897857238055622e+03
705.6335441691415,8.123433051955878909e+03
705.7077020144703,8.121611450195153338e+03
705.7818057106044,8.134362662520232334e+03
705.8559498827009,8.107038636109348772e+03
705.9301096345012,8.137095065161321145e+03
706.0042849709166,8.053301384167943070e+03
706.0784260421825,8.085179414980641013e+03
706.1525826869397,8.055122985928668641e+03
706.2267549100956,8.045104176244677546e+03
706.3008928304606,8.061498592091207684e+03
706.3750014111765,8.064230994732296494e+03
706.4491704615375,8.043282574483951976e+03
706.5233051714449,8.035085366560686452e+03
706.5974853991634,8.010493742790890792e+03
706.6716262730434,8.028709760398147409e+03
706.745737753195,7.977704911097829608e+03
706.8198897594285,7.991366924303271844e+03
706.8940323424436,7.995920928705086226e+03
706.9681405012132,7.970418504054927325e+03
707.0422891955021,8.016869348953430745e+03
707.1164534452462,7.943094477644042854e+03
707.19055823756,7.949470083806582807e+03
707.2647035748213,7.963132097012025042e+03
707.3388694645195,7.966775300533476184e+03
707.4129708410553,7.960399694370936231e+03
707.4871177773351,7.945826880285131665e+03
707.5612752521206,7.957667291729848330e+03
707.6353781699282,7.926700061797512717e+03
707.7095466962406,7.995010127824722986e+03
707.7836305801062,7.903019238908079387e+03
707.857775071609,7.929432464438600618e+03
707.9318899937977,7.948559282926219566e+03
708.0060455013667,7.880249216899009298e+03
708.080146353211,7.923967659156423906e+03
708.1543078510902,7.915770451233159292e+03
708.2283845678539,7.885714022181186010e+03
708.3025520377458,7.906662442429530529e+03
708.3766397017445,7.923056858276061575e+03
708.4508131326904,7.900286836266991486e+03
708.5249067170731,7.862033199291753590e+03
708.5989906956581,7.874784411616832585e+03
708.673160478897,7.881160017779372538e+03
708.7472503492967,7.864765601932841491e+03
708.8213557131089,7.844727982564860213e+03
708.8955017018351,7.882070818659734869e+03
708.9696129404151,7.866587203693567062e+03
709.0436944296144,7.851103588727399256e+03
709.1178618009762,7.841084779043409071e+03
709.1919440994113,7.845638783445222543e+03
709.266041878377,7.831976770239780308e+03
709.3401601743607,7.801009540307445604e+03
709.4143140934323,7.793723133264542412e+03
709.4884130457813,7.808295947350347888e+03
709.5625023052012,7.790990730623454510e+03
709.6366020041326,7.815582354393250171e+03
709.71069703359,7.775507115657286704e+03
709.7848579170291,7.746361487485676662e+03
709.8589587159314,7.792812332384180081e+03
709.9330497882937,7.812849951752161360e+03
710.0071361642808,7.745450686605314331e+03
710.0812329625695,7.751826292767853374e+03
710.1553452280508,7.778239518298374605e+03
710.2294275672397,7.725413067237332143e+03
710.3035203190468,7.764577505092933279e+03
710.3776335778801,7.715394257553341049e+03
710.4517320198205,7.725413067237332143e+03
710.5258257276931,7.701732244347898813e+03
710.599909644176,7.712661854912253148e+03
710.6740090111854,7.667121810894112059e+03
710.7480985754111,7.669854213535200870e+03
710.8222035892967,7.692624235544270960e+03
710.8962987889969,7.658924602970847445e+03
710.9704094374856,7.674408217937015252e+03
711.0444849811654,7.665300209133386488e+03
711.1186012467011,7.626135771277786262e+03
711.1926874434225,7.698089040826447672e+03
711.2667840197356,7.634332979201051785e+03
711.3408251965476,7.621581766875971880e+03
711.4149070955419,7.631600576559962974e+03
711.4890246751831,7.632511377440326214e+03
711.5631121310784,7.566022913173840607e+03
711.6372150180558,7.619760165115246309e+03
711.7112320343467,7.568755315814929418e+03
711.7853404449295,7.554182501729123942e+03
711.8594389533098,7.566022913173840607e+03
711.9335275484821,7.533234081480779423e+03
712.0075605935059,7.538698886762957045e+03
712.0816546727544,7.545985293805859328e+03
712.1557641746032,7.524126072677151569e+03
712.2297927223119,7.528680077078965951e+03
712.3038823260575,7.535966484121868234e+03
712.377992420552,7.504999254189532621e+03
712.4520164203059,7.526858475318240380e+03
712.5261268825731,7.506820855950258192e+03
712.6001562828156,7.460370011051754773e+03
712.6742518579922,7.474032024257197008e+03
712.7483628435643,7.486783236582276913e+03
712.8223876211747,7.443975595205224636e+03
712.8964785986809,7.480407630419736961e+03
712.9705138140855,7.478586028659011390e+03
713.0446101673241,7.456726807530303631e+03
713.1186507279195,7.471299621616109107e+03
713.19275244439,7.419383971435428975e+03
713.2667983376626,7.387505940622731032e+03
713.3408290765726,7.431224382880145640e+03
713.4149057221886,7.420294772315791306e+03
713.4889468476811,7.386595139742367792e+03
713.5630542605719,7.409365161751437881e+03
713.6370752139885,7.367468321254748844e+03
713.71111152602,7.371111524776199985e+03
713.7852141503761,7.379308732699465509e+03
713.8592557248019,7.341055095724227613e+03
713.93328717658,7.355627909810032179e+03
714.0073900636712,7.351073905408218707e+03
714.0814267494405,7.328303883399147708e+03
714.1554583900697,7.319195874595519854e+03
714.2295512937391,7.346519901006404325e+03
714.3035881409775,7.331947086920599759e+03
714.3776148223176,7.264547821773751821e+03
714.451651744311,7.330125485159874188e+03
714.5256835921462,7.307355463150803189e+03
714.5997818492889,7.301890657868626477e+03
714.6738188625989,7.290961047304273052e+03
714.7478712188952,7.220829379516337212e+03
714.8218929356141,7.257261414730849538e+03
714.8959248750398,7.273655830577379675e+03
714.9699721505816,7.235402193602141779e+03
715.044014315487,7.249975007687946345e+03
715.1180411339378,7.250885808568309585e+03
715.1920883966163,7.222650981277062783e+03
715.2661714596333,7.228115786559239496e+03
715.3402238179556,7.210810569832346118e+03
715.4142403295658,7.207167366310894977e+03
715.488267040557,7.191683751344727170e+03
715.5623141930947,7.204434963669806166e+03
715.6363510669913,7.168913729335657081e+03
715.7103315493897,7.179843339900010506e+03
715.784373440411,7.164359724933842699e+03
715.8584050299637,7.155251716130214845e+03
715.932426306901,7.204434963669806166e+03
716.0064680199878,7.157984118771302747e+03
716.080494283165,7.182575742541099316e+03
716.1545409835085,7.177110937258921695e+03
716.2285722201125,7.157073317890940416e+03
716.3025469314863,7.147054508206949322e+03
716.3765882447348,7.154340915249851605e+03
716.4506192011959,7.098782061547720332e+03
716.5246654600803,7.160716521412391558e+03
716.5987013504475,7.137946499403321468e+03
716.6726754991479,7.125195287078242472e+03
716.7467162946405,7.119730481796064851e+03
716.8207466986998,7.151608512608763704e+03
716.8947667001454,7.084209247461915766e+03
716.9687557260248,7.127927689719330374e+03
717.0427805919613,7.114265676513888138e+03
717.116825887731,7.127927689719330374e+03
717.1908093232216,7.096049658906632430e+03
717.2648286044712,7.076012039538650242e+03
717.3388168541977,7.087852450983366907e+03
717.4128461038251,7.127016888838968043e+03
717.4868906346427,7.083298446581552525e+03
717.5608474726536,7.087852450983366907e+03
717.6348968087937,7.107890070351349095e+03
717.7088584084709,7.040490805204501157e+03
717.7828867763504,7.089674052744092478e+03
717.8568840385082,7.044134008725952299e+03
717.9309171761972,7.044134008725952299e+03
718.0048882559898,7.082387645701190195e+03
718.0789313004857,7.071458035136836770e+03
718.1528864689565,7.045955610486677870e+03
718.2268775063203,7.066904030735022388e+03
718.300914749167,7.049598814008129011e+03
718.3748898482226,7.050509614888492251e+03
718.4489059941204,7.066904030735022388e+03
718.5228857662477,7.033204398161598874e+03
718.5968549564894,7.042312406965226728e+03
718.6708910267723,7.032293597281235634e+03
718.7448648651658,7.006791172631076734e+03
718.8188539335962,7.034115199041961205e+03
718.8928117241455,7.027739592879421252e+03
718.9668571028507,6.981288747980918743e+03
719.040845353585,7.009523575272165544e+03
719.1148178064504,7.010434376152528785e+03
719.1887847916446,7.001326367348900021e+03
719.2628187285492,6.979467146220193172e+03
719.3367851179871,6.971269938296927648e+03
719.4107718973806,6.978556345339829932e+03
719.4847480151196,6.995861562066723309e+03
719.55871345993,6.959429526852210984e+03
719.6326941140954,6.952143119809308700e+03
719.7066692631995,6.964894332134387696e+03
719.780706250103,6.921175889876973088e+03
719.8546807424774,6.939391907484229705e+03
719.9286497097812,6.953053920689671941e+03
720.0026286960333,6.907513876671530852e+03
720.0766021474149,6.976734743579104361e+03
720.1505856143327,6.936659504843140894e+03
720.2245376004026,6.902959872269717380e+03
720.298530717732,6.906603075791168521e+03
720.3725079039693,6.907513876671530852e+03
720.446479525475,6.861973832653390673e+03
720.5204403826414,6.905692274910805281e+03
720.5943696939084,6.863795434414116244e+03
720.6683349523433,6.865617036174841814e+03
720.7423153966341,6.884743854662460762e+03
720.816285052651,6.831917403601418300e+03
720.890249105901,6.879279049380284050e+03
720.9642231419422,6.839203810644320583e+03
721.0382175601698,6.833739005362143871e+03
721.1121179678518,6.825541797438878348e+03
721.1860907374653,6.828274200079967159e+03
721.2600786851124,6.819166191276338395e+03
721.334050596095,6.817344589515612824e+03
721.4079648215145,6.788198961344003692e+03
721.4819202230957,6.803682576310171498e+03
721.5559168215076,6.794574567506542735e+03
721.6298296575088,6.762696536693844791e+03
721.7038045147077,6.737194112043685891e+03
721.777768491748,6.777269350779649358e+03
721.8516746809869,6.771804545497472645e+03
721.9256689717006,6.755410129650942508e+03
721.9996263053706,6.752677727009853697e+03
722.0735518685187,6.712602488273890231e+03
722.1475134315792,6.755410129650942508e+03
722.221443203523,6.718978094436430183e+03
722.2954141996532,6.682546059221917858e+03
722.369322077151,6.733550908522234749e+03
722.4432972736668,6.698940475068447995e+03
722.5172093181159,6.662508439853935670e+03
722.5911887015628,6.684367660982643429e+03
722.665104899496,6.645203223127042293e+03
722.7390623388185,6.671616448657564433e+03
722.8129878959985,6.646114024007405533e+03
722.8869756086152,6.612414391433981109e+03
722.9608791618889,6.642470820485954391e+03
723.0347925998112,6.609681988792893208e+03
723.1087786701618,6.614235993194707589e+03
723.1826700550422,6.606949586151804397e+03
723.2565817737539,6.570517550937292071e+03
723.3305609227724,6.583268763262371976e+03
723.4044767103132,6.600573979989265354e+03
723.4783814349788,6.517691099876249609e+03
723.5523797909511,6.579625559740920835e+03
723.6262885587613,6.534996316603142986e+03
723.7001862401456,6.545015126287134080e+03
723.7741042546204,6.563231143894389788e+03
723.8480321309023,6.497653480508267421e+03
723.9220013141903,6.512226294594072897e+03
723.9959122328532,6.545015126287134080e+03
724.0698330025856,6.499475082268992992e+03
724.1437478932739,6.493099476106453949e+03
724.2176516517817,6.533174714842417416e+03
724.2915652506016,6.463953847934843907e+03
724.3654729499798,6.487634670824277237e+03
724.4393957341822,6.501296684029719472e+03
724.51330736185,6.485813069063551666e+03
724.587207821535,6.457578241772303954e+03
724.6611286098097,6.460310644413392765e+03
724.7350592296857,6.440273025045410577e+03
724.80895240124,6.455756640011578384e+03
724.882865897012,6.426611011839969251e+03
724.9567892135801,6.422057007438154869e+03
725.0307013255602,6.410216595993438204e+03
725.1046074792529,6.392000578386182497e+03
725.1785287017594,6.429343414481057152e+03
725.2524334382222,6.377427764300377021e+03
725.326358500832,6.376516963420014690e+03
725.4002723250796,6.428432613600694822e+03
725.4741222682113,6.399286985429084780e+03
725.5480398915687,6.374695361659289119e+03
725.6219462528422,6.392000578386182497e+03
725.6958676722687,6.342817330846590266e+03
725.769783084779,6.391089777505819256e+03
725.8436292602167,6.381070967821828162e+03
725.9175431603215,6.360122547573483644e+03
725.9914510329734,6.390178976625456926e+03
726.0653686850188,6.342817330846590266e+03
726.1392275716657,6.339174127325139125e+03
726.2131278556831,6.331887720282236842e+03
726.2870379081896,6.321868910598245748e+03
726.3608891425325,6.300920490349901229e+03
726.4348081680206,6.328244516760785700e+03
726.50866306773,6.310939300033892323e+03
726.5825857784921,6.273596463939016758e+03
726.6564232085193,6.315493304435706705e+03
726.730349586392,6.284526074503371092e+03
726.8042645953695,6.338263326444776794e+03
726.8781153887404,6.286347676264096663e+03
726.9520393221525,6.279061269221194379e+03
727.0258672943038,6.319136507957157846e+03
727.0997948515045,6.259023649853212191e+03
727.1736528398144,6.288169278024822233e+03
727.2475046789152,6.243540034887044385e+03
727.3214244199837,6.237164428724505342e+03
727.3952533686669,6.271774862178291187e+03
727.4691766890326,6.256291247212124290e+03
727.5430356383624,6.247183238408495527e+03
727.6168831154938,6.207107999672532060e+03
727.6907985389481,6.216216008476159914e+03
727.7646495352022,6.200732393509993017e+03
727.838494332822,6.203464796151080918e+03
727.9123488191613,6.166121960056206262e+03
727.986271291593,6.187981181184913112e+03
728.0601080662049,6.161567955654391881e+03
728.1339810274446,6.180694774142010829e+03
728.2078212555151,6.138797933645321791e+03
728.2817295008361,6.136976331884596220e+03
728.3555996998778,6.122403517798790745e+03
728.429453049297,6.117849513396977272e+03
728.5033054557948,6.143351938047136173e+03
728.577140989502,6.132422327482781839e+03
728.6509914915385,6.104187500191535037e+03
728.7248569664563,6.086882283464641660e+03
728.7987108614303,6.093257889627181612e+03
728.872558477417,6.052271850010854905e+03
728.9464688832253,6.081417478182464947e+03
729.0203145595359,6.073220270259199424e+03
729.0941805149681,6.047717845609040523e+03
729.1680295392798,6.054093451771580476e+03
729.2418722535059,6.024037022719608103e+03
729.3156767351837,6.028591027121421575e+03
729.3895227579071,6.022215420958882532e+03
729.4633837365335,6.013107412155254679e+03
729.5372330643772,6.039520637685775910e+03
729.6110920231105,5.979407779581830255e+03
729.6849499652391,5.963924164615662448e+03
729.7587909091665,5.981229381342555826e+03
729.832646799371,5.973942974299653542e+03
729.9064377258716,5.954816155812034594e+03
729.9802755476569,5.976675376940742353e+03
730.0541496290818,5.893792496827726609e+03
730.1279906863275,5.955726956692397835e+03
730.2018413503896,5.943886545247681170e+03
730.2756322932343,5.878308881861558802e+03
730.3494914925877,5.928402930281513363e+03
730.4233389576001,5.855538859852488713e+03
730.497121314011,5.864646868656116567e+03
730.5709933006522,5.843698448407772048e+03
730.6448321837362,5.834590439604144194e+03
730.7186379386568,5.850074054570312001e+03
730.7924799682986,5.830036435202329812e+03
730.8662835069548,5.815463621116525246e+03
730.940128667791,5.804534010552171821e+03
731.0139673771906,5.777209984141287350e+03
731.0877622124666,5.788139594705640775e+03
731.1616307539186,5.758083165653668402e+03
731.2354072830598,5.720740329558792837e+03
731.3092735761231,5.762637170055481874e+03
731.3830531589755,5.758083165653668402e+03
731.4569011330443,5.688862298746094893e+03
731.5307105078027,5.725294333960607219e+03
731.6044812553652,5.676111086421015898e+03
731.6783471861277,5.682486692583554941e+03
731.7521477148499,5.682486692583554941e+03
731.8259899112759,5.665181475856661564e+03
731.899766660658,5.656073467053033710e+03
731.9735636445379,5.605068617752716818e+03
732.0473701527895,5.629660241522512479e+03
732.1212183467612,5.648787060010131427e+03
732.195006386356,5.609622622154530291e+03
732.2688093011474,5.596871409829451295e+03
732.3426485486638,5.592317405427636913e+03
732.4164544099781,5.548598963170222305e+03
732.4902214949792,5.564082578136390111e+03
732.5640302732379,5.565904179897115682e+03
732.6378270896475,5.525828941161152215e+03
732.7116656191168,5.553152967572036687e+03
732.7854653361854,5.499415715630630984e+03
732.8592530670325,5.517631733237886692e+03
732.9330341718326,5.521274936759338743e+03
733.0068247610646,5.468448485698295372e+03
733.0806302100424,5.499415715630630984e+03
733.1544290226378,5.470270087459020942e+03
733.2282104378809,5.471180888339384182e+03
733.3020120820065,5.461162078655393088e+03
733.3758016923423,5.449321667210676424e+03
733.4495738776542,5.438392056646322999e+03
733.5233662868974,5.383744003824554056e+03
733.5971735461529,5.418354437278340811e+03
733.6709687462483,5.411978831115801768e+03
733.7447518754218,5.397406017029996292e+03
733.818549846392,5.369171189738749490e+03
733.8923357337387,5.370081990619112730e+03
733.9660610421337,5.345490366849316160e+03
734.039849657903,5.377368397662015013e+03
734.113653111708,5.322720344840246071e+03
734.1874498467755,5.311790734275892646e+03
734.2612290717857,5.320898743079520500e+03
734.3349476318791,5.282645106104282604e+03
734.4087618993168,5.308147530754441505e+03
734.4825316665394,5.272626296420291510e+03
734.5563216510071,5.272626296420291510e+03
734.6300724954872,5.266250690257752467e+03
734.7038651403906,5.220710646239612288e+03
734.7776456166251,5.228907854162876902e+03
734.8513869120628,5.254410278813035802e+03
734.9251700158896,5.191565018068002246e+03
734.99889230638,5.210691836555621194e+03
735.0727050353661,5.213424239196709095e+03
735.1464785471829,5.174259801341108869e+03
735.220218219237,5.177903004862560010e+03
735.2939943121419,5.156954584614215491e+03
735.367736543824,5.173349000460745629e+03
735.4415206118363,5.153311381092764350e+03
735.5152599796714,5.160597788135666633e+03
735.5890466014831,5.117790146758614355e+03
735.662766849309,5.129630558203331020e+03
735.7365830712438,5.131452159964056591e+03
735.8103058246913,5.107771337074624171e+03
735.8840433540496,5.110503739715712072e+03
735.957822745456,5.116879345878252025e+03
736.0315681756952,5.087733717706641983e+03
736.1052958754302,5.095930925629907506e+03
736.1790654451154,5.075893306261925318e+03
736.252801015933,5.051301682492129657e+03
736.326545937147,5.093198522988818695e+03
736.4003381699183,5.046747678090315276e+03
736.4740584115469,5.059498890415395181e+03
736.5477988397872,5.045836877209952945e+03
736.6215269056551,5.018512850799068474e+03
736.6952425972906,5.018512850799068474e+03
736.7690544685436,4.985724019106007290e+03
736.8427725447069,5.025799257841970757e+03
736.9165053742005,4.999386032311449526e+03
736.9902258037228,4.976616010302379436e+03
737.0639609845649,4.959310793575486059e+03
737.137689186275,4.983902417345281719e+03
737.2114267046566,4.938362373327141540e+03
737.2851517972983,4.965686399738026012e+03
737.358897074205,4.942005576848592682e+03
737.4326244765816,4.952024386532583776e+03
737.5063448675909,4.934719169805690399e+03
737.5800799995792,4.933808368925327159e+03
737.6538026703106,4.923789559241336974e+03
737.7275346375662,4.899197935471541314e+03
737.8012595719805,4.880981917864284696e+03
737.8749992432967,4.875517112582107984e+03
737.9487264275168,4.874606311701744744e+03
738.022468346593,4.867319904658842461e+03
738.0961977656417,4.908305944275169168e+03
738.169865632222,4.856390294094489036e+03
738.2435972558687,4.871873909060656842e+03
738.3173218057595,4.837263475606870088e+03
738.3910556298822,4.856390294094489036e+03
738.4647823694751,4.844549882649772371e+03
738.5384638351453,4.823601462401427852e+03
738.612192738524,4.804474643913808904e+03
738.685909081362,4.799920639511994523e+03
738.7595855634423,4.796277435990543381e+03
738.8332985789483,4.760756201656394296e+03
738.9070317658445,4.758934599895668725e+03
738.9807032179243,4.787169427186915527e+03
739.0544385201678,4.743450984929500919e+03
739.1281065918952,4.754380595493854344e+03
739.2018439933116,4.728878170843695443e+03
739.2755687822585,4.696089339150635169e+03
739.3492317494262,4.698821741791723070e+03
739.4229859424029,4.698821741791723070e+03
739.4966509491076,4.697000140030997500e+03
739.5703798618135,4.677873321543378552e+03
739.6440468874771,4.677873321543378552e+03
739.7177778366447,4.683338126825555264e+03
739.791446866122,4.636887281927052754e+03
739.8651032005454,4.643262888089591797e+03
739.9388289543585,4.632333277525238373e+03
740.0125146409633,4.616849662559070566e+03
740.086187618405,4.625046870482336089e+03
740.1599026583724,4.589525636148186095e+03
740.2335830692062,4.584060830866009383e+03
740.3072452674804,4.572220419421292718e+03
740.3809769441689,4.565844813258753675e+03
740.4546465508478,4.572220419421292718e+03
740.5283253357537,4.538520786847869203e+03
740.6019968452496,4.517572366599524685e+03
740.6757323886792,4.528501977163878109e+03
740.7493783611862,4.501177950752993638e+03
740.8230664214437,4.511196760436984732e+03
740.8967416974003,4.463835114658118982e+03
740.9704041770528,4.464745915538481313e+03
741.0440813057113,4.466567517299207793e+03
741.1177456249695,4.428313880323969897e+03
741.1914740338814,4.421938274161429945e+03
741.265145682029,4.407365460075624469e+03
741.3387990020083,4.405543858314898898e+03
741.4124669600711,4.423759875922155516e+03
741.4861550585991,4.360914615177121959e+03
741.5598248114671,4.388238641588005521e+03
741.6334872037764,4.372755026621838624e+03
741.7070817125386,4.328125783484060776e+03
741.7807678621677,4.358182212536033148e+03
741.8544191228816,4.300801757073176304e+03
741.9281125335501,4.324482579962609634e+03
742.0017600242695,4.308088164116078588e+03
742.0754276444354,4.295336951790999592e+03
742.1491098938311,4.317196172919707351e+03
742.2227792320809,4.302623358833901875e+03
742.2963860567804,4.278942535944469455e+03
742.3700570824167,4.244332102490682701e+03
742.4437151716932,4.237045695447779508e+03
742.5173878791576,4.268012925380115121e+03
742.5909980073593,4.208810868156532706e+03
742.6646723713906,4.214275673438709418e+03
742.7383392893086,4.217918876960160560e+03
742.8119656461523,4.197881257592179281e+03
742.8856286765096,4.175111235583109192e+03
742.9592842387771,4.188773248788551427e+03
743.0328991982909,4.177843638224197093e+03
743.1065563576633,4.179665239984922664e+03
743.1801728901319,4.148698010052587961e+03
743.2538592524501,4.144144005650773579e+03
743.3274497210764,4.128660390684605773e+03
743.4011100282263,4.125927988043516962e+03
743.4747296601421,4.125017187163154631e+03
743.5483970465806,4.128660390684605773e+03
743.6220182060574,4.115909178359526777e+03
743.6956816000841,4.080387944025377237e+03
743.7692821427946,4.075833939623562856e+03
743.8429470520473,4.053063917614492766e+03
743.916576747615,4.087674351068279520e+03
743.990165669035,4.067636731700297787e+03
744.0638466591978,4.050331514973404410e+03
744.1374370340701,4.068547532580660572e+03
744.2110696595498,4.040312705289413316e+03
744.284716858413,4.000237466553449849e+03
744.3583232280512,4.028472293844697106e+03
744.4319496995879,3.997505063912361493e+03
744.5055574804348,3.982021448946193686e+03
744.5791520991629,3.988397055108733639e+03
744.6528444452033,3.971091838381840262e+03
744.7264460022811,3.998415864792724278e+03
744.8000565630955,3.995683462151635922e+03
744.8736594835683,3.960162227817486382e+03
744.9472714032472,3.974735041903291403e+03
745.0208756714717,3.947411015492407387e+03
745.094494486024,3.961073028697849168e+03
745.168100087441,3.948321816372770172e+03
745.2416924635781,3.927373396124425199e+03
745.3152993770332,3.939213807569141863e+03
745.3889152760675,3.928284197004787984e+03
745.4625290474098,3.900960170593903968e+03
745.5361240107667,3.884565754747373376e+03
745.609733506721,3.920086989081522916e+03
745.6833575395775,3.889119759149187303e+03
745.7569683059694,3.887298157388461732e+03
745.8305713563644,3.908246577636806251e+03
745.9041833730809,3.872725343302657166e+03
745.9777876626403,3.870903741541931140e+03
746.0514009139459,3.861795732738303286e+03
746.1249507566789,3.869992940661568355e+03
746.1985429433485,3.851776923054312192e+03
746.2721496486159,3.864528135379391642e+03
746.3457708767787,3.853598524815038218e+03
746.4193230608547,3.836293308088144840e+03
746.4929176060401,3.847222918652498265e+03
746.5665266650274,3.859063330097214930e+03
746.640066621393,3.849955321293586621e+03
746.7136768253059,3.842668914250684338e+03
746.7873015449047,3.816255688720163107e+03
746.8608348022583,3.813523286079074296e+03
746.934460649653,3.838114909848870411e+03
747.0080507927156,3.785288458787827494e+03
747.0815940434294,3.833560905447056030e+03
747.1552131827909,3.804415277275446442e+03
747.2287630801482,3.776180449984199186e+03
747.3023777208953,3.808058480796897584e+03
747.3759007391845,3.782556056146739138e+03
747.4495220280663,3.774358848223473615e+03
747.5230740040879,3.767983242060934117e+03
747.5966125121065,3.788931662309278636e+03
747.6702213915038,3.757053631496580238e+03
747.7437608993716,3.757053631496580238e+03
747.8173763904779,3.756142830616217452e+03
747.8909168833824,3.744302419171501242e+03
747.9644718416794,3.725175600683882294e+03
748.0380188872018,3.734283609487510148e+03
748.111630768237,3.719710795401705127e+03
748.1851787691317,3.709691985717714488e+03
748.2587356337701,3.706959583076626132e+03
748.3322845630789,3.691475968110458325e+03
748.405875958131,3.681457158426467231e+03
748.4794258064913,3.674170751383564948e+03
748.5529901125466,3.655043932895946000e+03
748.626540858474,3.675081552263927733e+03
748.7000780320159,3.661419539058485498e+03
748.7736296540094,3.670527547862113806e+03
748.8471676901079,3.649579127613769288e+03
748.920776260387,3.635917114408327052e+03
748.994315154041,3.658687136417397141e+03
749.0678741021718,3.641381919690503764e+03
749.1414138274398,3.613147092399256962e+03
749.2149736068789,3.624987503843973172e+03
749.2885141477188,3.607682287117079795e+03
749.362046665244,3.621344300322522031e+03
749.4355374512597,3.615879495040345319e+03
749.5090988297237,3.560320641338214045e+03
749.5826465568359,3.592198672150912444e+03
749.656175000463,3.562142243098939616e+03
749.7297234916311,3.557588238697125689e+03
749.803286415846,3.548480229893497381e+03
749.8768356615918,3.560320641338214045e+03
749.9503205982728,3.540283021970232312e+03
750.0238705670453,3.533907415807692814e+03
750.0974068314757,3.532085814046966789e+03
750.170963144645,3.500207783234268845e+03
750.2444438267519,3.503850986755719987e+03
750.318000832892,3.518423800841525008e+03
750.3915384788514,3.473794557703747159e+03
750.4650398530696,3.480170163866287112e+03
750.5385837931271,3.474705358584109945e+03
750.6121083437756,3.466508150660844876e+03
750.6855965835151,3.471062155062658803e+03
750.7591555782365,3.451024535694677070e+03
750.8326444278694,3.454667739216128211e+03
750.9061758589805,3.437362522489234834e+03
750.9796652967866,3.437362522489234834e+03
751.053225528571,3.439184124249960860e+03
751.1267211857668,3.428254513685606980e+03
751.2002538005404,3.410038496078350818e+03
751.2737443726544,3.375428062624564063e+03
751.347283196831,3.384536071428192372e+03
751.4207743095347,3.404573690796174105e+03
751.4942572105898,3.370874058222750136e+03
751.567805321994,3.393644080231820226e+03
751.641288735935,3.349014837094042832e+03
751.7147865207419,3.377249664385289634e+03
751.7883269399143,3.340817629170777309e+03
751.8618252198199,3.340817629170777309e+03
751.9353096018531,3.308939598358079365e+03
752.0087800736492,3.310761200118804936e+03
752.082349748397,3.341728430051140094e+03
752.1558206716313,3.288901978990097632e+03
752.2293059510168,3.304385593956264984e+03
752.3028112503567,3.313493602759893292e+03
752.3762686487676,3.275239965784655396e+03
752.4497687028702,3.287991178109734847e+03
752.5232604672466,3.286169576349008821e+03
752.5967892449822,3.285258775468646036e+03
752.6702814069297,3.264310355220301517e+03
752.74378792351,3.251559142895222521e+03
752.8172521255437,3.239718731450505857e+03
752.890753342267,3.228789120886151977e+03
752.9642462347487,3.248826740254133711e+03
753.0377251232514,3.216037908561072982e+03
753.111218354199,3.218770311202161338e+03
753.1846408387155,3.219681112082524123e+03
753.2581116847355,3.201465094475267961e+03
753.331591190779,3.172319466303657919e+03
753.4050850339123,3.187803081269825725e+03
753.4785648318334,3.165943860141118421e+03
753.552064642568,3.188713882150188510e+03
753.6254879218887,3.162300656619667279e+03
753.698987997613,3.161389855739304494e+03
753.7724683210844,3.161389855739304494e+03
753.845940242228,3.173230267184020704e+03
753.9193696482735,3.164122258380392850e+03
753.9928702112186,3.153192647816038971e+03
754.0663566760842,3.140441435490959975e+03
754.1397721577508,3.148638643414225044e+03
754.2132588199502,3.156835851337490567e+03
754.286731357841,3.135887431089145593e+03
754.3601613060175,3.133155028448057237e+03
754.433662469434,3.126779422285517740e+03
754.5070697940439,3.105831002037173221e+03
754.580571120139,3.111295807319349933e+03
754.6540013426822,3.112206608199712718e+03
754.7274800348059,3.099455395874633723e+03
754.8009103674891,3.110385006438987148e+03
754.8743891803196,3.095812192353182127e+03
754.9478196065738,3.096722993233544912e+03
755.0212985235391,3.078506975626288749e+03
755.0947347284628,3.070309767703023681e+03
755.1681567061893,3.058469356258307016e+03
755.2416500027333,3.062112559779758612e+03
755.3150720303312,3.037520936009962497e+03
755.3884798044081,3.050272148335041948e+03
755.4619874570354,3.046628944813590806e+03
755.535395250506,3.012018511359804052e+03
755.6088173113466,3.011107710479441266e+03
755.6822593542736,3.018394117522343549e+03
755.7557385217809,3.000178099915087387e+03
755.8291520013627,3.006553706077627339e+03
755.9025740310907,2.991980891991822318e+03
755.9760160417866,3.025680524565246287e+03
756.0494380281855,3.016572515761617979e+03
756.122851408895,3.022037321043794691e+03
756.196279048058,3.036610135129599712e+03
756.2697209498288,3.021126520163431906e+03
756.3431485156143,2.993802493752547889e+03
756.4166132278519,2.996534896393636245e+03
756.490046430767,2.996534896393636245e+03
756.563402310791,2.988337688470371177e+03
756.6368296685728,2.986516086709645606e+03
756.710271280547,2.970121670863115014e+03
756.7836985147853,2.973764874384566156e+03
756.8571170870929,2.963746064700575062e+03
756.9305441765948,2.980140480547105653e+03
757.0039625924522,2.962835263820212276e+03
757.0773895204559,2.943708445332593328e+03
757.1508077630942,2.951905653255858851e+03
757.2241829078598,2.947351648854044470e+03
757.2975952154935,2.921849224203886024e+03
757.3710274951507,2.922760025084248809e+03
757.4444453309834,2.934600436528965474e+03
757.5178200187852,2.924581626844974380e+03
757.5912376210018,2.899990003075178720e+03
757.664669455667,2.898168401314453149e+03
757.7380294018718,2.893614396912639222e+03
757.8114609832415,2.910008812759169359e+03
757.884883822762,2.910008812759169359e+03
757.9582576961611,2.879952383707196987e+03
758.0316745087733,2.900900803955541505e+03
758.1050538201592,2.870844374903568678e+03
758.1784703328954,2.885417188989373699e+03
758.2518205742088,2.861736366099940824e+03
758.3252712680576,2.869022773142843107e+03
758.3986211596865,2.887238790750099270e+03
758.4720370175761,2.854449959057038086e+03
758.545415305501,2.842609547612321876e+03
758.6187790176235,2.850806755535586944e+03
758.692185702744,2.830769136167605211e+03
758.7655490229096,2.841698746731959091e+03
758.8389841161411,2.836233941449782378e+03
758.9123470329839,2.821661127363977357e+03
758.985729896929,2.832590737928330782e+03
759.0590923834825,2.800712707115632838e+03
759.1324978677417,2.803445109756721195e+03
759.2058656754364,2.795247901833455671e+03
759.2792419009955,2.804355910637083980e+03
759.3526092466964,2.787050693910190603e+03
759.4259619360007,2.804355910637083980e+03
759.4993807137987,2.777031884226199509e+03
759.5727617631621,2.782496689508376676e+03
759.6461281405926,2.763369871020757728e+03
759.7194798334775,2.776121083345836723e+03
759.79284569346,2.773388680704748367e+03
759.8662199506782,2.743332251652775994e+03
759.9395910557283,2.746975455174227136e+03
760.0129416740881,2.746064654293864351e+03
760.0863064536592,2.739689048131324398e+03
760.1596565064068,2.739689048131324398e+03
760.2330264969562,2.739689048131324398e+03
760.3064048714377,2.726937835806245403e+03
760.3797685035091,2.716008225241891523e+03
760.4531231634235,2.702346212036449288e+03
760.5264341378603,2.710543419959714811e+03
760.5997823891312,2.697792207634635361e+03
760.6731505760081,2.679576190027379198e+03
760.7465329185825,2.688684198831007507e+03
760.8198946901349,2.679576190027379198e+03
760.893195347572,2.665914176821936962e+03
760.9665564561759,2.689594999711370292e+03
761.039908545017,2.649519760975406825e+03
761.1132805694576,2.680486990907741983e+03
761.186574038077,2.651341362736132396e+03
761.2599395757078,2.662270973300485821e+03
761.3332612942629,2.652252163616495181e+03
761.4066319227295,2.650430561855769611e+03
761.4799819030882,2.635857747769964590e+03
761.5532938204132,2.627660539846699066e+03
761.6266430583955,2.627660539846699066e+03
761.6999542102297,2.602158115196540621e+03
761.7733026886444,2.632214544248513448e+03
761.8466130577877,2.620374132803796783e+03
761.9199955907541,2.606712119598354548e+03
761.9932761350078,2.608533721359080118e+03
762.0665998139598,2.592139305512549981e+03
762.1399666484456,2.611266124000168929e+03
762.2132604654904,2.577566491426744960e+03
762.2866264890819,2.583031296708921673e+03
762.3599194586624,2.575744889666019390e+03
762.4332265236651,2.557528872058763227e+03
762.5065244315081,2.573012487024931033e+03
762.5798887714861,2.545688460614046562e+03
762.653209066283,2.568458482623116652e+03
762.726491103933,2.536580451810418708e+03
762.7998163192037,2.548420863255134918e+03
762.8731789131846,2.525650841246064829e+03
762.9464741276457,2.512899628920985378e+03
763.0197834275534,2.521096836844250902e+03
763.0930777014148,2.496505213074454787e+03
763.1663802334256,2.512899628920985378e+03
763.2396735482423,2.499237615715543598e+03
763.312980942364,2.507434823638808666e+03
763.3863024198473,2.485575602510101362e+03
763.4595855263992,2.506524022758445881e+03
763.5329060235777,2.482843199869013006e+03
763.6062114503713,2.491040407792278074e+03
763.6795017940418,2.492862009553003645e+03
763.7528120409493,2.477378394586835839e+03
763.8261013583818,2.469181186663570770e+03
763.8994105781957,2.481021598108287435e+03
763.9727280347157,2.469181186663570770e+03
764.0459486507003,2.460073177859942916e+03
764.1192708849686,2.447321965534863466e+03
764.1925721540134,2.440035558491961183e+03
764.265864123763,2.421819540884705020e+03
764.339170153393,2.419997939123978995e+03
764.4124025979912,2.427284346166881733e+03
764.4857075207827,2.411800731200713926e+03
764.5590265043799,2.407246726798899999e+03
764.6322718534416,2.411800731200713926e+03
764.7055663242454,2.403603523277448858e+03
764.7788689989354,2.393584713593457764e+03
764.8520979783581,2.399049518875634476e+03
764.9254053449329,2.398138717995271691e+03
764.9986623906358,2.369903890704024889e+03
765.0719685894694,2.377190297746927172e+03
765.1451951672625,2.379011899507652743e+03
765.2185001752471,2.384476704789829910e+03
765.2917606634498,2.356241877498582653e+03
765.3650586119669,2.368993089823662103e+03
765.438288577042,2.367171488062936533e+03
765.5115911575078,2.357152678378945438e+03
765.5848491670143,2.336204258130600920e+03
765.6580918875516,2.357152678378945438e+03
765.7313779407682,2.359885081020033795e+03
765.8046193790093,2.332561054609149778e+03
765.8778806952203,2.342579864293140417e+03
765.9511794972256,2.333471855489512564e+03
766.0244043117671,2.339847461652052061e+03
766.0976489972652,2.322542244925158684e+03
766.1709018207467,2.343490665173503203e+03
766.2441451689594,2.325274647566247040e+03
766.31745537396,2.315255837882256401e+03
766.3906973785047,2.321631444044795899e+03
766.4639240114803,2.331650253728786993e+03
766.5371587632285,2.317988240523344757e+03
766.610413388223,2.312523435241168045e+03
766.6836526256157,2.316166638762619186e+03
766.7569058583788,2.319809842284070328e+03
766.8301436890999,2.309791032600079689e+03
766.9033661049401,2.307969430839353663e+03
766.9766319183701,2.290664214112460741e+03
767.049858779082,2.309791032600079689e+03
767.1230937389751,2.285199408830283573e+03
767.196342684586,2.294307417633911882e+03
767.2695820718163,2.281556205308832432e+03
767.3427706741372,2.287021010591009144e+03
767.4160085761127,2.280645404428469647e+03
767.4892545691928,2.282467006189195217e+03
767.5624909794419,2.280645404428469647e+03
767.6357413679548,2.262429386821213484e+03
767.7089173321764,2.239659364812143394e+03
767.7821603029794,2.265161789462301840e+03
767.8553936664732,2.254232178897948415e+03
767.928641001735,2.243302568333594536e+03
768.001843330076,2.255142979778311201e+03
768.0750596156819,2.246945771855045678e+03
768.1482662604737,2.240570165692506180e+03
768.2215104680862,2.225086550726338373e+03
768.2947391311019,2.244213369213957321e+03
768.3679227171707,2.242391767453231751e+03
768.441155676817,2.228729754247789515e+03
768.5143376298478,2.216889342803073305e+03
768.5875985030231,2.225086550726338373e+03
768.6607551772538,2.210513736640533352e+03
768.7340085126597,2.206870533119082211e+03
768.8071930624363,2.193208519913639975e+03
768.8803619892306,2.209602935760170567e+03
768.9535980606818,2.215067741042347734e+03
769.0267948587721,2.189565316392188834e+03
769.0999760176759,2.183189710229649336e+03
769.1732302685929,2.188654515511826048e+03
769.2464097142773,2.188654515511826048e+03
769.3195794118245,2.184100511110012121e+03
769.3928163071785,2.168616896143844315e+03
769.4660079399233,2.176814104067109838e+03
769.5391838897698,2.151311679416950938e+03
769.6123796819868,2.182278909349286550e+03
769.6855538548153,2.169527697024207100e+03
769.7587182425186,2.170438497904569886e+03
769.8319202468393,2.158598086459853675e+03
769.9051421026546,2.171349298784932671e+03
769.97834824532,2.149490077656225367e+03
770.0515030831361,2.162241289981304817e+03
770.1247074085248,2.153133281177676508e+03
770.1978663329771,2.146757675015137011e+03
770.2710688242653,2.151311679416950938e+03
770.3442258887268,2.136738865331145917e+03
770.4173671736539,2.139471267972234727e+03
770.4905282854356,2.142203670613323084e+03
770.5637270444658,2.151311679416950938e+03
770.6369100189285,2.134006462690057560e+03
770.7100771958651,2.122166051245341350e+03
770.7832642087253,2.107593237159536329e+03
770.856459180459,2.130363259168606419e+03
770.9295551317979,2.103950033638085188e+03
771.0027481693259,2.110325639800624685e+03
771.0759313239301,2.094842024834456879e+03
771.1490926926053,2.103039232757722402e+03
771.2222144154819,2.089377219552280167e+03
771.2954094963922,2.103950033638085188e+03
771.368588721728,2.088466418671917381e+03
771.4417223223901,2.088466418671917381e+03
771.5148995537488,2.072072002825386789e+03
771.5880013670636,2.065696396662847292e+03
771.6612063537742,2.069339600184298433e+03
771.734306117772,2.043837175534139760e+03
771.8074852581613,2.039283171132325606e+03
771.8806127402132,2.052034383457405056e+03
771.953783876625,2.034729166730511679e+03
772.0269152446992,2.015602348242892731e+03
772.1000843158894,2.031085963209060537e+03
772.1732135949969,2.030175162328697525e+03
772.2463209463975,2.028353560567971954e+03
772.3195077548475,2.010137542960715791e+03
