X,Y
534.0051269287335,2.249000000000000000e+03
534.0808105837979,2.268000000000000000e+03
534.1564941245075,2.299000000000000000e+03
534.2322387608131,2.281000000000000000e+03
534.3079223194351,2.288000000000000000e+03
534.3836059646314,2.275000000000000000e+03
534.459289487409,2.301000000000000000e+03
534.534973107135,2.292000000000000000e+03
534.6106567862021,2.289000000000000000e+03
534.6863402868432,2.304000000000000000e+03
534.7620238571769,2.316000000000000000e+03
534.8377074881613,2.304000000000000000e+03
534.9134522313972,2.330000000000000000e+03
534.9891358020897,2.339000000000000000e+03
535.0648193202943,2.352000000000000000e+03
535.140502776876,2.355000000000000000e+03
535.2161864491509,2.388000000000000000e+03
535.2918700416792,2.384000000000000000e+03
535.367553831929,2.373000000000000000e+03
535.4432372375885,2.390000000000000000e+03
535.5189208228152,2.418000000000000000e+03
535.594604578686,2.417000000000000000e+03
535.6702882093306,2.422000000000000000e+03
535.745971418549,2.436000000000000000e+03
535.8216553453357,2.430000000000000000e+03
535.8973391196765,2.457000000000000000e+03
535.9730227323798,2.455000000000000000e+03
536.0487061742487,2.436000000000000000e+03
536.1243894360814,2.462000000000000000e+03
536.2000730836918,2.464000000000000000e+03
536.275756820763,2.463000000000000000e+03
536.3514406383212,2.471000000000000000e+03
536.4271239518794,2.500000000000000000e+03
536.5028079033076,2.499000000000000000e+03
536.5784913324379,2.502000000000000000e+03
536.6541748057845,2.512000000000000000e+03
536.7298583143477,2.510000000000000000e+03
536.8055421372837,2.506000000000000000e+03
536.8812254011024,2.522000000000000000e+03
536.9569092495924,2.528000000000000000e+03
537.0325928090099,2.554000000000000000e+03
537.1082763585715,2.560000000000000000e+03
537.1839598892475,2.570000000000000000e+03
537.2596436806508,2.544000000000000000e+03
537.3353268577979,2.573000000000000000e+03
537.411010566398,2.593000000000000000e+03
537.4866335528031,2.597000000000000000e+03
537.5623168365025,2.591000000000000000e+03
537.6380003360828,2.598000000000000000e+03
537.7136843318589,2.603000000000000000e+03
537.7893676583791,2.624000000000000000e+03
537.8650511739759,2.634000000000000000e+03
537.940734869813,2.606000000000000000e+03
538.0164184475874,2.632000000000000000e+03
538.0920408046188,2.636000000000000000e+03
538.1677246810524,2.656000000000000000e+03
538.2434084124591,2.643000000000000000e+03
538.3190919897331,2.658000000000000000e+03
538.3947756936324,2.656000000000000000e+03
538.4704589353845,2.678000000000000000e+03
538.5461425757196,2.662000000000000000e+03
538.6217653920648,2.689000000000000000e+03
538.6974486256656,2.693000000000000000e+03
538.7731322312683,2.703000000000000000e+03
538.8488156195046,2.724000000000000000e+03
538.9244993621073,2.715000000000000000e+03
539.0001221504488,2.723000000000000000e+03
539.0758056867688,2.751000000000000000e+03
539.1514895509623,2.721000000000000000e+03
539.2271725712882,2.751000000000000000e+03
539.3027954051873,2.748000000000000000e+03
539.378479310497,2.759000000000000000e+03
539.4541629264281,2.767000000000000000e+03
539.5298462437939,2.792000000000000000e+03
539.6054689803647,2.782000000000000000e+03
539.6811522386217,2.779000000000000000e+03
539.7568363363963,2.792000000000000000e+03
539.832519225528,2.803000000000000000e+03
539.9081423044014,2.811000000000000000e+03
539.9838259373797,2.827000000000000000e+03
540.0595095003099,2.823000000000000000e+03
540.1351320092971,2.834000000000000000e+03
540.2108150962631,2.838000000000000000e+03
540.2864989617823,2.854000000000000000e+03
540.362121111465,2.861000000000000000e+03
540.4378056155781,2.851000000000000000e+03
540.5134888278695,2.873000000000000000e+03
540.5891111220752,2.883000000000000000e+03
540.6647949195459,2.888000000000000000e+03
540.7404782741969,2.895000000000000000e+03
540.8161009254455,2.888000000000000000e+03
540.8917848125893,2.907000000000000000e+03
540.9674685225426,2.895000000000000000e+03
541.0430911589102,2.932000000000000000e+03
541.1187741775063,2.930000000000000000e+03
541.194457870279,2.937000000000000000e+03
541.2700807045082,2.942000000000000000e+03
541.3457636520761,2.952000000000000000e+03
541.4213865683067,2.952000000000000000e+03
541.497070200242,2.980000000000000000e+03
541.5727541699249,2.967000000000000000e+03
541.648376858336,2.997000000000000000e+03
541.7240599931954,2.977000000000000000e+03
541.7996829685276,3.010000000000000000e+03
541.8753664065381,3.014000000000000000e+03
541.950988459017,3.035000000000000000e+03
542.0266721649095,3.018000000000000000e+03
542.1022953150494,3.050000000000000000e+03
542.1779780782617,3.064000000000000000e+03
542.2536014098382,3.076000000000000000e+03
542.329284076073,3.096000000000000000e+03
542.4049075539548,3.093000000000000000e+03
542.4805912648831,3.099000000000000000e+03
542.5562136767595,3.107000000000000000e+03
542.631897220388,3.113000000000000000e+03
542.7075197075332,3.152000000000000000e+03
542.7832033429272,3.115000000000000000e+03
542.8588255754784,3.133000000000000000e+03
542.9345092673785,3.157000000000000000e+03
543.0101320942985,3.166000000000000000e+03
543.0858158076525,3.190000000000000000e+03
543.1614377193954,3.189000000000000000e+03
543.2371220089141,3.182000000000000000e+03
543.3127444450705,3.173000000000000000e+03
543.3884278000902,3.205000000000000000e+03
543.4640501352047,3.195000000000000000e+03
543.5396728412053,3.250000000000000000e+03
543.6153561952086,3.211000000000000000e+03
543.6909787475163,3.217000000000000000e+03
543.7666625552929,3.234000000000000000e+03
543.8422846228852,3.246000000000000000e+03
543.917907905318,3.249000000000000000e+03
543.9935909887698,3.245000000000000000e+03
544.0692140297832,3.249000000000000000e+03
544.1448361882029,3.265000000000000000e+03
544.220519947648,3.281000000000000000e+03
544.2961426997966,3.277000000000000000e+03
544.3718261809979,3.296000000000000000e+03
544.4474486032625,3.279000000000000000e+03
544.5230709870222,3.315000000000000000e+03
544.5987550137446,3.325000000000000000e+03
544.6743770145879,3.328000000000000000e+03
544.7500001373947,3.326000000000000000e+03
544.8256222965063,3.340000000000000000e+03
544.9013064288619,3.354000000000000000e+03
544.976929025401,3.368000000000000000e+03
545.0525518192319,3.384000000000000000e+03
545.1282345318966,3.390000000000000000e+03
545.2038574139079,3.406000000000000000e+03
545.27947957532,3.404000000000000000e+03
545.3551027912747,3.440000000000000000e+03
545.4307859578726,3.442000000000000000e+03
545.5064085974922,3.469000000000000000e+03
545.582031075963,3.458000000000000000e+03
545.6576539799133,3.456000000000000000e+03
545.7333374615957,3.470000000000000000e+03
545.8089603143547,3.482000000000000000e+03
545.8845823750287,3.519000000000000000e+03
545.9602051246089,3.514000000000000000e+03
546.0358279586479,3.541000000000000000e+03
546.1115111125337,3.537000000000000000e+03
546.1871341062584,3.546000000000000000e+03
546.2627559649052,3.562000000000000000e+03
546.3383790667153,3.543000000000000000e+03
546.4140010154777,3.580000000000000000e+03
546.4896238920949,3.584000000000000000e+03
546.5653080328324,3.611000000000000000e+03
546.6409297699242,3.592000000000000000e+03
546.7165527083374,3.601000000000000000e+03
546.7921753454747,3.601000000000000000e+03
546.8677979714669,3.612000000000000000e+03
546.9434205776232,3.619000000000000000e+03
547.0190431552487,3.653000000000000000e+03
547.0946647977053,3.644000000000000000e+03
547.1703492667542,3.669000000000000000e+03
547.2459723224066,3.654000000000000000e+03
547.3215944163495,3.662000000000000000e+03
547.3972173369806,3.693000000000000000e+03
547.4728389782355,3.681000000000000000e+03
547.5484617288662,3.694000000000000000e+03
547.6240849813485,3.718000000000000000e+03
547.6997072275658,3.708000000000000000e+03
547.7753302583766,3.704000000000000000e+03
547.8509522649341,3.716000000000000000e+03
547.9265750390812,3.722000000000000000e+03
548.0021964706609,3.751000000000000000e+03
548.0778207553666,3.741000000000000000e+03
548.1534418774738,3.761000000000000000e+03
548.2290652357153,3.789000000000000000e+03
548.3046878169241,3.790000000000000000e+03
548.3803093111,3.785000000000000000e+03
548.4559330175531,3.801000000000000000e+03
548.5315556197277,3.805000000000000000e+03
548.6071771080813,3.836000000000000000e+03
548.6828010856999,3.810000000000000000e+03
548.7584221255744,3.802000000000000000e+03
548.834045337373,3.843000000000000000e+03
548.9096673999533,3.845000000000000000e+03
548.9852904134418,3.841000000000000000e+03
549.0609137670749,3.846000000000000000e+03
549.1364750314843,3.847000000000000000e+03
549.2120978166789,3.856000000000000000e+03
549.2877191060418,3.881000000000000000e+03
549.3633428131332,3.889000000000000000e+03
549.4389653087501,3.890000000000000000e+03
549.5145865832915,3.897000000000000000e+03
549.590210251744,3.911000000000000000e+03
549.665832681899,3.924000000000000000e+03
549.7413946298766,3.937000000000000000e+03
549.8170160497809,3.935000000000000000e+03
549.8926398319383,3.966000000000000000e+03
549.9682623401311,3.957000000000000000e+03
550.0438835647246,3.980000000000000000e+03
550.1195068250248,3.987000000000000000e+03
550.1950679386268,3.997000000000000000e+03
550.2706906900269,4.001000000000000000e+03
550.3463136366366,4.018000000000000000e+03
550.421935255224,4.004000000000000000e+03
550.4975591726949,4.055000000000000000e+03
550.5731205123872,4.013000000000000000e+03
550.6487432287166,4.064000000000000000e+03
550.7243648844632,4.045000000000000000e+03
550.7999885039992,4.080000000000000000e+03
550.8755494425731,4.078000000000000000e+03
550.951172094361,4.098000000000000000e+03
551.0267951682852,4.104000000000000000e+03
551.1024165301448,4.096000000000000000e+03
551.1779790561093,4.107000000000000000e+03
551.2536012026161,4.136000000000000000e+03
551.3292237372492,4.135000000000000000e+03
551.4047855382855,4.150000000000000000e+03
551.4804066788231,4.192000000000000000e+03
551.5560303111364,4.183000000000000000e+03
551.6315910047903,4.191000000000000000e+03
551.7072150175466,4.180000000000000000e+03
551.7828375420726,4.207000000000000000e+03
551.8583991818102,4.216000000000000000e+03
551.9340205121266,4.214000000000000000e+03
552.0096436778041,4.218000000000000000e+03
552.0852040546326,4.242000000000000000e+03
552.1608281083562,4.231000000000000000e+03
552.2363887123648,4.266000000000000000e+03
552.3120111809802,4.261000000000000000e+03
552.3876339198484,4.265000000000000000e+03
552.4631955723437,4.267000000000000000e+03
552.5388185047575,4.274000000000000000e+03
552.614380300461,4.289000000000000000e+03
552.6900021708618,4.280000000000000000e+03
552.765564075718,4.295000000000000000e+03
552.8411860712373,4.312000000000000000e+03
552.9168082777293,4.336000000000000000e+03
552.9923707499584,4.308000000000000000e+03
553.0679933370403,4.316000000000000000e+03
553.1435543046211,4.362000000000000000e+03
553.2191769324178,4.337000000000000000e+03
553.2947381962192,4.354000000000000000e+03
553.3703611371725,4.331000000000000000e+03
553.4459223575054,4.357000000000000000e+03
553.521545578136,4.359000000000000000e+03
553.5971070276289,4.366000000000000000e+03
553.6727301879512,4.371000000000000000e+03
553.74829183306,4.383000000000000000e+03
553.823851714682,4.425000000000000000e+03
553.8994751723073,4.403000000000000000e+03
553.9750367322185,4.427000000000000000e+03
554.050658510177,4.440000000000000000e+03
554.1262201811371,4.426000000000000000e+03
554.2018439290302,4.464000000000000000e+03
554.2774053707294,4.439000000000000000e+03
554.3529671374815,4.471000000000000000e+03
554.4285888549837,4.467000000000000000e+03
554.5041506486573,4.485000000000000000e+03
554.579712127434,4.521000000000000000e+03
554.6553335805664,4.486000000000000000e+03
554.7308950353918,4.513000000000000000e+03
554.8065186350868,4.502000000000000000e+03
554.8820800328116,4.530000000000000000e+03
554.9576410728757,4.537000000000000000e+03
555.0332642831411,4.549000000000000000e+03
555.108825215094,4.552000000000000000e+03
555.1843863800646,4.578000000000000000e+03
555.2599490030949,4.616000000000000000e+03
555.3355716725129,4.584000000000000000e+03
555.4111322702728,4.608000000000000000e+03
555.486694610333,4.640000000000000000e+03
555.5623170204691,4.656000000000000000e+03
555.6378788265472,4.650000000000000000e+03
555.7134408077316,4.645000000000000000e+03
555.7890023379755,4.677000000000000000e+03
555.8646239696742,4.698000000000000000e+03
555.9401852063803,4.721000000000000000e+03
556.0157462753666,4.711000000000000000e+03
556.0913090235443,4.738000000000000000e+03
556.1668694227267,4.742000000000000000e+03
556.2424921284115,4.749000000000000000e+03
556.3180540060974,4.775000000000000000e+03
556.3936159838638,4.774000000000000000e+03
556.46917743411,4.781000000000000000e+03
556.544738657784,4.813000000000000000e+03
556.6202993365139,4.792000000000000000e+03
556.6959226832005,4.816000000000000000e+03
556.7714847427467,4.809000000000000000e+03
556.8470468524312,4.832000000000000000e+03
556.9226065226395,4.835000000000000000e+03
556.9981696377276,4.838000000000000000e+03
557.0737306061917,4.868000000000000000e+03
557.1492912804306,4.851000000000000000e+03
557.2248535148585,4.879000000000000000e+03
557.3004154389016,4.851000000000000000e+03
557.3759767333004,4.906000000000000000e+03
557.451598607399,4.894000000000000000e+03
557.5271614300829,4.918000000000000000e+03
557.6027217325554,4.917000000000000000e+03
557.6782835475029,4.929000000000000000e+03
557.7538450012918,4.940000000000000000e+03
557.8294060853028,4.934000000000000000e+03
557.9049686584602,4.971000000000000000e+03
557.9805305342576,4.935000000000000000e+03
558.0560904581027,4.954000000000000000e+03
558.1316534042687,4.974000000000000000e+03
558.2072143813721,4.978000000000000000e+03
558.2827764962979,4.953000000000000000e+03
558.3583381828406,5.001000000000000000e+03
558.4338994323449,4.992000000000000000e+03
558.5094602361507,4.974000000000000000e+03
558.5850224576968,4.998000000000000000e+03
558.6605230453073,5.005000000000000000e+03
558.7360843175928,5.004000000000000000e+03
558.8116447982349,5.037000000000000000e+03
558.8872066647817,5.028000000000000000e+03
558.9627683478695,5.046000000000000000e+03
559.0383292140123,5.018000000000000000e+03
559.1138914425185,5.060000000000000000e+03
559.1894531500513,5.054000000000000000e+03
559.2650140151281,5.043000000000000000e+03
559.3405155236203,5.085000000000000000e+03
559.4160774775995,5.095000000000000000e+03
559.491638563738,5.076000000000000000e+03
559.5671990861741,5.143000000000000000e+03
559.6427612285802,5.119000000000000000e+03
559.7183224777227,5.128000000000000000e+03
559.7938239112091,5.128000000000000000e+03
559.8693855251184,5.140000000000000000e+03
559.9449468470373,5.140000000000000000e+03
560.0205075548458,5.196000000000000000e+03
560.0960695220344,5.173000000000000000e+03
560.1715693553381,5.200000000000000000e+03
560.2471316053342,5.248000000000000000e+03
560.3226935219939,5.213000000000000000e+03
560.3982544687057,5.230000000000000000e+03
560.4737553798353,5.275000000000000000e+03
560.549316857351,5.263000000000000000e+03
560.6248776534629,5.278000000000000000e+03
560.70037802624,5.281000000000000000e+03
560.7759393038835,5.302000000000000000e+03
560.8515017620771,5.325000000000000000e+03
560.9270018364357,5.314000000000000000e+03
561.0025625253518,5.328000000000000000e+03
561.0781246855694,5.375000000000000000e+03
561.1536262760454,5.389000000000000000e+03
561.2291866163674,5.379000000000000000e+03
561.304748089255,5.393000000000000000e+03
561.3802492335784,5.404000000000000000e+03
561.4558107265045,5.415000000000000000e+03
561.5313717522904,5.441000000000000000e+03
561.6068723759059,5.479000000000000000e+03
561.6824333719698,5.453000000000000000e+03
561.7579339169324,5.482000000000000000e+03
561.8334954817075,5.481000000000000000e+03
561.9089955995389,5.507000000000000000e+03
561.9845564375671,5.501000000000000000e+03
562.0601218043322,5.495000000000000000e+03
562.1356190160956,5.503000000000000000e+03
562.2111807638972,5.505000000000000000e+03
562.2866837867199,5.549000000000000000e+03
562.3622450420103,5.563000000000000000e+03
562.4377443607594,5.571000000000000000e+03
562.5133050891404,5.545000000000000000e+03
562.5888069961169,5.600000000000000000e+03
562.6643671648543,5.513000000000000000e+03
562.739868463935,5.571000000000000000e+03
562.8154280394092,5.535000000000000000e+03
562.8909286969488,5.596000000000000000e+03
562.9664305978828,5.607000000000000000e+03
563.0419939681478,5.620000000000000000e+03
563.1174920085415,5.625000000000000000e+03
563.19305470474,5.617000000000000000e+03
563.2685551920358,5.621000000000000000e+03
563.3440568835294,5.630000000000000000e+03
563.419616911542,5.644000000000000000e+03
563.4951146546897,5.639000000000000000e+03
563.5706770994776,5.634000000000000000e+03
563.6461803879624,5.653000000000000000e+03
563.7216816652208,5.630000000000000000e+03
563.7972413162915,5.680000000000000000e+03
563.8727417375509,5.669000000000000000e+03
563.948243300408,5.660000000000000000e+03
564.0238032597638,5.699000000000000000e+03
564.0993039174446,5.695000000000000000e+03
564.1748025104577,5.702000000000000000e+03
564.2503658884998,5.703000000000000000e+03
564.3258667100131,5.737000000000000000e+03
564.4013686264184,5.736000000000000000e+03
564.4768684441426,5.757000000000000000e+03
564.5524298972744,5.786000000000000000e+03
564.6279318813953,5.767000000000000000e+03
564.7034317408531,5.790000000000000000e+03
564.7789326555933,5.791000000000000000e+03
564.8544314277575,5.851000000000000000e+03
564.9299918767013,5.779000000000000000e+03
565.005495928257,5.840000000000000000e+03
565.0809946197296,5.869000000000000000e+03
565.1564943267665,5.846000000000000000e+03
565.2319918472216,5.856000000000000000e+03
565.3075574772264,5.841000000000000000e+03
565.3830570069348,5.875000000000000000e+03
565.4585575213804,5.879000000000000000e+03
565.5340558149843,5.898000000000000000e+03
565.6095582761728,5.917000000000000000e+03
565.6850585002172,5.941000000000000000e+03
565.760556477251,5.935000000000000000e+03
565.8360618025167,5.970000000000000000e+03
565.9116225122199,5.965000000000000000e+03
565.9871233197282,5.989000000000000000e+03
566.0626218458439,6.044000000000000000e+03
566.1381244909254,6.045000000000000000e+03
566.2136216322725,6.099000000000000000e+03
566.289126084757,6.114000000000000000e+03
566.3646250154166,6.132000000000000000e+03
566.4401248288668,6.152000000000000000e+03
566.5156223083626,6.151000000000000000e+03
566.5911238644974,6.172000000000000000e+03
566.666626281373,6.199000000000000000e+03
566.7421263396649,6.177000000000000000e+03
566.8176240294433,6.213000000000000000e+03
566.8931289818083,6.213000000000000000e+03
566.9686283363882,6.267000000000000000e+03
567.044128511452,6.227000000000000000e+03
567.1196262833736,6.218000000000000000e+03
567.1951280764068,6.199000000000000000e+03
567.2706306677735,6.254000000000000000e+03
567.3460696737624,6.278000000000000000e+03
567.4215706028087,6.271000000000000000e+03
567.4970690857559,6.258000000000000000e+03
567.5725715554013,6.228000000000000000e+03
567.6480715624202,6.305000000000000000e+03
567.7235723199296,6.295000000000000000e+03
567.7990705965543,6.254000000000000000e+03
567.8745728319317,6.340000000000000000e+03
567.9500112820856,6.290000000000000000e+03
568.0255117228037,6.273000000000000000e+03
568.1010128751681,6.334000000000000000e+03
568.1765115034954,6.313000000000000000e+03
568.2520140559766,6.310000000000000000e+03
568.327455928513,6.319000000000000000e+03
568.4029533742392,6.352000000000000000e+03
568.478454722623,6.345000000000000000e+03
568.5539535037092,6.319000000000000000e+03
568.6293947397575,6.315000000000000000e+03
568.7048948100362,6.325000000000000000e+03
568.7803955214323,6.331000000000000000e+03
568.8558968664703,6.333000000000000000e+03
568.9313373379196,6.364000000000000000e+03
569.0068366737867,6.327000000000000000e+03
569.0823366191238,6.337000000000000000e+03
569.1577756177235,6.350000000000000000e+03
569.2332767431898,6.361000000000000000e+03
569.3087752145101,6.363000000000000000e+03
569.3842159078702,6.383000000000000000e+03
569.4597155117148,6.407000000000000000e+03
569.5352189219938,6.358000000000000000e+03
569.6106547533757,6.380000000000000000e+03
569.6861592519366,6.410000000000000000e+03
569.7615961204366,6.436000000000000000e+03
569.8370951828829,6.445000000000000000e+03
569.9125980167112,6.390000000000000000e+03
569.9880363908212,6.423000000000000000e+03
570.063540235015,6.465000000000000000e+03
570.1389763193972,6.463000000000000000e+03
570.2144778914571,6.494000000000000000e+03
570.2899149030349,6.449000000000000000e+03
570.3654174215969,6.518000000000000000e+03
570.4408585841445,6.501000000000000000e+03
570.516355510032,6.544000000000000000e+03
570.5917975400971,6.516000000000000000e+03
570.6672953476274,6.548000000000000000e+03
570.7427349574187,6.563000000000000000e+03
570.8182368737373,6.558000000000000000e+03
570.8936740294567,6.572000000000000000e+03
570.9691767675921,6.592000000000000000e+03
571.044617956385,6.607000000000000000e+03
571.120118225025,6.621000000000000000e+03
571.1955568946336,6.667000000000000000e+03
571.2709959150741,6.675000000000000000e+03
571.3464973017159,6.649000000000000000e+03
571.4219370173379,6.689000000000000000e+03
571.4974358505949,6.682000000000000000e+03
571.5728729630794,6.705000000000000000e+03
571.6483169221735,6.747000000000000000e+03
571.7238167556269,6.724000000000000000e+03
571.7992547962239,6.723000000000000000e+03
571.874696395271,6.787000000000000000e+03
571.9501938880238,6.763000000000000000e+03
572.0256327861869,6.821000000000000000e+03
572.1010752224225,6.777000000000000000e+03
572.1765735734161,6.811000000000000000e+03
572.2520132602132,6.804000000000000000e+03
572.3274531890821,6.845000000000000000e+03
572.4028933523459,6.864000000000000000e+03
572.4783960113044,6.869000000000000000e+03
572.5538333585442,6.856000000000000000e+03
572.6292741944405,6.861000000000000000e+03
572.7047119540778,6.871000000000000000e+03
572.780212242593,6.884000000000000000e+03
572.8556503993934,6.896000000000000000e+03
572.9310920175104,6.859000000000000000e+03
573.0065305250978,6.893000000000000000e+03
573.0819691960772,6.901000000000000000e+03
573.1574080227304,6.922000000000000000e+03
573.232909430562,6.904000000000000000e+03
573.3083485618251,6.896000000000000000e+03
573.3837911132744,6.917000000000000000e+03
573.4592305026606,6.924000000000000000e+03
573.5346700090696,6.894000000000000000e+03
573.6101096247586,6.889000000000000000e+03
573.6855493419805,6.884000000000000000e+03
573.7609858609676,6.885000000000000000e+03
573.8364257571322,6.874000000000000000e+03
573.9118624378157,6.891000000000000000e+03
573.9873057764995,6.917000000000000000e+03
574.0627425886909,6.928000000000000000e+03
574.1382453810519,6.880000000000000000e+03
574.2136823092575,6.938000000000000000e+03
574.2891225732211,6.885000000000000000e+03
574.3645628688121,6.922000000000000000e+03
574.4399404917988,6.906000000000000000e+03
574.5153808108072,6.934000000000000000e+03
574.5908178365182,6.900000000000000000e+03
574.6662581633567,6.965000000000000000e+03
574.7416984828392,6.933000000000000000e+03
574.8171387871569,6.984000000000000000e+03
574.8925790684976,6.938000000000000000e+03
574.9680160131622,6.933000000000000000e+03
575.0434562242268,6.955000000000000000e+03
575.1188930812343,6.962000000000000000e+03
575.1943364992081,6.982000000000000000e+03
575.2697765474628,6.999000000000000000e+03
575.3451536315831,6.992000000000000000e+03
575.4205935156243,7.005000000000000000e+03
575.4960333140378,7.026000000000000000e+03
575.5714730189743,7.039000000000000000e+03
575.6469093088864,7.035000000000000000e+03
575.7223521169975,7.055000000000000000e+03
575.7977285011834,7.088000000000000000e+03
575.8731677371276,7.060000000000000000e+03
575.9486101574518,7.075000000000000000e+03
576.0240491208147,7.074000000000000000e+03
576.0994281953324,7.087000000000000000e+03
576.1748668380864,7.130000000000000000e+03
576.2503053165299,7.129000000000000000e+03
576.3257436227722,7.152000000000000000e+03
576.401121946027,7.148000000000000000e+03
576.4765631917769,7.190000000000000000e+03
576.5520009192454,7.180000000000000000e+03
576.627378593058,7.205000000000000000e+03
576.7028192152051,7.209000000000000000e+03
576.7782596194585,7.214000000000000000e+03
576.8536365734708,7.265000000000000000e+03
576.9290798301113,7.255000000000000000e+03
577.0045161881444,7.282000000000000000e+03
577.0798956812308,7.280000000000000000e+03
577.1553348449369,7.287000000000000000e+03
577.2307737431714,7.302000000000000000e+03
577.3061523771543,7.333000000000000000e+03
577.3815940386273,7.338000000000000000e+03
577.4569687212091,7.370000000000000000e+03
577.5324097821534,7.386000000000000000e+03
577.6077871497567,7.353000000000000000e+03
577.6832275791974,7.377000000000000000e+03
577.7586042662564,7.357000000000000000e+03
577.8340473712362,7.405000000000000000e+03
577.9094233467189,7.400000000000000000e+03
577.9848624183549,7.411000000000000000e+03
578.06024099099,7.414000000000000000e+03
578.1356826786689,7.394000000000000000e+03
578.2110604784385,7.378000000000000000e+03
578.2865014103915,7.401000000000000000e+03
578.3618750602704,7.417000000000000000e+03
578.4373152036164,7.420000000000000000e+03
578.5126947075182,7.444000000000000000e+03
578.5880737744064,7.427000000000000000e+03
578.6635160180301,7.445000000000000000e+03
578.7388908540094,7.444000000000000000e+03
578.8143322323514,7.476000000000000000e+03
578.8897095032095,7.516000000000000000e+03
578.9650862969057,7.485000000000000000e+03
579.0405296629765,7.444000000000000000e+03
579.1159054956761,7.472000000000000000e+03
579.1912841817008,7.490000000000000000e+03
579.2667227590988,7.436000000000000000e+03
579.3421004375672,7.485000000000000000e+03
579.4174809495532,7.467000000000000000e+03
579.4928575733711,7.451000000000000000e+03
579.5682974782039,7.487000000000000000e+03
579.6436763906835,7.492000000000000000e+03
579.7190547488921,7.487000000000000000e+03
579.7944325447469,7.498000000000000000e+03
579.8698736574771,7.449000000000000000e+03
579.9452503209693,7.462000000000000000e+03
580.0206297620755,7.478000000000000000e+03
580.0960086102061,7.449000000000000000e+03
580.1713868572579,7.464000000000000000e+03
580.2467678619868,7.472000000000000000e+03
580.3222055027192,7.471000000000000000e+03
580.3975819144985,7.478000000000000000e+03
580.472964431725,7.493000000000000000e+03
580.5483361997073,7.502000000000000000e+03
580.6237208011142,7.517000000000000000e+03
580.6990980056318,7.528000000000000000e+03
580.774474545852,7.495000000000000000e+03
580.8498537875009,7.545000000000000000e+03
580.9252289755794,7.541000000000000000e+03
581.0006743628959,7.520000000000000000e+03
581.0760481837603,7.532000000000000000e+03
581.1514280543308,7.538000000000000000e+03
581.2268072152121,7.511000000000000000e+03
581.3021822791188,7.554000000000000000e+03
581.3775633752501,7.569000000000000000e+03
581.4529437389426,7.554000000000000000e+03
581.5283199802694,7.566000000000000000e+03
581.6036988536778,7.556000000000000000e+03
581.6790160670166,7.614000000000000000e+03
581.7543934024975,7.609000000000000000e+03
581.8297699646201,7.591000000000000000e+03
581.9051525174606,7.644000000000000000e+03
581.9805308970429,7.640000000000000000e+03
582.0559084804219,7.651000000000000000e+03
582.1312852593902,7.651000000000000000e+03
582.206668005028,7.688000000000000000e+03
582.2820397617667,7.686000000000000000e+03
582.3574242532981,7.714000000000000000e+03
582.4327366749485,7.733000000000000000e+03
582.508116082625,7.755000000000000000e+03
582.5834946400697,7.738000000000000000e+03
582.658872339047,7.778000000000000000e+03
582.7342525671091,7.768000000000000000e+03
582.8095673852416,7.806000000000000000e+03
582.8849492395216,7.772000000000000000e+03
582.9603268074364,7.787000000000000000e+03
583.0357068767066,7.775000000000000000e+03
583.1110214380087,7.831000000000000000e+03
583.1864030744695,7.858000000000000000e+03
583.2617769878166,7.839000000000000000e+03
583.3371601786139,7.857000000000000000e+03
583.4124743613642,7.886000000000000000e+03
583.4878556582576,7.837000000000000000e+03
583.5632325991093,7.886000000000000000e+03
583.6385472652148,7.885000000000000000e+03
583.7139290751193,7.880000000000000000e+03
583.7893065032263,7.896000000000000000e+03
583.8646249949269,7.891000000000000000e+03
583.9400004322508,7.965000000000000000e+03
584.0153168866366,7.933000000000000000e+03
584.0907005347968,7.931000000000000000e+03
584.1660763462396,7.929000000000000000e+03
584.2413965200363,7.951000000000000000e+03
584.3167736762043,7.948000000000000000e+03
584.3920917365156,7.918000000000000000e+03
584.4674702084938,7.941000000000000000e+03
584.5427861228587,7.940000000000000000e+03
584.6181658817017,7.975000000000000000e+03
584.6934796176279,7.959000000000000000e+03
584.7688572148127,7.977000000000000000e+03
584.8441755797492,7.956000000000000000e+03
584.919554404934,7.926000000000000000e+03
584.9948739529473,7.960000000000000000e+03
585.0702539779767,7.928000000000000000e+03
585.145567832981,7.941000000000000000e+03
585.2208873808705,7.927000000000000000e+03
585.2962674300239,7.988000000000000000e+03
585.3715812355221,7.972000000000000000e+03
585.446962410467,7.937000000000000000e+03
585.522277293224,7.945000000000000000e+03
585.5975978392732,7.952000000000000000e+03
585.6729720672993,7.966000000000000000e+03
585.7482902189189,7.938000000000000000e+03
585.8236071536562,7.956000000000000000e+03
585.8989880858402,7.965000000000000000e+03
585.9743025783406,7.961000000000000000e+03
586.0496192632522,7.925000000000000000e+03
586.1249381347992,7.950000000000000000e+03
586.200317604434,7.949000000000000000e+03
586.2756374097312,7.939000000000000000e+03
586.3509525064017,7.978000000000000000e+03
586.4262697612708,8.006000000000000000e+03
586.5016510856912,7.937000000000000000e+03
586.576965774025,7.969000000000000000e+03
586.6522825996321,7.923000000000000000e+03
586.7275981142149,7.957000000000000000e+03
586.8029157526896,7.982000000000000000e+03
586.878297505942,7.997000000000000000e+03
586.9536125003841,8.000000000000000000e+03
587.0289295977367,8.028000000000000000e+03
587.1042487921765,8.010000000000000000e+03
587.1795666300785,8.033000000000000000e+03
587.2548831029591,8.031000000000000000e+03
587.3301982023304,8.037000000000000000e+03
587.4055153701529,8.056000000000000000e+03
587.4808346005856,8.063000000000000000e+03
587.5561558877838,8.109000000000000000e+03
587.631468866577,8.099000000000000000e+03
587.7067838851247,8.093000000000000000e+03
587.78216658026,8.083000000000000000e+03
587.8574856775697,8.149000000000000000e+03
587.9328033404089,8.083000000000000000e+03
588.0080538670875,8.116000000000000000e+03
588.0833720770029,8.150000000000000000e+03
588.1586888286358,8.178000000000000000e+03
588.234007573644,8.177000000000000000e+03
588.3093248450679,8.217000000000000000e+03
588.3846440963296,8.179000000000000000e+03
588.4599618586897,8.228000000000000000e+03
588.5352781235977,8.241000000000000000e+03
588.6105963471232,8.251000000000000000e+03
588.6859130578563,8.261000000000000000e+03
588.761231713632,8.285000000000000000e+03
588.8364864301399,8.301000000000000000e+03
588.9118020050827,8.249000000000000000e+03
588.9871195037894,8.327000000000000000e+03
589.0624389203426,8.302000000000000000e+03
589.1377567779897,8.315000000000000000e+03
589.2130730681441,8.309000000000000000e+03
589.2883287478853,8.328000000000000000e+03
589.3636453356847,8.384000000000000000e+03
589.4389638063658,8.379000000000000000e+03
589.5142806787193,8.350000000000000000e+03
589.5895403256021,8.370000000000000000e+03
589.6648574383153,8.387000000000000000e+03
589.740176406581,8.405000000000000000e+03
589.8154276479908,8.385000000000000000e+03
589.8907468120178,8.425000000000000000e+03
589.9660643313503,8.420000000000000000e+03
590.0413210120631,8.422000000000000000e+03
590.1166352010036,8.397000000000000000e+03
590.1919546858783,8.357000000000000000e+03
590.2672132644499,8.375000000000000000e+03
590.3425293741994,8.377000000000000000e+03
590.4177880160598,8.406000000000000000e+03
590.4931042037921,8.427000000000000000e+03
590.568418683014,8.401000000000000000e+03
590.643675627467,8.432000000000000000e+03
590.7189936284246,8.397000000000000000e+03
590.7942505619948,8.402000000000000000e+03
590.8695685685237,8.392000000000000000e+03
590.9448219696872,8.388000000000000000e+03
591.0201399515241,8.421000000000000000e+03
591.0953967743105,8.393000000000000000e+03
591.1707147029425,8.426000000000000000e+03
591.2459714266577,8.431000000000000000e+03
591.3212892726514,8.392000000000000000e+03
591.3965458678394,8.404000000000000000e+03
591.4718006307248,8.390000000000000000e+03
591.547116539627,8.392000000000000000e+03
591.6223746281325,8.362000000000000000e+03
591.6976903797901,8.411000000000000000e+03
591.7729482668865,8.415000000000000000e+03
591.8482042834247,8.381000000000000000e+03
591.9235214878881,8.382000000000000000e+03
591.9987807623979,8.430000000000000000e+03
592.0740346381908,8.369000000000000000e+03
592.1493532320127,8.441000000000000000e+03
592.2246103231383,8.412000000000000000e+03
592.2998654966053,8.409000000000000000e+03
592.3751222527409,8.410000000000000000e+03
592.4504402550338,8.413000000000000000e+03
592.5256966625434,8.425000000000000000e+03
592.6009511209176,8.428000000000000000e+03
592.6762106466866,8.427000000000000000e+03
592.7515244260364,8.449000000000000000e+03
592.8267835455117,8.446000000000000000e+03
592.9020371707703,8.492000000000000000e+03
592.9772958390107,8.443000000000000000e+03
593.0525489954576,8.471000000000000000e+03
593.1278071826566,8.470000000000000000e+03
593.2031266995527,8.472000000000000000e+03
593.2783808730474,8.481000000000000000e+03
593.3536365391337,8.508000000000000000e+03
593.4288936916811,8.475000000000000000e+03
593.5041488020836,8.518000000000000000e+03
593.5794089082539,8.526000000000000000e+03
593.6546634339551,8.537000000000000000e+03
593.729919417986,8.520000000000000000e+03
593.8051733281523,8.509000000000000000e+03
593.8804322095,8.526000000000000000e+03
593.955689002888,8.616000000000000000e+03
594.0309472282032,8.591000000000000000e+03
594.1061998200399,8.588000000000000000e+03
594.1814573584147,8.632000000000000000e+03
594.2567163084306,8.615000000000000000e+03
594.3319695993049,8.649000000000000000e+03
594.4072278190921,8.626000000000000000e+03
594.4824803620132,8.612000000000000000e+03
594.5577413564724,8.635000000000000000e+03
594.6329931222317,8.663000000000000000e+03
594.7082533289405,8.673000000000000000e+03
594.7834441469494,8.648000000000000000e+03
594.85870352054,8.694000000000000000e+03
594.9339607052526,8.720000000000000000e+03
595.0092192325558,8.716000000000000000e+03
595.0844720137306,8.767000000000000000e+03
595.1596694470827,8.713000000000000000e+03
595.2349248608839,8.724000000000000000e+03
595.310178044894,8.707000000000000000e+03
595.3854360798784,8.722000000000000000e+03
595.4606918708308,8.719000000000000000e+03
595.5358886627483,8.729000000000000000e+03
595.611147019589,8.728000000000000000e+03
595.6864031092157,8.733000000000000000e+03
595.7615965842728,8.768000000000000000e+03
595.836855197865,8.773000000000000000e+03
595.9121115210278,8.717000000000000000e+03
595.9873051606659,8.729000000000000000e+03
596.0625604137975,8.812000000000000000e+03
596.1378169052595,8.812000000000000000e+03
596.2130106441916,8.770000000000000000e+03
596.2882695773723,8.772000000000000000e+03
596.3635261735925,8.800000000000000000e+03
596.4387199482267,8.766000000000000000e+03
596.5139753866564,8.769000000000000000e+03
596.5891715160268,8.747000000000000000e+03
596.6644293271388,8.746000000000000000e+03
596.739624225117,8.763000000000000000e+03
596.8148808209818,8.767000000000000000e+03
596.8900744570072,8.777000000000000000e+03
596.9653333707323,8.752000000000000000e+03
597.0405257151125,8.784000000000000000e+03
597.115786920592,8.780000000000000000e+03
597.1909779436049,8.780000000000000000e+03
597.2662342801653,8.764000000000000000e+03
597.3414275184313,8.732000000000000000e+03
597.4166254158234,8.745000000000000000e+03
597.491885088153,8.770000000000000000e+03
597.5670780238231,8.748000000000000000e+03
597.6423327487403,8.739000000000000000e+03
597.7175242592349,8.736000000000000000e+03
597.792720398088,8.742000000000000000e+03
597.8679783530253,8.724000000000000000e+03
597.9431801766776,8.786000000000000000e+03
598.0183687346421,8.721000000000000000e+03
598.0936227072775,8.744000000000000000e+03
598.1688204827943,8.748000000000000000e+03
598.2440156960317,8.758000000000000000e+03
598.3192119177841,8.712000000000000000e+03
598.3944735953452,8.747000000000000000e+03
598.4696646678975,8.732000000000000000e+03
598.5448638913675,8.707000000000000000e+03
598.6200605143976,8.749000000000000000e+03
598.6952545279034,8.722000000000000000e+03
598.7705032869707,8.715000000000000000e+03
598.845702827054,8.721000000000000000e+03
598.9209033228055,8.769000000000000000e+03
598.9960940039387,8.736000000000000000e+03
599.0712892114018,8.756000000000000000e+03
599.1464853517283,8.765000000000000000e+03
599.2216788278446,8.739000000000000000e+03
599.2968768137707,8.756000000000000000e+03
599.3720685283897,8.764000000000000000e+03
599.4472683333562,8.781000000000000000e+03
599.5225229531976,8.732000000000000000e+03
599.5977173765003,8.771000000000000000e+03
599.6729126841367,8.784000000000000000e+03
599.7481088696748,8.763000000000000000e+03
599.8232987309193,8.778000000000000000e+03
599.8985002499289,8.815000000000000000e+03
599.9736306356483,8.782000000000000000e+03
600.0488302503571,8.827000000000000000e+03
600.1240271092662,8.822000000000000000e+03
600.1992212032151,8.796000000000000000e+03
600.274408919746,8.815000000000000000e+03
600.3496082679649,8.855000000000000000e+03
600.4248084342357,8.838000000000000000e+03
600.499998594085,8.850000000000000000e+03
600.5751931605373,8.858000000000000000e+03
600.6503235814662,8.870000000000000000e+03
600.7255197152398,8.878000000000000000e+03
600.8007166310834,8.895000000000000000e+03
600.875914322513,8.920000000000000000e+03
600.9511163944641,8.925000000000000000e+03
601.0262433719869,8.890000000000000000e+03
601.1014361076029,8.887000000000000000e+03
601.1766404316174,8.925000000000000000e+03
601.2518346554406,8.936000000000000000e+03
601.3269681412486,8.955000000000000000e+03
601.4021565754814,8.920000000000000000e+03
601.4773565793163,8.951000000000000000e+03
601.55249578129,8.955000000000000000e+03
601.6276863350764,8.956000000000000000e+03
601.7028775856559,8.993000000000000000e+03
601.7780115846128,8.957000000000000000e+03
601.8532078169892,8.949000000000000000e+03
601.9284011052009,9.016000000000000000e+03
602.0035370787526,8.994000000000000000e+03
602.0787353122603,8.992000000000000000e+03
602.1538653131911,8.998000000000000000e+03
602.2290648417321,9.015000000000000000e+03
602.3041960901958,8.965000000000000000e+03
602.3793896303448,9.007000000000000000e+03
602.4545329868457,9.016000000000000000e+03
602.52972050603,9.035000000000000000e+03
602.6048541681286,8.980000000000000000e+03
602.6800537894703,9.026000000000000000e+03
602.7551886194266,8.999000000000000000e+03
602.8303821600039,9.023000000000000000e+03
602.9055217646458,9.006000000000000000e+03
602.9807128258426,8.990000000000000000e+03
603.055846272166,8.978000000000000000e+03
603.1309766185691,8.985000000000000000e+03
603.2061729886882,8.995000000000000000e+03
603.281308042969,9.038000000000000000e+03
603.3564436151993,8.962000000000000000e+03
603.4316452421198,8.985000000000000000e+03
603.5067745623387,8.999000000000000000e+03
603.5819116632719,9.015000000000000000e+03
603.6571039159869,9.000000000000000000e+03
603.732238361985,9.027000000000000000e+03
603.8073696385936,9.034000000000000000e+03
603.8825123234259,9.014000000000000000e+03
603.9576992468579,9.003000000000000000e+03
604.0328355724649,8.974000000000000000e+03
604.1079723479853,8.966000000000000000e+03
604.1831095667776,9.000000000000000000e+03
604.2582983401253,8.980000000000000000e+03
604.3334364382367,8.984000000000000000e+03
604.4085676534826,8.956000000000000000e+03
604.4836992817685,8.939000000000000000e+03
604.5588422811774,8.947000000000000000e+03
604.6339747182885,8.945000000000000000e+03
604.7091075484526,8.982000000000000000e+03
604.7842444226404,9.016000000000000000e+03
604.859378019808,8.940000000000000000e+03
604.9345046710955,8.997000000000000000e+03
605.009704892442,8.972000000000000000e+03
605.0848359419433,8.994000000000000000e+03
605.1599746669862,9.003000000000000000e+03
605.23510275086,8.955000000000000000e+03
605.310245826721,8.986000000000000000e+03
605.3853159408447,8.995000000000000000e+03
605.4604486674336,9.016000000000000000e+03
605.535581711707,8.971000000000000000e+03
605.6107150669574,9.001000000000000000e+03
605.6858487264751,9.024000000000000000e+03
605.7609863530097,9.027000000000000000e+03
605.8361242722013,9.059000000000000000e+03
605.9112514634761,9.033000000000000000e+03
605.9863899450862,9.051000000000000000e+03
606.0615286991821,9.083000000000000000e+03
606.1365942387108,9.052000000000000000e+03
606.2117261495124,9.065000000000000000e+03
606.2868656606279,9.108000000000000000e+03
606.3619980637881,9.085000000000000000e+03
606.4370718595482,9.051000000000000000e+03
606.5122047116855,9.076000000000000000e+03
606.5873377854751,9.092000000000000000e+03
606.6624747545558,9.094000000000000000e+03
606.7375456701113,9.093000000000000000e+03
606.8126830359437,9.138000000000000000e+03
606.8878205982112,9.144000000000000000e+03
606.9628957214667,9.120000000000000000e+03
607.0380225859356,9.138000000000000000e+03
607.1131606786419,9.127000000000000000e+03
607.1882288919476,9.139000000000000000e+03
607.2633709869046,9.136000000000000000e+03
607.3385021736576,9.130000000000000000e+03
607.4135707840262,9.101000000000000000e+03
607.4887096199877,9.119000000000000000e+03
607.5637821472627,9.169000000000000000e+03
607.6389138462803,9.138000000000000000e+03
607.7139865728267,9.143000000000000000e+03
607.7891221807843,9.119000000000000000e+03
607.8641950802765,9.155000000000000000e+03
607.9393308785938,9.156000000000000000e+03
608.0144039237675,9.192000000000000000e+03
608.089539885174,9.160000000000000000e+03
608.1646130487377,9.143000000000000000e+03
608.2397417468239,9.168000000000000000e+03
608.3148187001017,9.172000000000000000e+03
608.3898956827247,9.168000000000000000e+03
608.4650245200035,9.193000000000000000e+03
608.5401015535813,9.177000000000000000e+03
608.6151785959717,9.197000000000000000e+03
608.6903112159022,9.192000000000000000e+03
608.7653771512115,9.207000000000000000e+03
608.8404578967535,9.117000000000000000e+03
608.9155905344547,9.142000000000000000e+03
608.990660126277,9.153000000000000000e+03
609.0657296820973,9.173000000000000000e+03
609.1408659845031,9.192000000000000000e+03
609.2159465984835,9.178000000000000000e+03
609.2910160242585,9.185000000000000000e+03
609.3660890997941,9.151000000000000000e+03
609.4411621067635,9.204000000000000000e+03
609.5162981949915,9.135000000000000000e+03
609.591371059717,9.191000000000000000e+03
609.6664438352011,9.142000000000000000e+03
609.7415165145444,9.143000000000000000e+03
609.8165928096073,9.191000000000000000e+03
609.8916652768738,9.161000000000000000e+03
609.9667339066874,9.134000000000000000e+03
610.041806132408,9.174000000000000000e+03
610.1168819498673,9.151000000000000000e+03
610.1919576315516,9.184000000000000000e+03
610.2670257220219,9.196000000000000000e+03
610.3421011095528,9.137000000000000000e+03
610.4171800666223,9.132000000000000000e+03
610.4922476810158,9.146000000000000000e+03
610.5673225771701,9.167000000000000000e+03
610.6423935671218,9.149000000000000000e+03
610.7174681006938,9.138000000000000000e+03
610.7925387123403,9.158000000000000000e+03
610.8676165871373,9.143000000000000000e+03
610.9426867935962,9.116000000000000000e+03
611.0177642529652,9.177000000000000000e+03
611.0928340264109,9.216000000000000000e+03
611.1679035719891,9.196000000000000000e+03
611.2429205762214,9.210000000000000000e+03
611.3179896323122,9.165000000000000000e+03
611.3930696536677,9.167000000000000000e+03
611.4681382079762,9.184000000000000000e+03
611.543210239399,9.213000000000000000e+03
611.6182258914046,9.200000000000000000e+03
611.6932973662973,9.171000000000000000e+03
611.7683685593274,9.163000000000000000e+03
611.8434394635015,9.216000000000000000e+03
611.91845764963,9.227000000000000000e+03
611.9935279422344,9.224000000000000000e+03
612.06860167126,9.223000000000000000e+03
612.1436188772811,9.211000000000000000e+03
612.2186919554537,9.220000000000000000e+03
612.2937609555369,9.225000000000000000e+03
612.368769618424,9.248000000000000000e+03
612.443841671833,9.241000000000000000e+03
612.518860850012,9.274000000000000000e+03
612.5939321832865,9.209000000000000000e+03
612.668943094263,9.209000000000000000e+03
612.7440136774355,9.239000000000000000e+03
612.8190876378331,9.203000000000000000e+03
612.8941048689004,9.246000000000000000e+03
612.9691780415548,9.287000000000000000e+03
613.0441869267229,9.239000000000000000e+03
613.1192028943198,9.211000000000000000e+03
613.1942785838127,9.243000000000000000e+03
613.2692861585759,9.264000000000000000e+03
613.3443572287938,9.271000000000000000e+03
613.4193751865103,9.270000000000000000e+03
613.4944491348593,9.272000000000000000e+03
613.5694586386024,9.307000000000000000e+03
613.644467658833,9.280000000000000000e+03
613.7195402192466,9.300000000000000000e+03
613.794555801729,9.306000000000000000e+03
613.8695671147681,9.274000000000000000e+03
613.9446382262654,9.304000000000000000e+03
614.0196560673113,9.287000000000000000e+03
614.0946658455853,9.291000000000000000e+03
614.1696826366328,9.324000000000000000e+03
614.2447554874341,9.320000000000000000e+03
614.3197636679537,9.335000000000000000e+03
614.3947788454523,9.297000000000000000e+03
614.4697859154201,9.326000000000000000e+03
614.5448037484722,9.292000000000000000e+03
614.619873899117,9.317000000000000000e+03
614.694883044028,9.337000000000000000e+03
614.769899161373,9.294000000000000000e+03
614.8449071281832,9.333000000000000000e+03
614.9199220568489,9.314000000000000000e+03
614.994936381391,9.369000000000000000e+03
615.0699463115571,9.356000000000000000e+03
615.1449594055,9.315000000000000000e+03
615.219968088927,9.367000000000000000e+03
615.2949799236752,9.346000000000000000e+03
615.3699949053583,9.312000000000000000e+03
615.4450130295872,9.341000000000000000e+03
615.5200153487256,9.323000000000000000e+03
615.5950321611059,9.345000000000000000e+03
615.6700445181616,9.350000000000000000e+03
615.7450599927896,9.330000000000000000e+03
615.8200634112113,9.336000000000000000e+03
615.8950775175382,9.358000000000000000e+03
615.9700909303292,9.350000000000000000e+03
616.045103642399,9.308000000000000000e+03
616.1200587059649,9.297000000000000000e+03
616.1950737781215,9.296000000000000000e+03
616.2700843319404,9.344000000000000000e+03
616.3450979550751,9.332000000000000000e+03
616.4201070436227,9.314000000000000000e+03
616.4950545776754,9.321000000000000000e+03
616.5700659579935,9.325000000000000000e+03
616.6450765818348,9.319000000000000000e+03
616.720097852294,9.285000000000000000e+03
616.7950422701603,9.347000000000000000e+03
616.8700581788843,9.307000000000000000e+03
616.9450694997388,9.283000000000000000e+03
617.0200229227949,9.283000000000000000e+03
617.0950326410584,9.298000000000000000e+03
617.1700377451283,9.275000000000000000e+03
617.2449925060192,9.307000000000000000e+03
617.3200073947381,9.310000000000000000e+03
617.395013836697,9.282000000000000000e+03
617.4699660667885,9.239000000000000000e+03
617.5449822610196,9.290000000000000000e+03
617.6199327648687,9.291000000000000000e+03
617.6949472498279,9.304000000000000000e+03
617.7698959983896,9.295000000000000000e+03
617.8449087450254,9.313000000000000000e+03
617.9198595274773,9.286000000000000000e+03
617.9948705076381,9.275000000000000000e+03
618.069827119618,9.284000000000000000e+03
618.144840127084,9.279000000000000000e+03
618.2197872618343,9.277000000000000000e+03
618.2947411041071,9.316000000000000000e+03
618.3697513617161,9.315000000000000000e+03
618.44469567746,9.312000000000000000e+03
618.5196505100681,9.278000000000000000e+03
618.5946694328892,9.284000000000000000e+03
618.6696146951708,9.305000000000000000e+03
618.7445666341545,9.291000000000000000e+03
618.8195826887393,9.307000000000000000e+03
618.8945326685835,9.302000000000000000e+03
618.9694854812299,9.300000000000000000e+03
619.0444334578197,9.271000000000000000e+03
619.1194494169247,9.322000000000000000e+03
619.1943992107521,9.348000000000000000e+03
619.2693479786984,9.298000000000000000e+03
619.3442957134283,9.315000000000000000e+03
619.4192500812071,9.314000000000000000e+03
619.4942648084996,9.370000000000000000e+03
619.5692094181061,9.337000000000000000e+03
619.6441644838893,9.313000000000000000e+03
619.7191184853039,9.385000000000000000e+03
619.7940637321011,9.392000000000000000e+03
619.8690155808523,9.345000000000000000e+03
619.9439663431604,9.319000000000000000e+03
620.0189198558951,9.356000000000000000e+03
620.0938722693128,9.307000000000000000e+03
620.1688197299484,9.308000000000000000e+03
620.2437699216852,9.353000000000000000e+03
620.3187305358406,9.342000000000000000e+03
620.393678480104,9.342000000000000000e+03
620.4686252881608,9.371000000000000000e+03
620.543582504853,9.363000000000000000e+03
620.61852702112,9.355000000000000000e+03
620.6934819368186,9.360000000000000000e+03
620.7684356923214,9.341000000000000000e+03
620.8433227543279,9.367000000000000000e+03
620.9182780068074,9.376000000000000000e+03
620.9932282224137,9.367000000000000000e+03
621.0681811054573,9.356000000000000000e+03
621.1431327931294,9.353000000000000000e+03
621.2180794188941,9.369000000000000000e+03
621.2929746519387,9.353000000000000000e+03
621.3679226950109,9.346000000000000000e+03
621.4428695130218,9.337000000000000000e+03
621.5177610187308,9.329000000000000000e+03
621.5927130788318,9.311000000000000000e+03
621.6676600305892,9.385000000000000000e+03
621.7426134606835,9.358000000000000000e+03
621.8174999024244,9.405000000000000000e+03
621.8924507959133,9.355000000000000000e+03
621.9673462597708,9.332000000000000000e+03
622.0422984590124,9.386000000000000000e+03
622.1172493736544,9.337000000000000000e+03
622.1921409277729,9.342000000000000000e+03
622.2670892368434,9.367000000000000000e+03
622.3419781424883,9.318000000000000000e+03
622.4169354382018,9.365000000000000000e+03
622.4918216682801,9.335000000000000000e+03
622.5667763070498,9.343000000000000000e+03
622.6416637084727,9.355000000000000000e+03
622.7166156613104,9.358000000000000000e+03
622.791500330108,9.329000000000000000e+03
622.8664495670652,9.327000000000000000e+03
622.9413431149467,9.366000000000000000e+03
623.0162352679529,9.348000000000000000e+03
623.0911842549693,9.353000000000000000e+03
623.1660736097131,9.349000000000000000e+03
623.2409693156505,9.320000000000000000e+03
623.3159141083677,9.329000000000000000e+03
623.3908108627464,9.335000000000000000e+03
623.4656984085988,9.286000000000000000e+03
623.54065060535,9.340000000000000000e+03
623.6155430462911,9.313000000000000000e+03
623.6904262505253,9.368000000000000000e+03
623.7653157682421,9.338000000000000000e+03
623.8402738657751,9.329000000000000000e+03
623.9151643415145,9.306000000000000000e+03
623.9900494384281,9.334000000000000000e+03
624.0649369353079,9.299000000000000000e+03
624.1398346184196,9.297000000000000000e+03
624.2147191099846,9.336000000000000000e+03
624.2896137782844,9.305000000000000000e+03
624.3645615055957,9.356000000000000000e+03
624.4394531447507,9.345000000000000000e+03
624.5143432514428,9.332000000000000000e+03
624.5892357192214,9.329000000000000000e+03
624.6641227392169,9.339000000000000000e+03
624.739008204036,9.319000000000000000e+03
624.8139077217978,9.321000000000000000e+03
624.8887900572714,9.313000000000000000e+03
624.9636825322137,9.329000000000000000e+03
625.0385773339976,9.353000000000000000e+03
625.1134666425047,9.323000000000000000e+03
625.1883582645422,9.334000000000000000e+03
625.263181823586,9.346000000000000000e+03
625.3380780414589,9.313000000000000000e+03
625.4129648242472,9.307000000000000000e+03
625.4878578081264,9.297000000000000000e+03
625.5627413379577,9.315000000000000000e+03
625.6376349716288,9.323000000000000000e+03
625.7124604067309,9.300000000000000000e+03
625.7873507351937,9.350000000000000000e+03
625.8622394075853,9.307000000000000000e+03
625.9371381701984,9.306000000000000000e+03
626.0119647267263,9.262000000000000000e+03
626.0868522937308,9.264000000000000000e+03
626.1617460175852,9.328000000000000000e+03
626.2366380528313,9.315000000000000000e+03
626.3114617065921,9.333000000000000000e+03
626.3863503257447,9.270000000000000000e+03
626.4611822898413,9.296000000000000000e+03
626.5360713905895,9.312000000000000000e+03
626.6109666191869,9.302000000000000000e+03
626.6857933539325,9.297000000000000000e+03
626.7606772445703,9.289000000000000000e+03
626.8355122365108,9.318000000000000000e+03
626.9104044027886,9.303000000000000000e+03
626.985224051504,9.325000000000000000e+03
627.0601205419518,9.309000000000000000e+03
627.1349523354077,9.313000000000000000e+03
627.2098373967692,9.304000000000000000e+03
627.2846616468294,9.314000000000000000e+03
627.3595549170336,9.301000000000000000e+03
627.4343873380152,9.282000000000000000e+03
627.5092769901677,9.268000000000000000e+03
627.5841096881397,9.243000000000000000e+03
627.6589365990222,9.291000000000000000e+03
627.7338247007415,9.305000000000000000e+03
627.8086518461457,9.293000000000000000e+03
627.8834850056414,9.332000000000000000e+03
627.9583754402697,9.299000000000000000e+03
628.0332088011603,9.267000000000000000e+03
628.1080284382782,9.293000000000000000e+03
628.182858012259,9.291000000000000000e+03
628.2577527829216,9.272000000000000000e+03
628.3325785578783,9.305000000000000000e+03
628.4074142606058,9.332000000000000000e+03
628.4822361924339,9.304000000000000000e+03
628.5570680421939,9.297000000000000000e+03
628.6318979552647,9.316000000000000000e+03
628.706785214725,9.286000000000000000e+03
628.7816191526078,9.308000000000000000e+03
628.8564471797065,9.259000000000000000e+03
628.9312811520758,9.323000000000000000e+03
629.0061012851678,9.304000000000000000e+03
629.0809313073146,9.300000000000000000e+03
629.155759344112,9.284000000000000000e+03
629.2305893470999,9.274000000000000000e+03
629.3054252715824,9.305000000000000000e+03
629.380247309458,9.279000000000000000e+03
629.4550831794276,9.299000000000000000e+03
629.5299011803792,9.247000000000000000e+03
629.6047330053896,9.289000000000000000e+03
629.6795707280481,9.257000000000000000e+03
629.7543389940075,9.271000000000000000e+03
629.8291607196976,9.257000000000000000e+03
629.9039962589939,9.252000000000000000e+03
629.9788178342736,9.244000000000000000e+03
630.0536452776254,9.274000000000000000e+03
630.1284746162776,9.259000000000000000e+03
630.2032423002603,9.279000000000000000e+03
630.2780753994684,9.255000000000000000e+03
630.3529103790165,9.299000000000000000e+03
630.4277313363475,9.246000000000000000e+03
630.5025024771371,9.253000000000000000e+03
630.5773311190919,9.299000000000000000e+03
630.6521576385172,9.297000000000000000e+03
630.7269342895984,9.311000000000000000e+03
630.8017565291294,9.256000000000000000e+03
630.8765845827202,9.292000000000000000e+03
630.9513587332427,9.270000000000000000e+03
631.0261864484233,9.277000000000000000e+03
631.1009522564115,9.307000000000000000e+03
631.175787573207,9.280000000000000000e+03
631.2506087617126,9.301000000000000000e+03
631.3253799341081,9.308000000000000000e+03
631.400208688403,9.264000000000000000e+03
631.4749754310345,9.326000000000000000e+03
631.5498037567131,9.306000000000000000e+03
631.6245780075234,9.283000000000000000e+03
631.6993420335924,9.310000000000000000e+03
631.7741716576955,9.282000000000000000e+03
631.8489391655564,9.293000000000000000e+03
631.923764305041,9.336000000000000000e+03
631.9985312783703,9.317000000000000000e+03
632.0733039606179,9.310000000000000000e+03
632.1481342990165,9.294000000000000000e+03
632.2228944223607,9.340000000000000000e+03
632.2976642345945,9.301000000000000000e+03
632.3724997216107,9.290000000000000000e+03
632.4472649272958,9.310000000000000000e+03
632.5220358114818,9.322000000000000000e+03
632.5968083701387,9.314000000000000000e+03
632.6716346337209,9.279000000000000000e+03
632.746402531009,9.246000000000000000e+03
632.8211640744752,9.329000000000000000e+03
632.895939281213,9.281000000000000000e+03
632.9707001090119,9.295000000000000000e+03
633.0454705862102,9.309000000000000000e+03
633.1202346797379,9.260000000000000000e+03
633.1950124256075,9.269000000000000000e+03
633.2698318993826,9.288000000000000000e+03
633.3446048767886,9.283000000000000000e+03
633.4193754528278,9.298000000000000000e+03
633.4941436195448,9.316000000000000000e+03
633.5689053548851,9.243000000000000000e+03
633.6436807232593,9.266000000000000000e+03
633.718441616138,9.270000000000000000e+03
633.7932121186539,9.301000000000000000e+03
633.8679199094199,9.233000000000000000e+03
633.9426855028164,9.230000000000000000e+03
634.0174606961399,9.285000000000000000e+03
634.0922213655654,9.243000000000000000e+03
634.1669876029633,9.234000000000000000e+03
634.2417553834099,9.224000000000000000e+03
634.3165327489089,9.259000000000000000e+03
634.3912351850232,9.227000000000000000e+03
634.4660075495017,9.255000000000000000e+03
634.5407774100094,9.218000000000000000e+03
634.6155447585436,9.283000000000000000e+03
634.6902491623354,9.236000000000000000e+03
634.7650114486645,9.230000000000000000e+03
634.8397832896367,9.225000000000000000e+03
634.9145525922855,9.280000000000000000e+03
634.9892588668829,9.209000000000000000e+03
635.0640230545828,9.206000000000000000e+03
635.1387362717429,9.220000000000000000e+03
635.2135074201229,9.210000000000000000e+03
635.2882719598388,9.190000000000000000e+03
635.362981437668,9.158000000000000000e+03
635.4377448294332,9.236000000000000000e+03
635.512457159198,9.234000000000000000e+03
635.5872153377827,9.226000000000000000e+03
635.6619224154749,9.230000000000000000e+03
635.7366995983534,9.233000000000000000e+03
635.8114013974615,9.186000000000000000e+03
635.8861733198535,9.195000000000000000e+03
635.960881941529,9.231000000000000000e+03
636.0356485740448,9.226000000000000000e+03
636.1103518611941,9.229000000000000000e+03
636.1850565091609,9.177000000000000000e+03
636.2598232366993,9.233000000000000000e+03
636.3345306048863,9.203000000000000000e+03
636.4092393182117,9.235000000000000000e+03
636.4840101382218,9.210000000000000000e+03
636.5587134362514,9.219000000000000000e+03
636.6334221129331,9.211000000000000000e+03
636.7081848135534,9.233000000000000000e+03
636.78290019687,9.251000000000000000e+03
636.857604726266,9.214000000000000000e+03
636.9323146152394,9.189000000000000000e+03
637.0070217458345,9.178000000000000000e+03
637.0817261099415,9.126000000000000000e+03
637.1564967140678,9.111000000000000000e+03
637.2311995976745,9.065000000000000000e+03
637.3059078155254,9.018000000000000000e+03
637.3806132401302,9.074000000000000000e+03
637.4553280538418,9.126000000000000000e+03
637.5300278704315,9.167000000000000000e+03
637.6047370655823,9.227000000000000000e+03
637.679443440681,9.235000000000000000e+03
637.7541469875897,9.241000000000000000e+03
637.8288599029363,9.237000000000000000e+03
637.9035659103154,9.242000000000000000e+03
637.978273139046,9.208000000000000000e+03
638.052977512721,9.218000000000000000e+03
638.1276830952562,9.263000000000000000e+03
638.2023898813551,9.221000000000000000e+03
638.2770978657181,9.219000000000000000e+03
638.3517418441655,9.228000000000000000e+03
638.4264562697699,9.212000000000000000e+03
638.5011555722814,9.228000000000000000e+03
638.5758642016897,9.257000000000000000e+03
638.6505699221697,9.258000000000000000e+03
638.7252237691496,9.209000000000000000e+03
638.7999236357822,9.233000000000000000e+03
638.874628732156,9.235000000000000000e+03
638.9493472209352,9.256000000000000000e+03
639.0239892680094,9.246000000000000000e+03
639.098689601196,9.257000000000000000e+03
639.173395144716,9.268000000000000000e+03
639.2480405140027,9.242000000000000000e+03
639.3227564554909,9.247000000000000000e+03
639.3973958340758,9.234000000000000000e+03
639.4721058028182,9.245000000000000000e+03
639.5468086912668,9.244000000000000000e+03
639.6214635767756,9.244000000000000000e+03
639.6961604460553,9.253000000000000000e+03
639.7708092749344,9.263000000000000000e+03
639.8455164682429,9.241000000000000000e+03
639.9201674013606,9.237000000000000000e+03
639.9948767149377,9.256000000000000000e+03
640.0695174401586,9.235000000000000000e+03
640.1441591862857,9.268000000000000000e+03
640.2188716275688,9.221000000000000000e+03
640.2935236151387,9.303000000000000000e+03
640.3681602084457,9.241000000000000000e+03
640.4428757290473,9.264000000000000000e+03
640.5175143262505,9.213000000000000000e+03
640.592166218985,9.217000000000000000e+03
640.6668724558668,9.225000000000000000e+03
640.7415181149009,9.256000000000000000e+03
640.8161565315354,9.246000000000000000e+03
640.8908041242695,9.215000000000000000e+03
640.9655143022176,9.231000000000000000e+03
641.0401638233027,9.235000000000000000e+03
641.1148060727106,9.194000000000000000e+03
641.1894533730033,9.234000000000000000e+03
641.2641016094406,9.239000000000000000e+03
641.3387425502967,9.220000000000000000e+03
641.4134543525283,9.211000000000000000e+03
641.488101262261,9.200000000000000000e+03
641.5627449685089,9.255000000000000000e+03
641.6373854629693,9.239000000000000000e+03
641.7120350911663,9.182000000000000000e+03
641.7866814967092,9.218000000000000000e+03
641.8613246712862,9.217000000000000000e+03
641.9359769690361,9.211000000000000000e+03
642.0106260249374,9.199000000000000000e+03
642.0852718306695,9.195000000000000000e+03
642.1598525225107,9.194000000000000000e+03
642.2344917885489,9.191000000000000000e+03
642.3091401562656,9.229000000000000000e+03
642.3837934993884,9.235000000000000000e+03
642.4584353052218,9.212000000000000000e+03
642.5330862021095,9.182000000000000000e+03
642.6077296725547,9.205000000000000000e+03
642.6823120100572,9.169000000000000000e+03
642.7569529755671,9.268000000000000000e+03
642.8315988836831,9.208000000000000000e+03
642.9062455985243,9.155000000000000000e+03
642.9808352351971,9.212000000000000000e+03
643.055475263203,9.147000000000000000e+03
643.1301243499755,9.188000000000000000e+03
643.2047163018128,9.167000000000000000e+03
643.279354524987,9.171000000000000000e+03
643.3539438476895,9.209000000000000000e+03
643.4285877299418,9.172000000000000000e+03
643.5032406530961,9.227000000000000000e+03
643.5778197789244,9.197000000000000000e+03
643.6524659081414,9.195000000000000000e+03
643.7270464782921,9.171000000000000000e+03
643.8016982163535,9.162000000000000000e+03
643.876284355504,9.227000000000000000e+03
643.9509292459394,9.199000000000000000e+03
644.0255084918365,9.206000000000000000e+03
644.1001589469886,9.197000000000000000e+03
644.1747437177227,9.225000000000000000e+03
644.2493250109602,9.214000000000000000e+03
644.3239775458864,9.192000000000000000e+03
644.3985601811679,9.191000000000000000e+03
644.4731434709971,9.196000000000000000e+03
644.5477855716856,9.251000000000000000e+03
644.6223743228242,9.207000000000000000e+03
644.6969595574612,9.207000000000000000e+03
644.7715495817692,9.217000000000000000e+03
644.8461901340061,9.250000000000000000e+03
644.9207731033271,9.240000000000000000e+03
644.9953650068094,9.248000000000000000e+03
645.0699450389038,9.266000000000000000e+03
645.1445298338459,9.204000000000000000e+03
645.219177672042,9.256000000000000000e+03
645.2937678340779,9.232000000000000000e+03
645.3683419239809,9.275000000000000000e+03
645.4429290863851,9.313000000000000000e+03
645.5175168235929,9.272000000000000000e+03
645.5921051300253,9.307000000000000000e+03
645.6666898312457,9.274000000000000000e+03
645.7412750885978,9.290000000000000000e+03
645.8158525549321,9.309000000000000000e+03
645.8904389058563,9.286000000000000000e+03
645.9650299688499,9.301000000000000000e+03
646.0396090465212,9.304000000000000000e+03
646.1141969977764,9.350000000000000000e+03
646.1887812959989,9.298000000000000000e+03
646.2633076373747,9.328000000000000000e+03
646.3378845915109,9.310000000000000000e+03
646.4124787595719,9.352000000000000000e+03
646.4870608913304,9.359000000000000000e+03
646.5616476941717,9.359000000000000000e+03
646.6361722632304,9.387000000000000000e+03
646.7107558375826,9.311000000000000000e+03
646.7853440690486,9.380000000000000000e+03
646.859928586342,9.354000000000000000e+03
646.9344466023072,9.373000000000000000e+03
647.0090362098298,9.329000000000000000e+03
647.083622083392,9.376000000000000000e+03
647.1581413924066,9.383000000000000000e+03
647.2327239470708,9.402000000000000000e+03
647.307306934167,9.400000000000000000e+03
647.3818400556567,9.373000000000000000e+03
647.456419687093,9.435000000000000000e+03
647.5309452235595,9.421000000000000000e+03
647.6055298578293,9.417000000000000000e+03
647.6800561677495,9.411000000000000000e+03
647.7546415911931,9.414000000000000000e+03
647.829164455096,9.444000000000000000e+03
647.9037464463057,9.472000000000000000e+03
647.9782700344881,9.461000000000000000e+03
648.0527939695423,9.482000000000000000e+03
648.1273854568424,9.477000000000000000e+03
648.2019100840658,9.445000000000000000e+03
648.2764938778582,9.512000000000000000e+03
648.3510107654179,9.489000000000000000e+03
648.425536376692,9.503000000000000000e+03
648.5000623007427,9.521000000000000000e+03
648.5746432162518,9.479000000000000000e+03
648.6491655538866,9.518000000000000000e+03
648.7236881852804,9.516000000000000000e+03
648.7982195235151,9.546000000000000000e+03
648.8728058826379,9.548000000000000000e+03
648.9473293775359,9.569000000000000000e+03
649.0218489310823,9.579000000000000000e+03
649.0963729611857,9.557000000000000000e+03
649.1708972508054,9.577000000000000000e+03
649.2454260094211,9.531000000000000000e+03
649.3199508018886,9.549000000000000000e+03
649.3944716195824,9.573000000000000000e+03
649.4689926719741,9.589000000000000000e+03
649.5435181724034,9.631000000000000000e+03
649.6180396779724,9.610000000000000000e+03
649.6925698430567,9.610000000000000000e+03
649.7670917798398,9.621000000000000000e+03
649.8416139226556,9.604000000000000000e+03
649.9161320418531,9.646000000000000000e+03
649.9906588034178,9.608000000000000000e+03
650.0651815298742,9.671000000000000000e+03
650.1397086661992,9.683000000000000000e+03
650.2142317539774,9.653000000000000000e+03
650.2887550133019,9.637000000000000000e+03
650.3632192222857,9.637000000000000000e+03
650.4377470245496,9.683000000000000000e+03
650.5122665196939,9.635000000000000000e+03
650.5867946266628,9.702000000000000000e+03
650.6612551406859,9.720000000000000000e+03
650.7357750465694,9.656000000000000000e+03
650.8103035527816,9.706000000000000000e+03
650.8847644021826,9.756000000000000000e+03
650.9592931417967,9.771000000000000000e+03
651.0338092818513,9.754000000000000000e+03
651.1082704136296,9.761000000000000000e+03
651.182799464824,9.772000000000000000e+03
651.2572649940395,9.792000000000000000e+03
651.3317857370804,9.802000000000000000e+03
651.4062556434649,9.814000000000000000e+03
651.4807807792504,9.817000000000000000e+03
651.5552380644563,9.859000000000000000e+03
651.6297548330812,9.871000000000000000e+03
651.7042206933047,9.816000000000000000e+03
651.7787503045504,9.871000000000000000e+03
651.8532162309156,9.897000000000000000e+03
651.9277374256133,9.900000000000000000e+03
652.0021948907765,9.863000000000000000e+03
652.0766608615594,9.865000000000000000e+03
652.1511863740992,9.940000000000000000e+03
652.2256523518495,9.896000000000000000e+03
652.3001055526772,9.932000000000000000e+03
652.3745757534864,9.964000000000000000e+03
652.4490927583861,9.968000000000000000e+03
652.523554404734,9.980000000000000000e+03
652.5980245314129,1.002700000000000000e+04
652.6724818393412,1.001700000000000000e+04
652.7469518786384,1.003500000000000000e+04
652.8214730080308,1.006200000000000000e+04
652.8959386884019,1.008700000000000000e+04
652.9703957767102,1.006500000000000000e+04
653.0448655846427,1.010200000000000000e+04
653.1193267868492,1.014700000000000000e+04
653.1937879048733,1.017200000000000000e+04
653.268253200443,1.015100000000000000e+04
653.3427141334746,1.019100000000000000e+04
653.417174964718,1.018200000000000000e+04
653.4916399588126,1.022700000000000000e+04
653.5661005698283,1.021500000000000000e+04
653.640569606346,1.025300000000000000e+04
653.7150299745911,1.023900000000000000e+04
653.7894902116518,1.021200000000000000e+04
653.8638947316973,1.027200000000000000e+04
653.938354676066,1.031400000000000000e+04
653.9927330350457,1.031501113435135449e+04
654.0128144715792,1.035200000000000000e+04
654.0673848929049,1.035181493492714981e+04
654.0872783906434,1.036800000000000000e+04
654.1419639360352,1.036375130268146131e+04
654.1617421510075,1.037000000000000000e+04
654.2166156285444,1.040552858982155340e+04
654.2361458232748,1.037000000000000000e+04
654.2911987423258,1.040055510325725663e+04
654.3658416830104,1.041448086563728793e+04
654.4404288467964,1.049704074260461311e+04
654.5150758549863,1.043934829845877175e+04
654.5897184695584,1.048112558559886384e+04
654.664305251433,1.051792938617465916e+04
654.7389476142009,1.058556880344909405e+04
654.8135383948625,1.058556880344909405e+04
654.888184771955,1.064127185296921743e+04
654.9627666643294,1.063033018252776492e+04
655.0373526739268,1.066912337772927822e+04
655.1119985900768,1.071985294068510484e+04
655.1865885451579,1.075367264932232320e+04
655.2612255432555,1.080838100152958577e+04
655.3358194230502,1.083424313166392858e+04
655.4104603574718,1.083921661822822534e+04
655.4850452543039,1.089989315431264549e+04
655.5596986994234,1.089392497043548974e+04
655.634274582699,1.094365983607845737e+04
655.7088674352764,1.096952196621280018e+04
655.7835073665872,1.100831516141431348e+04
655.8580911670134,1.104611365930296961e+04
655.9327392618014,1.105009244855440556e+04
656.0073268888157,1.105009244855440556e+04
656.0819099586474,1.117741370460040162e+04
656.1565530436084,1.113265232552173075e+04
656.2311355998527,1.122316978099193148e+04
656.3057308056235,1.125897888425486781e+04
656.3803688222278,1.133755997197075521e+04
656.454954867795,1.127091525200917931e+04
656.5295449351327,1.139525241611659658e+04
656.6041821341065,1.136740089135653579e+04
656.6787759333997,1.138928423223944083e+04
656.7533564903902,1.144996076832386098e+04
656.8279410471957,1.146289183339103147e+04
656.9025856984958,1.156037217005124694e+04
656.9771696261503,1.154744110498407645e+04
657.0517532233856,1.160612824644277680e+04
657.1264055746188,1.164293204701857212e+04
657.2009928278474,1.167078357177863472e+04
657.2755710944062,1.170957676698014802e+04
657.3501576467798,1.172549192398589730e+04
657.4247438407015,1.182197756333325378e+04
657.4993858698668,1.181103589289180127e+04
657.573971341612,1.187469652091479838e+04
657.6485607618943,1.190851622955201674e+04
657.7231498016442,1.198610261995504516e+04
657.7977341278665,1.200301247427365342e+04
657.87237432304,1.203683218291087178e+04
657.9469621958759,1.205374203722948005e+04
658.0215410042488,1.218603677983977286e+04
658.0961280598617,1.218504208252691205e+04
658.1707146988002,1.223079815891844191e+04
658.2453009150308,1.227754893262283076e+04
658.3198867025178,1.229644818156715883e+04
658.3945327428875,1.236707169078017250e+04
658.4691220043352,1.239591791285309228e+04
658.5437021472852,1.241581185911027933e+04
658.6182818353581,1.247648839519469948e+04
658.69286974003,1.250433991995476026e+04
658.767461521399,1.257794752110635272e+04
658.8420354727173,1.257496342916777394e+04
658.9166306515345,1.266249679269939588e+04
658.9912079822875,1.270327938252662898e+04
659.0657935091809,1.279081274605825092e+04
659.140382887388,1.284253700632693653e+04
659.2149717681472,1.288928778003132538e+04
659.289551452134,1.290221884509849770e+04
659.3641306225966,1.295394310536718331e+04
659.438717970647,1.301362494413874265e+04
659.5133047969533,1.306534920440742826e+04
659.5878910954348,1.308623784797747430e+04
659.6624768600082,1.313597271362044194e+04
659.7370620845874,1.320162273626915885e+04
659.8116467630838,1.328517731054934302e+04
659.8862265349078,1.338763113377385525e+04
659.9608101019778,1.336475309557808941e+04
660.0354018176174,1.344134478866825884e+04
660.1099798943757,1.351196829788127252e+04
660.1845748263452,1.357960771515570741e+04
660.259151743867,1.357761832052998943e+04
660.333684466581,1.367410395987734410e+04
660.4082645480388,1.369300320882167216e+04
660.4828527532469,1.379346763742046460e+04
660.5574316285567,1.387801690901350958e+04
660.6320229836718,1.385911766006918151e+04
660.7066049946801,1.394267223434936568e+04
660.7811820158635,1.401727453281381713e+04
660.8557147324121,1.404114726832244014e+04
660.9302992109782,1.414260639423409339e+04
661.0048830496228,1.413265942110549986e+04
661.0794662422122,1.423809733626859088e+04
661.1540575251042,1.432861479173878979e+04
661.2285781978873,1.430673145085588476e+04
661.3031681500861,1.444797846928191029e+04
661.3777399387936,1.447781938866769087e+04
661.452332922751,1.457629442264076533e+04
661.5269208535378,1.461508761784228045e+04
661.6014380645663,1.466183839154666930e+04
661.6760289813253,1.468073764049099555e+04
661.7506148234904,1.477821797715121102e+04
661.8251298800592,1.481303238310128836e+04
661.8997142930884,1.490454453588434808e+04
661.9743067544003,1.498213092628737650e+04
662.0488853483158,1.502589760805318656e+04
662.1234149871826,1.509652111726620024e+04
662.198000873726,1.515918704797633836e+04
662.2725860216412,1.520195903242929126e+04
662.347104619191,1.525567268732369484e+04
662.4216882564932,1.530938634221809843e+04
662.4962184684717,1.536707878636394162e+04
662.570804963388,1.544068638751553226e+04
662.6453862997457,1.546157503108557830e+04
662.7199097646629,1.554612430267862146e+04
662.7944939234665,1.556402885431009054e+04
662.869086084027,1.568140313722749306e+04
662.9436071371093,1.578087286851342651e+04
663.0181889069928,1.581966606371493981e+04
663.0927083152421,1.589824715143082904e+04
663.1673016492832,1.588631078367651571e+04
663.2418237897235,1.599075400152674774e+04
663.3164110793576,1.608525024624838443e+04
663.3909359310869,1.606933508924263515e+04
663.4655171474956,1.612105934951132076e+04
663.5400358838839,1.620759801573008372e+04
663.6146198039338,1.631900411477032867e+04
663.6891500154543,1.637172307235187327e+04
663.763736622158,1.648511856601783802e+04
663.8382518588492,1.651794357734219739e+04
663.9128411292601,1.653783752359938444e+04
663.9873589874919,1.667510575277397220e+04
664.0619509026042,1.670395197484689197e+04
664.136471363353,1.680043761419424845e+04
664.211061492379,1.684917778252435892e+04
664.285584535613,1.691482780517307401e+04
664.3601640270679,1.696058388156460205e+04
664.4346852160202,1.702523920690045998e+04
664.5092142934612,1.704911194240908299e+04
664.5838042596656,1.707795816448200640e+04
664.6583226187805,1.722318397215946970e+04
664.7328488535421,1.734851583357974596e+04
664.8074315802052,1.741615525085418267e+04
664.881960314152,1.744301207830138446e+04
664.9565455552175,1.756535984778308193e+04
665.031072346548,1.764791972475040893e+04
665.1055937270582,1.766980306563331396e+04
665.1801096874939,1.772749550977915351e+04
665.2546998800744,1.774738945603634056e+04
665.3292271235769,1.789758875027810063e+04
665.4037489291384,1.789858344759096144e+04
665.4783361453115,1.800601075737976862e+04
665.5528603518749,1.809652821284997117e+04
665.6273790986409,1.817411460325299777e+04
665.7019056711048,1.819500324682304563e+04
665.7764932599148,1.827855782110322980e+04
665.8510088931856,1.840190028789778808e+04
665.9255412083346,1.849838592724514092e+04
666.0000591620371,1.849938062455800173e+04
666.0746470335703,1.855408897676526612e+04
666.1491717378727,1.866151628655407330e+04
666.2236953664843,1.873910267695710354e+04
666.2982179130853,1.878585345066149239e+04
666.3727393713534,1.884752468405877153e+04
666.4472686180028,1.893406335027753448e+04
666.5218500778012,1.903751187081490571e+04
666.5963682490049,1.911211416927935352e+04
666.670894195563,1.917577479730235427e+04
666.7454190261132,1.919964753281097728e+04
666.8199427343175,1.928519150171687943e+04
666.8944653138359,1.942146503357861002e+04
666.9689912068017,1.938764532494139348e+04
667.043515960381,1.951198248904880893e+04
667.1180440186909,1.959752645795471472e+04
667.1925664754452,1.962139919346333772e+04
667.2671501081187,1.967411815104488414e+04
667.3416747090137,1.984122729960525248e+04
667.4162025951904,1.982332274797378341e+04
667.4907159415177,1.989295155987393809e+04
667.5652459277131,2.001430463204277476e+04
667.6397747296355,2.009388041707152297e+04
667.7142934240692,2.016848271553597442e+04
667.7888198363478,2.023910622474898628e+04
667.8633405848258,2.034156004797350033e+04
667.9378645829604,2.031868200977773449e+04
668.0123873649534,2.045694493626518306e+04
668.0868509002132,2.050170631534385393e+04
668.1613801466233,2.055740936486397550e+04
668.235899230937,2.060913362513266111e+04
668.3104215399541,2.073943897311723413e+04
668.3849470702704,2.079812611457593812e+04
668.4594713500996,2.090754281899046327e+04
668.533998842422,2.082995642858743668e+04
668.6085250734534,2.099607087983494421e+04
668.683041094052,2.106470499442223809e+04
668.7575647813001,2.115422775257957983e+04
668.8320290343215,2.120893610478684423e+04
668.9065546155499,2.132034220382709100e+04
668.9810833808008,2.132730508501710574e+04
669.0555974212344,2.141881723780016546e+04
669.130128062917,2.150734529864464639e+04
669.2046529196529,2.155708016428761402e+04
669.2791182298785,2.164461352781923415e+04
669.3536314765041,2.169534309077506259e+04
669.4281657979723,2.170230597196507733e+04
669.5026898264498,2.180177570325100896e+04
669.57714526615,2.193307574854844279e+04
669.65167108008,2.191517119691697371e+04
669.7261910590614,2.204050305833724997e+04
669.8007186526492,2.208824852935449962e+04
669.8751865504684,2.218871295795329206e+04
669.949711403622,2.224938949403771403e+04
670.0242348833766,2.221656448271335466e+04
670.0987480026345,2.234289104144649173e+04
670.1732193096983,2.240655166946948884e+04
670.2477431098745,2.245230774586101688e+04
670.3222655128286,2.244633956198386295e+04
670.396728085964,2.251198958463257804e+04
670.471252157415,2.257067672609127840e+04
670.5457118658269,2.265721539231004135e+04
670.6202330875843,2.272187071764589928e+04
670.6947618784129,2.273082299346163200e+04
670.7692307481261,2.286510713069764461e+04
670.8437476587868,2.289594274739628236e+04
670.918213608017,2.288500107695483166e+04
670.9927321095302,2.295164579691640756e+04
671.0672536563986,2.302525339806799821e+04
671.1417196890736,2.300933824106224711e+04
671.216251808498,2.306802538252095110e+04
671.290714863808,2.323612922839417661e+04
671.3652395155675,2.331868910536150361e+04
671.4396995665256,2.315157995680113527e+04
671.5142212289395,2.329083758060144100e+04
671.5886872701645,2.336444518175303165e+04
671.6632104305353,2.336643457637875326e+04
671.7376734223737,2.345794672916180934e+04
671.812193546355,2.354349069806771513e+04
671.8866579770747,2.350768159480477698e+04
671.9611795549314,2.353155433031340363e+04
672.0356408881489,2.356537403895062016e+04
672.1101096909673,2.365390209979510109e+04
672.1846266277597,2.367678013799086693e+04
672.2590968192625,2.371656803050524104e+04
672.3336151557181,2.377624986927679856e+04
672.4080821944679,2.374044076601386405e+04
672.482543119204,2.374143546332672122e+04
672.5570657703272,2.383891579998693851e+04
672.63152802642,2.383394231342264175e+04
672.705997721871,2.392644916351855863e+04
672.7805155931686,2.398513630497726263e+04
672.854982065397,2.392843855814428025e+04
672.9294423823377,2.396026887215577881e+04
673.0039644745739,2.403686056524594824e+04
673.0784260583234,2.411146286371039605e+04
673.152895058153,2.410947346908467807e+04
673.2274213293804,2.415821363741478490e+04
673.3018779706365,2.416517651860480328e+04
673.3763374799411,2.414229848040903744e+04
673.4508043890924,2.415224545353763097e+04
673.5252650884476,2.428851898539936155e+04
673.5997967036512,2.424773639557212664e+04
673.6742585868221,2.425072048751070542e+04
673.748714237457,2.429946065584081225e+04
673.823186347847,2.423381063319209716e+04
673.8976385924067,2.431338641822084173e+04
673.9721663425748,2.435217961342235867e+04
674.0466287979216,2.433924854835518636e+04
674.1210895311846,2.435615840267379463e+04
674.1955530811653,2.441981903069679174e+04
674.2700239906791,2.431139702359512376e+04
674.3444795221271,2.435814779729951260e+04
674.4189469503236,2.438301523012099642e+04
674.49346722243,2.439793568981388671e+04
674.567935708377,2.436411598117667018e+04
674.6424024340591,2.445264404202115111e+04
674.7168582880072,2.438997811131101116e+04
674.7913214713103,2.442280312263537053e+04
674.8657783200656,2.439694099250102954e+04
674.940251601854,2.443971297695397880e+04
675.0147094269751,2.443175539845110325e+04
675.0891700095718,2.445662283127258706e+04
675.1636379044918,2.440688796562961943e+04
675.2380994327431,2.432930157522659283e+04
675.312554584676,2.434322733760662231e+04
675.3870261580195,2.434919552148377988e+04
675.4614822208301,2.438003113818241764e+04
675.5359547018315,2.435715309998665543e+04
675.610407090499,2.436013719192523058e+04
675.6848804576179,2.434621142954520110e+04
675.7593337130725,2.429448716927651549e+04
675.8338033782419,2.431736520747228133e+04
675.9082026566803,2.430443414240510901e+04
675.9826594431638,2.423381063319209716e+04
676.0571234944312,2.422286896275064282e+04
676.1315948098625,2.425370457944928421e+04
676.2060550986515,2.422286896275064282e+04
676.2805134951972,2.411643635027469281e+04
676.3549745673919,2.410549467983324212e+04
676.4293879803434,2.408162194432461547e+04
676.5038498052293,2.405277572225169570e+04
676.5783051376296,2.395131659634004245e+04
676.6527677036122,2.402392950017877592e+04
676.7272329229447,2.394932720171432447e+04
676.8016366634976,2.396026887215577881e+04
676.8761025828228,2.386477793012127950e+04
676.9505619772531,2.388168778443989140e+04
677.0250240043307,2.385682035161840759e+04
677.0994290601088,2.376431350152248706e+04
677.1738917427178,2.373745667407528526e+04
677.2483524582894,2.371656803050524104e+04
677.3227561481843,2.361908769384502375e+04
677.3972128974716,2.358128919595636762e+04
677.4716768389669,2.351464447599479172e+04
677.5461433813275,2.355244297388344785e+04
677.6205482371186,2.346192551841324894e+04
677.6950015852051,2.343805278290462593e+04
677.7694069841688,2.342114292858601402e+04
677.8438746703705,2.336146108981445650e+04
677.9183311477581,2.331570501342292482e+04
677.9927396296163,2.318539966543835180e+04
678.0672012294622,2.314561177292397770e+04
678.1416056066512,2.309289281534243491e+04
678.2160631125909,2.309090342071671330e+04
678.2905277690969,2.293772003453637808e+04
678.3649259468506,2.286510713069764461e+04
678.4393864750938,2.286212303875906582e+04
678.513798898065,2.276762679403743095e+04
678.5882598799376,2.273082299346163200e+04
678.6626543015428,2.269501389019869748e+04
678.7371249257566,2.263234795948855754e+04
678.8115243461227,2.256072975296268487e+04
678.8859815585386,2.246722820555390717e+04
678.9603905685974,2.247220169211820394e+04
679.0348481677615,2.234786452801078849e+04
679.1092529209583,2.227624632148491582e+04
679.1836509171139,2.223446903434482374e+04
679.2581113551571,2.214494627618748200e+04
679.3325235125415,2.208029095085162407e+04
679.4069842868593,2.202060911208006655e+04
679.481378280968,2.195495908943134782e+04
679.5557839509504,2.188135148827975718e+04
679.6302474888498,2.178685524355811867e+04
679.704648807749,2.173712037791515468e+04
679.7790525553501,2.167445444720501473e+04
679.8535234360058,2.157399001860622229e+04
679.9279135518302,2.157100592666764351e+04
680.0023245731195,2.148347256313601974e+04
680.076784258521,2.140887026467157193e+04
680.1511816092886,2.129448007369274637e+04
680.2255859851732,2.126066036505552984e+04
680.3000482943368,2.117312700152390607e+04
680.374448213023,2.111443986006520572e+04
680.4488412562114,2.105177392935506941e+04
680.5232552007656,2.094036783031482264e+04
680.5976576301395,2.091251630555476004e+04
680.6721226617578,2.080011550920165610e+04
680.7465159407645,2.069666698866428487e+04
680.8209254830051,2.062504878213841221e+04
680.8953281128896,2.055442527292539671e+04
680.969723820552,2.051264798578530463e+04
681.0441775310805,2.046589721208091578e+04
681.118582574998,2.035051232378923305e+04
681.1929806772104,2.028088351188907836e+04
681.2673996753556,2.028287290651479998e+04
681.3418070819359,2.010084329826153771e+04
681.4162075273074,2.010780617945155609e+04
681.4906056458781,1.998346901534413701e+04
681.5649921401839,1.989394625718679526e+04
681.6393995215485,1.982630683991236219e+04
681.7137999143118,1.980740759096803231e+04
681.7882165503345,1.971987422743641218e+04
681.8626680324036,1.966019238866485102e+04
681.9370706711479,1.959056357676469634e+04
682.0114662918298,1.953684992187029275e+04
682.0858781465969,1.943141200670720355e+04
682.1602876270566,1.937570895718708198e+04
682.234615600839,1.934984682705273735e+04
682.3090342611832,1.918771116505666578e+04
682.3834179373963,1.919964753281097728e+04
682.4578224911205,1.909719370958646687e+04
682.5322153211919,1.898479291323335929e+04
682.6066290312607,1.901164974068056108e+04
682.6810356664762,1.891118531208176864e+04
682.7554352169042,1.888830727388600280e+04
682.8298276726078,1.875004434739855424e+04
682.9042363415565,1.862670188060399596e+04
682.9786379060591,1.864361173492260787e+04
683.052985700029,1.853021624125664312e+04
683.1273776822683,1.850435411112229849e+04
683.2017812028357,1.839394270939491253e+04
683.2761822579863,1.836012300075769599e+04
683.3505948498541,1.823280174471169812e+04
683.4249816151049,1.818107748444301251e+04
683.4993378598623,1.809553351553711036e+04
683.5737336498651,1.808160775315708088e+04
683.6481222681783,1.799109029768687833e+04
683.7225270786547,1.786277434432802329e+04
683.7968779498492,1.787570540939519560e+04
683.8712683772519,1.781701826793649525e+04
683.9456749923205,1.776529400766780964e+04
684.0200089024875,1.765886139519185963e+04
684.0944244901342,1.754347650690017690e+04
684.1688141432852,1.752855604720728661e+04
684.2431731578488,1.744500147292710244e+04
684.3175670692367,1.734453704432831000e+04
684.3919584235521,1.730872794106537185e+04
684.4662956794946,1.723710973453949919e+04
684.5407193753053,1.716449683070076935e+04
684.6151123876289,1.700832935258185171e+04
684.689455939193,1.698147252513464991e+04
684.7638578398391,1.681137928463570279e+04
684.8382055615216,1.674473456467412689e+04
684.9125975757681,1.668007923933826896e+04
684.9870010616816,1.667808984471255098e+04
685.0613315458365,1.656867314029802219e+04
685.1357438810281,1.646124583050921501e+04
685.2100831760683,1.637669655891617003e+04
685.2844855664139,1.628617910344597112e+04
685.3588336587155,1.622450787004869198e+04
685.4332213760933,1.619168285872433444e+04
685.5075782509971,1.616482603127713082e+04
685.5819089583205,1.613697450651707004e+04
685.6563216044284,1.611608586294702400e+04
685.7306563603778,1.609221312743839917e+04
685.8050589720733,1.605341993223688587e+04
685.8794024621719,1.603551538060541679e+04
685.9537903041233,1.591117821649799953e+04
686.0281472199982,1.588233199442507976e+04
686.1024731844336,1.581568727446350385e+04
686.1768811733403,1.574207967331191139e+04
686.2512158243778,1.566946676947317974e+04
686.3255665827462,1.558392280056727759e+04
686.3999617223745,1.554512960536576247e+04
686.4742975925424,1.541681365200690743e+04
686.5486495653337,1.539990379768829916e+04
686.6230412185406,1.531634922340811499e+04
686.6973829775881,1.520593782168072721e+04
686.7717408365776,1.513829840440629232e+04
686.8460676249846,1.508060596026045096e+04
686.920476563722,1.506668019788041966e+04
686.9948119535088,1.495825819077875167e+04
687.0691634335083,1.490852332513578585e+04
687.1434837923248,1.485580436755423943e+04
687.2178910716232,1.475633463626830599e+04
687.2922436114384,1.467476945661383979e+04
687.3665697193694,1.463199747216088872e+04
687.4409071790424,1.458723609308221785e+04
687.5152607193801,1.451163909730490923e+04
687.5896114344212,1.441415876064469376e+04
687.6639309442114,1.438630723588463115e+04
687.7383327394424,1.429181099116299447e+04
687.8126844041321,1.429479508310157325e+04
687.8870284875072,1.421720869269854484e+04
687.9613649794371,1.416647912974271821e+04
688.0357175394452,1.406502000383106497e+04
688.1100388231959,1.399936998118234806e+04
688.1843761649789,1.394764572091366244e+04
688.2587343070002,1.390288434183499339e+04
688.3330800913666,1.382231385949338619e+04
688.4074182439083,1.378551005891759087e+04
688.4817534945465,1.376661080997326280e+04
688.556104800579,1.374273807446463979e+04
688.6304200038998,1.365222061899443906e+04
688.7047797093452,1.356170316352423833e+04
688.7791080338786,1.346322812955116387e+04
688.8534524038824,1.349008495699836749e+04
688.9277890934775,1.345129176179685237e+04
689.0021418286908,1.337072127945524517e+04
689.0764868733971,1.330706065143224805e+04
689.1507577273879,1.328119852129790524e+04
689.2250873462091,1.321455380133632934e+04
689.2994377520117,1.315885075181620596e+04
689.3737756865256,1.314790908137475344e+04
689.4481106432635,1.305142344202739696e+04
689.5224616327603,1.304346586352452323e+04
689.5968001275772,1.300168857638443114e+04
689.6710880627454,1.297383705162436854e+04
689.745415792651,1.288232489884131064e+04
689.8197595452868,1.286939383377413833e+04
689.8941002876792,1.281369078425401494e+04
689.968380885931,1.270924756640378473e+04
690.0427250973174,1.271521575028094048e+04
690.1170662811704,1.269532180402375343e+04
690.1913949030705,1.259286798079924301e+04
690.2656966557213,1.258192631035778868e+04
690.3400334706062,1.250533461726762107e+04
690.4143672314507,1.253119674740196388e+04
690.4886454859029,1.244863687043463869e+04
690.5629874122526,1.242874292417745164e+04
690.6373214994773,1.241282776717170236e+04
690.7116000290887,1.237502926928304623e+04
690.7859422563533,1.231037394394719013e+04
690.8602336681432,1.229445878694144085e+04
690.9345601567937,1.222582467235414515e+04
691.0089026400582,1.217211101745974156e+04
691.0831942596561,1.219101026640406963e+04
691.157520963373,1.213331782225822644e+04
691.2318206545044,1.209154053511813436e+04
691.3061602170517,1.202787990709513724e+04
691.380444070193,1.200002838233507646e+04
691.45476779478,1.196819806832357608e+04
691.5290596795087,1.195228291131782680e+04
691.6033914459812,1.190951092686487573e+04
691.6776674311591,1.190254804567486099e+04
691.7520072241363,1.179810482782462896e+04
691.8262959912287,1.180208361707606673e+04
691.900643801485,1.179213664394747320e+04
691.9749166156074,1.176527981650027141e+04
692.0492005879099,1.174339647561736638e+04
692.123529252891,1.169465630728725773e+04
692.1978259721524,1.163298507388997859e+04
692.2721578136724,1.159618127331418327e+04
692.3464385130854,1.157131384049269946e+04
692.4207159769667,1.159618127331418327e+04
692.4950525395182,1.153550473722976312e+04
692.56933311711,1.146488122801675127e+04
692.6436056440851,1.144498728175956421e+04
692.7179660817585,1.143106151937953291e+04
692.7922272967613,1.138132665373656710e+04
692.8665236380322,1.141912515162522141e+04
692.9407927013435,1.138132665373656710e+04
693.0151497288059,1.128185692245063183e+04
693.089421837627,1.129379329020494515e+04
693.1636906489606,1.129279859289208434e+04
693.2379753787236,1.120427053204760341e+04
693.3122568047582,1.122217508367907249e+04
693.3865926140129,1.116249324490751133e+04
693.4608818498604,1.114757278521462104e+04
693.5351581466051,1.112568944433171600e+04
693.6094263017561,1.109883261688451421e+04
693.6837151767944,1.102920380498435952e+04
693.7579910889119,1.099936288559857894e+04
693.8322636527323,1.097946893934139371e+04
693.906552121247,1.096653787427422139e+04
693.9808998444166,1.091381891669267679e+04
694.0551719756728,1.091680300863125376e+04
694.1294600063287,1.093072877101128506e+04
694.2037398455482,1.085413707792111563e+04
694.2780114829652,1.081434918540674335e+04
694.3522990144666,1.080937569884244658e+04
694.426583156023,1.075068855738374441e+04
694.5008542537265,1.073875218962943291e+04
694.5751412401826,1.074372567619372967e+04
694.6494248189764,1.065519761534924874e+04
694.723700156412,1.065022412878495197e+04
694.7979624146619,1.063928245834349946e+04
694.8721970948218,1.056468015987904801e+04
694.9464717871994,1.056666955450476780e+04
695.0207623596758,1.057363243569478254e+04
695.0950205016327,1.049903013723033109e+04
695.1693186762369,1.048510437485030161e+04
695.2435843995215,1.046322103396739476e+04
695.3178708269531,1.041647026026300591e+04
695.3921441168008,1.043338011458161600e+04
695.4663655616765,1.035678842149144657e+04
695.5406463919401,1.036076721074288434e+04
695.6149237361514,1.033987856717283830e+04
695.6892121064967,1.032794219941852498e+04
695.7634969823528,1.030506416122276096e+04
695.8377008859716,1.029312779346844763e+04
695.9119932631442,1.029810128003274440e+04
695.9862772860863,1.022946716544545052e+04
696.06048026933,1.020062094337253075e+04
696.134771767185,1.020261033799824872e+04
696.2090548898484,1.013099213147237606e+04
696.2833296268801,1.015387016966814008e+04
696.3575523255896,1.012104515834378253e+04
696.4318151008928,1.007031559538795591e+04
696.5060403540568,1.006832620076223793e+04
696.58033480532,9.980792837230615987e+03
696.6545965750922,9.997702691549224255e+03
696.7288256373972,1.001560724318069333e+04
696.8030899410923,9.954930707096273181e+03
696.8773263707111,9.959904193660569945e+03
696.9516029071826,9.900222354889008784e+03
697.0258758450395,9.923100393084774623e+03
697.1000868630892,9.851482186558901958e+03
697.1743865928445,9.864413251626072451e+03
697.248609793035,9.833577634927432882e+03
697.3228682493078,9.763948823027280014e+03
697.3970987519848,9.789810953161622820e+03
697.4713645187727,9.758975336462983250e+03
697.5456023130668,9.758975336462983250e+03
697.6198072452165,9.693325313814266337e+03
697.6941009834452,9.734107903641499433e+03
697.7683131711979,9.696309405752845123e+03
697.8425898466292,9.662489697115626768e+03
697.9168092738975,9.633643475042706996e+03
697.9910201305657,9.657516210551330005e+03
698.0653003733468,9.632648777729846188e+03
698.1395184438109,9.578935122835442598e+03
698.2138010478819,9.564014663142552308e+03
698.2880311962213,9.538152533008209502e+03
698.3622527442063,9.522237376002460223e+03
698.4364656813189,9.562025268516834331e+03
698.510738305446,9.499359337806696203e+03
698.5849584048053,9.505327521683851955e+03
698.6591698720874,9.500354035119555192e+03
698.7334703424422,9.435698709783697268e+03
698.8076889513259,9.430725223219400505e+03
698.8818989069066,9.431719920532259493e+03
698.9561050840433,9.417794158152230011e+03
699.030322134609,9.360101714006386828e+03
699.1046038227042,9.368059292509262377e+03
699.1788328602486,9.349160043564934313e+03
699.2530532146016,9.360101714006386828e+03
699.3272599846256,9.327276702682029281e+03
699.4014873980228,9.334239583872044022e+03
699.4757061069474,9.301414572547686475e+03
699.5499161008405,9.277541837039061647e+03
699.6241418428359,9.265605469284750143e+03
699.6983588590565,9.226812274083236844e+03
699.7726405911895,9.197966052010315252e+03
699.8468646290141,9.221838787518940080e+03
699.9210848186354,9.230791063334672799e+03
699.9952913527262,9.195976657384597274e+03
700.0695185244031,9.180061500378847995e+03
700.1437320277023,9.211891814390346553e+03
700.2179661702849,9.163151646060237908e+03
700.2921670152689,9.148231186367347618e+03
700.3663345364773,9.136294818613036114e+03
700.4405423002715,9.102475109975819578e+03
700.5147657911945,9.120379661607286835e+03
700.5889804729994,9.096506926098662007e+03
700.6632108815323,9.015936443757056622e+03
700.7374324701444,9.069650098651460212e+03
700.81164522823,9.026878114198509138e+03
700.8858540575908,9.064676612087163448e+03
700.9600736910871,9.052740244332851944e+03
701.034240242214,9.022899324947071364e+03
701.1084716450022,8.996042497499869569e+03
701.1826646876575,8.961228091549792225e+03
701.2569029402329,8.982116735119838268e+03
701.3311077280009,8.943323539918324968e+03
701.4052790247227,8.994053102874149772e+03
701.4794906151762,8.919450804409700140e+03
701.5537179110803,8.898562160839654098e+03
701.6278673838922,8.939344750666887194e+03
701.7020768472739,8.907514436655388636e+03
701.776302010223,8.873694728018170281e+03
701.8505182480137,8.836890927442374959e+03
701.9246812071539,8.846837900570968486e+03
701.9989091214585,8.824954559688063455e+03
702.0730492261018,8.811028797308032154e+03
702.147283874415,8.845843203258109497e+03
702.2215095672381,8.839875019380953745e+03
702.2956523110257,8.779198483296533595e+03
702.3698847114229,8.821970467749484669e+03
702.4440341206173,8.761293931665064520e+03
702.5182485406029,8.789145456425127122e+03
702.5924786440079,8.737421196156441511e+03
702.6666306251165,8.709569671396378908e+03
702.7408427059752,8.711559066022098705e+03
702.8150013114393,8.711559066022098705e+03
702.8892200349155,8.689675725139191854e+03
702.9633852532902,8.651877227250537544e+03
703.0375414112833,8.645909043373381792e+03
703.1117577094595,8.642924951434803006e+03
703.1859204527385,8.651877227250537544e+03
703.2601235714659,8.639940859496226039e+03
703.3342928843769,8.618057518613321008e+03
703.4085025826428,8.595179480417555169e+03
703.482658658175,8.609105242797586470e+03
703.5568254210807,8.574290836847509127e+03
703.6310325789715,8.561359771780338633e+03
703.7052108243134,8.556386285216041870e+03
703.7793551808122,8.564343863718915600e+03
703.8535845204474,8.526545365830261289e+03
703.9277353723147,8.531518852394558053e+03
704.0019018493869,8.482778684064449408e+03
704.0760542132163,8.520577181953105537e+03
704.1502767406283,8.488746867941605160e+03
704.2244157321018,8.460895343181544376e+03
704.2985752975638,8.459900645868685388e+03
704.3727455222629,8.450948370052950850e+03
704.4469065581811,8.429065029170045818e+03
704.5211080295742,8.397234715158547260e+03
704.5952804534251,8.376346071588501218e+03
704.6694387032167,8.381319558152797981e+03
704.7435926983363,8.359436217269891131e+03
704.8177573342106,8.373361979649922432e+03
704.891917706452,8.349489244141297604e+03
704.9660688376695,8.357446822644173153e+03
705.0402107171044,8.355457428018455175e+03
705.114442771257,8.312685443565502283e+03
705.1885910002947,8.271902853738269187e+03
705.2627548254902,8.282844524179723521e+03
705.3369093767561,8.305722562375487541e+03
705.4110795235591,8.277871037615426758e+03
705.485220476971,8.245046026291067392e+03
705.5593969294841,8.253003604793942941e+03
705.6335441691415,8.247035420916787189e+03
705.7077020144703,8.222167988095303372e+03
705.7818057106044,8.261955880609675660e+03
705.8559498827009,8.202274041838116318e+03
705.9301096345012,8.212221014966709845e+03
706.0042849709166,8.240072539726770628e+03
706.0784260421825,8.187353582145226028e+03
706.1525826869397,8.178401306329492400e+03
706.2267549100956,8.226146777346741146e+03
706.3008928304606,8.174422517078054625e+03
706.3750014111765,8.145576295005133943e+03
706.4491704615375,8.190337674083803904e+03
706.5233051714449,8.126677046060806788e+03
706.5974853991634,8.150549781569430706e+03
706.6716262730434,8.148560386943711819e+03
706.745737753195,8.119714164870791137e+03
706.8198897594285,8.116730072932213261e+03
706.8940323424436,8.147565689630852830e+03
706.9681405012132,8.092857337423588433e+03
707.0422891955021,8.100814915926463073e+03
707.1164534452462,8.121703559496510024e+03
707.19055823756,8.084899758920713793e+03
707.2647035748213,8.084899758920713793e+03
707.3388694645195,8.056053536847793112e+03
707.4129708410553,8.100814915926463073e+03
707.4871177773351,8.075947483104980165e+03
707.5612752521206,8.101809613239322971e+03
707.6353781699282,8.034170195964888080e+03
707.7095466962406,8.049090655657777461e+03
707.7836305801062,8.080920969669276928e+03
707.857775071609,7.991398211511936097e+03
707.9318899937977,8.051080050283496348e+03
708.0060455013667,8.089873245485010557e+03
708.080146353211,7.988414119573358221e+03
708.1543078510902,8.065005812663527649e+03
708.2283845678539,8.024223222836294553e+03
708.3025520377458,8.000350487327670635e+03
708.3766397017445,8.021239130897716677e+03
708.4508131326904,8.049090655657777461e+03
708.5249067170731,7.966530778690452280e+03
708.5989906956581,7.985430027634780345e+03
708.673160478897,7.958573200187577640e+03
708.7472503492967,7.983440633009061457e+03
708.8213557131089,7.972498962567608942e+03
708.8955017018351,7.995377000763373871e+03
708.9696129404151,7.972498962567608942e+03
709.0436944296144,7.982445935696202469e+03
709.1178618009762,7.976477751819045807e+03
709.1919440994113,7.954594410936140775e+03
709.266041878377,7.943652740494688260e+03
709.3401601743607,7.936689859304672609e+03
709.4143140934323,7.910827729170329803e+03
709.4884130457813,7.958573200187577640e+03
709.5625023052012,7.906848939918892029e+03
709.6366020041326,7.905854242606033040e+03
709.71069703359,7.891928480226001739e+03
709.7848579170291,7.933705767366094733e+03
709.8589587159314,7.852140587711628541e+03
709.9330497882937,7.896901966790298502e+03
710.0071361642808,7.908838334544610916e+03
710.0812329625695,7.873029231281674583e+03
710.1553452280508,7.845177706521612890e+03
710.2294275672397,7.914806518421766668e+03
710.3035203190468,7.847167101147331778e+03
710.3776335778801,7.888944388287423862e+03
710.4517320198205,7.831251944141582499e+03
710.5258257276931,7.805389814007239693e+03
710.599909644176,7.802405722068661817e+03
710.6740090111854,7.818320879074411096e+03
710.7480985754111,7.801411024755801918e+03
710.8222035892967,7.800416327442942929e+03
710.8962987889969,7.830257246828723510e+03
710.9704094374856,7.761623132241428721e+03
711.0444849811654,7.816331484448692208e+03
711.1186012467011,7.777538289247178000e+03
711.1926874434225,7.763612526867147608e+03
711.2667840197356,7.755654948364272968e+03
711.3408251965476,7.732776910168508039e+03
711.4149070955419,7.750681461799976205e+03
711.4890246751831,7.742723883297101565e+03
711.5631121310784,7.723824634352773501e+03
711.6372150180558,7.725814028978492388e+03
711.7112320343467,7.722829937039914512e+03
711.7853404449295,7.728798120917070264e+03
711.8594389533098,7.695973109592711808e+03
711.9335275484821,7.702935990782727458e+03
712.0075605935059,7.637285968134011455e+03
712.0816546727544,7.659169309016916486e+03
712.1557641746032,7.706914780034165233e+03
712.2297927223119,7.645243546636886094e+03
712.3038823260575,7.646238243949745083e+03
712.377992420552,7.633307178882573680e+03
712.4520164203059,7.640270060072589331e+03
712.5261268825731,7.625349600379699041e+03
712.6001562828156,7.673095071396947787e+03
712.6742518579922,7.594513983681059472e+03
712.7483628435643,7.626344297692558030e+03
712.8223876211747,7.630323086943995804e+03
712.8964785986809,7.605455654122511987e+03
712.9705138140855,7.599487470245356235e+03
713.0446101673241,7.615402627251105514e+03
713.1186507279195,7.530853355658061446e+03
713.19275244439,7.571635945485294542e+03
713.2667983376626,7.565667761608138790e+03
713.3408290765726,7.546768512663811634e+03
713.4149057221886,7.557710183105264150e+03
713.4889468476811,7.524885171780905694e+03
713.5630542605719,7.492060160456547237e+03
713.6370752139885,7.505985922836578538e+03
713.71111152602,7.476145003450797958e+03
713.7852141503761,7.486091976579391485e+03
713.8592557248019,7.489076068517969361e+03
713.93328717658,7.508970014775156415e+03
714.0073900636712,7.487086673892250474e+03
714.0814267494405,7.473160911512220082e+03
714.1554583900697,7.463213938383626555e+03
714.2295512937391,7.441330597500721524e+03
714.3035881409775,7.435362413623564862e+03
714.3776148223176,7.432378321684986986e+03
714.451651744311,7.390601034544894901e+03
714.5256835921462,7.436357110936424760e+03
714.5997818492889,7.412484375427799932e+03
714.6738188625989,7.429394229746409110e+03
714.7478712188952,7.430388927059268099e+03
714.8218929356141,7.393585126483472777e+03
714.8959248750398,7.349818444717661805e+03
714.9699721505816,7.387616942606317025e+03
715.044014315487,7.368717693661988960e+03
715.1180411339378,7.371701785600567746e+03
715.1920883966163,7.350813142030521703e+03
715.2661714596333,7.375680574852004611e+03
715.3402238179556,7.385627547980598138e+03
715.4142403295658,7.333903287711912526e+03
715.488267040557,7.369712390974848859e+03
715.5623141930947,7.345839655466224940e+03
715.6363510669913,7.337882076963350301e+03
715.7103315493897,7.350813142030521703e+03
715.784373440411,7.327935103834756774e+03
715.8584050299637,7.284168422068945802e+03
715.932426306901,7.339871471589068278e+03
716.0064680199878,7.335892682337631413e+03
716.080494283165,7.312019946829006585e+03
716.1545409835085,7.333903287711912526e+03
716.2285722201125,7.342855563527646154e+03
716.3025469314863,7.335892682337631413e+03
716.3765882447348,7.312019946829006585e+03
716.4506192011959,7.299088881761835182e+03
716.5246654600803,7.283173724756085903e+03
716.5987013504475,7.319977525331882134e+03
716.6726754991479,7.320972222644741123e+03
716.7467162946405,7.310030552203288607e+03
716.8207466986998,7.302072973700413968e+03
716.8947667001454,7.262285081186039861e+03
716.9687557260248,7.277205540878930151e+03
717.0427805919613,7.281184330130367925e+03
717.116825887731,7.269247962376055511e+03
717.1908093232216,7.233438859113119179e+03
717.2648286044712,7.268253265063196523e+03
717.3388168541977,7.255322199996024210e+03
717.4128461038251,7.277205540878930151e+03
717.4868906346427,7.254327502683165221e+03
717.5608474726536,7.246369924180290582e+03
717.6348968087937,7.223491885984525652e+03
717.7088584084709,7.191661571973027094e+03
717.7828867763504,7.191661571973027094e+03
717.8568840385082,7.207576728978776373e+03
717.9309171761972,7.218518399420228889e+03
718.0048882559898,7.218518399420228889e+03
718.0789313004857,7.208571426291635362e+03
718.1528864689565,7.204592637040198497e+03
718.2268775063203,7.185693388095870432e+03
718.300914749167,7.223491885984525652e+03
718.3748898482226,7.204592637040198497e+03
718.4489059941204,7.199619150475901733e+03
718.5228857662477,7.181714598844433567e+03
718.5968549564894,7.163810047212965401e+03
718.6708910267723,7.157841863335809649e+03
718.7448648651658,7.181714598844433567e+03
718.8188539335962,7.180719901531574578e+03
718.8928117241455,7.176741112280136804e+03
718.9668571028507,7.184698690783011443e+03
719.040845353585,7.174751717654417916e+03
719.1148178064504,7.146900192894356223e+03
719.1887847916446,7.149884284832935009e+03
719.2628187285492,7.161820652587246514e+03
719.3367851179871,7.120043365447154429e+03
719.4107718973806,7.128000943950029068e+03
719.4847480151196,7.142921403642919358e+03
719.55871345993,7.138942614391481584e+03
719.6326941140954,7.093186537999952634e+03
719.7066692631995,7.135958522452903708e+03
719.780706250103,7.125016852011451192e+03
719.8546807424774,7.110096392318560902e+03
719.9286497097812,7.106117603067124037e+03
720.0026286960333,7.081250170245640220e+03
720.0766021474149,7.051409250859859640e+03
720.1505856143327,7.092191840687092736e+03
720.2245376004026,7.042456975044126011e+03
720.298530717732,7.077271380994202445e+03
720.3725079039693,7.042456975044126011e+03
720.446479525475,7.081250170245640220e+03
720.5204403826414,7.043451672356985000e+03
720.5943696939084,7.031515304602673496e+03
720.6683349523433,7.032510001915532484e+03
720.7423153966341,7.045441066982703887e+03
720.816285052651,7.020573634161220070e+03
720.890249105901,7.019578936848361082e+03
720.9642231419422,7.044446369669844898e+03
721.0382175601698,7.009631963719767555e+03
721.1121179678518,6.971833465831113244e+03
721.1860907374653,6.991727412088299388e+03
721.2600786851124,6.979791044333987884e+03
721.334050596095,6.959897098076800830e+03
721.4079648215145,7.006647871781189679e+03
721.4819202230957,6.951939519573926191e+03
721.5559168215076,6.949950124948207304e+03
721.6298296575088,6.970838768518253346e+03
721.7038045147077,6.937019059881035901e+03
721.777768491748,6.953928914199645078e+03
721.8516746809869,6.906183443182396331e+03
721.9256689717006,6.925082692126723487e+03
721.9996263053706,6.913146324372411982e+03
722.0735518685187,6.922098600188145610e+03
722.1475134315792,6.880321313048053526e+03
722.221443203523,6.911156929746693095e+03
722.2954141996532,6.869379642606601010e+03
722.369322077151,6.883305404986631402e+03
722.4432972736668,6.869379642606601010e+03
722.5172093181159,6.851475090975132844e+03
722.5911887015628,6.845506907097977091e+03
722.665104899496,6.877337221109475649e+03
722.7390623388185,6.831581144717945790e+03
722.8129878959985,6.813676593086477624e+03
722.8869756086152,6.830586447405086801e+03
722.9608791618889,6.803729619957884097e+03
723.0347925998112,6.821634171589352263e+03
723.1087786701618,6.798756133393587334e+03
723.1826700550422,6.749021267750620609e+03
723.2565817737539,6.759962938192073125e+03
723.3305609227724,6.761952332817792012e+03
723.4044767103132,6.768915214007807663e+03
723.4783814349788,6.744047781186323846e+03
723.5523797909511,6.733106110744871330e+03
723.6262885587613,6.766925819382088775e+03
723.7001862401456,6.706249283297668626e+03
723.7741042546204,6.739074294622027082e+03
723.8480321309023,6.725148532241996691e+03
723.9220013141903,6.713212164487684277e+03
723.9959122328532,6.715201559113403164e+03
724.0698330025856,6.712217467174825288e+03
724.1437478932739,6.694312915543357121e+03
724.2176516517817,6.683371245101904606e+03
724.2915652506016,6.677403061224747944e+03
724.3654729499798,6.649551536464687160e+03
724.4393957341822,6.671434877347592192e+03
724.51330736185,6.633636379458936972e+03
724.587207821535,6.626673498268922231e+03
724.6611286098097,6.678397758537607842e+03
724.7350592296857,6.641593957961811611e+03
724.80895240124,6.616726525140328704e+03
724.882865897012,6.604790157386016290e+03
724.9567892135801,6.610758341263172042e+03
725.0307013255602,6.593848486944563774e+03
725.1046074792529,6.603795460073157301e+03
725.1785287017594,6.618715919766047591e+03
725.2524334382222,6.584896211128829236e+03
725.326358500832,6.578928027251673484e+03
725.4002723250796,6.529193161608706760e+03
725.4741222682113,6.593848486944563774e+03
725.5480398915687,6.532177253547284636e+03
725.6219462528422,6.557044686368768453e+03
725.6958676722687,6.552071199804471689e+03
725.769783084779,6.515267399228675458e+03
725.8436292602167,6.565002264871643092e+03
725.9175431603215,6.559034080994486430e+03
725.9914510329734,6.525214372357268985e+03
726.0653686850188,6.518251491167254244e+03
726.1392275716657,6.531182556234425647e+03
726.2131278556831,6.506315123412941830e+03
726.2870379081896,6.477468901340021148e+03
726.3608891425325,6.504325728787222943e+03
726.4348081680206,6.501341636848645066e+03
726.50866306773,6.486421177155754776e+03
726.5825857784921,6.505320426100082841e+03
726.6564232085193,6.465532533585708734e+03
726.730349586392,6.483437085217176900e+03
726.8042645953695,6.461553744334271869e+03
726.8781153887404,6.487415874468614675e+03
726.9520393221525,6.441659798077084815e+03
727.0258672943038,6.451606771205678342e+03
727.0997948515045,6.455585560457115207e+03
727.1736528398144,6.446633284641381579e+03
727.2475046789152,6.434696916887069165e+03
727.3214244199837,6.426739338384194525e+03
727.3952533686669,6.405850694814148483e+03
727.4691766890326,6.444643890015662691e+03
727.5430356383624,6.393914327059836069e+03
727.6168831154938,6.399882510936992730e+03
727.6907985389481,6.402866602875570607e+03
727.7646495352022,6.354126434545462871e+03
727.838494332822,6.379988564679805677e+03
727.9123488191613,6.374020380802649925e+03
727.986271291593,6.377999170054086790e+03
728.0601080662049,6.359099921109759634e+03
728.1339810274446,6.322296120533964313e+03
728.2078212555151,6.343184764104010355e+03
728.2817295008361,6.358105223796899736e+03
728.3555996998778,6.295439293086761609e+03
728.429453049297,6.327269607098260167e+03
728.5033054557948,6.307375660841074023e+03
728.577140989502,6.277534741455293442e+03
728.6509914915385,6.302402174276777259e+03
728.7248569664563,6.242720335505217008e+03
728.7987108614303,6.253662005946669524e+03
728.872558477417,6.283502925332450104e+03
728.9464688832253,6.229789270438045605e+03
729.0203145595359,6.239736243566639132e+03
729.0941805149681,6.192985469862249374e+03
729.1680295392798,6.210890021493717541e+03
729.2418722535059,6.220836994622311067e+03
729.3156767351837,6.187017285985093622e+03
729.3895227579071,6.151208182722157289e+03
729.4633837365335,6.180054404795077971e+03
729.5372330643772,6.180054404795077971e+03
729.6110920231105,6.174086220917922219e+03
729.6849499652391,6.152202880035017188e+03
729.7587909091665,6.114404382146361968e+03
729.832646799371,6.147229393470720424e+03
729.9064377258716,6.115399079459220957e+03
729.9802755476569,6.119377868710658731e+03
730.0541496290818,6.130319539152111247e+03
730.1279906863275,6.061685424564816458e+03
730.2018413503896,6.095505133202034813e+03
730.2756322932343,6.074616489631987861e+03
730.3494914925877,6.075611186944847759e+03
730.4233389576001,6.059696029939098480e+03
730.497121314011,6.018913440111865384e+03
730.5709933006522,6.058701332626238582e+03
730.6448321837362,6.022892229363302249e+03
730.7186379386568,5.983104336848929051e+03
730.7924799682986,6.037812689056192539e+03
730.8662835069548,5.984099034161788040e+03
730.940128667791,5.968183877156038761e+03
731.0139673771906,5.972162666407476536e+03
731.0877622124666,5.930385379267384451e+03
731.1616307539186,5.915464919574494161e+03
731.2354072830598,5.948289930898851708e+03
731.3092735761231,5.896565670630166096e+03
731.3830531589755,5.907507341071619521e+03
731.4569011330443,5.885624000188713580e+03
731.5307105078027,5.929390681954524553e+03
731.6044812553652,5.906512643758759623e+03
731.6783471861277,5.846830804987199372e+03
731.7521477148499,5.861751264680089662e+03
731.8259899112759,5.834894437232886958e+03
731.899766660658,5.820968674852856566e+03
731.9735636445379,5.824947464104294340e+03
732.0473701527895,5.820968674852856566e+03
732.1212183467612,5.812016399037122937e+03
732.195006386356,5.787148966215639120e+03
732.2688093011474,5.750345165639843799e+03
732.3426485486638,5.768249717271311965e+03
732.4164544099781,5.758302744142718439e+03
732.4902214949792,5.725477732818359982e+03
732.5640302732379,5.736419403259812498e+03
732.6378270896475,5.662811802108221855e+03
732.7116656191168,5.731445916695515734e+03
732.7854653361854,5.694642116119720413e+03
732.8592530670325,5.668779985985377607e+03
732.9330341718326,5.667785288672518618e+03
733.0068247610646,5.677732261801112145e+03
733.0806302100424,5.661817104795361956e+03
733.1544290226378,5.658833012856784080e+03
733.2282104378809,5.603129963336661604e+03
733.3020120820065,5.621034514968129770e+03
733.3758016923423,5.621034514968129770e+03
733.4495738776542,5.598156476772364840e+03
733.5233662868974,5.590198898269490201e+03
733.5971735461529,5.592188292895208178e+03
733.6709687462483,5.583236017079474550e+03
733.7447518754218,5.557373886945131744e+03
733.818549846392,5.533501151436507826e+03
733.8923357337387,5.556379189632271846e+03
733.9660610421337,5.495702653547852606e+03
734.039849657903,5.505649626676446132e+03
734.113653111708,5.502665534737868256e+03
734.1874498467755,5.511617810553601885e+03
734.2612290717857,5.482771588480681203e+03
734.3349476318791,5.447957182530603859e+03
734.4087618993168,5.432042025524854580e+03
734.4825316665394,5.451935971782041634e+03
734.5563216510071,5.438010209402011242e+03
734.6300724954872,5.424084447021979940e+03
734.7038651403906,5.408169290016230661e+03
734.7776456166251,5.401206408826215011e+03
734.8513869120628,5.396232922261918247e+03
734.9251700158896,5.390264738384762495e+03
734.99889230638,5.397227619574778146e+03
735.0727050353661,5.380317765256168968e+03
735.1464785471829,5.349482148557529399e+03
735.220218219237,5.381312462569028867e+03
735.2939943121419,5.333566991551780120e+03
735.367736543824,5.341524570054654760e+03
735.4415206118363,5.356445029747545050e+03
735.5152599796714,5.283832125908813396e+03
735.5890466014831,5.319641229171749728e+03
735.662766849309,5.307704861417437314e+03
735.7365830712438,5.290795007098828137e+03
735.8103058246913,5.285821520534531373e+03
735.8840433540496,5.283832125908813396e+03
735.957822745456,5.251007114584454939e+03
736.0315681756952,5.275874547405938756e+03
736.1052958754302,5.238076049517283536e+03
736.1790654451154,5.236086654891564649e+03
736.252801015933,5.217187405947237494e+03
736.326545937147,5.223155589824393246e+03
736.4003381699183,5.225144984450112133e+03
736.4740584115469,5.199282854315769328e+03
736.5477988397872,5.244044233394439289e+03
736.6215269056551,5.195304065064331553e+03
736.6952425972906,5.163473751052832995e+03
736.7690544685436,5.178394210745723285e+03
736.8427725447069,5.179388908058582274e+03
736.9165053742005,5.162479053739974006e+03
736.9902258037228,5.163473751052832995e+03
737.0639609845649,5.158500264488536232e+03
737.137689186275,5.143579804795645941e+03
737.2114267046566,5.107770701532709609e+03
737.2851517972983,5.115728280035584248e+03
737.358897074205,5.103791912281272744e+03
737.4326244765816,5.082903268711226701e+03
737.5063448675909,5.120701766599881012e+03
737.5800799995792,5.085887360649804577e+03
737.6538026703106,5.055051743951165008e+03
737.7275346375662,5.066988111705477422e+03
737.8012595719805,5.041125981571134616e+03
737.8749992432967,5.044110073509712493e+03
737.9487264275168,5.026205521878244326e+03
738.022468346593,5.023221429939666450e+03
738.0961977656417,5.015263851436791811e+03
738.169865632222,4.994375207866744859e+03
738.2435972558687,5.018247943375369687e+03
738.3173218057595,5.010290364872495047e+03
738.3910556298822,4.946629736849497021e+03
738.4647823694751,4.989401721302448095e+03
738.5384638351453,4.951603223413793785e+03
738.612192738524,4.970502472358120940e+03
738.685909081362,4.949613828788074898e+03
738.7595855634423,4.944640342223778134e+03
738.8332985789483,4.912810028212279576e+03
738.9070317658445,4.906841844335122914e+03
738.9807032179243,4.905847147022263925e+03
739.0544385201678,4.880979714200780109e+03
739.1281065918952,4.900873660457967162e+03
739.2018439933116,4.877000924949343243e+03
739.2755687822585,4.831244848557813384e+03
739.3492317494262,4.874016833010765367e+03
739.4229859424029,4.852133492127859427e+03
739.4966509491076,4.848154702876422562e+03
739.5703798618135,4.852133492127859427e+03
739.6440468874771,4.766589523221956370e+03
739.7177778366447,4.794441047982018063e+03
739.791446866122,4.779520588289127772e+03
739.8651032005454,4.760621339344800617e+03
739.9388289543585,4.758631944719081730e+03
740.0125146409633,4.732769814584738924e+03
740.086187618405,4.719838749517567521e+03
740.1599026583724,4.741722090400472553e+03
740.2335830692062,4.696960711321802592e+03
740.3072452674804,4.706907684450396118e+03
740.3809769441689,4.678061462377475436e+03
740.4546465508478,4.673087975813178673e+03
740.5283253357537,4.668114489248881910e+03
740.6019968452496,4.646231148365975969e+03
740.6757323886792,4.648220542991694856e+03
740.7493783611862,4.626337202108789825e+03
740.8230664214437,4.607437953164461760e+03
740.8967416974003,4.621363715544493061e+03
740.9704041770528,4.561681876772932810e+03
741.0440813057113,4.589533401532993594e+03
741.1177456249695,4.559692482147213923e+03
741.1914740338814,4.547756114392901509e+03
741.265145682029,4.537809141264307982e+03
741.3387990020083,4.515925800381402951e+03
741.4124669600711,4.541787930515745757e+03
741.4861550585991,4.487079578308482269e+03
741.5598248114671,4.510952313817106187e+03
741.6334872037764,4.498021248749934784e+03
741.7070817125386,4.470169723989873091e+03
741.7807678621677,4.460222750861279565e+03
741.8544191228816,4.481111394431325607e+03
741.9281125335501,4.447291685794108162e+03
742.0017600242695,4.434360620726936759e+03
742.0754276444354,4.419440161034046469e+03
742.1491098938311,4.412477279844031727e+03
742.2227792320809,4.430381831475499894e+03
742.2963860567804,4.401535609402578302e+03
742.3700570824167,4.410487885218312840e+03
742.4437151716932,4.386615149709688922e+03
742.5173878791576,4.347821954508174713e+03
742.5909980073593,4.365726506139642879e+03
742.6646723713906,4.333896192128143412e+03
742.7383392893086,4.343843165256736938e+03
742.8119656461523,4.339864376005300073e+03
742.8856286765096,4.297092391552348090e+03
742.9592842387771,4.308034061993800606e+03
743.0328991982909,4.282171931859457800e+03
743.1065563576633,4.305049970055222730e+03
743.1801728901319,4.271230261418005284e+03
743.2538592524501,4.267251472166567510e+03
743.3274497210764,4.285156023798035676e+03
743.4011100282263,4.240394644719365715e+03
743.4747296601421,4.254320407099396107e+03
743.5483970465806,4.245368131283662478e+03
743.6220182060574,4.234426460842209963e+03
743.6956816000841,4.188670384450680103e+03
743.7692821427946,4.236415855467927940e+03
743.8429470520473,4.197622660266413732e+03
743.916576747615,4.196627962953554743e+03
743.990165669035,4.153855978500602760e+03
744.0638466591978,4.184691595199242329e+03
744.1374370340701,4.155845373126321647e+03
744.2110696595498,4.172755227444930824e+03
744.284716858413,4.164797648942056185e+03
744.3583232280512,4.124015059114823089e+03
744.4319496995879,4.140924913433431357e+03
744.5055574804348,4.126004453740541976e+03
744.5791520991629,4.135951426869134593e+03
744.6528444452033,4.103126415544777046e+03
744.7264460022811,4.102131718231917148e+03
744.8000565630955,4.114068085986229562e+03
744.8736594835683,4.098152928980480283e+03
744.9472714032472,4.100142323606199170e+03
745.0208756714717,4.060354431091825063e+03
745.094494486024,4.070301404220418590e+03
745.168100087441,4.101137020919058159e+03
745.2416924635781,4.056375641840387743e+03
745.3152993770332,4.037476392896060133e+03
745.3889152760675,4.053391549901809867e+03
745.4625290474098,4.043444576773216340e+03
745.5361240107667,4.050407457963231536e+03
745.609733506721,4.035486998270341701e+03
745.6833575395775,4.022555933203170298e+03
745.7569683059694,4.005646078884561575e+03
745.8305713563644,4.018577143951732978e+03
745.9041833730809,4.017582446638873535e+03
745.9777876626403,3.976799856811640439e+03
746.0514009139459,4.004651381571702132e+03
746.1249507566789,3.969836975621625243e+03
746.1985429433485,3.983762738001656089e+03
746.2721496486159,3.969836975621625243e+03
746.3457708767787,3.967847580995906355e+03
746.4193230608547,3.964863489057328479e+03
746.4929176060401,3.923086201917236394e+03
746.5665266650274,3.947953634738719757e+03
746.640066621393,3.914133926101502311e+03
746.7136768253059,3.935022569671548354e+03
746.7873015449047,3.951932423990157076e+03
746.8608348022583,3.906176347598627672e+03
746.934460649653,3.929054385794392147e+03
747.0080507927156,3.924080899230095383e+03
747.0815940434294,3.895234677157174701e+03
747.1552131827909,3.913139228788642868e+03
747.2287630801482,3.907171044911486661e+03
747.3023777208953,3.904186952972908784e+03
747.3759007391845,3.873351336274269215e+03
747.4495220280663,3.870367244335691339e+03
747.5230740040879,3.882303612090003298e+03
747.5966125121065,3.835552838385614450e+03
747.6702213915038,3.859425573894238369e+03
747.7437608993716,3.867383152397113008e+03
747.8173763904779,3.842515719575629646e+03
747.8909168833824,3.832568746447036119e+03
747.9644718416794,3.856441481955660493e+03
748.0380188872018,3.812674800189849520e+03
748.111630768237,3.831574049134177130e+03
748.1851787691317,3.812674800189849520e+03
748.2587356337701,3.791786156619803478e+03
748.3322845630789,3.798749037809818674e+03
748.405875958131,3.781839183491209951e+03
748.4794258064913,3.795764945871240798e+03
748.5529901125466,3.761945237234023352e+03
748.626540858474,3.764929329172601228e+03
748.7000780320159,3.770897513049757436e+03
748.7736296540094,3.776865696926913188e+03
748.8471676901079,3.717183858155352937e+03
748.920776260387,3.748019474853992506e+03
748.994315154041,3.731109620535383783e+03
749.0678741021718,3.743045988289695742e+03
749.1414138274398,3.750008869479710938e+03
749.2149736068789,3.705247490401040977e+03
749.2885141477188,3.701268701149603658e+03
749.362046665244,3.703258095775322090e+03
749.4355374512597,3.685353544143853924e+03
749.5090988297237,3.678390662953838728e+03
749.5826465568359,3.678390662953838728e+03
749.656175000463,3.663470203260948438e+03
749.7297234916311,3.675406571015260852e+03
749.803286415846,3.646560348942339715e+03
749.8768356615918,3.625671705372293673e+03
749.9503205982728,3.627661099998012105e+03
750.0238705670453,3.633629283875168312e+03
750.0974068314757,3.618708824182278477e+03
750.170963144645,3.610751245679403382e+03
750.2444438267519,3.599809575237950867e+03
750.318000832892,3.573947445103608061e+03
750.3915384788514,3.602793667176528743e+03
750.4650398530696,3.575936839729326493e+03
750.5385837931271,3.565989866600733421e+03
750.6121083437756,3.567979261226451854e+03
750.6855965835151,3.557037590784999338e+03
750.7591555782365,3.527196671399219213e+03
750.8326444278694,3.556042893472139895e+03
750.9061758589805,3.536148947214952841e+03
750.9796652967866,3.518244395583485129e+03
751.053225528571,3.536148947214952841e+03
751.1267211857668,3.486414081571986117e+03
751.2002538005404,3.483429989633408240e+03
751.2737443726544,3.495366357387720200e+03
751.347283196831,3.484424686946267229e+03
751.4207743095347,3.479451200381970921e+03
751.4942572105898,3.460551951437643311e+03
751.567805321994,3.443642097119034588e+03
751.641288735935,3.461546648750502754e+03
751.7147865207419,3.413801177733254463e+03
751.7883269399143,3.443642097119034588e+03
751.8618252198199,3.421758756236129102e+03
751.9353096018531,3.398880718040364172e+03
752.0087800736492,3.419769361610410215e+03
752.082349748397,3.393907231476067409e+03
752.1558206716313,3.400870112666083060e+03
752.2293059510168,3.398880718040364172e+03
752.3028112503567,3.390923139537489533e+03
752.3762686487676,3.376002679844599243e+03
752.4497687028702,3.384954955660333326e+03
752.5232604672466,3.361082220151709407e+03
752.5967892449822,3.343177668520241241e+03
752.6702814069297,3.363071614777427840e+03
752.74378792351,3.314331446447320104e+03
752.8172521255437,3.320299630324476311e+03
752.890753342267,3.340193576581662910e+03
752.9642462347487,3.317315538385898435e+03
753.0377251232514,3.332235998078788271e+03
753.111218354199,3.327262511514491507e+03
753.1846408387155,3.304384473318727032e+03
753.2581116847355,3.302395078693008145e+03
753.331591190779,3.284490527061539979e+03
753.4050850339123,3.269570067368650143e+03
753.4785648318334,3.251665515737181977e+03
753.552064642568,3.283495829748680535e+03
753.6254879218887,3.276532948558665339e+03
753.698987997613,3.262607186178634493e+03
753.7724683210844,3.230776872167135934e+03
753.845940242228,3.235750358731432243e+03
753.9193696482735,3.248681423798603646e+03
753.9928702112186,3.240723845295729006e+03
754.0663566760842,3.228787477541417047e+03
754.1397721577508,3.214861715161386201e+03
754.2132588199502,3.220829899038542408e+03
754.286731357841,3.223813990977120284e+03
754.3601613060175,3.211877623222808324e+03
754.433662469434,3.202925347407074241e+03
754.5070697940439,3.182036703837028199e+03
754.580571120139,3.188004887714183951e+03
754.6540013426822,3.177063217272731436e+03
754.7274800348059,3.178057914585590879e+03
754.8009103674891,3.177063217272731436e+03
754.8743891803196,3.168110941456997352e+03
754.9478196065738,3.156174573702685393e+03
755.0212985235391,3.168110941456997352e+03
755.0947347284628,3.162142757579841145e+03
755.1681567061893,3.165126849518419476e+03
755.2416500027333,3.125338957004045824e+03
755.3150720303312,3.111413194624014977e+03
755.3884798044081,3.123349562378326937e+03
755.4619874570354,3.121360167752608504e+03
755.535395250506,3.101466221495421451e+03
755.6088173113466,3.107434405372577658e+03
755.6822593542736,3.079582880612515964e+03
755.7557385217809,3.112407891936874421e+03
755.8291520013627,3.067646512858204005e+03
755.9025740310907,3.103455616121140338e+03
755.9760160417866,3.107434405372577658e+03
756.0494380281855,3.094503340305406255e+03
756.122851408895,3.099476826869703018e+03
756.196279048058,3.105445010746858770e+03
756.2697209498288,3.092513945679687367e+03
756.3431485156143,3.074609394048219201e+03
756.4166132278519,3.081572275238234852e+03
756.490046430767,3.055710145103892046e+03
756.563402310791,3.067646512858204005e+03
756.6368296685728,3.060683631668188809e+03
756.710271280547,3.051731355852454726e+03
756.7836985147853,3.054715447791032602e+03
756.8571170870929,3.034821501533846003e+03
756.9305441765948,3.039794988098142312e+03
757.0039625924522,3.039794988098142312e+03
757.0773895204559,3.040789685411001756e+03
757.1508077630942,3.020895739153815157e+03
757.2241829078598,3.026863923030970909e+03
757.2975952154935,3.008959371399502743e+03
757.3710274951507,2.978123754700863628e+03
757.4444453309834,2.993044214393753464e+03
757.5178200187852,3.005975279460924867e+03
757.5912376210018,2.965192689633692225e+03
757.664669455667,2.970166176197988534e+03
757.7380294018718,3.001996490209487547e+03
757.8114609832415,2.975139662762285298e+03
757.884883822762,2.963203295007973338e+03
757.9582576961611,2.972155570823707421e+03
758.0316745087733,2.981107846639441505e+03
758.1050538201592,2.951266927253661379e+03
758.1784703328954,2.949277532627942492e+03
758.2518205742088,2.937341164873630532e+03
758.3252712680576,2.923415402493599686e+03
758.3986211596865,2.919436613242162366e+03
758.4720370175761,2.928388889057896449e+03
758.545415305501,2.933362375622193213e+03
758.6187790176235,2.916452521303584490e+03
758.692185702744,2.927394191745037006e+03
758.7655490229096,2.901532061610694200e+03
758.8389841161411,2.897553272359256880e+03
758.9123470329839,2.884622207292085477e+03
758.985729896929,2.891585088482100673e+03
759.0590923834825,2.906505548174990963e+03
759.1324978677417,2.870696444912054631e+03
759.2058656754364,2.874675234163491950e+03
759.2792419009955,2.861744169096320547e+03
759.3526092466964,2.862738866409179991e+03
759.4259619360007,2.860749471783461104e+03
759.4993807137987,2.850802498654868032e+03
759.5727617631621,2.863733563722039435e+03
759.6461281405926,2.828919157771962546e+03
759.7194798334775,2.829913855084821989e+03
759.79284569346,2.840855525526274505e+03
759.8662199506782,2.826929763146243658e+03
759.9395910557283,2.816982790017650586e+03
760.0129416740881,2.799078238386182420e+03
760.0863064536592,2.807035816889057060e+03
760.1596565064068,2.800072935699041409e+03
760.2330264969562,2.782168384067573697e+03
760.3064048714377,2.784157778693292130e+03
760.3797685035091,2.774210805564698603e+03
760.4531231634235,2.779184292128995367e+03
760.5264341378603,2.781173686754714254e+03
760.5997823891312,2.794104751821885657e+03
760.6731505760081,2.764263832436105531e+03
760.7465329185825,2.759290345871808768e+03
760.8198946901349,2.764263832436105531e+03
760.893195347572,2.738401702301762725e+03
760.9665564561759,2.732433518424606518e+03
761.039908545017,2.720497150670294559e+03
761.1132805694576,2.734422913050324951e+03
761.186574038077,2.730444123798887631e+03
761.2599395757078,2.707566085603123156e+03
761.3332612942629,2.700603204413107505e+03
761.4066319227295,2.729449426486028642e+03
761.4799819030882,2.701597901725966949e+03
761.5532938204132,2.682698652781639339e+03
761.6266430583955,2.702592599038826393e+03
761.6999542102297,2.669767587714467936e+03
761.7733026886444,2.644900154892984574e+03
761.8466130577877,2.665788798463030616e+03
761.9199955907541,2.668772890401608947e+03
761.9932761350078,2.667778193088749504e+03
762.0665998139598,2.651863036082999770e+03
762.1399666484456,2.608096354317188798e+03
762.2132604654904,2.643905457580125130e+03
762.2866264890819,2.628984997887235295e+03
762.3599194586624,2.615059235507204448e+03
762.4332265236651,2.627990300574375851e+03
762.5065244315081,2.601133473127173602e+03
762.5798887714861,2.604117565065751478e+03
762.653209066283,2.601133473127173602e+03
762.726491103933,2.606106959691470365e+03
762.7998163192037,2.587207710747142755e+03
762.8731789131846,2.562340277925659393e+03
762.9464741276457,2.577260737618549683e+03
763.0197834275534,2.569303159115674589e+03
763.0930777014148,2.594170591937158406e+03
763.1663802334256,2.550403910171347434e+03
763.2396735482423,2.556372094048503186e+03
763.312980942364,2.562340277925659393e+03
763.3863024198473,2.553388002109925310e+03
763.4595855263992,2.530509963914160380e+03
763.5329060235777,2.549409212858487990e+03
763.6062114503713,2.524541780037004628e+03
763.6795017940418,2.514594806908411101e+03
763.7528120409493,2.517578898846988977e+03
763.8261013583818,2.524541780037004628e+03
763.8994105781957,2.510616017656973781e+03
763.9727280347157,2.502658439154099142e+03
764.0459486507003,2.497684952589802378e+03
764.1192708849686,2.494700860651224048e+03
764.1925721540134,2.507631925718395905e+03
764.265864123763,2.486743282148349408e+03
764.339170153393,2.486743282148349408e+03
764.4124025979912,2.492711466025505615e+03
764.4857075207827,2.468838730516881242e+03
764.5590265043799,2.479780400958334212e+03
764.6322718534416,2.443971297695397880e+03
764.7055663242454,2.448944784259694643e+03
764.7788689989354,2.449939481572554087e+03
764.8520979783581,2.451928876198272519e+03
764.9254053449329,2.442976600382538436e+03
764.9986623906358,2.428056140689648601e+03
765.0719685894694,2.421093259499632950e+03
765.1451951672625,2.427061443376789157e+03
765.2185001752471,2.413135680996758310e+03
765.2917606634498,2.402194010555305795e+03
765.3650586119669,2.426066746063929713e+03
765.438288577042,2.398215221303868475e+03
765.5115911575078,2.436013719192523240e+03
765.5848491670143,2.415125075622477198e+03
765.6580918875516,2.390257642800993381e+03
765.7313779407682,2.407167497119602558e+03
765.8046193790093,2.395231129365290144e+03
765.8778806952203,2.383294761610978185e+03
765.9511794972256,2.382300064298118741e+03
766.0244043117671,2.389262945488134392e+03
766.0976489972652,2.397220523991009031e+03
766.1709018207467,2.372353091169525669e+03
766.2441451689594,2.380310669672400309e+03
766.31745537396,2.390257642800993381e+03
766.3906973785047,2.368374301918087895e+03
766.4639240114803,2.379315972359540865e+03
766.5371587632285,2.375337183108103545e+03
766.610413388223,2.361411420728072699e+03
766.6836526256157,2.359422026102354266e+03
766.7569058583788,2.361411420728072699e+03
766.8301436890999,2.353453842225198059e+03
766.9033661049401,2.349475052973760739e+03
766.9766319183701,2.349475052973760739e+03
767.049858779082,2.333559895968011006e+03
767.1230937389751,2.323612922839417934e+03
767.196342684586,2.350469750286620183e+03
767.2695820718163,2.308692463146527643e+03
767.3427706741372,2.335549290593729893e+03
767.4160085761127,2.306703068520809211e+03
767.4892545691928,2.306703068520809211e+03
767.5624909794419,2.290787911515059477e+03
767.6357413679548,2.292777306140778364e+03
767.7089173321764,2.299740187330793560e+03
767.7821603029794,2.298745490017934117e+03
767.8553936664732,2.296756095392215684e+03
767.928641001735,2.282830333012184838e+03
768.001843330076,2.285814424950762714e+03
768.0750596156819,2.286809122263622157e+03
768.1482662604737,2.265920478693576115e+03
768.2215104680862,2.288798516889341045e+03
768.2947391311019,2.274872754509310198e+03
768.3679227171707,2.263931084067857228e+03
768.441155676817,2.264925781380716671e+03
768.5143376298478,2.256968202877842032e+03
768.5875985030231,2.253984110939264156e+03
768.6607551772538,2.247021229749248505e+03
768.7340085126597,2.267909873319295002e+03
768.8071930624363,2.244037137810670629e+03
768.8803619892306,2.239063651246373865e+03
768.9535980606818,2.242047743184951742e+03
769.0267948587721,2.241053045872092753e+03
769.0999760176759,2.226132586179202463e+03
769.1732302685929,2.230111375430639782e+03
769.2464097142773,2.241053045872092753e+03
769.3195794118245,2.241053045872092753e+03
769.3928163071785,2.244037137810670629e+03
769.4660079399233,2.217180310363468379e+03
769.5391838897698,2.213201521112031060e+03
769.6123796819868,2.226132586179202463e+03
769.6855538548153,2.212206823799171616e+03
769.7587182425186,2.223148494240624586e+03
769.8319202468393,2.219169704989187267e+03
769.9051421026546,2.192312877541985017e+03
769.97834824532,2.176397720536235738e+03
770.0515030831361,2.208228034547734296e+03
770.1247074085248,2.187339390977688254e+03
770.1978663329771,2.197286364106281781e+03
770.2710688242653,2.179381812474813614e+03
770.3442258887268,2.159487866217626561e+03
770.4173671736539,2.205243942609156420e+03
770.4905282854356,2.177392417849094727e+03
770.5637270444658,2.156503774279048685e+03
770.6369100189285,2.175403023223376294e+03
770.7100771958651,2.162471958156204892e+03
770.7832642087253,2.160482563530486004e+03
770.856459180459,2.138599222647580518e+03
770.9295551317979,2.141583314586158849e+03
771.0027481693259,2.140588617273299405e+03
771.0759313239301,2.129646946831846435e+03
771.1490926926053,2.128652249518986991e+03
771.2222144154819,2.116715881764675032e+03
771.2954094963922,2.122684065641831239e+03
771.368588721728,2.119699973703253363e+03
771.4417223223901,2.104779514010363073e+03
771.5148995537488,2.106768908636081960e+03
771.5880013670636,2.086874962378894907e+03
771.6612063537742,2.085880265066035463e+03
771.734306117772,2.069965108060286184e+03
771.8074852581613,2.080906778501738700e+03
771.8806127402132,2.066981016121708308e+03
771.953783876625,2.084885567753176474e+03
772.0269152446992,2.063996924183129977e+03
772.1000843158894,2.061012832244552101e+03
772.1732135949969,2.060018134931692657e+03
772.2463209463975,2.084885567753176474e+03
772.3195077548475,2.044102977925943378e+03
