X,Y
534.0051269287335,1.922000000000000000e+03
534.0808105837979,1.932000000000000000e+03
534.1564941245075,1.959000000000000000e+03
534.2322387608131,1.961000000000000000e+03
534.3079223194351,1.970000000000000000e+03
534.3836059646314,1.972000000000000000e+03
534.459289487409,1.969000000000000000e+03
534.534973107135,1.963000000000000000e+03
534.6106567862021,1.977000000000000000e+03
534.6863402868432,1.971000000000000000e+03
534.7620238571769,1.987000000000000000e+03
534.8377074881613,1.986000000000000000e+03
534.9134522313972,1.985000000000000000e+03
534.9891358020897,2.016000000000000000e+03
535.0648193202943,2.027000000000000000e+03
535.140502776876,2.011000000000000000e+03
535.2161864491509,2.043000000000000000e+03
535.2918700416792,2.049000000000000000e+03
535.367553831929,2.040000000000000000e+03
535.4432372375885,2.067000000000000000e+03
535.5189208228152,2.074000000000000000e+03
535.594604578686,2.064000000000000000e+03
535.6702882093306,2.077000000000000000e+03
535.745971418549,2.063000000000000000e+03
535.8216553453357,2.075000000000000000e+03
535.8973391196765,2.083000000000000000e+03
535.9730227323798,2.101000000000000000e+03
536.0487061742487,2.109000000000000000e+03
536.1243894360814,2.088000000000000000e+03
536.2000730836918,2.130000000000000000e+03
536.275756820763,2.136000000000000000e+03
536.3514406383212,2.128000000000000000e+03
536.4271239518794,2.138000000000000000e+03
536.5028079033076,2.131000000000000000e+03
536.5784913324379,2.135000000000000000e+03
536.6541748057845,2.134000000000000000e+03
536.7298583143477,2.151000000000000000e+03
536.8055421372837,2.179000000000000000e+03
536.8812254011024,2.175000000000000000e+03
536.9569092495924,2.183000000000000000e+03
537.0325928090099,2.188000000000000000e+03
537.1082763585715,2.194000000000000000e+03
537.1839598892475,2.203000000000000000e+03
537.2596436806508,2.200000000000000000e+03
537.3353268577979,2.205000000000000000e+03
537.411010566398,2.210000000000000000e+03
537.4866335528031,2.240000000000000000e+03
537.5623168365025,2.238000000000000000e+03
537.6380003360828,2.227000000000000000e+03
537.7136843318589,2.267000000000000000e+03
537.7893676583791,2.251000000000000000e+03
537.8650511739759,2.257000000000000000e+03
537.940734869813,2.256000000000000000e+03
538.0164184475874,2.269000000000000000e+03
538.0920408046188,2.308000000000000000e+03
538.1677246810524,2.291000000000000000e+03
538.2434084124591,2.285000000000000000e+03
538.3190919897331,2.297000000000000000e+03
538.3947756936324,2.297000000000000000e+03
538.4704589353845,2.312000000000000000e+03
538.5461425757196,2.300000000000000000e+03
538.6217653920648,2.323000000000000000e+03
538.6974486256656,2.323000000000000000e+03
538.7731322312683,2.341000000000000000e+03
538.8488156195046,2.347000000000000000e+03
538.9244993621073,2.342000000000000000e+03
539.0001221504488,2.351000000000000000e+03
539.0758056867688,2.366000000000000000e+03
539.1514895509623,2.362000000000000000e+03
539.2271725712882,2.387000000000000000e+03
539.3027954051873,2.377000000000000000e+03
539.378479310497,2.409000000000000000e+03
539.4541629264281,2.394000000000000000e+03
539.5298462437939,2.393000000000000000e+03
539.6054689803647,2.402000000000000000e+03
539.6811522386217,2.407000000000000000e+03
539.7568363363963,2.433000000000000000e+03
539.832519225528,2.452000000000000000e+03
539.9081423044014,2.453000000000000000e+03
539.9838259373797,2.450000000000000000e+03
540.0595095003099,2.459000000000000000e+03
540.1351320092971,2.460000000000000000e+03
540.2108150962631,2.470000000000000000e+03
540.2864989617823,2.475000000000000000e+03
540.362121111465,2.477000000000000000e+03
540.4378056155781,2.484000000000000000e+03
540.5134888278695,2.494000000000000000e+03
540.5891111220752,2.498000000000000000e+03
540.6647949195459,2.484000000000000000e+03
540.7404782741969,2.503000000000000000e+03
540.8161009254455,2.509000000000000000e+03
540.8917848125893,2.526000000000000000e+03
540.9674685225426,2.530000000000000000e+03
541.0430911589102,2.519000000000000000e+03
541.1187741775063,2.540000000000000000e+03
541.194457870279,2.546000000000000000e+03
541.2700807045082,2.549000000000000000e+03
541.3457636520761,2.564000000000000000e+03
541.4213865683067,2.561000000000000000e+03
541.497070200242,2.573000000000000000e+03
541.5727541699249,2.577000000000000000e+03
541.648376858336,2.597000000000000000e+03
541.7240599931954,2.613000000000000000e+03
541.7996829685276,2.601000000000000000e+03
541.8753664065381,2.615000000000000000e+03
541.950988459017,2.635000000000000000e+03
542.0266721649095,2.645000000000000000e+03
542.1022953150494,2.647000000000000000e+03
542.1779780782617,2.671000000000000000e+03
542.2536014098382,2.660000000000000000e+03
542.329284076073,2.654000000000000000e+03
542.4049075539548,2.686000000000000000e+03
542.4805912648831,2.680000000000000000e+03
542.5562136767595,2.689000000000000000e+03
542.631897220388,2.701000000000000000e+03
542.7075197075332,2.698000000000000000e+03
542.7832033429272,2.734000000000000000e+03
542.8588255754784,2.721000000000000000e+03
542.9345092673785,2.744000000000000000e+03
543.0101320942985,2.748000000000000000e+03
543.0858158076525,2.751000000000000000e+03
543.1614377193954,2.767000000000000000e+03
543.2371220089141,2.756000000000000000e+03
543.3127444450705,2.766000000000000000e+03
543.3884278000902,2.767000000000000000e+03
543.4640501352047,2.774000000000000000e+03
543.5396728412053,2.813000000000000000e+03
543.6153561952086,2.781000000000000000e+03
543.6909787475163,2.806000000000000000e+03
543.7666625552929,2.807000000000000000e+03
543.8422846228852,2.811000000000000000e+03
543.917907905318,2.830000000000000000e+03
543.9935909887698,2.829000000000000000e+03
544.0692140297832,2.830000000000000000e+03
544.1448361882029,2.862000000000000000e+03
544.220519947648,2.864000000000000000e+03
544.2961426997966,2.868000000000000000e+03
544.3718261809979,2.892000000000000000e+03
544.4474486032625,2.905000000000000000e+03
544.5230709870222,2.908000000000000000e+03
544.5987550137446,2.886000000000000000e+03
544.6743770145879,2.900000000000000000e+03
544.7500001373947,2.903000000000000000e+03
544.8256222965063,2.918000000000000000e+03
544.9013064288619,2.920000000000000000e+03
544.976929025401,2.936000000000000000e+03
545.0525518192319,2.975000000000000000e+03
545.1282345318966,2.968000000000000000e+03
545.2038574139079,2.974000000000000000e+03
545.27947957532,2.998000000000000000e+03
545.3551027912747,3.004000000000000000e+03
545.4307859578726,2.989000000000000000e+03
545.5064085974922,3.013000000000000000e+03
545.582031075963,3.036000000000000000e+03
545.6576539799133,3.020000000000000000e+03
545.7333374615957,3.027000000000000000e+03
545.8089603143547,3.061000000000000000e+03
545.8845823750287,3.046000000000000000e+03
545.9602051246089,3.090000000000000000e+03
546.0358279586479,3.088000000000000000e+03
546.1115111125337,3.105000000000000000e+03
546.1871341062584,3.089000000000000000e+03
546.2627559649052,3.107000000000000000e+03
546.3383790667153,3.097000000000000000e+03
546.4140010154777,3.138000000000000000e+03
546.4896238920949,3.146000000000000000e+03
546.5653080328324,3.155000000000000000e+03
546.6409297699242,3.143000000000000000e+03
546.7165527083374,3.159000000000000000e+03
546.7921753454747,3.151000000000000000e+03
546.8677979714669,3.185000000000000000e+03
546.9434205776232,3.175000000000000000e+03
547.0190431552487,3.169000000000000000e+03
547.0946647977053,3.209000000000000000e+03
547.1703492667542,3.211000000000000000e+03
547.2459723224066,3.200000000000000000e+03
547.3215944163495,3.208000000000000000e+03
547.3972173369806,3.219000000000000000e+03
547.4728389782355,3.239000000000000000e+03
547.5484617288662,3.202000000000000000e+03
547.6240849813485,3.222000000000000000e+03
547.6997072275658,3.269000000000000000e+03
547.7753302583766,3.247000000000000000e+03
547.8509522649341,3.240000000000000000e+03
547.9265750390812,3.264000000000000000e+03
548.0021964706609,3.278000000000000000e+03
548.0778207553666,3.301000000000000000e+03
548.1534418774738,3.295000000000000000e+03
548.2290652357153,3.303000000000000000e+03
548.3046878169241,3.324000000000000000e+03
548.3803093111,3.309000000000000000e+03
548.4559330175531,3.321000000000000000e+03
548.5315556197277,3.336000000000000000e+03
548.6071771080813,3.348000000000000000e+03
548.6828010856999,3.325000000000000000e+03
548.7584221255744,3.345000000000000000e+03
548.834045337373,3.377000000000000000e+03
548.9096673999533,3.354000000000000000e+03
548.9852904134418,3.395000000000000000e+03
549.0609137670749,3.361000000000000000e+03
549.1364750314843,3.395000000000000000e+03
549.2120978166789,3.392000000000000000e+03
549.2877191060418,3.415000000000000000e+03
549.3633428131332,3.421000000000000000e+03
549.4389653087501,3.435000000000000000e+03
549.5145865832915,3.450000000000000000e+03
549.590210251744,3.421000000000000000e+03
549.665832681899,3.452000000000000000e+03
549.7413946298766,3.459000000000000000e+03
549.8170160497809,3.480000000000000000e+03
549.8926398319383,3.455000000000000000e+03
549.9682623401311,3.501000000000000000e+03
550.0438835647246,3.499000000000000000e+03
550.1195068250248,3.508000000000000000e+03
550.1950679386268,3.537000000000000000e+03
550.2706906900269,3.508000000000000000e+03
550.3463136366366,3.519000000000000000e+03
550.421935255224,3.544000000000000000e+03
550.4975591726949,3.539000000000000000e+03
550.5731205123872,3.570000000000000000e+03
550.6487432287166,3.554000000000000000e+03
550.7243648844632,3.589000000000000000e+03
550.7999885039992,3.578000000000000000e+03
550.8755494425731,3.582000000000000000e+03
550.951172094361,3.604000000000000000e+03
551.0267951682852,3.612000000000000000e+03
551.1024165301448,3.612000000000000000e+03
551.1779790561093,3.638000000000000000e+03
551.2536012026161,3.646000000000000000e+03
551.3292237372492,3.639000000000000000e+03
551.4047855382855,3.684000000000000000e+03
551.4804066788231,3.686000000000000000e+03
551.5560303111364,3.686000000000000000e+03
551.6315910047903,3.688000000000000000e+03
551.7072150175466,3.680000000000000000e+03
551.7828375420726,3.719000000000000000e+03
551.8583991818102,3.748000000000000000e+03
551.9340205121266,3.726000000000000000e+03
552.0096436778041,3.752000000000000000e+03
552.0852040546326,3.726000000000000000e+03
552.1608281083562,3.754000000000000000e+03
552.2363887123648,3.762000000000000000e+03
552.3120111809802,3.786000000000000000e+03
552.3876339198484,3.745000000000000000e+03
552.4631955723437,3.794000000000000000e+03
552.5388185047575,3.769000000000000000e+03
552.614380300461,3.767000000000000000e+03
552.6900021708618,3.789000000000000000e+03
552.765564075718,3.791000000000000000e+03
552.8411860712373,3.796000000000000000e+03
552.9168082777293,3.803000000000000000e+03
552.9923707499584,3.829000000000000000e+03
553.0679933370403,3.829000000000000000e+03
553.1435543046211,3.823000000000000000e+03
553.2191769324178,3.838000000000000000e+03
553.2947381962192,3.820000000000000000e+03
553.3703611371725,3.842000000000000000e+03
553.4459223575054,3.840000000000000000e+03
553.521545578136,3.861000000000000000e+03
553.5971070276289,3.879000000000000000e+03
553.6727301879512,3.892000000000000000e+03
553.74829183306,3.900000000000000000e+03
553.823851714682,3.902000000000000000e+03
553.8994751723073,3.883000000000000000e+03
553.9750367322185,3.919000000000000000e+03
554.050658510177,3.936000000000000000e+03
554.1262201811371,3.944000000000000000e+03
554.2018439290302,3.896000000000000000e+03
554.2774053707294,3.925000000000000000e+03
554.3529671374815,3.958000000000000000e+03
554.4285888549837,3.961000000000000000e+03
554.5041506486573,3.973000000000000000e+03
554.579712127434,3.960000000000000000e+03
554.6553335805664,3.969000000000000000e+03
554.7308950353918,3.981000000000000000e+03
554.8065186350868,4.001000000000000000e+03
554.8820800328116,4.017000000000000000e+03
554.9576410728757,4.053000000000000000e+03
555.0332642831411,4.016000000000000000e+03
555.108825215094,4.033000000000000000e+03
555.1843863800646,4.046000000000000000e+03
555.2599490030949,4.077000000000000000e+03
555.3355716725129,4.097000000000000000e+03
555.4111322702728,4.097000000000000000e+03
555.486694610333,4.104000000000000000e+03
555.5623170204691,4.107000000000000000e+03
555.6378788265472,4.125000000000000000e+03
555.7134408077316,4.124000000000000000e+03
555.7890023379755,4.147000000000000000e+03
555.8646239696742,4.143000000000000000e+03
555.9401852063803,4.181000000000000000e+03
556.0157462753666,4.156000000000000000e+03
556.0913090235443,4.198000000000000000e+03
556.1668694227267,4.204000000000000000e+03
556.2424921284115,4.193000000000000000e+03
556.3180540060974,4.220000000000000000e+03
556.3936159838638,4.218000000000000000e+03
556.46917743411,4.254000000000000000e+03
556.544738657784,4.252000000000000000e+03
556.6202993365139,4.274000000000000000e+03
556.6959226832005,4.294000000000000000e+03
556.7714847427467,4.315000000000000000e+03
556.8470468524312,4.286000000000000000e+03
556.9226065226395,4.306000000000000000e+03
556.9981696377276,4.299000000000000000e+03
557.0737306061917,4.294000000000000000e+03
557.1492912804306,4.318000000000000000e+03
557.2248535148585,4.316000000000000000e+03
557.3004154389016,4.344000000000000000e+03
557.3759767333004,4.339000000000000000e+03
557.451598607399,4.366000000000000000e+03
557.5271614300829,4.364000000000000000e+03
557.6027217325554,4.360000000000000000e+03
557.6782835475029,4.385000000000000000e+03
557.7538450012918,4.366000000000000000e+03
557.8294060853028,4.375000000000000000e+03
557.9049686584602,4.375000000000000000e+03
557.9805305342576,4.387000000000000000e+03
558.0560904581027,4.431000000000000000e+03
558.1316534042687,4.393000000000000000e+03
558.2072143813721,4.413000000000000000e+03
558.2827764962979,4.423000000000000000e+03
558.3583381828406,4.425000000000000000e+03
558.4338994323449,4.421000000000000000e+03
558.5094602361507,4.396000000000000000e+03
558.5850224576968,4.416000000000000000e+03
558.6605230453073,4.461000000000000000e+03
558.7360843175928,4.422000000000000000e+03
558.8116447982349,4.458000000000000000e+03
558.8872066647817,4.463000000000000000e+03
558.9627683478695,4.501000000000000000e+03
559.0383292140123,4.454000000000000000e+03
559.1138914425185,4.487000000000000000e+03
559.1894531500513,4.490000000000000000e+03
559.2650140151281,4.527000000000000000e+03
559.3405155236203,4.520000000000000000e+03
559.4160774775995,4.543000000000000000e+03
559.491638563738,4.515000000000000000e+03
559.5671990861741,4.558000000000000000e+03
559.6427612285802,4.556000000000000000e+03
559.7183224777227,4.556000000000000000e+03
559.7938239112091,4.536000000000000000e+03
559.8693855251184,4.566000000000000000e+03
559.9449468470373,4.592000000000000000e+03
560.0205075548458,4.571000000000000000e+03
560.0960695220344,4.590000000000000000e+03
560.1715693553381,4.633000000000000000e+03
560.2471316053342,4.618000000000000000e+03
560.3226935219939,4.673000000000000000e+03
560.3982544687057,4.648000000000000000e+03
560.4737553798353,4.680000000000000000e+03
560.549316857351,4.690000000000000000e+03
560.6248776534629,4.680000000000000000e+03
560.70037802624,4.714000000000000000e+03
560.7759393038835,4.712000000000000000e+03
560.8515017620771,4.731000000000000000e+03
560.9270018364357,4.731000000000000000e+03
561.0025625253518,4.763000000000000000e+03
561.0781246855694,4.787000000000000000e+03
561.1536262760454,4.793000000000000000e+03
561.2291866163674,4.802000000000000000e+03
561.304748089255,4.781000000000000000e+03
561.3802492335784,4.805000000000000000e+03
561.4558107265045,4.822000000000000000e+03
561.5313717522904,4.843000000000000000e+03
561.6068723759059,4.838000000000000000e+03
561.6824333719698,4.857000000000000000e+03
561.7579339169324,4.865000000000000000e+03
561.8334954817075,4.901000000000000000e+03
561.9089955995389,4.900000000000000000e+03
561.9845564375671,4.874000000000000000e+03
562.0601218043322,4.903000000000000000e+03
562.1356190160956,4.901000000000000000e+03
562.2111807638972,4.926000000000000000e+03
562.2866837867199,4.918000000000000000e+03
562.3622450420103,4.938000000000000000e+03
562.4377443607594,4.929000000000000000e+03
562.5133050891404,4.959000000000000000e+03
562.5888069961169,4.963000000000000000e+03
562.6643671648543,4.962000000000000000e+03
562.739868463935,4.971000000000000000e+03
562.8154280394092,4.969000000000000000e+03
562.8909286969488,4.971000000000000000e+03
562.9664305978828,4.996000000000000000e+03
563.0419939681478,5.013000000000000000e+03
563.1174920085415,4.998000000000000000e+03
563.19305470474,4.988000000000000000e+03
563.2685551920358,5.006000000000000000e+03
563.3440568835294,5.039000000000000000e+03
563.419616911542,5.037000000000000000e+03
563.4951146546897,5.040000000000000000e+03
563.5706770994776,5.027000000000000000e+03
563.6461803879624,5.045000000000000000e+03
563.7216816652208,5.017000000000000000e+03
563.7972413162915,5.058000000000000000e+03
563.8727417375509,5.071000000000000000e+03
563.948243300408,5.061000000000000000e+03
564.0238032597638,5.089000000000000000e+03
564.0993039174446,5.087000000000000000e+03
564.1748025104577,5.122000000000000000e+03
564.2503658884998,5.117000000000000000e+03
564.3258667100131,5.112000000000000000e+03
564.4013686264184,5.102000000000000000e+03
564.4768684441426,5.122000000000000000e+03
564.5524298972744,5.131000000000000000e+03
564.6279318813953,5.139000000000000000e+03
564.7034317408531,5.173000000000000000e+03
564.7789326555933,5.199000000000000000e+03
564.8544314277575,5.183000000000000000e+03
564.9299918767013,5.202000000000000000e+03
565.005495928257,5.216000000000000000e+03
565.0809946197296,5.217000000000000000e+03
565.1564943267665,5.215000000000000000e+03
565.2319918472216,5.243000000000000000e+03
565.3075574772264,5.212000000000000000e+03
565.3830570069348,5.226000000000000000e+03
565.4585575213804,5.250000000000000000e+03
565.5340558149843,5.270000000000000000e+03
565.6095582761728,5.272000000000000000e+03
565.6850585002172,5.276000000000000000e+03
565.760556477251,5.269000000000000000e+03
565.8360618025167,5.309000000000000000e+03
565.9116225122199,5.332000000000000000e+03
565.9871233197282,5.321000000000000000e+03
566.0626218458439,5.390000000000000000e+03
566.1381244909254,5.432000000000000000e+03
566.2136216322725,5.418000000000000000e+03
566.289126084757,5.434000000000000000e+03
566.3646250154166,5.493000000000000000e+03
566.4401248288668,5.497000000000000000e+03
566.5156223083626,5.497000000000000000e+03
566.5911238644974,5.550000000000000000e+03
566.666626281373,5.497000000000000000e+03
566.7421263396649,5.551000000000000000e+03
566.8176240294433,5.545000000000000000e+03
566.8931289818083,5.574000000000000000e+03
566.9686283363882,5.530000000000000000e+03
567.044128511452,5.563000000000000000e+03
567.1196262833736,5.566000000000000000e+03
567.1951280764068,5.581000000000000000e+03
567.2706306677735,5.551000000000000000e+03
567.3460696737624,5.583000000000000000e+03
567.4215706028087,5.595000000000000000e+03
567.4970690857559,5.587000000000000000e+03
567.5725715554013,5.606000000000000000e+03
567.6480715624202,5.607000000000000000e+03
567.7235723199296,5.629000000000000000e+03
567.7990705965543,5.637000000000000000e+03
567.8745728319317,5.626000000000000000e+03
567.9500112820856,5.612000000000000000e+03
568.0255117228037,5.626000000000000000e+03
568.1010128751681,5.611000000000000000e+03
568.1765115034954,5.656000000000000000e+03
568.2520140559766,5.646000000000000000e+03
568.327455928513,5.659000000000000000e+03
568.4029533742392,5.665000000000000000e+03
568.478454722623,5.662000000000000000e+03
568.5539535037092,5.663000000000000000e+03
568.6293947397575,5.634000000000000000e+03
568.7048948100362,5.680000000000000000e+03
568.7803955214323,5.663000000000000000e+03
568.8558968664703,5.646000000000000000e+03
568.9313373379196,5.675000000000000000e+03
569.0068366737867,5.662000000000000000e+03
569.0823366191238,5.659000000000000000e+03
569.1577756177235,5.702000000000000000e+03
569.2332767431898,5.690000000000000000e+03
569.3087752145101,5.680000000000000000e+03
569.3842159078702,5.690000000000000000e+03
569.4597155117148,5.722000000000000000e+03
569.5352189219938,5.714000000000000000e+03
569.6106547533757,5.692000000000000000e+03
569.6861592519366,5.712000000000000000e+03
569.7615961204366,5.754000000000000000e+03
569.8370951828829,5.739000000000000000e+03
569.9125980167112,5.754000000000000000e+03
569.9880363908212,5.766000000000000000e+03
570.063540235015,5.750000000000000000e+03
570.1389763193972,5.810000000000000000e+03
570.2144778914571,5.781000000000000000e+03
570.2899149030349,5.765000000000000000e+03
570.3654174215969,5.808000000000000000e+03
570.4408585841445,5.809000000000000000e+03
570.516355510032,5.844000000000000000e+03
570.5917975400971,5.846000000000000000e+03
570.6672953476274,5.873000000000000000e+03
570.7427349574187,5.882000000000000000e+03
570.8182368737373,5.877000000000000000e+03
570.8936740294567,5.907000000000000000e+03
570.9691767675921,5.896000000000000000e+03
571.044617956385,5.914000000000000000e+03
571.120118225025,5.923000000000000000e+03
571.1955568946336,5.954000000000000000e+03
571.2709959150741,5.955000000000000000e+03
571.3464973017159,5.986000000000000000e+03
571.4219370173379,6.013000000000000000e+03
571.4974358505949,5.982000000000000000e+03
571.5728729630794,6.022000000000000000e+03
571.6483169221735,6.023000000000000000e+03
571.7238167556269,6.030000000000000000e+03
571.7992547962239,6.041000000000000000e+03
571.874696395271,6.047000000000000000e+03
571.9501938880238,6.049000000000000000e+03
572.0256327861869,6.085000000000000000e+03
572.1010752224225,6.093000000000000000e+03
572.1765735734161,6.087000000000000000e+03
572.2520132602132,6.138000000000000000e+03
572.3274531890821,6.140000000000000000e+03
572.4028933523459,6.139000000000000000e+03
572.4783960113044,6.138000000000000000e+03
572.5538333585442,6.166000000000000000e+03
572.6292741944405,6.153000000000000000e+03
572.7047119540778,6.161000000000000000e+03
572.780212242593,6.179000000000000000e+03
572.8556503993934,6.152000000000000000e+03
572.9310920175104,6.142000000000000000e+03
573.0065305250978,6.179000000000000000e+03
573.0819691960772,6.185000000000000000e+03
573.1574080227304,6.173000000000000000e+03
573.232909430562,6.200000000000000000e+03
573.3083485618251,6.194000000000000000e+03
573.3837911132744,6.204000000000000000e+03
573.4592305026606,6.210000000000000000e+03
573.5346700090696,6.202000000000000000e+03
573.6101096247586,6.183000000000000000e+03
573.6855493419805,6.144000000000000000e+03
573.7609858609676,6.237000000000000000e+03
573.8364257571322,6.176000000000000000e+03
573.9118624378157,6.203000000000000000e+03
573.9873057764995,6.184000000000000000e+03
574.0627425886909,6.214000000000000000e+03
574.1382453810519,6.197000000000000000e+03
574.2136823092575,6.219000000000000000e+03
574.2891225732211,6.176000000000000000e+03
574.3645628688121,6.195000000000000000e+03
574.4399404917988,6.214000000000000000e+03
574.5153808108072,6.230000000000000000e+03
574.5908178365182,6.204000000000000000e+03
574.6662581633567,6.214000000000000000e+03
574.7416984828392,6.211000000000000000e+03
574.8171387871569,6.222000000000000000e+03
574.8925790684976,6.255000000000000000e+03
574.9680160131622,6.229000000000000000e+03
575.0434562242268,6.237000000000000000e+03
575.1188930812343,6.268000000000000000e+03
575.1943364992081,6.279000000000000000e+03
575.2697765474628,6.266000000000000000e+03
575.3451536315831,6.278000000000000000e+03
575.4205935156243,6.302000000000000000e+03
575.4960333140378,6.283000000000000000e+03
575.5714730189743,6.284000000000000000e+03
575.6469093088864,6.331000000000000000e+03
575.7223521169975,6.347000000000000000e+03
575.7977285011834,6.346000000000000000e+03
575.8731677371276,6.331000000000000000e+03
575.9486101574518,6.354000000000000000e+03
576.0240491208147,6.396000000000000000e+03
576.0994281953324,6.389000000000000000e+03
576.1748668380864,6.360000000000000000e+03
576.2503053165299,6.387000000000000000e+03
576.3257436227722,6.432000000000000000e+03
576.401121946027,6.432000000000000000e+03
576.4765631917769,6.438000000000000000e+03
576.5520009192454,6.432000000000000000e+03
576.627378593058,6.493000000000000000e+03
576.7028192152051,6.477000000000000000e+03
576.7782596194585,6.509000000000000000e+03
576.8536365734708,6.515000000000000000e+03
576.9290798301113,6.543000000000000000e+03
577.0045161881444,6.548000000000000000e+03
577.0798956812308,6.542000000000000000e+03
577.1553348449369,6.584000000000000000e+03
577.2307737431714,6.559000000000000000e+03
577.3061523771543,6.553000000000000000e+03
577.3815940386273,6.591000000000000000e+03
577.4569687212091,6.592000000000000000e+03
577.5324097821534,6.563000000000000000e+03
577.6077871497567,6.595000000000000000e+03
577.6832275791974,6.642000000000000000e+03
577.7586042662564,6.646000000000000000e+03
577.8340473712362,6.633000000000000000e+03
577.9094233467189,6.641000000000000000e+03
577.9848624183549,6.643000000000000000e+03
578.06024099099,6.660000000000000000e+03
578.1356826786689,6.648000000000000000e+03
578.2110604784385,6.649000000000000000e+03
578.2865014103915,6.625000000000000000e+03
578.3618750602704,6.689000000000000000e+03
578.4373152036164,6.723000000000000000e+03
578.5126947075182,6.708000000000000000e+03
578.5880737744064,6.699000000000000000e+03
578.6635160180301,6.668000000000000000e+03
578.7388908540094,6.671000000000000000e+03
578.8143322323514,6.710000000000000000e+03
578.8897095032095,6.697000000000000000e+03
578.9650862969057,6.692000000000000000e+03
579.0405296629765,6.706000000000000000e+03
579.1159054956761,6.756000000000000000e+03
579.1912841817008,6.724000000000000000e+03
579.2667227590988,6.700000000000000000e+03
579.3421004375672,6.709000000000000000e+03
579.4174809495532,6.685000000000000000e+03
579.4928575733711,6.709000000000000000e+03
579.5682974782039,6.727000000000000000e+03
579.6436763906835,6.734000000000000000e+03
579.7190547488921,6.727000000000000000e+03
579.7944325447469,6.714000000000000000e+03
579.8698736574771,6.721000000000000000e+03
579.9452503209693,6.730000000000000000e+03
580.0206297620755,6.743000000000000000e+03
580.0960086102061,6.709000000000000000e+03
580.1713868572579,6.734000000000000000e+03
580.2467678619868,6.710000000000000000e+03
580.3222055027192,6.722000000000000000e+03
580.3975819144985,6.718000000000000000e+03
580.472964431725,6.726000000000000000e+03
580.5483361997073,6.745000000000000000e+03
580.6237208011142,6.745000000000000000e+03
580.6990980056318,6.780000000000000000e+03
580.774474545852,6.750000000000000000e+03
580.8498537875009,6.762000000000000000e+03
580.9252289755794,6.733000000000000000e+03
581.0006743628959,6.751000000000000000e+03
581.0760481837603,6.793000000000000000e+03
581.1514280543308,6.748000000000000000e+03
581.2268072152121,6.796000000000000000e+03
581.3021822791188,6.802000000000000000e+03
581.3775633752501,6.793000000000000000e+03
581.4529437389426,6.808000000000000000e+03
581.5283199802694,6.797000000000000000e+03
581.6036988536778,6.838000000000000000e+03
581.6790160670166,6.838000000000000000e+03
581.7543934024975,6.828000000000000000e+03
581.8297699646201,6.875000000000000000e+03
581.9051525174606,6.842000000000000000e+03
581.9805308970429,6.875000000000000000e+03
582.0559084804219,6.869000000000000000e+03
582.1312852593902,6.894000000000000000e+03
582.206668005028,6.922000000000000000e+03
582.2820397617667,6.908000000000000000e+03
582.3574242532981,6.909000000000000000e+03
582.4327366749485,6.935000000000000000e+03
582.508116082625,6.965000000000000000e+03
582.5834946400697,6.964000000000000000e+03
582.658872339047,6.966000000000000000e+03
582.7342525671091,7.004000000000000000e+03
582.8095673852416,7.019000000000000000e+03
582.8849492395216,6.990000000000000000e+03
582.9603268074364,7.037000000000000000e+03
583.0357068767066,7.029000000000000000e+03
583.1110214380087,7.043000000000000000e+03
583.1864030744695,7.071000000000000000e+03
583.2617769878166,7.060000000000000000e+03
583.3371601786139,7.032000000000000000e+03
583.4124743613642,7.076000000000000000e+03
583.4878556582576,7.079000000000000000e+03
583.5632325991093,7.098000000000000000e+03
583.6385472652148,7.142000000000000000e+03
583.7139290751193,7.109000000000000000e+03
583.7893065032263,7.107000000000000000e+03
583.8646249949269,7.130000000000000000e+03
583.9400004322508,7.130000000000000000e+03
584.0153168866366,7.152000000000000000e+03
584.0907005347968,7.157000000000000000e+03
584.1660763462396,7.151000000000000000e+03
584.2413965200363,7.173000000000000000e+03
584.3167736762043,7.182000000000000000e+03
584.3920917365156,7.198000000000000000e+03
584.4674702084938,7.148000000000000000e+03
584.5427861228587,7.146000000000000000e+03
584.6181658817017,7.154000000000000000e+03
584.6934796176279,7.194000000000000000e+03
584.7688572148127,7.158000000000000000e+03
584.8441755797492,7.221000000000000000e+03
584.919554404934,7.180000000000000000e+03
584.9948739529473,7.182000000000000000e+03
585.0702539779767,7.156000000000000000e+03
585.145567832981,7.190000000000000000e+03
585.2208873808705,7.205000000000000000e+03
585.2962674300239,7.177000000000000000e+03
585.3715812355221,7.180000000000000000e+03
585.446962410467,7.173000000000000000e+03
585.522277293224,7.189000000000000000e+03
585.5975978392732,7.129000000000000000e+03
585.6729720672993,7.180000000000000000e+03
585.7482902189189,7.184000000000000000e+03
585.8236071536562,7.232000000000000000e+03
585.8989880858402,7.189000000000000000e+03
585.9743025783406,7.151000000000000000e+03
586.0496192632522,7.140000000000000000e+03
586.1249381347992,7.181000000000000000e+03
586.200317604434,7.169000000000000000e+03
586.2756374097312,7.189000000000000000e+03
586.3509525064017,7.202000000000000000e+03
586.4262697612708,7.182000000000000000e+03
586.5016510856912,7.206000000000000000e+03
586.576965774025,7.143000000000000000e+03
586.6522825996321,7.160000000000000000e+03
586.7275981142149,7.209000000000000000e+03
586.8029157526896,7.186000000000000000e+03
586.878297505942,7.194000000000000000e+03
586.9536125003841,7.191000000000000000e+03
587.0289295977367,7.223000000000000000e+03
587.1042487921765,7.231000000000000000e+03
587.1795666300785,7.273000000000000000e+03
587.2548831029591,7.290000000000000000e+03
587.3301982023304,7.222000000000000000e+03
587.4055153701529,7.280000000000000000e+03
587.4808346005856,7.277000000000000000e+03
587.5561558877838,7.294000000000000000e+03
587.631468866577,7.286000000000000000e+03
587.7067838851247,7.337000000000000000e+03
587.78216658026,7.300000000000000000e+03
587.8574856775697,7.347000000000000000e+03
587.9328033404089,7.321000000000000000e+03
588.0080538670875,7.348000000000000000e+03
588.0833720770029,7.370000000000000000e+03
588.1586888286358,7.381000000000000000e+03
588.234007573644,7.398000000000000000e+03
588.3093248450679,7.384000000000000000e+03
588.3846440963296,7.439000000000000000e+03
588.4599618586897,7.384000000000000000e+03
588.5352781235977,7.457000000000000000e+03
588.6105963471232,7.437000000000000000e+03
588.6859130578563,7.455000000000000000e+03
588.761231713632,7.513000000000000000e+03
588.8364864301399,7.512000000000000000e+03
588.9118020050827,7.468000000000000000e+03
588.9871195037894,7.527000000000000000e+03
589.0624389203426,7.513000000000000000e+03
589.1377567779897,7.544000000000000000e+03
589.2130730681441,7.487000000000000000e+03
589.2883287478853,7.569000000000000000e+03
589.3636453356847,7.582000000000000000e+03
589.4389638063658,7.559000000000000000e+03
589.5142806787193,7.591000000000000000e+03
589.5895403256021,7.590000000000000000e+03
589.6648574383153,7.546000000000000000e+03
589.740176406581,7.571000000000000000e+03
589.8154276479908,7.553000000000000000e+03
589.8907468120178,7.591000000000000000e+03
589.9660643313503,7.565000000000000000e+03
590.0413210120631,7.632000000000000000e+03
590.1166352010036,7.586000000000000000e+03
590.1919546858783,7.603000000000000000e+03
590.2672132644499,7.635000000000000000e+03
590.3425293741994,7.623000000000000000e+03
590.4177880160598,7.596000000000000000e+03
590.4931042037921,7.567000000000000000e+03
590.568418683014,7.599000000000000000e+03
590.643675627467,7.591000000000000000e+03
590.7189936284246,7.594000000000000000e+03
590.7942505619948,7.619000000000000000e+03
590.8695685685237,7.604000000000000000e+03
590.9448219696872,7.595000000000000000e+03
591.0201399515241,7.567000000000000000e+03
591.0953967743105,7.603000000000000000e+03
591.1707147029425,7.595000000000000000e+03
591.2459714266577,7.607000000000000000e+03
591.3212892726514,7.610000000000000000e+03
591.3965458678394,7.617000000000000000e+03
591.4718006307248,7.622000000000000000e+03
591.547116539627,7.538000000000000000e+03
591.6223746281325,7.607000000000000000e+03
591.6976903797901,7.597000000000000000e+03
591.7729482668865,7.623000000000000000e+03
591.8482042834247,7.610000000000000000e+03
591.9235214878881,7.623000000000000000e+03
591.9987807623979,7.602000000000000000e+03
592.0740346381908,7.600000000000000000e+03
592.1493532320127,7.604000000000000000e+03
592.2246103231383,7.607000000000000000e+03
592.2998654966053,7.634000000000000000e+03
592.3751222527409,7.593000000000000000e+03
592.4504402550338,7.655000000000000000e+03
592.5256966625434,7.604000000000000000e+03
592.6009511209176,7.623000000000000000e+03
592.6762106466866,7.628000000000000000e+03
592.7515244260364,7.652000000000000000e+03
592.8267835455117,7.646000000000000000e+03
592.9020371707703,7.623000000000000000e+03
592.9772958390107,7.664000000000000000e+03
593.0525489954576,7.655000000000000000e+03
593.1278071826566,7.676000000000000000e+03
593.2031266995527,7.705000000000000000e+03
593.2783808730474,7.665000000000000000e+03
593.3536365391337,7.691000000000000000e+03
593.4288936916811,7.732000000000000000e+03
593.5041488020836,7.709000000000000000e+03
593.5794089082539,7.735000000000000000e+03
593.6546634339551,7.728000000000000000e+03
593.729919417986,7.731000000000000000e+03
593.8051733281523,7.736000000000000000e+03
593.8804322095,7.750000000000000000e+03
593.955689002888,7.770000000000000000e+03
594.0309472282032,7.776000000000000000e+03
594.1061998200399,7.811000000000000000e+03
594.1814573584147,7.796000000000000000e+03
594.2567163084306,7.861000000000000000e+03
594.3319695993049,7.810000000000000000e+03
594.4072278190921,7.815000000000000000e+03
594.4824803620132,7.806000000000000000e+03
594.5577413564724,7.801000000000000000e+03
594.6329931222317,7.860000000000000000e+03
594.7082533289405,7.873000000000000000e+03
594.7834441469494,7.855000000000000000e+03
594.85870352054,7.849000000000000000e+03
594.9339607052526,7.880000000000000000e+03
595.0092192325558,7.907000000000000000e+03
595.0844720137306,7.888000000000000000e+03
595.1596694470827,7.874000000000000000e+03
595.2349248608839,7.891000000000000000e+03
595.310178044894,7.906000000000000000e+03
595.3854360798784,7.903000000000000000e+03
595.4606918708308,7.916000000000000000e+03
595.5358886627483,7.954000000000000000e+03
595.611147019589,7.941000000000000000e+03
595.6864031092157,7.967000000000000000e+03
595.7615965842728,7.933000000000000000e+03
595.836855197865,7.903000000000000000e+03
595.9121115210278,7.949000000000000000e+03
595.9873051606659,7.960000000000000000e+03
596.0625604137975,7.944000000000000000e+03
596.1378169052595,7.953000000000000000e+03
596.2130106441916,7.940000000000000000e+03
596.2882695773723,8.005000000000000000e+03
596.3635261735925,7.939000000000000000e+03
596.4387199482267,7.953000000000000000e+03
596.5139753866564,7.962000000000000000e+03
596.5891715160268,7.932000000000000000e+03
596.6644293271388,7.927000000000000000e+03
596.739624225117,7.951000000000000000e+03
596.8148808209818,7.965000000000000000e+03
596.8900744570072,7.922000000000000000e+03
596.9653333707323,7.980000000000000000e+03
597.0405257151125,7.945000000000000000e+03
597.115786920592,7.900000000000000000e+03
597.1909779436049,7.953000000000000000e+03
597.2662342801653,7.932000000000000000e+03
597.3414275184313,7.931000000000000000e+03
597.4166254158234,7.943000000000000000e+03
597.491885088153,7.928000000000000000e+03
597.5670780238231,7.942000000000000000e+03
597.6423327487403,7.928000000000000000e+03
597.7175242592349,7.942000000000000000e+03
597.792720398088,7.923000000000000000e+03
597.8679783530253,7.949000000000000000e+03
597.9431801766776,7.946000000000000000e+03
598.0183687346421,7.939000000000000000e+03
598.0936227072775,7.908000000000000000e+03
598.1688204827943,7.955000000000000000e+03
598.2440156960317,7.959000000000000000e+03
598.3192119177841,7.934000000000000000e+03
598.3944735953452,7.912000000000000000e+03
598.4696646678975,7.933000000000000000e+03
598.5448638913675,7.887000000000000000e+03
598.6200605143976,7.918000000000000000e+03
598.6952545279034,7.932000000000000000e+03
598.7705032869707,7.934000000000000000e+03
598.845702827054,7.923000000000000000e+03
598.9209033228055,7.922000000000000000e+03
598.9960940039387,7.979000000000000000e+03
599.0712892114018,7.918000000000000000e+03
599.1464853517283,7.945000000000000000e+03
599.2216788278446,7.925000000000000000e+03
599.2968768137707,7.930000000000000000e+03
599.3720685283897,7.974000000000000000e+03
599.4472683333562,7.930000000000000000e+03
599.5225229531976,7.980000000000000000e+03
599.5977173765003,7.956000000000000000e+03
599.6729126841367,8.007000000000000000e+03
599.7481088696748,7.943000000000000000e+03
599.8232987309193,7.984000000000000000e+03
599.8985002499289,8.000000000000000000e+03
599.9736306356483,7.993000000000000000e+03
600.0488302503571,8.000000000000000000e+03
600.1240271092662,8.003000000000000000e+03
600.1992212032151,7.997000000000000000e+03
600.274408919746,8.011000000000000000e+03
600.3496082679649,7.998000000000000000e+03
600.4248084342357,8.038000000000000000e+03
600.499998594085,8.087000000000000000e+03
600.5751931605373,8.026000000000000000e+03
600.6503235814662,8.072000000000000000e+03
600.7255197152398,8.052000000000000000e+03
600.8007166310834,8.072000000000000000e+03
600.875914322513,8.091000000000000000e+03
600.9511163944641,8.074000000000000000e+03
601.0262433719869,8.097000000000000000e+03
601.1014361076029,8.141000000000000000e+03
601.1766404316174,8.150000000000000000e+03
601.2518346554406,8.125000000000000000e+03
601.3269681412486,8.096000000000000000e+03
601.4021565754814,8.125000000000000000e+03
601.4773565793163,8.125000000000000000e+03
601.55249578129,8.167000000000000000e+03
601.6276863350764,8.141000000000000000e+03
601.7028775856559,8.160000000000000000e+03
601.7780115846128,8.164000000000000000e+03
601.8532078169892,8.167000000000000000e+03
601.9284011052009,8.159000000000000000e+03
602.0035370787526,8.194000000000000000e+03
602.0787353122603,8.177000000000000000e+03
602.1538653131911,8.178000000000000000e+03
602.2290648417321,8.176000000000000000e+03
602.3041960901958,8.166000000000000000e+03
602.3793896303448,8.179000000000000000e+03
602.4545329868457,8.183000000000000000e+03
602.52972050603,8.177000000000000000e+03
602.6048541681286,8.198000000000000000e+03
602.6800537894703,8.170000000000000000e+03
602.7551886194266,8.182000000000000000e+03
602.8303821600039,8.189000000000000000e+03
602.9055217646458,8.197000000000000000e+03
602.9807128258426,8.250000000000000000e+03
603.055846272166,8.174000000000000000e+03
603.1309766185691,8.157000000000000000e+03
603.2061729886882,8.177000000000000000e+03
603.281308042969,8.173000000000000000e+03
603.3564436151993,8.182000000000000000e+03
603.4316452421198,8.183000000000000000e+03
603.5067745623387,8.198000000000000000e+03
603.5819116632719,8.197000000000000000e+03
603.6571039159869,8.173000000000000000e+03
603.732238361985,8.209000000000000000e+03
603.8073696385936,8.218000000000000000e+03
603.8825123234259,8.203000000000000000e+03
603.9576992468579,8.213000000000000000e+03
604.0328355724649,8.159000000000000000e+03
604.1079723479853,8.185000000000000000e+03
604.1831095667776,8.153000000000000000e+03
604.2582983401253,8.181000000000000000e+03
604.3334364382367,8.157000000000000000e+03
604.4085676534826,8.185000000000000000e+03
604.4836992817685,8.193000000000000000e+03
604.5588422811774,8.171000000000000000e+03
604.6339747182885,8.158000000000000000e+03
604.7091075484526,8.189000000000000000e+03
604.7842444226404,8.169000000000000000e+03
604.859378019808,8.142000000000000000e+03
604.9345046710955,8.175000000000000000e+03
605.009704892442,8.175000000000000000e+03
605.0848359419433,8.168000000000000000e+03
605.1599746669862,8.198000000000000000e+03
605.23510275086,8.205000000000000000e+03
605.310245826721,8.184000000000000000e+03
605.3853159408447,8.168000000000000000e+03
605.4604486674336,8.234000000000000000e+03
605.535581711707,8.200000000000000000e+03
605.6107150669574,8.192000000000000000e+03
605.6858487264751,8.201000000000000000e+03
605.7609863530097,8.210000000000000000e+03
605.8361242722013,8.225000000000000000e+03
605.9112514634761,8.230000000000000000e+03
605.9863899450862,8.242000000000000000e+03
606.0615286991821,8.236000000000000000e+03
606.1365942387108,8.254000000000000000e+03
606.2117261495124,8.242000000000000000e+03
606.2868656606279,8.272000000000000000e+03
606.3619980637881,8.283000000000000000e+03
606.4370718595482,8.283000000000000000e+03
606.5122047116855,8.261000000000000000e+03
606.5873377854751,8.278000000000000000e+03
606.6624747545558,8.280000000000000000e+03
606.7375456701113,8.287000000000000000e+03
606.8126830359437,8.296000000000000000e+03
606.8878205982112,8.315000000000000000e+03
606.9628957214667,8.298000000000000000e+03
607.0380225859356,8.346000000000000000e+03
607.1131606786419,8.323000000000000000e+03
607.1882288919476,8.321000000000000000e+03
607.2633709869046,8.319000000000000000e+03
607.3385021736576,8.305000000000000000e+03
607.4135707840262,8.305000000000000000e+03
607.4887096199877,8.303000000000000000e+03
607.5637821472627,8.356000000000000000e+03
607.6389138462803,8.385000000000000000e+03
607.7139865728267,8.346000000000000000e+03
607.7891221807843,8.338000000000000000e+03
607.8641950802765,8.310000000000000000e+03
607.9393308785938,8.376000000000000000e+03
608.0144039237675,8.362000000000000000e+03
608.089539885174,8.353000000000000000e+03
608.1646130487377,8.356000000000000000e+03
608.2397417468239,8.345000000000000000e+03
608.3148187001017,8.311000000000000000e+03
608.3898956827247,8.343000000000000000e+03
608.4650245200035,8.374000000000000000e+03
608.5401015535813,8.327000000000000000e+03
608.6151785959717,8.353000000000000000e+03
608.6903112159022,8.396000000000000000e+03
608.7653771512115,8.382000000000000000e+03
608.8404578967535,8.371000000000000000e+03
608.9155905344547,8.400000000000000000e+03
608.990660126277,8.354000000000000000e+03
609.0657296820973,8.373000000000000000e+03
609.1408659845031,8.368000000000000000e+03
609.2159465984835,8.345000000000000000e+03
609.2910160242585,8.400000000000000000e+03
609.3660890997941,8.394000000000000000e+03
609.4411621067635,8.369000000000000000e+03
609.5162981949915,8.366000000000000000e+03
609.591371059717,8.341000000000000000e+03
609.6664438352011,8.388000000000000000e+03
609.7415165145444,8.397000000000000000e+03
609.8165928096073,8.368000000000000000e+03
609.8916652768738,8.368000000000000000e+03
609.9667339066874,8.366000000000000000e+03
610.041806132408,8.364000000000000000e+03
610.1168819498673,8.341000000000000000e+03
610.1919576315516,8.353000000000000000e+03
610.2670257220219,8.363000000000000000e+03
610.3421011095528,8.343000000000000000e+03
610.4171800666223,8.324000000000000000e+03
610.4922476810158,8.399000000000000000e+03
610.5673225771701,8.362000000000000000e+03
610.6423935671218,8.374000000000000000e+03
610.7174681006938,8.371000000000000000e+03
610.7925387123403,8.363000000000000000e+03
610.8676165871373,8.378000000000000000e+03
610.9426867935962,8.380000000000000000e+03
611.0177642529652,8.385000000000000000e+03
611.0928340264109,8.391000000000000000e+03
611.1679035719891,8.365000000000000000e+03
611.2429205762214,8.425000000000000000e+03
611.3179896323122,8.400000000000000000e+03
611.3930696536677,8.382000000000000000e+03
611.4681382079762,8.424000000000000000e+03
611.543210239399,8.398000000000000000e+03
611.6182258914046,8.355000000000000000e+03
611.6932973662973,8.372000000000000000e+03
611.7683685593274,8.393000000000000000e+03
611.8434394635015,8.415000000000000000e+03
611.91845764963,8.416000000000000000e+03
611.9935279422344,8.418000000000000000e+03
612.06860167126,8.421000000000000000e+03
612.1436188772811,8.438000000000000000e+03
612.2186919554537,8.438000000000000000e+03
612.2937609555369,8.412000000000000000e+03
612.368769618424,8.407000000000000000e+03
612.443841671833,8.433000000000000000e+03
612.518860850012,8.418000000000000000e+03
612.5939321832865,8.433000000000000000e+03
612.668943094263,8.433000000000000000e+03
612.7440136774355,8.470000000000000000e+03
612.8190876378331,8.443000000000000000e+03
612.8941048689004,8.473000000000000000e+03
612.9691780415548,8.462000000000000000e+03
613.0441869267229,8.459000000000000000e+03
613.1192028943198,8.446000000000000000e+03
613.1942785838127,8.441000000000000000e+03
613.2692861585759,8.467000000000000000e+03
613.3443572287938,8.480000000000000000e+03
613.4193751865103,8.462000000000000000e+03
613.4944491348593,8.508000000000000000e+03
613.5694586386024,8.528000000000000000e+03
613.644467658833,8.496000000000000000e+03
613.7195402192466,8.483000000000000000e+03
613.794555801729,8.510000000000000000e+03
613.8695671147681,8.497000000000000000e+03
613.9446382262654,8.494000000000000000e+03
614.0196560673113,8.500000000000000000e+03
614.0946658455853,8.533000000000000000e+03
614.1696826366328,8.491000000000000000e+03
614.2447554874341,8.527000000000000000e+03
614.3197636679537,8.543000000000000000e+03
614.3947788454523,8.555000000000000000e+03
614.4697859154201,8.502000000000000000e+03
614.5448037484722,8.532000000000000000e+03
614.619873899117,8.534000000000000000e+03
614.694883044028,8.525000000000000000e+03
614.769899161373,8.512000000000000000e+03
614.8449071281832,8.560000000000000000e+03
614.9199220568489,8.545000000000000000e+03
614.994936381391,8.570000000000000000e+03
615.0699463115571,8.533000000000000000e+03
615.1449594055,8.520000000000000000e+03
615.219968088927,8.552000000000000000e+03
615.2949799236752,8.578000000000000000e+03
615.3699949053583,8.524000000000000000e+03
615.4450130295872,8.552000000000000000e+03
615.5200153487256,8.525000000000000000e+03
615.5950321611059,8.555000000000000000e+03
615.6700445181616,8.602000000000000000e+03
615.7450599927896,8.563000000000000000e+03
615.8200634112113,8.568000000000000000e+03
615.8950775175382,8.541000000000000000e+03
615.9700909303292,8.512000000000000000e+03
616.045103642399,8.512000000000000000e+03
616.1200587059649,8.540000000000000000e+03
616.1950737781215,8.553000000000000000e+03
616.2700843319404,8.507000000000000000e+03
616.3450979550751,8.524000000000000000e+03
616.4201070436227,8.546000000000000000e+03
616.4950545776754,8.518000000000000000e+03
616.5700659579935,8.536000000000000000e+03
616.6450765818348,8.527000000000000000e+03
616.720097852294,8.503000000000000000e+03
616.7950422701603,8.474000000000000000e+03
616.8700581788843,8.508000000000000000e+03
616.9450694997388,8.511000000000000000e+03
617.0200229227949,8.525000000000000000e+03
617.0950326410584,8.488000000000000000e+03
617.1700377451283,8.512000000000000000e+03
617.2449925060192,8.511000000000000000e+03
617.3200073947381,8.548000000000000000e+03
617.395013836697,8.541000000000000000e+03
617.4699660667885,8.497000000000000000e+03
617.5449822610196,8.512000000000000000e+03
617.6199327648687,8.505000000000000000e+03
617.6949472498279,8.554000000000000000e+03
617.7698959983896,8.497000000000000000e+03
617.8449087450254,8.567000000000000000e+03
617.9198595274773,8.478000000000000000e+03
617.9948705076381,8.552000000000000000e+03
618.069827119618,8.504000000000000000e+03
618.144840127084,8.499000000000000000e+03
618.2197872618343,8.515000000000000000e+03
618.2947411041071,8.526000000000000000e+03
618.3697513617161,8.528000000000000000e+03
618.44469567746,8.535000000000000000e+03
618.5196505100681,8.527000000000000000e+03
618.5946694328892,8.534000000000000000e+03
618.6696146951708,8.563000000000000000e+03
618.7445666341545,8.552000000000000000e+03
618.8195826887393,8.544000000000000000e+03
618.8945326685835,8.543000000000000000e+03
618.9694854812299,8.553000000000000000e+03
619.0444334578197,8.522000000000000000e+03
619.1194494169247,8.523000000000000000e+03
619.1943992107521,8.536000000000000000e+03
619.2693479786984,8.522000000000000000e+03
619.3442957134283,8.591000000000000000e+03
619.4192500812071,8.562000000000000000e+03
619.4942648084996,8.576000000000000000e+03
619.5692094181061,8.533000000000000000e+03
619.6441644838893,8.576000000000000000e+03
619.7191184853039,8.565000000000000000e+03
619.7940637321011,8.585000000000000000e+03
619.8690155808523,8.548000000000000000e+03
619.9439663431604,8.550000000000000000e+03
620.0189198558951,8.606000000000000000e+03
620.0938722693128,8.561000000000000000e+03
620.1688197299484,8.559000000000000000e+03
620.2437699216852,8.548000000000000000e+03
620.3187305358406,8.591000000000000000e+03
620.393678480104,8.584000000000000000e+03
620.4686252881608,8.566000000000000000e+03
620.543582504853,8.563000000000000000e+03
620.61852702112,8.594000000000000000e+03
620.6934819368186,8.554000000000000000e+03
620.7684356923214,8.608000000000000000e+03
620.8433227543279,8.593000000000000000e+03
620.9182780068074,8.557000000000000000e+03
620.9932282224137,8.579000000000000000e+03
621.0681811054573,8.565000000000000000e+03
621.1431327931294,8.587000000000000000e+03
621.2180794188941,8.609000000000000000e+03
621.2929746519387,8.591000000000000000e+03
621.3679226950109,8.590000000000000000e+03
621.4428695130218,8.573000000000000000e+03
621.5177610187308,8.600000000000000000e+03
621.5927130788318,8.606000000000000000e+03
621.6676600305892,8.653000000000000000e+03
621.7426134606835,8.643000000000000000e+03
621.8174999024244,8.621000000000000000e+03
621.8924507959133,8.608000000000000000e+03
621.9673462597708,8.565000000000000000e+03
622.0422984590124,8.585000000000000000e+03
622.1172493736544,8.562000000000000000e+03
622.1921409277729,8.574000000000000000e+03
622.2670892368434,8.594000000000000000e+03
622.3419781424883,8.556000000000000000e+03
622.4169354382018,8.598000000000000000e+03
622.4918216682801,8.571000000000000000e+03
622.5667763070498,8.549000000000000000e+03
622.6416637084727,8.585000000000000000e+03
622.7166156613104,8.565000000000000000e+03
622.791500330108,8.588000000000000000e+03
622.8664495670652,8.573000000000000000e+03
622.9413431149467,8.557000000000000000e+03
623.0162352679529,8.545000000000000000e+03
623.0911842549693,8.579000000000000000e+03
623.1660736097131,8.555000000000000000e+03
623.2409693156505,8.561000000000000000e+03
623.3159141083677,8.566000000000000000e+03
623.3908108627464,8.551000000000000000e+03
623.4656984085988,8.582000000000000000e+03
623.54065060535,8.543000000000000000e+03
623.6155430462911,8.599000000000000000e+03
623.6904262505253,8.547000000000000000e+03
623.7653157682421,8.609000000000000000e+03
623.8402738657751,8.581000000000000000e+03
623.9151643415145,8.573000000000000000e+03
623.9900494384281,8.544000000000000000e+03
624.0649369353079,8.597000000000000000e+03
624.1398346184196,8.569000000000000000e+03
624.2147191099846,8.584000000000000000e+03
624.2896137782844,8.581000000000000000e+03
624.3645615055957,8.554000000000000000e+03
624.4394531447507,8.573000000000000000e+03
624.5143432514428,8.561000000000000000e+03
624.5892357192214,8.570000000000000000e+03
624.6641227392169,8.521000000000000000e+03
624.739008204036,8.591000000000000000e+03
624.8139077217978,8.580000000000000000e+03
624.8887900572714,8.585000000000000000e+03
624.9636825322137,8.561000000000000000e+03
625.0385773339976,8.575000000000000000e+03
625.1134666425047,8.624000000000000000e+03
625.1883582645422,8.586000000000000000e+03
625.263181823586,8.562000000000000000e+03
625.3380780414589,8.527000000000000000e+03
625.4129648242472,8.562000000000000000e+03
625.4878578081264,8.555000000000000000e+03
625.5627413379577,8.549000000000000000e+03
625.6376349716288,8.520000000000000000e+03
625.7124604067309,8.578000000000000000e+03
625.7873507351937,8.596000000000000000e+03
625.8622394075853,8.572000000000000000e+03
625.9371381701984,8.594000000000000000e+03
626.0119647267263,8.552000000000000000e+03
626.0868522937308,8.536000000000000000e+03
626.1617460175852,8.544000000000000000e+03
626.2366380528313,8.540000000000000000e+03
626.3114617065921,8.552000000000000000e+03
626.3863503257447,8.582000000000000000e+03
626.4611822898413,8.542000000000000000e+03
626.5360713905895,8.581000000000000000e+03
626.6109666191869,8.555000000000000000e+03
626.6857933539325,8.536000000000000000e+03
626.7606772445703,8.534000000000000000e+03
626.8355122365108,8.554000000000000000e+03
626.9104044027886,8.538000000000000000e+03
626.985224051504,8.554000000000000000e+03
627.0601205419518,8.562000000000000000e+03
627.1349523354077,8.560000000000000000e+03
627.2098373967692,8.538000000000000000e+03
627.2846616468294,8.564000000000000000e+03
627.3595549170336,8.564000000000000000e+03
627.4343873380152,8.508000000000000000e+03
627.5092769901677,8.531000000000000000e+03
627.5841096881397,8.566000000000000000e+03
627.6589365990222,8.530000000000000000e+03
627.7338247007415,8.526000000000000000e+03
627.8086518461457,8.527000000000000000e+03
627.8834850056414,8.546000000000000000e+03
627.9583754402697,8.520000000000000000e+03
628.0332088011603,8.531000000000000000e+03
628.1080284382782,8.550000000000000000e+03
628.182858012259,8.528000000000000000e+03
628.2577527829216,8.534000000000000000e+03
628.3325785578783,8.541000000000000000e+03
628.4074142606058,8.543000000000000000e+03
628.4822361924339,8.556000000000000000e+03
628.5570680421939,8.558000000000000000e+03
628.6318979552647,8.523000000000000000e+03
628.706785214725,8.541000000000000000e+03
628.7816191526078,8.511000000000000000e+03
628.8564471797065,8.514000000000000000e+03
628.9312811520758,8.548000000000000000e+03
629.0061012851678,8.518000000000000000e+03
629.0809313073146,8.536000000000000000e+03
629.155759344112,8.545000000000000000e+03
629.2305893470999,8.503000000000000000e+03
629.3054252715824,8.536000000000000000e+03
629.380247309458,8.546000000000000000e+03
629.4550831794276,8.539000000000000000e+03
629.5299011803792,8.512000000000000000e+03
629.6047330053896,8.547000000000000000e+03
629.6795707280481,8.527000000000000000e+03
629.7543389940075,8.487000000000000000e+03
629.8291607196976,8.499000000000000000e+03
629.9039962589939,8.487000000000000000e+03
629.9788178342736,8.501000000000000000e+03
630.0536452776254,8.552000000000000000e+03
630.1284746162776,8.540000000000000000e+03
630.2032423002603,8.560000000000000000e+03
630.2780753994684,8.517000000000000000e+03
630.3529103790165,8.527000000000000000e+03
630.4277313363475,8.547000000000000000e+03
630.5025024771371,8.561000000000000000e+03
630.5773311190919,8.550000000000000000e+03
630.6521576385172,8.573000000000000000e+03
630.7269342895984,8.552000000000000000e+03
630.8017565291294,8.528000000000000000e+03
630.8765845827202,8.561000000000000000e+03
630.9513587332427,8.562000000000000000e+03
631.0261864484233,8.569000000000000000e+03
631.1009522564115,8.539000000000000000e+03
631.175787573207,8.553000000000000000e+03
631.2506087617126,8.562000000000000000e+03
631.3253799341081,8.536000000000000000e+03
631.400208688403,8.583000000000000000e+03
631.4749754310345,8.573000000000000000e+03
631.5498037567131,8.556000000000000000e+03
631.6245780075234,8.576000000000000000e+03
631.6993420335924,8.586000000000000000e+03
631.7741716576955,8.540000000000000000e+03
631.8489391655564,8.536000000000000000e+03
631.923764305041,8.568000000000000000e+03
631.9985312783703,8.531000000000000000e+03
632.0733039606179,8.531000000000000000e+03
632.1481342990165,8.557000000000000000e+03
632.2228944223607,8.557000000000000000e+03
632.2976642345945,8.543000000000000000e+03
632.3724997216107,8.552000000000000000e+03
632.4472649272958,8.519000000000000000e+03
632.5220358114818,8.601000000000000000e+03
632.5968083701387,8.555000000000000000e+03
632.6716346337209,8.577000000000000000e+03
632.746402531009,8.574000000000000000e+03
632.8211640744752,8.541000000000000000e+03
632.895939281213,8.550000000000000000e+03
632.9707001090119,8.578000000000000000e+03
633.0454705862102,8.563000000000000000e+03
633.1202346797379,8.550000000000000000e+03
633.1950124256075,8.550000000000000000e+03
633.2698318993826,8.542000000000000000e+03
633.3446048767886,8.551000000000000000e+03
633.4193754528278,8.536000000000000000e+03
633.4941436195448,8.528000000000000000e+03
633.5689053548851,8.552000000000000000e+03
633.6436807232593,8.549000000000000000e+03
633.718441616138,8.548000000000000000e+03
633.7932121186539,8.523000000000000000e+03
633.8679199094199,8.520000000000000000e+03
633.9426855028164,8.495000000000000000e+03
634.0174606961399,8.512000000000000000e+03
634.0922213655654,8.509000000000000000e+03
634.1669876029633,8.518000000000000000e+03
634.2417553834099,8.509000000000000000e+03
634.3165327489089,8.510000000000000000e+03
634.3912351850232,8.515000000000000000e+03
634.4660075495017,8.500000000000000000e+03
634.5407774100094,8.568000000000000000e+03
634.6155447585436,8.511000000000000000e+03
634.6902491623354,8.524000000000000000e+03
634.7650114486645,8.502000000000000000e+03
634.8397832896367,8.549000000000000000e+03
634.9145525922855,8.518000000000000000e+03
634.9892588668829,8.479000000000000000e+03
635.0640230545828,8.490000000000000000e+03
635.1387362717429,8.487000000000000000e+03
635.2135074201229,8.499000000000000000e+03
635.2882719598388,8.508000000000000000e+03
635.362981437668,8.497000000000000000e+03
635.4377448294332,8.479000000000000000e+03
635.512457159198,8.543000000000000000e+03
635.5872153377827,8.495000000000000000e+03
635.6619224154749,8.492000000000000000e+03
635.7366995983534,8.487000000000000000e+03
635.8114013974615,8.463000000000000000e+03
635.8861733198535,8.502000000000000000e+03
635.960881941529,8.508000000000000000e+03
636.0356485740448,8.476000000000000000e+03
636.1103518611941,8.467000000000000000e+03
636.1850565091609,8.507000000000000000e+03
636.2598232366993,8.486000000000000000e+03
636.3345306048863,8.496000000000000000e+03
636.4092393182117,8.479000000000000000e+03
636.4840101382218,8.482000000000000000e+03
636.5587134362514,8.487000000000000000e+03
636.6334221129331,8.507000000000000000e+03
636.7081848135534,8.467000000000000000e+03
636.78290019687,8.492000000000000000e+03
636.857604726266,8.468000000000000000e+03
636.9323146152394,8.462000000000000000e+03
637.0070217458345,8.462000000000000000e+03
637.0817261099415,8.452000000000000000e+03
637.1564967140678,8.411000000000000000e+03
637.2311995976745,8.417000000000000000e+03
637.3059078155254,8.404000000000000000e+03
637.3806132401302,8.398000000000000000e+03
637.4553280538418,8.433000000000000000e+03
637.5300278704315,8.457000000000000000e+03
637.6047370655823,8.500000000000000000e+03
637.679443440681,8.505000000000000000e+03
637.7541469875897,8.509000000000000000e+03
637.8288599029363,8.486000000000000000e+03
637.9035659103154,8.556000000000000000e+03
637.978273139046,8.506000000000000000e+03
638.052977512721,8.526000000000000000e+03
638.1276830952562,8.511000000000000000e+03
638.2023898813551,8.525000000000000000e+03
638.2770978657181,8.531000000000000000e+03
638.3517418441655,8.501000000000000000e+03
638.4264562697699,8.518000000000000000e+03
638.5011555722814,8.481000000000000000e+03
638.5758642016897,8.509000000000000000e+03
638.6505699221697,8.533000000000000000e+03
638.7252237691496,8.519000000000000000e+03
638.7999236357822,8.559000000000000000e+03
638.874628732156,8.543000000000000000e+03
638.9493472209352,8.511000000000000000e+03
639.0239892680094,8.546000000000000000e+03
639.098689601196,8.531000000000000000e+03
639.173395144716,8.566000000000000000e+03
639.2480405140027,8.521000000000000000e+03
639.3227564554909,8.540000000000000000e+03
639.3973958340758,8.532000000000000000e+03
639.4721058028182,8.564000000000000000e+03
639.5468086912668,8.544000000000000000e+03
639.6214635767756,8.531000000000000000e+03
639.6961604460553,8.496000000000000000e+03
639.7708092749344,8.523000000000000000e+03
639.8455164682429,8.556000000000000000e+03
639.9201674013606,8.504000000000000000e+03
639.9948767149377,8.586000000000000000e+03
640.0695174401586,8.514000000000000000e+03
640.1441591862857,8.554000000000000000e+03
640.2188716275688,8.498000000000000000e+03
640.2935236151387,8.533000000000000000e+03
640.3681602084457,8.532000000000000000e+03
640.4428757290473,8.531000000000000000e+03
640.5175143262505,8.533000000000000000e+03
640.592166218985,8.552000000000000000e+03
640.6668724558668,8.542000000000000000e+03
640.7415181149009,8.545000000000000000e+03
640.8161565315354,8.527000000000000000e+03
640.8908041242695,8.516000000000000000e+03
640.9655143022176,8.519000000000000000e+03
641.0401638233027,8.529000000000000000e+03
641.1148060727106,8.527000000000000000e+03
641.1894533730033,8.517000000000000000e+03
641.2641016094406,8.515000000000000000e+03
641.3387425502967,8.546000000000000000e+03
641.4134543525283,8.560000000000000000e+03
641.488101262261,8.551000000000000000e+03
641.5627449685089,8.545000000000000000e+03
641.6373854629693,8.495000000000000000e+03
641.7120350911663,8.506000000000000000e+03
641.7866814967092,8.509000000000000000e+03
641.8613246712862,8.536000000000000000e+03
641.9359769690361,8.534000000000000000e+03
642.0106260249374,8.522000000000000000e+03
642.0852718306695,8.520000000000000000e+03
642.1598525225107,8.527000000000000000e+03
642.2344917885489,8.534000000000000000e+03
642.3091401562656,8.541000000000000000e+03
642.3837934993884,8.514000000000000000e+03
642.4584353052218,8.503000000000000000e+03
642.5330862021095,8.502000000000000000e+03
642.6077296725547,8.514000000000000000e+03
642.6823120100572,8.507000000000000000e+03
642.7569529755671,8.498000000000000000e+03
642.8315988836831,8.527000000000000000e+03
642.9062455985243,8.551000000000000000e+03
642.9808352351971,8.505000000000000000e+03
643.055475263203,8.513000000000000000e+03
643.1301243499755,8.502000000000000000e+03
643.2047163018128,8.483000000000000000e+03
643.279354524987,8.482000000000000000e+03
643.3539438476895,8.509000000000000000e+03
643.4285877299418,8.479000000000000000e+03
643.5032406530961,8.491000000000000000e+03
643.5778197789244,8.500000000000000000e+03
643.6524659081414,8.480000000000000000e+03
643.7270464782921,8.482000000000000000e+03
643.8016982163535,8.532000000000000000e+03
643.876284355504,8.482000000000000000e+03
643.9509292459394,8.511000000000000000e+03
644.0255084918365,8.503000000000000000e+03
644.1001589469886,8.527000000000000000e+03
644.1747437177227,8.527000000000000000e+03
644.2493250109602,8.529000000000000000e+03
644.3239775458864,8.500000000000000000e+03
644.3985601811679,8.562000000000000000e+03
644.4731434709971,8.559000000000000000e+03
644.5477855716856,8.542000000000000000e+03
644.6223743228242,8.510000000000000000e+03
644.6969595574612,8.543000000000000000e+03
644.7715495817692,8.543000000000000000e+03
644.8461901340061,8.568000000000000000e+03
644.9207731033271,8.508000000000000000e+03
644.9953650068094,8.564000000000000000e+03
645.0699450389038,8.602000000000000000e+03
645.1445298338459,8.554000000000000000e+03
645.219177672042,8.573000000000000000e+03
645.2937678340779,8.567000000000000000e+03
645.3683419239809,8.598000000000000000e+03
645.4429290863851,8.574000000000000000e+03
645.5175168235929,8.598000000000000000e+03
645.5921051300253,8.628000000000000000e+03
645.6666898312457,8.598000000000000000e+03
645.7412750885978,8.657000000000000000e+03
645.8158525549321,8.617000000000000000e+03
645.8904389058563,8.663000000000000000e+03
645.9650299688499,8.666000000000000000e+03
646.0396090465212,8.648000000000000000e+03
646.1141969977764,8.643000000000000000e+03
646.1887812959989,8.668000000000000000e+03
646.2633076373747,8.712000000000000000e+03
646.3378845915109,8.696000000000000000e+03
646.4124787595719,8.689000000000000000e+03
646.4870608913304,8.700000000000000000e+03
646.5616476941717,8.719000000000000000e+03
646.6361722632304,8.699000000000000000e+03
646.7107558375826,8.707000000000000000e+03
646.7853440690486,8.701000000000000000e+03
646.859928586342,8.717000000000000000e+03
646.9344466023072,8.725000000000000000e+03
647.0090362098298,8.739000000000000000e+03
647.083622083392,8.790000000000000000e+03
647.1581413924066,8.747000000000000000e+03
647.2327239470708,8.745000000000000000e+03
647.307306934167,8.765000000000000000e+03
647.3818400556567,8.781000000000000000e+03
647.456419687093,8.781000000000000000e+03
647.5309452235595,8.764000000000000000e+03
647.6055298578293,8.803000000000000000e+03
647.6800561677495,8.760000000000000000e+03
647.7546415911931,8.808000000000000000e+03
647.829164455096,8.817000000000000000e+03
647.9037464463057,8.804000000000000000e+03
647.9782700344881,8.853000000000000000e+03
648.0527939695423,8.827000000000000000e+03
648.1273854568424,8.887000000000000000e+03
648.2019100840658,8.840000000000000000e+03
648.2764938778582,8.888000000000000000e+03
648.3510107654179,8.842000000000000000e+03
648.425536376692,8.877000000000000000e+03
648.5000623007427,8.879000000000000000e+03
648.5746432162518,8.870000000000000000e+03
648.6491655538866,8.891000000000000000e+03
648.7236881852804,8.888000000000000000e+03
648.7982195235151,8.907000000000000000e+03
648.8728058826379,8.874000000000000000e+03
648.9473293775359,8.903000000000000000e+03
649.0218489310823,8.941000000000000000e+03
649.0963729611857,8.962000000000000000e+03
649.1708972508054,8.912000000000000000e+03
649.2454260094211,8.914000000000000000e+03
649.3199508018886,8.941000000000000000e+03
649.3944716195824,8.941000000000000000e+03
649.4689926719741,8.975000000000000000e+03
649.5435181724034,8.984000000000000000e+03
649.6180396779724,8.969000000000000000e+03
649.6925698430567,8.993000000000000000e+03
649.7670917798398,9.002000000000000000e+03
649.8416139226556,9.009000000000000000e+03
649.9161320418531,8.975000000000000000e+03
649.9906588034178,9.020000000000000000e+03
650.0651815298742,9.062000000000000000e+03
650.1397086661992,9.080000000000000000e+03
650.2142317539774,9.040000000000000000e+03
650.2887550133019,9.059000000000000000e+03
650.3632192222857,9.083000000000000000e+03
650.4377470245496,9.051000000000000000e+03
650.5122665196939,9.095000000000000000e+03
650.5867946266628,9.081000000000000000e+03
650.6612551406859,9.126000000000000000e+03
650.7357750465694,9.116000000000000000e+03
650.8103035527816,9.177000000000000000e+03
650.8847644021826,9.132000000000000000e+03
650.9592931417967,9.175000000000000000e+03
651.0338092818513,9.176000000000000000e+03
651.1082704136296,9.175000000000000000e+03
651.182799464824,9.164000000000000000e+03
651.2572649940395,9.204000000000000000e+03
651.3317857370804,9.231000000000000000e+03
651.4062556434649,9.284000000000000000e+03
651.4807807792504,9.236000000000000000e+03
651.5552380644563,9.248000000000000000e+03
651.6297548330812,9.282000000000000000e+03
651.7042206933047,9.261000000000000000e+03
651.7787503045504,9.263000000000000000e+03
651.8532162309156,9.305000000000000000e+03
651.9277374256133,9.289000000000000000e+03
652.0021948907765,9.332000000000000000e+03
652.0766608615594,9.350000000000000000e+03
652.1511863740992,9.362000000000000000e+03
652.2256523518495,9.391000000000000000e+03
652.3001055526772,9.403000000000000000e+03
652.3745757534864,9.419000000000000000e+03
652.4490927583861,9.418000000000000000e+03
652.523554404734,9.422000000000000000e+03
652.5980245314129,9.508000000000000000e+03
652.6724818393412,9.492000000000000000e+03
652.7469518786384,9.463000000000000000e+03
652.8214730080308,9.493000000000000000e+03
652.8959386884019,9.519000000000000000e+03
652.9703957767102,9.637000000000000000e+03
653.0448655846427,9.585000000000000000e+03
653.1193267868492,9.595000000000000000e+03
653.1937879048733,9.619000000000000000e+03
653.268253200443,9.644000000000000000e+03
653.3427141334746,9.678000000000000000e+03
653.417174964718,9.673000000000000000e+03
653.4916399588126,9.742000000000000000e+03
653.5661005698283,9.701000000000000000e+03
653.640569606346,9.678000000000000000e+03
653.7150299745911,9.746000000000000000e+03
653.7894902116518,9.728000000000000000e+03
653.8638947316973,9.773000000000000000e+03
653.938354676066,9.780000000000000000e+03
653.9927330350457,9.842096188008910758e+03
654.0128144715792,9.827000000000000000e+03
654.0673848929049,9.871371804110071025e+03
654.0872783906434,9.846000000000000000e+03
654.1419639360352,9.870456941106909653e+03
654.1617421510075,9.876000000000000000e+03
654.2166156285444,9.853074544046845403e+03
654.2361458232748,9.891000000000000000e+03
654.2911987423258,9.882350160148005671e+03
654.3658416830104,9.911625776249165938e+03
654.4404288467964,9.950964885385101297e+03
654.5150758549863,9.939071666344005280e+03
654.5897184695584,9.964687830432520059e+03
654.664305251433,9.966517556438842803e+03
654.7389476142009,1.001592015860955144e+04
654.8135383948625,9.993048583530518954e+03
654.888184771955,1.002598365164432471e+04
654.9627666643294,1.008544974684980662e+04
655.0373526739268,1.005342954173916405e+04
655.1119985900768,1.013210776001103295e+04
655.1865885451579,1.010923618493200047e+04
655.2612255432555,1.014766043106477446e+04
655.3358194230502,1.015406447208690224e+04
655.4104603574718,1.014857529406793401e+04
655.4850452543039,1.022359406032715924e+04
655.5596986994234,1.023182782735560977e+04
655.634274582699,1.020987111527974048e+04
655.7088674352764,1.026659262147573827e+04
655.7835073665872,1.028488988153896389e+04
655.8580911670134,1.030501686760851226e+04
655.9327392618014,1.029952768958954402e+04
656.0073268888157,1.039192885290883169e+04
656.0819099586474,1.035258974377289815e+04
656.1565530436084,1.044224631808270169e+04
656.2311355998527,1.040656666095941182e+04
656.3057308056235,1.043218282504792842e+04
656.3803688222278,1.045322467412063634e+04
656.454954867795,1.048433001622811935e+04
656.5295449351327,1.053647720740831210e+04
656.6041821341065,1.053739207041147347e+04
656.6787759333997,1.057215686453160197e+04
656.7533564903902,1.058130549456321387e+04
656.8279410471957,1.062155946670231060e+04
656.9025856984958,1.065449453481611636e+04
656.9771696261503,1.063070809673392250e+04
657.0517532233856,1.069017419193940441e+04
657.1264055746188,1.073225789008482388e+04
657.2009928278474,1.071030117800895277e+04
657.2755710944062,1.078714967027449893e+04
657.3501576467798,1.080819151934720867e+04
657.4247438407015,1.082557391640727292e+04
657.4993858698668,1.081276583436301553e+04
657.573971341612,1.087955083359378659e+04
657.6485607618943,1.091523049071707646e+04
657.7231498016442,1.094359124381507536e+04
657.7977341278665,1.096280336688146235e+04
657.87237432304,1.099939788700791360e+04
657.9469621958759,1.101678028406797785e+04
658.0215410042488,1.105977884521655687e+04
658.0961280598617,1.107075720125449152e+04
658.1707146988002,1.112473411844100701e+04
658.2453009150308,1.113845706348842577e+04
658.3198867025178,1.119975288470023042e+04
658.3945327428875,1.123451767882035892e+04
658.4691220043352,1.124000685683932716e+04
658.5437021472852,1.128300541798790618e+04
658.6182818353581,1.130953644507958234e+04
658.69286974003,1.130953644507958234e+04
658.767461521399,1.131228103408906645e+04
658.8420354727173,1.137723630731351659e+04
658.9166306515345,1.143578753951583712e+04
658.9912079822875,1.141108623843048372e+04
659.0657935091809,1.149982794973712589e+04
659.140382887388,1.154374137388886629e+04
659.2149717681472,1.158673993503744714e+04
659.289551452134,1.160686692110699369e+04
659.3641306225966,1.162058986615441427e+04
659.438717970647,1.168554513937886259e+04
659.5133047969533,1.174318150857802357e+04
659.5878910954348,1.171482075548002467e+04
659.6624768600082,1.179624356276137769e+04
659.7370620845874,1.187309205502692384e+04
659.8116467630838,1.186211369898898738e+04
659.8862265349078,1.189687849310911588e+04
659.9608101019778,1.189596363010595451e+04
660.0354018176174,1.197921616339363027e+04
660.1099798943757,1.203685253259278943e+04
660.1845748263452,1.205240520364653094e+04
660.259151743867,1.208808486076982081e+04
660.333684466581,1.203410794358330531e+04
660.4082645480388,1.216767794204485108e+04
660.4828527532469,1.222165485923136657e+04
660.5574316285567,1.229118444747162175e+04
660.6320229836718,1.235613972069607189e+04
660.7066049946801,1.237077752874665202e+04
660.7811820158635,1.237352211775613614e+04
660.8557147324121,1.246683814407858517e+04
660.9302992109782,1.240828691187626464e+04
661.0048830496228,1.250343266420503642e+04
661.0794662422122,1.255283526637574505e+04
661.1540575251042,1.258942978650219447e+04
661.2285781978873,1.268823499084361174e+04
661.3031681500861,1.269738362087522546e+04
661.3777399387936,1.274221190803012723e+04
661.452332922751,1.277423211314077162e+04
661.5269208535378,1.276416862010599652e+04
661.6014380645663,1.282271985230831888e+04
661.6760289813253,1.283735766035889901e+04
661.7506148234904,1.294165204271928269e+04
661.8251298800592,1.294714122073825092e+04
661.8997142930884,1.302124512399431296e+04
661.9743067544003,1.302398971300379708e+04
662.0488853483158,1.309626389025353637e+04
662.1234149871826,1.315572998545902010e+04
662.198000873726,1.321519608066450201e+04
662.2725860216412,1.323349334072772763e+04
662.347104619191,1.317585697152856665e+04
662.4216882564932,1.330210806596482144e+04
662.4962184684717,1.330119320296166188e+04
662.570804963388,1.338078628423669215e+04
662.6453862997457,1.346129422851488198e+04
662.7199097646629,1.342835916040107804e+04
662.7944939234665,1.350612251566978557e+04
662.869086084027,1.357565210391004075e+04
662.9436071371093,1.362505470608074938e+04
663.0181889069928,1.368543566428939266e+04
663.0927083152421,1.372203018441584391e+04
663.1673016492832,1.377234764958971391e+04
663.2418237897235,1.376594360856758431e+04
663.3164110793576,1.384370696383629183e+04
663.3909359310869,1.387755689495325896e+04
663.4655171474956,1.391689600408919432e+04
663.5400358838839,1.394251216817770910e+04
663.6146198039338,1.402667956446854623e+04
663.6891500154543,1.405595518056970650e+04
663.763736622158,1.416939819296170390e+04
663.8382518588492,1.417214278197118801e+04
663.9128411292601,1.420965216510079881e+04
663.9873589874919,1.424533182222408868e+04
664.0619509026042,1.430845736944221608e+04
664.136471363353,1.432583976650228033e+04
664.211061492379,1.437981668368879400e+04
664.285584535613,1.441824092982156799e+04
664.3601640270679,1.447587729902072715e+04
664.4346852160202,1.453534339422621088e+04
664.5092142934612,1.458383113339375814e+04
664.5838042596656,1.463140400955814403e+04
664.6583226187805,1.465610531064349743e+04
664.7328488535421,1.475399565198175333e+04
664.8074315802052,1.474118756993749594e+04
664.881960314152,1.484090763728207276e+04
664.9565455552175,1.491135208852549113e+04
665.031072346548,1.497447763574361852e+04
665.1055937270582,1.501107215587006976e+04
665.1801096874939,1.502479510091748853e+04
665.2546998800744,1.508243147011664769e+04
665.3292271235769,1.514281242832529097e+04
665.4037489291384,1.520502311254025699e+04
665.4783361453115,1.519587448250864509e+04
665.5528603518749,1.530474317988483563e+04
665.6273790986409,1.530016886486902877e+04
665.7019056711048,1.538433626115986590e+04
665.7764932599148,1.544837667138115467e+04
665.8510088931856,1.553528865668147591e+04
665.9255412083346,1.556181968377315206e+04
666.0000591620371,1.553437379367831454e+04
666.0746470335703,1.570087886025366424e+04
666.1491717378727,1.573198420236114725e+04
666.2236953664843,1.572375043533269672e+04
666.2982179130853,1.579328002357295190e+04
666.3727393713534,1.588751091289856231e+04
666.4472686180028,1.594606214510088466e+04
666.5218500778012,1.595612563813565794e+04
666.5963682490049,1.606042002049604162e+04
666.670894195563,1.601925118535378533e+04
666.7454190261132,1.609152536260352463e+04
666.8199427343175,1.618850084093861915e+04
666.8944653138359,1.620039405997971699e+04
666.9689912068017,1.627266823722945628e+04
667.043515960381,1.627266823722945628e+04
667.1180440186909,1.638794097562777461e+04
667.1925664754452,1.642087604374158036e+04
667.2671501081187,1.650595830303557887e+04
667.3416747090137,1.654529741217151241e+04
667.4162025951904,1.660842295938964162e+04
667.4907159415177,1.658555138431060914e+04
667.5652459277131,1.664776206852557516e+04
667.6397747296355,1.673833350583854190e+04
667.7142934240692,1.679688473804086243e+04
667.7888198363478,1.688379672334118368e+04
667.8633405848258,1.690209398340440748e+04
667.9378645829604,1.690209398340440748e+04
668.0123873649534,1.700821809177111572e+04
668.0868509002132,1.701096268078059802e+04
668.1613801466233,1.708689631004298280e+04
668.235899230937,1.713904350122317555e+04
668.3104215399541,1.718387178837807733e+04
668.3849470702704,1.724974192460568884e+04
668.4594713500996,1.731195260882065486e+04
668.533998842422,1.730554856779852707e+04
668.6085250734534,1.738239706006407141e+04
668.683041094052,1.743545911424742735e+04
668.7575647813001,1.750132925047503886e+04
668.8320290343215,1.750132925047503886e+04
668.9065546155499,1.759556013980064745e+04
668.9810833808008,1.765960055002193621e+04
669.0555974212344,1.768704644011677374e+04
669.130128062917,1.772913013826219321e+04
669.2046529196529,1.781695698656567401e+04
669.2791182298785,1.785355150669212526e+04
669.3536314765041,1.788831630081225376e+04
669.4281657979723,1.784806232867315703e+04
669.5026898264498,1.798712150515367102e+04
669.57714526615,1.805939568240341032e+04
669.65167108008,1.810971314757728032e+04
669.7261910590614,1.817100896878908679e+04
669.8007186526492,1.817924273581753732e+04
669.8751865504684,1.825609122808308166e+04
669.949711403622,1.828811143319372786e+04
670.0242348833766,1.834117348737708016e+04
670.0987480026345,1.838325718552249964e+04
670.1732193096983,1.833568430935811193e+04
670.2477431098745,1.844546786973746566e+04
670.3222655128286,1.843174492469004690e+04
670.396728085964,1.850767855395243168e+04
670.471252157415,1.852872040302514142e+04
670.5457118658269,1.854061362206623744e+04
670.6202330875843,1.863484451139184603e+04
670.6947618784129,1.864399314142345975e+04
670.7692307481261,1.870071464761945754e+04
670.8437476587868,1.873456457873642648e+04
670.918213608017,1.870894841464791170e+04
670.9927321095302,1.879677526295139251e+04
671.0672536563986,1.878945635892610153e+04
671.1417196890736,1.882971033106519826e+04
671.216251808498,1.887728320722958233e+04
671.290714863808,1.891204800134971083e+04
671.3652395155675,1.895870601451093535e+04
671.4396995665256,1.896236546652358084e+04
671.5142212289395,1.900627889067532305e+04
671.5886872701645,1.902732073974803279e+04
671.6632104305353,1.905385176683970712e+04
671.7376734223737,1.908953142396299882e+04
671.812193546355,1.908495710894719014e+04
671.8866579770747,1.916729477923170634e+04
671.9611795549314,1.919565553232970342e+04
672.0356408881489,1.919382580632338068e+04
672.1101096909673,1.929263101066479794e+04
672.1846266277597,1.918650690229809334e+04
672.2590968192625,1.926609998357312361e+04
672.3336151557181,1.929171614766163839e+04
672.4080821944679,1.926518512056996042e+04
672.482543119204,1.935026737986395892e+04
672.5570657703272,1.946005094024330901e+04
672.63152802642,1.940424429705047442e+04
672.705997721871,1.937130922893666866e+04
672.7805155931686,1.940424429705047442e+04
672.854982065397,1.951951703544879274e+04
672.9294423823377,1.948383737832550469e+04
673.0039644745739,1.948383737832550469e+04
673.0784260583234,1.946736984426859999e+04
673.152895058153,1.953781429551201654e+04
673.2274213293804,1.961832223979021001e+04
673.3018779706365,1.952317648746143823e+04
673.3763374799411,1.963296004784078832e+04
673.4508043890924,1.952866566548040646e+04
673.5252650884476,1.967412888298304824e+04
673.5997967036512,1.965766134892614355e+04
673.6742585868221,1.968693696502730381e+04
673.748714237457,1.965674648592298399e+04
673.823186347847,1.963753436285659700e+04
673.8976385924067,1.968144778700833558e+04
673.9721663425748,1.968327751301465833e+04
674.0466287979216,1.964942758189769302e+04
674.1210895311846,1.968968155403678975e+04
674.1955530811653,1.976104086828336585e+04
674.2700239906791,1.970706395109685400e+04
674.3444795221271,1.970157477307788577e+04
674.4189469503236,1.968419237601782152e+04
674.49346722243,1.975646655326756081e+04
674.567935708377,1.970797881410001355e+04
674.6424024340591,1.972261662215059550e+04
674.7168582880072,1.971529771812530453e+04
674.7913214713103,1.976927463531182002e+04
674.8657783200656,1.977110436131814276e+04
674.940251601854,1.971804230713478682e+04
675.0147094269751,1.971255312911581859e+04
675.0891700095718,1.982691100451097736e+04
675.1636379044918,1.971438285512214134e+04
675.2380994327431,1.967229915697672550e+04
675.312554584676,1.970614908809369081e+04
675.3870261580195,1.969425586905259479e+04
675.4614822208301,1.968236265001149877e+04
675.5359547018315,1.976104086828336585e+04
675.610407090499,1.970065991007472257e+04
675.6848804576179,1.965674648592298399e+04
675.7593337130725,1.965308703391033850e+04
675.8338033782419,1.958630203467956380e+04
675.9082026566803,1.960459929474279124e+04
675.9826594431638,1.950121977538556894e+04
676.0571234944312,1.955702641857840354e+04
676.1315948098625,1.960276956873646850e+04
676.2060550986515,1.953049539148672920e+04
676.2805134951972,1.955336696656575805e+04
676.3549745673919,1.954330347353098477e+04
676.4293879803434,1.945364689922118123e+04
676.5038498052293,1.948200765231918194e+04
676.5783051376296,1.941613751609157043e+04
676.6527677036122,1.938137272197144193e+04
676.7272329229447,1.934020388682918565e+04
676.8016366634976,1.933105525679757193e+04
676.8761025828228,1.925878107954783263e+04
676.9505619772531,1.928531210663950696e+04
677.0250240043307,1.924505813450041387e+04
677.0994290601088,1.921395279239293086e+04
677.1738917427178,1.916820964223486590e+04
677.2483524582894,1.915082724517480165e+04
677.3227561481843,1.905659635584919306e+04
677.3972128974716,1.904012882179228836e+04
677.4716768389669,1.899621539764054978e+04
677.5461433813275,1.899804512364686889e+04
677.6205482371186,1.895413169949513031e+04
677.6950015852051,1.891570745336235632e+04
677.7694069841688,1.891570745336235632e+04
677.8438746703705,1.885807108416319534e+04
677.9183311477581,1.876201046883126401e+04
677.9927396296163,1.867052416851513772e+04
678.0672012294622,1.875194697579649073e+04
678.1416056066512,1.866412012749300993e+04
678.2160631125909,1.858269732021165692e+04
678.2905277690969,1.850310423893662664e+04
678.3649259468506,1.853420958104410965e+04
678.4393864750938,1.850310423893662664e+04
678.513798898065,1.839057608954779062e+04
678.5882598799376,1.835947074744030760e+04
678.6626543015428,1.828262225517475963e+04
678.7371249257566,1.825243177607043981e+04
678.8115243461227,1.821766698195031131e+04
678.8859815585386,1.813532931166579510e+04
678.9603905685974,1.812343609262469909e+04
679.0348481677615,1.800175931320424934e+04
679.1092529209583,1.797797287512205730e+04
679.1836509171139,1.795693102604934757e+04
679.2581113551571,1.792216623192921907e+04
679.3325235125415,1.781970157557515995e+04
679.4069842868593,1.784531773966367473e+04
679.481378280968,1.771357746720845171e+04
679.5557839509504,1.765228164599664524e+04
679.6302474888498,1.769436534414206471e+04
679.704648807749,1.756353993469000488e+04
679.7790525553501,1.756171020868368214e+04
679.8535234360058,1.745467123731381434e+04
679.9279135518302,1.740526863514310389e+04
680.0023245731195,1.735220658095975159e+04
680.076784258521,1.733299445789336460e+04
680.1511816092886,1.724059329457407512e+04
680.2255859851732,1.714727726825162608e+04
680.3000482943368,1.711251247413149758e+04
680.374448213023,1.711617192614414307e+04
680.4488412562114,1.701370726979008396e+04
680.5232552007656,1.694875199656563200e+04
680.5976576301395,1.693594391452137643e+04
680.6721226617578,1.688654131235066598e+04
680.7465159407645,1.680511850506931296e+04
680.8209254830051,1.673558891682905596e+04
680.8953281128896,1.667337823261408994e+04
680.969723820552,1.662123104143389719e+04
681.0441775310805,1.657823248028531816e+04
681.118582574998,1.653706364514306188e+04
681.1929806772104,1.649497994699764240e+04
681.2673996753556,1.644283275581745329e+04
681.3418070819359,1.631200734636539164e+04
681.4162075273074,1.628730604528003641e+04
681.4906056458781,1.623881830611248915e+04
681.5649921401839,1.615831036183429751e+04
681.6393995215485,1.610982262266675025e+04
681.7137999143118,1.606042002049604162e+04
681.7882165503345,1.601284714433165573e+04
681.8626680324036,1.598448639123365683e+04
681.9370706711479,1.593325406305662545e+04
682.0114662918298,1.584634207775630603e+04
682.0858781465969,1.581066242063301615e+04
682.1602876270566,1.573838824338327686e+04
682.234615600839,1.573015447635482451e+04
682.3090342611832,1.565056139507979424e+04
682.3834179373963,1.562586009399444083e+04
682.4578224911205,1.557554262882057083e+04
682.5322153211919,1.550052386256134741e+04
682.6066290312607,1.546850365745070303e+04
682.6810356664762,1.539531461719780054e+04
682.7554352169042,1.538525112416302727e+04
682.8298276726078,1.529742427585954647e+04
682.9042363415565,1.525351085170780425e+04
682.9786379060591,1.520959742755606385e+04
683.052985700029,1.519130016749283823e+04
683.1273776822683,1.504858153899968056e+04
683.2017812028357,1.507877201810400220e+04
683.2761822579863,1.499277489580684414e+04
683.3505948498541,1.492507503357290989e+04
683.4249816151049,1.491501154053813661e+04
683.4993378598623,1.488024674641800812e+04
683.5737336498651,1.479790907613349373e+04
683.6481222681783,1.468904037875730319e+04
683.7225270786547,1.466708366668143208e+04
683.7968779498492,1.458749058540640181e+04
683.8712683772519,1.454723661326730689e+04
683.9456749923205,1.450789750413137153e+04
684.0200089024875,1.446215435397330839e+04
684.0944244901342,1.443104901186582538e+04
684.1688141432852,1.439079503972673047e+04
684.2431731578488,1.434871134158131099e+04
684.3175670692367,1.423435346618615404e+04
684.3919584235521,1.427918175334105581e+04
684.4662956794946,1.415567524791428514e+04
684.5407193753053,1.409437942670247867e+04
684.6151123876289,1.397453237328835348e+04
684.689455939193,1.388304607297222719e+04
684.7638578398391,1.383913264882048679e+04
684.8382055615216,1.375770984153913378e+04
684.9125975757681,1.370647751336210240e+04
684.9870010616816,1.365158573317242553e+04
685.0613315458365,1.359669395298275049e+04
685.1357438810281,1.354180217279307362e+04
685.2100831760683,1.347593203656546393e+04
685.2844855664139,1.341646594135998021e+04
685.3588336587155,1.334876607912604777e+04
685.4332213760933,1.337072279120191706e+04
685.5075782509971,1.328289594289843626e+04
685.5819089583205,1.327191758686049980e+04
685.6563216044284,1.328838512091740267e+04
685.7306563603778,1.330027833995850051e+04
685.8050589720733,1.323532306673405037e+04
685.8794024621719,1.319140964258230815e+04
685.9537903041233,1.317128265651276160e+04
686.0281472199982,1.314109217740843997e+04
686.1024731844336,1.305600991811444146e+04
686.1768811733403,1.300020327492160504e+04
686.2512158243778,1.296909793281412021e+04
686.3255665827462,1.292061019364657477e+04
686.3999617223745,1.281814553729251202e+04
686.4742975925424,1.274404163403644998e+04
686.5486495653337,1.274038218202380449e+04
686.6230412185406,1.263700266266658036e+04
686.6973829775881,1.259491896452116271e+04
686.7717408365776,1.256838793742948656e+04
686.8460676249846,1.253728259532200354e+04
686.920476563722,1.248056108912600394e+04
686.9948119535088,1.242383958293000615e+04
687.0691634335083,1.238450047379407079e+04
687.1434837923248,1.230582225552220189e+04
687.2178910716232,1.227014259839891383e+04
687.2922436114384,1.220061301015865683e+04
687.3665697193694,1.215304013399427095e+04
687.4409071790424,1.212650910690259479e+04
687.5152607193801,1.207161732671291793e+04
687.5896114344212,1.204234171061175766e+04
687.6639309442114,1.199385397144421040e+04
687.7383327394424,1.192615410921027615e+04
687.8126844041321,1.186668801400479424e+04
687.8870284875072,1.178252061771395711e+04
687.9613649794371,1.177794630269815207e+04
688.0357175394452,1.171848020749266834e+04
688.1100388231959,1.161876014014809152e+04
688.1843761649789,1.164895061925241316e+04
688.2587343070002,1.163522767420499440e+04
688.3330800913666,1.156478322296157603e+04
688.4074182439083,1.150531712775609412e+04
688.4817534945465,1.145957397759803098e+04
688.556104800579,1.144676589555377359e+04
688.6304200038998,1.140925651242416097e+04
688.7047797093452,1.134796069121235632e+04
688.7791080338786,1.125921897990571233e+04
688.8534524038824,1.126562302092784194e+04
688.9277890934775,1.118785966565913441e+04
689.0021418286908,1.120432719971603728e+04
689.0764868733971,1.111741521441571604e+04
689.1507577273879,1.109454363933668537e+04
689.2250873462091,1.103873699614384714e+04
689.2994377520117,1.101769514707113922e+04
689.3737756865256,1.101769514707113922e+04
689.4481106432635,1.096920740790359196e+04
689.5224616327603,1.087589138158114292e+04
689.5968001275772,1.088321028560643208e+04
689.6710880627454,1.082374419040095017e+04
689.745415792651,1.083197795742940070e+04
689.8197595452868,1.079904288931559495e+04
689.8941002876792,1.076153350618598415e+04
689.968380885931,1.071944980804056468e+04
690.0427250973174,1.067370665788250153e+04
690.1170662811704,1.063894186376237485e+04
690.1913949030705,1.064077158976869578e+04
690.2656966557213,1.053830693341463484e+04
690.3400334706062,1.052092453635457059e+04
690.4143672314507,1.049896782427869948e+04
690.4886454859029,1.049988268728186085e+04
690.5629874122526,1.048341515322495798e+04
690.6373214994773,1.040565179795625045e+04
690.7116000290887,1.041022611297205731e+04
690.7859422563533,1.041205583897838005e+04
690.8602336681432,1.034801542875709129e+04
690.9345601567937,1.033703707271915664e+04
691.0089026400582,1.025561426543780362e+04
691.0831942596561,1.026018858045360867e+04
691.157520963373,1.024189132039038486e+04
691.2318206545044,1.020712652627025636e+04
691.3061602170517,1.015863878710270910e+04
691.380444070193,1.015223474608057950e+04
691.45476779478,1.008727947285612936e+04
691.5290596795087,1.007996056883084020e+04
691.6033914459812,1.005251467873600268e+04
691.6776674311591,1.003970659669174347e+04
691.7520072241363,9.976581049473616076e+03
691.8262959912287,1.000128235055897130e+04
691.900643801485,9.986644542508391169e+03
691.9749166156074,9.984814816502068425e+03
692.0492005879099,9.894243379189103507e+03
692.123529252891,9.905221735227038153e+03
692.1978259721524,9.896987968198585804e+03
692.2721578136724,9.804586804879298143e+03
692.3464385130854,9.807331393888782259e+03
692.4207159769667,9.778055777787621992e+03
692.4950525395182,9.776226051781299248e+03
692.56933311711,9.740546394658009376e+03
692.6436056440851,9.716759956575817341e+03
692.7179660817585,9.702122148525237208e+03
692.7922272967613,9.681995162455688842e+03
692.8665236380322,9.653634409357689947e+03
692.9407927013435,9.635337149294464325e+03
693.0151497288059,9.600572355174335826e+03
693.089421837627,9.560318383035240913e+03
693.1636906489606,9.558488657028918169e+03
693.2379753787236,9.531042766934078827e+03
693.3122568047582,9.507256328851886792e+03
693.3865926140129,9.484384753772854310e+03
693.4608818498604,9.491703657798145287e+03
693.5351581466051,9.437726740611629793e+03
693.6094263017561,9.467002356712791880e+03
693.6837151767944,9.393813316459889393e+03
693.7579910889119,9.423088932561049660e+03
693.8322636527323,9.369112015374535986e+03
693.906552121247,9.319709413203827353e+03
693.9808998444166,9.345325577292342132e+03
694.0551719756728,9.303241879146924475e+03
694.1294600063287,9.288604071096344342e+03
694.2037398455482,9.258413591992022702e+03
694.2780114829652,9.239201468925635709e+03
694.3522990144666,9.222733934868732831e+03
694.426583156023,9.202606948799184465e+03
694.5008542537265,9.131247634552606542e+03
694.5751412401826,9.169671880685378710e+03
694.6494248189764,9.112950374489380920e+03
694.723700156412,9.068122087334479147e+03
694.7979624146619,9.112950374489380920e+03
694.8721970948218,9.080930169378736537e+03
694.9464717871994,9.080930169378736537e+03
695.0207623596758,9.026953252192221044e+03
695.0950205016327,8.984869554046803387e+03
695.1693186762369,8.951934485932997632e+03
695.2435843995215,8.959253389958288608e+03
695.3178708269531,8.904361609768611743e+03
695.3921441168008,8.860448185616871342e+03
695.4663655616765,8.893383253730677097e+03
695.5406463919401,8.888808938714870237e+03
695.6149237361514,8.846725240569452581e+03
695.6892121064967,8.839406336544161604e+03
695.7634969823528,8.838491473541000232e+03
695.8377008859716,8.776280789326034210e+03
695.9119932631442,8.745175447218551199e+03
695.9862772860863,8.733282228177455181e+03
696.06048026933,8.748834899231196687e+03
696.134771767185,8.701262023066810798e+03
696.2090548898484,8.686624215016230664e+03
696.2833296268801,8.672901269968811903e+03
696.3575523255896,8.647285105880295305e+03
696.4318151008928,8.597882503709586672e+03
696.5060403540568,8.619839215785457782e+03
696.58033480532,8.574096065627394637e+03
696.6545965750922,8.528352915469331492e+03
696.7288256373972,8.570436613614749149e+03
696.8030899410923,8.542990723519911626e+03
696.8773263707111,8.515544833425074103e+03
696.9516029071826,8.541160997513588882e+03
697.0258758450395,8.522863737450363260e+03
697.1000868630892,8.455163875216429005e+03
697.1743865928445,8.467057094257526842e+03
697.248609793035,8.429547711127914226e+03
697.3228682493078,8.403016684036238075e+03
697.3970987519848,8.405761273045720372e+03
697.4713645187727,8.355443807871852187e+03
697.5456023130668,8.385634286976173826e+03
697.6198072452165,8.360018122887657228e+03
697.6941009834452,8.326168191770691919e+03
697.7683131711979,8.303296616691659437e+03
697.8425898466292,8.346295177840238466e+03
697.9168092738975,8.263957507555724078e+03
697.9910201305657,8.259383192539919037e+03
698.0653003733468,8.245660247492500275e+03
698.1395184438109,8.232852165448241067e+03
698.2138010478819,8.272191274584176426e+03
698.2880311962213,8.181619837271210599e+03
698.3622527442063,8.228277850432436026e+03
698.4364656813189,8.203576549347080800e+03
698.510738305446,8.177960385258566021e+03
698.5849584048053,8.162407714204824515e+03
698.6591698720874,8.144110454141598893e+03
698.7334703424422,8.123068605068890065e+03
698.8076889513259,8.127642920084696016e+03
698.8818989069066,8.084644358936116987e+03
698.9561050840433,8.112090249030954510e+03
699.030322134609,8.073666002898181432e+03
699.1046038227042,8.090133536955084310e+03
699.1788328602486,8.065432235869729993e+03
699.2530532146016,8.073666002898181432e+03
699.3272599846256,8.016944496702182732e+03
699.4014873980228,8.000476962645279855e+03
699.4757061069474,7.970286483540958216e+03
699.5499161008405,7.972116209547280960e+03
699.6241418428359,8.005051277661086715e+03
699.6983588590565,7.966627031528312727e+03
699.7726405911895,7.974860798556764166e+03
699.8468646290141,7.983094565585215605e+03
699.9210848186354,7.905331210316508077e+03
699.9952913527262,7.943755456449281155e+03
700.0695185244031,7.948329771465088015e+03
700.1437320277023,7.926373059389216905e+03
700.2179661702849,7.871481279199540950e+03
700.2921670152689,7.902586621307023961e+03
700.3663345364773,7.865992101180573627e+03
700.4405423002715,7.860502923161606304e+03
700.5147657911945,7.906246073319669449e+03
700.5889804729994,7.851354293129993493e+03
700.6632108815323,7.849524567123670749e+03
700.7374324701444,7.847694841117348005e+03
700.81164522823,7.814759773003543160e+03
700.8858540575908,7.783654430896060148e+03
700.9600736910871,7.768101759842317733e+03
701.034240242214,7.793717923930833422e+03
701.1084716450022,7.745230184763286161e+03
701.1826646876575,7.780909841886576032e+03
701.2569029402329,7.723273472687415961e+03
701.3311077280009,7.735166691728512887e+03
701.4052790247227,7.682104637545158766e+03
701.4794906151762,7.692168130579932949e+03
701.5537179110803,7.694912719589417065e+03
701.6278673838922,7.685764089557804255e+03
701.7020768472739,7.663807377481934054e+03
701.776302010223,7.688508678567288371e+03
701.8505182480137,7.650999295437675755e+03
701.9246812071539,7.646424980421869805e+03
701.9989091214585,7.650999295437675755e+03
702.0730492261018,7.622638542339676860e+03
702.147283874415,7.623553405342838232e+03
702.2215095672381,7.569576488156323649e+03
702.2956523110257,7.542130598061485216e+03
702.3698847114229,7.586958885216386989e+03
702.4440341206173,7.566831899146839532e+03
702.5182485406029,7.555853543108903978e+03
702.5924786440079,7.548534639083613911e+03
702.6666306251165,7.522918474995098222e+03
702.7408427059752,7.529322516017227827e+03
702.8150013114393,7.541215735058323844e+03
702.8892200349155,7.479005050843357822e+03
702.9633852532902,7.504621214931873510e+03
703.0375414112833,7.492727995890776583e+03
703.1117577094595,7.465282105795939060e+03
703.1859204527385,7.454303749758003505e+03
703.2601235714659,7.457963201770648993e+03
703.3342928843769,7.468941557808583639e+03
703.4085025826428,7.435091626691617421e+03
703.482658658175,7.432347037682133305e+03
703.5568254210807,7.391178202539876111e+03
703.6310325789715,7.331712107334394204e+03
703.7052108243134,7.377455257492457349e+03
703.7793551808122,7.384774161517747416e+03
703.8535845204474,7.359157997429231727e+03
703.9277353723147,7.376540394489295977e+03
704.0019018493869,7.353668819410264405e+03
704.0760542132163,7.320733751296458649e+03
704.1502767406283,7.300606765226910284e+03
704.2244157321018,7.295117587207942961e+03
704.2985752975638,7.320733751296458649e+03
704.3727455222629,7.266756834109944066e+03
704.4469065581811,7.287798683182652894e+03
704.5211080295742,7.263097382097298578e+03
704.5952804534251,7.231077176986654194e+03
704.6694387032167,7.262182519094137206e+03
704.7435926983363,7.218269094942396805e+03
704.8177573342106,7.216439368936074061e+03
704.891917706452,7.210035327913945366e+03
704.9660688376695,7.186248889831752422e+03
705.0402107171044,7.199971834879171183e+03
705.114442771257,7.200886697882332555e+03
705.1885910002947,7.162462451749559477e+03
705.2627548254902,7.186248889831752422e+03
705.3369093767561,7.160632725743236733e+03
705.4110795235591,7.156973273730592155e+03
705.485220476971,7.141420602676850649e+03
705.5593969294841,7.145080054689495228e+03
705.6335441691415,7.138676013667366533e+03
705.7077020144703,7.161547588746398105e+03
705.7818057106044,7.099336904531432083e+03
705.8559498827009,7.059082932392336261e+03
705.9301096345012,7.098422041528270711e+03
706.0042849709166,7.089273411496657900e+03
706.0784260421825,7.074635603446077766e+03
706.1525826869397,7.046274850348078871e+03
706.2267549100956,7.083784233477690577e+03
706.3008928304606,7.052678891370207566e+03
706.3750014111765,7.061827521401820377e+03
706.4491704615375,7.022488412265885927e+03
706.5233051714449,7.044445124341756127e+03
706.5974853991634,7.040785672329110639e+03
706.6716262730434,7.041700535332272011e+03
706.745737753195,7.020658686259563183e+03
706.8198897594285,7.017914097250079067e+03
706.8940323424436,7.015169508240595860e+03
706.9681405012132,6.990468207155241544e+03
707.0422891955021,7.005106015205821677e+03
707.1164534452462,7.005106015205821677e+03
707.19055823756,6.994127659167886122e+03
707.2647035748213,6.982234440126790105e+03
707.3388694645195,7.006935741212144421e+03
707.4129708410553,7.003276289199498933e+03
707.4871177773351,6.932831837956081472e+03
707.5612752521206,6.995957385174208866e+03
707.6353781699282,6.972170947092015922e+03
707.7095466962406,6.933746700959242844e+03
707.7836305801062,6.970341221085693178e+03
707.857775071609,6.920938618914984545e+03
707.9318899937977,6.931002111949758728e+03
708.0060455013667,6.935576426965565588e+03
708.080146353211,6.964852043066725855e+03
708.1543078510902,6.948384509009822978e+03
708.2283845678539,6.931916974952920100e+03
708.3025520377458,6.911789988883372644e+03
708.3766397017445,6.912704851886533106e+03
708.4508131326904,6.917279166902339966e+03
708.5249067170731,6.919108892908662710e+03
708.5989906956581,6.909045399873888528e+03
708.673160478897,6.900811632845437089e+03
708.7472503492967,6.886173824794856955e+03
708.8213557131089,6.915449440896017222e+03
708.8955017018351,6.890748139810662906e+03
708.9696129404151,6.892577865816985650e+03
709.0436944296144,6.860557660706341267e+03
709.1178618009762,6.920938618914984545e+03
709.1919440994113,6.890748139810662906e+03
709.266041878377,6.833111770611502834e+03
709.3401601743607,6.878854920769566888e+03
709.4143140934323,6.807495606522988055e+03
709.4884130457813,6.840430674636793810e+03
709.5625023052012,6.858727934700018523e+03
709.6366020041326,6.807495606522988055e+03
709.71069703359,6.836771222624148322e+03
709.7848579170291,6.822133414573568189e+03
709.8589587159314,6.848664441665245249e+03
709.9330497882937,6.815729373551439494e+03
710.0071361642808,6.787368620453439689e+03
710.0812329625695,6.782794305437633739e+03
710.1553452280508,6.810240195532471262e+03
710.2294275672397,6.788283483456601061e+03
710.3035203190468,6.780964579431310995e+03
710.3776335778801,6.780049716428149623e+03
710.4517320198205,6.791028072466085177e+03
710.5258257276931,6.769986223393375440e+03
710.599909644176,6.759007867355440794e+03
710.6740090111854,6.764497045374408117e+03
710.7480985754111,6.720583621222667716e+03
710.8222035892967,6.745284922308022033e+03
710.8962987889969,6.719668758219506344e+03
710.9704094374856,6.722413347228989551e+03
711.0444849811654,6.703201224162603467e+03
711.1186012467011,6.686733690105700589e+03
711.1926874434225,6.683989101096216473e+03
711.2667840197356,6.716009306206860856e+03
711.3408251965476,6.708690402181570789e+03
711.4149070955419,6.683989101096216473e+03
711.4890246751831,6.668436430042474967e+03
711.5631121310784,6.672095882055120455e+03
711.6372150180558,6.648309443972927511e+03
711.7112320343467,6.669351293045636339e+03
711.7853404449295,6.630927046912863261e+03
711.8594389533098,6.617204101865444500e+03
711.9335275484821,6.644649991960282023e+03
712.0075605935059,6.629097320906540517e+03
712.0816546727544,6.597077115795896134e+03
712.1557641746032,6.613544649852799012e+03
712.2297927223119,6.605310882824347573e+03
712.3038823260575,6.583354170748477372e+03
712.377992420552,6.576950129726348678e+03
712.4520164203059,6.602566293814864366e+03
712.5261268825731,6.571460951707381355e+03
712.6001562828156,6.551333965637832989e+03
712.6742518579922,6.554078554647317105e+03
712.7483628435643,6.554078554647317105e+03
712.8223876211747,6.568716362697897239e+03
712.8964785986809,6.514739445511382655e+03
712.9705138140855,6.534866431580930112e+03
713.0446101673241,6.510165130495575795e+03
713.1186507279195,6.511079993498737167e+03
713.19275244439,6.543100198609381550e+03
713.2667983376626,6.497357048451318406e+03
713.3408290765726,6.530292116565124161e+03
713.4149057221886,6.488208418419705595e+03
713.4889468476811,6.473570610369125461e+03
713.5630542605719,6.459847665321706700e+03
713.6370752139885,6.449784172286932517e+03
713.71111152602,6.453443624299577095e+03
713.7852141503761,6.456188213309061211e+03
713.8592557248019,6.460762528324867162e+03
713.93328717658,6.406785611138352579e+03
714.0073900636712,6.438805816248996962e+03
714.0814267494405,6.431486912223706895e+03
714.1554583900697,6.422338282192094084e+03
714.2295512937391,6.413189652160481273e+03
714.3035881409775,6.419593693182610878e+03
714.3776148223176,6.378424858040353683e+03
714.451651744311,6.384828899062482378e+03
714.5256835921462,6.403126159125708000e+03
714.5997818492889,6.371105954015063617e+03
714.6738188625989,6.360127597977128062e+03
714.7478712188952,6.386658625068805122e+03
714.8218929356141,6.368361365005579501e+03
714.8959248750398,6.350064104942353879e+03
714.9699721505816,6.377509995037192311e+03
715.044014315487,6.312554721812742173e+03
715.1180411339378,6.356468145964483483e+03
715.1920883966163,6.358297871970805318e+03
715.2661714596333,6.312554721812742173e+03
715.3402238179556,6.325362803857000472e+03
715.4142403295658,6.305235817787452106e+03
715.488267040557,6.320788488841193612e+03
715.5623141930947,6.292427735743194717e+03
715.6363510669913,6.288768283730549228e+03
715.7103315493897,6.277789927692614583e+03
715.784373440411,6.318043899831710405e+03
715.8584050299637,6.267726434657840400e+03
715.932426306901,6.276875064689453211e+03
716.0064680199878,6.284193968714743278e+03
716.080494283165,6.320788488841193612e+03
716.1545409835085,6.274130475679969095e+03
716.2285722201125,6.287853420727387856e+03
716.3025469314863,6.273215612676807723e+03
716.3765882447348,6.248514311591453406e+03
716.4506192011959,6.266811571654679028e+03
716.5246654600803,6.246684585585131572e+03
716.5987013504475,6.251258900600937523e+03
716.6726754991479,6.220153558493454511e+03
716.7467162946405,6.221068421496615883e+03
716.8207466986998,6.258577804626227589e+03
716.8947667001454,6.255833215616743473e+03
716.9687557260248,6.249429174594614778e+03
717.0427805919613,6.251258900600937523e+03
717.116825887731,6.214664380474487189e+03
717.1908093232216,6.230217051528228694e+03
717.2648286044712,6.241195407566163340e+03
717.3388168541977,6.189963079389132872e+03
717.4128461038251,6.199111709420745683e+03
717.4868906346427,6.203686024436551634e+03
717.5608474726536,6.204600887439713006e+03
717.6348968087937,6.212834654468164445e+03
717.7088584084709,6.221983284499777255e+03
717.7828867763504,6.184473901370164640e+03
717.8568840385082,6.188133353382810128e+03
717.9309171761972,6.189048216385971500e+03
718.0048882559898,6.197281983414422939e+03
718.0789313004857,6.199111709420745683e+03
718.1528864689565,6.156113148272165745e+03
718.2268775063203,6.186303627376487384e+03
718.300914749167,6.178069860348035945e+03
718.3748898482226,6.154283422265843001e+03
718.4489059941204,6.166176641306939928e+03
718.5228857662477,6.157942874278488489e+03
718.5968549564894,6.135986162202617379e+03
718.6708910267723,6.139645614215262867e+03
718.7448648651658,6.141475340221585611e+03
718.8188539335962,6.103051094088812533e+03
718.8928117241455,6.136901025205778751e+03
718.9668571028507,6.125922669167844106e+03
719.040845353585,6.118603765142554039e+03
719.1148178064504,6.154283422265843001e+03
719.1887847916446,6.124092943161521362e+03
719.2628187285492,6.109455135110941228e+03
719.3367851179871,6.092072738050876978e+03
719.4107718973806,6.054563354921265272e+03
719.4847480151196,6.092987601054038350e+03
719.55871345993,6.089328149041392862e+03
719.6326941140954,6.075605203993974101e+03
719.7066692631995,6.071030888978168150e+03
719.780706250103,6.061882258946555339e+03
719.8546807424774,6.058222806933909851e+03
719.9286497097812,6.067371436965522662e+03
720.0026286960333,6.102136231085651161e+03
720.0766021474149,6.046329587892813834e+03
720.1505856143327,6.069201162971845406e+03
720.2245376004026,6.050903902908619784e+03
720.298530717732,6.037180957861201023e+03
720.3725079039693,6.017053971791652657e+03
720.446479525475,6.025287738820104096e+03
720.5204403826414,6.026202601823265468e+03
720.5943696939084,6.044499861886491090e+03
720.6683349523433,6.022543149810620889e+03
720.7423153966341,5.998756711728427945e+03
720.816285052651,5.997841848725266573e+03
720.890249105901,6.004245889747395267e+03
720.9642231419422,6.027117464826426840e+03
721.0382175601698,5.975885136649396372e+03
721.1121179678518,5.985948629684169646e+03
721.1860907374653,5.991437807703137878e+03
721.2600786851124,5.974970273646235000e+03
721.334050596095,5.973140547639912256e+03
721.4079648215145,5.933801438503977806e+03
721.4819202230957,5.935631164510300550e+03
721.5559168215076,5.980459451665202323e+03
721.6298296575088,5.925567671475526367e+03
721.7038045147077,5.926482534478687739e+03
721.777768491748,5.942950068535590617e+03
721.8516746809869,5.938375753519783757e+03
721.9256689717006,5.912759589431268978e+03
721.9996263053706,5.906355548409139374e+03
722.0735518685187,5.868846165279527668e+03
722.1475134315792,5.876165069304817735e+03
722.221443203523,5.884398836333269173e+03
722.2954141996532,5.886228562339591917e+03
722.369322077151,5.848719179209980211e+03
722.4432972736668,5.864271850263721717e+03
722.5172093181159,5.822188152118303151e+03
722.5911887015628,5.811209796080367596e+03
722.665104899496,5.843230001191011979e+03
722.7390623388185,5.827677330137270474e+03
722.8129878959985,5.834081371159400078e+03
722.8869756086152,5.797486851032948834e+03
722.9608791618889,5.797486851032948834e+03
723.0347925998112,5.815784111096174456e+03
723.1087786701618,5.781934179979207329e+03
723.1826700550422,5.772785549947594518e+03
723.2565817737539,5.760892330906498501e+03
723.3305609227724,5.753573426881208434e+03
723.4044767103132,5.760892330906498501e+03
723.4783814349788,5.756318015890691640e+03
723.5523797909511,5.729786988799015489e+03
723.6262885587613,5.767296371928627195e+03
723.7001862401456,5.727042399789531373e+03
723.7741042546204,5.732531577808498696e+03
723.8480321309023,5.727042399789531373e+03
723.9220013141903,5.707830276723145289e+03
723.9959122328532,5.720638358767402678e+03
724.0698330025856,5.726127536786370001e+03
724.1437478932739,5.666661441580888095e+03
724.2176516517817,5.690447879663081039e+03
724.2915652506016,5.685873564647274179e+03
724.3654729499798,5.659342537555598028e+03
724.4393957341822,5.673065482603016790e+03
724.51330736185,5.671235756596694046e+03
724.587207821535,5.641960140495533778e+03
724.6611286098097,5.652023633530307961e+03
724.7350592296857,5.630066921454436851e+03
724.80895240124,5.631896647460759596e+03
724.882865897012,5.629152058451275479e+03
724.9567892135801,5.629152058451275479e+03
725.0307013255602,5.633726373467082340e+03
725.1046074792529,5.609025072381728023e+03
725.1785287017594,5.609025072381728023e+03
725.2524334382222,5.623662880432308157e+03
725.326358500832,5.594387264331147890e+03
725.4002723250796,5.599876442350115212e+03
725.4741222682113,5.628237195448115017e+03
725.5480398915687,5.562367059220503506e+03
725.6219462528422,5.570600826248954945e+03
725.6958676722687,5.578834593277406384e+03
725.769783084779,5.560537333214180762e+03
725.8436292602167,5.571515689252116317e+03
725.9175431603215,5.582494045290050963e+03
725.9914510329734,5.565111648229987622e+03
726.0653686850188,5.583408908293212335e+03
726.1392275716657,5.533091443119343239e+03
726.2131278556831,5.555963018198374812e+03
726.2870379081896,5.553218429188890696e+03
726.3608891425325,5.527602265100375007e+03
726.4348081680206,5.550473840179406579e+03
726.50866306773,5.530346854109859123e+03
726.5825857784921,5.508390142033988923e+03
726.6564232085193,5.515709046059278990e+03
726.730349586392,5.531261717113020495e+03
726.8042645953695,5.504730690021343435e+03
726.8781153887404,5.527602265100375007e+03
726.9520393221525,5.509305005037150295e+03
727.0258672943038,5.526687402097213635e+03
727.0997948515045,5.479114525932827746e+03
727.1736528398144,5.474540210917021795e+03
727.2475046789152,5.513879320052956245e+03
727.3214244199837,5.465391580885408985e+03
727.3952533686669,5.460817265869603034e+03
727.4691766890326,5.478199662929667284e+03
727.5430356383624,5.455328087850634802e+03
727.6168831154938,5.456242950853796174e+03
727.6907985389481,5.439775416796893296e+03
727.7646495352022,5.395861992645152895e+03
727.838494332822,5.410499800695733029e+03
727.9123488191613,5.392202540632507407e+03
727.986271291593,5.419648430727345840e+03
728.0601080662049,5.391287677629346035e+03
728.1339810274446,5.386713362613540085e+03
728.2078212555151,5.372990417566121323e+03
728.2817295008361,5.422393019736829956e+03
728.3555996998778,5.358352609515541189e+03
728.429453049297,5.388543088619862829e+03
728.5033054557948,5.359267472518702562e+03
728.577140989502,5.340055349452315568e+03
728.6509914915385,5.355608020506057073e+03
728.7248569664563,5.338225623445992824e+03
728.7987108614303,5.350118842487089751e+03
728.872558477417,5.351033705490251123e+03
728.9464688832253,5.303460829325865234e+03
729.0203145595359,5.350118842487089751e+03
729.0941805149681,5.280589254246832752e+03
729.1680295392798,5.301631103319542490e+03
729.2418722535059,5.293397336291091051e+03
729.3156767351837,5.277844665237349545e+03
729.3895227579071,5.291567610284768307e+03
729.4633837365335,5.258632542170962552e+03
729.5372330643772,5.276014939231026801e+03
729.6110920231105,5.273270350221542685e+03
729.6849499652391,5.242165008114059674e+03
729.7587909091665,5.264121720189930784e+03
729.832646799371,5.221123159041350846e+03
729.9064377258716,5.214719118019222151e+03
729.9802755476569,5.254058227155156601e+03
730.0541496290818,5.228442063066640912e+03
730.1279906863275,5.179039460895932280e+03
730.2018413503896,5.222952885047673590e+03
730.2756322932343,5.182698912908577768e+03
730.3494914925877,5.170805693867480841e+03
730.4233389576001,5.160742200832707567e+03
730.497121314011,5.124147680706256324e+03
730.5709933006522,5.136040899747353251e+03
730.6448321837362,5.137870625753675085e+03
730.7186379386568,5.121403091696773117e+03
730.7924799682986,5.129636858725224556e+03
730.8662835069548,5.113169324668321678e+03
730.940128667791,5.092127475595611941e+03
731.0139673771906,5.099446379620902007e+03
731.0877622124666,5.090297749589289197e+03
731.1616307539186,5.076574804541870435e+03
731.2354072830598,5.057362681475484351e+03
731.3092735761231,5.027172202371161802e+03
731.3830531589755,5.041810010421742845e+03
731.4569011330443,5.010704668314259834e+03
731.5307105078027,5.040895147418581473e+03
731.6044812553652,5.004300627292130230e+03
731.6783471861277,5.002470901285808395e+03
731.7521477148499,5.008874942307937090e+03
731.8259899112759,4.971365559178324474e+03
731.899766660658,4.949408847102454274e+03
731.9735636445379,4.983258778219421401e+03
732.0473701527895,4.928366998029745446e+03
732.1212183467612,4.956727751127744341e+03
732.195006386356,4.949408847102454274e+03
732.2688093011474,4.901835970938068385e+03
732.3426485486638,4.939345354067681001e+03
732.4164544099781,4.894517066912778319e+03
732.4902214949792,4.885368436881165508e+03
732.5640302732379,4.880794121865359557e+03
732.6378270896475,4.852433368767360662e+03
732.7116656191168,4.883538710874843673e+03
732.7854653361854,4.835050971707296412e+03
732.8592530670325,4.857007683783166613e+03
732.9330341718326,4.856092820780005241e+03
733.0068247610646,4.835965834710457784e+03
733.0806302100424,4.825902341675683601e+03
733.1544290226378,4.824072615669360857e+03
733.2282104378809,4.802115903593490657e+03
733.3020120820065,4.793882136565039218e+03
733.3758016923423,4.802115903593490657e+03
733.4495738776542,4.778329465511297713e+03
733.5233662868974,4.773755150495490852e+03
733.5971735461529,4.740820082381686007e+03
733.6709687462483,4.749968712413297908e+03
733.7447518754218,4.750883575416459280e+03
733.818549846392,4.713374192286847574e+03
733.8923357337387,4.745394397397491957e+03
733.9660610421337,4.715203918293170318e+03
734.039849657903,4.689587754204654630e+03
734.113653111708,4.722522822318460385e+03
734.1874498467755,4.677694535163558612e+03
734.2612290717857,4.692332343214138746e+03
734.3349476318791,4.666716179125623057e+03
734.4087618993168,4.669460768135107173e+03
734.4825316665394,4.654822960084526130e+03
734.5563216510071,4.624632480980204491e+03
734.6300724954872,4.647504056059236063e+03
734.7038651403906,4.624632480980204491e+03
734.7776456166251,4.592612275869560108e+03
734.8513869120628,4.603590631907495663e+03
734.9251700158896,4.610909535932785730e+03
734.99889230638,4.595356864879044224e+03
735.0727050353661,4.599931179894850175e+03
735.1464785471829,4.589867686860076901e+03
735.220218219237,4.621887891970721284e+03
735.2939943121419,4.573400152803174024e+03
735.367736543824,4.577974467818979974e+03
735.4415206118363,4.565166385774722585e+03
735.5152599796714,4.531316454657755457e+03
735.5890466014831,4.556017755743109774e+03
735.662766849309,4.551443440727302914e+03
735.7365830712438,4.540465084689368268e+03
735.8103058246913,4.521252961622981275e+03
735.8840433540496,4.510274605585046629e+03
735.957822745456,4.510274605585046629e+03
736.0315681756952,4.493807071528143751e+03
736.1052958754302,4.497466523540788330e+03
736.1790654451154,4.480084126480724990e+03
736.252801015933,4.480998989483885453e+03
736.326545937147,4.470935496449112179e+03
736.4003381699183,4.504785427566078397e+03
736.4740584115469,4.449893647376402441e+03
736.5477988397872,4.462701729420660740e+03
736.6215269056551,4.457212551401692508e+03
736.6952425972906,4.454467962392209301e+03
736.7690544685436,4.446234195363757863e+03
736.8427725447069,4.413299127249952107e+03
736.9165053742005,4.427022072297370869e+03
736.9902258037228,4.416043716259436223e+03
737.0639609845649,4.386768100158275047e+03
737.137689186275,4.398661319199371974e+03
737.2114267046566,4.387682963161436419e+03
737.2851517972983,4.388597826164597791e+03
737.358897074205,4.387682963161436419e+03
737.4326244765816,4.350173580031824713e+03
737.5063448675909,4.376704607123501773e+03
737.5800799995792,4.349258717028663341e+03
737.6538026703106,4.330046593962276347e+03
737.7275346375662,4.376704607123501773e+03
737.8012595719805,4.329131730959115885e+03
737.8749992432967,4.344684402012857390e+03
737.9487264275168,4.333706045974921835e+03
738.022468346593,4.303515566870600196e+03
738.0961977656417,4.328216867955954513e+03
738.169865632222,4.271495361759955813e+03
738.2435972558687,4.297111525848471501e+03
738.3173218057595,4.297111525848471501e+03
738.3910556298822,4.271495361759955813e+03
738.4647823694751,4.259602142718858886e+03
738.5384638351453,4.258687279715697514e+03
738.612192738524,4.259602142718858886e+03
738.685909081362,4.272410224763117185e+03
738.7595855634423,4.249538649684085613e+03
738.8332985789483,4.231241389620859991e+03
738.9070317658445,4.211114403551311625e+03
738.9807032179243,4.201965773519699724e+03
739.0544385201678,4.197391458503892864e+03
739.1281065918952,4.201050910516538352e+03
739.2018439933116,4.199221184510215608e+03
739.2755687822585,4.203795499526021558e+03
739.3492317494262,4.178179335437506779e+03
739.4229859424029,4.166286116396409852e+03
739.4966509491076,4.159882075374281158e+03
739.5703798618135,4.154392897355313835e+03
739.6440468874771,4.132436185279442725e+03
739.7177778366447,4.122372692244669452e+03
739.791446866122,4.112309199209895269e+03
739.8651032005454,4.086693035121379580e+03
739.9388289543585,4.104075432181443830e+03
740.0125146409633,4.103160569178282458e+03
740.086187618405,4.076629542086605852e+03
740.1599026583724,4.083033583108734547e+03
740.2335830692062,4.072970090073960819e+03
740.3072452674804,4.065651186048670752e+03
740.3809769441689,4.040949884963316435e+03
740.4546465508478,4.032716117934864997e+03
740.5283253357537,4.048268788988606502e+03
740.6019968452496,3.995206734805252836e+03
740.6757323886792,4.016248583877962119e+03
740.7493783611862,3.994291871802091919e+03
740.8230664214437,3.979654063751511330e+03
740.8967416974003,3.986058104773640480e+03
740.9704041770528,3.940314954615576880e+03
741.0440813057113,3.946718995637706030e+03
741.1177456249695,3.925677146564996747e+03
741.1914740338814,3.896401530463836025e+03
741.265145682029,3.920187968546028969e+03
741.3387990020083,3.881763722413255891e+03
741.4124669600711,3.877189407397449486e+03
741.4861550585991,3.890912352444868702e+03
741.5598248114671,3.879019133403772230e+03
741.6334872037764,3.879019133403772230e+03
741.7070817125386,3.860721873340546608e+03
741.7807678621677,3.862551599346869352e+03
741.8544191228816,3.859807010337385691e+03
741.9281125335501,3.834190846248870002e+03
742.0017600242695,3.858892147334224319e+03
742.0754276444354,3.815893586185644835e+03
742.1491098938311,3.796681463119258297e+03
742.2227792320809,3.819553038198289869e+03
742.2963860567804,3.792107148103451891e+03
742.3700570824167,3.796681463119258297e+03
742.4437151716932,3.759172079989646136e+03
742.5173878791576,3.775639614046549013e+03
742.5909980073593,3.752768038967517441e+03
742.6646723713906,3.765576121011774831e+03
742.7383392893086,3.782043655068677708e+03
742.8119656461523,3.747278860948549664e+03
742.8856286765096,3.722577559863195347e+03
742.9592842387771,3.726237011875840381e+03
743.0328991982909,3.707939751812615214e+03
743.1065563576633,3.713428929831582991e+03
743.1801728901319,3.677749272708293574e+03
743.2538592524501,3.675919546701970830e+03
743.3274497210764,3.703365436796808808e+03
743.4011100282263,3.675919546701970830e+03
743.4747296601421,3.677749272708293574e+03
743.5483970465806,3.665856053667197102e+03
743.6220182060574,3.650303382613455142e+03
743.6956816000841,3.665856053667197102e+03
743.7692821427946,3.617368314499649841e+03
743.8429470520473,3.640239889578681414e+03
743.916576747615,3.607304821464875658e+03
743.990165669035,3.626516944531262197e+03
744.0638466591978,3.637495300569197752e+03
744.1374370340701,3.610964273477520692e+03
744.2110696595498,3.624687218524939908e+03
744.284716858413,3.589922424404811863e+03
744.3583232280512,3.592667013414295525e+03
744.4319496995879,3.577114342360554019e+03
744.5055574804348,3.580773794373199053e+03
744.5791520991629,3.556987356291006108e+03
744.6528444452033,3.556987356291006108e+03
744.7264460022811,3.555157630284683819e+03
744.8000565630955,3.572540027344747614e+03
744.8736594835683,3.526796877186684469e+03
744.9472714032472,3.552413041275199703e+03
745.0208756714717,3.516733384151910286e+03
745.094494486024,3.534115781211974536e+03
745.168100087441,3.542349548240425975e+03
745.2416924635781,3.534115781211974536e+03
745.3152993770332,3.534115781211974536e+03
745.3889152760675,3.489287494057072308e+03
745.4625290474098,3.507584754120297930e+03
745.5361240107667,3.504840165110813814e+03
745.609733506721,3.503010439104491525e+03
745.6833575395775,3.493861809072878714e+03
745.7569683059694,3.480138864025459497e+03
745.8305713563644,3.486542905047588647e+03
745.9041833730809,3.471905096997008513e+03
745.9777876626403,3.476479412012814464e+03
746.0514009139459,3.459097014952750669e+03
746.1249507566789,3.457267288946427925e+03
746.1985429433485,3.474649686006492175e+03
746.2721496486159,3.472819960000169431e+03
746.3457708767787,3.465501055974879364e+03
746.4193230608547,3.470990233993847141e+03
746.4929176060401,3.448118658914815569e+03
746.5665266650274,3.440799754889525047e+03
746.640066621393,3.443544343899009164e+03
746.7136768253059,3.419757905816816219e+03
746.7873015449047,3.416098453804171186e+03
746.8608348022583,3.412439001791526152e+03
746.934460649653,3.435310576870557725e+03
747.0080507927156,3.388652563709333208e+03
747.0815940434294,3.417013316807332103e+03
747.1552131827909,3.418843042813654847e+03
747.2287630801482,3.420672768819977136e+03
747.3023777208953,3.395971467734623275e+03
747.3759007391845,3.398716056744106936e+03
747.4495220280663,3.374014755658752620e+03
747.5230740040879,3.388652563709333208e+03
747.5966125121065,3.374929618661913992e+03
747.6702213915038,3.356632358598688825e+03
747.7437608993716,3.362121536617656147e+03
747.8173763904779,3.358462084605011114e+03
747.8909168833824,3.343824276554430980e+03
747.9644718416794,3.329186468503850847e+03
748.0380188872018,3.340164824541785947e+03
748.111630768237,3.336505372529140914e+03
748.1851787691317,3.346568865563914642e+03
748.2587356337701,3.288932496364755025e+03
748.3322845630789,3.317293249462754375e+03
748.405875958131,3.322782427481721697e+03
748.4794258064913,3.305400030421657902e+03
748.5529901125466,3.296251400390045092e+03
748.626540858474,3.273379825311013519e+03
748.7000780320159,3.296251400390045092e+03
748.7736296540094,3.276124414320497181e+03
748.8471676901079,3.283443318345787247e+03
748.920776260387,3.259656880263594303e+03
748.994315154041,3.273379825311013519e+03
749.0678741021718,3.269720373298368486e+03
749.1414138274398,3.253252839241465608e+03
749.2149736068789,3.253252839241465608e+03
749.2885141477188,3.258742017260432931e+03
749.362046665244,3.227636675152949920e+03
749.4355374512597,3.236785305184562731e+03
749.5090988297237,3.195616470042305536e+03
749.5826465568359,3.220317771127659853e+03
749.656175000463,3.199275922054950570e+03
749.7297234916311,3.194701607039144164e+03
749.803286415846,3.186467840010693180e+03
749.8768356615918,3.178234072982241742e+03
749.9503205982728,3.176404346975918997e+03
750.0238705670453,3.170000305953790303e+03
750.0974068314757,3.151703045890564681e+03
750.170963144645,3.153532771896887425e+03
750.2444438267519,3.142554415858952325e+03
750.318000832892,3.147128730874758730e+03
750.3915384788514,3.150788182887403764e+03
750.4650398530696,3.144384141865274614e+03
750.5385837931271,3.154447634900048797e+03
750.6121083437756,3.127916607808371737e+03
750.6855965835151,3.085832909662953625e+03
750.7591555782365,3.105045032729340164e+03
750.8326444278694,3.096811265700888725e+03
750.9061758589805,3.094981539694566436e+03
750.9796652967866,3.086747772666114997e+03
751.053225528571,3.092236950685082320e+03
751.1267211857668,3.070280238609212120e+03
751.2002538005404,3.062046471580760681e+03
751.2737443726544,3.067535649599728458e+03
751.347283196831,3.054727567555470614e+03
751.4207743095347,3.036430307492244992e+03
751.4942572105898,3.035515444489084075e+03
751.567805321994,3.039174896501729108e+03
751.641288735935,2.999835787365794658e+03
751.7147865207419,3.031855992476439042e+03
751.7883269399143,3.016303321422697536e+03
751.8618252198199,2.999835787365794658e+03
751.9353096018531,3.008069554394246097e+03
752.0087800736492,2.998920924362633286e+03
752.082349748397,2.977879075289924003e+03
752.1558206716313,2.981538527302569037e+03
752.2293059510168,2.955922363214053803e+03
752.3028112503567,2.968730445258311647e+03
752.3762686487676,2.957752089220376092e+03
752.4497687028702,2.954092637207731059e+03
752.5232604672466,2.959581815226698836e+03
752.5967892449822,2.959581815226698836e+03
752.6702814069297,2.949518322191924653e+03
752.74378792351,2.926646747112893081e+03
752.8172521255437,2.933965651138183148e+03
752.890753342267,2.912923802065474320e+03
752.9642462347487,2.916583254078119353e+03
753.0377251232514,2.909264350052829286e+03
753.111218354199,2.901030583024377847e+03
753.1846408387155,2.904690035037022881e+03
753.2581116847355,2.901030583024377847e+03
753.331591190779,2.889137363983281375e+03
753.4050850339123,2.891881952992765036e+03
753.4785648318334,2.878159007945345820e+03
753.552064642568,2.859861747882120653e+03
753.6254879218887,2.856202295869475620e+03
753.698987997613,2.860776610885282025e+03
753.7724683210844,2.831500994784121303e+03
753.845940242228,2.858946884878959281e+03
753.9193696482735,2.864436062897927059e+03
753.9928702112186,2.849798254847346925e+03
754.0663566760842,2.829671268777799014e+03
754.1397721577508,2.823267227755669865e+03
754.2132588199502,2.847968528841024181e+03
754.286731357841,2.830586131780959931e+03
754.3601613060175,2.797651063667154631e+03
754.433662469434,2.812288871717734764e+03
754.5070697940439,2.795821337660831887e+03
754.580571120139,2.789417296638703192e+03
754.6540013426822,2.820522638746186203e+03
754.7274800348059,2.807714556701928359e+03
754.8009103674891,2.813203734720896136e+03
754.8743891803196,2.798565926670316003e+03
754.9478196065738,2.772949762581800314e+03
755.0212985235391,2.799480789673476920e+03
755.0947347284628,2.780268666607090381e+03
755.1681567061893,2.783928118619735415e+03
755.2416500027333,2.773864625584961686e+03
755.3150720303312,2.768375447565993909e+03
755.3884798044081,2.734525516449027236e+03
755.4619874570354,2.739099831464833642e+03
755.535395250506,2.726291749420575798e+03
755.6088173113466,2.733610653445865864e+03
755.6822593542736,2.729036338430059459e+03
755.7557385217809,2.727206612423737170e+03
755.8291520013627,2.747333598493284626e+03
755.9025740310907,2.718057982392124359e+03
755.9760160417866,2.726291749420575798e+03
756.0494380281855,2.737270105458510898e+03
756.122851408895,2.722632297407930764e+03
756.196279048058,2.730866064436382203e+03
756.2697209498288,2.732695790442704492e+03
756.3431485156143,2.727206612423737170e+03
756.4166132278519,2.716228256385801615e+03
756.490046430767,2.708909352360511548e+03
756.563402310791,2.718057982392124359e+03
756.6368296685728,2.706164763351027887e+03
756.710271280547,2.694271544309931414e+03
756.7836985147853,2.687867503287802265e+03
756.8571170870929,2.686952640284641348e+03
756.9305441765948,2.681463462265673570e+03
757.0039625924522,2.677804010253028537e+03
757.0773895204559,2.659506750189803370e+03
757.1508077630942,2.647613531148706898e+03
757.2241829078598,2.648528394151867815e+03
757.2975952154935,2.649443257155029187e+03
757.3710274951507,2.648528394151867815e+03
757.4444453309834,2.659506750189803370e+03
757.5178200187852,2.642124353129739120e+03
757.5912376210018,2.651272983161351931e+03
757.664669455667,2.629316271085481276e+03
757.7380294018718,2.634805449104449053e+03
757.8114609832415,2.611933874025417481e+03
757.884883822762,2.616508189041223432e+03
757.9582576961611,2.622912230063352581e+03
758.0316745087733,2.638464901117094087e+03
758.1050538201592,2.609189285015933365e+03
758.1784703328954,2.613763600031739770e+03
758.2518205742088,2.603700106996966042e+03
758.3252712680576,2.598210928977998265e+03
758.3986211596865,2.585402846933740420e+03
758.4720370175761,2.570765038883160287e+03
758.545415305501,2.582658257924256759e+03
758.6187790176235,2.578083942908450354e+03
758.692185702744,2.553382641823096037e+03
758.7655490229096,2.588147435943224536e+03
758.8389841161411,2.566190723867353881e+03
758.9123470329839,2.569850175879998915e+03
758.985729896929,2.565275860864192509e+03
759.0590923834825,2.549723189810451004e+03
759.1324978677417,2.569850175879998915e+03
759.2058656754364,2.514043532687161587e+03
759.2792419009955,2.539659696775677276e+03
759.3526092466964,2.538744833772515904e+03
759.4259619360007,2.516788121696645703e+03
759.4993807137987,2.525021888725097142e+03
759.5727617631621,2.540574559778838648e+03
759.6461281405926,2.527766477734580803e+03
759.7194798334775,2.523192162718774398e+03
759.79284569346,2.524107025721935770e+03
759.8662199506782,2.506724628661871520e+03
759.9395910557283,2.509469217671355182e+03
760.0129416740881,2.503980039652387859e+03
760.0863064536592,2.488427368598646353e+03
760.1596565064068,2.480193601570194915e+03
760.2330264969562,2.464640930516453409e+03
760.3064048714377,2.487512505595484981e+03
760.3797685035091,2.456407163488001970e+03
760.4531231634235,2.477449012560711253e+03
760.5264341378603,2.448173396459550531e+03
760.5997823891312,2.446343670453227787e+03
760.6731505760081,2.437195040421615431e+03
760.7465329185825,2.433535588408970398e+03
760.8198946901349,2.430790999399486282e+03
760.893195347572,2.433535588408970398e+03
760.9665564561759,2.432620725405809026e+03
761.039908545017,2.444513944446905498e+03
761.1132805694576,2.431705862402647654e+03
761.186574038077,2.423472095374196215e+03
761.2599395757078,2.413408602339422487e+03
761.3332612942629,2.401515383298326014e+03
761.4066319227295,2.399685657292003270e+03
761.4799819030882,2.381388397228778103e+03
761.5532938204132,2.371324904194003921e+03
761.6266430583955,2.371324904194003921e+03
761.6999542102297,2.372239767197165293e+03
761.7733026886444,2.367665452181358887e+03
761.8466130577877,2.357601959146585159e+03
761.9199955907541,2.363091137165552482e+03
761.9932761350078,2.352112781127617382e+03
762.0665998139598,2.330156069051747181e+03
762.1399666484456,2.345708740105488687e+03
762.2132604654904,2.352112781127617382e+03
762.2866264890819,2.335645247070714504e+03
762.3599194586624,2.343879014099165943e+03
762.4332265236651,2.329241206048585809e+03
762.5065244315081,2.324666891032779404e+03
762.5798887714861,2.306369630969554237e+03
762.653209066283,2.317347987007489337e+03
762.726491103933,2.305454767966392865e+03
762.7998163192037,2.322837165026457114e+03
762.8731789131846,2.287157507903167698e+03
762.9464741276457,2.299965589947425087e+03
763.0197834275534,2.288072370906328615e+03
763.0930777014148,2.298135863941102798e+03
763.1663802334256,2.303625041960070121e+03
763.2396735482423,2.271604836849426192e+03
763.312980942364,2.283498055890522664e+03
763.3863024198473,2.266115658830458415e+03
763.4595855263992,2.288987233909489987e+03
763.5329060235777,2.263371069820974753e+03
763.6062114503713,2.262456206817813381e+03
763.6795017940418,2.267030521833619787e+03
763.7528120409493,2.243244083751426842e+03
763.8261013583818,2.239584631738781809e+03
763.8994105781957,2.243244083751426842e+03
763.9727280347157,2.224031960685040303e+03
764.0459486507003,2.246903535764071876e+03
764.1192708849686,2.231350864710330370e+03
764.1925721540134,2.223117097681878931e+03
764.265864123763,2.208479289631298343e+03
764.339170153393,2.196586070590201871e+03
764.4124025979912,2.205734700621814682e+03
764.4857075207827,2.210309015637621087e+03
764.5590265043799,2.198415796596524615e+03
764.6322718534416,2.202990111612331020e+03
764.7055663242454,2.202990111612331020e+03
764.7788689989354,2.183777988545944481e+03
764.8520979783581,2.187437440558589515e+03
764.9254053449329,2.181948262539621737e+03
764.9986623906358,2.177373947523815332e+03
765.0719685894694,2.149928057428977354e+03
765.1451951672625,2.177373947523815332e+03
765.2185001752471,2.160906413466912454e+03
765.2917606634498,2.159076687460590165e+03
765.3650586119669,2.167310454489041604e+03
765.438288577042,2.177373947523815332e+03
765.5115911575078,2.150842920432138726e+03
765.5848491670143,2.153587509441622387e+03
765.6580918875516,2.155417235447945131e+03
765.7313779407682,2.162736139473235198e+03
765.8046193790093,2.142609153403687287e+03
765.8778806952203,2.134375386375235848e+03
765.9511794972256,2.139864564394203626e+03
766.0244043117671,2.127056482349945782e+03
766.0976489972652,2.121567304330978004e+03
766.1709018207467,2.120652441327817087e+03
766.2441451689594,2.115163263308849309e+03
766.31745537396,2.127971345353107154e+03
766.3906973785047,2.128886208356268526e+03
766.4639240114803,2.128886208356268526e+03
766.5371587632285,2.115163263308849309e+03
766.610413388223,2.111503811296204276e+03
766.6836526256157,2.095036277239301398e+03
766.7569058583788,2.106929496280397871e+03
766.8301436890999,2.116992989315172053e+03
766.9033661049401,2.117907852318332971e+03
766.9766319183701,2.105099770274075581e+03
767.049858779082,2.105099770274075581e+03
767.1230937389751,2.105099770274075581e+03
767.196342684586,2.078568743182398521e+03
767.2695820718163,2.091376825226656365e+03
767.3427706741372,2.084057921201366298e+03
767.4160085761127,2.096866003245624142e+03
767.4892545691928,2.093206551232979109e+03
767.5624909794419,2.062101209125495643e+03
767.6357413679548,2.070334976153947082e+03
767.7089173321764,2.038314771043302926e+03
767.7821603029794,2.059356620116011982e+03
767.8553936664732,2.038314771043302926e+03
767.928641001735,2.051122853087560543e+03
768.001843330076,2.036485045036980409e+03
768.0750596156819,2.052037716090721915e+03
768.1482662604737,2.047463401074915510e+03
768.2215104680862,2.035570182033819037e+03
768.2947391311019,2.045633675068592993e+03
768.3679227171707,2.022762099989561420e+03
768.441155676817,2.032825593024335376e+03
768.5143376298478,2.034655319030657893e+03
768.5875985030231,2.030995867018012859e+03
768.6607551772538,2.034655319030657893e+03
768.7340085126597,2.022762099989561420e+03
768.8071930624363,2.017272921970593643e+03
768.8803619892306,2.030995867018012859e+03
768.9535980606818,2.012698606954787465e+03
769.0267948587721,2.012698606954787465e+03
769.0999760176759,2.008124291938981060e+03
769.1732302685929,2.019102647976916387e+03
769.2464097142773,2.012698606954787465e+03
769.3195794118245,2.011783743951626093e+03
769.3928163071785,1.994401346891562071e+03
769.4660079399233,1.987997305869433148e+03
769.5391838897698,2.009954017945303576e+03
769.6123796819868,1.994401346891562071e+03
769.6855538548153,1.991656757882078182e+03
769.7587182425186,1.990741894878917037e+03
769.8319202468393,1.989827031875755665e+03
769.9051421026546,1.991656757882078182e+03
769.97834824532,1.969700045806207754e+03
770.0515030831361,1.977018949831498048e+03
770.1247074085248,1.976104086828336676e+03
770.1978663329771,1.961466278777756543e+03
770.2710688242653,1.966040593793562721e+03
770.3442258887268,1.955977100758788765e+03
770.4173671736539,1.953232511749305104e+03
770.4905282854356,1.956891963761950137e+03
770.5637270444658,1.953232511749305104e+03
770.6369100189285,1.949573059736660070e+03
770.7100771958651,1.948658196733498698e+03
770.7832642087253,1.927616347660789643e+03
770.856459180459,1.925786621654467126e+03
770.9295551317979,1.920297443635499349e+03
771.0027481693259,1.918467717629176832e+03
771.0759313239301,1.926701484657628271e+03
771.1490926926053,1.916637991622854315e+03
771.2222144154819,1.921212306638660721e+03
771.2954094963922,1.905659635584919215e+03
771.368588721728,1.889192101528016337e+03
771.4417223223901,1.902000183572274182e+03
771.5148995537488,1.912063676607048137e+03
771.5880013670636,1.891936690537500226e+03
771.6612063537742,1.879128608493242382e+03
771.734306117772,1.879128608493242382e+03
771.8074852581613,1.878213745490081237e+03
771.8806127402132,1.859916485426855843e+03
771.953783876625,1.849852992392081887e+03
772.0269152446992,1.861746211433178360e+03
772.1000843158894,1.851682718398404404e+03
772.1732135949969,1.861746211433178360e+03
772.2463209463975,1.858086759420533326e+03
772.3195077548475,1.846193540379436854e+03
