X,Y
534.0051269287335,3.004000000000000000e+03
534.0808105837979,3.023000000000000000e+03
534.1564941245075,3.019000000000000000e+03
534.2322387608131,3.045000000000000000e+03
534.3079223194351,3.032000000000000000e+03
534.3836059646314,3.036000000000000000e+03
534.459289487409,3.047000000000000000e+03
534.534973107135,3.049000000000000000e+03
534.6106567862021,3.024000000000000000e+03
534.6863402868432,3.049000000000000000e+03
534.7620238571769,3.062000000000000000e+03
534.8377074881613,3.076000000000000000e+03
534.9134522313972,3.081000000000000000e+03
534.9891358020897,3.092000000000000000e+03
535.0648193202943,3.116000000000000000e+03
535.140502776876,3.136000000000000000e+03
535.2161864491509,3.163000000000000000e+03
535.2918700416792,3.168000000000000000e+03
535.367553831929,3.175000000000000000e+03
535.4432372375885,3.181000000000000000e+03
535.5189208228152,3.197000000000000000e+03
535.594604578686,3.210000000000000000e+03
535.6702882093306,3.232000000000000000e+03
535.745971418549,3.209000000000000000e+03
535.8216553453357,3.241000000000000000e+03
535.8973391196765,3.234000000000000000e+03
535.9730227323798,3.261000000000000000e+03
536.0487061742487,3.253000000000000000e+03
536.1243894360814,3.254000000000000000e+03
536.2000730836918,3.264000000000000000e+03
536.275756820763,3.261000000000000000e+03
536.3514406383212,3.279000000000000000e+03
536.4271239518794,3.280000000000000000e+03
536.5028079033076,3.275000000000000000e+03
536.5784913324379,3.300000000000000000e+03
536.6541748057845,3.301000000000000000e+03
536.7298583143477,3.298000000000000000e+03
536.8055421372837,3.322000000000000000e+03
536.8812254011024,3.345000000000000000e+03
536.9569092495924,3.349000000000000000e+03
537.0325928090099,3.349000000000000000e+03
537.1082763585715,3.403000000000000000e+03
537.1839598892475,3.361000000000000000e+03
537.2596436806508,3.390000000000000000e+03
537.3353268577979,3.399000000000000000e+03
537.411010566398,3.414000000000000000e+03
537.4866335528031,3.382000000000000000e+03
537.5623168365025,3.428000000000000000e+03
537.6380003360828,3.417000000000000000e+03
537.7136843318589,3.452000000000000000e+03
537.7893676583791,3.458000000000000000e+03
537.8650511739759,3.439000000000000000e+03
537.940734869813,3.477000000000000000e+03
538.0164184475874,3.465000000000000000e+03
538.0920408046188,3.476000000000000000e+03
538.1677246810524,3.481000000000000000e+03
538.2434084124591,3.492000000000000000e+03
538.3190919897331,3.496000000000000000e+03
538.3947756936324,3.502000000000000000e+03
538.4704589353845,3.528000000000000000e+03
538.5461425757196,3.523000000000000000e+03
538.6217653920648,3.536000000000000000e+03
538.6974486256656,3.559000000000000000e+03
538.7731322312683,3.567000000000000000e+03
538.8488156195046,3.582000000000000000e+03
538.9244993621073,3.558000000000000000e+03
539.0001221504488,3.598000000000000000e+03
539.0758056867688,3.574000000000000000e+03
539.1514895509623,3.596000000000000000e+03
539.2271725712882,3.635000000000000000e+03
539.3027954051873,3.636000000000000000e+03
539.378479310497,3.617000000000000000e+03
539.4541629264281,3.624000000000000000e+03
539.5298462437939,3.653000000000000000e+03
539.6054689803647,3.654000000000000000e+03
539.6811522386217,3.679000000000000000e+03
539.7568363363963,3.679000000000000000e+03
539.832519225528,3.690000000000000000e+03
539.9081423044014,3.721000000000000000e+03
539.9838259373797,3.703000000000000000e+03
540.0595095003099,3.728000000000000000e+03
540.1351320092971,3.701000000000000000e+03
540.2108150962631,3.728000000000000000e+03
540.2864989617823,3.730000000000000000e+03
540.362121111465,3.754000000000000000e+03
540.4378056155781,3.746000000000000000e+03
540.5134888278695,3.752000000000000000e+03
540.5891111220752,3.776000000000000000e+03
540.6647949195459,3.784000000000000000e+03
540.7404782741969,3.799000000000000000e+03
540.8161009254455,3.786000000000000000e+03
540.8917848125893,3.806000000000000000e+03
540.9674685225426,3.832000000000000000e+03
541.0430911589102,3.798000000000000000e+03
541.1187741775063,3.847000000000000000e+03
541.194457870279,3.815000000000000000e+03
541.2700807045082,3.852000000000000000e+03
541.3457636520761,3.859000000000000000e+03
541.4213865683067,3.878000000000000000e+03
541.497070200242,3.870000000000000000e+03
541.5727541699249,3.914000000000000000e+03
541.648376858336,3.907000000000000000e+03
541.7240599931954,3.920000000000000000e+03
541.7996829685276,3.911000000000000000e+03
541.8753664065381,3.966000000000000000e+03
541.950988459017,3.977000000000000000e+03
542.0266721649095,3.944000000000000000e+03
542.1022953150494,3.982000000000000000e+03
542.1779780782617,3.952000000000000000e+03
542.2536014098382,4.009000000000000000e+03
542.329284076073,3.999000000000000000e+03
542.4049075539548,4.014000000000000000e+03
542.4805912648831,4.022000000000000000e+03
542.5562136767595,4.064000000000000000e+03
542.631897220388,4.041000000000000000e+03
542.7075197075332,4.058000000000000000e+03
542.7832033429272,4.078000000000000000e+03
542.8588255754784,4.070000000000000000e+03
542.9345092673785,4.093000000000000000e+03
543.0101320942985,4.121000000000000000e+03
543.0858158076525,4.138000000000000000e+03
543.1614377193954,4.133000000000000000e+03
543.2371220089141,4.124000000000000000e+03
543.3127444450705,4.136000000000000000e+03
543.3884278000902,4.153000000000000000e+03
543.4640501352047,4.147000000000000000e+03
543.5396728412053,4.168000000000000000e+03
543.6153561952086,4.162000000000000000e+03
543.6909787475163,4.177000000000000000e+03
543.7666625552929,4.193000000000000000e+03
543.8422846228852,4.202000000000000000e+03
543.917907905318,4.242000000000000000e+03
543.9935909887698,4.224000000000000000e+03
544.0692140297832,4.226000000000000000e+03
544.1448361882029,4.251000000000000000e+03
544.220519947648,4.234000000000000000e+03
544.2961426997966,4.266000000000000000e+03
544.3718261809979,4.265000000000000000e+03
544.4474486032625,4.284000000000000000e+03
544.5230709870222,4.293000000000000000e+03
544.5987550137446,4.311000000000000000e+03
544.6743770145879,4.299000000000000000e+03
544.7500001373947,4.305000000000000000e+03
544.8256222965063,4.344000000000000000e+03
544.9013064288619,4.360000000000000000e+03
544.976929025401,4.371000000000000000e+03
545.0525518192319,4.367000000000000000e+03
545.1282345318966,4.375000000000000000e+03
545.2038574139079,4.405000000000000000e+03
545.27947957532,4.430000000000000000e+03
545.3551027912747,4.432000000000000000e+03
545.4307859578726,4.461000000000000000e+03
545.5064085974922,4.462000000000000000e+03
545.582031075963,4.451000000000000000e+03
545.6576539799133,4.470000000000000000e+03
545.7333374615957,4.502000000000000000e+03
545.8089603143547,4.497000000000000000e+03
545.8845823750287,4.527000000000000000e+03
545.9602051246089,4.580000000000000000e+03
546.0358279586479,4.560000000000000000e+03
546.1115111125337,4.561000000000000000e+03
546.1871341062584,4.587000000000000000e+03
546.2627559649052,4.603000000000000000e+03
546.3383790667153,4.599000000000000000e+03
546.4140010154777,4.613000000000000000e+03
546.4896238920949,4.654000000000000000e+03
546.5653080328324,4.632000000000000000e+03
546.6409297699242,4.666000000000000000e+03
546.7165527083374,4.666000000000000000e+03
546.7921753454747,4.668000000000000000e+03
546.8677979714669,4.673000000000000000e+03
546.9434205776232,4.674000000000000000e+03
547.0190431552487,4.720000000000000000e+03
547.0946647977053,4.675000000000000000e+03
547.1703492667542,4.686000000000000000e+03
547.2459723224066,4.718000000000000000e+03
547.3215944163495,4.725000000000000000e+03
547.3972173369806,4.737000000000000000e+03
547.4728389782355,4.759000000000000000e+03
547.5484617288662,4.750000000000000000e+03
547.6240849813485,4.770000000000000000e+03
547.6997072275658,4.793000000000000000e+03
547.7753302583766,4.772000000000000000e+03
547.8509522649341,4.756000000000000000e+03
547.9265750390812,4.792000000000000000e+03
548.0021964706609,4.773000000000000000e+03
548.0778207553666,4.792000000000000000e+03
548.1534418774738,4.809000000000000000e+03
548.2290652357153,4.827000000000000000e+03
548.3046878169241,4.835000000000000000e+03
548.3803093111,4.879000000000000000e+03
548.4559330175531,4.831000000000000000e+03
548.5315556197277,4.892000000000000000e+03
548.6071771080813,4.885000000000000000e+03
548.6828010856999,4.880000000000000000e+03
548.7584221255744,4.896000000000000000e+03
548.834045337373,4.964000000000000000e+03
548.9096673999533,4.917000000000000000e+03
548.9852904134418,4.935000000000000000e+03
549.0609137670749,4.940000000000000000e+03
549.1364750314843,4.944000000000000000e+03
549.2120978166789,4.979000000000000000e+03
549.2877191060418,4.973000000000000000e+03
549.3633428131332,5.005000000000000000e+03
549.4389653087501,5.002000000000000000e+03
549.5145865832915,5.015000000000000000e+03
549.590210251744,4.989000000000000000e+03
549.665832681899,5.027000000000000000e+03
549.7413946298766,5.036000000000000000e+03
549.8170160497809,5.047000000000000000e+03
549.8926398319383,5.054000000000000000e+03
549.9682623401311,5.075000000000000000e+03
550.0438835647246,5.111000000000000000e+03
550.1195068250248,5.086000000000000000e+03
550.1950679386268,5.119000000000000000e+03
550.2706906900269,5.127000000000000000e+03
550.3463136366366,5.148000000000000000e+03
550.421935255224,5.151000000000000000e+03
550.4975591726949,5.171000000000000000e+03
550.5731205123872,5.175000000000000000e+03
550.6487432287166,5.170000000000000000e+03
550.7243648844632,5.209000000000000000e+03
550.7999885039992,5.195000000000000000e+03
550.8755494425731,5.242000000000000000e+03
550.951172094361,5.236000000000000000e+03
551.0267951682852,5.256000000000000000e+03
551.1024165301448,5.301000000000000000e+03
551.1779790561093,5.269000000000000000e+03
551.2536012026161,5.278000000000000000e+03
551.3292237372492,5.266000000000000000e+03
551.4047855382855,5.315000000000000000e+03
551.4804066788231,5.321000000000000000e+03
551.5560303111364,5.339000000000000000e+03
551.6315910047903,5.341000000000000000e+03
551.7072150175466,5.340000000000000000e+03
551.7828375420726,5.382000000000000000e+03
551.8583991818102,5.397000000000000000e+03
551.9340205121266,5.374000000000000000e+03
552.0096436778041,5.404000000000000000e+03
552.0852040546326,5.402000000000000000e+03
552.1608281083562,5.436000000000000000e+03
552.2363887123648,5.421000000000000000e+03
552.3120111809802,5.442000000000000000e+03
552.3876339198484,5.432000000000000000e+03
552.4631955723437,5.441000000000000000e+03
552.5388185047575,5.461000000000000000e+03
552.614380300461,5.458000000000000000e+03
552.6900021708618,5.449000000000000000e+03
552.765564075718,5.488000000000000000e+03
552.8411860712373,5.499000000000000000e+03
552.9168082777293,5.502000000000000000e+03
552.9923707499584,5.518000000000000000e+03
553.0679933370403,5.496000000000000000e+03
553.1435543046211,5.535000000000000000e+03
553.2191769324178,5.515000000000000000e+03
553.2947381962192,5.521000000000000000e+03
553.3703611371725,5.526000000000000000e+03
553.4459223575054,5.544000000000000000e+03
553.521545578136,5.548000000000000000e+03
553.5971070276289,5.550000000000000000e+03
553.6727301879512,5.586000000000000000e+03
553.74829183306,5.566000000000000000e+03
553.823851714682,5.588000000000000000e+03
553.8994751723073,5.620000000000000000e+03
553.9750367322185,5.629000000000000000e+03
554.050658510177,5.641000000000000000e+03
554.1262201811371,5.664000000000000000e+03
554.2018439290302,5.642000000000000000e+03
554.2774053707294,5.643000000000000000e+03
554.3529671374815,5.688000000000000000e+03
554.4285888549837,5.664000000000000000e+03
554.5041506486573,5.681000000000000000e+03
554.579712127434,5.720000000000000000e+03
554.6553335805664,5.701000000000000000e+03
554.7308950353918,5.727000000000000000e+03
554.8065186350868,5.731000000000000000e+03
554.8820800328116,5.744000000000000000e+03
554.9576410728757,5.772000000000000000e+03
555.0332642831411,5.767000000000000000e+03
555.108825215094,5.820000000000000000e+03
555.1843863800646,5.835000000000000000e+03
555.2599490030949,5.824000000000000000e+03
555.3355716725129,5.857000000000000000e+03
555.4111322702728,5.894000000000000000e+03
555.486694610333,5.873000000000000000e+03
555.5623170204691,5.875000000000000000e+03
555.6378788265472,5.909000000000000000e+03
555.7134408077316,5.927000000000000000e+03
555.7890023379755,5.922000000000000000e+03
555.8646239696742,5.975000000000000000e+03
555.9401852063803,5.986000000000000000e+03
556.0157462753666,5.958000000000000000e+03
556.0913090235443,6.002000000000000000e+03
556.1668694227267,6.022000000000000000e+03
556.2424921284115,6.017000000000000000e+03
556.3180540060974,6.023000000000000000e+03
556.3936159838638,6.046000000000000000e+03
556.46917743411,6.043000000000000000e+03
556.544738657784,6.059000000000000000e+03
556.6202993365139,6.083000000000000000e+03
556.6959226832005,6.100000000000000000e+03
556.7714847427467,6.126000000000000000e+03
556.8470468524312,6.119000000000000000e+03
556.9226065226395,6.158000000000000000e+03
556.9981696377276,6.101000000000000000e+03
557.0737306061917,6.181000000000000000e+03
557.1492912804306,6.170000000000000000e+03
557.2248535148585,6.168000000000000000e+03
557.3004154389016,6.191000000000000000e+03
557.3759767333004,6.192000000000000000e+03
557.451598607399,6.190000000000000000e+03
557.5271614300829,6.231000000000000000e+03
557.6027217325554,6.191000000000000000e+03
557.6782835475029,6.209000000000000000e+03
557.7538450012918,6.220000000000000000e+03
557.8294060853028,6.242000000000000000e+03
557.9049686584602,6.219000000000000000e+03
557.9805305342576,6.268000000000000000e+03
558.0560904581027,6.282000000000000000e+03
558.1316534042687,6.262000000000000000e+03
558.2072143813721,6.269000000000000000e+03
558.2827764962979,6.237000000000000000e+03
558.3583381828406,6.302000000000000000e+03
558.4338994323449,6.253000000000000000e+03
558.5094602361507,6.277000000000000000e+03
558.5850224576968,6.319000000000000000e+03
558.6605230453073,6.313000000000000000e+03
558.7360843175928,6.329000000000000000e+03
558.8116447982349,6.360000000000000000e+03
558.8872066647817,6.334000000000000000e+03
558.9627683478695,6.357000000000000000e+03
559.0383292140123,6.392000000000000000e+03
559.1138914425185,6.391000000000000000e+03
559.1894531500513,6.367000000000000000e+03
559.2650140151281,6.389000000000000000e+03
559.3405155236203,6.369000000000000000e+03
559.4160774775995,6.398000000000000000e+03
559.491638563738,6.439000000000000000e+03
559.5671990861741,6.444000000000000000e+03
559.6427612285802,6.465000000000000000e+03
559.7183224777227,6.482000000000000000e+03
559.7938239112091,6.508000000000000000e+03
559.8693855251184,6.485000000000000000e+03
559.9449468470373,6.499000000000000000e+03
560.0205075548458,6.531000000000000000e+03
560.0960695220344,6.547000000000000000e+03
560.1715693553381,6.562000000000000000e+03
560.2471316053342,6.548000000000000000e+03
560.3226935219939,6.614000000000000000e+03
560.3982544687057,6.580000000000000000e+03
560.4737553798353,6.632000000000000000e+03
560.549316857351,6.632000000000000000e+03
560.6248776534629,6.668000000000000000e+03
560.70037802624,6.661000000000000000e+03
560.7759393038835,6.693000000000000000e+03
560.8515017620771,6.698000000000000000e+03
560.9270018364357,6.715000000000000000e+03
561.0025625253518,6.718000000000000000e+03
561.0781246855694,6.770000000000000000e+03
561.1536262760454,6.756000000000000000e+03
561.2291866163674,6.762000000000000000e+03
561.304748089255,6.784000000000000000e+03
561.3802492335784,6.817000000000000000e+03
561.4558107265045,6.830000000000000000e+03
561.5313717522904,6.844000000000000000e+03
561.6068723759059,6.836000000000000000e+03
561.6824333719698,6.871000000000000000e+03
561.7579339169324,6.897000000000000000e+03
561.8334954817075,6.896000000000000000e+03
561.9089955995389,6.905000000000000000e+03
561.9845564375671,6.885000000000000000e+03
562.0601218043322,6.975000000000000000e+03
562.1356190160956,6.934000000000000000e+03
562.2111807638972,6.927000000000000000e+03
562.2866837867199,6.996000000000000000e+03
562.3622450420103,6.983000000000000000e+03
562.4377443607594,6.963000000000000000e+03
562.5133050891404,7.016000000000000000e+03
562.5888069961169,6.996000000000000000e+03
562.6643671648543,6.976000000000000000e+03
562.739868463935,6.997000000000000000e+03
562.8154280394092,7.030000000000000000e+03
562.8909286969488,7.018000000000000000e+03
562.9664305978828,7.042000000000000000e+03
563.0419939681478,7.045000000000000000e+03
563.1174920085415,7.052000000000000000e+03
563.19305470474,7.063000000000000000e+03
563.2685551920358,7.045000000000000000e+03
563.3440568835294,7.035000000000000000e+03
563.419616911542,7.103000000000000000e+03
563.4951146546897,7.060000000000000000e+03
563.5706770994776,7.096000000000000000e+03
563.6461803879624,7.076000000000000000e+03
563.7216816652208,7.083000000000000000e+03
563.7972413162915,7.098000000000000000e+03
563.8727417375509,7.139000000000000000e+03
563.948243300408,7.144000000000000000e+03
564.0238032597638,7.130000000000000000e+03
564.0993039174446,7.109000000000000000e+03
564.1748025104577,7.184000000000000000e+03
564.2503658884998,7.159000000000000000e+03
564.3258667100131,7.176000000000000000e+03
564.4013686264184,7.222000000000000000e+03
564.4768684441426,7.238000000000000000e+03
564.5524298972744,7.219000000000000000e+03
564.6279318813953,7.242000000000000000e+03
564.7034317408531,7.262000000000000000e+03
564.7789326555933,7.303000000000000000e+03
564.8544314277575,7.334000000000000000e+03
564.9299918767013,7.330000000000000000e+03
565.005495928257,7.351000000000000000e+03
565.0809946197296,7.315000000000000000e+03
565.1564943267665,7.310000000000000000e+03
565.2319918472216,7.329000000000000000e+03
565.3075574772264,7.301000000000000000e+03
565.3830570069348,7.345000000000000000e+03
565.4585575213804,7.310000000000000000e+03
565.5340558149843,7.378000000000000000e+03
565.6095582761728,7.380000000000000000e+03
565.6850585002172,7.353000000000000000e+03
565.760556477251,7.404000000000000000e+03
565.8360618025167,7.459000000000000000e+03
565.9116225122199,7.453000000000000000e+03
565.9871233197282,7.519000000000000000e+03
566.0626218458439,7.541000000000000000e+03
566.1381244909254,7.542000000000000000e+03
566.2136216322725,7.658000000000000000e+03
566.289126084757,7.651000000000000000e+03
566.3646250154166,7.679000000000000000e+03
566.4401248288668,7.654000000000000000e+03
566.5156223083626,7.728000000000000000e+03
566.5911238644974,7.733000000000000000e+03
566.666626281373,7.749000000000000000e+03
566.7421263396649,7.784000000000000000e+03
566.8176240294433,7.765000000000000000e+03
566.8931289818083,7.772000000000000000e+03
566.9686283363882,7.793000000000000000e+03
567.044128511452,7.806000000000000000e+03
567.1196262833736,7.820000000000000000e+03
567.1951280764068,7.801000000000000000e+03
567.2706306677735,7.840000000000000000e+03
567.3460696737624,7.826000000000000000e+03
567.4215706028087,7.857000000000000000e+03
567.4970690857559,7.834000000000000000e+03
567.5725715554013,7.865000000000000000e+03
567.6480715624202,7.881000000000000000e+03
567.7235723199296,7.850000000000000000e+03
567.7990705965543,7.840000000000000000e+03
567.8745728319317,7.891000000000000000e+03
567.9500112820856,7.855000000000000000e+03
568.0255117228037,7.910000000000000000e+03
568.1010128751681,7.913000000000000000e+03
568.1765115034954,7.861000000000000000e+03
568.2520140559766,7.912000000000000000e+03
568.327455928513,7.917000000000000000e+03
568.4029533742392,7.910000000000000000e+03
568.478454722623,7.960000000000000000e+03
568.5539535037092,7.906000000000000000e+03
568.6293947397575,7.911000000000000000e+03
568.7048948100362,7.905000000000000000e+03
568.7803955214323,7.899000000000000000e+03
568.8558968664703,7.910000000000000000e+03
568.9313373379196,7.956000000000000000e+03
569.0068366737867,7.907000000000000000e+03
569.0823366191238,7.972000000000000000e+03
569.1577756177235,7.949000000000000000e+03
569.2332767431898,7.953000000000000000e+03
569.3087752145101,7.927000000000000000e+03
569.3842159078702,7.970000000000000000e+03
569.4597155117148,7.980000000000000000e+03
569.5352189219938,7.968000000000000000e+03
569.6106547533757,7.959000000000000000e+03
569.6861592519366,7.993000000000000000e+03
569.7615961204366,8.035000000000000000e+03
569.8370951828829,8.025000000000000000e+03
569.9125980167112,8.066000000000000000e+03
569.9880363908212,8.051000000000000000e+03
570.063540235015,8.053000000000000000e+03
570.1389763193972,8.023000000000000000e+03
570.2144778914571,8.084000000000000000e+03
570.2899149030349,8.096000000000000000e+03
570.3654174215969,8.107000000000000000e+03
570.4408585841445,8.162000000000000000e+03
570.516355510032,8.169000000000000000e+03
570.5917975400971,8.175000000000000000e+03
570.6672953476274,8.202000000000000000e+03
570.7427349574187,8.196000000000000000e+03
570.8182368737373,8.216000000000000000e+03
570.8936740294567,8.227000000000000000e+03
570.9691767675921,8.245000000000000000e+03
571.044617956385,8.291000000000000000e+03
571.120118225025,8.329000000000000000e+03
571.1955568946336,8.305000000000000000e+03
571.2709959150741,8.331000000000000000e+03
571.3464973017159,8.354000000000000000e+03
571.4219370173379,8.348000000000000000e+03
571.4974358505949,8.362000000000000000e+03
571.5728729630794,8.397000000000000000e+03
571.6483169221735,8.416000000000000000e+03
571.7238167556269,8.418000000000000000e+03
571.7992547962239,8.462000000000000000e+03
571.874696395271,8.432000000000000000e+03
571.9501938880238,8.512000000000000000e+03
572.0256327861869,8.473000000000000000e+03
572.1010752224225,8.487000000000000000e+03
572.1765735734161,8.501000000000000000e+03
572.2520132602132,8.523000000000000000e+03
572.3274531890821,8.526000000000000000e+03
572.4028933523459,8.534000000000000000e+03
572.4783960113044,8.585000000000000000e+03
572.5538333585442,8.580000000000000000e+03
572.6292741944405,8.564000000000000000e+03
572.7047119540778,8.632000000000000000e+03
572.780212242593,8.599000000000000000e+03
572.8556503993934,8.593000000000000000e+03
572.9310920175104,8.609000000000000000e+03
573.0065305250978,8.604000000000000000e+03
573.0819691960772,8.584000000000000000e+03
573.1574080227304,8.619000000000000000e+03
573.232909430562,8.657000000000000000e+03
573.3083485618251,8.616000000000000000e+03
573.3837911132744,8.627000000000000000e+03
573.4592305026606,8.610000000000000000e+03
573.5346700090696,8.631000000000000000e+03
573.6101096247586,8.607000000000000000e+03
573.6855493419805,8.609000000000000000e+03
573.7609858609676,8.616000000000000000e+03
573.8364257571322,8.625000000000000000e+03
573.9118624378157,8.590000000000000000e+03
573.9873057764995,8.679000000000000000e+03
574.0627425886909,8.623000000000000000e+03
574.1382453810519,8.645000000000000000e+03
574.2136823092575,8.643000000000000000e+03
574.2891225732211,8.632000000000000000e+03
574.3645628688121,8.615000000000000000e+03
574.4399404917988,8.616000000000000000e+03
574.5153808108072,8.626000000000000000e+03
574.5908178365182,8.645000000000000000e+03
574.6662581633567,8.641000000000000000e+03
574.7416984828392,8.636000000000000000e+03
574.8171387871569,8.693000000000000000e+03
574.8925790684976,8.692000000000000000e+03
574.9680160131622,8.676000000000000000e+03
575.0434562242268,8.712000000000000000e+03
575.1188930812343,8.682000000000000000e+03
575.1943364992081,8.688000000000000000e+03
575.2697765474628,8.715000000000000000e+03
575.3451536315831,8.698000000000000000e+03
575.4205935156243,8.741000000000000000e+03
575.4960333140378,8.785000000000000000e+03
575.5714730189743,8.738000000000000000e+03
575.6469093088864,8.792000000000000000e+03
575.7223521169975,8.812000000000000000e+03
575.7977285011834,8.783000000000000000e+03
575.8731677371276,8.828000000000000000e+03
575.9486101574518,8.815000000000000000e+03
576.0240491208147,8.839000000000000000e+03
576.0994281953324,8.868000000000000000e+03
576.1748668380864,8.873000000000000000e+03
576.2503053165299,8.903000000000000000e+03
576.3257436227722,8.931000000000000000e+03
576.401121946027,8.913000000000000000e+03
576.4765631917769,8.955000000000000000e+03
576.5520009192454,8.975000000000000000e+03
576.627378593058,9.005000000000000000e+03
576.7028192152051,9.072000000000000000e+03
576.7782596194585,9.049000000000000000e+03
576.8536365734708,9.020000000000000000e+03
576.9290798301113,9.100000000000000000e+03
577.0045161881444,9.060000000000000000e+03
577.0798956812308,9.126000000000000000e+03
577.1553348449369,9.113000000000000000e+03
577.2307737431714,9.149000000000000000e+03
577.3061523771543,9.129000000000000000e+03
577.3815940386273,9.136000000000000000e+03
577.4569687212091,9.196000000000000000e+03
577.5324097821534,9.165000000000000000e+03
577.6077871497567,9.180000000000000000e+03
577.6832275791974,9.214000000000000000e+03
577.7586042662564,9.197000000000000000e+03
577.8340473712362,9.195000000000000000e+03
577.9094233467189,9.209000000000000000e+03
577.9848624183549,9.236000000000000000e+03
578.06024099099,9.255000000000000000e+03
578.1356826786689,9.214000000000000000e+03
578.2110604784385,9.232000000000000000e+03
578.2865014103915,9.279000000000000000e+03
578.3618750602704,9.292000000000000000e+03
578.4373152036164,9.302000000000000000e+03
578.5126947075182,9.288000000000000000e+03
578.5880737744064,9.257000000000000000e+03
578.6635160180301,9.274000000000000000e+03
578.7388908540094,9.318000000000000000e+03
578.8143322323514,9.324000000000000000e+03
578.8897095032095,9.312000000000000000e+03
578.9650862969057,9.297000000000000000e+03
579.0405296629765,9.299000000000000000e+03
579.1159054956761,9.305000000000000000e+03
579.1912841817008,9.331000000000000000e+03
579.2667227590988,9.283000000000000000e+03
579.3421004375672,9.272000000000000000e+03
579.4174809495532,9.256000000000000000e+03
579.4928575733711,9.285000000000000000e+03
579.5682974782039,9.300000000000000000e+03
579.6436763906835,9.284000000000000000e+03
579.7190547488921,9.328000000000000000e+03
579.7944325447469,9.303000000000000000e+03
579.8698736574771,9.306000000000000000e+03
579.9452503209693,9.297000000000000000e+03
580.0206297620755,9.294000000000000000e+03
580.0960086102061,9.301000000000000000e+03
580.1713868572579,9.295000000000000000e+03
580.2467678619868,9.348000000000000000e+03
580.3222055027192,9.331000000000000000e+03
580.3975819144985,9.320000000000000000e+03
580.472964431725,9.352000000000000000e+03
580.5483361997073,9.382000000000000000e+03
580.6237208011142,9.331000000000000000e+03
580.6990980056318,9.344000000000000000e+03
580.774474545852,9.366000000000000000e+03
580.8498537875009,9.351000000000000000e+03
580.9252289755794,9.341000000000000000e+03
581.0006743628959,9.370000000000000000e+03
581.0760481837603,9.358000000000000000e+03
581.1514280543308,9.390000000000000000e+03
581.2268072152121,9.391000000000000000e+03
581.3021822791188,9.396000000000000000e+03
581.3775633752501,9.400000000000000000e+03
581.4529437389426,9.424000000000000000e+03
581.5283199802694,9.394000000000000000e+03
581.6036988536778,9.421000000000000000e+03
581.6790160670166,9.449000000000000000e+03
581.7543934024975,9.472000000000000000e+03
581.8297699646201,9.493000000000000000e+03
581.9051525174606,9.526000000000000000e+03
581.9805308970429,9.497000000000000000e+03
582.0559084804219,9.552000000000000000e+03
582.1312852593902,9.539000000000000000e+03
582.206668005028,9.529000000000000000e+03
582.2820397617667,9.548000000000000000e+03
582.3574242532981,9.587000000000000000e+03
582.4327366749485,9.620000000000000000e+03
582.508116082625,9.617000000000000000e+03
582.5834946400697,9.631000000000000000e+03
582.658872339047,9.653000000000000000e+03
582.7342525671091,9.642000000000000000e+03
582.8095673852416,9.688000000000000000e+03
582.8849492395216,9.705000000000000000e+03
582.9603268074364,9.691000000000000000e+03
583.0357068767066,9.757000000000000000e+03
583.1110214380087,9.751000000000000000e+03
583.1864030744695,9.723000000000000000e+03
583.2617769878166,9.801000000000000000e+03
583.3371601786139,9.786000000000000000e+03
583.4124743613642,9.784000000000000000e+03
583.4878556582576,9.797000000000000000e+03
583.5632325991093,9.820000000000000000e+03
583.6385472652148,9.840000000000000000e+03
583.7139290751193,9.855000000000000000e+03
583.7893065032263,9.839000000000000000e+03
583.8646249949269,9.857000000000000000e+03
583.9400004322508,9.870000000000000000e+03
584.0153168866366,9.885000000000000000e+03
584.0907005347968,9.848000000000000000e+03
584.1660763462396,9.889000000000000000e+03
584.2413965200363,9.850000000000000000e+03
584.3167736762043,9.856000000000000000e+03
584.3920917365156,9.832000000000000000e+03
584.4674702084938,9.890000000000000000e+03
584.5427861228587,9.889000000000000000e+03
584.6181658817017,9.906000000000000000e+03
584.6934796176279,9.958000000000000000e+03
584.7688572148127,9.928000000000000000e+03
584.8441755797492,9.906000000000000000e+03
584.919554404934,9.922000000000000000e+03
584.9948739529473,9.919000000000000000e+03
585.0702539779767,9.894000000000000000e+03
585.145567832981,9.956000000000000000e+03
585.2208873808705,9.916000000000000000e+03
585.2962674300239,9.914000000000000000e+03
585.3715812355221,9.916000000000000000e+03
585.446962410467,9.895000000000000000e+03
585.522277293224,9.910000000000000000e+03
585.5975978392732,9.896000000000000000e+03
585.6729720672993,9.888000000000000000e+03
585.7482902189189,9.931000000000000000e+03
585.8236071536562,9.922000000000000000e+03
585.8989880858402,9.917000000000000000e+03
585.9743025783406,9.912000000000000000e+03
586.0496192632522,9.908000000000000000e+03
586.1249381347992,9.907000000000000000e+03
586.200317604434,9.910000000000000000e+03
586.2756374097312,9.906000000000000000e+03
586.3509525064017,9.887000000000000000e+03
586.4262697612708,9.929000000000000000e+03
586.5016510856912,9.900000000000000000e+03
586.576965774025,9.882000000000000000e+03
586.6522825996321,9.892000000000000000e+03
586.7275981142149,9.931000000000000000e+03
586.8029157526896,9.962000000000000000e+03
586.878297505942,9.958000000000000000e+03
586.9536125003841,9.919000000000000000e+03
587.0289295977367,1.000900000000000000e+04
587.1042487921765,9.992000000000000000e+03
587.1795666300785,9.996000000000000000e+03
587.2548831029591,9.954000000000000000e+03
587.3301982023304,9.989000000000000000e+03
587.4055153701529,9.969000000000000000e+03
587.4808346005856,1.004800000000000000e+04
587.5561558877838,1.003700000000000000e+04
587.631468866577,1.005800000000000000e+04
587.7067838851247,1.009100000000000000e+04
587.78216658026,1.010800000000000000e+04
587.8574856775697,1.009700000000000000e+04
587.9328033404089,1.011000000000000000e+04
588.0080538670875,1.014100000000000000e+04
588.0833720770029,1.015900000000000000e+04
588.1586888286358,1.018900000000000000e+04
588.234007573644,1.021200000000000000e+04
588.3093248450679,1.020200000000000000e+04
588.3846440963296,1.023500000000000000e+04
588.4599618586897,1.026000000000000000e+04
588.5352781235977,1.026200000000000000e+04
588.6105963471232,1.023000000000000000e+04
588.6859130578563,1.027600000000000000e+04
588.761231713632,1.028400000000000000e+04
588.8364864301399,1.031200000000000000e+04
588.9118020050827,1.030400000000000000e+04
588.9871195037894,1.037300000000000000e+04
589.0624389203426,1.036600000000000000e+04
589.1377567779897,1.039000000000000000e+04
589.2130730681441,1.036500000000000000e+04
589.2883287478853,1.043300000000000000e+04
589.3636453356847,1.040200000000000000e+04
589.4389638063658,1.041600000000000000e+04
589.5142806787193,1.044600000000000000e+04
589.5895403256021,1.046300000000000000e+04
589.6648574383153,1.047200000000000000e+04
589.740176406581,1.048900000000000000e+04
589.8154276479908,1.045900000000000000e+04
589.8907468120178,1.044400000000000000e+04
589.9660643313503,1.048800000000000000e+04
590.0413210120631,1.047300000000000000e+04
590.1166352010036,1.047800000000000000e+04
590.1919546858783,1.044800000000000000e+04
590.2672132644499,1.051400000000000000e+04
590.3425293741994,1.048700000000000000e+04
590.4177880160598,1.048000000000000000e+04
590.4931042037921,1.044100000000000000e+04
590.568418683014,1.051000000000000000e+04
590.643675627467,1.049600000000000000e+04
590.7189936284246,1.049700000000000000e+04
590.7942505619948,1.050000000000000000e+04
590.8695685685237,1.047600000000000000e+04
590.9448219696872,1.050100000000000000e+04
591.0201399515241,1.049000000000000000e+04
591.0953967743105,1.050900000000000000e+04
591.1707147029425,1.050100000000000000e+04
591.2459714266577,1.047800000000000000e+04
591.3212892726514,1.044100000000000000e+04
591.3965458678394,1.050900000000000000e+04
591.4718006307248,1.048300000000000000e+04
591.547116539627,1.044600000000000000e+04
591.6223746281325,1.044200000000000000e+04
591.6976903797901,1.043800000000000000e+04
591.7729482668865,1.049200000000000000e+04
591.8482042834247,1.047700000000000000e+04
591.9235214878881,1.043500000000000000e+04
591.9987807623979,1.048500000000000000e+04
592.0740346381908,1.052400000000000000e+04
592.1493532320127,1.047300000000000000e+04
592.2246103231383,1.046300000000000000e+04
592.2998654966053,1.049500000000000000e+04
592.3751222527409,1.049900000000000000e+04
592.4504402550338,1.048500000000000000e+04
592.5256966625434,1.050200000000000000e+04
592.6009511209176,1.049100000000000000e+04
592.6762106466866,1.050600000000000000e+04
592.7515244260364,1.048700000000000000e+04
592.8267835455117,1.051600000000000000e+04
592.9020371707703,1.047600000000000000e+04
592.9772958390107,1.054300000000000000e+04
593.0525489954576,1.052500000000000000e+04
593.1278071826566,1.049500000000000000e+04
593.2031266995527,1.052800000000000000e+04
593.2783808730474,1.054000000000000000e+04
593.3536365391337,1.059300000000000000e+04
593.4288936916811,1.062100000000000000e+04
593.5041488020836,1.062700000000000000e+04
593.5794089082539,1.060900000000000000e+04
593.6546634339551,1.063100000000000000e+04
593.729919417986,1.063900000000000000e+04
593.8051733281523,1.064900000000000000e+04
593.8804322095,1.066900000000000000e+04
593.955689002888,1.073600000000000000e+04
594.0309472282032,1.069400000000000000e+04
594.1061998200399,1.076700000000000000e+04
594.1814573584147,1.074700000000000000e+04
594.2567163084306,1.077800000000000000e+04
594.3319695993049,1.073700000000000000e+04
594.4072278190921,1.075100000000000000e+04
594.4824803620132,1.075600000000000000e+04
594.5577413564724,1.079200000000000000e+04
594.6329931222317,1.078800000000000000e+04
594.7082533289405,1.079200000000000000e+04
594.7834441469494,1.076700000000000000e+04
594.85870352054,1.082300000000000000e+04
594.9339607052526,1.078700000000000000e+04
595.0092192325558,1.085700000000000000e+04
595.0844720137306,1.080900000000000000e+04
595.1596694470827,1.086500000000000000e+04
595.2349248608839,1.087200000000000000e+04
595.310178044894,1.085900000000000000e+04
595.3854360798784,1.089800000000000000e+04
595.4606918708308,1.091200000000000000e+04
595.5358886627483,1.090300000000000000e+04
595.611147019589,1.087500000000000000e+04
595.6864031092157,1.094400000000000000e+04
595.7615965842728,1.090900000000000000e+04
595.836855197865,1.091900000000000000e+04
595.9121115210278,1.091600000000000000e+04
595.9873051606659,1.089300000000000000e+04
596.0625604137975,1.093600000000000000e+04
596.1378169052595,1.091800000000000000e+04
596.2130106441916,1.090700000000000000e+04
596.2882695773723,1.094300000000000000e+04
596.3635261735925,1.090700000000000000e+04
596.4387199482267,1.092500000000000000e+04
596.5139753866564,1.094800000000000000e+04
596.5891715160268,1.091300000000000000e+04
596.6644293271388,1.092000000000000000e+04
596.739624225117,1.093900000000000000e+04
596.8148808209818,1.096000000000000000e+04
596.8900744570072,1.087900000000000000e+04
596.9653333707323,1.094000000000000000e+04
597.0405257151125,1.094400000000000000e+04
597.115786920592,1.092000000000000000e+04
597.1909779436049,1.094700000000000000e+04
597.2662342801653,1.093400000000000000e+04
597.3414275184313,1.092100000000000000e+04
597.4166254158234,1.090600000000000000e+04
597.491885088153,1.089400000000000000e+04
597.5670780238231,1.090200000000000000e+04
597.6423327487403,1.086200000000000000e+04
597.7175242592349,1.093100000000000000e+04
597.792720398088,1.087000000000000000e+04
597.8679783530253,1.087300000000000000e+04
597.9431801766776,1.084500000000000000e+04
598.0183687346421,1.090700000000000000e+04
598.0936227072775,1.090200000000000000e+04
598.1688204827943,1.092600000000000000e+04
598.2440156960317,1.088700000000000000e+04
598.3192119177841,1.086300000000000000e+04
598.3944735953452,1.089000000000000000e+04
598.4696646678975,1.083900000000000000e+04
598.5448638913675,1.088300000000000000e+04
598.6200605143976,1.091400000000000000e+04
598.6952545279034,1.089300000000000000e+04
598.7705032869707,1.090900000000000000e+04
598.845702827054,1.091200000000000000e+04
598.9209033228055,1.091400000000000000e+04
598.9960940039387,1.092000000000000000e+04
599.0712892114018,1.094300000000000000e+04
599.1464853517283,1.086700000000000000e+04
599.2216788278446,1.092500000000000000e+04
599.2968768137707,1.092400000000000000e+04
599.3720685283897,1.098400000000000000e+04
599.4472683333562,1.093500000000000000e+04
599.5225229531976,1.096600000000000000e+04
599.5977173765003,1.093400000000000000e+04
599.6729126841367,1.097100000000000000e+04
599.7481088696748,1.093200000000000000e+04
599.8232987309193,1.093500000000000000e+04
599.8985002499289,1.094500000000000000e+04
599.9736306356483,1.099700000000000000e+04
600.0488302503571,1.104500000000000000e+04
600.1240271092662,1.104100000000000000e+04
600.1992212032151,1.099400000000000000e+04
600.274408919746,1.100000000000000000e+04
600.3496082679649,1.102700000000000000e+04
600.4248084342357,1.102400000000000000e+04
600.499998594085,1.105800000000000000e+04
600.5751931605373,1.106300000000000000e+04
600.6503235814662,1.108900000000000000e+04
600.7255197152398,1.103500000000000000e+04
600.8007166310834,1.107100000000000000e+04
600.875914322513,1.110200000000000000e+04
600.9511163944641,1.111000000000000000e+04
601.0262433719869,1.106700000000000000e+04
601.1014361076029,1.112200000000000000e+04
601.1766404316174,1.115200000000000000e+04
601.2518346554406,1.118500000000000000e+04
601.3269681412486,1.114700000000000000e+04
601.4021565754814,1.113200000000000000e+04
601.4773565793163,1.119200000000000000e+04
601.55249578129,1.118200000000000000e+04
601.6276863350764,1.118900000000000000e+04
601.7028775856559,1.120400000000000000e+04
601.7780115846128,1.122600000000000000e+04
601.8532078169892,1.120400000000000000e+04
601.9284011052009,1.121100000000000000e+04
602.0035370787526,1.122100000000000000e+04
602.0787353122603,1.123300000000000000e+04
602.1538653131911,1.124500000000000000e+04
602.2290648417321,1.127200000000000000e+04
602.3041960901958,1.126900000000000000e+04
602.3793896303448,1.122500000000000000e+04
602.4545329868457,1.124000000000000000e+04
602.52972050603,1.126700000000000000e+04
602.6048541681286,1.126600000000000000e+04
602.6800537894703,1.123800000000000000e+04
602.7551886194266,1.125000000000000000e+04
602.8303821600039,1.126300000000000000e+04
602.9055217646458,1.126100000000000000e+04
602.9807128258426,1.126400000000000000e+04
603.055846272166,1.120200000000000000e+04
603.1309766185691,1.126300000000000000e+04
603.2061729886882,1.117600000000000000e+04
603.281308042969,1.128000000000000000e+04
603.3564436151993,1.118300000000000000e+04
603.4316452421198,1.124300000000000000e+04
603.5067745623387,1.122300000000000000e+04
603.5819116632719,1.123900000000000000e+04
603.6571039159869,1.123900000000000000e+04
603.732238361985,1.124700000000000000e+04
603.8073696385936,1.121000000000000000e+04
603.8825123234259,1.123500000000000000e+04
603.9576992468579,1.125700000000000000e+04
604.0328355724649,1.120400000000000000e+04
604.1079723479853,1.116100000000000000e+04
604.1831095667776,1.118700000000000000e+04
604.2582983401253,1.118100000000000000e+04
604.3334364382367,1.119700000000000000e+04
604.4085676534826,1.118600000000000000e+04
604.4836992817685,1.119400000000000000e+04
604.5588422811774,1.117300000000000000e+04
604.6339747182885,1.124600000000000000e+04
604.7091075484526,1.119800000000000000e+04
604.7842444226404,1.116900000000000000e+04
604.859378019808,1.120500000000000000e+04
604.9345046710955,1.115900000000000000e+04
605.009704892442,1.120400000000000000e+04
605.0848359419433,1.125300000000000000e+04
605.1599746669862,1.120300000000000000e+04
605.23510275086,1.120400000000000000e+04
605.310245826721,1.120000000000000000e+04
605.3853159408447,1.121100000000000000e+04
605.4604486674336,1.120300000000000000e+04
605.535581711707,1.124400000000000000e+04
605.6107150669574,1.126000000000000000e+04
605.6858487264751,1.128900000000000000e+04
605.7609863530097,1.124900000000000000e+04
605.8361242722013,1.125700000000000000e+04
605.9112514634761,1.126600000000000000e+04
605.9863899450862,1.128300000000000000e+04
606.0615286991821,1.128900000000000000e+04
606.1365942387108,1.128900000000000000e+04
606.2117261495124,1.132200000000000000e+04
606.2868656606279,1.132800000000000000e+04
606.3619980637881,1.126300000000000000e+04
606.4370718595482,1.130300000000000000e+04
606.5122047116855,1.134000000000000000e+04
606.5873377854751,1.132000000000000000e+04
606.6624747545558,1.135200000000000000e+04
606.7375456701113,1.138500000000000000e+04
606.8126830359437,1.133400000000000000e+04
606.8878205982112,1.134000000000000000e+04
606.9628957214667,1.139400000000000000e+04
607.0380225859356,1.137900000000000000e+04
607.1131606786419,1.137900000000000000e+04
607.1882288919476,1.139000000000000000e+04
607.2633709869046,1.138200000000000000e+04
607.3385021736576,1.133500000000000000e+04
607.4135707840262,1.136900000000000000e+04
607.4887096199877,1.138400000000000000e+04
607.5637821472627,1.140800000000000000e+04
607.6389138462803,1.142500000000000000e+04
607.7139865728267,1.140100000000000000e+04
607.7891221807843,1.143600000000000000e+04
607.8641950802765,1.140900000000000000e+04
607.9393308785938,1.145900000000000000e+04
608.0144039237675,1.143700000000000000e+04
608.089539885174,1.144100000000000000e+04
608.1646130487377,1.143400000000000000e+04
608.2397417468239,1.146100000000000000e+04
608.3148187001017,1.144400000000000000e+04
608.3898956827247,1.144200000000000000e+04
608.4650245200035,1.144100000000000000e+04
608.5401015535813,1.145300000000000000e+04
608.6151785959717,1.147100000000000000e+04
608.6903112159022,1.147300000000000000e+04
608.7653771512115,1.146500000000000000e+04
608.8404578967535,1.142100000000000000e+04
608.9155905344547,1.144100000000000000e+04
608.990660126277,1.145400000000000000e+04
609.0657296820973,1.146900000000000000e+04
609.1408659845031,1.143100000000000000e+04
609.2159465984835,1.142200000000000000e+04
609.2910160242585,1.147100000000000000e+04
609.3660890997941,1.142800000000000000e+04
609.4411621067635,1.144900000000000000e+04
609.5162981949915,1.145100000000000000e+04
609.591371059717,1.141700000000000000e+04
609.6664438352011,1.144700000000000000e+04
609.7415165145444,1.147800000000000000e+04
609.8165928096073,1.144400000000000000e+04
609.8916652768738,1.145700000000000000e+04
609.9667339066874,1.148100000000000000e+04
610.041806132408,1.142900000000000000e+04
610.1168819498673,1.148900000000000000e+04
610.1919576315516,1.146500000000000000e+04
610.2670257220219,1.143400000000000000e+04
610.3421011095528,1.141800000000000000e+04
610.4171800666223,1.143800000000000000e+04
610.4922476810158,1.147000000000000000e+04
610.5673225771701,1.148300000000000000e+04
610.6423935671218,1.145100000000000000e+04
610.7174681006938,1.145400000000000000e+04
610.7925387123403,1.146800000000000000e+04
610.8676165871373,1.144400000000000000e+04
610.9426867935962,1.143300000000000000e+04
611.0177642529652,1.149300000000000000e+04
611.0928340264109,1.145200000000000000e+04
611.1679035719891,1.150000000000000000e+04
611.2429205762214,1.145200000000000000e+04
611.3179896323122,1.147100000000000000e+04
611.3930696536677,1.148200000000000000e+04
611.4681382079762,1.149000000000000000e+04
611.543210239399,1.150900000000000000e+04
611.6182258914046,1.148900000000000000e+04
611.6932973662973,1.147800000000000000e+04
611.7683685593274,1.145300000000000000e+04
611.8434394635015,1.147700000000000000e+04
611.91845764963,1.151200000000000000e+04
611.9935279422344,1.149200000000000000e+04
612.06860167126,1.149900000000000000e+04
612.1436188772811,1.155400000000000000e+04
612.2186919554537,1.149700000000000000e+04
612.2937609555369,1.153600000000000000e+04
612.368769618424,1.148000000000000000e+04
612.443841671833,1.149000000000000000e+04
612.518860850012,1.152600000000000000e+04
612.5939321832865,1.150400000000000000e+04
612.668943094263,1.155200000000000000e+04
612.7440136774355,1.153200000000000000e+04
612.8190876378331,1.155100000000000000e+04
612.8941048689004,1.157400000000000000e+04
612.9691780415548,1.160900000000000000e+04
613.0441869267229,1.156500000000000000e+04
613.1192028943198,1.154800000000000000e+04
613.1942785838127,1.150000000000000000e+04
613.2692861585759,1.157200000000000000e+04
613.3443572287938,1.156700000000000000e+04
613.4193751865103,1.160900000000000000e+04
613.4944491348593,1.157200000000000000e+04
613.5694586386024,1.154800000000000000e+04
613.644467658833,1.159300000000000000e+04
613.7195402192466,1.158600000000000000e+04
613.794555801729,1.157200000000000000e+04
613.8695671147681,1.156900000000000000e+04
613.9446382262654,1.160000000000000000e+04
614.0196560673113,1.162500000000000000e+04
614.0946658455853,1.161500000000000000e+04
614.1696826366328,1.163000000000000000e+04
614.2447554874341,1.161000000000000000e+04
614.3197636679537,1.165700000000000000e+04
614.3947788454523,1.163000000000000000e+04
614.4697859154201,1.163200000000000000e+04
614.5448037484722,1.165400000000000000e+04
614.619873899117,1.167500000000000000e+04
614.694883044028,1.161400000000000000e+04
614.769899161373,1.158400000000000000e+04
614.8449071281832,1.167600000000000000e+04
614.9199220568489,1.166000000000000000e+04
614.994936381391,1.164300000000000000e+04
615.0699463115571,1.165600000000000000e+04
615.1449594055,1.165300000000000000e+04
615.219968088927,1.168600000000000000e+04
615.2949799236752,1.166000000000000000e+04
615.3699949053583,1.165300000000000000e+04
615.4450130295872,1.165500000000000000e+04
615.5200153487256,1.168000000000000000e+04
615.5950321611059,1.161200000000000000e+04
615.6700445181616,1.169900000000000000e+04
615.7450599927896,1.163300000000000000e+04
615.8200634112113,1.167200000000000000e+04
615.8950775175382,1.167100000000000000e+04
615.9700909303292,1.163800000000000000e+04
616.045103642399,1.163300000000000000e+04
616.1200587059649,1.163000000000000000e+04
616.1950737781215,1.165500000000000000e+04
616.2700843319404,1.160600000000000000e+04
616.3450979550751,1.163900000000000000e+04
616.4201070436227,1.167900000000000000e+04
616.4950545776754,1.161500000000000000e+04
616.5700659579935,1.159200000000000000e+04
616.6450765818348,1.163600000000000000e+04
616.720097852294,1.158700000000000000e+04
616.7950422701603,1.160600000000000000e+04
616.8700581788843,1.159000000000000000e+04
616.9450694997388,1.159400000000000000e+04
617.0200229227949,1.160100000000000000e+04
617.0950326410584,1.157800000000000000e+04
617.1700377451283,1.161800000000000000e+04
617.2449925060192,1.158900000000000000e+04
617.3200073947381,1.165600000000000000e+04
617.395013836697,1.161300000000000000e+04
617.4699660667885,1.156700000000000000e+04
617.5449822610196,1.162000000000000000e+04
617.6199327648687,1.158400000000000000e+04
617.6949472498279,1.160500000000000000e+04
617.7698959983896,1.157700000000000000e+04
617.8449087450254,1.160300000000000000e+04
617.9198595274773,1.157300000000000000e+04
617.9948705076381,1.158800000000000000e+04
618.069827119618,1.160300000000000000e+04
618.144840127084,1.160600000000000000e+04
618.2197872618343,1.155500000000000000e+04
618.2947411041071,1.158300000000000000e+04
618.3697513617161,1.154000000000000000e+04
618.44469567746,1.158700000000000000e+04
618.5196505100681,1.161100000000000000e+04
618.5946694328892,1.161300000000000000e+04
618.6696146951708,1.159700000000000000e+04
618.7445666341545,1.163000000000000000e+04
618.8195826887393,1.162900000000000000e+04
618.8945326685835,1.163100000000000000e+04
618.9694854812299,1.160500000000000000e+04
619.0444334578197,1.167900000000000000e+04
619.1194494169247,1.163200000000000000e+04
619.1943992107521,1.164700000000000000e+04
619.2693479786984,1.162600000000000000e+04
619.3442957134283,1.159200000000000000e+04
619.4192500812071,1.162900000000000000e+04
619.4942648084996,1.159800000000000000e+04
619.5692094181061,1.166200000000000000e+04
619.6441644838893,1.164400000000000000e+04
619.7191184853039,1.164800000000000000e+04
619.7940637321011,1.165500000000000000e+04
619.8690155808523,1.163200000000000000e+04
619.9439663431604,1.166800000000000000e+04
620.0189198558951,1.167900000000000000e+04
620.0938722693128,1.164900000000000000e+04
620.1688197299484,1.166100000000000000e+04
620.2437699216852,1.164900000000000000e+04
620.3187305358406,1.163900000000000000e+04
620.393678480104,1.166100000000000000e+04
620.4686252881608,1.168800000000000000e+04
620.543582504853,1.169100000000000000e+04
620.61852702112,1.166900000000000000e+04
620.6934819368186,1.167600000000000000e+04
620.7684356923214,1.170700000000000000e+04
620.8433227543279,1.165500000000000000e+04
620.9182780068074,1.164800000000000000e+04
620.9932282224137,1.169600000000000000e+04
621.0681811054573,1.162400000000000000e+04
621.1431327931294,1.167400000000000000e+04
621.2180794188941,1.162400000000000000e+04
621.2929746519387,1.165700000000000000e+04
621.3679226950109,1.169700000000000000e+04
621.4428695130218,1.169000000000000000e+04
621.5177610187308,1.167000000000000000e+04
621.5927130788318,1.165100000000000000e+04
621.6676600305892,1.172200000000000000e+04
621.7426134606835,1.167900000000000000e+04
621.8174999024244,1.164400000000000000e+04
621.8924507959133,1.168600000000000000e+04
621.9673462597708,1.167100000000000000e+04
622.0422984590124,1.167600000000000000e+04
622.1172493736544,1.164000000000000000e+04
622.1921409277729,1.167800000000000000e+04
622.2670892368434,1.161500000000000000e+04
622.3419781424883,1.163900000000000000e+04
622.4169354382018,1.164600000000000000e+04
622.4918216682801,1.167000000000000000e+04
622.5667763070498,1.157400000000000000e+04
622.6416637084727,1.168100000000000000e+04
622.7166156613104,1.164900000000000000e+04
622.791500330108,1.169100000000000000e+04
622.8664495670652,1.166400000000000000e+04
622.9413431149467,1.162300000000000000e+04
623.0162352679529,1.166000000000000000e+04
623.0911842549693,1.160600000000000000e+04
623.1660736097131,1.162800000000000000e+04
623.2409693156505,1.161500000000000000e+04
623.3159141083677,1.159400000000000000e+04
623.3908108627464,1.159700000000000000e+04
623.4656984085988,1.162800000000000000e+04
623.54065060535,1.162500000000000000e+04
623.6155430462911,1.166600000000000000e+04
623.6904262505253,1.161800000000000000e+04
623.7653157682421,1.162500000000000000e+04
623.8402738657751,1.165800000000000000e+04
623.9151643415145,1.157500000000000000e+04
623.9900494384281,1.166200000000000000e+04
624.0649369353079,1.164100000000000000e+04
624.1398346184196,1.164800000000000000e+04
624.2147191099846,1.162900000000000000e+04
624.2896137782844,1.166800000000000000e+04
624.3645615055957,1.162000000000000000e+04
624.4394531447507,1.167800000000000000e+04
624.5143432514428,1.164100000000000000e+04
624.5892357192214,1.163900000000000000e+04
624.6641227392169,1.161300000000000000e+04
624.739008204036,1.164300000000000000e+04
624.8139077217978,1.162600000000000000e+04
624.8887900572714,1.161300000000000000e+04
624.9636825322137,1.156000000000000000e+04
625.0385773339976,1.166200000000000000e+04
625.1134666425047,1.160100000000000000e+04
625.1883582645422,1.163800000000000000e+04
625.263181823586,1.164700000000000000e+04
625.3380780414589,1.162400000000000000e+04
625.4129648242472,1.157700000000000000e+04
625.4878578081264,1.161300000000000000e+04
625.5627413379577,1.162000000000000000e+04
625.6376349716288,1.164500000000000000e+04
625.7124604067309,1.163400000000000000e+04
625.7873507351937,1.162800000000000000e+04
625.8622394075853,1.161200000000000000e+04
625.9371381701984,1.161400000000000000e+04
626.0119647267263,1.160100000000000000e+04
626.0868522937308,1.159000000000000000e+04
626.1617460175852,1.164500000000000000e+04
626.2366380528313,1.159400000000000000e+04
626.3114617065921,1.162600000000000000e+04
626.3863503257447,1.162000000000000000e+04
626.4611822898413,1.159800000000000000e+04
626.5360713905895,1.165800000000000000e+04
626.6109666191869,1.167000000000000000e+04
626.6857933539325,1.162900000000000000e+04
626.7606772445703,1.159300000000000000e+04
626.8355122365108,1.159600000000000000e+04
626.9104044027886,1.156000000000000000e+04
626.985224051504,1.161900000000000000e+04
627.0601205419518,1.163100000000000000e+04
627.1349523354077,1.160700000000000000e+04
627.2098373967692,1.160500000000000000e+04
627.2846616468294,1.159500000000000000e+04
627.3595549170336,1.159000000000000000e+04
627.4343873380152,1.153600000000000000e+04
627.5092769901677,1.154800000000000000e+04
627.5841096881397,1.158000000000000000e+04
627.6589365990222,1.159600000000000000e+04
627.7338247007415,1.158200000000000000e+04
627.8086518461457,1.159100000000000000e+04
627.8834850056414,1.164200000000000000e+04
627.9583754402697,1.156500000000000000e+04
628.0332088011603,1.153400000000000000e+04
628.1080284382782,1.160300000000000000e+04
628.182858012259,1.160900000000000000e+04
628.2577527829216,1.157200000000000000e+04
628.3325785578783,1.159800000000000000e+04
628.4074142606058,1.162600000000000000e+04
628.4822361924339,1.158700000000000000e+04
628.5570680421939,1.157600000000000000e+04
628.6318979552647,1.161000000000000000e+04
628.706785214725,1.159900000000000000e+04
628.7816191526078,1.156200000000000000e+04
628.8564471797065,1.152100000000000000e+04
628.9312811520758,1.155500000000000000e+04
629.0061012851678,1.159900000000000000e+04
629.0809313073146,1.157500000000000000e+04
629.155759344112,1.157800000000000000e+04
629.2305893470999,1.155700000000000000e+04
629.3054252715824,1.157000000000000000e+04
629.380247309458,1.157200000000000000e+04
629.4550831794276,1.158400000000000000e+04
629.5299011803792,1.159800000000000000e+04
629.6047330053896,1.155100000000000000e+04
629.6795707280481,1.155400000000000000e+04
629.7543389940075,1.155000000000000000e+04
629.8291607196976,1.154300000000000000e+04
629.9039962589939,1.150800000000000000e+04
629.9788178342736,1.154200000000000000e+04
630.0536452776254,1.152400000000000000e+04
630.1284746162776,1.154600000000000000e+04
630.2032423002603,1.160000000000000000e+04
630.2780753994684,1.151300000000000000e+04
630.3529103790165,1.156000000000000000e+04
630.4277313363475,1.157500000000000000e+04
630.5025024771371,1.160400000000000000e+04
630.5773311190919,1.161300000000000000e+04
630.6521576385172,1.158900000000000000e+04
630.7269342895984,1.154800000000000000e+04
630.8017565291294,1.152400000000000000e+04
630.8765845827202,1.160800000000000000e+04
630.9513587332427,1.157700000000000000e+04
631.0261864484233,1.153700000000000000e+04
631.1009522564115,1.153900000000000000e+04
631.175787573207,1.157100000000000000e+04
631.2506087617126,1.163400000000000000e+04
631.3253799341081,1.159700000000000000e+04
631.400208688403,1.158300000000000000e+04
631.4749754310345,1.159500000000000000e+04
631.5498037567131,1.163500000000000000e+04
631.6245780075234,1.160000000000000000e+04
631.6993420335924,1.164800000000000000e+04
631.7741716576955,1.160900000000000000e+04
631.8489391655564,1.157600000000000000e+04
631.923764305041,1.161500000000000000e+04
631.9985312783703,1.164100000000000000e+04
632.0733039606179,1.159400000000000000e+04
632.1481342990165,1.164100000000000000e+04
632.2228944223607,1.153400000000000000e+04
632.2976642345945,1.157000000000000000e+04
632.3724997216107,1.161800000000000000e+04
632.4472649272958,1.162900000000000000e+04
632.5220358114818,1.161200000000000000e+04
632.5968083701387,1.160400000000000000e+04
632.6716346337209,1.159300000000000000e+04
632.746402531009,1.151100000000000000e+04
632.8211640744752,1.161400000000000000e+04
632.895939281213,1.153800000000000000e+04
632.9707001090119,1.156200000000000000e+04
633.0454705862102,1.160900000000000000e+04
633.1202346797379,1.156100000000000000e+04
633.1950124256075,1.158200000000000000e+04
633.2698318993826,1.156700000000000000e+04
633.3446048767886,1.159200000000000000e+04
633.4193754528278,1.154600000000000000e+04
633.4941436195448,1.155900000000000000e+04
633.5689053548851,1.158500000000000000e+04
633.6436807232593,1.153500000000000000e+04
633.718441616138,1.158300000000000000e+04
633.7932121186539,1.152100000000000000e+04
633.8679199094199,1.150900000000000000e+04
633.9426855028164,1.153500000000000000e+04
634.0174606961399,1.153600000000000000e+04
634.0922213655654,1.152100000000000000e+04
634.1669876029633,1.151600000000000000e+04
634.2417553834099,1.153400000000000000e+04
634.3165327489089,1.153700000000000000e+04
634.3912351850232,1.154000000000000000e+04
634.4660075495017,1.152100000000000000e+04
634.5407774100094,1.149800000000000000e+04
634.6155447585436,1.152700000000000000e+04
634.6902491623354,1.148900000000000000e+04
634.7650114486645,1.149800000000000000e+04
634.8397832896367,1.147100000000000000e+04
634.9145525922855,1.146500000000000000e+04
634.9892588668829,1.148100000000000000e+04
635.0640230545828,1.150900000000000000e+04
635.1387362717429,1.145700000000000000e+04
635.2135074201229,1.147600000000000000e+04
635.2882719598388,1.150900000000000000e+04
635.362981437668,1.144000000000000000e+04
635.4377448294332,1.148600000000000000e+04
635.512457159198,1.148600000000000000e+04
635.5872153377827,1.147900000000000000e+04
635.6619224154749,1.144100000000000000e+04
635.7366995983534,1.148200000000000000e+04
635.8114013974615,1.150500000000000000e+04
635.8861733198535,1.147200000000000000e+04
635.960881941529,1.145900000000000000e+04
636.0356485740448,1.146100000000000000e+04
636.1103518611941,1.146300000000000000e+04
636.1850565091609,1.150400000000000000e+04
636.2598232366993,1.145800000000000000e+04
636.3345306048863,1.147500000000000000e+04
636.4092393182117,1.148900000000000000e+04
636.4840101382218,1.146800000000000000e+04
636.5587134362514,1.149000000000000000e+04
636.6334221129331,1.150200000000000000e+04
636.7081848135534,1.143600000000000000e+04
636.78290019687,1.149200000000000000e+04
636.857604726266,1.149600000000000000e+04
636.9323146152394,1.142500000000000000e+04
637.0070217458345,1.140400000000000000e+04
637.0817261099415,1.135900000000000000e+04
637.1564967140678,1.130100000000000000e+04
637.2311995976745,1.131000000000000000e+04
637.3059078155254,1.129600000000000000e+04
637.3806132401302,1.133700000000000000e+04
637.4553280538418,1.138600000000000000e+04
637.5300278704315,1.144000000000000000e+04
637.6047370655823,1.142600000000000000e+04
637.679443440681,1.145600000000000000e+04
637.7541469875897,1.146200000000000000e+04
637.8288599029363,1.152900000000000000e+04
637.9035659103154,1.152000000000000000e+04
637.978273139046,1.148100000000000000e+04
638.052977512721,1.151400000000000000e+04
638.1276830952562,1.151200000000000000e+04
638.2023898813551,1.145600000000000000e+04
638.2770978657181,1.151800000000000000e+04
638.3517418441655,1.150500000000000000e+04
638.4264562697699,1.148600000000000000e+04
638.5011555722814,1.151400000000000000e+04
638.5758642016897,1.149000000000000000e+04
638.6505699221697,1.147300000000000000e+04
638.7252237691496,1.150300000000000000e+04
638.7999236357822,1.154400000000000000e+04
638.874628732156,1.148900000000000000e+04
638.9493472209352,1.147500000000000000e+04
639.0239892680094,1.154000000000000000e+04
639.098689601196,1.147900000000000000e+04
639.173395144716,1.148200000000000000e+04
639.2480405140027,1.152300000000000000e+04
639.3227564554909,1.150800000000000000e+04
639.3973958340758,1.149600000000000000e+04
639.4721058028182,1.152100000000000000e+04
639.5468086912668,1.153200000000000000e+04
639.6214635767756,1.156700000000000000e+04
639.6961604460553,1.154300000000000000e+04
639.7708092749344,1.149800000000000000e+04
639.8455164682429,1.150900000000000000e+04
639.9201674013606,1.148200000000000000e+04
639.9948767149377,1.152200000000000000e+04
640.0695174401586,1.147100000000000000e+04
640.1441591862857,1.148800000000000000e+04
640.2188716275688,1.150200000000000000e+04
640.2935236151387,1.147700000000000000e+04
640.3681602084457,1.151500000000000000e+04
640.4428757290473,1.150400000000000000e+04
640.5175143262505,1.146300000000000000e+04
640.592166218985,1.152100000000000000e+04
640.6668724558668,1.152200000000000000e+04
640.7415181149009,1.150700000000000000e+04
640.8161565315354,1.150100000000000000e+04
640.8908041242695,1.151500000000000000e+04
640.9655143022176,1.147000000000000000e+04
641.0401638233027,1.147800000000000000e+04
641.1148060727106,1.147900000000000000e+04
641.1894533730033,1.144600000000000000e+04
641.2641016094406,1.151600000000000000e+04
641.3387425502967,1.150900000000000000e+04
641.4134543525283,1.147600000000000000e+04
641.488101262261,1.147000000000000000e+04
641.5627449685089,1.148200000000000000e+04
641.6373854629693,1.144300000000000000e+04
641.7120350911663,1.141800000000000000e+04
641.7866814967092,1.146000000000000000e+04
641.8613246712862,1.150000000000000000e+04
641.9359769690361,1.144300000000000000e+04
642.0106260249374,1.145900000000000000e+04
642.0852718306695,1.150600000000000000e+04
642.1598525225107,1.143000000000000000e+04
642.2344917885489,1.142600000000000000e+04
642.3091401562656,1.146300000000000000e+04
642.3837934993884,1.144600000000000000e+04
642.4584353052218,1.147800000000000000e+04
642.5330862021095,1.145600000000000000e+04
642.6077296725547,1.145700000000000000e+04
642.6823120100572,1.145300000000000000e+04
642.7569529755671,1.144000000000000000e+04
642.8315988836831,1.141400000000000000e+04
642.9062455985243,1.139900000000000000e+04
642.9808352351971,1.143100000000000000e+04
643.055475263203,1.138600000000000000e+04
643.1301243499755,1.136600000000000000e+04
643.2047163018128,1.137900000000000000e+04
643.279354524987,1.143600000000000000e+04
643.3539438476895,1.143200000000000000e+04
643.4285877299418,1.136000000000000000e+04
643.5032406530961,1.138700000000000000e+04
643.5778197789244,1.144600000000000000e+04
643.6524659081414,1.141400000000000000e+04
643.7270464782921,1.143200000000000000e+04
643.8016982163535,1.140200000000000000e+04
643.876284355504,1.140400000000000000e+04
643.9509292459394,1.141000000000000000e+04
644.0255084918365,1.136500000000000000e+04
644.1001589469886,1.139600000000000000e+04
644.1747437177227,1.141700000000000000e+04
644.2493250109602,1.142400000000000000e+04
644.3239775458864,1.141200000000000000e+04
644.3985601811679,1.143900000000000000e+04
644.4731434709971,1.143500000000000000e+04
644.5477855716856,1.138900000000000000e+04
644.6223743228242,1.149100000000000000e+04
644.6969595574612,1.146900000000000000e+04
644.7715495817692,1.147600000000000000e+04
644.8461901340061,1.143500000000000000e+04
644.9207731033271,1.141500000000000000e+04
644.9953650068094,1.147900000000000000e+04
645.0699450389038,1.144500000000000000e+04
645.1445298338459,1.150000000000000000e+04
645.219177672042,1.146900000000000000e+04
645.2937678340779,1.146000000000000000e+04
645.3683419239809,1.147600000000000000e+04
645.4429290863851,1.150200000000000000e+04
645.5175168235929,1.151000000000000000e+04
645.5921051300253,1.154000000000000000e+04
645.6666898312457,1.158100000000000000e+04
645.7412750885978,1.150100000000000000e+04
645.8158525549321,1.155500000000000000e+04
645.8904389058563,1.153000000000000000e+04
645.9650299688499,1.153800000000000000e+04
646.0396090465212,1.154400000000000000e+04
646.1141969977764,1.154700000000000000e+04
646.1887812959989,1.155200000000000000e+04
646.2633076373747,1.152600000000000000e+04
646.3378845915109,1.155900000000000000e+04
646.4124787595719,1.160000000000000000e+04
646.4870608913304,1.157200000000000000e+04
646.5616476941717,1.160300000000000000e+04
646.6361722632304,1.162100000000000000e+04
646.7107558375826,1.158900000000000000e+04
646.7853440690486,1.154700000000000000e+04
646.859928586342,1.158000000000000000e+04
646.9344466023072,1.163100000000000000e+04
647.0090362098298,1.161100000000000000e+04
647.083622083392,1.163900000000000000e+04
647.1581413924066,1.167200000000000000e+04
647.2327239470708,1.162300000000000000e+04
647.307306934167,1.163000000000000000e+04
647.3818400556567,1.167600000000000000e+04
647.456419687093,1.167500000000000000e+04
647.5309452235595,1.168900000000000000e+04
647.6055298578293,1.168000000000000000e+04
647.6800561677495,1.167500000000000000e+04
647.7546415911931,1.168400000000000000e+04
647.829164455096,1.174900000000000000e+04
647.9037464463057,1.174700000000000000e+04
647.9782700344881,1.169800000000000000e+04
648.0527939695423,1.170000000000000000e+04
648.1273854568424,1.171100000000000000e+04
648.2019100840658,1.170800000000000000e+04
648.2764938778582,1.174700000000000000e+04
648.3510107654179,1.169000000000000000e+04
648.425536376692,1.172900000000000000e+04
648.5000623007427,1.174200000000000000e+04
648.5746432162518,1.175000000000000000e+04
648.6491655538866,1.176000000000000000e+04
648.7236881852804,1.180400000000000000e+04
648.7982195235151,1.174200000000000000e+04
648.8728058826379,1.178500000000000000e+04
648.9473293775359,1.179100000000000000e+04
649.0218489310823,1.179600000000000000e+04
649.0963729611857,1.177500000000000000e+04
649.1708972508054,1.180600000000000000e+04
649.2454260094211,1.179500000000000000e+04
649.3199508018886,1.180100000000000000e+04
649.3944716195824,1.182900000000000000e+04
649.4689926719741,1.190400000000000000e+04
649.5435181724034,1.182100000000000000e+04
649.6180396779724,1.187800000000000000e+04
649.6925698430567,1.187100000000000000e+04
649.7670917798398,1.188200000000000000e+04
649.8416139226556,1.183400000000000000e+04
649.9161320418531,1.189600000000000000e+04
649.9906588034178,1.187400000000000000e+04
650.0651815298742,1.190500000000000000e+04
650.1397086661992,1.192600000000000000e+04
650.2142317539774,1.190200000000000000e+04
650.2887550133019,1.188100000000000000e+04
650.3632192222857,1.193600000000000000e+04
650.4377470245496,1.194200000000000000e+04
650.5122665196939,1.197800000000000000e+04
650.5867946266628,1.195300000000000000e+04
650.6612551406859,1.193600000000000000e+04
650.7357750465694,1.191800000000000000e+04
650.8103035527816,1.203900000000000000e+04
650.8847644021826,1.198600000000000000e+04
650.9592931417967,1.204400000000000000e+04
651.0338092818513,1.199300000000000000e+04
651.1082704136296,1.203000000000000000e+04
651.182799464824,1.202600000000000000e+04
651.2572649940395,1.197100000000000000e+04
651.3317857370804,1.202800000000000000e+04
651.4062556434649,1.206700000000000000e+04
651.4807807792504,1.208900000000000000e+04
651.5552380644563,1.211400000000000000e+04
651.6297548330812,1.202600000000000000e+04
651.7042206933047,1.209200000000000000e+04
651.7787503045504,1.216100000000000000e+04
651.8532162309156,1.213500000000000000e+04
651.9277374256133,1.216700000000000000e+04
652.0021948907765,1.217200000000000000e+04
652.0766608615594,1.215200000000000000e+04
652.1511863740992,1.220900000000000000e+04
652.2256523518495,1.222700000000000000e+04
652.3001055526772,1.218600000000000000e+04
652.3745757534864,1.224200000000000000e+04
652.4490927583861,1.225900000000000000e+04
652.523554404734,1.225100000000000000e+04
652.5980245314129,1.229900000000000000e+04
652.6724818393412,1.232400000000000000e+04
652.7469518786384,1.235300000000000000e+04
652.8214730080308,1.235500000000000000e+04
652.8959386884019,1.241600000000000000e+04
652.9703957767102,1.238900000000000000e+04
653.0448655846427,1.238000000000000000e+04
653.1193267868492,1.242500000000000000e+04
653.1937879048733,1.245500000000000000e+04
653.268253200443,1.248700000000000000e+04
653.3427141334746,1.247100000000000000e+04
653.417174964718,1.247600000000000000e+04
653.4916399588126,1.248300000000000000e+04
653.5661005698283,1.247500000000000000e+04
653.640569606346,1.251200000000000000e+04
653.7150299745911,1.248400000000000000e+04
653.7894902116518,1.252500000000000000e+04
653.8638947316973,1.252700000000000000e+04
653.938354676066,1.259500000000000000e+04
653.9927330350457,1.260278315503656813e+04
654.0128144715792,1.265900000000000000e+04
654.0673848929049,1.263711147142754271e+04
654.0872783906434,1.262600000000000000e+04
654.1419639360352,1.268753118612678736e+04
654.1617421510075,1.263600000000000000e+04
654.2166156285444,1.268324014657791486e+04
654.2361458232748,1.271100000000000000e+04
654.2911987423258,1.269074946578843992e+04
654.3658416830104,1.274224194037490270e+04
654.4404288467964,1.272507778217941450e+04
654.5150758549863,1.275189677935986401e+04
654.5897184695584,1.276584265789369783e+04
654.664305251433,1.283235377090121074e+04
654.7389476142009,1.283664481045008324e+04
654.8135383948625,1.286668208729218532e+04
654.888184771955,1.293319320029969822e+04
654.9627666643294,1.292353836131473690e+04
655.0373526739268,1.298361291499894287e+04
655.1119985900768,1.299648603364555856e+04
655.1865885451579,1.303725090935984008e+04
655.2612255432555,1.303510538958540565e+04
655.3358194230502,1.308874338394630286e+04
655.4104603574718,1.308445234439743035e+04
655.4850452543039,1.314774517774329070e+04
655.5596986994234,1.318743729357035591e+04
655.634274582699,1.316920037548764958e+04
655.7088674352764,1.325073012691621443e+04
655.7835073665872,1.327433084443500957e+04
655.8580911670134,1.327647636420944582e+04
655.9327392618014,1.330865916082598415e+04
656.0073268888157,1.334942403654026748e+04
656.0819099586474,1.339126167214176712e+04
656.1565530436084,1.338697063259289462e+04
656.2311355998527,1.344275414672822990e+04
656.3057308056235,1.346206382469815253e+04
656.3803688222278,1.348673730210416579e+04
656.454954867795,1.353286597725453794e+04
656.5295449351327,1.355324841511167870e+04
656.6041821341065,1.361439572868310279e+04
656.6787759333997,1.359830433037483272e+04
656.7533564903902,1.365516060439738430e+04
656.8279410471957,1.369163444056279513e+04
656.9025856984958,1.373347207616429478e+04
656.9771696261503,1.375170899424700110e+04
657.0517532233856,1.376565487278083492e+04
657.1264055746188,1.386863982195375866e+04
657.2009928278474,1.391584125699134893e+04
657.2755710944062,1.390296813834473323e+04
657.3501576467798,1.390189537845751511e+04
657.4247438407015,1.400595308751765697e+04
657.4993858698668,1.397698857056277120e+04
657.573971341612,1.410679251691614445e+04
657.6485607618943,1.412073839544997827e+04
657.7231498016442,1.417544914969809361e+04
657.7977341278665,1.418939502823192743e+04
657.87237432304,1.420334090676576125e+04
657.9469621958759,1.430632585593868498e+04
658.0215410042488,1.425268786157778777e+04
658.0961280598617,1.435460005086349338e+04
658.1707146988002,1.433850865255522331e+04
658.2453009150308,1.440287424578830178e+04
658.3198867025178,1.443934808195371261e+04
658.3945327428875,1.449298607631460982e+04
658.4691220043352,1.452731439270558440e+04
658.5437021472852,1.458953446616422661e+04
658.6182818353581,1.465390005939730327e+04
658.69286974003,1.472362945206647055e+04
658.767461521399,1.467750077691609840e+04
658.8420354727173,1.479550436451007408e+04
658.9166306515345,1.475152120913413819e+04
658.9912079822875,1.484699683909653504e+04
659.0657935091809,1.490599863289352288e+04
659.140382887388,1.493818142951006303e+04
659.2149717681472,1.501971118093862606e+04
659.289551452134,1.502936601992358919e+04
659.3641306225966,1.507764021484839759e+04
659.438717970647,1.511411405101380660e+04
659.5133047969533,1.515487892672808994e+04
659.5878910954348,1.520422588154011646e+04
659.6624768600082,1.520851692108898715e+04
659.7370620845874,1.531364739003634713e+04
659.8116467630838,1.539732266123934824e+04
659.8862265349078,1.541341405954761831e+04
659.9608101019778,1.544130581661528413e+04
660.0354018176174,1.546812481379573364e+04
660.1099798943757,1.562689327710399084e+04
660.1845748263452,1.558291012172805495e+04
660.259151743867,1.566873091270549230e+04
660.333684466581,1.568482231101376055e+04
660.4082645480388,1.581677177714157006e+04
660.4828527532469,1.590366532800622372e+04
660.5574316285567,1.588650116981073734e+04
660.6320229836718,1.597661300033704538e+04
660.7066049946801,1.593799364439719830e+04
660.7811820158635,1.610212590714154612e+04
660.8557147324121,1.612465386477312313e+04
660.9302992109782,1.620403809642725173e+04
661.0048830496228,1.621476569529943117e+04
661.0794662422122,1.626411265011145770e+04
661.1540575251042,1.630487752582574103e+04
661.2285781978873,1.642717215296858922e+04
661.3031681500861,1.645184563037459884e+04
661.3777399387936,1.641859007387084421e+04
661.452332922751,1.659130441571293341e+04
661.5269208535378,1.659774097503624216e+04
661.6014380645663,1.668892556544976833e+04
661.6760289813253,1.666854312759262757e+04
661.7506148234904,1.674041804003623110e+04
661.8251298800592,1.686807646661516992e+04
661.8997142930884,1.686056714740464304e+04
661.9743067544003,1.696784313612643746e+04
662.0488853483158,1.702362665026177274e+04
662.1234149871826,1.711695676044973516e+04
662.198000873726,1.706010048642718175e+04
662.2725860216412,1.714806679717905354e+04
662.347104619191,1.727465246387077423e+04
662.4216882564932,1.725319726612641534e+04
662.4962184684717,1.735296393563768652e+04
662.570804963388,1.737012809383317290e+04
662.6453862997457,1.742054780853241755e+04
662.7199097646629,1.749027720120158483e+04
662.7944939234665,1.755249727466022523e+04
662.869086084027,1.765333670405871453e+04
662.9436071371093,1.772950265605118693e+04
663.0181889069928,1.776490373232938146e+04
663.0927083152421,1.776812201199103583e+04
663.1673016492832,1.776704925210381771e+04
663.2418237897235,1.784965176341959886e+04
663.3164110793576,1.796229155157748392e+04
663.3909359310869,1.799447434819402406e+04
663.4655171474956,1.807493133973536897e+04
663.5400358838839,1.812106001488574111e+04
663.6146198039338,1.817362524935942201e+04
663.6891500154543,1.825408224090077056e+04
663.763736622158,1.832059335390828346e+04
663.8382518588492,1.837423134826918249e+04
663.9128411292601,1.836886754883309186e+04
663.9873589874919,1.852763601214134906e+04
664.0619509026042,1.854265465056239918e+04
664.136471363353,1.859629264492329821e+04
664.211061492379,1.864027580029923411e+04
664.285584535613,1.873360591048719652e+04
664.3601640270679,1.872502383138945152e+04
664.4346852160202,1.878509838507365930e+04
664.5092142934612,1.891919337097590324e+04
664.5838042596656,1.892241165063755761e+04
664.6583226187805,1.904899731732927467e+04
664.7328488535421,1.909619875236686494e+04
664.8074315802052,1.914340018740445521e+04
664.881960314152,1.924102133714129013e+04
664.9565455552175,1.926247653488564902e+04
665.031072346548,1.940408083999841983e+04
665.1055937270582,1.942553603774277872e+04
665.1801096874939,1.946308263379540949e+04
665.2546998800744,1.959181382026156280e+04
665.3292271235769,1.958430450105103591e+04
665.4037489291384,1.961112349823148543e+04
665.4783361453115,1.969587152932170648e+04
665.5528603518749,1.980529303781793715e+04
665.6273790986409,1.990935074687807719e+04
665.7019056711048,1.993724250394574483e+04
665.7764932599148,1.997908013954724447e+04
665.8510088931856,2.004559125255475738e+04
665.9255412083346,2.008313784860738815e+04
666.0000591620371,2.021616007462241396e+04
666.0746470335703,2.023546975259233659e+04
666.1491717378727,2.029768982605098063e+04
666.2236953664843,2.038887441646450679e+04
666.2982179130853,2.043178481195322456e+04
666.3727393713534,2.050687800405848247e+04
666.4472686180028,2.056158875830659599e+04
666.5218500778012,2.058089843627651862e+04
666.5963682490049,2.071070238262989369e+04
666.670894195563,2.073108482048703445e+04
666.7454190261132,2.081690561146446998e+04
666.8199427343175,2.087054360582536901e+04
666.8944653138359,2.094778231770506318e+04
666.9689912068017,2.094778231770506318e+04
667.043515960381,2.104969450699076697e+04
667.1180440186909,2.118378949289301090e+04
667.1925664754452,2.121060849007346042e+04
667.2671501081187,2.122562712849451418e+04
667.3416747090137,2.120417193075015530e+04
667.4162025951904,2.135864935450953999e+04
667.4907159415177,2.139834147033660338e+04
667.5652459277131,2.152385437714110594e+04
667.6397747296355,2.152278161725388782e+04
667.7142934240692,2.159143825003583697e+04
667.7888198363478,2.168798663988545377e+04
667.8633405848258,2.174806119356965792e+04
667.9378645829604,2.180384470770499320e+04
668.0123873649534,2.189181101845686499e+04
668.0868509002132,2.195295833202828726e+04
668.1613801466233,2.199908700717865941e+04
668.235899230937,2.205594328120121281e+04
668.3104215399541,2.205165224165234031e+04
668.3849470702704,2.217609238856962475e+04
668.4594713500996,2.230160529537412367e+04
668.533998842422,2.222114830383277877e+04
668.6085250734534,2.234022465131397257e+04
668.683041094052,2.240029920499817672e+04
668.7575647813001,2.240351748465983110e+04
668.8320290343215,2.256872250729139705e+04
668.9065546155499,2.261806946210342358e+04
668.9810833808008,2.259661426435906105e+04
669.0555974212344,2.278112896496055328e+04
669.130128062917,2.276825584631393576e+04
669.2046529196529,2.285622215706580755e+04
669.2791182298785,2.297315298477256511e+04
669.3536314765041,2.300962682093797775e+04
669.4281657979723,2.304502789721616864e+04
669.5026898264498,2.309115657236654079e+04
669.57714526615,2.316839528424623495e+04
669.65167108008,2.323705191702818411e+04
669.7261910590614,2.326601643398306987e+04
669.8007186526492,2.333896410631388790e+04
669.8751865504684,2.342263937751689082e+04
669.949711403622,2.340011141988531381e+04
670.0242348833766,2.346769529278004484e+04
670.0987480026345,2.355351608375748037e+04
670.1732193096983,2.356853472217853414e+04
670.2477431098745,2.357497128150183926e+04
670.3222655128286,2.354600676454695713e+04
670.396728085964,2.359749923913341627e+04
670.471252157415,2.377879566007325047e+04
670.5457118658269,2.370799350751686870e+04
670.6202330875843,2.381312397646422687e+04
670.6947618784129,2.386461645105068965e+04
670.7692307481261,2.393327308383263880e+04
670.8437476587868,2.399549315729127920e+04
670.918213608017,2.386998025048678028e+04
670.9927321095302,2.406844082962210086e+04
671.0672536563986,2.405449495108826886e+04
671.1417196890736,2.407595014883262775e+04
671.216251808498,2.410276914601307726e+04
671.290714863808,2.418429889744164029e+04
671.3652395155675,2.425188277033637132e+04
671.4396995665256,2.421326341439652606e+04
671.5142212289395,2.422935481270479431e+04
671.5886872701645,2.434628564041155187e+04
671.6632104305353,2.436774083815591075e+04
671.7376734223737,2.434735840029876999e+04
671.812193546355,2.443210643138898740e+04
671.8866579770747,2.448896270541154081e+04
671.9611795549314,2.451578170259199032e+04
672.0356408881489,2.449003546529875894e+04
672.1101096909673,2.456083761785514434e+04
672.1846266277597,2.456834693706566759e+04
672.2590968192625,2.463807632973483487e+04
672.3336151557181,2.453187310090025858e+04
672.4080821944679,2.459087489469724460e+04
672.482543119204,2.469493260375738828e+04
672.5570657703272,2.477753511507316944e+04
672.63152802642,2.477217131563708244e+04
672.705997721871,2.473033368003557916e+04
672.7805155931686,2.484511898796790410e+04
672.854982065397,2.479577203315587758e+04
672.9294423823377,2.482795482977241409e+04
673.0039644745739,2.482795482977241409e+04
673.0784260583234,2.487837454447165874e+04
673.152895058153,2.482795482977241409e+04
673.2274213293804,2.494059461793029914e+04
673.3018779706365,2.492128493996037651e+04
673.3763374799411,2.498028673375736616e+04
673.4508043890924,2.498135949364458429e+04
673.5252650884476,2.505108888631375157e+04
673.5997967036512,2.505108888631375157e+04
673.6742585868221,2.503392472811826156e+04
673.748714237457,2.503928852755435219e+04
673.823186347847,2.504787060665209719e+04
673.8976385924067,2.498135949364458429e+04
673.9721663425748,2.496955913488518490e+04
674.0466287979216,2.500925125071224829e+04
674.1210895311846,2.513583691740396898e+04
674.1955530811653,2.512510931853178772e+04
674.2700239906791,2.505967096541149294e+04
674.3444795221271,2.505859820552427482e+04
674.4189469503236,2.513583691740396898e+04
674.49346722243,2.512618207841900585e+04
674.567935708377,2.506181648518592920e+04
674.6424024340591,2.502534264902052018e+04
674.7168582880072,2.512403655864456960e+04
674.7913214713103,2.516587419424607288e+04
674.8657783200656,2.509292652191525121e+04
674.940251601854,2.505216164620096970e+04
675.0147094269751,2.511223619988517385e+04
675.0891700095718,2.507898064338141558e+04
675.1636379044918,2.505645268574983857e+04
675.2380994327431,2.507039856428367420e+04
675.312554584676,2.504894336653931532e+04
675.3870261580195,2.503499748800547968e+04
675.4614822208301,2.502534264902052018e+04
675.5359547018315,2.504250680721600656e+04
675.610407090499,2.499959641172728880e+04
675.6848804576179,2.495132221680248040e+04
675.7593337130725,2.500388745127616130e+04
675.8338033782419,2.490733906142654450e+04
675.9082026566803,2.490733906142654450e+04
675.9826594431638,2.490304802187767200e+04
676.0571234944312,2.493737633826864840e+04
676.1315948098625,2.477646235518595131e+04
676.2060550986515,2.482473655011075971e+04
676.2805134951972,2.481722723090023646e+04
676.3549745673919,2.473355195969723354e+04
676.4293879803434,2.467669568567468377e+04
676.5038498052293,2.471853332127618341e+04
676.5783051376296,2.464558564894536175e+04
676.6527677036122,2.460911181277995274e+04
676.7272329229447,2.449754478450928582e+04
676.8016366634976,2.462520321108822100e+04
676.8761025828228,2.450076306417093656e+04
676.9505619772531,2.447608958676492330e+04
677.0250240043307,2.448145338620101393e+04
677.0994290601088,2.442352435229124603e+04
677.1738917427178,2.443425195116342366e+04
677.2483524582894,2.432590320255441111e+04
677.3227561481843,2.423471861214088494e+04
677.3972128974716,2.418751717710329467e+04
677.4716768389669,2.417357129856945903e+04
677.5461433813275,2.415533438048675453e+04
677.6205482371186,2.409204154714089600e+04
677.6950015852051,2.400085695672736983e+04
677.7694069841688,2.405127667142661448e+04
677.8438746703705,2.394721896236647081e+04
677.9183311477581,2.388607164879504853e+04
677.9927396296163,2.386676197082512590e+04
678.0672012294622,2.379381429849430424e+04
678.1416056066512,2.365971931259206031e+04
678.2160631125909,2.362431823631386578e+04
678.2905277690969,2.356209816285522538e+04
678.3649259468506,2.358998991992289302e+04
678.4393864750938,2.345160389447177658e+04
678.513798898065,2.341513005830636394e+04
678.5882598799376,2.332287270800561964e+04
678.6626543015428,2.329819923059960638e+04
678.7371249257566,2.317483184356954371e+04
678.8115243461227,2.315659492548683556e+04
678.8859815585386,2.309544761191541329e+04
678.9603905685974,2.303430029834399102e+04
679.0348481677615,2.290664187176505220e+04
679.1092529209583,2.285193111751693505e+04
679.1836509171139,2.281545728135152603e+04
679.2581113551571,2.280258416270491216e+04
679.3325235125415,2.269638093387033223e+04
679.4069842868593,2.258266838582522905e+04
679.481378280968,2.247431963721621651e+04
679.5557839509504,2.243891856093802198e+04
679.6302474888498,2.241424508353200872e+04
679.704648807749,2.230053253548690554e+04
679.7790525553501,2.226942249875758716e+04
679.8535234360058,2.221149346484781563e+04
679.9279135518302,2.216858306935909786e+04
680.0023245731195,2.202805152413354517e+04
680.076784258521,2.203770636311850831e+04
680.1511816092886,2.194544901281776401e+04
680.2255859851732,2.186284650150197922e+04
680.3000482943368,2.174913395345687604e+04
680.374448213023,2.179740814838168444e+04
680.4488412562114,2.164507624439673600e+04
680.5232552007656,2.159894756924636386e+04
680.5976576301395,2.147665294210351567e+04
680.6721226617578,2.141121458898322089e+04
680.7465159407645,2.138975939123886201e+04
680.8209254830051,2.128677444206593646e+04
680.8953281128896,2.122991816804338305e+04
680.969723820552,2.117842569345692391e+04
681.0441775310805,2.111513286011106175e+04
681.118582574998,2.107544074428399836e+04
681.1929806772104,2.098103787420881781e+04
681.2673996753556,2.093061815950957316e+04
681.3418070819359,2.082226941090056062e+04
681.4162075273074,2.077935901541184285e+04
681.4906056458781,2.066242818770508529e+04
681.5649921401839,2.066242818770508529e+04
681.6393995215485,2.058626223571260925e+04
681.7137999143118,2.054657011988554586e+04
681.7882165503345,2.044036689105096593e+04
681.8626680324036,2.036420093905849353e+04
681.9370706711479,2.038029233736676179e+04
682.0114662918298,2.024512459157729973e+04
682.0858781465969,2.023010595315624960e+04
682.1602876270566,2.007241024973520689e+04
682.234615600839,2.003486365368257975e+04
682.3090342611832,1.998658945875777135e+04
682.3834179373963,1.989755038811868144e+04
682.4578224911205,1.984283963387056428e+04
682.5322153211919,1.978598335984801452e+04
682.6066290312607,1.971196292762997473e+04
682.6810356664762,1.962614213665253919e+04
682.7554352169042,1.958645002082547217e+04
682.8298276726078,1.950813854905856351e+04
682.9042363415565,1.947166471289315086e+04
682.9786379060591,1.942660879762999684e+04
683.052985700029,1.933220592755481630e+04
683.1273776822683,1.920240198120144487e+04
683.2017812028357,1.914661846706610959e+04
683.2761822579863,1.913803638796836822e+04
683.3505948498541,1.907152527496085531e+04
683.4249816151049,1.902217832014882879e+04
683.4993378598623,1.895030340770522525e+04
683.5737336498651,1.882693602067515894e+04
683.6481222681783,1.879260770428418618e+04
683.7225270786547,1.867353135680299238e+04
683.7968779498492,1.862740268165262023e+04
683.8712683772519,1.858449228616390246e+04
683.9456749923205,1.852978153191578531e+04
684.0200089024875,1.849974425507368142e+04
684.0944244901342,1.841714174375790026e+04
684.1688141432852,1.833346647255489734e+04
684.2431731578488,1.831093851492332033e+04
684.3175670692367,1.823477256293084793e+04
684.3919584235521,1.829377435672783395e+04
684.4662956794946,1.812213277477295924e+04
684.5407193753053,1.800520194706620168e+04
684.6151123876289,1.784643348375794449e+04
684.689455939193,1.780995964759253548e+04
684.7638578398391,1.771555677751735493e+04
684.8382055615216,1.755249727466022523e+04
684.9125975757681,1.752245999781812134e+04
684.9870010616816,1.746667648368278969e+04
685.0613315458365,1.739694709101362241e+04
685.1357438810281,1.733901805710385088e+04
685.2100831760683,1.726607038477302922e+04
685.2844855664139,1.719634099210386194e+04
685.3588336587155,1.712446607966025840e+04
685.4332213760933,1.709013776326928564e+04
685.5075782509971,1.702255389037455461e+04
685.5819089583205,1.700538973217906823e+04
685.6563216044284,1.701182629150237335e+04
685.7306563603778,1.695282449770538733e+04
685.8050589720733,1.688845890447231068e+04
685.8794024621719,1.693458757962268282e+04
685.9537903041233,1.683589366999862978e+04
686.0281472199982,1.679298327450991201e+04
686.1024731844336,1.675758219823171748e+04
686.1768811733403,1.658594061627684641e+04
686.2512158243778,1.658915889593850079e+04
686.3255665827462,1.647437358800617949e+04
686.3999617223745,1.646471874902121635e+04
686.4742975925424,1.642609939308137109e+04
686.5486495653337,1.627269472920920089e+04
686.6230412185406,1.617721909924680403e+04
686.6973829775881,1.613859974330695695e+04
686.7717408365776,1.609354382804380293e+04
686.8460676249846,1.604419687323177641e+04
686.920476563722,1.598626783932200669e+04
686.9948119535088,1.591546568676562129e+04
687.0691634335083,1.583071765567540388e+04
687.1434837923248,1.578888002007390241e+04
687.2178910716232,1.568160403135210618e+04
687.2922436114384,1.556896424319422113e+04
687.3665697193694,1.562689327710399084e+04
687.4409071790424,1.548958001154009253e+04
687.5152607193801,1.545954273469799045e+04
687.5896114344212,1.540697750022430955e+04
687.6639309442114,1.533081154823183533e+04
687.7383327394424,1.529541047195364263e+04
687.8126844041321,1.522460831939725722e+04
687.8870284875072,1.522139003973560284e+04
687.9613649794371,1.513449648887094918e+04
688.0357175394452,1.505940329676569127e+04
688.1100388231959,1.502185670071306231e+04
688.1843761649789,1.490063483345743407e+04
688.2587343070002,1.491243519221683164e+04
688.3330800913666,1.484699683909653504e+04
688.4074182439083,1.478799504529954720e+04
688.4817534945465,1.467964629669053465e+04
688.556104800579,1.472255669217925242e+04
688.6304200038998,1.459811654526196980e+04
688.7047797093452,1.458095238706648161e+04
688.7791080338786,1.450800471473566176e+04
688.8534524038824,1.444685740116423767e+04
688.9277890934775,1.438249180793115920e+04
689.0021418286908,1.433314485311913450e+04
689.0764868733971,1.429452549717928741e+04
689.1507577273879,1.423766922315673582e+04
689.2250873462091,1.422479610451012013e+04
689.2994377520117,1.413468427398381209e+04
689.3737756865256,1.409284663838231063e+04
689.4481106432635,1.401453516661540016e+04
689.5224616327603,1.396089717225450295e+04
689.5968001275772,1.396304269202893920e+04
689.6710880627454,1.393085989541239906e+04
689.745415792651,1.383109322590112970e+04
689.8197595452868,1.381714734736729588e+04
689.8941002876792,1.380320146883346206e+04
689.968380885931,1.375278175413421923e+04
690.0427250973174,1.368090684169061569e+04
690.1170662811704,1.366374268349512749e+04
690.1913949030705,1.361332296879588466e+04
690.2656966557213,1.354573909590115363e+04
690.3400334706062,1.357577637274325571e+04
690.4143672314507,1.352964769759288356e+04
690.4886454859029,1.350068318063799961e+04
690.5629874122526,1.345777278514928003e+04
690.6373214994773,1.342451722864552357e+04
690.7116000290887,1.335049679642748379e+04
690.7859422563533,1.330436812127711164e+04
690.8602336681432,1.327433084443500957e+04
690.9345601567937,1.320245593199140603e+04
691.0089026400582,1.322498388962298304e+04
691.0831942596561,1.317241865514930396e+04
691.157520963373,1.311663514101397050e+04
691.2318206545044,1.309517994326960979e+04
691.3061602170517,1.308552510428464848e+04
691.380444070193,1.300935915229217426e+04
691.45476779478,1.295143011838240454e+04
691.5290596795087,1.296966703646510905e+04
691.6033914459812,1.293641147996135260e+04
691.6776674311591,1.289350108447263483e+04
691.7520072241363,1.280338925394632679e+04
691.8262959912287,1.284200860988617205e+04
691.900643801485,1.283128101101399261e+04
691.9749166156074,1.276476989800647971e+04
692.0492005879099,1.271435018330723506e+04
692.123529252891,1.275189677935986401e+04
692.1978259721524,1.266071218894633785e+04
692.2721578136724,1.258669175672829806e+04
692.3464385130854,1.258991003638995244e+04
692.4207159769667,1.258776451661551619e+04
692.4950525395182,1.256952759853281168e+04
692.56933311711,1.250087096575086252e+04
692.6436056440851,1.250301648552529878e+04
692.7179660817585,1.245796057026214294e+04
692.7922272967613,1.249336164654033564e+04
692.8665236380322,1.237321253917192553e+04
692.9407927013435,1.233888422278095095e+04
693.0151497288059,1.235390286120200108e+04
693.089421837627,1.230455590638997637e+04
693.1636906489606,1.227666414932230873e+04
693.2379753787236,1.224555411259298853e+04
693.3122568047582,1.220800751654035957e+04
693.3865926140129,1.219727991766818013e+04
693.4608818498604,1.218547955890878256e+04
693.5351581466051,1.216938816060051249e+04
693.6094263017561,1.212969604477344910e+04
693.6837151767944,1.210931360691630834e+04
693.7579910889119,1.199667381875842148e+04
693.8322636527323,1.206103941199149995e+04
693.906552121247,1.200847417751781904e+04
693.9808998444166,1.195161790349526746e+04
694.0551719756728,1.193338098541256295e+04
694.1294600063287,1.193123546563812670e+04
694.2037398455482,1.192694442608925419e+04
694.2780114829652,1.187223367184113886e+04
694.3522990144666,1.185506951364565066e+04
694.426583156023,1.179070392041257401e+04
694.5008542537265,1.177353976221708581e+04
694.5751412401826,1.176710320289377887e+04
694.6494248189764,1.169737381022461159e+04
694.723700156412,1.166733653338250951e+04
694.7979624146619,1.168235517180355964e+04
694.8721970948218,1.163193545710431681e+04
694.9464717871994,1.165768169439754638e+04
695.0207623596758,1.162442613789378993e+04
695.0950205016327,1.158151574240507216e+04
695.1693186762369,1.149247667176598225e+04
695.2435843995215,1.149891323108928918e+04
695.3178708269531,1.147638527345771217e+04
695.3921441168008,1.140772864067576302e+04
695.4663655616765,1.136481824518704525e+04
695.5406463919401,1.139378276214192920e+04
695.6149237361514,1.138949172259305851e+04
695.6892121064967,1.133263544857050692e+04
695.7634969823528,1.136696376496148150e+04
695.8377008859716,1.127148813499908283e+04
695.9119932631442,1.126290605590133964e+04
695.9862772860863,1.124681465759306957e+04
696.06048026933,1.126934261522464658e+04
696.134771767185,1.122214118018705631e+04
696.2090548898484,1.114168418864570958e+04
696.2833296268801,1.112022899090135070e+04
696.3575523255896,1.108697343439759425e+04
696.4318151008928,1.111271967169082382e+04
696.5060403540568,1.106337271687879911e+04
696.58033480532,1.102797164060060641e+04
696.6545965750922,1.098077020556301613e+04
696.7288256373972,1.106015443721714473e+04
696.8030899410923,1.092069565187881017e+04
696.8773263707111,1.092069565187881017e+04
696.9516029071826,1.096038776770587538e+04
697.0258758450395,1.090782253323219447e+04
697.1000868630892,1.089494941458557878e+04
697.1743865928445,1.084989349932242476e+04
697.248609793035,1.078230962642769373e+04
697.3228682493078,1.081449242304423205e+04
697.3970987519848,1.078767342586378436e+04
697.4713645187727,1.079840102473596380e+04
697.5456023130668,1.073725371116453971e+04
697.6198072452165,1.072223507274348776e+04
697.6941009834452,1.068254295691642437e+04
697.7683131711979,1.070936195409687207e+04
697.8425898466292,1.065250568007432048e+04
697.9168092738975,1.063641428176605223e+04
697.9910201305657,1.063748704165326853e+04
698.0653003733468,1.060744976481116646e+04
698.1395184438109,1.061495908402169152e+04
698.2138010478819,1.052055621394651280e+04
698.2880311962213,1.055703005011192181e+04
698.3622527442063,1.055488453033748738e+04
698.4364656813189,1.049051893710440891e+04
698.510738305446,1.051197413484876779e+04
698.5849584048053,1.047550029868335696e+04
698.6591698720874,1.051626517439764029e+04
698.7334703424422,1.044975406139012739e+04
698.8076889513259,1.045619062071343433e+04
698.8818989069066,1.045726338060065245e+04
698.9561050840433,1.041328022522471656e+04
699.030322134609,1.040362538623975524e+04
699.1046038227042,1.034355083255554928e+04
699.1788328602486,1.035213291165329247e+04
699.2530532146016,1.034676911221720366e+04
699.3272599846256,1.034998739187885622e+04
699.4014873980228,1.032531391447284295e+04
699.4757061069474,1.031136803593901095e+04
699.5499161008405,1.027811247943525268e+04
699.6241418428359,1.022340172518713734e+04
699.6983588590565,1.025773004157811192e+04
699.7726405911895,1.027811247943525268e+04
699.8468646290141,1.024592968281871435e+04
699.9210848186354,1.021052860654052165e+04
699.9952913527262,1.020731032687886909e+04
700.0695185244031,1.019550996811947152e+04
700.1437320277023,1.017727305003676520e+04
700.2179661702849,1.016547269127736763e+04
700.2921670152689,1.020945584665330352e+04
700.3663345364773,1.011612573646534111e+04
700.4405423002715,1.010754365736759792e+04
700.5147657911945,1.011290745680368855e+04
700.5889804729994,1.010647089748037979e+04
700.6632108815323,1.005926946244278952e+04
700.7374324701444,1.002279562627737869e+04
700.81164522823,1.001206802740519925e+04
700.8858540575908,9.979885230788660920e+03
700.9600736910871,1.000563146808189231e+04
701.034240242214,9.993831109322494740e+03
701.1084716450022,9.964866592367608973e+03
701.1826646876575,9.944484154510468215e+03
701.2569029402329,9.948775194059340720e+03
701.3311077280009,9.901573759021750448e+03
701.4052790247227,9.933756555638288773e+03
701.4794906151762,9.880118561277391564e+03
701.5537179110803,9.827553326803710661e+03
701.6278673838922,9.844717484999198859e+03
701.7020768472739,9.829698846578146913e+03
701.776302010223,9.846863004773635112e+03
701.8505182480137,9.801807089510481092e+03
701.9246812071539,9.793225010412736083e+03
701.9989091214585,9.777133612104467829e+03
702.0730492261018,9.796443290074390461e+03
702.147283874415,9.743878055600711377e+03
702.2215095672381,9.742805295713493251e+03
702.2956523110257,9.787861210976647271e+03
702.3698847114229,9.761042213796197757e+03
702.4440341206173,9.715986298533043737e+03
702.5182485406029,9.749241855036800189e+03
702.5924786440079,9.687021781578157970e+03
702.6666306251165,9.685949021690941663e+03
702.7408427059752,9.623728948232299444e+03
702.8150013114393,9.678439702480414780e+03
702.8892200349155,9.636602066878915139e+03
702.9633852532902,9.629092747668388256e+03
703.0375414112833,9.617292388908990688e+03
703.1117577094595,9.557217835224786540e+03
703.1859204527385,9.561508874773657226e+03
703.2601235714659,9.574381993420272920e+03
703.3342928843769,9.535762637480427657e+03
703.4085025826428,9.526107798495464522e+03
703.482658658175,9.559363354999220974e+03
703.5568254210807,9.475688083796221690e+03
703.6310325789715,9.481051883232310502e+03
703.7052108243134,9.475688083796221690e+03
703.7793551808122,9.491779482104489944e+03
703.8535845204474,9.445650806954117797e+03
703.9277353723147,9.454232886051862806e+03
704.0019018493869,9.444578047066899671e+03
704.0760542132163,9.429559408645849544e+03
704.1502767406283,9.404885931239836282e+03
704.2244157321018,9.417759049886451976e+03
704.2985752975638,9.366266575299989199e+03
704.3727455222629,9.374848654397732389e+03
704.4469065581811,9.348029657217284694e+03
704.5211080295742,9.285809583758642475e+03
704.5952804534251,9.316919620487962675e+03
704.6694387032167,9.328719979247360243e+03
704.7435926983363,9.300828222179694421e+03
704.8177573342106,9.256845066803758527e+03
704.891917706452,9.287955103533078727e+03
704.9660688376695,9.260063346465411087e+03
705.0402107171044,9.290100623307514979e+03
705.114442771257,9.220371230638347697e+03
705.1885910002947,9.230026069623309013e+03
705.2627548254902,9.181751874698500615e+03
705.3369093767561,9.195697753232334435e+03
705.4110795235591,9.175315315375193677e+03
705.485220476971,9.158151157179705478e+03
705.5593969294841,9.180679114811282489e+03
705.6335441691415,9.133477679773692216e+03
705.7077020144703,9.165660476390230542e+03
705.7818057106044,9.133477679773692216e+03
705.8559498827009,9.091640044172192574e+03
705.9301096345012,9.081985205187231259e+03
706.0042849709166,9.123822840788730900e+03
706.0784260421825,9.075548645863922502e+03
706.1525826869397,9.107731442480460828e+03
706.2267549100956,9.091640044172192574e+03
706.3008928304606,9.045511369021820428e+03
706.3750014111765,9.080912445300013133e+03
706.4491704615375,9.049802408570691114e+03
706.5233051714449,9.006892013081973346e+03
706.5974853991634,9.026201691051895978e+03
706.6716262730434,9.044438609134602302e+03
706.745737753195,9.003673733420318968e+03
706.8198897594285,9.009037532856409598e+03
706.8940323424436,9.011183052630845850e+03
706.9681405012132,8.986509575224832588e+03
707.0422891955021,8.952181258833858010e+03
707.1164534452462,9.000455453758666408e+03
707.19055823756,8.968272657142126263e+03
707.2647035748213,8.958617818157164947e+03
707.3388694645195,8.971490936803780642e+03
707.4129708410553,8.912489143006792801e+03
707.4871177773351,8.958617818157164947e+03
707.5612752521206,8.957545058269946821e+03
707.6353781699282,8.888888425487997665e+03
707.7095466962406,8.966127137367691830e+03
707.7836305801062,8.957545058269946821e+03
707.857775071609,8.898543264472958981e+03
707.9318899937977,8.915707422668447180e+03
708.0060455013667,8.899616024360177107e+03
708.080146353211,8.857778388758677465e+03
708.1543078510902,8.888888425487997665e+03
708.2283845678539,8.904979823796267738e+03
708.3025520377458,8.884597385939126980e+03
708.3766397017445,8.889961185375215791e+03
708.4508131326904,8.856705628871459339e+03
708.5249067170731,8.844905270112061771e+03
708.5989906956581,8.884597385939126980e+03
708.673160478897,8.887815665600779539e+03
708.7472503492967,8.856705628871459339e+03
708.8213557131089,8.832032151465446077e+03
708.8955017018351,8.829886631691009825e+03
708.9696129404151,8.791267275751164561e+03
709.0436944296144,8.849196309660934276e+03
709.1178618009762,8.803067634510562129e+03
709.1919440994113,8.810576953721087193e+03
709.266041878377,8.809504193833869067e+03
709.3401601743607,8.804140394397780256e+03
709.4143140934323,8.808431433946650941e+03
709.4884130457813,8.765521038457933173e+03
709.5625023052012,8.832032151465446077e+03
709.6366020041326,8.748356880262444975e+03
709.71069703359,8.722610642969215405e+03
709.7848579170291,8.784830716427855805e+03
709.8589587159314,8.726901682518086091e+03
709.9330497882937,8.756938959360189983e+03
710.0071361642808,8.730119962179740469e+03
710.0812329625695,8.699009925450420269e+03
710.1553452280508,8.722610642969215405e+03
710.2294275672397,8.712955803984252270e+03
710.3035203190468,8.724756162743649838e+03
710.3776335778801,8.695791645788765891e+03
710.4517320198205,8.674336448044407007e+03
710.5258257276931,8.693646126014329639e+03
710.599909644176,8.667899888721098250e+03
710.6740090111854,8.636789851991778050e+03
710.7480985754111,8.622843973457944230e+03
710.8222035892967,8.599243255939149094e+03
710.8962987889969,8.606752575149675977e+03
710.9704094374856,8.604607055375239725e+03
711.0444849811654,8.621771213570726104e+03
711.1186012467011,8.622843973457944230e+03
711.1926874434225,8.599243255939149094e+03
711.2667840197356,8.599243255939149094e+03
711.3408251965476,8.572424258758701399e+03
711.4149070955419,8.558478380224867578e+03
711.4890246751831,8.626062253119598608e+03
711.5631121310784,8.541314222029379380e+03
711.6372150180558,8.528441103382763686e+03
711.7112320343467,8.568133219209828894e+03
711.7853404449295,8.526295583608329252e+03
711.8594389533098,8.524150063833893000e+03
711.9335275484821,8.490894507330136548e+03
712.0075605935059,8.486603467781264044e+03
712.0816546727544,8.540241462142161254e+03
712.1557641746032,8.510204185300059180e+03
712.2297927223119,8.474803109021866476e+03
712.3038823260575,8.465148270036905160e+03
712.377992420552,8.457638950826378277e+03
712.4520164203059,8.416874075112096762e+03
712.5261268825731,8.399709916916608563e+03
712.6001562828156,8.454420671164725718e+03
712.6742518579922,8.407219236127135446e+03
712.7483628435643,8.388982318044429121e+03
712.8223876211747,8.414728555337660509e+03
712.8964785986809,8.384691278495558436e+03
712.9705138140855,8.377181959285031553e+03
713.0446101673241,8.385764038382776562e+03
713.1186507279195,8.343926402781275101e+03
713.19275244439,8.357872281315108921e+03
713.2667983376626,8.387909558157212814e+03
713.3408290765726,8.331053284134659407e+03
713.4149057221886,8.328907764360224974e+03
713.4889468476811,8.318180165488045532e+03
713.5630542605719,8.277415289773762197e+03
713.6370752139885,8.339635363232404416e+03
713.71111152602,8.289215648533159765e+03
713.7852141503761,8.302088767179775459e+03
713.8592557248019,8.253814572254967061e+03
713.93328717658,8.274197010112107819e+03
714.0073900636712,8.231286614623390051e+03
714.0814267494405,8.248450772818878249e+03
714.1554583900697,8.210904176766249293e+03
714.2295512937391,8.210904176766249293e+03
714.3035881409775,8.264542171127146503e+03
714.3776148223176,8.172284820826402211e+03
714.451651744311,8.208758656991813041e+03
714.5256835921462,8.234504894285044429e+03
714.5997818492889,8.156193422518133048e+03
714.6738188625989,8.167993781277530616e+03
714.7478712188952,8.162629981841440895e+03
714.8218929356141,8.089682309510619234e+03
714.8959248750398,8.150829623082043327e+03
714.9699721505816,8.111137507254979027e+03
715.044014315487,8.139029264322645759e+03
715.1180411339378,8.154047902743696795e+03
715.1920883966163,8.106846467706107433e+03
715.2661714596333,8.102555428157234928e+03
715.3402238179556,8.103628188044453054e+03
715.4142403295658,8.082172990300094170e+03
715.488267040557,8.076809190864004449e+03
715.5623141930947,8.119719586352722217e+03
715.6363510669913,8.103628188044453054e+03
715.7103315493897,8.068227111766260350e+03
715.784373440411,8.052135713457991187e+03
715.8584050299637,8.044626394247465214e+03
715.932426306901,8.090755069397837360e+03
716.0064680199878,8.061790552442952503e+03
716.080494283165,8.062863312330170629e+03
716.1545409835085,8.081100230412876044e+03
716.2285722201125,8.033898795375285772e+03
716.3025469314863,8.033898795375285772e+03
716.3765882447348,8.041408114585811745e+03
716.4506192011959,8.030680515713632303e+03
716.5246654600803,8.038189834924157367e+03
716.5987013504475,8.070372631540696602e+03
716.6726754991479,7.970605962029426337e+03
716.7467162946405,7.997424959209874942e+03
716.8207466986998,7.992061159773785221e+03
716.8947667001454,7.999570478984311194e+03
716.9687557260248,7.975969761465516058e+03
717.0427805919613,7.986697360337695500e+03
717.116825887731,7.997424959209874942e+03
717.1908093232216,7.982406320788823905e+03
717.2648286044712,7.969533202142208211e+03
717.3388168541977,7.942714204961759606e+03
717.4128461038251,7.978115281239952310e+03
717.4868906346427,7.990988399886567095e+03
717.5608474726536,7.952369043946720922e+03
717.6348968087937,7.979188041127170436e+03
717.7088584084709,7.935204885751233633e+03
717.7828867763504,7.927695566540707659e+03
717.8568840385082,7.987770120224913626e+03
717.9309171761972,7.934132125864015507e+03
718.0048882559898,7.925550046766272317e+03
718.0789313004857,7.920186247330182596e+03
718.1528864689565,7.923404526991836065e+03
718.2268775063203,7.899803809473040928e+03
718.300914749167,7.925550046766272317e+03
718.3748898482226,7.856893413984323161e+03
718.4489059941204,7.894440010036951207e+03
718.5228857662477,7.924477286879054191e+03
718.5968549564894,7.871912052405374197e+03
718.6708910267723,7.891221730375297739e+03
718.7448648651658,7.889076210600861486e+03
718.8188539335962,7.864402733194848224e+03
718.8928117241455,7.896585529811387460e+03
718.9668571028507,7.861184453533194755e+03
719.040845353585,7.862257213420412882e+03
719.1148178064504,7.855820654097105034e+03
719.1887847916446,7.840802015676053088e+03
719.2628187285492,7.850456854661015313e+03
719.3367851179871,7.840802015676053088e+03
719.4107718973806,7.832219936578309898e+03
719.4847480151196,7.806473699285078510e+03
719.55871345993,7.826856137142220177e+03
719.6326941140954,7.820419577818912330e+03
719.7066692631995,7.830074416803873646e+03
719.780706250103,7.775363662555758310e+03
719.8546807424774,7.778581942217411779e+03
719.9286497097812,7.786091261427937752e+03
720.0026286960333,7.769999863119668589e+03
720.0766021474149,7.771072623006885806e+03
720.1505856143327,7.830074416803873646e+03
720.2245376004026,7.760345024134706364e+03
720.298530717732,7.738889826390347480e+03
720.3725079039693,7.760345024134706364e+03
720.446479525475,7.715289108871552344e+03
720.5204403826414,7.718507388533206722e+03
720.5943696939084,7.675596993044488045e+03
720.6683349523433,7.659505594736218882e+03
720.7423153966341,7.671305953495616450e+03
720.816285052651,7.688470111691103739e+03
720.890249105901,7.671305953495616450e+03
720.9642231419422,7.707779789661026371e+03
721.0382175601698,7.688470111691103739e+03
721.1121179678518,7.631613837668551241e+03
721.1860907374653,7.655214555187346377e+03
721.2600786851124,7.646632476089603188e+03
721.334050596095,7.623031758570808051e+03
721.4079648215145,7.627322798119679646e+03
721.4819202230957,7.620886238796371799e+03
721.5559168215076,7.612304159698628609e+03
721.6298296575088,7.617667959134718330e+03
721.7038045147077,7.590848961954269726e+03
721.777768491748,7.594067241615923194e+03
721.8516746809869,7.572612043871564310e+03
721.9256689717006,7.567248244435474589e+03
721.9996263053706,7.608013120149757015e+03
722.0735518685187,7.541502007142243201e+03
722.1475134315792,7.485718493006909739e+03
722.221443203523,7.531847168157281885e+03
722.2954141996532,7.508246450638486749e+03
722.369322077151,7.500737131427960776e+03
722.4432972736668,7.499664371540742650e+03
722.5172093181159,7.474990894134730297e+03
722.5911887015628,7.484645733119691613e+03
722.665104899496,7.499664371540742650e+03
722.7390623388185,7.438517057969319467e+03
722.8129878959985,7.452462936503152378e+03
722.8869756086152,7.449244656841498909e+03
722.9608791618889,7.428862218984357241e+03
723.0347925998112,7.442808097518191062e+03
723.1087786701618,7.395606662480600789e+03
723.1826700550422,7.390242863044511068e+03
723.2565817737539,7.421352899773832178e+03
723.3305609227724,7.368787665300152184e+03
723.4044767103132,7.361278346089626211e+03
723.4783814349788,7.336604868683612949e+03
723.5523797909511,7.328022789585869759e+03
723.6262885587613,7.362351105976844337e+03
723.7001862401456,7.338750388458049201e+03
723.7741042546204,7.293694473194895181e+03
723.8480321309023,7.355914546653536490e+03
723.9220013141903,7.277603074886626018e+03
723.9959122328532,7.365569385638497806e+03
724.0698330025856,7.303349312179856497e+03
724.1437478932739,7.237910959059560810e+03
724.2176516517817,7.274384795224971640e+03
724.2915652506016,7.279748594661061361e+03
724.3654729499798,7.272239275450535388e+03
724.4393957341822,7.256147877142266225e+03
724.51330736185,7.225037840412946025e+03
724.587207821535,7.245420278270086783e+03
724.6611286098097,7.235765439285125467e+03
724.7350592296857,7.191782283909188664e+03
724.80895240124,7.246493038157304909e+03
724.882865897012,7.197146083345278385e+03
724.9567892135801,7.172472605939266032e+03
725.0307013255602,7.189636764134753321e+03
725.1046074792529,7.145653608758816517e+03
725.1785287017594,7.190709524021971447e+03
725.2524334382222,7.170327086164829780e+03
725.326358500832,7.152090168082124364e+03
725.4002723250796,7.206800922330240610e+03
725.4741222682113,7.137071529661073328e+03
725.5480398915687,7.111325292367841939e+03
725.6219462528422,7.163890526841521933e+03
725.6958676722687,7.140289809322726796e+03
725.769783084779,7.105961492931752218e+03
725.8436292602167,7.144580848871599301e+03
725.9175431603215,7.129562210450547354e+03
725.9914510329734,7.110252532480623813e+03
726.0653686850188,7.124198411014457633e+03
726.1392275716657,7.075924216089649235e+03
726.2131278556831,7.093088374285136524e+03
726.2870379081896,7.069487656766341388e+03
726.3608891425325,7.064123857330251667e+03
726.4348081680206,7.071633176540777640e+03
726.50866306773,7.084506295187393334e+03
726.5825857784921,7.065196617217469793e+03
726.6564232085193,7.056614538119726603e+03
726.730349586392,7.051250738683636882e+03
726.8042645953695,7.087724574849046803e+03
726.8781153887404,7.096306653946790902e+03
726.9520393221525,7.036232100262584936e+03
727.0258672943038,6.993321704773867168e+03
727.0997948515045,7.013704142631007926e+03
727.1736528398144,6.963284427931764185e+03
727.2475046789152,7.027650021164841746e+03
727.3214244199837,6.931101631315224950e+03
727.3952533686669,7.002976543758828484e+03
727.4691766890326,6.989030665224994664e+03
727.5430356383624,6.967575467480635780e+03
727.6168831154938,6.969720987255072032e+03
727.6907985389481,6.927883351653571481e+03
727.7646495352022,6.965429947706199528e+03
727.838494332822,6.946120269736276896e+03
727.9123488191613,6.924665071991917102e+03
727.986271291593,6.921446792330263634e+03
728.0601080662049,6.940756470300187175e+03
728.1339810274446,6.884972956164852803e+03
728.2078212555151,6.886045716052070929e+03
728.2817295008361,6.850644639773878225e+03
728.3555996998778,6.852790159548314477e+03
728.429453049297,6.860299478758840451e+03
728.5033054557948,6.838844281014480657e+03
728.577140989502,6.846353600225006630e+03
728.6509914915385,6.857081199097186072e+03
728.7248569664563,6.844208080450570378e+03
728.7987108614303,6.856008439209967946e+03
728.872558477417,6.791642845976890385e+03
728.9464688832253,6.766969368570878032e+03
729.0203145595359,6.804515964623506079e+03
729.0941805149681,6.792715605864108511e+03
729.1680295392798,6.754096249924262338e+03
729.2418722535059,6.768042128458095249e+03
729.3156767351837,6.760532809247570185e+03
729.3895227579071,6.712258614322761787e+03
729.4633837365335,6.758387289473133933e+03
729.5372330643772,6.750877970262607960e+03
729.6110920231105,6.749805210375390743e+03
729.6849499652391,6.696167216014492624e+03
729.7587909091665,6.703676535225018597e+03
729.832646799371,6.692948936352838246e+03
729.9064377258716,6.641456461766376378e+03
729.9802755476569,6.712258614322761787e+03
730.0541496290818,6.648965780976902352e+03
730.1279906863275,6.648965780976902352e+03
730.2018413503896,6.626437823345325342e+03
730.2756322932343,6.632874382668633189e+03
730.3494914925877,6.628583343119761594e+03
730.4233389576001,6.599618826164876737e+03
730.497121314011,6.567436029548337501e+03
730.5709933006522,6.572799828984427222e+03
730.6448321837362,6.532034953270144797e+03
730.7186379386568,6.536325992819016392e+03
730.7924799682986,6.556708430676158059e+03
730.8662835069548,6.499852156653606471e+03
730.940128667791,6.530962193382926671e+03
731.0139673771906,6.517016314849093760e+03
731.0877622124666,6.482687998458119182e+03
731.1616307539186,6.500924916540824597e+03
731.2354072830598,6.437632083194964252e+03
731.3092735761231,6.422613444773913216e+03
731.3830531589755,6.436559323307747036e+03
731.4569011330443,6.400085487142336206e+03
731.5307105078027,6.388285128382938638e+03
731.6044812553652,6.419395165112259747e+03
731.6783471861277,6.358247851540835654e+03
731.7521477148499,6.361466131202490033e+03
731.8259899112759,6.367902690525796970e+03
731.899766660658,6.341083693345348365e+03
731.9735636445379,6.341083693345348365e+03
732.0473701527895,6.301391577518284066e+03
732.1212183467612,6.331428854360387049e+03
732.195006386356,6.291736738533322750e+03
732.2688093011474,6.286372939097233029e+03
732.3426485486638,6.302464337405502192e+03
732.4164544099781,6.273499820450617335e+03
732.4902214949792,6.264917741352873236e+03
732.5640302732379,6.258481182029565389e+03
732.6378270896475,6.209134227217539774e+03
732.7116656191168,6.228443905187463315e+03
732.7854653361854,6.198406628345360332e+03
732.8592530670325,6.197333868458142206e+03
732.9330341718326,6.202697667894231927e+03
733.0068247610646,6.170514871277693601e+03
733.0806302100424,6.135113794999500897e+03
733.1544290226378,6.176951430601000538e+03
733.2282104378809,6.121167916465667076e+03
733.3020120820065,6.129749995563411176e+03
733.3758016923423,6.095421679172435688e+03
733.4495738776542,6.106149278044616040e+03
733.5233662868974,6.126531715901756797e+03
733.5971735461529,6.067529922104768957e+03
733.6709687462483,6.054656803458154172e+03
733.7447518754218,6.056802323232589515e+03
733.818549846392,6.069675441879205209e+03
733.8923357337387,6.042856444698756604e+03
733.9660610421337,5.996727769548384458e+03
734.039849657903,6.003164328871691396e+03
734.113653111708,5.973127052029589322e+03
734.1874498467755,5.989218450337858485e+03
734.2612290717857,5.969908772367934944e+03
734.3349476318791,5.959181173495755502e+03
734.4087618993168,5.949526334510794186e+03
734.4825316665394,5.955962893834102033e+03
734.5563216510071,5.974199811916806539e+03
734.6300724954872,5.955962893834102033e+03
734.7038651403906,5.904470419247639256e+03
734.7776456166251,5.893742820375459814e+03
734.8513869120628,5.939871495525831961e+03
734.9251700158896,5.866923823195011209e+03
734.99889230638,5.904470419247639256e+03
735.0727050353661,5.889451780826588219e+03
735.1464785471829,5.855123464435613641e+03
735.220218219237,5.893742820375459814e+03
735.2939943121419,5.835813786465690100e+03
735.367736543824,5.813285828834113090e+03
735.4415206118363,5.821867907931857189e+03
735.5152599796714,5.817576868382984685e+03
735.5890466014831,5.804703749736369900e+03
735.662766849309,5.801485470074715522e+03
735.7365830712438,5.769302673458177196e+03
735.8103058246913,5.781103032217574764e+03
735.8840433540496,5.777884752555920386e+03
735.957822745456,5.778957512443138512e+03
736.0315681756952,5.802558229961933648e+03
736.1052958754302,5.741410916390510465e+03
736.1790654451154,5.744629196052163934e+03
736.252801015933,5.732828837292766366e+03
736.326545937147,5.695282241240138319e+03
736.4003381699183,5.728537797743894771e+03
736.4740584115469,5.685627402255176094e+03
736.5477988397872,5.723173998307805050e+03
736.6215269056551,5.677045323157432904e+03
736.6952425972906,5.665244964398035336e+03
736.7690544685436,5.647008046315329921e+03
736.8427725447069,5.665244964398035336e+03
736.9165053742005,5.639498727104803947e+03
736.9902258037228,5.662026684736380957e+03
737.0639609845649,5.613752489811573469e+03
737.137689186275,5.659881164961945615e+03
737.2114267046566,5.580496933307816107e+03
737.2851517972983,5.611606970037137216e+03
737.358897074205,5.612679729924355343e+03
737.4326244765816,5.572987614097291043e+03
737.5063448675909,5.562260015225110692e+03
737.5800799995792,5.560114495450675349e+03
737.6538026703106,5.581569693195034233e+03
737.7275346375662,5.544023097142406186e+03
737.8012595719805,5.537586537819098339e+03
737.8749992432967,5.563332775112328818e+03
737.9487264275168,5.517204099961956672e+03
738.022468346593,5.509694780751431608e+03
738.0961977656417,5.505403741202559104e+03
738.169865632222,5.463566105601058553e+03
738.2435972558687,5.488239583007071815e+03
738.3173218057595,5.444256427631135921e+03
738.3910556298822,5.464638865488276679e+03
738.4647823694751,5.454984026503315363e+03
738.5384638351453,5.414219150789032938e+03
738.612192738524,5.457129546277751615e+03
738.685909081362,5.460347825939405084e+03
738.7595855634423,5.452838506728879111e+03
738.8332985789483,5.447474707292789390e+03
738.9070317658445,5.411000871127379469e+03
738.9807032179243,5.417437430450686406e+03
739.0544385201678,5.390618433270237801e+03
739.1281065918952,5.382036354172494612e+03
739.2018439933116,5.404564311804071622e+03
739.2755687822585,5.342344238345429403e+03
739.3492317494262,5.376672554736403981e+03
739.4229859424029,5.338053198796557808e+03
739.4966509491076,5.314452481277762672e+03
739.5703798618135,5.289779003871749410e+03
739.6440468874771,5.300506602743929761e+03
739.7177778366447,5.223267890864236506e+03
739.791446866122,5.283342444548442472e+03
739.8651032005454,5.212540291992057064e+03
739.9388289543585,5.255450687480774832e+03
740.0125146409633,5.217904091428146785e+03
740.086187618405,5.190012334360480054e+03
740.1599026583724,5.240432049059723795e+03
740.2335830692062,5.176066455826646234e+03
740.3072452674804,5.210394772217620812e+03
740.3809769441689,5.182503015149954081e+03
740.4546465508478,5.132083300450710340e+03
740.5283253357537,5.144956419097325124e+03
740.6019968452496,5.144956419097325124e+03
740.6757323886792,5.137447099886800061e+03
740.7493783611862,5.096682224172517635e+03
740.8230664214437,5.077372546202594094e+03
740.8967416974003,5.072008746766504373e+03
740.9704041770528,5.048408029247709237e+03
741.0440813057113,5.069863226992068121e+03
741.1177456249695,5.035534910601093543e+03
741.1914740338814,4.997988314548465496e+03
741.265145682029,5.008715913420644938e+03
741.3387990020083,5.020516272180042506e+03
741.4124669600711,4.976533116804106612e+03
741.4861550585991,4.978678636578541955e+03
741.5598248114671,4.952932399285311476e+03
741.6334872037764,4.967951037706362513e+03
741.7070817125386,4.973314837142452234e+03
741.7807678621677,4.931477201540951683e+03
741.8544191228816,4.959368958608618414e+03
741.9281125335501,4.888566806052233915e+03
742.0017600242695,4.911094763683810925e+03
742.0754276444354,4.884275766503361410e+03
742.1491098938311,4.888566806052233915e+03
742.2227792320809,4.893930605488323636e+03
742.2963860567804,4.842438130901861769e+03
742.3700570824167,4.844583650676297111e+03
742.4437151716932,4.820982933157501975e+03
742.5173878791576,4.829565012255246074e+03
742.5909980073593,4.836001571578553921e+03
742.6646723713906,4.784509096992092054e+03
742.7383392893086,4.792018416202617118e+03
742.8119656461523,4.785581856879309271e+03
742.8856286765096,4.775927017894347955e+03
742.9592842387771,4.735162142180065530e+03
743.0328991982909,4.795236695864271496e+03
743.1065563576633,4.750180780601117476e+03
743.1801728901319,4.734089382292847404e+03
743.2538592524501,4.748035260826681224e+03
743.3274497210764,4.710488664774052268e+03
743.4011100282263,4.672942068721424221e+03
743.4747296601421,4.685815187368039915e+03
743.5483970465806,4.706197625225180673e+03
743.6220182060574,4.674014828608642347e+03
743.6956816000841,4.679378628044732068e+03
743.7692821427946,4.674014828608642347e+03
743.8429470520473,4.664359989623680121e+03
743.916576747615,4.645050311653757490e+03
743.990165669035,4.670796548946987969e+03
744.0638466591978,4.631104433119923669e+03
744.1374370340701,4.598921636503385344e+03
744.2110696595498,4.625740633683833948e+03
744.284716858413,4.609649235375564785e+03
744.3583232280512,4.595703356841730965e+03
744.4319496995879,4.607503715601128533e+03
744.5055574804348,4.578539198646243676e+03
744.5791520991629,4.557084000901884792e+03
744.6528444452033,4.562447800337974513e+03
744.7264460022811,4.564593320112410765e+03
744.8000565630955,4.588194037631205902e+03
744.8736594835683,4.527046724059781809e+03
744.9472714032472,4.545283642142487224e+03
745.0208756714717,4.531337763608653404e+03
745.094494486024,4.520610164736473962e+03
745.168100087441,4.498082207104896952e+03
745.2416924635781,4.535628803157525908e+03
745.3152993770332,4.508809805977076394e+03
745.3889152760675,4.518464644962038619e+03
745.4625290474098,4.501300486766550421e+03
745.5361240107667,4.488427368119935636e+03
745.609733506721,4.459462851165050779e+03
745.6833575395775,4.488427368119935636e+03
745.7569683059694,4.449808012180088554e+03
745.8305713563644,4.456244571503396401e+03
745.9041833730809,4.450880772067306680e+03
745.9777876626403,4.444444212743998833e+03
746.0514009139459,4.421916255112421823e+03
746.1249507566789,4.432643853984601265e+03
746.1985429433485,4.454099051728961058e+03
746.2721496486159,4.435862133646255643e+03
746.3457708767787,4.433716613871819391e+03
746.4193230608547,4.418697975450768354e+03
746.4929176060401,4.405824856804152660e+03
746.5665266650274,4.406897616691370786e+03
746.640066621393,4.395097257931973218e+03
746.7136768253059,4.414406935901895849e+03
746.7873015449047,4.390806218383101623e+03
746.8608348022583,4.390806218383101623e+03
746.934460649653,4.376860339849267802e+03
747.0080507927156,4.372569300300396208e+03
747.0815940434294,4.370423780525959955e+03
747.1552131827909,4.353259622330472666e+03
747.2287630801482,4.340386503683856972e+03
747.3023777208953,4.352186862443254540e+03
747.3759007391845,4.318931305939498088e+03
747.4495220280663,4.336095464134985377e+03
747.5230740040879,4.324295105375587809e+03
747.5966125121065,4.306058187292882394e+03
747.6702213915038,4.298548868082356421e+03
747.7437608993716,4.303912667518447051e+03
747.8173763904779,4.287821269210176979e+03
747.8909168833824,4.280311949999651915e+03
747.9644718416794,4.302839907631228925e+03
748.0380188872018,4.320004065826716214e+03
748.111630768237,4.278166430225215663e+03
748.1851787691317,4.253492952819202401e+03
748.2587356337701,4.254565712706420527e+03
748.3322845630789,4.270657111014689690e+03
748.405875958131,4.241692594059804833e+03
748.4794258064913,4.226673955638753796e+03
748.5529901125466,4.222382916089882201e+03
748.626540858474,4.199854958458304282e+03
748.7000780320159,4.210582557330484633e+03
748.7736296540094,4.207364277668830255e+03
748.8471676901079,4.183763560150035119e+03
748.920776260387,4.218091876541009697e+03
748.994315154041,4.167672161841765956e+03
749.0678741021718,4.155871803082368388e+03
749.1414138274398,4.198782198571087065e+03
749.2149736068789,4.154799043195150261e+03
749.2885141477188,4.152653523420714919e+03
749.362046665244,4.139780404774099225e+03
749.4355374512597,4.149435243759060540e+03
749.5090988297237,4.139780404774099225e+03
749.5826465568359,4.086142410413201105e+03
749.656175000463,4.125834526240265404e+03
749.7297234916311,4.103306568608688394e+03
749.803286415846,4.102233808721470268e+03
749.8768356615918,4.093651729623727078e+03
749.9503205982728,4.065759972556059893e+03
750.0238705670453,4.101161048834253052e+03
750.0974068314757,4.066832732443278019e+03
750.170963144645,4.055032373683880451e+03
750.2444438267519,4.014267497969598026e+03
750.318000832892,4.000321619435764660e+03
750.3915384788514,4.020704057292905873e+03
750.4650398530696,3.997103339774110736e+03
750.5385837931271,3.994957819999674939e+03
750.6121083437756,3.976720901916969524e+03
750.6855965835151,4.011049218307944102e+03
750.7591555782365,3.998176099661328863e+03
750.8326444278694,3.992812300225238687e+03
750.9061758589805,3.969211582706444005e+03
750.9796652967866,3.946683625074866541e+03
751.053225528571,3.924155667443289531e+03
751.1267211857668,3.972429862368097474e+03
751.2002538005404,3.935956026202687099e+03
751.2737443726544,3.929519466879379252e+03
751.347283196831,3.900554949924494395e+03
751.4207743095347,3.933810506428251301e+03
751.4942572105898,3.914500828458327760e+03
751.567805321994,3.890900110939533079e+03
751.641288735935,3.865153873646301690e+03
751.7147865207419,3.881245271954571308e+03
751.7883269399143,3.865153873646301690e+03
751.8618252198199,3.839407636353070757e+03
751.9353096018531,3.838334876465853085e+03
752.0087800736492,3.834043836916981036e+03
752.082349748397,3.851207995112468325e+03
752.1558206716313,3.819025198495929544e+03
752.2293059510168,3.813661399059839823e+03
752.3028112503567,3.830825557255327112e+03
752.3762686487676,3.785769641992173092e+03
752.4497687028702,3.772896523345557398e+03
752.5232604672466,3.804006560074878507e+03
752.5967892449822,3.763241684360596082e+03
752.6702814069297,3.769678243683903474e+03
752.74378792351,3.768605483796685803e+03
752.8172521255437,3.748223045939544591e+03
752.890753342267,3.758950644811724032e+03
752.9642462347487,3.723549568533531328e+03
753.0377251232514,3.713894729548570012e+03
753.111218354199,3.720331288871877405e+03
753.1846408387155,3.701021610901954318e+03
753.2581116847355,3.681711932932031232e+03
753.331591190779,3.705312650450826368e+03
753.4050850339123,3.691366771916992548e+03
753.4785648318334,3.686002972480902827e+03
753.552064642568,3.676348133495941511e+03
753.6254879218887,3.672057093947069461e+03
753.698987997613,3.676348133495941511e+03
753.7724683210844,3.663475014849325817e+03
753.845940242228,3.663475014849325817e+03
753.9193696482735,3.629146698458351239e+03
753.9928702112186,3.631292218232787036e+03
754.0663566760842,3.657038455526017970e+03
754.1397721577508,3.634510497894440959e+03
754.2132588199502,3.639874297330530680e+03
754.286731357841,3.648456376428274325e+03
754.3601613060175,3.628073938571133112e+03
754.433662469434,3.617346339698953670e+03
754.5070697940439,3.602327701277902179e+03
754.580571120139,3.581945263420760966e+03
754.6540013426822,3.603400461165120305e+03
754.7274800348059,3.575508704097453119e+03
754.8009103674891,3.585163543082414890e+03
754.8743891803196,3.589454582631286939e+03
754.9478196065738,3.585163543082414890e+03
755.0212985235391,3.581945263420760966e+03
755.0947347284628,3.598036661729030584e+03
755.1681567061893,3.563708345338055551e+03
755.2416500027333,3.548689706917004514e+03
755.3150720303312,3.535816588270388820e+03
755.3884798044081,3.532598308608734897e+03
755.4619874570354,3.525088989398209378e+03
755.535395250506,3.499342752104978445e+03
755.6088173113466,3.490760673007234800e+03
755.6822593542736,3.463941675826785740e+03
755.7557385217809,3.495051712556106395e+03
755.8291520013627,3.519725189962119657e+03
755.9025740310907,3.481105834022273029e+03
755.9760160417866,3.519725189962119657e+03
756.0494380281855,3.510070350977157887e+03
756.122851408895,3.486469633458362750e+03
756.196279048058,3.492906192781670597e+03
756.2697209498288,3.484324113683926953e+03
756.3431485156143,3.476814794473400980e+03
756.4166132278519,3.476814794473400980e+03
756.490046430767,3.473596514811747511e+03
756.563402310791,3.438195438533554807e+03
756.6368296685728,3.453214076954606298e+03
756.710271280547,3.481105834022273029e+03
756.7836985147853,3.458577876390696019e+03
756.8571170870929,3.457505116503477893e+03
756.9305441765948,3.442486478082426402e+03
757.0039625924522,3.448923037405734249e+03
757.0773895204559,3.449995797292952375e+03
757.1508077630942,3.431758879210246960e+03
757.2241829078598,3.416740240789195468e+03
757.2975952154935,3.397430562819272382e+03
757.3710274951507,3.393139523270400332e+03
757.4444453309834,3.407085401804234152e+03
757.5178200187852,3.397430562819272382e+03
757.5912376210018,3.381339164511002764e+03
757.664669455667,3.371684325526041448e+03
757.7380294018718,3.377048124962131169e+03
757.8114609832415,3.374902605187695372e+03
757.884883822762,3.365247766202733601e+03
757.9582576961611,3.359883966766643880e+03
758.0316745087733,3.349156367894463983e+03
758.1050538201592,3.350229127781682109e+03
758.1784703328954,3.323410130601233050e+03
758.2518205742088,3.327701170150105099e+03
758.3252712680576,3.334137729473412946e+03
758.3986211596865,3.324482890488451176e+03
758.4720370175761,3.306245972405745761e+03
758.545415305501,3.319119091052361455e+03
758.6187790176235,3.316973571277925657e+03
758.692185702744,3.290154574097476598e+03
758.7655490229096,3.289081814210258472e+03
758.8389841161411,3.306245972405745761e+03
758.9123470329839,3.274063175789206980e+03
758.985729896929,3.291227333984694269e+03
759.0590923834825,3.264408336804245664e+03
759.1324978677417,3.289081814210258472e+03
759.2058656754364,3.275135935676425106e+03
759.2792419009955,3.267626616465899588e+03
759.3526092466964,3.235443819849360807e+03
759.4259619360007,3.283718014774168751e+03
759.4993807137987,3.213988622105001468e+03
759.5727617631621,3.225788980864399036e+03
759.6461281405926,3.217206901766655392e+03
759.7194798334775,3.220425181428309315e+03
759.79284569346,3.237589339623796604e+03
759.8662199506782,3.201115503458386229e+03
759.9395910557283,3.205406543007257824e+03
760.0129416740881,3.198969983683949977e+03
760.0863064536592,3.191460664473424458e+03
760.1596565064068,3.171078226616283246e+03
760.2330264969562,3.172150986503501372e+03
760.3064048714377,3.189315144698988661e+03
760.3797685035091,3.165714427180193525e+03
760.4531231634235,3.145331989323052312e+03
760.5264341378603,3.141040949774180262e+03
760.5997823891312,3.172150986503501372e+03
760.6731505760081,3.151768548646360159e+03
760.7465329185825,3.137822670112526339e+03
760.8198946901349,3.135677150338090541e+03
760.893195347572,3.127095071240346897e+03
760.9665564561759,3.126022311353128771e+03
761.039908545017,3.115294712480949329e+03
761.1132805694576,3.103494353721551761e+03
761.186574038077,3.115294712480949329e+03
761.2599395757078,3.087402955413282598e+03
761.3332612942629,3.092766754849372319e+03
761.4066319227295,3.070238797217795309e+03
761.4799819030882,3.075602596653885030e+03
761.5532938204132,3.062729478007269336e+03
761.6266430583955,3.064874997781705588e+03
761.6999542102297,3.057365678571179615e+03
761.7733026886444,3.063802237894487462e+03
761.8466130577877,3.060583958232833538e+03
761.9199955907541,3.053074639022308020e+03
761.9932761350078,3.018746322631332987e+03
762.0665998139598,3.019819082518551113e+03
762.1399666484456,3.008018723759153545e+03
762.2132604654904,2.986563526014794661e+03
762.2866264890819,3.002654924323063824e+03
762.3599194586624,3.010164243533589342e+03
762.4332265236651,3.000509404548628027e+03
762.5065244315081,2.985490766127576535e+03
762.5798887714861,2.981199726578704485e+03
762.653209066283,2.979054206804268688e+03
762.726491103933,2.990854565563666256e+03
762.7998163192037,2.940434850864422515e+03
762.8731789131846,2.968326607932089246e+03
762.9464741276457,2.953307969511037754e+03
763.0197834275534,2.932925531653896542e+03
763.0930777014148,2.954380729398255880e+03
763.1663802334256,2.931852771766678416e+03
763.2396735482423,2.920052413007281302e+03
763.312980942364,2.917906893232845050e+03
763.3863024198473,2.902888254811793558e+03
763.4595855263992,2.932925531653896542e+03
763.5329060235777,2.902888254811793558e+03
763.6062114503713,2.884651336729088598e+03
763.6795017940418,2.910397574022319532e+03
763.7528120409493,2.902888254811793558e+03
763.8261013583818,2.886796856503524396e+03
763.8994105781957,2.878214777405780751e+03
763.9727280347157,2.871778218082472904e+03
764.0459486507003,2.863196138984729259e+03
764.1192708849686,2.857832339548639538e+03
764.1925721540134,2.866414418646383183e+03
764.265864123763,2.857832339548639538e+03
764.339170153393,2.843886461014806173e+03
764.4124025979912,2.821358503383229163e+03
764.4857075207827,2.825649542932100758e+03
764.5590265043799,2.831013342368190479e+03
764.6322718534416,2.818140223721575239e+03
764.7055663242454,2.815994703947138987e+03
764.7788689989354,2.819212983608792911e+03
764.8520979783581,2.793466746315561977e+03
764.9254053449329,2.790248466653908054e+03
764.9986623906358,2.814921944059921316e+03
765.0719685894694,2.782739147443382535e+03
765.1451951672625,2.782739147443382535e+03
765.2185001752471,2.781666387556164409e+03
765.2917606634498,2.774157068345638891e+03
765.3650586119669,2.768793268909549170e+03
765.438288577042,2.773084308458420765e+03
765.5115911575078,2.725882873420830947e+03
765.5848491670143,2.749483590939625628e+03
765.6580918875516,2.759138429924587399e+03
765.7313779407682,2.747338071165189831e+03
765.8046193790093,2.739828751954664313e+03
765.8778806952203,2.736610472293010389e+03
765.9511794972256,2.730173912969702542e+03
766.0244043117671,2.738755992067446186e+03
766.0976489972652,2.740901511841881984e+03
766.1709018207467,2.734464952518574592e+03
766.2441451689594,2.736610472293010389e+03
766.31745537396,2.739828751954664313e+03
766.3906973785047,2.718373554210304974e+03
766.4639240114803,2.724810113533612821e+03
766.5371587632285,2.734464952518574592e+03
766.610413388223,2.718373554210304974e+03
766.6836526256157,2.721591833871958897e+03
766.7569058583788,2.710864234999779455e+03
766.8301436890999,2.713009754774215253e+03
766.9033661049401,2.695845596578727964e+03
766.9766319183701,2.697991116353163761e+03
767.049858779082,2.715155274548651050e+03
767.1230937389751,2.691554557029855914e+03
767.196342684586,2.678681438383240675e+03
767.2695820718163,2.662590040074971057e+03
767.3427706741372,2.635771042894522452e+03
767.4160085761127,2.678681438383240675e+03
767.4892545691928,2.689409037255420117e+03
767.5624909794419,2.650789681315573489e+03
767.6357413679548,2.665808319736624981e+03
767.7089173321764,2.645425881879483768e+03
767.7821603029794,2.657226240638881336e+03
767.8553936664732,2.629334483571214605e+03
767.928641001735,2.633625523120086200e+03
768.001843330076,2.629334483571214605e+03
768.0750596156819,2.618606884699035163e+03
768.1482662604737,2.600369966616329748e+03
768.2215104680862,2.618606884699035163e+03
768.2947391311019,2.618606884699035163e+03
768.3679227171707,2.588569607856932180e+03
768.441155676817,2.614315845150163113e+03
768.5143376298478,2.606806525939637595e+03
768.5875985030231,2.581060288646406207e+03
768.6607551772538,2.595006167180240027e+03
768.7340085126597,2.587496847969714054e+03
768.8071930624363,2.603588246277983671e+03
768.8803619892306,2.587496847969714054e+03
768.9535980606818,2.596078927067457698e+03
769.0267948587721,2.570332689774226765e+03
769.0999760176759,2.578914768871970409e+03
769.1732302685929,2.568187169999790967e+03
769.2464097142773,2.566041650225355170e+03
769.3195794118245,2.576769249097534612e+03
769.3928163071785,2.568187169999790967e+03
769.4660079399233,2.584278568308060130e+03
769.5391838897698,2.584278568308060130e+03
769.6123796819868,2.563896130450918918e+03
769.6855538548153,2.546731972255431629e+03
769.7587182425186,2.543513692593777705e+03
769.8319202468393,2.544586452480995831e+03
769.9051421026546,2.548877492029867881e+03
769.97834824532,2.525276774511072745e+03
770.0515030831361,2.549950251917085552e+03
770.1247074085248,2.546731972255431629e+03
770.1978663329771,2.548877492029867881e+03
770.2710688242653,2.515621935526110974e+03
770.3442258887268,2.520985734962200695e+03
770.4173671736539,2.498457777330623685e+03
770.4905282854356,2.501676056992277609e+03
770.5637270444658,2.512403655864457050e+03
770.6369100189285,2.497385017443405559e+03
770.7100771958651,2.513476415751675177e+03
770.7832642087253,2.487730178458444243e+03
770.856459180459,2.480220859247918270e+03
770.9295551317979,2.480220859247918270e+03
771.0027481693259,2.490948458120098167e+03
771.0759313239301,2.480220859247918270e+03
771.1490926926053,2.453401862067469665e+03
771.2222144154819,2.467347740601303030e+03
771.2954094963922,2.456620141729123134e+03
771.368588721728,2.437310463759200047e+03
771.4417223223901,2.457692901616341260e+03
771.5148995537488,2.440528743420853971e+03
771.5880013670636,2.409418706691533316e+03
771.6612063537742,2.414782506127623037e+03
771.734306117772,2.416928025902058835e+03
771.8074852581613,2.411564226465969114e+03
771.8806127402132,2.393327308383263698e+03
771.953783876625,2.386890749059955851e+03
772.0269152446992,2.400836627593789672e+03
772.1000843158894,2.384745229285520054e+03
772.1732135949969,2.394400068270481825e+03
772.2463209463975,2.385817989172738180e+03
772.3195077548475,2.374017630413340612e+03
