X,Y
534.0101317591491,1.549000000000000000e+03
534.0858154923093,1.567000000000000000e+03
534.1614989393564,1.557000000000000000e+03
534.2371827188268,1.559000000000000000e+03
534.3128661652567,1.565000000000000000e+03
534.3885498975031,1.568000000000000000e+03
534.4642333068265,1.566000000000000000e+03
534.5399780450128,1.571000000000000000e+03
534.6156616266504,1.577000000000000000e+03
534.6913452579174,1.590000000000000000e+03
534.7670287009721,1.603000000000000000e+03
534.8427124042446,1.602000000000000000e+03
534.9183960727204,1.610000000000000000e+03
534.9940796114086,1.620000000000000000e+03
535.0697633832956,1.641000000000000000e+03
535.1454468067278,1.634000000000000000e+03
535.221130445245,1.635000000000000000e+03
535.2968750369992,1.635000000000000000e+03
535.3725585229043,1.649000000000000000e+03
535.4482421968496,1.654000000000000000e+03
535.5239257631308,1.659000000000000000e+03
535.5996092125818,1.665000000000000000e+03
535.6752931099272,1.673000000000000000e+03
535.7509765853897,1.657000000000000000e+03
535.8266602037646,1.658000000000000000e+03
535.9023439561084,1.681000000000000000e+03
535.9780275462002,1.688000000000000000e+03
536.0537112521963,1.690000000000000000e+03
536.1293944902684,1.693000000000000000e+03
536.2050778259976,1.679000000000000000e+03
536.2807615380117,1.690000000000000000e+03
536.3564450422236,1.704000000000000000e+03
536.4321289049296,1.711000000000000000e+03
536.5078125417075,1.719000000000000000e+03
536.5834959433245,1.724000000000000000e+03
536.6591796765483,1.722000000000000000e+03
536.7348634445389,1.720000000000000000e+03
536.8105466619603,1.736000000000000000e+03
536.8862301840559,1.736000000000000000e+03
536.9619140020544,1.757000000000000000e+03
537.0375978187705,1.748000000000000000e+03
537.1132201766717,1.784000000000000000e+03
537.188903946424,1.777000000000000000e+03
537.2645876878013,1.764000000000000000e+03
537.3402711030283,1.779000000000000000e+03
537.4159547604477,1.775000000000000000e+03
537.4916380734585,1.806000000000000000e+03
537.5673216107183,1.794000000000000000e+03
537.6430053634106,1.804000000000000000e+03
537.7186890335724,1.801000000000000000e+03
537.794372612133,1.821000000000000000e+03
537.8699953361421,1.809000000000000000e+03
537.9456783977836,1.803000000000000000e+03
538.021362208817,1.808000000000000000e+03
538.0970458922386,1.824000000000000000e+03
538.1727294389524,1.819000000000000000e+03
538.2484128398571,1.826000000000000000e+03
538.3240966654321,1.835000000000000000e+03
538.3997191638312,1.836000000000000000e+03
538.4754029256472,1.850000000000000000e+03
538.5510865056854,1.848000000000000000e+03
538.6267701849378,1.856000000000000000e+03
538.7024536643171,1.882000000000000000e+03
538.7780762657804,1.874000000000000000e+03
538.8537598816796,1.885000000000000000e+03
538.9294432706045,1.873000000000000000e+03
539.005127004456,1.880000000000000000e+03
539.0808107839589,1.893000000000000000e+03
539.1564332646709,1.910000000000000000e+03
539.2321165099562,1.913000000000000000e+03
539.3078003555032,1.922000000000000000e+03
539.3834842110005,1.918000000000000000e+03
539.4591060810683,1.926000000000000000e+03
539.534789912255,1.928000000000000000e+03
539.6104737265628,1.951000000000000000e+03
539.6861575150391,1.927000000000000000e+03
539.7617795040509,1.943000000000000000e+03
539.8374631966658,1.959000000000000000e+03
539.9131474195725,1.962000000000000000e+03
539.9888304147614,1.971000000000000000e+03
540.0644529633364,1.969000000000000000e+03
540.1401366658797,1.975000000000000000e+03
540.2158202799441,1.981000000000000000e+03
540.2914433701576,1.970000000000000000e+03
540.3671264713553,1.981000000000000000e+03
540.4428103331512,1.987000000000000000e+03
540.5184327171496,1.988000000000000000e+03
540.5941163044432,2.006000000000000000e+03
540.6697994572272,1.996000000000000000e+03
540.745421930671,2.006000000000000000e+03
540.821105632202,2.003000000000000000e+03
540.8967891647902,2.016000000000000000e+03
540.972411647952,2.018000000000000000e+03
541.0480956767028,2.030000000000000000e+03
541.1237186043711,2.031000000000000000e+03
541.1994019229727,2.050000000000000000e+03
541.2750859066534,2.038000000000000000e+03
541.3507078321152,2.073000000000000000e+03
541.4263919308671,2.072000000000000000e+03
541.5020139190151,2.065000000000000000e+03
541.5776975109101,2.108000000000000000e+03
541.6533817245662,2.075000000000000000e+03
541.7290037489801,2.092000000000000000e+03
541.8046871086901,2.101000000000000000e+03
541.8803102816472,2.094000000000000000e+03
541.9559936322438,2.117000000000000000e+03
542.0316161571506,2.133000000000000000e+03
542.1072997568957,2.146000000000000000e+03
542.182921891493,2.129000000000000000e+03
542.2586057052214,2.158000000000000000e+03
542.3342282960375,2.161000000000000000e+03
542.4099119945816,2.173000000000000000e+03
542.4855953364454,2.137000000000000000e+03
542.561218260454,2.168000000000000000e+03
542.636840481542,2.166000000000000000e+03
542.7125244321167,2.190000000000000000e+03
542.7881467096405,2.195000000000000000e+03
542.8638304387697,2.195000000000000000e+03
542.9394533270257,2.190000000000000000e+03
543.0151370941302,2.226000000000000000e+03
543.0907590839746,2.225000000000000000e+03
543.1664425585407,2.219000000000000000e+03
543.242065384064,2.239000000000000000e+03
543.3177488258447,2.245000000000000000e+03
543.3933712718681,2.250000000000000000e+03
543.4689940969562,2.254000000000000000e+03
543.5446775625552,2.248000000000000000e+03
543.6203002505497,2.257000000000000000e+03
543.6959835951617,2.264000000000000000e+03
543.7716067020338,2.263000000000000000e+03
543.8472292575915,2.273000000000000000e+03
543.9229124939819,2.305000000000000000e+03
543.9985348240249,2.278000000000000000e+03
544.0742187390317,2.280000000000000000e+03
544.1498414005029,2.293000000000000000e+03
544.2254643542844,2.294000000000000000e+03
544.3011471408596,2.313000000000000000e+03
544.3767703738934,2.315000000000000000e+03
544.4523923913528,2.336000000000000000e+03
544.5280757472427,2.333000000000000000e+03
544.6036988807289,2.344000000000000000e+03
544.67932136464,2.342000000000000000e+03
544.7550046185858,2.356000000000000000e+03
544.8306272767223,2.369000000000000000e+03
544.9062501489861,2.378000000000000000e+03
544.9819341128931,2.379000000000000000e+03
545.0575562162575,2.383000000000000000e+03
545.1331788045511,2.408000000000000000e+03
545.2088012749358,2.424000000000000000e+03
545.2844848696172,2.417000000000000000e+03
545.3601076895079,2.436000000000000000e+03
545.43572947281,2.437000000000000000e+03
545.5113525905954,2.435000000000000000e+03
545.5870365682862,2.442000000000000000e+03
545.6626587757235,2.470000000000000000e+03
545.7382811014886,2.455000000000000000e+03
545.8139032390501,2.467000000000000000e+03
545.8895266695137,2.476000000000000000e+03
545.9652101066034,2.497000000000000000e+03
546.0408325382961,2.523000000000000000e+03
546.1164550450122,2.518000000000000000e+03
546.192077618109,2.502000000000000000e+03
546.2676999505306,2.516000000000000000e+03
546.3433835225351,2.520000000000000000e+03
546.4190059610715,2.530000000000000000e+03
546.4946284312066,2.521000000000000000e+03
546.5702518204907,2.536000000000000000e+03
546.6458743280662,2.557000000000000000e+03
546.7214965423211,2.549000000000000000e+03
546.7971190523004,2.574000000000000000e+03
546.8728022616718,2.576000000000000000e+03
546.9484253544907,2.572000000000000000e+03
547.0240475207671,2.568000000000000000e+03
547.0996702476461,2.571000000000000000e+03
547.1752923293161,2.575000000000000000e+03
547.2509149545047,2.592000000000000000e+03
547.3265384145596,2.634000000000000000e+03
547.4021609036118,2.612000000000000000e+03
547.4777839108516,2.585000000000000000e+03
547.5534062287874,2.620000000000000000e+03
547.6290290477787,2.594000000000000000e+03
547.7046508596815,2.621000000000000000e+03
547.7802734553864,2.637000000000000000e+03
547.8558968268902,2.635000000000000000e+03
547.9315795108378,2.626000000000000000e+03
548.0072023238916,2.636000000000000000e+03
548.0828240851819,2.658000000000000000e+03
548.158446588061,2.658000000000000000e+03
548.2340698245029,2.682000000000000000e+03
548.309691681972,2.668000000000000000e+03
548.3852538097661,2.675000000000000000e+03
548.4608773760027,2.702000000000000000e+03
548.536499536407,2.698000000000000000e+03
548.612122388014,2.698000000000000000e+03
548.68774411642,2.706000000000000000e+03
548.7633662177788,2.702000000000000000e+03
548.8389892862256,2.720000000000000000e+03
548.9146127113272,2.718000000000000000e+03
548.9902349778101,2.725000000000000000e+03
549.0658578849419,2.745000000000000000e+03
549.141479313746,2.734000000000000000e+03
549.2171016675064,2.749000000000000000e+03
549.2927243349359,2.785000000000000000e+03
549.3683479112998,2.756000000000000000e+03
549.4439089921315,2.779000000000000000e+03
549.5195316276067,2.772000000000000000e+03
549.5951530325656,2.778000000000000000e+03
549.6707765209143,2.793000000000000000e+03
549.7463990635691,2.798000000000000000e+03
549.822021860376,2.807000000000000000e+03
549.8976433910192,2.818000000000000000e+03
549.9732061764616,2.837000000000000000e+03
550.0488287607203,2.822000000000000000e+03
550.1244497492662,2.830000000000000000e+03
550.200073370286,2.849000000000000000e+03
550.2756953781283,2.869000000000000000e+03
550.3512570028997,2.865000000000000000e+03
550.4268799800959,2.871000000000000000e+03
550.5025031350328,2.880000000000000000e+03
550.5781252467448,2.883000000000000000e+03
550.6537475186851,2.905000000000000000e+03
550.7293092818632,2.884000000000000000e+03
550.8049324390782,2.908000000000000000e+03
550.8805542142017,2.922000000000000000e+03
550.9561764188561,2.932000000000000000e+03
551.0317377103687,2.948000000000000000e+03
551.1073604289286,2.948000000000000000e+03
551.1829838560429,2.963000000000000000e+03
551.2585441676853,2.960000000000000000e+03
551.3341680585975,2.954000000000000000e+03
551.4097905052907,2.979000000000000000e+03
551.4853518873565,2.960000000000000000e+03
551.560975050709,2.997000000000000000e+03
551.6365964383417,2.974000000000000000e+03
551.7121588156307,3.011000000000000000e+03
551.7877808687301,3.007000000000000000e+03
551.8634032503246,3.027000000000000000e+03
551.9389644155551,3.006000000000000000e+03
552.0145871077875,3.050000000000000000e+03
552.0902104083716,3.038000000000000000e+03
552.1657724172139,3.035000000000000000e+03
552.2413941487546,3.049000000000000000e+03
552.316956367426,3.046000000000000000e+03
552.3925786297606,3.027000000000000000e+03
552.4682011532487,3.066000000000000000e+03
552.543762258061,3.076000000000000000e+03
552.6193849567069,3.064000000000000000e+03
552.6949464916294,3.071000000000000000e+03
552.7705696373582,3.076000000000000000e+03
552.8461297353178,3.089000000000000000e+03
552.9217529886566,3.072000000000000000e+03
552.9973749156402,3.124000000000000000e+03
553.0729370817561,3.112000000000000000e+03
553.1485590650714,3.108000000000000000e+03
553.2241215439628,3.128000000000000000e+03
553.2997438559906,3.129000000000000000e+03
553.3753047769433,3.115000000000000000e+03
553.4509270774954,3.135000000000000000e+03
553.5264900812087,3.150000000000000000e+03
553.6020510419006,3.146000000000000000e+03
553.6776737137039,3.146000000000000000e+03
553.7532348683754,3.159000000000000000e+03
553.8288577510665,3.161000000000000000e+03
553.9044187594093,3.171000000000000000e+03
553.9800418193971,3.174000000000000000e+03
554.0556029544349,3.192000000000000000e+03
554.1312261581751,3.203000000000000000e+03
554.2067873863363,3.178000000000000000e+03
554.2823483327697,3.203000000000000000e+03
554.3579713732983,3.222000000000000000e+03
554.4335326694874,3.204000000000000000e+03
554.5090936584586,3.229000000000000000e+03
554.584716767065,3.254000000000000000e+03
554.6602777478835,3.250000000000000000e+03
554.7359005576258,3.268000000000000000e+03
554.811461496489,3.280000000000000000e+03
554.887024240689,3.254000000000000000e+03
554.9626469921724,3.288000000000000000e+03
555.0382074888055,3.271000000000000000e+03
555.1137700749202,3.306000000000000000e+03
555.1893923838069,3.312000000000000000e+03
555.2649526697769,3.315000000000000000e+03
555.3405147131978,3.310000000000000000e+03
555.4160766561847,3.346000000000000000e+03
555.4916986616038,3.327000000000000000e+03
555.567260086001,3.357000000000000000e+03
555.6428216930904,3.335000000000000000e+03
555.7183828569865,3.360000000000000000e+03
555.7940062770506,3.361000000000000000e+03
555.8695671633445,3.373000000000000000e+03
555.9451294349751,3.408000000000000000e+03
556.0206899931026,3.405000000000000000e+03
556.0963125320252,3.390000000000000000e+03
556.1718746003635,3.424000000000000000e+03
556.2474361661959,3.407000000000000000e+03
556.3229975302373,3.419000000000000000e+03
556.3985586839551,3.423000000000000000e+03
556.474121786456,3.441000000000000000e+03
556.5497428952771,3.442000000000000000e+03
556.6253049329307,3.463000000000000000e+03
556.7008670368431,3.445000000000000000e+03
556.7764288887112,3.501000000000000000e+03
556.8519901698909,3.483000000000000000e+03
556.9275511817332,3.506000000000000000e+03
557.0031119156688,3.506000000000000000e+03
557.0787350511337,3.495000000000000000e+03
557.1542970830619,3.506000000000000000e+03
557.2298585018557,3.520000000000000000e+03
557.3054199198536,3.523000000000000000e+03
557.3809810180427,3.523000000000000000e+03
557.4565433416152,3.526000000000000000e+03
557.5321034639713,3.541000000000000000e+03
557.6076654170306,3.527000000000000000e+03
557.6832285719311,3.553000000000000000e+03
557.758789499279,3.538000000000000000e+03
557.8343497448333,3.573000000000000000e+03
557.9099117898252,3.559000000000000000e+03
557.9854734479619,3.548000000000000000e+03
558.0610343991784,3.568000000000000000e+03
558.136597126716,3.561000000000000000e+03
558.212159130897,3.565000000000000000e+03
558.2877188443963,3.583000000000000000e+03
558.3632818688957,3.600000000000000000e+03
558.4388425854064,3.574000000000000000e+03
558.514404727009,3.621000000000000000e+03
558.5899664144215,3.615000000000000000e+03
558.6655273268674,3.617000000000000000e+03
558.7410880798027,3.597000000000000000e+03
558.8166499139063,3.639000000000000000e+03
558.8922112599597,3.618000000000000000e+03
558.967713057182,3.647000000000000000e+03
559.0432733851013,3.637000000000000000e+03
559.1188350745749,3.665000000000000000e+03
559.1943962422328,3.672000000000000000e+03
559.2699587560661,3.684000000000000000e+03
559.3455204188144,3.657000000000000000e+03
559.4210818474133,3.677000000000000000e+03
559.4965813652148,3.725000000000000000e+03
559.5721432228186,3.716000000000000000e+03
559.6477045081621,3.702000000000000000e+03
559.7232670922535,3.739000000000000000e+03
559.7988272073811,3.714000000000000000e+03
559.8743904855485,3.731000000000000000e+03
559.9498901362008,3.715000000000000000e+03
560.0254518646021,3.718000000000000000e+03
560.101013283851,3.758000000000000000e+03
560.1765737578455,3.754000000000000000e+03
560.2520742676722,3.775000000000000000e+03
560.3276375176861,3.793000000000000000e+03
560.403197913604,3.773000000000000000e+03
560.4787595286434,3.780000000000000000e+03
560.5542610824292,3.810000000000000000e+03
560.6298210114372,3.841000000000000000e+03
560.7053824499653,3.823000000000000000e+03
560.7808837538506,3.853000000000000000e+03
560.8564453427125,3.844000000000000000e+03
560.9320065306349,3.862000000000000000e+03
561.0075071957364,3.871000000000000000e+03
561.083068484358,3.882000000000000000e+03
561.1586309213625,3.885000000000000000e+03
561.2341311877121,3.902000000000000000e+03
561.3096921017152,3.917000000000000000e+03
561.38525414016,3.913000000000000000e+03
561.4607536176175,3.941000000000000000e+03
561.5363159739327,3.925000000000000000e+03
561.611815719338,3.951000000000000000e+03
561.6873783611869,3.983000000000000000e+03
561.7629398798018,3.968000000000000000e+03
561.8384390275503,3.981000000000000000e+03
561.9140001503621,3.971000000000000000e+03
561.9895023263028,3.975000000000000000e+03
562.0650627048851,3.997000000000000000e+03
562.14056440411,3.987000000000000000e+03
562.216124320646,4.010000000000000000e+03
562.2916255096501,4.019000000000000000e+03
562.3671880931936,4.007000000000000000e+03
562.4426887392855,4.015000000000000000e+03
562.5182476319993,4.019000000000000000e+03
562.5937508658709,4.007000000000000000e+03
562.6693123627057,4.033000000000000000e+03
562.74481182221,4.003000000000000000e+03
562.8203758929451,4.009000000000000000e+03
562.8958747095527,4.042000000000000000e+03
562.9714349860473,4.045000000000000000e+03
563.0469362954447,4.029000000000000000e+03
563.122495911675,4.062000000000000000e+03
563.1979996843967,4.057000000000000000e+03
563.2735014976146,4.067000000000000000e+03
563.3490616404131,4.079000000000000000e+03
563.4245626960928,4.073000000000000000e+03
563.5001252712681,4.056000000000000000e+03
563.5756223602802,4.053000000000000000e+03
563.651123796897,4.100000000000000000e+03
563.7266867782757,4.085000000000000000e+03
563.8021841965968,4.100000000000000000e+03
563.8776859417937,4.091000000000000000e+03
563.9532460765673,4.101000000000000000e+03
564.028750113478,4.119000000000000000e+03
564.1042489134966,4.146000000000000000e+03
564.1798093070488,4.108000000000000000e+03
564.2553103495502,4.156000000000000000e+03
564.3308093096751,4.131000000000000000e+03
564.406309363184,4.173000000000000000e+03
564.4818710443967,4.198000000000000000e+03
564.5573732791687,4.178000000000000000e+03
564.6328733975147,4.185000000000000000e+03
564.7083745785875,4.208000000000000000e+03
564.7839342316926,4.210000000000000000e+03
564.8594343411578,4.225000000000000000e+03
564.9349354898865,4.237000000000000000e+03
565.0104344782485,4.263000000000000000e+03
565.0859376828606,4.267000000000000000e+03
565.1614993982859,4.264000000000000000e+03
565.2370014509892,4.226000000000000000e+03
565.3125013091181,4.244000000000000000e+03
565.3880021594653,4.268000000000000000e+03
565.4635007972533,4.246000000000000000e+03
565.539003609317,4.299000000000000000e+03
565.6145009933294,4.294000000000000000e+03
565.6900633380124,4.292000000000000000e+03
565.7655626510617,4.284000000000000000e+03
565.8410629091292,4.293000000000000000e+03
565.9165641049021,4.339000000000000000e+03
565.9920662310642,4.338000000000000000e+03
566.0675660759697,4.382000000000000000e+03
566.1430668349094,4.379000000000000000e+03
566.218565294519,4.403000000000000000e+03
566.2940678586797,4.453000000000000000e+03
566.3695681071296,4.448000000000000000e+03
566.4450692385612,4.461000000000000000e+03
566.5205680361734,4.461000000000000000e+03
566.5960709106712,4.493000000000000000e+03
566.6715682237672,4.463000000000000000e+03
566.7470728110585,4.467000000000000000e+03
566.8225718188038,4.473000000000000000e+03
566.8980716619694,4.494000000000000000e+03
566.9735723331842,4.532000000000000000e+03
567.0490738250725,4.518000000000000000e+03
567.124576130255,4.479000000000000000e+03
567.2000728070295,4.517000000000000000e+03
567.2755767149324,4.527000000000000000e+03
567.3510749762214,4.543000000000000000e+03
567.4265740178183,4.519000000000000000e+03
567.5020158617796,4.511000000000000000e+03
567.5775164263603,4.530000000000000000e+03
567.6530145267328,4.530000000000000000e+03
567.7285165992258,4.522000000000000000e+03
567.8040161909661,4.548000000000000000e+03
567.8795165168312,4.524000000000000000e+03
567.9550143436667,4.531000000000000000e+03
568.030454809503,4.558000000000000000e+03
568.1059572760166,4.548000000000000000e+03
568.1814572186239,4.561000000000000000e+03
568.2569578564685,4.537000000000000000e+03
568.3324591821038,4.555000000000000000e+03
568.4078998014397,4.578000000000000000e+03
568.4833960005236,4.541000000000000000e+03
568.5588993267824,4.537000000000000000e+03
568.6344000775514,4.565000000000000000e+03
568.7098400252225,4.550000000000000000e+03
568.7853420497555,4.566000000000000000e+03
568.8608382360627,4.557000000000000000e+03
568.9363415190523,4.570000000000000000e+03
569.0117774282729,4.574000000000000000e+03
569.0872819234564,4.588000000000000000e+03
569.1627805435954,4.598000000000000000e+03
569.2382214308882,4.599000000000000000e+03
569.3137212139475,4.595000000000000000e+03
569.3892215749459,4.616000000000000000e+03
569.4646608912675,4.609000000000000000e+03
569.540159125513,4.601000000000000000e+03
569.6156611580557,4.633000000000000000e+03
569.6910988288769,4.642000000000000000e+03
569.7666019324384,4.641000000000000000e+03
569.8420406248207,4.625000000000000000e+03
569.9175415212134,4.661000000000000000e+03
569.9929779552226,4.659000000000000000e+03
570.0684831086841,4.656000000000000000e+03
570.1439790128743,4.686000000000000000e+03
570.2194233829667,4.675000000000000000e+03
570.2949202456999,4.703000000000000000e+03
570.3703622784494,4.695000000000000000e+03
570.445860068619,4.721000000000000000e+03
570.5213029843966,4.755000000000000000e+03
570.5968016717245,4.761000000000000000e+03
570.6722421835592,4.745000000000000000e+03
570.7477417368721,4.760000000000000000e+03
570.8231798101211,4.778000000000000000e+03
570.8986801982124,4.798000000000000000e+03
570.9741190583125,4.804000000000000000e+03
571.0495615532302,4.802000000000000000e+03
571.1250598673524,4.813000000000000000e+03
571.2004998425258,4.847000000000000000e+03
571.2759989128315,4.814000000000000000e+03
571.3514395979222,4.845000000000000000e+03
571.4268806187823,4.834000000000000000e+03
571.502380758473,4.853000000000000000e+03
571.5778191764954,4.883000000000000000e+03
571.6533199952911,4.917000000000000000e+03
571.7287590443648,4.907000000000000000e+03
571.8041983893075,4.893000000000000000e+03
571.8797001612785,4.907000000000000000e+03
571.9551400914053,4.911000000000000000e+03
572.0305770222557,4.875000000000000000e+03
572.1060796776984,4.910000000000000000e+03
572.1815171452012,4.946000000000000000e+03
572.2569581356788,4.920000000000000000e+03
572.3323960927605,4.958000000000000000e+03
572.407896536331,4.919000000000000000e+03
572.4833382452001,4.961000000000000000e+03
572.5587768950401,4.947000000000000000e+03
572.6342157546687,4.944000000000000000e+03
572.7097171357055,4.969000000000000000e+03
572.7851564082451,4.964000000000000000e+03
572.860595867482,4.949000000000000000e+03
572.9360355057098,4.967000000000000000e+03
573.0114753152181,4.956000000000000000e+03
573.0869120040069,4.966000000000000000e+03
573.1624145499371,4.946000000000000000e+03
573.2378548425522,4.958000000000000000e+03
573.3132919886866,4.994000000000000000e+03
573.3887358412536,4.960000000000000000e+03
573.4641732432628,4.998000000000000000e+03
573.5396140502145,4.990000000000000000e+03
573.6150516762765,4.951000000000000000e+03
573.6904894023135,4.973000000000000000e+03
573.765930512647,4.965000000000000000e+03
573.841430982091,4.981000000000000000e+03
573.9168689788429,5.003000000000000000e+03
573.992307044541,4.980000000000000000e+03
574.0677484669548,4.975000000000000000e+03
574.143186648103,4.963000000000000000e+03
574.2186281721514,4.988000000000000000e+03
574.2940664376455,4.980000000000000000e+03
574.369504733205,4.984000000000000000e+03
574.4449463509113,4.972000000000000000e+03
574.5203846840986,5.006000000000000000e+03
574.5958263255775,5.018000000000000000e+03
574.6712646652065,5.018000000000000000e+03
574.7467062992555,5.021000000000000000e+03
574.8220818342194,4.997000000000000000e+03
574.8975201080523,5.021000000000000000e+03
574.972958349526,4.997000000000000000e+03
575.0484031644328,5.035000000000000000e+03
575.123841319456,5.030000000000000000e+03
575.1992794186443,5.046000000000000000e+03
575.2747207635744,5.037000000000000000e+03
575.3501587284561,5.037000000000000000e+03
575.4255966139904,5.084000000000000000e+03
575.5009781080917,5.072000000000000000e+03
575.5764191095092,5.104000000000000000e+03
575.6518566960136,5.065000000000000000e+03
575.7272974863798,5.128000000000000000e+03
575.802734844376,5.084000000000000000e+03
575.878112381472,5.102000000000000000e+03
575.9535527802104,5.093000000000000000e+03
576.0289897203602,5.114000000000000000e+03
576.1044298293617,5.129000000000000000e+03
576.1798100251303,5.152000000000000000e+03
576.2552497980854,5.165000000000000000e+03
576.3306893990058,5.162000000000000000e+03
576.406128819997,5.179000000000000000e+03
576.4815049102774,5.166000000000000000e+03
576.5569472553619,5.214000000000000000e+03
576.6323827484481,5.216000000000000000e+03
576.7077614876248,5.230000000000000000e+03
576.7832031849985,5.239000000000000000e+03
576.8586413290665,5.219000000000000000e+03
576.9340193243025,5.245000000000000000e+03
577.0094636329511,5.287000000000000000e+03
577.0848377582512,5.273000000000000000e+03
577.16027821416,5.245000000000000000e+03
577.2357184047618,5.280000000000000000e+03
577.3110949973668,5.297000000000000000e+03
577.386537950721,5.284000000000000000e+03
577.4619139242055,5.290000000000000000e+03
577.537352941864,5.299000000000000000e+03
577.6127949908184,5.293000000000000000e+03
577.6881733209865,5.316000000000000000e+03
577.7636080466142,5.338000000000000000e+03
577.8389923568332,5.333000000000000000e+03
577.9144297398194,5.317000000000000000e+03
577.9898066448662,5.319000000000000000e+03
578.0652466558962,5.336000000000000000e+03
578.1406261433702,5.351000000000000000e+03
578.2160052322953,5.353000000000000000e+03
578.2914441104416,5.354000000000000000e+03
578.3668223939513,5.337000000000000000e+03
578.4422604820693,5.336000000000000000e+03
578.5176379281295,5.330000000000000000e+03
578.5930785418759,5.356000000000000000e+03
578.6684551192922,5.365000000000000000e+03
578.7438345915076,5.357000000000000000e+03
578.8192739085011,5.345000000000000000e+03
578.8946558177184,5.344000000000000000e+03
578.9700305475527,5.369000000000000000e+03
579.0454684963836,5.383000000000000000e+03
579.1208523226036,5.392000000000000000e+03
579.1962255871266,5.394000000000000000e+03
579.2716688073882,5.363000000000000000e+03
579.3470477731651,5.337000000000000000e+03
579.422426215372,5.335000000000000000e+03
579.4978645731351,5.334000000000000000e+03
579.5732419597228,5.394000000000000000e+03
579.6486187985292,5.385000000000000000e+03
579.7239984422739,5.344000000000000000e+03
579.7994413956197,5.383000000000000000e+03
579.8748165609454,5.382000000000000000e+03
579.9501978729944,5.365000000000000000e+03
580.0255752360272,5.353000000000000000e+03
580.1009520044923,5.353000000000000000e+03
580.1763315363321,5.364000000000000000e+03
580.2517676967962,5.392000000000000000e+03
580.3271460173379,5.376000000000000000e+03
580.4025270812958,5.415000000000000000e+03
580.4779075136299,5.388000000000000000e+03
580.5532839357954,5.366000000000000000e+03
580.6286630796322,5.412000000000000000e+03
580.7040415674625,5.431000000000000000e+03
580.7794193911507,5.406000000000000000e+03
580.8548606471003,5.378000000000000000e+03
580.93023713472,5.415000000000000000e+03
581.0056129337681,5.404000000000000000e+03
581.0809947891954,5.402000000000000000e+03
581.1563725658202,5.434000000000000000e+03
581.2317496311581,5.439000000000000000e+03
581.3071293562248,5.444000000000000000e+03
581.3825049753692,5.430000000000000000e+03
581.4578866205884,5.463000000000000000e+03
581.5332675253469,5.439000000000000000e+03
581.6086442987792,5.461000000000000000e+03
581.6840203136338,5.506000000000000000e+03
581.759402330603,5.461000000000000000e+03
581.8347192551039,5.499000000000000000e+03
581.9100963181176,5.501000000000000000e+03
581.9854725915296,5.488000000000000000e+03
582.0608514550846,5.499000000000000000e+03
582.1362295143807,5.510000000000000000e+03
582.2116067612063,5.528000000000000000e+03
582.2869865779265,5.525000000000000000e+03
582.3623655674955,5.590000000000000000e+03
582.4376826596256,5.545000000000000000e+03
582.5130633476253,5.578000000000000000e+03
582.5884397914516,5.558000000000000000e+03
582.663815375205,5.600000000000000000e+03
582.7391968823445,5.605000000000000000e+03
582.8145741197121,5.597000000000000000e+03
582.8898961123252,5.584000000000000000e+03
582.9652715612834,5.612000000000000000e+03
583.040649510047,5.600000000000000000e+03
583.1160265527496,5.630000000000000000e+03
583.1913482631782,5.624000000000000000e+03
583.2667234548948,5.658000000000000000e+03
583.3421045215043,5.631000000000000000e+03
583.4174199810626,5.639000000000000000e+03
583.4927957467897,5.646000000000000000e+03
583.5681773696024,5.643000000000000000e+03
583.6434933121396,5.654000000000000000e+03
583.7188729925016,5.667000000000000000e+03
583.7942482893968,5.685000000000000000e+03
583.8695680563296,5.689000000000000000e+03
583.9449481799317,5.691000000000000000e+03
584.0202659107239,5.688000000000000000e+03
584.0956440132398,5.700000000000000000e+03
584.1710211006637,5.700000000000000000e+03
584.2463391362261,5.657000000000000000e+03
584.3217175678463,5.684000000000000000e+03
584.397036902774,5.670000000000000000e+03
584.4724098183955,5.726000000000000000e+03
584.547730422869,5.685000000000000000e+03
584.6231080391428,5.684000000000000000e+03
584.6984264672309,5.675000000000000000e+03
584.7738053399806,5.711000000000000000e+03
584.8491181386739,5.679000000000000000e+03
584.9244982380097,5.699000000000000000e+03
584.999819059336,5.690000000000000000e+03
585.075196935735,5.661000000000000000e+03
585.1505120634026,5.700000000000000000e+03
585.2258328842156,5.701000000000000000e+03
585.3012073559288,5.679000000000000000e+03
585.3765258594744,5.681000000000000000e+03
585.4519014529151,5.720000000000000000e+03
585.5272210349477,5.683000000000000000e+03
585.6025394236891,5.708000000000000000e+03
585.6779183540843,5.694000000000000000e+03
585.7532343469177,5.718000000000000000e+03
585.8285525531982,5.666000000000000000e+03
585.903931325335,5.711000000000000000e+03
585.9792470887818,5.699000000000000000e+03
586.0545650448402,5.665000000000000000e+03
586.129943590941,5.682000000000000000e+03
586.2052590571699,5.684000000000000000e+03
586.2805801323906,5.694000000000000000e+03
586.3558964990681,5.694000000000000000e+03
586.4312734874165,5.705000000000000000e+03
586.5065907402152,5.690000000000000000e+03
586.581910138055,5.690000000000000000e+03
586.6572282334675,5.718000000000000000e+03
586.7325450179966,5.709000000000000000e+03
586.8078604831817,5.732000000000000000e+03
586.8832400626194,5.715000000000000000e+03
586.9585563257202,5.732000000000000000e+03
587.0338746919296,5.758000000000000000e+03
587.1091917084522,5.723000000000000000e+03
587.1845073668081,5.756000000000000000e+03
587.2598251072543,5.787000000000000000e+03
587.3351414743306,5.749000000000000000e+03
587.4104599100556,5.797000000000000000e+03
587.4857769571927,5.782000000000000000e+03
587.561154748295,5.786000000000000000e+03
587.6364724618505,5.779000000000000000e+03
587.7117956711814,5.805000000000000000e+03
587.7871070984039,5.790000000000000000e+03
587.8624274619677,5.813000000000000000e+03
587.9377429344911,5.851000000000000000e+03
588.0130604199811,5.836000000000000000e+03
588.0883799125671,5.857000000000000000e+03
588.1636356784406,5.858000000000000000e+03
588.238955690508,5.865000000000000000e+03
588.3142673068548,5.826000000000000000e+03
588.3895878237362,5.886000000000000000e+03
588.4649033889435,5.891000000000000000e+03
588.5402209188585,5.887000000000000000e+03
588.6155404075857,5.909000000000000000e+03
588.690858383657,5.899000000000000000e+03
588.7661713720535,5.908000000000000000e+03
588.8414897635765,5.903000000000000000e+03
588.9167476586122,5.956000000000000000e+03
588.9920664224305,5.918000000000000000e+03
589.0673836342858,5.954000000000000000e+03
589.1426992855957,5.961000000000000000e+03
589.218016839552,5.956000000000000000e+03
589.2932737822392,5.969000000000000000e+03
589.3685916341684,5.956000000000000000e+03
589.4439113691725,5.964000000000000000e+03
589.5192260306546,5.970000000000000000e+03
589.5944834640918,5.947000000000000000e+03
589.6698018398133,5.967000000000000000e+03
589.7451151152937,5.928000000000000000e+03
589.8203745749156,5.971000000000000000e+03
589.8956915227002,5.982000000000000000e+03
589.9710103048042,5.992000000000000000e+03
590.0462647658838,5.984000000000000000e+03
590.1215802169737,6.010000000000000000e+03
590.1969009642476,5.967000000000000000e+03
590.2721573201462,5.986000000000000000e+03
590.3474712065699,6.000000000000000000e+03
590.4227276225253,5.959000000000000000e+03
590.4980485574569,5.976000000000000000e+03
590.5733642980202,5.971000000000000000e+03
590.6486190143539,5.977000000000000000e+03
590.7239382761438,5.980000000000000000e+03
590.7991929792477,5.982000000000000000e+03
590.8745122460406,5.946000000000000000e+03
590.949766906547,5.959000000000000000e+03
591.0250861489686,5.981000000000000000e+03
591.1003407374803,5.977000000000000000e+03
591.1756599261265,5.942000000000000000e+03
591.2509179089925,5.982000000000000000e+03
591.3262300219859,5.972000000000000000e+03
591.4014878748632,5.980000000000000000e+03
591.4767473940146,5.992000000000000000e+03
591.5520645628086,5.988000000000000000e+03
591.6273204101701,5.972000000000000000e+03
591.7026374211463,5.969000000000000000e+03
591.7778930647432,5.978000000000000000e+03
591.8531503390309,5.963000000000000000e+03
591.9284652986332,5.987000000000000000e+03
592.0037223256917,5.989000000000000000e+03
592.078980963471,5.953000000000000000e+03
592.1542973093693,5.968000000000000000e+03
592.2295556572795,5.955000000000000000e+03
592.3048120876588,5.992000000000000000e+03
592.3800630826099,5.991000000000000000e+03
592.4553858514331,5.977000000000000000e+03
592.5306400045375,5.989000000000000000e+03
592.605895718667,5.981000000000000000e+03
592.6811529877263,5.989000000000000000e+03
592.7564680232479,6.032000000000000000e+03
592.8317248836482,5.995000000000000000e+03
592.9069797635018,6.040000000000000000e+03
592.9822361703012,5.997000000000000000e+03
593.0574940979332,6.013000000000000000e+03
593.1327535402811,6.033000000000000000e+03
593.2080707945502,6.037000000000000000e+03
593.2833262225523,6.018000000000000000e+03
593.3585831433304,6.014000000000000000e+03
593.4338380291163,6.040000000000000000e+03
593.5090943936262,6.050000000000000000e+03
593.5843487072985,6.050000000000000000e+03
593.659608009946,6.071000000000000000e+03
593.7348652476825,6.047000000000000000e+03
593.8101204116787,6.091000000000000000e+03
593.8853734931009,6.108000000000000000e+03
593.9606350667892,6.087000000000000000e+03
594.0358874880162,6.100000000000000000e+03
594.1111448612946,6.131000000000000000e+03
594.1864036525659,6.094000000000000000e+03
594.261656792722,6.134000000000000000e+03
594.3369113349503,6.109000000000000000e+03
594.412170806332,6.092000000000000000e+03
594.4874246009118,6.104000000000000000e+03
594.5626833122808,6.153000000000000000e+03
594.6379398650504,6.129000000000000000e+03
594.713137660945,6.119000000000000000e+03
594.7883898555625,6.142000000000000000e+03
594.8636469421946,6.185000000000000000e+03
594.9389018382798,6.161000000000000000e+03
595.0141616157636,6.167000000000000000e+03
595.089419188496,6.169000000000000000e+03
595.1646107878064,6.153000000000000000e+03
595.2398674513149,6.183000000000000000e+03
595.3151254291543,6.184000000000000000e+03
595.3903847151016,6.168000000000000000e+03
595.4656382113445,6.166000000000000000e+03
595.5408327059386,6.188000000000000000e+03
595.6160887648438,6.183000000000000000e+03
595.6913461033438,6.202000000000000000e+03
595.766537277015,6.174000000000000000e+03
595.8417935886669,6.197000000000000000e+03
595.9170511593863,6.187000000000000000e+03
595.9922460456994,6.178000000000000000e+03
596.0675025466851,6.176000000000000000e+03
596.1427638400409,6.199000000000000000e+03
596.2179588270185,6.208000000000000000e+03
596.2932154538282,6.165000000000000000e+03
596.3684092805976,6.196000000000000000e+03
596.4436647633602,6.190000000000000000e+03
596.5189214496943,6.179000000000000000e+03
596.5941188261428,6.176000000000000000e+03
596.66937432537,6.196000000000000000e+03
596.7445669087822,6.175000000000000000e+03
596.8198211894645,6.193000000000000000e+03
596.8950196332996,6.193000000000000000e+03
596.970276230399,6.175000000000000000e+03
597.0454733846776,6.167000000000000000e+03
597.1207287065554,6.184000000000000000e+03
597.1959245406573,6.171000000000000000e+03
597.2711821240141,6.163000000000000000e+03
597.346376608188,6.161000000000000000e+03
597.4215686134714,6.171000000000000000e+03
597.4968295313251,6.184000000000000000e+03
597.5720201406484,6.136000000000000000e+03
597.6472761104219,6.176000000000000000e+03
597.7224724376053,6.159000000000000000e+03
597.7976698215576,6.132000000000000000e+03
597.8729290227747,6.180000000000000000e+03
597.9481177902557,6.164000000000000000e+03
598.0233111663857,6.162000000000000000e+03
598.0985055702889,6.167000000000000000e+03
598.1737618236143,6.184000000000000000e+03
598.2489618582954,6.155000000000000000e+03
598.3241593235456,6.129000000000000000e+03
598.3994115033879,6.139000000000000000e+03
598.474610980403,6.148000000000000000e+03
598.5498078643709,6.131000000000000000e+03
598.6250021462114,6.116000000000000000e+03
598.7001974012594,6.126000000000000000e+03
598.7754509882492,6.117000000000000000e+03
598.8506481849574,6.143000000000000000e+03
598.9258427485826,6.143000000000000000e+03
599.0010346700252,6.146000000000000000e+03
599.0762311180282,6.173000000000000000e+03
599.1514249092414,6.137000000000000000e+03
599.2266232160047,6.161000000000000000e+03
599.3018152597305,6.161000000000000000e+03
599.377015398708,6.159000000000000000e+03
599.4522092582096,6.149000000000000000e+03
599.5274004207358,6.150000000000000000e+03
599.6026571865846,6.150000000000000000e+03
599.6778573294381,6.190000000000000000e+03
599.75305475513,6.194000000000000000e+03
599.8281846916185,6.198000000000000000e+03
599.9033838370023,6.197000000000000000e+03
599.9785766416528,6.191000000000000000e+03
600.053770295001,6.184000000000000000e+03
600.1289683921447,6.205000000000000000e+03
600.2041637244379,6.191000000000000000e+03
600.2793526793631,6.205000000000000000e+03
600.3545532663233,6.223000000000000000e+03
600.4297438560275,6.240000000000000000e+03
600.5049460702534,6.242000000000000000e+03
600.5801418758335,6.227000000000000000e+03
600.6552771428559,6.251000000000000000e+03
600.7304709082258,6.237000000000000000e+03
600.8056618443525,6.233000000000000000e+03
600.8808607737748,6.276000000000000000e+03
600.9560532494999,6.251000000000000000e+03
601.0311922986062,6.240000000000000000e+03
601.1063862725979,6.247000000000000000e+03
601.1815809927549,6.247000000000000000e+03
601.2567764525755,6.256000000000000000e+03
601.3319147895378,6.283000000000000000e+03
601.4071044608863,6.270000000000000000e+03
601.4823020843723,6.269000000000000000e+03
601.5574316659164,6.290000000000000000e+03
601.6326270733168,6.302000000000000000e+03
601.7078304205318,6.269000000000000000e+03
601.7829620350541,6.273000000000000000e+03
601.8581486377003,6.286000000000000000e+03
601.933346783807,6.282000000000000000e+03
602.0084839921338,6.287000000000000000e+03
602.083676211499,6.323000000000000000e+03
602.1588146975101,6.300000000000000000e+03
602.2340082086174,6.262000000000000000e+03
602.3091406905852,6.337000000000000000e+03
602.3843354654153,6.310000000000000000e+03
602.4594691672044,6.308000000000000000e+03
602.5346651795211,6.319000000000000000e+03
602.6098000748738,6.311000000000000000e+03
602.6850009307062,6.309000000000000000e+03
602.7601297278479,6.327000000000000000e+03
602.835324501311,6.296000000000000000e+03
602.9104617030976,6.305000000000000000e+03
602.9856576324572,6.307000000000000000e+03
603.0607923111419,6.302000000000000000e+03
603.1359238900089,6.310000000000000000e+03
603.2111214938288,6.281000000000000000e+03
603.286257780958,6.292000000000000000e+03
603.3613873052992,6.290000000000000000e+03
603.4365865232959,6.286000000000000000e+03
603.5117170740094,6.288000000000000000e+03
603.5868590488889,6.288000000000000000e+03
603.662052534344,6.289000000000000000e+03
603.7371845673017,6.277000000000000000e+03
603.81231707505,6.300000000000000000e+03
603.887453697761,6.284000000000000000e+03
603.9626491471525,6.295000000000000000e+03
604.0377794072089,6.277000000000000000e+03
604.1129174127565,6.280000000000000000e+03
604.1880449104403,6.267000000000000000e+03
604.2631837934832,6.223000000000000000e+03
604.3383778903907,6.267000000000000000e+03
604.4135103343683,6.221000000000000000e+03
604.4886504996763,6.264000000000000000e+03
604.563783765211,6.219000000000000000e+03
604.638917430624,6.279000000000000000e+03
604.7140551460399,6.270000000000000000e+03
604.7891822767169,6.284000000000000000e+03
604.8643171008456,6.242000000000000000e+03
604.9394559576849,6.285000000000000000e+03
605.0145842015769,6.236000000000000000e+03
605.0897237856702,6.287000000000000000e+03
605.1648564002364,6.266000000000000000e+03
605.2399856962843,6.301000000000000000e+03
605.3151189925194,6.277000000000000000e+03
605.3902636149207,6.281000000000000000e+03
605.4653975696758,6.296000000000000000e+03
605.5405318422726,6.285000000000000000e+03
605.6156590905977,6.293000000000000000e+03
605.6907939769335,6.295000000000000000e+03
605.7659328305035,6.295000000000000000e+03
605.8410609655854,6.275000000000000000e+03
605.9162003953313,6.303000000000000000e+03
605.9913290876823,6.282000000000000000e+03
606.0664066228989,6.268000000000000000e+03
606.1415395042012,6.316000000000000000e+03
606.2166799910092,6.282000000000000000e+03
606.2918133784608,6.327000000000000000e+03
606.3669470079659,6.321000000000000000e+03
606.4420183515472,6.335000000000000000e+03
606.5171524294295,6.334000000000000000e+03
606.5922867291196,6.320000000000000000e+03
606.6674138829553,6.304000000000000000e+03
606.7424897023321,6.348000000000000000e+03
606.8176282927667,6.361000000000000000e+03
606.892763396603,6.358000000000000000e+03
606.967832374639,6.319000000000000000e+03
607.0429715162923,6.357000000000000000e+03
607.1181034623711,6.335000000000000000e+03
607.1931802717572,6.358000000000000000e+03
607.2683125290589,6.376000000000000000e+03
607.3433822314132,6.342000000000000000e+03
607.4185147709629,6.365000000000000000e+03
607.4936474492058,6.345000000000000000e+03
607.568728579775,6.335000000000000000e+03
607.6438651945415,6.335000000000000000e+03
607.7189354514061,6.354000000000000000e+03
607.7940648948955,6.377000000000000000e+03
607.8691390154966,6.371000000000000000e+03
607.9442760360965,6.377000000000000000e+03
608.0193503026833,6.346000000000000000e+03
608.0944763933102,6.332000000000000000e+03
608.1695544745533,6.350000000000000000e+03
608.2446288993489,6.376000000000000000e+03
608.3197588665847,6.357000000000000000e+03
608.3948370686987,6.333000000000000000e+03
608.4699671264611,6.376000000000000000e+03
608.5450453798318,6.355000000000000000e+03
608.6201162337966,6.356000000000000000e+03
608.6952500728952,6.355000000000000000e+03
608.7703283444799,6.374000000000000000e+03
608.8453991906096,6.333000000000000000e+03
608.9205330479303,6.356000000000000000e+03
608.9956038584991,6.349000000000000000e+03
609.0706746332155,6.361000000000000000e+03
609.1457490757923,6.350000000000000000e+03
609.2208828546053,6.341000000000000000e+03
609.2959572093966,6.326000000000000000e+03
609.3710315026567,6.319000000000000000e+03
609.4461020132543,6.379000000000000000e+03
609.5211761618758,6.321000000000000000e+03
609.596313401595,6.331000000000000000e+03
609.6713911114757,6.333000000000000000e+03
609.7464575734725,6.360000000000000000e+03
609.8215313665582,6.320000000000000000e+03
609.8966087695813,6.388000000000000000e+03
609.9716823370709,6.325000000000000000e+03
610.0467520593664,6.364000000000000000e+03
610.1218253717766,6.323000000000000000e+03
610.1969022701301,6.333000000000000000e+03
610.2719715772956,6.313000000000000000e+03
610.3470481817901,6.316000000000000000e+03
610.4221171775756,6.352000000000000000e+03
610.497197187561,6.348000000000000000e+03
610.57226584515,6.316000000000000000e+03
610.6473343218574,6.329000000000000000e+03
610.7224138001953,6.305000000000000000e+03
610.797485627792,6.345000000000000000e+03
610.8725535238477,6.329000000000000000e+03
610.9476324089377,6.353000000000000000e+03
611.0227036169238,6.331000000000000000e+03
611.0977746041515,6.343000000000000000e+03
611.1727930691471,6.346000000000000000e+03
611.2478635811165,6.374000000000000000e+03
611.322933851425,6.316000000000000000e+03
611.3980076111742,6.345000000000000000e+03
611.4730885951344,6.364000000000000000e+03
611.5480945237883,6.351000000000000000e+03
611.6231674865746,6.349000000000000000e+03
611.6982401746329,6.332000000000000000e+03
611.7733125809731,6.368000000000000000e+03
611.8483322884233,6.358000000000000000e+03
611.9234040974807,6.336000000000000000e+03
611.9984756038272,6.358000000000000000e+03
612.0734868590204,6.320000000000000000e+03
612.1485577242255,6.369000000000000000e+03
612.2236320138743,6.351000000000000000e+03
612.29864223997,6.350000000000000000e+03
612.3737158491524,6.348000000000000000e+03
612.4487891153859,6.362000000000000000e+03
612.5238057538297,6.350000000000000000e+03
612.5988820520686,6.360000000000000000e+03
612.6738904216345,6.367000000000000000e+03
612.7489659718954,6.407000000000000000e+03
612.823973546304,6.369000000000000000e+03
612.8990483204313,6.353000000000000000e+03
612.9740588288777,6.345000000000000000e+03
613.0491327996091,6.405000000000000000e+03
613.1241424592772,6.395000000000000000e+03
613.1992155984035,6.381000000000000000e+03
613.2742356642218,6.410000000000000000e+03
613.3493004223218,6.408000000000000000e+03
613.4243195893181,6.422000000000000000e+03
613.4993307631479,6.416000000000000000e+03
613.5744016964444,6.402000000000000000e+03
613.649411925334,6.372000000000000000e+03
613.7244216637683,6.417000000000000000e+03
613.7994949521243,6.380000000000000000e+03
613.8745150092991,6.418000000000000000e+03
613.9495232522579,6.400000000000000000e+03
614.0245988411093,6.412000000000000000e+03
614.0996098270987,6.394000000000000000e+03
614.1746165098081,6.410000000000000000e+03
614.249637744498,6.419000000000000000e+03
614.3247112746017,6.393000000000000000e+03
614.3997201107526,6.392000000000000000e+03
614.4747283872863,6.411000000000000000e+03
614.5497436505112,6.434000000000000000e+03
614.6247545659288,6.388000000000000000e+03
614.6997724593214,6.400000000000000000e+03
614.7748464623442,6.403000000000000000e+03
614.849851856068,6.378000000000000000e+03
614.9248717727137,6.390000000000000000e+03
614.9998797404727,6.417000000000000000e+03
615.074887093413,6.387000000000000000e+03
615.1499013925762,6.431000000000000000e+03
615.2249112812997,6.420000000000000000e+03
615.2999281074821,6.388000000000000000e+03
615.37494429578,6.397000000000000000e+03
615.4499484756757,6.387000000000000000e+03
615.5249671526651,6.413000000000000000e+03
615.5999700135978,6.391000000000000000e+03
615.674987364677,6.373000000000000000e+03
615.7500040438919,6.392000000000000000e+03
615.8250086668538,6.414000000000000000e+03
615.9000239780391,6.429000000000000000e+03
615.9750385958242,6.378000000000000000e+03
616.0499879950269,6.383000000000000000e+03
616.125001188739,6.374000000000000000e+03
616.2000136674831,6.367000000000000000e+03
616.2750254240636,6.411000000000000000e+03
616.3500402501554,6.371000000000000000e+03
616.424989744965,6.382000000000000000e+03
616.4999992779765,6.372000000000000000e+03
616.5750118616551,6.367000000000000000e+03
616.6500236889908,6.334000000000000000e+03
616.7249700933148,6.368000000000000000e+03
616.7999917838531,6.398000000000000000e+03
616.8750012859002,6.357000000000000000e+03
616.9500138089951,6.370000000000000000e+03
617.0249684335095,6.351000000000000000e+03
617.0999755461561,6.369000000000000000e+03
617.1749323342385,6.332000000000000000e+03
617.2499416237376,6.328000000000000000e+03
617.3249500936826,6.375000000000000000e+03
617.3999005594274,6.354000000000000000e+03
617.4749187928894,6.345000000000000000e+03
617.5498713580679,6.349000000000000000e+03
617.6248764532221,6.360000000000000000e+03
617.6998272751239,6.373000000000000000e+03
617.774842087781,6.378000000000000000e+03
617.8497949575078,6.352000000000000000e+03
617.9248080184943,6.383000000000000000e+03
617.9997552731191,6.343000000000000000e+03
618.0747703725801,6.340000000000000000e+03
618.1497196214651,6.359000000000000000e+03
618.2247329138257,6.343000000000000000e+03
618.2996803095217,6.360000000000000000e+03
618.3746344075533,6.328000000000000000e+03
618.4496449285776,6.379000000000000000e+03
618.5246009609511,6.366000000000000000e+03
618.5996134313992,6.345000000000000000e+03
618.6745560641473,6.378000000000000000e+03
618.7495092005038,6.358000000000000000e+03
618.8244613531926,6.354000000000000000e+03
618.8994699703757,6.353000000000000000e+03
618.9744239789885,6.360000000000000000e+03
619.0493731516125,6.346000000000000000e+03
619.1243251444364,6.364000000000000000e+03
619.1993412981616,6.369000000000000000e+03
619.2742912625894,6.354000000000000000e+03
619.3492401939288,6.365000000000000000e+03
619.4241957585679,6.346000000000000000e+03
619.49914644136,6.370000000000000000e+03
619.574092232174,6.376000000000000000e+03
619.6491060742194,6.367000000000000000e+03
619.7240612712098,6.343000000000000000e+03
619.7990153966044,6.358000000000000000e+03
619.8739607581703,6.394000000000000000e+03
619.9489127164364,6.396000000000000000e+03
620.0238674253178,6.402000000000000000e+03
620.0988171897836,6.372000000000000000e+03
620.1737696919839,6.349000000000000000e+03
620.2487210802482,6.363000000000000000e+03
620.3236713471981,6.383000000000000000e+03
620.3986204854525,6.395000000000000000e+03
620.4735684876265,6.354000000000000000e+03
620.5485268987461,6.408000000000000000e+03
620.6234726093822,6.388000000000000000e+03
620.6983632244552,6.375000000000000000e+03
620.7733181589438,6.401000000000000000e+03
620.8482642169087,6.358000000000000000e+03
620.9232206626439,6.378000000000000000e+03
620.9981720715697,6.363000000000000000e+03
621.0731261481193,6.378000000000000000e+03
621.1480095809419,6.355000000000000000e+03
621.2229612428204,6.378000000000000000e+03
621.297911694613,6.388000000000000000e+03
621.3728609288961,6.358000000000000000e+03
621.4477548706138,6.371000000000000000e+03
621.5227016345505,6.369000000000000000e+03
621.5976587501937,6.371000000000000000e+03
621.6726030298828,6.374000000000000000e+03
621.7474919350946,6.372000000000000000e+03
621.8224452848259,6.385000000000000000e+03
621.8974012381406,6.389000000000000000e+03
621.9722862889673,6.352000000000000000e+03
622.0472396789139,6.340000000000000000e+03
622.1221337289863,6.386000000000000000e+03
622.1970845285309,6.372000000000000000e+03
622.2719759453078,6.343000000000000000e+03
622.3469241245926,6.350000000000000000e+03
622.4218128781972,6.359000000000000000e+03
622.4967622823602,6.358000000000000000e+03
622.5716599716851,6.322000000000000000e+03
622.6466028245032,6.371000000000000000e+03
622.7215016770383,6.353000000000000000e+03
622.7964418235973,6.320000000000000000e+03
622.871337934366,6.353000000000000000e+03
622.9462869865647,6.337000000000000000e+03
623.0211803283856,6.347000000000000000e+03
623.0960722679492,6.332000000000000000e+03
623.171021049062,6.331000000000000000e+03
623.2459101755901,6.326000000000000000e+03
623.3208017626214,6.359000000000000000e+03
623.395754098775,6.356000000000000000e+03
623.4706428323591,6.299000000000000000e+03
623.5455262323782,6.359000000000000000e+03
623.620478179971,6.337000000000000000e+03
623.6953742393713,6.361000000000000000e+03
623.770264945422,6.349000000000000000e+03
623.8451580714401,6.316000000000000000e+03
623.9200497199279,6.368000000000000000e+03
623.9949943951041,6.326000000000000000e+03
624.0698830789871,6.345000000000000000e+03
624.1447780538391,6.306000000000000000e+03
624.2196676282117,6.363000000000000000e+03
624.294551791745,6.334000000000000000e+03
624.3694461275634,6.327000000000000000e+03
624.4443389386003,6.347000000000000000e+03
624.5192302172907,6.326000000000000000e+03
624.594119956067,6.284000000000000000e+03
624.6690081473579,6.325000000000000000e+03
624.7438986866382,6.315000000000000000e+03
624.8187876651521,6.353000000000000000e+03
624.8936828851607,6.319000000000000000e+03
624.9685648154103,6.303000000000000000e+03
625.0434607874414,6.329000000000000000e+03
625.118343450791,6.327000000000000000e+03
625.1932323327678,6.303000000000000000e+03
625.2681235217902,6.311000000000000000e+03
625.3430131025287,6.298000000000000000e+03
625.4179088903309,6.290000000000000000e+03
625.4927952335612,6.306000000000000000e+03
625.5676916857351,6.289000000000000000e+03
625.6425199619503,6.329000000000000000e+03
625.7174131243843,6.295000000000000000e+03
625.7922928900053,6.297000000000000000e+03
625.8671827453387,6.309000000000000000e+03
625.9420160846083,6.283000000000000000e+03
626.0169025920226,6.318000000000000000e+03
626.0917991803195,6.296000000000000000e+03
626.1666862460672,6.289000000000000000e+03
626.2415206363681,6.311000000000000000e+03
626.3164042977897,6.284000000000000000e+03
626.3912940989977,6.273000000000000000e+03
626.4661272443966,6.283000000000000000e+03
626.5410175274903,6.262000000000000000e+03
626.615847188603,6.285000000000000000e+03
626.690730072822,6.281000000000000000e+03
626.7656269283852,6.291000000000000000e+03
626.840451314513,6.310000000000000000e+03
626.9153446610744,6.282000000000000000e+03
626.9901772825715,6.284000000000000000e+03
627.0650670922585,6.307000000000000000e+03
627.139896133363,6.298000000000000000e+03
627.2147823754598,6.278000000000000000e+03
627.2896117403598,6.264000000000000000e+03
627.3644353471379,6.263000000000000000e+03
627.439327984495,6.270000000000000000e+03
627.5141636877709,6.280000000000000000e+03
627.5890526928466,6.266000000000000000e+03
627.663880782514,6.266000000000000000e+03
627.7387109557335,6.310000000000000000e+03
627.8135983885963,6.275000000000000000e+03
627.888432727397,6.255000000000000000e+03
627.9632573049314,6.270000000000000000e+03
628.0380918294328,6.248000000000000000e+03
628.112979699485,6.263000000000000000e+03
628.1878104532764,6.247000000000000000e+03
628.2626393035407,6.268000000000000000e+03
628.3374662425448,6.280000000000000000e+03
628.4123504978592,6.265000000000000000e+03
628.4871815051602,6.272000000000000000e+03
628.5620145326476,6.303000000000000000e+03
628.63683771987,6.264000000000000000e+03
628.7116668645676,6.267000000000000000e+03
628.7864940571845,6.290000000000000000e+03
628.861331153962,6.262000000000000000e+03
628.936154421971,6.254000000000000000e+03
629.0110469324966,6.261000000000000000e+03
629.0858781314407,6.239000000000000000e+03
629.1607073451441,6.267000000000000000e+03
629.2355385252092,6.255000000000000000e+03
629.3103637460557,6.286000000000000000e+03
629.3851909195948,6.246000000000000000e+03
629.4599566456909,6.247000000000000000e+03
629.5347876946724,6.236000000000000000e+03
629.6096206814701,6.233000000000000000e+03
629.6844476710704,6.246000000000000000e+03
629.7592765847875,6.239000000000000000e+03
629.8341034507418,6.244000000000000000e+03
629.9089361968385,6.247000000000000000e+03
629.9837668833397,6.244000000000000000e+03
630.0585319866323,6.217000000000000000e+03
630.1333585154333,6.259000000000000000e+03
630.2081869328323,6.249000000000000000e+03
630.2830212064096,6.233000000000000000e+03
630.357845439965,6.222000000000000000e+03
630.4326198754851,6.237000000000000000e+03
630.5074438560955,6.231000000000000000e+03
630.5822696946797,6.274000000000000000e+03
630.6570417042689,6.272000000000000000e+03
630.731875208807,6.265000000000000000e+03
630.8066986206805,6.253000000000000000e+03
630.8814721252387,6.272000000000000000e+03
630.9562952071166,6.259000000000000000e+03
631.0310643632178,6.267000000000000000e+03
631.105891071369,6.258000000000000000e+03
631.180727559518,6.257000000000000000e+03
631.2554901467649,6.269000000000000000e+03
631.3303222623172,6.247000000000000000e+03
631.405096374139,6.251000000000000000e+03
631.4799240894147,6.291000000000000000e+03
631.5546897701579,6.250000000000000000e+03
631.6295170422857,6.259000000000000000e+03
631.7042902186802,6.280000000000000000e+03
631.7790531605395,6.241000000000000000e+03
631.8538817097726,6.261000000000000000e+03
631.92864811987,6.259000000000000000e+03
632.0034761631966,6.230000000000000000e+03
632.0782500155915,6.237000000000000000e+03
632.1530135902073,6.262000000000000000e+03
632.2278428187498,6.271000000000000000e+03
632.302613801501,6.225000000000000000e+03
632.3773784779866,6.239000000000000000e+03
632.4521448373721,6.255000000000000000e+03
632.5269768890333,6.244000000000000000e+03
632.6017506159666,6.251000000000000000e+03
632.676510001269,6.214000000000000000e+03
632.7512790509523,6.188000000000000000e+03
632.8260537609164,6.206000000000000000e+03
632.9008781908929,6.254000000000000000e+03
632.9756481987458,6.269000000000000000e+03
633.0504118299601,6.217000000000000000e+03
633.1251770907054,6.222000000000000000e+03
633.1999560041435,6.231000000000000000e+03
633.2747205011095,6.226000000000000000e+03
633.3494906217101,6.259000000000000000e+03
633.424254326886,6.238000000000000000e+03
633.4990196322598,6.227000000000000000e+03
633.5737865327139,6.200000000000000000e+03
633.648563053338,6.215000000000000000e+03
633.7233250983792,6.232000000000000000e+03
633.7980967533418,6.234000000000000000e+03
633.8728659649396,6.211000000000000000e+03
633.9476287063017,6.195000000000000000e+03
634.0223970261379,6.190000000000000000e+03
634.0971669013632,6.215000000000000000e+03
634.1719383268377,6.182000000000000000e+03
634.2466469344034,6.191000000000000000e+03
634.3214133824966,6.184000000000000000e+03
634.3961773370226,6.196000000000000000e+03
634.4709508665852,6.207000000000000000e+03
634.5457098128275,6.189000000000000000e+03
634.6204179123285,6.195000000000000000e+03
634.6951838891794,6.177000000000000000e+03
634.7699594261242,6.201000000000000000e+03
634.8446639181344,6.193000000000000000e+03
634.9194303392767,6.181000000000000000e+03
634.9941982444507,6.154000000000000000e+03
635.0689071315994,6.129000000000000000e+03
635.1436779750669,6.181000000000000000e+03
635.2184422169859,6.153000000000000000e+03
635.2931514147849,6.193000000000000000e+03
635.3679185572572,6.156000000000000000e+03
635.4426225428958,6.173000000000000000e+03
635.5173966020865,6.159000000000000000e+03
635.5920953462391,6.154000000000000000e+03
635.6668641820465,6.160000000000000000e+03
635.7415738192077,6.151000000000000000e+03
635.8163454884761,6.157000000000000000e+03
635.8910498330289,6.143000000000000000e+03
635.965820268507,6.177000000000000000e+03
636.040527380104,6.148000000000000000e+03
636.1152925097643,6.168000000000000000e+03
636.1900064130152,6.128000000000000000e+03
636.264705482508,6.169000000000000000e+03
636.3394747364619,6.144000000000000000e+03
636.4141805605591,6.153000000000000000e+03
636.4888958251801,6.145000000000000000e+03
636.5636569999903,6.162000000000000000e+03
636.638366837131,6.144000000000000000e+03
636.713077996721,6.172000000000000000e+03
636.7877823635431,6.152000000000000000e+03
636.8624839825806,6.197000000000000000e+03
636.9372558697529,6.174000000000000000e+03
637.0119641595608,6.103000000000000000e+03
637.0866696829735,6.103000000000000000e+03
637.1613724318777,6.085000000000000000e+03
637.2360845802513,6.110000000000000000e+03
637.3107939435926,6.045000000000000000e+03
637.3855005137792,6.091000000000000000e+03
637.4602652360181,6.135000000000000000e+03
637.5349702743098,6.130000000000000000e+03
637.609680627888,6.188000000000000000e+03
637.684388161506,6.191000000000000000e+03
637.7590928670257,6.170000000000000000e+03
637.8338028729448,6.174000000000000000e+03
637.9085059690191,6.186000000000000000e+03
637.9832143549187,6.156000000000000000e+03
638.0578588181736,6.190000000000000000e+03
638.1325736880859,6.171000000000000000e+03
638.2072734731871,6.150000000000000000e+03
638.2819826009681,6.162000000000000000e+03
638.3566888468711,6.184000000000000000e+03
638.4313922027295,6.180000000000000000e+03
638.5061048910752,6.171000000000000000e+03
638.5807535109456,6.187000000000000000e+03
638.6554603754779,6.158000000000000000e+03
638.7301643229926,6.179000000000000000e+03
638.8048735067408,6.189000000000000000e+03
638.8795144541899,6.155000000000000000e+03
638.9542177553427,6.173000000000000000e+03
639.0289344448668,6.153000000000000000e+03
639.1035746662708,6.169000000000000000e+03
639.1782854374011,6.167000000000000000e+03
639.2529891591856,6.187000000000000000e+03
639.3276367717727,6.166000000000000000e+03
639.4023467919625,6.171000000000000000e+03
639.4770538284506,6.153000000000000000e+03
639.5516924287989,6.195000000000000000e+03
639.6264057316112,6.189000000000000000e+03
639.7010464648362,6.187000000000000000e+03
639.7757578310734,6.149000000000000000e+03
639.8504047688706,6.167000000000000000e+03
639.9251059831907,6.193000000000000000e+03
639.9997591060155,6.145000000000000000e+03
640.0744050670974,6.137000000000000000e+03
640.1491135197724,6.155000000000000000e+03
640.2237574368812,6.140000000000000000e+03
640.2984556619596,6.144000000000000000e+03
640.3731057074891,6.158000000000000000e+03
640.4477526527309,6.143000000000000000e+03
640.5224621324655,6.153000000000000000e+03
640.5971028676591,6.162000000000000000e+03
640.671752791596,6.137000000000000000e+03
640.7463954823808,6.126000000000000000e+03
640.8211089526874,6.134000000000000000e+03
640.895749484344,6.150000000000000000e+03
640.9703950804545,6.160000000000000000e+03
641.0450416290943,6.129000000000000000e+03
641.1197548903732,6.133000000000000000e+03
641.1943910092469,6.122000000000000000e+03
641.2690403954497,6.151000000000000000e+03
641.3436948257445,6.117000000000000000e+03
641.418333726709,6.132000000000000000e+03
641.4929817722232,6.154000000000000000e+03
641.567626614336,6.136000000000000000e+03
641.6422723617926,6.122000000000000000e+03
641.7169231271671,6.130000000000000000e+03
641.7915706699706,6.109000000000000000e+03
641.8662149818913,6.116000000000000000e+03
641.9408560546143,6.112000000000000000e+03
642.0155062453381,6.148000000000000000e+03
642.0901531859752,6.100000000000000000e+03
642.1647968682013,6.113000000000000000e+03
642.239437283689,6.114000000000000000e+03
642.3140868011292,6.080000000000000000e+03
642.3887289142871,6.140000000000000000e+03
642.4633223360346,6.106000000000000000e+03
642.5379619830452,6.104000000000000000e+03
642.6126107159151,6.092000000000000000e+03
642.6872561435255,6.111000000000000000e+03
642.7619065203844,6.081000000000000000e+03
642.8364833285272,6.098000000000000000e+03
642.9111311778188,6.129000000000000000e+03
642.985783962808,6.080000000000000000e+03
643.0603631108244,6.079000000000000000e+03
643.135009196252,6.090000000000000000e+03
643.209656064696,6.051000000000000000e+03
643.2842457766144,6.083000000000000000e+03
643.3588859029596,6.071000000000000000e+03
643.4335309320675,6.086000000000000000e+03
643.5081228869376,6.076000000000000000e+03
643.5827611323161,6.088000000000000000e+03
643.6573504065863,6.093000000000000000e+03
643.7319942673752,6.095000000000000000e+03
643.8065766902959,6.106000000000000000e+03
643.8812220015031,6.075000000000000000e+03
643.9558099817795,6.102000000000000000e+03
644.0304608700544,6.090000000000000000e+03
644.1050419452306,6.111000000000000000e+03
644.1796278469061,6.075000000000000000e+03
644.2542725306924,6.142000000000000000e+03
644.3288597867236,6.093000000000000000e+03
644.4034393997881,6.067000000000000000e+03
644.478081968412,6.119000000000000000e+03
644.5526753593308,6.076000000000000000e+03
644.627252775928,6.116000000000000000e+03
644.7019014856205,6.091000000000000000e+03
644.7764926535398,6.086000000000000000e+03
644.8510719753529,6.122000000000000000e+03
644.9256560740118,6.086000000000000000e+03
645.0003031903943,6.098000000000000000e+03
645.0748926869838,6.117000000000000000e+03
645.1494703017615,6.086000000000000000e+03
645.2240651624862,6.139000000000000000e+03
645.2986439623119,6.114000000000000000e+03
645.3732358395787,6.104000000000000000e+03
645.4478199672328,6.107000000000000000e+03
645.5224005009125,6.125000000000000000e+03
645.596981600104,6.114000000000000000e+03
645.6715674281425,6.104000000000000000e+03
645.7461496425705,6.153000000000000000e+03
645.8207407474433,6.139000000000000000e+03
645.895328227528,6.142000000000000000e+03
645.9699120743411,6.151000000000000000e+03
646.0444922793964,6.129000000000000000e+03
646.1190771836012,6.119000000000000000e+03
646.1936626085833,6.123000000000000000e+03
646.2682443721119,6.156000000000000000e+03
646.3428308208696,6.153000000000000000e+03
646.4174177735846,6.125000000000000000e+03
646.4919383523458,6.165000000000000000e+03
646.5665262807054,6.145000000000000000e+03
646.6411146961769,6.182000000000000000e+03
646.7156952283162,6.135000000000000000e+03
646.7902260319503,6.150000000000000000e+03
646.864811675247,6.151000000000000000e+03
646.9393935959221,6.179000000000000000e+03
647.0139131776634,6.136000000000000000e+03
647.0885001757083,6.163000000000000000e+03
647.1630834313339,6.164000000000000000e+03
647.2376126660181,6.184000000000000000e+03
647.3121967798731,6.178000000000000000e+03
647.3867813206517,6.150000000000000000e+03
647.4613034017796,6.161000000000000000e+03
647.5358887649725,6.178000000000000000e+03
647.6104116282444,6.186000000000000000e+03
647.6849935962756,6.169000000000000000e+03
647.7595214140151,6.167000000000000000e+03
647.8341041572728,6.212000000000000000e+03
647.9086327137967,6.184000000000000000e+03
647.9831490284671,6.211000000000000000e+03
648.0577370826742,6.219000000000000000e+03
648.1322666966365,6.166000000000000000e+03
648.2068428671124,6.197000000000000000e+03
648.281368958504,6.232000000000000000e+03
648.3558953741831,6.194000000000000000e+03
648.4304851777703,6.209000000000000000e+03
648.5050080338709,6.194000000000000000e+03
648.5795311952579,6.225000000000000000e+03
648.6540546562356,6.227000000000000000e+03
648.7286415384275,6.235000000000000000e+03
648.8031613865388,6.222000000000000000e+03
648.877689936051,6.247000000000000000e+03
648.9522145528916,6.209000000000000000e+03
649.0267310160931,6.225000000000000000e+03
649.1013193673095,6.214000000000000000e+03
649.175844792816,6.235000000000000000e+03
649.250366256996,6.215000000000000000e+03
649.3248921836831,6.204000000000000000e+03
649.3994141356663,6.233000000000000000e+03
649.4739363224811,6.232000000000000000e+03
649.5484629575313,6.230000000000000000e+03
649.6229855977908,6.254000000000000000e+03
649.6975042346218,6.260000000000000000e+03
649.7720315254938,6.275000000000000000e+03
649.8465548014631,6.225000000000000000e+03
649.921082501831,6.256000000000000000e+03
649.9956103988171,6.244000000000000000e+03
650.0700708720927,6.261000000000000000e+03
650.1445906758098,6.266000000000000000e+03
650.2191148828695,6.268000000000000000e+03
650.2936392616062,6.239000000000000000e+03
650.3681680360504,6.249000000000000000e+03
650.4426927418366,6.271000000000000000e+03
650.5171541261292,6.266000000000000000e+03
650.5916706550105,6.287000000000000000e+03
650.6661957902058,6.253000000000000000e+03
650.740666012245,6.268000000000000000e+03
650.815182932034,6.302000000000000000e+03
650.8897084466328,6.299000000000000000e+03
650.964178992923,6.294000000000000000e+03
651.0386962516251,6.297000000000000000e+03
651.1132178541268,6.295000000000000000e+03
651.1876886716447,6.310000000000000000e+03
651.2622019747984,6.330000000000000000e+03
651.3366644542174,6.318000000000000000e+03
651.4111948833951,6.324000000000000000e+03
651.4856574843718,6.350000000000000000e+03
651.5601838092566,6.336000000000000000e+03
651.6346380150544,6.337000000000000000e+03
651.7091644528816,6.348000000000000000e+03
651.7836357198714,6.350000000000000000e+03
651.8581537529072,6.337000000000000000e+03
651.9326165743445,6.360000000000000000e+03
652.0070751540826,6.349000000000000000e+03
652.0816017691477,6.392000000000000000e+03
652.156064615008,6.386000000000000000e+03
652.2305317068713,6.377000000000000000e+03
652.3049860217482,6.383000000000000000e+03
652.3795211768377,6.379000000000000000e+03
652.4539797141078,6.383000000000000000e+03
652.5284424759848,6.413000000000000000e+03
652.6029009417302,6.439000000000000000e+03
652.6774317803844,6.446000000000000000e+03
652.7518944276276,6.467000000000000000e+03
652.8263527582819,6.436000000000000000e+03
652.900819551962,6.494000000000000000e+03
652.9752820173449,6.453000000000000000e+03
653.0497486751349,6.470000000000000000e+03
653.1242024595398,6.507000000000000000e+03
653.198673222737,6.504000000000000000e+03
653.2731310969292,6.479000000000000000e+03
653.3475931420147,6.498000000000000000e+03
653.4220636246453,6.521000000000000000e+03
653.4965169213231,6.540000000000000000e+03
653.570978643795,6.513000000000000000e+03
653.6454487920213,6.492000000000000000e+03
653.7199145454692,6.526000000000000000e+03
653.7943758953342,6.540000000000000000e+03
653.8688328328077,6.550000000000000000e+03
653.9432939019151,6.592000000000000000e+03
653.9927330350457,6.579300131167196014e+03
654.0177034935903,6.575000000000000000e+03
654.0673848929049,6.570824382205950315e+03
654.0921599692895,6.567000000000000000e+03
654.1419639360352,6.570824382205950315e+03
654.1666291205352,6.564000000000000000e+03
654.2166156285444,6.594132691849376897e+03
654.2410895486252,6.614000000000000000e+03
654.2911987423258,6.615322064252491145e+03
654.3658416830104,6.636511436655606303e+03
654.4404288467964,6.624857281833893467e+03
654.5150758549863,6.652403465957942899e+03
654.5897184695584,6.683128055942459468e+03
654.664305251433,6.671473901120746632e+03
654.7389476142009,6.674652306981213769e+03
654.8135383948625,6.718090520407598888e+03
654.888184771955,6.676771244221525194e+03
654.9627666643294,6.728685206609156921e+03
655.0373526739268,6.724447332128533162e+03
655.1119985900768,6.740339361430869758e+03
655.1865885451579,6.761528733833984916e+03
655.2612255432555,6.781658637616944361e+03
655.3358194230502,6.791193855198345773e+03
655.4104603574718,6.804966947260370034e+03
655.4850452543039,6.779539700376632936e+03
655.5596986994234,6.844167286206133213e+03
655.634274582699,6.834632068624731801e+03
655.7088674352764,6.839929411725510363e+03
655.7835073665872,6.885486562392206906e+03
655.8580911670134,6.900319123074387790e+03
655.9327392618014,6.898200185834076365e+03
656.0073268888157,6.927865307198437222e+03
656.0819099586474,6.954352022702330942e+03
656.1565530436084,6.962827771663576641e+03
656.2311355998527,6.929984244438748647e+03
656.3057308056235,7.006265985089962669e+03
656.3803688222278,7.026395888872922114e+03
656.454954867795,7.011563328190741231e+03
656.5295449351327,7.048644729896192985e+03
656.6041821341065,7.018979608531831218e+03
656.6787759333997,7.088904537462110966e+03
656.7533564903902,7.106915504004758986e+03
656.8279410471957,7.119629127446627535e+03
656.9025856984958,7.145056374330365543e+03
656.9771696261503,7.142937437090054118e+03
657.0517532233856,7.159888935012546426e+03
657.1264055746188,7.160948403632702139e+03
657.2009928278474,7.199089273958308695e+03
657.2755710944062,7.216040771880801003e+03
657.3501576467798,7.249943767725784710e+03
657.4247438407015,7.279608889090145567e+03
657.4993858698668,7.267954734268432730e+03
657.573971341612,7.283846763570768417e+03
657.6485607618943,7.363306910082449576e+03
657.7231498016442,7.382377345245253309e+03
657.7977341278665,7.335760725958400144e+03
657.87237432304,7.405685654888679892e+03
657.9469621958759,7.439588650733663599e+03
658.0215410042488,7.449123868315065010e+03
658.0961280598617,7.436410244873196461e+03
658.1707146988002,7.470313240718180168e+03
658.2453009150308,7.516929860005033333e+03
658.3198867025178,7.560368073431418452e+03
658.3945327428875,7.540238169648459916e+03
658.4691220043352,7.566724885152353636e+03
658.5437021472852,7.573081696873287910e+03
658.6182818353581,7.587914257555468794e+03
658.69286974003,7.634530876842321049e+03
658.767461521399,7.677969090268707077e+03
658.8420354727173,7.639828219943099612e+03
658.9166306515345,7.699158462671822235e+03
658.9912079822875,7.709753148873379359e+03
659.0657935091809,7.725645178175715955e+03
659.140382887388,7.770142860222256786e+03
659.2149717681472,7.796629575726150506e+03
659.289551452134,7.802986387447084780e+03
659.3641306225966,7.865495036036274541e+03
659.438717970647,7.876089722237831666e+03
659.5133047969533,7.916349529803750556e+03
659.5878910954348,7.898338563261102536e+03
659.6624768600082,7.961906680470447100e+03
659.7370620845874,7.958728274609979962e+03
659.8116467630838,8.001107019416210278e+03
659.8862265349078,8.024415329059636861e+03
659.9608101019778,8.061496730765087705e+03
660.0354018176174,8.046664170082907731e+03
660.1099798943757,8.122945910734120844e+03
660.1845748263452,8.148373157617858851e+03
660.259151743867,8.165324655540351159e+03
660.333684466581,8.208762868966736278e+03
660.4082645480388,8.250082145152811790e+03
660.4828527532469,8.251141613772966593e+03
660.5574316285567,8.285044609617951210e+03
660.6320229836718,8.325304417183868281e+03
660.7066049946801,8.359207413028852898e+03
660.7811820158635,8.419597124377731234e+03
660.8557147324121,8.415359249897108384e+03
660.9302992109782,8.473630024005673476e+03
661.0048830496228,8.482105772966919176e+03
661.0794662422122,8.488462584687853450e+03
661.1540575251042,8.547792827416576984e+03
661.2285781978873,8.567922731199534610e+03
661.3031681500861,8.584874229122027828e+03
661.3777399387936,8.635728722889503842e+03
661.452332922751,8.631490848408880993e+03
661.5269208535378,8.652680220811995241e+03
661.6014380645663,8.704594183199626059e+03
661.6760289813253,8.744853990765544950e+03
661.7506148234904,8.739556647664767297e+03
661.8251298800592,8.770281237649283867e+03
661.8997142930884,8.837027760719094658e+03
661.9743067544003,8.823254668657071306e+03
662.0488853483158,8.906952689649375316e+03
662.1234149871826,8.922844718951711911e+03
662.198000873726,8.929201530672646186e+03
662.2725860216412,8.963104526517628983e+03
662.347104619191,8.964163995137785605e+03
662.4216882564932,9.059516170951803360e+03
662.4962184684717,9.086002886455697080e+03
662.570804963388,9.060575639571958163e+03
662.6453862997457,9.087062355075851883e+03
662.7199097646629,9.145333129184418794e+03
662.7944939234665,9.171819844688312514e+03
662.869086084027,9.252339459820148477e+03
662.9436071371093,9.286242455665133093e+03
663.0181889069928,9.314848108409338238e+03
663.0927083152421,9.306372359448092539e+03
663.1673016492832,9.367821539417125678e+03
663.2418237897235,9.395367723541174200e+03
663.3164110793576,9.472708932812543935e+03
663.3909359310869,9.431389656626470241e+03
663.4655171474956,9.464233183851298236e+03
663.5400358838839,9.497076711076126230e+03
663.6146198039338,9.532039175541265649e+03
663.6891500154543,9.572298983107184540e+03
663.763736622158,9.628450819975440027e+03
663.8382518588492,9.622094008254503933e+03
663.9128411292601,9.719565121308833113e+03
663.9873589874919,9.748170774053038258e+03
664.0619509026042,9.741813962332103983e+03
664.136471363353,9.796906330580202848e+03
664.211061492379,9.825511983324407993e+03
664.285584535613,9.833987732285653692e+03
664.3601640270679,9.851998698828301713e+03
664.4346852160202,9.897555849495000075e+03
664.5092142934612,9.930399376719828069e+03
664.5838042596656,9.978075464626836037e+03
664.6583226187805,1.004482198769664865e+04
664.7328488535421,1.009143860698350181e+04
664.8074315802052,1.009249807560365662e+04
664.881960314152,1.017301769073549440e+04
664.9565455552175,1.017937450245642867e+04
665.031072346548,1.023022899622390469e+04
665.1055937270582,1.031074861135574065e+04
665.1801096874939,1.027896455275106928e+04
665.2546998800744,1.032452170341776582e+04
665.3292271235769,1.039020875786742181e+04
665.4037489291384,1.035100841892165954e+04
665.4783361453115,1.048450146506128294e+04
665.5528603518749,1.048979880816206241e+04
665.6273790986409,1.049085827678221904e+04
665.7019056711048,1.056925895467374357e+04
665.7764932599148,1.059256726431716925e+04
665.8510088931856,1.063494600912339956e+04
665.9255412083346,1.070063306357305555e+04
666.0000591620371,1.068580050289087558e+04
666.0746470335703,1.077691480422427048e+04
666.1491717378727,1.074407127699944249e+04
666.2236953664843,1.083942345281346024e+04
666.2982179130853,1.081399620592972133e+04
666.3727393713534,1.086379123107704254e+04
666.4472686180028,1.092947828552669853e+04
666.5218500778012,1.091570519346467336e+04
666.5963682490049,1.102165205548024824e+04
666.670894195563,1.100893843203837969e+04
666.7454190261132,1.102906833582133913e+04
666.8199427343175,1.110323113923224082e+04
666.8944653138359,1.116150191334080773e+04
666.9689912068017,1.121341587572843855e+04
667.043515960381,1.120494012676719285e+04
667.1180440186909,1.126215143225560314e+04
667.1925664754452,1.123990259123233227e+04
667.2671501081187,1.133949264152697287e+04
667.3416747090137,1.139670394701538316e+04
667.4162025951904,1.135008732772853000e+04
667.4907159415177,1.141577438217818599e+04
667.5652459277131,1.148993718558908949e+04
667.6397747296355,1.147616409352706432e+04
667.7142934240692,1.151536443247282659e+04
667.7888198363478,1.157575414382170493e+04
667.8633405848258,1.165309535309307466e+04
667.9378645829604,1.166474950791478659e+04
668.0123873649534,1.167746313135665696e+04
668.0868509002132,1.169335516065899174e+04
668.1613801466233,1.174950699752724722e+04
668.235899230937,1.180248042853503466e+04
668.3104215399541,1.182472926955830553e+04
668.3849470702704,1.183108608127923981e+04
668.4594713500996,1.193491400605450326e+04
668.533998842422,1.193067613157388041e+04
668.6085250734534,1.196563859603901983e+04
668.683041094052,1.199742265464369302e+04
668.7575647813001,1.200589840360493872e+04
668.8320290343215,1.200166052912431587e+04
668.9065546155499,1.211502367148097983e+04
668.9810833808008,1.213303463802362785e+04
669.0555974212344,1.219024594351203814e+04
669.130128062917,1.224533831176013700e+04
669.2046529196529,1.218812700627172671e+04
669.2791182298785,1.229089546242683355e+04
669.3536314765041,1.229407386828730159e+04
669.4281657979723,1.233327420723306386e+04
669.5026898264498,1.237777188927960560e+04
669.57714526615,1.237883135789976222e+04
669.65167108008,1.247418353371377816e+04
669.7261910590614,1.246994565923315531e+04
669.8007186526492,1.248583768853549191e+04
669.8751865504684,1.251020546679907420e+04
669.949711403622,1.258224933296966447e+04
670.0242348833766,1.260131976813246911e+04
670.0987480026345,1.259920083089215768e+04
670.1732193096983,1.261827126605496051e+04
670.2477431098745,1.263098488949682906e+04
670.3222655128286,1.263946063845807475e+04
670.396728085964,1.267230416568290457e+04
670.471252157415,1.269773141256664167e+04
670.5457118658269,1.273799122013256056e+04
670.6202330875843,1.276977527873723193e+04
670.6947618784129,1.278036996493879087e+04
670.7692307481261,1.285135436248922451e+04
670.8437476587868,1.287360320351249538e+04
670.918213608017,1.287360320351249538e+04
670.9927321095302,1.283758127042720116e+04
671.0672536563986,1.283864073904735596e+04
671.1417196890736,1.292127929141950517e+04
671.216251808498,1.294882547554355369e+04
671.290714863808,1.296577697346604691e+04
671.3652395155675,1.295836069312495601e+04
671.4396995665256,1.301980987309398915e+04
671.5142212289395,1.306006968065990804e+04
671.5886872701645,1.303252349653585770e+04
671.6632104305353,1.306748596100099712e+04
671.7376734223737,1.306430755514053089e+04
671.812193546355,1.316177866819486007e+04
671.8866579770747,1.308443745892349034e+04
671.9611795549314,1.313105407821034350e+04
672.0356408881489,1.312363779786925261e+04
672.1101096909673,1.314800557613283490e+04
672.1846266277597,1.316495707405532630e+04
672.2590968192625,1.316495707405532630e+04
672.3336151557181,1.322110891092358179e+04
672.4080821944679,1.319250325817937664e+04
672.482543119204,1.322534678540420464e+04
672.5570657703272,1.322110891092358179e+04
672.63152802642,1.325289296952825316e+04
672.705997721871,1.327514181055152403e+04
672.7805155931686,1.325713084400887601e+04
672.854982065397,1.330162852605541775e+04
672.9294423823377,1.332493683569884524e+04
673.0039644745739,1.334400727086164807e+04
673.0784260583234,1.330904480639650865e+04
673.152895058153,1.330162852605541775e+04
673.2274213293804,1.334188833362133664e+04
673.3018779706365,1.332069896121822239e+04
673.3763374799411,1.333659099052055717e+04
673.4508043890924,1.334294780224149326e+04
673.5252650884476,1.332599630431900005e+04
673.5997967036512,1.336307770602445089e+04
673.6742585868221,1.336413717464460751e+04
673.748714237457,1.340333751359036978e+04
673.823186347847,1.344677572701675490e+04
673.8976385924067,1.342770529185395208e+04
673.9721663425748,1.339909963910974693e+04
674.0466287979216,1.336731558050507374e+04
674.1210895311846,1.335672089430351662e+04
674.1955530811653,1.338320760980741034e+04
674.2700239906791,1.338426707842756696e+04
674.3444795221271,1.334718567672211611e+04
674.4189469503236,1.338108867256709891e+04
674.49346722243,1.337049398636554179e+04
674.567935708377,1.337155345498569841e+04
674.6424024340591,1.338744548428803319e+04
674.7168582880072,1.332175842983837720e+04
674.7913214713103,1.339062389014850123e+04
674.8657783200656,1.326030924986934406e+04
674.940251601854,1.336413717464460751e+04
675.0147094269751,1.332281789845853382e+04
675.0891700095718,1.331963949259806577e+04
675.1636379044918,1.331858002397791097e+04
675.2380994327431,1.325607137538872121e+04
675.312554584676,1.329209330847401725e+04
675.3870261580195,1.330374746329572918e+04
675.4614822208301,1.327726074779183546e+04
675.5359547018315,1.326878499883058976e+04
675.610407090499,1.323064412850498229e+04
675.6848804576179,1.322004944230342517e+04
675.7593337130725,1.318932485231890860e+04
675.8338033782419,1.319462219541968807e+04
675.9082026566803,1.315436238785376918e+04
675.9826594431638,1.312575673510956403e+04
676.0571234944312,1.311410258028785029e+04
676.1315948098625,1.315648132509408060e+04
676.2060550986515,1.309185373926457942e+04
676.2805134951972,1.309821055098551369e+04
676.3549745673919,1.308761586478395657e+04
676.4293879803434,1.302192881033430058e+04
676.5038498052293,1.301239359275289826e+04
676.5783051376296,1.300179890655134113e+04
676.6527677036122,1.300073943793118633e+04
676.7272329229447,1.290856566797763480e+04
676.8016366634976,1.291492247969857090e+04
676.8761025828228,1.289585204453576625e+04
676.9505619772531,1.281851083526439652e+04
677.0250240043307,1.281109455492330744e+04
677.0994290601088,1.278142943355894568e+04
677.1738917427178,1.274964537495427430e+04
677.2483524582894,1.277295368459769998e+04
677.3227561481843,1.273057493979146966e+04
677.3972128974716,1.269137460084570739e+04
677.4716768389669,1.261827126605496051e+04
677.5461433813275,1.264052010707823138e+04
677.6205482371186,1.256529783504717307e+04
677.6950015852051,1.253987058816343597e+04
677.7694069841688,1.253033537058203365e+04
677.8438746703705,1.251550280989985367e+04
677.9183311477581,1.246041044165175481e+04
677.9927396296163,1.241167488512459022e+04
678.0672012294622,1.236823667169820328e+04
678.1416056066512,1.230149014862839249e+04
678.2160631125909,1.229301439966714679e+04
678.2905277690969,1.229937121138808106e+04
678.3649259468506,1.224745724900044843e+04
678.4393864750938,1.219130541213219476e+04
678.513798898065,1.221037584729499758e+04
678.5882598799376,1.212773729492284838e+04
678.6626543015428,1.209171536183755416e+04
678.7371249257566,1.203768246220961009e+04
678.8115243461227,1.200271999774447067e+04
678.8859815585386,1.194444922363590558e+04
678.9603905685974,1.195504390983746271e+04
679.0348481677615,1.181307511473659179e+04
679.1092529209583,1.187770270056609297e+04
679.1836509171139,1.181307511473659179e+04
679.2581113551571,1.173785284270553348e+04
679.3325235125415,1.172196081340319688e+04
679.4069842868593,1.165733322757369751e+04
679.481378280968,1.164673854137214039e+04
679.5557839509504,1.158211095554263920e+04
679.6302474888498,1.155668370865890029e+04
679.704648807749,1.153549433625578604e+04
679.7790525553501,1.147192621904644147e+04
679.8535234360058,1.142636906837974311e+04
679.9279135518302,1.140941757045725171e+04
680.0023245731195,1.132042220636416823e+04
680.076784258521,1.134690892186806195e+04
680.1511816092886,1.125367568329435744e+04
680.2255859851732,1.120070225228657000e+04
680.3000482943368,1.120388065814703623e+04
680.374448213023,1.113819360369738024e+04
680.4488412562114,1.109899326475161797e+04
680.5232552007656,1.110111220199192940e+04
680.5976576301395,1.099304640273604309e+04
680.6721226617578,1.102271152410040304e+04
680.7465159407645,1.094748925206934655e+04
680.8209254830051,1.087862379175922251e+04
680.8953281128896,1.084683973315454932e+04
680.969723820552,1.080552045696847563e+04
681.0441775310805,1.081081780006925510e+04
681.118582574998,1.077585533560411386e+04
681.1929806772104,1.071546562425523734e+04
681.2673996753556,1.064342175808464526e+04
681.3418070819359,1.058303204673576874e+04
681.4162075273074,1.061799451120090816e+04
681.4906056458781,1.051840446090626756e+04
681.5649921401839,1.052370180400704703e+04
681.6393995215485,1.044636059473567730e+04
681.7137999143118,1.043152803405349732e+04
681.7882165503345,1.037855460304570988e+04
681.8626680324036,1.039974397544882413e+04
681.9370706711479,1.032240276617745440e+04
682.0114662918298,1.028955923895262640e+04
682.0858781465969,1.023340740208437091e+04
682.1602876270566,1.022281271588281379e+04
682.234615600839,1.020586121796032239e+04
682.3090342611832,1.010309276180521374e+04
682.3834179373963,1.005753561113851720e+04
682.4578224911205,1.008826020112303377e+04
682.5322153211919,9.984432276347770312e+03
682.6066290312607,1.001515686633228688e+04
682.6810356664762,9.876366477091884008e+03
682.7554352169042,9.921923627758582370e+03
682.8298276726078,9.854117636068613137e+03
682.9042363415565,9.835047200905810314e+03
682.9786379060591,9.828690389184876040e+03
683.052985700029,9.756646523014283957e+03
683.1273776822683,9.715327246828210264e+03
683.2017812028357,9.687781062704161741e+03
683.2761822579863,9.643283380657620000e+03
683.3505948498541,9.582893669308741664e+03
683.4249816151049,9.582893669308741664e+03
683.4993378598623,9.548990673463758867e+03
683.5737336498651,9.468471058331921085e+03
683.6481222681783,9.486482024874569106e+03
683.7225270786547,9.426092313525690770e+03
683.7968779498492,9.384773037339617076e+03
683.8712683772519,9.308491296688403963e+03
683.9456749923205,9.344513229773698185e+03
684.0200089024875,9.268231489122485073e+03
684.0944244901342,9.248101585339525627e+03
684.1688141432852,9.238566367758123306e+03
684.2431731578488,9.206782309153451934e+03
684.3175670692367,9.201484966052672462e+03
684.3919584235521,9.106132790238654707e+03
684.4662956794946,9.048921484750244417e+03
684.5407193753053,9.007602208564170724e+03
684.6151123876289,8.995948053742456977e+03
684.689455939193,8.909071626889686740e+03
684.7638578398391,8.851860321401276451e+03
684.8382055615216,8.780875923850840991e+03
684.9125975757681,8.736378241804299250e+03
684.9870010616816,8.707772589060094106e+03
685.0613315458365,8.643145003230592920e+03
685.1357438810281,8.632550317029035796e+03
685.2100831760683,8.538257609835174662e+03
685.2844855664139,8.513889831571592367e+03
685.3588336587155,8.470451618145207249e+03
685.4332213760933,8.472570555385518674e+03
685.5075782509971,8.445024371261468332e+03
685.5819089583205,8.433370216439754586e+03
685.6563216044284,8.455619057463025456e+03
685.7306563603778,8.447143308501779757e+03
685.8050589720733,8.471511086765362052e+03
685.8794024621719,8.456678526083182078e+03
685.9537903041233,8.417478187137419809e+03
686.0281472199982,8.332720697524959178e+03
686.1024731844336,8.347553258207139152e+03
686.1768811733403,8.268093111695457992e+03
686.2512158243778,8.185454559323310605e+03
686.3255665827462,8.194989776904712926e+03
686.3999617223745,8.153670500718638323e+03
686.4742975925424,8.067853542486021979e+03
686.5486495653337,8.090102383509292849e+03
686.6230412185406,8.032891078020882560e+03
686.6973829775881,7.937538902206864805e+03
686.7717408365776,7.997928613555743141e+03
686.8460676249846,7.885624939819233987e+03
686.920476563722,7.899398031881258248e+03
686.9948119535088,7.859138224315340267e+03
687.0691634335083,7.845365132253315096e+03
687.1434837923248,7.768023922981945361e+03
687.2178910716232,7.723526240935404530e+03
687.2922436114384,7.742596676098207354e+03
687.3665697193694,7.672671747167928515e+03
687.4409071790424,7.630293002361698200e+03
687.5152607193801,7.633471408222165337e+03
687.5896114344212,7.573081696873287910e+03
687.6639309442114,7.568843822392665061e+03
687.7383327394424,7.559308604811262740e+03
687.8126844041321,7.510573048284099059e+03
687.8870284875072,7.466075366237557319e+03
687.9613649794371,7.410982997989458454e+03
688.0357175394452,7.380258408004941884e+03
688.1100388231959,7.378139470764630460e+03
688.1843761649789,7.343177006299490131e+03
688.2587343070002,7.338939131818867281e+03
688.3330800913666,7.255241110826563272e+03
688.4074182439083,7.277489951849834142e+03
688.4817534945465,7.245705893245161860e+03
688.556104800579,7.207565022919554394e+03
688.6304200038998,7.172602558454414975e+03
688.7047797093452,7.162007872252857851e+03
688.7791080338786,7.128104876407873235e+03
688.8534524038824,7.089964006082266678e+03
688.9277890934775,7.068774633679151520e+03
689.0021418286908,7.061358353338061534e+03
689.0764868733971,6.993552361648093211e+03
689.1507577273879,7.012622796810896943e+03
689.2250873462091,6.960708834423265216e+03
689.2994377520117,6.960708834423265216e+03
689.3737756865256,6.952233085462019517e+03
689.4481106432635,6.858999846888313186e+03
689.5224616327603,6.855821441027846049e+03
689.5968001275772,6.865356658609248370e+03
689.6710880627454,6.821918445182862342e+03
689.745415792651,6.816621102082083780e+03
689.8197595452868,6.834632068624731801e+03
689.8941002876792,6.765766608314607765e+03
689.968380885931,6.757290859353362066e+03
690.0427250973174,6.755171922113050641e+03
690.1170662811704,6.713852645926976038e+03
690.1913949030705,6.715971583167287463e+03
690.2656966557213,6.617441001492803480e+03
690.3400334706062,6.640749311136229153e+03
690.4143672314507,6.585656942888130288e+03
690.4886454859029,6.603667909430778309e+03
690.5629874122526,6.580359599787351726e+03
690.6373214994773,6.580359599787351726e+03
690.7116000290887,6.540099792221433745e+03
690.7859422563533,6.542218729461745170e+03
690.8602336681432,6.511494139477228600e+03
690.9345601567937,6.499839984655514854e+03
691.0089026400582,6.472293800531465422e+03
691.0831942596561,6.446866553647727414e+03
691.157520963373,6.453223365368661689e+03
691.2318206545044,6.432033992965547441e+03
691.3061602170517,6.425677181244612257e+03
691.380444070193,6.381179499198071426e+03
691.45476779478,6.378001093337604289e+03
691.5290596795087,6.383298436438382851e+03
691.6033914459812,6.343038628872463960e+03
691.6776674311591,6.295362540965455992e+03
691.7520072241363,6.322908725089505424e+03
691.8262959912287,6.261459545120471375e+03
691.900643801485,6.298540946825923129e+03
691.9749166156074,6.209545582732839648e+03
692.0492005879099,6.232853892376266231e+03
692.123529252891,6.220140268934397682e+03
692.1978259721524,6.225437612035176244e+03
692.2721578136724,6.206367176872372511e+03
692.3464385130854,6.166107369306454530e+03
692.4207159769667,6.105717657957577103e+03
692.4950525395182,6.174583118267700229e+03
692.56933311711,6.117371812779289939e+03
692.6436056440851,6.109955532438199953e+03
692.7179660817585,6.098301377616486207e+03
692.7922272967613,6.108896063818044240e+03
692.8665236380322,6.044268477988543054e+03
692.9407927013435,6.072874130732748199e+03
693.0151497288059,6.026257511445895943e+03
693.089421837627,6.020960168345116472e+03
693.1636906489606,6.028376448686207368e+03
693.2379753787236,6.026257511445895943e+03
693.3122568047582,6.005068139042780786e+03
693.3865926140129,5.974343549058264216e+03
693.4608818498604,5.951035239414837633e+03
693.5351581466051,5.954213645275304771e+03
693.6094263017561,5.897002339786894481e+03
693.6837151767944,5.908656494608607318e+03
693.7579910889119,5.872634561523312186e+03
693.8322636527323,5.885348184965180735e+03
693.906552121247,5.900180745647361618e+03
693.9808998444166,5.836612628438017055e+03
694.0551719756728,5.829196348096926158e+03
694.1294600063287,5.851445189120197028e+03
694.2037398455482,5.806947507073655288e+03
694.2780114829652,5.811185381554279047e+03
694.3522990144666,5.759271419166647320e+03
694.426583156023,5.756093013306180183e+03
694.5008542537265,5.735963109523220737e+03
694.5751412401826,5.760330887786803032e+03
694.6494248189764,5.770925573988360156e+03
694.723700156412,5.719011611600728429e+03
694.7979624146619,5.726427891941818416e+03
694.8721970948218,5.704179050918548455e+03
694.9464717871994,5.674513929554187598e+03
695.0207623596758,5.635313590608424420e+03
695.0950205016327,5.627897310267334433e+03
695.1693186762369,5.603529532003752138e+03
695.2435843995215,5.580221222360325555e+03
695.3178708269531,5.588696971321571255e+03
695.3921441168008,5.575983347879702706e+03
695.4663655616765,5.563269724437833247e+03
695.5406463919401,5.573864410639391281e+03
695.6149237361514,5.530426197213005253e+03
695.6892121064967,5.572804942019235568e+03
695.7634969823528,5.512415230670358142e+03
695.8377008859716,5.492285326887398696e+03
695.9119932631442,5.520890979631603841e+03
695.9862772860863,5.501820544468800108e+03
696.06048026933,5.479571703445529238e+03
696.134771767185,5.473214891724594963e+03
696.2090548898484,5.444609238980389819e+03
696.2833296268801,5.483809577926152087e+03
696.3575523255896,5.456263393802102655e+03
696.4318151008928,5.416003586236184674e+03
696.5060403540568,5.391635807972602379e+03
696.58033480532,5.408587305895094687e+03
696.6545965750922,5.359851749367930097e+03
696.7288256373972,5.376803247290421496e+03
696.8030899410923,5.357732812127618672e+03
696.8773263707111,5.339721845584970652e+03
696.9516029071826,5.343959720065593501e+03
697.0258758450395,5.361970686608241522e+03
697.1000868630892,5.298402569398896958e+03
697.1743865928445,5.285688945957027499e+03
697.248609793035,5.303699912499675520e+03
697.3228682493078,5.260261699073289492e+03
697.3970987519848,5.275094259755470375e+03
697.4713645187727,5.285688945957027499e+03
697.5456023130668,5.242250732530641471e+03
697.6198072452165,5.236953389429862909e+03
697.6941009834452,5.229537109088772922e+03
697.7683131711979,5.241191263910485759e+03
697.8425898466292,5.190336770143010654e+03
697.9168092738975,5.217882954267060086e+03
697.9910201305657,5.185039427042231182e+03
698.0653003733468,5.180801552561608332e+03
698.1395184438109,5.171266334980206921e+03
698.2138010478819,5.187158364282542607e+03
698.2880311962213,5.174444740840674058e+03
698.3622527442063,5.151136431197247475e+03
698.4364656813189,5.167028460499584071e+03
698.510738305446,5.156433774298026037e+03
698.5849584048053,5.119352372592575193e+03
698.6591698720874,5.154314837057714612e+03
698.7334703424422,5.105579280530550022e+03
698.8076889513259,5.100281937429771460e+03
698.8818989069066,5.109817155011173782e+03
698.9561050840433,5.093925125708837186e+03
699.030322134609,5.093925125708837186e+03
699.1046038227042,5.105579280530550022e+03
699.1788328602486,5.051546380902606870e+03
699.2530532146016,5.070616816065410603e+03
699.3272599846256,5.036713820220426896e+03
699.4014873980228,5.046249037801828308e+03
699.4757061069474,5.042011163321205458e+03
699.5499161008405,5.057903192623542054e+03
699.6241418428359,5.024000196778557438e+03
699.6983588590565,5.030357008499492622e+03
699.7726405911895,4.990097200933573731e+03
699.8468646290141,5.010227104716533177e+03
699.9210848186354,4.999632418514975143e+03
699.9952913527262,4.997513481274663718e+03
700.0695185244031,5.002810824375443190e+03
700.1437320277023,4.953015799228122887e+03
700.2179661702849,4.941361644406409141e+03
700.2921670152689,4.992216138173885156e+03
700.3663345364773,4.969967297150614286e+03
700.4405423002715,4.939242707166097716e+03
700.5147657911945,4.938183238545942004e+03
700.5889804729994,4.947718456127344325e+03
700.6632108815323,4.943480581646720566e+03
700.7374324701444,4.942421113026564853e+03
700.81164522823,4.882031401677687427e+03
700.8858540575908,4.918053334762982558e+03
700.9600736910871,4.930766958204852017e+03
701.034240242214,4.878852995817220290e+03
701.1084716450022,4.867198840995507453e+03
701.1826646876575,4.857663623414105132e+03
701.2569029402329,4.868258309615663165e+03
701.3311077280009,4.894745025119556885e+03
701.4052790247227,4.856604154793949419e+03
701.4794906151762,4.873555652716441728e+03
701.5537179110803,4.836474251010989974e+03
701.6278673838922,4.834355313770678549e+03
701.7020768472739,4.875674589956753152e+03
701.776302010223,4.835414782390834262e+03
701.8505182480137,4.804690192406317692e+03
701.9246812071539,4.827998502049744275e+03
701.9989091214585,4.820582221708654288e+03
702.0730492261018,4.808928066886940542e+03
702.147283874415,4.796214443445071993e+03
702.2215095672381,4.799392849305539130e+03
702.2956523110257,4.772906133801645410e+03
702.3698847114229,4.758073573119465436e+03
702.4440341206173,4.770787196561333985e+03
702.5182485406029,4.747478886917907403e+03
702.5924786440079,4.760192510359776861e+03
702.6666306251165,4.739003137956661703e+03
702.7408427059752,4.743241012437284553e+03
702.8150013114393,4.736884200716350279e+03
702.8892200349155,4.716754296933390833e+03
702.9633852532902,4.725230045894636532e+03
703.0375414112833,4.719932702793857970e+03
703.1117577094595,4.710397485212456559e+03
703.1859204527385,4.718873234173702258e+03
703.2601235714659,4.690267581429497113e+03
703.3342928843769,4.690267581429497113e+03
703.4085025826428,4.683910769708562839e+03
703.482658658175,4.695564924530275675e+03
703.5568254210807,4.686029706948874264e+03
703.6310325789715,4.651067242483734844e+03
703.7052108243134,4.640472556282176811e+03
703.7793551808122,4.630937338700775399e+03
703.8535845204474,4.658483522824824831e+03
703.9277353723147,4.623521058359685412e+03
704.0019018493869,4.616104778018594516e+03
704.0760542132163,4.620342652499217365e+03
704.1502767406283,4.637294150421709674e+03
704.2244157321018,4.608688497677504529e+03
704.2985752975638,4.611866903537971666e+03
704.3727455222629,4.584320719413922234e+03
704.4469065581811,4.601272217336414542e+03
704.5211080295742,4.585380188034077946e+03
704.5952804534251,4.589618062514700796e+03
704.6694387032167,4.563131347010807076e+03
704.7435926983363,4.579023376313143672e+03
704.8177573342106,4.545120380468159965e+03
704.891917706452,4.568428690111585638e+03
704.9660688376695,4.573726033212365110e+03
705.0402107171044,4.529228351165823369e+03
705.114442771257,4.556774535289872802e+03
705.1885910002947,4.529228351165823369e+03
705.2627548254902,4.517574196344110533e+03
705.3369093767561,4.530287819785979082e+03
705.4110795235591,4.524990476685200520e+03
705.485220476971,4.531347288406134794e+03
705.5593969294841,4.506979510142552499e+03
705.6335441691415,4.516514727723954820e+03
705.7077020144703,4.478373857398347354e+03
705.7818057106044,4.513336321863486774e+03
705.8559498827009,4.482611731878970204e+03
705.9301096345012,4.492146949460372525e+03
706.0042849709166,4.479433326018503067e+03
706.0784260421825,4.463541296716167381e+03
706.1525826869397,4.481552263258814492e+03
706.2267549100956,4.497444292561151087e+03
706.3008928304606,4.452946610514609347e+03
706.3750014111765,4.440232987072740798e+03
706.4491704615375,4.479433326018503067e+03
706.5233051714449,4.441292455692896510e+03
706.5974853991634,4.449768204654142210e+03
706.6716262730434,4.455065547754920772e+03
706.745737753195,4.459303422235543621e+03
706.8198897594285,4.425400426390559915e+03
706.8940323424436,4.442351924313052223e+03
706.9681405012132,4.442351924313052223e+03
707.0422891955021,4.444470861553363648e+03
707.1164534452462,4.445530330173519360e+03
707.19055823756,4.444470861553363648e+03
707.2647035748213,4.431757238111494189e+03
707.3388694645195,4.433876175351805614e+03
707.4129708410553,4.426459895010715627e+03
707.4871177773351,4.407389459847912804e+03
707.5612752521206,4.425400426390559915e+03
707.6353781699282,4.445530330173519360e+03
707.7095466962406,4.419043614669625640e+03
707.7836305801062,4.398913710886666195e+03
707.857775071609,4.402092116747133332e+03
707.9318899937977,4.395735305026199057e+03
708.0060455013667,4.403151585367289044e+03
708.080146353211,4.402092116747133332e+03
708.1543078510902,4.403151585367289044e+03
708.2283845678539,4.398913710886666195e+03
708.3025520377458,4.384081150204486221e+03
708.3766397017445,4.390437961925420495e+03
708.4508131326904,4.412686802948691366e+03
708.5249067170731,4.377724338483551037e+03
708.5989906956581,4.377724338483551037e+03
708.673160478897,4.372426995382772475e+03
708.7472503492967,4.378783807103706749e+03
708.8213557131089,4.383021681584330508e+03
708.8955017018351,4.378783807103706749e+03
708.9696129404151,4.345940279878878755e+03
709.0436944296144,4.355475497460281076e+03
709.1178618009762,4.360772840561059638e+03
709.1919440994113,4.343821342638567330e+03
709.266041878377,4.344880811258723043e+03
709.3401601743607,4.325810376095919310e+03
709.4143140934323,4.328988781956387356e+03
709.4884130457813,4.345940279878878755e+03
709.5625023052012,4.309918346793583623e+03
709.6366020041326,4.335345593677321631e+03
709.71069703359,4.322631970235452172e+03
709.7848579170291,4.313096752654050761e+03
709.8589587159314,4.326869844716075932e+03
709.9330497882937,4.334286125057165918e+03
710.0071361642808,4.283431631289689903e+03
710.0812329625695,4.280253225429222766e+03
710.1553452280508,4.305680472312960774e+03
710.2294275672397,4.310977815413739336e+03
710.3035203190468,4.307799409553272199e+03
710.3776335778801,4.296145254731558452e+03
710.4517320198205,4.297204723351714165e+03
710.5258257276931,4.307799409553272199e+03
710.599909644176,4.270718007847820445e+03
710.6740090111854,4.313096752654050761e+03
710.7480985754111,4.265420664747041883e+03
710.8222035892967,4.243171823723771013e+03
710.8962987889969,4.286610037150157041e+03
710.9704094374856,4.256944915785796184e+03
711.0444849811654,4.250588104064861909e+03
711.1186012467011,4.253766509925329046e+03
711.1926874434225,4.220922982700501052e+03
711.2667840197356,4.262242258886574746e+03
711.3408251965476,4.216685108219877293e+03
711.4149070955419,4.219863514080345340e+03
711.4890246751831,4.218804045460189627e+03
711.5631121310784,4.219863514080345340e+03
711.6372150180558,4.207149890638475881e+03
711.7112320343467,4.212447233739254443e+03
711.7853404449295,4.202912016157853031e+03
711.8594389533098,4.214566170979565868e+03
711.9335275484821,4.175365832033803599e+03
712.0075605935059,4.207149890638475881e+03
712.0816546727544,4.215625639599721580e+03
712.1557641746032,4.177484769274115024e+03
712.2297927223119,4.172187426173336462e+03
712.3038823260575,4.180663175134582161e+03
712.377992420552,4.177484769274115024e+03
712.4520164203059,4.180663175134582161e+03
712.5261268825731,4.149938585150065592e+03
712.6001562828156,4.163711677212089853e+03
712.6742518579922,4.156295396870999866e+03
712.7483628435643,4.124511338266327584e+03
712.8223876211747,4.173246894793492174e+03
712.8964785986809,4.149938585150065592e+03
712.9705138140855,4.166890083072557900e+03
713.0446101673241,4.149938585150065592e+03
713.1186507279195,4.111797714824459035e+03
713.19275244439,4.143581773429131317e+03
713.2667983376626,4.130868149987261859e+03
713.3408290765726,4.121332932405860447e+03
713.4149057221886,4.106500371723679564e+03
713.4889468476811,4.134046555847728996e+03
713.5630542605719,4.113916652064770460e+03
713.6370752139885,4.103321965863212426e+03
713.71111152602,4.093786748281811015e+03
713.7852141503761,4.085310999320564861e+03
713.8592557248019,4.093786748281811015e+03
713.93328717658,4.087429936560876286e+03
714.0073900636712,4.072597375878695857e+03
714.0814267494405,4.098024622762433864e+03
714.1554583900697,4.081073124839942011e+03
714.2295512937391,4.050348534855425441e+03
714.3035881409775,4.071537907258540145e+03
714.3776148223176,4.051408003475581154e+03
714.451651744311,4.083192062080253436e+03
714.5256835921462,4.056705346576359716e+03
714.5997818492889,4.048229597615113562e+03
714.6738188625989,4.021742882111219842e+03
714.7478712188952,4.054586409336048291e+03
714.8218929356141,4.045051191754646425e+03
714.8959248750398,4.030218631072465996e+03
714.9699721505816,4.058824283816671141e+03
715.044014315487,4.009029258669350838e+03
715.1180411339378,4.050348534855425441e+03
715.1920883966163,4.028099693832154571e+03
715.2661714596333,4.036575442793400725e+03
715.3402238179556,4.034456505553088846e+03
715.4142403295658,4.027040225211998859e+03
715.488267040557,3.998434572467793714e+03
715.5623141930947,4.035515974173244558e+03
715.6363510669913,4.013267133149974143e+03
715.7103315493897,4.007969790049195126e+03
715.784373440411,4.029159162452310284e+03
715.8584050299637,3.997375103847638002e+03
715.932426306901,4.029159162452310284e+03
716.0064680199878,3.988899354886391848e+03
716.080494283165,3.996315635227482289e+03
716.1545409835085,3.999494041087949427e+03
716.2285722201125,4.009029258669350838e+03
716.3025469314863,3.982542543165457573e+03
716.3765882447348,3.979364137304989981e+03
716.4506192011959,4.007969790049195126e+03
716.5246654600803,3.943342204219694850e+03
716.5987013504475,3.974066794204211419e+03
716.6726754991479,3.998434572467793714e+03
716.7467162946405,4.006910321429039413e+03
716.8207466986998,3.998434572467793714e+03
716.8947667001454,3.989958823506547560e+03
716.9687557260248,3.976185731444522844e+03
717.0427805919613,3.954996359041407686e+03
717.116825887731,3.985720949025924710e+03
717.1908093232216,3.984661480405768998e+03
717.2648286044712,3.960293702142186703e+03
717.3388168541977,3.999494041087949427e+03
717.4128461038251,3.948639547320473412e+03
717.4868906346427,4.005850852808883701e+03
717.5608474726536,3.938044861118915833e+03
717.6348968087937,3.985720949025924710e+03
717.7088584084709,3.964531576622809553e+03
717.7828867763504,3.945461141460006274e+03
717.8568840385082,3.950758484560784837e+03
717.9309171761972,3.977245200064678556e+03
718.0048882559898,3.932747518018137271e+03
718.0789313004857,3.943342204219694850e+03
718.1528864689565,3.906260802514243551e+03
718.2268775063203,3.923212300436735404e+03
718.300914749167,3.925331237677046829e+03
718.3748898482226,3.910498676994866400e+03
718.4489059941204,3.924271769056891117e+03
718.5228857662477,3.925331237677046829e+03
718.5968549564894,3.924271769056891117e+03
718.6708910267723,3.942282735599539137e+03
718.7448648651658,3.910498676994866400e+03
718.8188539335962,3.911558145615022113e+03
718.8928117241455,3.941223266979382970e+03
718.9668571028507,3.932747518018137271e+03
719.040845353585,3.886130898731284105e+03
719.1148178064504,3.928509643537513966e+03
719.1887847916446,3.896725584932841684e+03
719.2628187285492,3.874476743909570814e+03
719.3367851179871,3.893547179072374547e+03
719.4107718973806,3.891428241832063122e+03
719.4847480151196,3.888249835971595985e+03
719.55871345993,3.911558145615022113e+03
719.6326941140954,3.876595681149882694e+03
719.7066692631995,3.874476743909570814e+03
719.780706250103,3.884011961490972681e+03
719.8546807424774,3.884011961490972681e+03
719.9286497097812,3.854346840126611824e+03
720.0026286960333,3.882952492870816968e+03
720.0766021474149,3.877655149770038406e+03
720.1505856143327,3.835276404963808545e+03
720.2245376004026,3.875536212529726981e+03
720.298530717732,3.845871091165365669e+03
720.3725079039693,3.836335873583964258e+03
720.446479525475,3.837395342204119970e+03
720.5204403826414,3.825741187382406679e+03
720.5943696939084,3.868119932188636540e+03
720.6683349523433,3.825741187382406679e+03
720.7423153966341,3.836335873583964258e+03
720.816285052651,3.817265438421160525e+03
720.890249105901,3.815146501180849100e+03
720.9642231419422,3.826800656002562391e+03
721.0382175601698,3.834216936343652833e+03
721.1121179678518,3.837395342204119970e+03
721.1860907374653,3.807730220839759113e+03
721.2600786851124,3.833157467723496666e+03
721.334050596095,3.781243505335865393e+03
721.4079648215145,3.801373409118824384e+03
721.4819202230957,3.801373409118824384e+03
721.5559168215076,3.796076066018045822e+03
721.6298296575088,3.783362442576176818e+03
721.7038045147077,3.769589350514152102e+03
721.777768491748,3.813027563940537675e+03
721.8516746809869,3.781243505335865393e+03
721.9256689717006,3.769589350514152102e+03
721.9996263053706,3.757935195692438811e+03
722.0735518685187,3.735686354669167940e+03
722.1475134315792,3.767470413273840677e+03
722.221443203523,3.754756789831971673e+03
722.2954141996532,3.745221572250569807e+03
722.369322077151,3.719794325366831799e+03
722.4432972736668,3.728270074328077953e+03
722.5172093181159,3.727210605707922241e+03
722.5911887015628,3.730389011568389378e+03
722.665104899496,3.727210605707922241e+03
722.7390623388185,3.732507948808700803e+03
722.8129878959985,3.730389011568389378e+03
722.8869756086152,3.720853793986987512e+03
722.9608791618889,3.685891329521847638e+03
723.0347925998112,3.711318576405585645e+03
723.1087786701618,3.693307609862938079e+03
723.1826700550422,3.686950798142003805e+03
723.2565817737539,3.679534517800913363e+03
723.3305609227724,3.674237174700134801e+03
723.4044767103132,3.675296643320290514e+03
723.4783814349788,3.675296643320290514e+03
723.5523797909511,3.673177706079979089e+03
723.6262885587613,3.663642488498577222e+03
723.7001862401456,3.679534517800913363e+03
723.7741042546204,3.631858429893904486e+03
723.8480321309023,3.655166739537331068e+03
723.9220013141903,3.653047802297019643e+03
723.9959122328532,3.664701957118732935e+03
724.0698330025856,3.657285676777642493e+03
724.1437478932739,3.620204275072191649e+03
724.2176516517817,3.644572053335773489e+03
724.2915652506016,3.633977367134216365e+03
724.3654729499798,3.607490651630322645e+03
724.4393957341822,3.636096304374527790e+03
724.51330736185,3.622323212312503074e+03
724.587207821535,3.611728526110945495e+03
724.6611286098097,3.632917898514060653e+03
724.7350592296857,3.600074371289232204e+03
724.80895240124,3.583122873366740350e+03
724.882865897012,3.623382680932658786e+03
724.9567892135801,3.587360747847363200e+03
725.0307013255602,3.591598622327986050e+03
725.1046074792529,3.609609588870634070e+03
725.1785287017594,3.596895965428765066e+03
725.2524334382222,3.607490651630322645e+03
725.326358500832,3.572528187165182771e+03
725.4002723250796,3.566171375444248497e+03
725.4741222682113,3.591598622327986050e+03
725.5480398915687,3.564052438203936617e+03
725.6219462528422,3.586301279227207488e+03
725.6958676722687,3.601133839909387916e+03
725.769783084779,3.562992969583780905e+03
725.8436292602167,3.551338814762068068e+03
725.9175431603215,3.573587655785338484e+03
725.9914510329734,3.553457752002379493e+03
726.0653686850188,3.586301279227207488e+03
726.1392275716657,3.543922534420977627e+03
726.2131278556831,3.570409249924871347e+03
726.2870379081896,3.549219877521756189e+03
726.3608891425325,3.541803597180666202e+03
726.4348081680206,3.530149442358952911e+03
726.50866306773,3.520614224777551044e+03
726.5825857784921,3.540744128560510489e+03
726.6564232085193,3.556636157862846630e+03
726.730349586392,3.519554756157395332e+03
726.8042645953695,3.524852099258174349e+03
726.8781153887404,3.534387316839575760e+03
726.9520393221525,3.522733162017862469e+03
727.0258672943038,3.519554756157395332e+03
727.0997948515045,3.501543789614747766e+03
727.1736528398144,3.493068040653501612e+03
727.2475046789152,3.506841132715526328e+03
727.3214244199837,3.486711228932567337e+03
727.3952533686669,3.507900601335682040e+03
727.4691766890326,3.487770697552723050e+03
727.5430356383624,3.497305915134124916e+03
727.6168831154938,3.475057074110854046e+03
727.6907985389481,3.480354417211632608e+03
727.7646495352022,3.461283982048829330e+03
727.838494332822,3.475057074110854046e+03
727.9123488191613,3.450689295847271751e+03
727.986271291593,3.470819199630231196e+03
728.0601080662049,3.448570358606960326e+03
728.1339810274446,3.445391952746493189e+03
728.2078212555151,3.406191613800730465e+03
728.2817295008361,3.419964705862755181e+03
728.3555996998778,3.424202580343378031e+03
728.429453049297,3.451748764467427463e+03
728.5033054557948,3.405132145180574753e+03
728.577140989502,3.405132145180574753e+03
728.6509914915385,3.408310551041041890e+03
728.7248569664563,3.405132145180574753e+03
728.7987108614303,3.403013207940263328e+03
728.872558477417,3.409370019661197603e+03
728.9464688832253,3.379704898296836745e+03
729.0203145595359,3.408310551041041890e+03
729.0941805149681,3.391359053118550037e+03
729.1680295392798,3.387121178637926732e+03
729.2418722535059,3.375467023816213441e+03
729.3156767351837,3.361693931754188725e+03
729.3895227579071,3.355337120033254450e+03
729.4633837365335,3.368050743475123454e+03
729.5372330643772,3.323553061428582168e+03
729.6110920231105,3.351099245552631601e+03
729.6849499652391,3.321434124188270289e+03
729.7587909091665,3.350039776932475888e+03
729.832646799371,3.332028810389827868e+03
729.9064377258716,3.301304220405311298e+03
729.9802755476569,3.329909873149516443e+03
730.0541496290818,3.315077312467336014e+03
730.1279906863275,3.304482626265778435e+03
730.2018413503896,3.304482626265778435e+03
730.2756322932343,3.294947408684376569e+03
730.3494914925877,3.296006877304532736e+03
730.4233389576001,3.304482626265778435e+03
730.497121314011,3.266341755940171424e+03
730.5709933006522,3.266341755940171424e+03
730.6448321837362,3.258925475599081437e+03
730.7186379386568,3.277995910761884716e+03
730.7924799682986,3.280114848002196140e+03
730.8662835069548,3.239855040436277704e+03
730.940128667791,3.258925475599081437e+03
731.0139673771906,3.238795571816121992e+03
731.0877622124666,3.232438760095187718e+03
731.1616307539186,3.223963011133941563e+03
731.2354072830598,3.222903542513785851e+03
731.3092735761231,3.189000546668802144e+03
731.3830531589755,3.210189919071916847e+03
731.4569011330443,3.187941078048646432e+03
731.5307105078027,3.198535764250203556e+03
731.6044812553652,3.199595232870359268e+03
731.6783471861277,3.169930111505998411e+03
731.7521477148499,3.175227454606777428e+03
731.8259899112759,3.183703203568023127e+03
731.899766660658,3.159335425304440832e+03
731.9735636445379,3.187941078048646432e+03
732.0473701527895,3.124372960839301413e+03
732.1212183467612,3.134967647040858992e+03
732.195006386356,3.110599868777276697e+03
732.2688093011474,3.115897211878055259e+03
732.3426485486638,3.123313492219145701e+03
732.4164544099781,3.118016149118366684e+03
732.4902214949792,3.102124119816030543e+03
732.5640302732379,3.107421462916809560e+03
732.6378270896475,3.089410496374161539e+03
732.7116656191168,3.097886245335407693e+03
732.7854653361854,3.085172621893538690e+03
732.8592530670325,3.065042718110579244e+03
732.9330341718326,3.085172621893538690e+03
733.0068247610646,3.067161655350891124e+03
733.0806302100424,3.058685906389644970e+03
733.1544290226378,3.072458998451669686e+03
733.2282104378809,3.034318128126062675e+03
733.3020120820065,3.040674939846997404e+03
733.3758016923423,3.029020785025284113e+03
733.4495738776542,3.029020785025284113e+03
733.5233662868974,3.023723441924505096e+03
733.5971735461529,3.002534069521390393e+03
733.6709687462483,3.007831412622168955e+03
733.7447518754218,3.008890881242324667e+03
733.818549846392,3.003593538141546105e+03
733.8923357337387,2.981344697118275235e+03
733.9660610421337,2.995117789180299951e+03
734.039849657903,2.978166291257808098e+03
734.113653111708,2.973928416777185248e+03
734.1874498467755,3.004653006761701818e+03
734.2612290717857,2.979225759877963810e+03
734.3349476318791,2.953798512994225803e+03
734.4087618993168,2.966512136436094806e+03
734.4825316665394,2.976047354017496673e+03
734.5563216510071,2.936847015071733949e+03
734.6300724954872,2.948501169893447241e+03
734.7038651403906,2.936847015071733949e+03
734.7776456166251,2.925192860250020658e+03
734.8513869120628,2.944263295412823936e+03
734.9251700158896,2.918836048529086383e+03
734.99889230638,2.912479236808151654e+03
735.0727050353661,2.922014454389553521e+03
735.1464785471829,2.912479236808151654e+03
735.220218219237,2.901884550606594075e+03
735.2939943121419,2.910360299567840229e+03
735.367736543824,2.912479236808151654e+03
735.4415206118363,2.882814115443790797e+03
735.5152599796714,2.894468270265504088e+03
735.5890466014831,2.881754646823635085e+03
735.662766849309,2.879635709583323660e+03
735.7365830712438,2.861624743040675639e+03
735.8103058246913,2.864803148901143231e+03
735.8840433540496,2.849970588218962348e+03
735.957822745456,2.838316433397249511e+03
736.0315681756952,2.849970588218962348e+03
736.1052958754302,2.845732713738339498e+03
736.1790654451154,2.845732713738339498e+03
736.252801015933,2.849970588218962348e+03
736.326545937147,2.833019090296470495e+03
736.4003381699183,2.840435370637560936e+03
736.4740584115469,2.844673245118183786e+03
736.5477988397872,2.826662278575536220e+03
736.6215269056551,2.837256964777093799e+03
736.6952425972906,2.820305466854601491e+03
736.7690544685436,2.817127060994134354e+03
736.8427725447069,2.792759282730552059e+03
736.9165053742005,2.798056625831331075e+03
736.9902258037228,2.813948655133667216e+03
737.0639609845649,2.786402471009617784e+03
737.137689186275,2.796997157211175363e+03
737.2114267046566,2.784283533769306359e+03
737.2851517972983,2.772629378947593068e+03
737.358897074205,2.767332035846814051e+03
737.4326244765816,2.770510441707281643e+03
737.5063448675909,2.790640345490240634e+03
737.5800799995792,2.762034692746035489e+03
737.6538026703106,2.764153629986346914e+03
737.7275346375662,2.751440006544477910e+03
737.8012595719805,2.752499475164633623e+03
737.8749992432967,2.748261600684010773e+03
737.9487264275168,2.736607445862297482e+03
738.022468346593,2.750380537924322198e+03
738.0961977656417,2.737666914482453194e+03
738.169865632222,2.730250634141363207e+03
738.2435972558687,2.718596479319649916e+03
738.3173218057595,2.706942324497936625e+03
738.3910556298822,2.716477542079338491e+03
738.4647823694751,2.691050295195600484e+03
738.5384638351453,2.688931357955289059e+03
738.612192738524,2.692109763815756196e+03
738.685909081362,2.698466575536690470e+03
738.7595855634423,2.675158265893263888e+03
738.8332985789483,2.678336671753731480e+03
738.9070317658445,2.665623048311862476e+03
738.9807032179243,2.667741985552173901e+03
739.0544385201678,2.644433675908747318e+03
739.1281065918952,2.659266236590927747e+03
739.2018439933116,2.651849956249837760e+03
739.2755687822585,2.661385173831239172e+03
739.3492317494262,2.617946960404853598e+03
739.4229859424029,2.624303772125788328e+03
739.4966509491076,2.634898458327345907e+03
739.5703798618135,2.592519713521115591e+03
739.6440468874771,2.621125366265320736e+03
739.7177778366447,2.600995462482361745e+03
739.791446866122,2.606292805583140307e+03
739.8651032005454,2.572389809738156600e+03
739.9388289543585,2.591460244900959879e+03
740.0125146409633,2.575568215598623738e+03
740.086187618405,2.576627684218779450e+03
740.1599026583724,2.569211403877689463e+03
740.2335830692062,2.555438311815664747e+03
740.3072452674804,2.551200437335041443e+03
740.3809769441689,2.548022031474574305e+03
740.4546465508478,2.555438311815664747e+03
740.5283253357537,2.540605751133484318e+03
740.6019968452496,2.542724688373795743e+03
740.6757323886792,2.518356910110213448e+03
740.7493783611862,2.505643286668344444e+03
740.8230664214437,2.502464880807877307e+03
740.8967416974003,2.501405412187721595e+03
740.9704041770528,2.479156571164450725e+03
741.0440813057113,2.470680822203204571e+03
741.1177456249695,2.473859228063672163e+03
741.1914740338814,2.482334977024917862e+03
741.265145682029,2.468561884962893146e+03
741.3387990020083,2.469621353583048858e+03
741.4124669600711,2.436777826358220864e+03
741.4861550585991,2.443134638079155138e+03
741.5598248114671,2.460086136001647446e+03
741.6334872037764,2.449491449800089867e+03
741.7070817125386,2.420885797055884723e+03
741.7807678621677,2.421945265676040435e+03
741.8544191228816,2.435718357738065151e+03
741.9281125335501,2.418766859815572843e+03
742.0017600242695,2.411350579474482856e+03
742.0754276444354,2.401815361893080990e+03
742.1491098938311,2.420885797055884723e+03
742.2227792320809,2.394399081551991003e+03
742.2963860567804,2.403934299133392415e+03
742.3700570824167,2.407112704993860007e+03
742.4437151716932,2.380625989489966287e+03
742.5173878791576,2.388042269831056274e+03
742.5909980073593,2.372150240528720133e+03
742.6646723713906,2.386982801210900561e+03
742.7383392893086,2.390161207071367699e+03
742.8119656461523,2.370031303288408708e+03
742.8856286765096,2.339306713303892138e+03
742.9592842387771,2.344604056404670700e+03
743.0328991982909,2.353079805365916854e+03
743.1065563576633,2.358377148466695417e+03
743.1801728901319,2.343544587784514988e+03
743.2538592524501,2.334009370203113122e+03
743.3274497210764,2.334009370203113122e+03
743.4011100282263,2.319176809520932693e+03
743.4747296601421,2.334009370203113122e+03
743.5483970465806,2.326593089862023135e+03
743.6220182060574,2.311760529179842706e+03
743.6956816000841,2.332949901582957409e+03
743.7692821427946,2.296927968497661823e+03
743.8429470520473,2.290571156776727548e+03
743.916576747615,2.281035939195325682e+03
743.990165669035,2.295868499877506110e+03
744.0638466591978,2.283154876435637107e+03
744.1374370340701,2.258787098172055266e+03
744.2110696595498,2.292690094017038973e+03
744.284716858413,2.281035939195325682e+03
744.3583232280512,2.292690094017038973e+03
744.4319496995879,2.257727629551899554e+03
744.5055574804348,2.273619658854235695e+03
744.5791520991629,2.269381784373612390e+03
744.6528444452033,2.250311349210809112e+03
744.7264460022811,2.260906035412366691e+03
744.8000565630955,2.254549223691431962e+03
744.8736594835683,2.237597725768940109e+03
744.9472714032472,2.268322315753456678e+03
745.0208756714717,2.242895068869718671e+03
745.094494486024,2.233359851288317259e+03
745.168100087441,2.241835600249562958e+03
745.2416924635781,2.224884102327071105e+03
745.3152993770332,2.202635261303800235e+03
745.3889152760675,2.232300382668161546e+03
745.4625290474098,2.234419319908472971e+03
745.5361240107667,2.207932604404579251e+03
745.609733506721,2.214289416125513526e+03
745.6833575395775,2.225943570947226817e+03
745.7569683059694,2.225943570947226817e+03
745.8305713563644,2.213229947505357813e+03
745.9041833730809,2.195218980962710248e+03
745.9777876626403,2.204754198544112114e+03
746.0514009139459,2.196278449582865960e+03
746.1249507566789,2.196278449582865960e+03
746.1985429433485,2.206873135784423539e+03
746.2721496486159,2.197337918203021673e+03
746.3457708767787,2.187802700621619806e+03
746.4193230608547,2.189921637861931231e+03
746.4929176060401,2.181445888900685532e+03
746.5665266650274,2.162375453737881799e+03
746.640066621393,2.160256516497570374e+03
746.7136768253059,2.197337918203021673e+03
746.7873015449047,2.147542893055701370e+03
746.8608348022583,2.167672796838660815e+03
746.934460649653,2.160256516497570374e+03
747.0080507927156,2.151780767536324674e+03
747.0815940434294,2.147542893055701370e+03
747.1552131827909,2.154959173396791812e+03
747.2287630801482,2.144364487195234233e+03
747.3023777208953,2.159197047877414661e+03
747.3759007391845,2.144364487195234233e+03
747.4495220280663,2.139067144094455671e+03
747.5230740040879,2.134829269613832366e+03
747.5966125121065,2.126353520652586667e+03
747.6702213915038,2.136948206854144246e+03
747.7437608993716,2.117877771691340513e+03
747.8173763904779,2.131650863753365229e+03
747.8909168833824,2.124234583412275242e+03
747.9644718416794,2.118937240311496225e+03
748.0380188872018,2.123175114792119530e+03
748.111630768237,2.090331587567291081e+03
748.1851787691317,2.111520959970406238e+03
748.2587356337701,2.112580428590561951e+03
748.3322845630789,2.098807336528537235e+03
748.405875958131,2.081855838606044927e+03
748.4794258064913,2.093509993427758218e+03
748.5529901125466,2.076558495505266364e+03
748.626540858474,2.059606997582774511e+03
748.7000780320159,2.086093713086668231e+03
748.7736296540094,2.086093713086668231e+03
748.8471676901079,2.075499026885110652e+03
748.920776260387,2.074439558264954940e+03
748.994315154041,2.056428591722307374e+03
749.0678741021718,2.060666466202930224e+03
749.1414138274398,2.061725934823085936e+03
749.2149736068789,2.046893374140905507e+03
749.2885141477188,2.052190717241684069e+03
749.362046665244,2.037358156559503641e+03
749.4355374512597,2.050071780001372645e+03
749.5090988297237,2.040536562419971006e+03
749.5826465568359,2.041596031040126718e+03
749.656175000463,2.024644533117634637e+03
749.7297234916311,2.011930909675765861e+03
749.803286415846,2.018287721396700363e+03
749.8768356615918,2.012990378295921573e+03
749.9503205982728,2.029941876218413427e+03
750.0238705670453,2.017228252776544423e+03
750.0974068314757,1.999217286233896857e+03
750.170963144645,2.012990378295921573e+03
750.2444438267519,2.007693035195142784e+03
750.318000832892,1.978027913830781927e+03
750.3915384788514,2.005574097954831359e+03
750.4650398530696,1.968492696249380060e+03
750.5385837931271,1.998157817613741145e+03
750.6121083437756,1.962135884528445558e+03
750.6855965835151,1.978027913830781927e+03
750.7591555782365,1.969552164869535773e+03
750.8326444278694,1.966373759009068635e+03
750.9061758589805,1.962135884528445558e+03
750.9796652967866,1.954719604187355344e+03
751.053225528571,1.973790039350158850e+03
751.1267211857668,1.937768106264863491e+03
751.2002538005404,1.950481729706732267e+03
751.2737443726544,1.931411294543928989e+03
751.347283196831,1.953660135567199632e+03
751.4207743095347,1.929292357303617337e+03
751.4942572105898,1.920816608342371410e+03
751.567805321994,1.919757139722215697e+03
751.641288735935,1.916578733861748333e+03
751.7147865207419,1.917638202481904273e+03
751.7883269399143,1.918697671102059985e+03
751.8618252198199,1.901746173179567904e+03
751.9353096018531,1.893270424218321978e+03
752.0087800736492,1.905984047660190981e+03
752.082349748397,1.915519265241592620e+03
752.1558206716313,1.887973081117543188e+03
752.2293059510168,1.893270424218321978e+03
752.3028112503567,1.882675738016764399e+03
752.3762686487676,1.873140520435362760e+03
752.4497687028702,1.877378394915985837e+03
752.5232604672466,1.862545834233805181e+03
752.5967892449822,1.873140520435362760e+03
752.6702814069297,1.867843177334583970e+03
752.74378792351,1.878437863536141549e+03
752.8172521255437,1.854070085272559254e+03
752.890753342267,1.843475399071001902e+03
752.9642462347487,1.851951148032247829e+03
753.0377251232514,1.844534867691157615e+03
753.111218354199,1.844534867691157615e+03
753.1846408387155,1.855129553892714966e+03
753.2581116847355,1.830761775629132899e+03
753.331591190779,1.854070085272559254e+03
753.4050850339123,1.825464432528354109e+03
753.4785648318334,1.821226558047731032e+03
753.552064642568,1.820167089427575320e+03
753.6254879218887,1.830761775629132899e+03
753.698987997613,1.839237524590378825e+03
753.7724683210844,1.815929214946952243e+03
753.845940242228,1.823345495288042684e+03
753.9193696482735,1.803215591505083466e+03
753.9928702112186,1.812750809086485106e+03
754.0663566760842,1.833940181489600036e+03
754.1397721577508,1.830761775629132899e+03
754.2132588199502,1.822286026667886745e+03
754.286731357841,1.805334528745394891e+03
754.3601613060175,1.805334528745394891e+03
754.433662469434,1.800037185644616102e+03
754.5070697940439,1.793680373923681600e+03
754.580571120139,1.785204624962435673e+03
754.6540013426822,1.783085687722124248e+03
754.7274800348059,1.776728876001189747e+03
754.8009103674891,1.786264093582591386e+03
754.8743891803196,1.806393997365550604e+03
754.9478196065738,1.770372064280255245e+03
755.0212985235391,1.787323562202747098e+03
755.0947347284628,1.775669407381034034e+03
755.1681567061893,1.775669407381034034e+03
755.2416500027333,1.765074721179476455e+03
755.3150720303312,1.771431532900410957e+03
755.3884798044081,1.751301629117451739e+03
755.4619874570354,1.744944817396517237e+03
755.535395250506,1.729052788094181096e+03
755.6088173113466,1.740706942915894160e+03
755.6822593542736,1.727993319474025157e+03
755.7557385217809,1.750242160497296027e+03
755.8291520013627,1.742825880156205812e+03
755.9025740310907,1.747063754636828662e+03
755.9760160417866,1.756598972218230529e+03
756.0494380281855,1.742825880156205812e+03
756.122851408895,1.746004286016672950e+03
756.196279048058,1.732231193954648234e+03
756.2697209498288,1.743885348776361525e+03
756.3431485156143,1.759777378078697666e+03
756.4166132278519,1.741766411536049873e+03
756.490046430767,1.713160758791844728e+03
756.563402310791,1.734350131194959658e+03
756.6368296685728,1.720577039132934942e+03
756.710271280547,1.718458101892623517e+03
756.7836985147853,1.721636507753090655e+03
756.8571170870929,1.713160758791844728e+03
756.9305441765948,1.713160758791844728e+03
757.0039625924522,1.708922884311221878e+03
757.0773895204559,1.702566072590287376e+03
757.1508077630942,1.718458101892623517e+03
757.2241829078598,1.697268729489508587e+03
757.2975952154935,1.690911917768574085e+03
757.3710274951507,1.701506603970131664e+03
757.4444453309834,1.704685009830598801e+03
757.5178200187852,1.689852449148418373e+03
757.5912376210018,1.709982352931377591e+03
757.664669455667,1.690911917768574085e+03
757.7380294018718,1.679257762946860794e+03
757.8114609832415,1.677138825706549369e+03
757.884883822762,1.667603608125147503e+03
757.9582576961611,1.672900951225926292e+03
758.0316745087733,1.660187327784057288e+03
758.1050538201592,1.681376700187172446e+03
758.1784703328954,1.655949453303434439e+03
758.2518205742088,1.675019888466237944e+03
758.3252712680576,1.658068390543745863e+03
758.3986211596865,1.653830516063122786e+03
758.4720370175761,1.662306265024368940e+03
758.545415305501,1.641116892621254010e+03
758.6187790176235,1.652771047442967074e+03
758.692185702744,1.641116892621254010e+03
758.7655490229096,1.643235829861565435e+03
758.8389841161411,1.637938486760786645e+03
758.9123470329839,1.641116892621254010e+03
758.985729896929,1.633700612280163568e+03
759.0590923834825,1.635819549520475221e+03
759.1324978677417,1.635819549520475221e+03
759.2058656754364,1.616749114357671715e+03
759.2792419009955,1.618868051597983140e+03
759.3526092466964,1.619927520218138852e+03
759.4259619360007,1.606154428156114136e+03
759.4993807137987,1.620986988838294792e+03
759.5727617631621,1.613570708497204350e+03
759.6461281405926,1.613570708497204350e+03
759.7194798334775,1.616749114357671715e+03
759.79284569346,1.602976022295646999e+03
759.8662199506782,1.615689645737516003e+03
759.9395910557283,1.598738147815023922e+03
760.0129416740881,1.580727181272376356e+03
760.0863064536592,1.583905587132843493e+03
760.1596565064068,1.599797616435179634e+03
760.2330264969562,1.573310900931285914e+03
760.3064048714377,1.578608244032064704e+03
760.3797685035091,1.571191963690974490e+03
760.4531231634235,1.571191963690974490e+03
760.5264341378603,1.587083992993310858e+03
760.5997823891312,1.564835151970039988e+03
760.6731505760081,1.565894620590195700e+03
760.7465329185825,1.568013557830507352e+03
760.8198946901349,1.570132495070818777e+03
760.893195347572,1.551062059908015272e+03
760.9665564561759,1.561656746109572850e+03
761.039908545017,1.557418871628949773e+03
761.1132805694576,1.571191963690974490e+03
761.186574038077,1.557418871628949773e+03
761.2599395757078,1.560597277489417138e+03
761.3332612942629,1.547883654047548134e+03
761.4066319227295,1.536229499225834843e+03
761.4799819030882,1.534110561985523418e+03
761.5532938204132,1.533051093365367706e+03
761.6266430583955,1.531991624745211766e+03
761.6999542102297,1.526694281644433204e+03
761.7733026886444,1.516099595442875625e+03
761.8466130577877,1.520337469923498702e+03
761.9199955907541,1.520337469923498702e+03
761.9932761350078,1.537288967845990555e+03
762.0665998139598,1.513980658202564200e+03
762.1399666484456,1.507623846481629698e+03
762.2132604654904,1.500207566140539484e+03
762.2866264890819,1.495969691659916407e+03
762.3599194586624,1.495969691659916407e+03
762.4332265236651,1.494910223039760695e+03
762.5065244315081,1.487493942698670480e+03
762.5798887714861,1.489612879938981905e+03
762.653209066283,1.489612879938981905e+03
762.726491103933,1.487493942698670480e+03
762.7998163192037,1.483256068218047403e+03
762.8731789131846,1.475839787876957189e+03
762.9464741276457,1.476899256497112901e+03
763.0197834275534,1.476899256497112901e+03
763.0930777014148,1.481137130977735978e+03
763.1663802334256,1.479018193737424326e+03
763.2396735482423,1.458888289954465336e+03
763.312980942364,1.468423507535866975e+03
763.3863024198473,1.450412540993219181e+03
763.4595855263992,1.451472009613374894e+03
763.5329060235777,1.442996260652128967e+03
763.6062114503713,1.453590946853686546e+03
763.6795017940418,1.441936792031973255e+03
763.7528120409493,1.455709884093997971e+03
763.8261013583818,1.442996260652128967e+03
763.8994105781957,1.447234135132752044e+03
763.9727280347157,1.442996260652128967e+03
764.0459486507003,1.437698917551350178e+03
764.1192708849686,1.442996260652128967e+03
764.1925721540134,1.437698917551350178e+03
764.265864123763,1.431342105830415676e+03
764.339170153393,1.428163699969948539e+03
764.4124025979912,1.408033796186989321e+03
764.4857075207827,1.417569013768390960e+03
764.5590265043799,1.422866356869169749e+03
764.6322718534416,1.398498578605587682e+03
764.7055663242454,1.404855390326521956e+03
764.7788689989354,1.412271670667612398e+03
764.8520979783581,1.405914858946677896e+03
764.9254053449329,1.412271670667612398e+03
764.9986623906358,1.411212202047456458e+03
765.0719685894694,1.401676984466054819e+03
765.1451951672625,1.392141766884653180e+03
765.2185001752471,1.412271670667612398e+03
765.2917606634498,1.406974327566833608e+03
765.3650586119669,1.397439109985431742e+03
765.438288577042,1.385784955163718678e+03
765.5115911575078,1.380487612062939888e+03
765.5848491670143,1.387903892404030103e+03
765.6580918875516,1.396379641365276029e+03
765.7313779407682,1.396379641365276029e+03
765.8046193790093,1.383666017923407026e+03
765.8778806952203,1.379428143442784176e+03
765.9511794972256,1.390022829644341527e+03
766.0244043117671,1.374130800342005386e+03
766.0976489972652,1.384725486543562738e+03
766.1709018207467,1.380487612062939888e+03
766.2441451689594,1.388963361024185815e+03
766.31745537396,1.377309206202472524e+03
766.3906973785047,1.388963361024185815e+03
766.4639240114803,1.383666017923407026e+03
766.5371587632285,1.361417176900136383e+03
766.610413388223,1.368833457241226597e+03
766.6836526256157,1.373071331721849674e+03
766.7569058583788,1.367773988621070885e+03
766.8301436890999,1.364595582760603747e+03
766.9033661049401,1.362476645520292095e+03
766.9766319183701,1.354000896559046168e+03
767.049858779082,1.361417176900136383e+03
767.1230937389751,1.356119833799357593e+03
767.196342684586,1.345525147597800242e+03
767.2695820718163,1.349763022078423091e+03
767.3427706741372,1.358238771039669246e+03
767.4160085761127,1.335989930016398375e+03
767.4892545691928,1.347644084838111667e+03
767.5624909794419,1.338108867256710028e+03
767.6357413679548,1.349763022078423091e+03
767.7089173321764,1.350822490698578804e+03
767.7821603029794,1.328573649675308161e+03
767.8553936664732,1.332811524155931238e+03
767.928641001735,1.337049398636554088e+03
768.001843330076,1.326454712434996736e+03
768.0750596156819,1.323276306574529372e+03
768.1482662604737,1.325395243814841024e+03
768.2215104680862,1.320097900714062234e+03
768.2947391311019,1.313741088993127732e+03
768.3679227171707,1.326454712434996736e+03
768.441155676817,1.321157369334217947e+03
768.5143376298478,1.311622151752816308e+03
768.5875985030231,1.331752055535775526e+03
768.6607551772538,1.333870992776086950e+03
768.7340085126597,1.304205871411726093e+03
768.8071930624363,1.314800557613283445e+03
768.8803619892306,1.308443745892348943e+03
768.9535980606818,1.306324808652037518e+03
769.0267948587721,1.304205871411726093e+03
769.0999760176759,1.311622151752816308e+03
769.1732302685929,1.301027465551258729e+03
769.2464097142773,1.301027465551258729e+03
769.3195794118245,1.315860026233439157e+03
769.3928163071785,1.304205871411726093e+03
769.4660079399233,1.299967996931103016e+03
769.5391838897698,1.291492247969857090e+03
769.6123796819868,1.297849059690791591e+03
769.6855538548153,1.301027465551258729e+03
769.7587182425186,1.290432779349701377e+03
769.8319202468393,1.304205871411726093e+03
769.9051421026546,1.291492247969857090e+03
769.97834824532,1.293611185210168514e+03
770.0515030831361,1.287254373489234013e+03
770.1247074085248,1.280897561768299511e+03
770.1978663329771,1.277719155907832373e+03
770.2710688242653,1.267124469706274795e+03
770.3442258887268,1.287254373489234013e+03
770.4173671736539,1.274540750047365009e+03
770.4905282854356,1.266065001086119082e+03
770.5637270444658,1.265005532465963370e+03
770.6369100189285,1.261827126605496005e+03
770.7100771958651,1.257589252124873155e+03
770.7832642087253,1.256529783504717216e+03
770.856459180459,1.251232440403938654e+03
770.9295551317979,1.252291909024094366e+03
771.0027481693259,1.261827126605496005e+03
771.0759313239301,1.244875628683004152e+03
771.1490926926053,1.240637754202381075e+03
771.2222144154819,1.249113503163627001e+03
771.2954094963922,1.244875628683004152e+03
771.368588721728,1.238518816962069650e+03
771.4417223223901,1.236399879721757998e+03
771.5148995537488,1.233221473861290860e+03
771.5880013670636,1.224745724900044934e+03
771.6612063537742,1.234280942481446573e+03
771.734306117772,1.222626787659733282e+03
771.8074852581613,1.226864662140356359e+03
771.8806127402132,1.222626787659733282e+03
771.953783876625,1.225805193520200646e+03
772.0269152446992,1.213091570078331642e+03
772.1000843158894,1.226864662140356359e+03
772.1732135949969,1.221567319039577569e+03
772.2463209463975,1.225805193520200646e+03
772.3195077548475,1.209913164217864505e+03
