X,Y
534.0051269287335,1.918000000000000000e+03
534.0808105837979,1.943000000000000000e+03
534.1564941245075,1.942000000000000000e+03
534.2322387608131,1.968000000000000000e+03
534.3079223194351,1.981000000000000000e+03
534.3836059646314,1.967000000000000000e+03
534.459289487409,1.969000000000000000e+03
534.534973107135,1.972000000000000000e+03
534.6106567862021,1.964000000000000000e+03
534.6863402868432,1.976000000000000000e+03
534.7620238571769,1.976000000000000000e+03
534.8377074881613,1.973000000000000000e+03
534.9134522313972,1.957000000000000000e+03
534.9891358020897,1.980000000000000000e+03
535.0648193202943,1.995000000000000000e+03
535.140502776876,2.008000000000000000e+03
535.2161864491509,2.005000000000000000e+03
535.2918700416792,2.044000000000000000e+03
535.367553831929,2.031000000000000000e+03
535.4432372375885,2.032000000000000000e+03
535.5189208228152,2.037000000000000000e+03
535.594604578686,2.038000000000000000e+03
535.6702882093306,2.065000000000000000e+03
535.745971418549,2.070000000000000000e+03
535.8216553453357,2.047000000000000000e+03
535.8973391196765,2.073000000000000000e+03
535.9730227323798,2.073000000000000000e+03
536.0487061742487,2.070000000000000000e+03
536.1243894360814,2.070000000000000000e+03
536.2000730836918,2.082000000000000000e+03
536.275756820763,2.083000000000000000e+03
536.3514406383212,2.070000000000000000e+03
536.4271239518794,2.089000000000000000e+03
536.5028079033076,2.086000000000000000e+03
536.5784913324379,2.088000000000000000e+03
536.6541748057845,2.105000000000000000e+03
536.7298583143477,2.081000000000000000e+03
536.8055421372837,2.108000000000000000e+03
536.8812254011024,2.100000000000000000e+03
536.9569092495924,2.114000000000000000e+03
537.0325928090099,2.127000000000000000e+03
537.1082763585715,2.131000000000000000e+03
537.1839598892475,2.117000000000000000e+03
537.2596436806508,2.133000000000000000e+03
537.3353268577979,2.127000000000000000e+03
537.411010566398,2.146000000000000000e+03
537.4866335528031,2.161000000000000000e+03
537.5623168365025,2.158000000000000000e+03
537.6380003360828,2.168000000000000000e+03
537.7136843318589,2.169000000000000000e+03
537.7893676583791,2.167000000000000000e+03
537.8650511739759,2.170000000000000000e+03
537.940734869813,2.204000000000000000e+03
538.0164184475874,2.184000000000000000e+03
538.0920408046188,2.180000000000000000e+03
538.1677246810524,2.191000000000000000e+03
538.2434084124591,2.192000000000000000e+03
538.3190919897331,2.208000000000000000e+03
538.3947756936324,2.216000000000000000e+03
538.4704589353845,2.202000000000000000e+03
538.5461425757196,2.217000000000000000e+03
538.6217653920648,2.217000000000000000e+03
538.6974486256656,2.227000000000000000e+03
538.7731322312683,2.222000000000000000e+03
538.8488156195046,2.252000000000000000e+03
538.9244993621073,2.221000000000000000e+03
539.0001221504488,2.238000000000000000e+03
539.0758056867688,2.230000000000000000e+03
539.1514895509623,2.239000000000000000e+03
539.2271725712882,2.265000000000000000e+03
539.3027954051873,2.268000000000000000e+03
539.378479310497,2.244000000000000000e+03
539.4541629264281,2.254000000000000000e+03
539.5298462437939,2.251000000000000000e+03
539.6054689803647,2.273000000000000000e+03
539.6811522386217,2.260000000000000000e+03
539.7568363363963,2.295000000000000000e+03
539.832519225528,2.285000000000000000e+03
539.9081423044014,2.297000000000000000e+03
539.9838259373797,2.283000000000000000e+03
540.0595095003099,2.311000000000000000e+03
540.1351320092971,2.318000000000000000e+03
540.2108150962631,2.312000000000000000e+03
540.2864989617823,2.324000000000000000e+03
540.362121111465,2.306000000000000000e+03
540.4378056155781,2.314000000000000000e+03
540.5134888278695,2.318000000000000000e+03
540.5891111220752,2.337000000000000000e+03
540.6647949195459,2.327000000000000000e+03
540.7404782741969,2.352000000000000000e+03
540.8161009254455,2.337000000000000000e+03
540.8917848125893,2.339000000000000000e+03
540.9674685225426,2.359000000000000000e+03
541.0430911589102,2.363000000000000000e+03
541.1187741775063,2.349000000000000000e+03
541.194457870279,2.366000000000000000e+03
541.2700807045082,2.369000000000000000e+03
541.3457636520761,2.376000000000000000e+03
541.4213865683067,2.382000000000000000e+03
541.497070200242,2.394000000000000000e+03
541.5727541699249,2.382000000000000000e+03
541.648376858336,2.396000000000000000e+03
541.7240599931954,2.400000000000000000e+03
541.7996829685276,2.404000000000000000e+03
541.8753664065381,2.413000000000000000e+03
541.950988459017,2.429000000000000000e+03
542.0266721649095,2.431000000000000000e+03
542.1022953150494,2.421000000000000000e+03
542.1779780782617,2.455000000000000000e+03
542.2536014098382,2.454000000000000000e+03
542.329284076073,2.436000000000000000e+03
542.4049075539548,2.454000000000000000e+03
542.4805912648831,2.443000000000000000e+03
542.5562136767595,2.462000000000000000e+03
542.631897220388,2.471000000000000000e+03
542.7075197075332,2.480000000000000000e+03
542.7832033429272,2.470000000000000000e+03
542.8588255754784,2.489000000000000000e+03
542.9345092673785,2.488000000000000000e+03
543.0101320942985,2.482000000000000000e+03
543.0858158076525,2.504000000000000000e+03
543.1614377193954,2.515000000000000000e+03
543.2371220089141,2.524000000000000000e+03
543.3127444450705,2.517000000000000000e+03
543.3884278000902,2.521000000000000000e+03
543.4640501352047,2.528000000000000000e+03
543.5396728412053,2.546000000000000000e+03
543.6153561952086,2.540000000000000000e+03
543.6909787475163,2.554000000000000000e+03
543.7666625552929,2.568000000000000000e+03
543.8422846228852,2.558000000000000000e+03
543.917907905318,2.556000000000000000e+03
543.9935909887698,2.576000000000000000e+03
544.0692140297832,2.569000000000000000e+03
544.1448361882029,2.572000000000000000e+03
544.220519947648,2.580000000000000000e+03
544.2961426997966,2.586000000000000000e+03
544.3718261809979,2.574000000000000000e+03
544.4474486032625,2.599000000000000000e+03
544.5230709870222,2.604000000000000000e+03
544.5987550137446,2.591000000000000000e+03
544.6743770145879,2.599000000000000000e+03
544.7500001373947,2.605000000000000000e+03
544.8256222965063,2.618000000000000000e+03
544.9013064288619,2.605000000000000000e+03
544.976929025401,2.641000000000000000e+03
545.0525518192319,2.639000000000000000e+03
545.1282345318966,2.643000000000000000e+03
545.2038574139079,2.672000000000000000e+03
545.27947957532,2.645000000000000000e+03
545.3551027912747,2.657000000000000000e+03
545.4307859578726,2.656000000000000000e+03
545.5064085974922,2.659000000000000000e+03
545.582031075963,2.679000000000000000e+03
545.6576539799133,2.680000000000000000e+03
545.7333374615957,2.685000000000000000e+03
545.8089603143547,2.711000000000000000e+03
545.8845823750287,2.704000000000000000e+03
545.9602051246089,2.726000000000000000e+03
546.0358279586479,2.730000000000000000e+03
546.1115111125337,2.750000000000000000e+03
546.1871341062584,2.728000000000000000e+03
546.2627559649052,2.745000000000000000e+03
546.3383790667153,2.745000000000000000e+03
546.4140010154777,2.758000000000000000e+03
546.4896238920949,2.755000000000000000e+03
546.5653080328324,2.747000000000000000e+03
546.6409297699242,2.781000000000000000e+03
546.7165527083374,2.778000000000000000e+03
546.7921753454747,2.793000000000000000e+03
546.8677979714669,2.788000000000000000e+03
546.9434205776232,2.788000000000000000e+03
547.0190431552487,2.816000000000000000e+03
547.0946647977053,2.807000000000000000e+03
547.1703492667542,2.833000000000000000e+03
547.2459723224066,2.821000000000000000e+03
547.3215944163495,2.847000000000000000e+03
547.3972173369806,2.826000000000000000e+03
547.4728389782355,2.836000000000000000e+03
547.5484617288662,2.837000000000000000e+03
547.6240849813485,2.838000000000000000e+03
547.6997072275658,2.852000000000000000e+03
547.7753302583766,2.845000000000000000e+03
547.8509522649341,2.860000000000000000e+03
547.9265750390812,2.875000000000000000e+03
548.0021964706609,2.833000000000000000e+03
548.0778207553666,2.866000000000000000e+03
548.1534418774738,2.872000000000000000e+03
548.2290652357153,2.874000000000000000e+03
548.3046878169241,2.883000000000000000e+03
548.3803093111,2.892000000000000000e+03
548.4559330175531,2.884000000000000000e+03
548.5315556197277,2.920000000000000000e+03
548.6071771080813,2.905000000000000000e+03
548.6828010856999,2.892000000000000000e+03
548.7584221255744,2.910000000000000000e+03
548.834045337373,2.904000000000000000e+03
548.9096673999533,2.913000000000000000e+03
548.9852904134418,2.908000000000000000e+03
549.0609137670749,2.924000000000000000e+03
549.1364750314843,2.925000000000000000e+03
549.2120978166789,2.920000000000000000e+03
549.2877191060418,2.926000000000000000e+03
549.3633428131332,2.932000000000000000e+03
549.4389653087501,2.951000000000000000e+03
549.5145865832915,2.949000000000000000e+03
549.590210251744,2.949000000000000000e+03
549.665832681899,2.965000000000000000e+03
549.7413946298766,2.952000000000000000e+03
549.8170160497809,2.974000000000000000e+03
549.8926398319383,2.982000000000000000e+03
549.9682623401311,2.979000000000000000e+03
550.0438835647246,2.992000000000000000e+03
550.1195068250248,2.999000000000000000e+03
550.1950679386268,2.991000000000000000e+03
550.2706906900269,3.005000000000000000e+03
550.3463136366366,3.011000000000000000e+03
550.421935255224,3.033000000000000000e+03
550.4975591726949,3.034000000000000000e+03
550.5731205123872,3.045000000000000000e+03
550.6487432287166,3.021000000000000000e+03
550.7243648844632,3.039000000000000000e+03
550.7999885039992,3.052000000000000000e+03
550.8755494425731,3.044000000000000000e+03
550.951172094361,3.075000000000000000e+03
551.0267951682852,3.067000000000000000e+03
551.1024165301448,3.068000000000000000e+03
551.1779790561093,3.088000000000000000e+03
551.2536012026161,3.089000000000000000e+03
551.3292237372492,3.089000000000000000e+03
551.4047855382855,3.106000000000000000e+03
551.4804066788231,3.105000000000000000e+03
551.5560303111364,3.122000000000000000e+03
551.6315910047903,3.121000000000000000e+03
551.7072150175466,3.139000000000000000e+03
551.7828375420726,3.149000000000000000e+03
551.8583991818102,3.154000000000000000e+03
551.9340205121266,3.159000000000000000e+03
552.0096436778041,3.136000000000000000e+03
552.0852040546326,3.161000000000000000e+03
552.1608281083562,3.159000000000000000e+03
552.2363887123648,3.167000000000000000e+03
552.3120111809802,3.148000000000000000e+03
552.3876339198484,3.187000000000000000e+03
552.4631955723437,3.176000000000000000e+03
552.5388185047575,3.184000000000000000e+03
552.614380300461,3.165000000000000000e+03
552.6900021708618,3.171000000000000000e+03
552.765564075718,3.199000000000000000e+03
552.8411860712373,3.234000000000000000e+03
552.9168082777293,3.210000000000000000e+03
552.9923707499584,3.212000000000000000e+03
553.0679933370403,3.221000000000000000e+03
553.1435543046211,3.228000000000000000e+03
553.2191769324178,3.198000000000000000e+03
553.2947381962192,3.233000000000000000e+03
553.3703611371725,3.224000000000000000e+03
553.4459223575054,3.225000000000000000e+03
553.521545578136,3.228000000000000000e+03
553.5971070276289,3.239000000000000000e+03
553.6727301879512,3.236000000000000000e+03
553.74829183306,3.238000000000000000e+03
553.823851714682,3.261000000000000000e+03
553.8994751723073,3.269000000000000000e+03
553.9750367322185,3.245000000000000000e+03
554.050658510177,3.268000000000000000e+03
554.1262201811371,3.256000000000000000e+03
554.2018439290302,3.262000000000000000e+03
554.2774053707294,3.271000000000000000e+03
554.3529671374815,3.290000000000000000e+03
554.4285888549837,3.280000000000000000e+03
554.5041506486573,3.319000000000000000e+03
554.579712127434,3.308000000000000000e+03
554.6553335805664,3.302000000000000000e+03
554.7308950353918,3.306000000000000000e+03
554.8065186350868,3.319000000000000000e+03
554.8820800328116,3.334000000000000000e+03
554.9576410728757,3.331000000000000000e+03
555.0332642831411,3.344000000000000000e+03
555.108825215094,3.334000000000000000e+03
555.1843863800646,3.362000000000000000e+03
555.2599490030949,3.335000000000000000e+03
555.3355716725129,3.360000000000000000e+03
555.4111322702728,3.380000000000000000e+03
555.486694610333,3.386000000000000000e+03
555.5623170204691,3.380000000000000000e+03
555.6378788265472,3.389000000000000000e+03
555.7134408077316,3.391000000000000000e+03
555.7890023379755,3.405000000000000000e+03
555.8646239696742,3.406000000000000000e+03
555.9401852063803,3.384000000000000000e+03
556.0157462753666,3.430000000000000000e+03
556.0913090235443,3.426000000000000000e+03
556.1668694227267,3.447000000000000000e+03
556.2424921284115,3.432000000000000000e+03
556.3180540060974,3.470000000000000000e+03
556.3936159838638,3.458000000000000000e+03
556.46917743411,3.493000000000000000e+03
556.544738657784,3.472000000000000000e+03
556.6202993365139,3.496000000000000000e+03
556.6959226832005,3.510000000000000000e+03
556.7714847427467,3.511000000000000000e+03
556.8470468524312,3.488000000000000000e+03
556.9226065226395,3.531000000000000000e+03
556.9981696377276,3.521000000000000000e+03
557.0737306061917,3.548000000000000000e+03
557.1492912804306,3.567000000000000000e+03
557.2248535148585,3.539000000000000000e+03
557.3004154389016,3.544000000000000000e+03
557.3759767333004,3.537000000000000000e+03
557.451598607399,3.557000000000000000e+03
557.5271614300829,3.576000000000000000e+03
557.6027217325554,3.576000000000000000e+03
557.6782835475029,3.573000000000000000e+03
557.7538450012918,3.572000000000000000e+03
557.8294060853028,3.588000000000000000e+03
557.9049686584602,3.572000000000000000e+03
557.9805305342576,3.580000000000000000e+03
558.0560904581027,3.598000000000000000e+03
558.1316534042687,3.587000000000000000e+03
558.2072143813721,3.586000000000000000e+03
558.2827764962979,3.590000000000000000e+03
558.3583381828406,3.604000000000000000e+03
558.4338994323449,3.584000000000000000e+03
558.5094602361507,3.614000000000000000e+03
558.5850224576968,3.584000000000000000e+03
558.6605230453073,3.600000000000000000e+03
558.7360843175928,3.610000000000000000e+03
558.8116447982349,3.597000000000000000e+03
558.8872066647817,3.620000000000000000e+03
558.9627683478695,3.629000000000000000e+03
559.0383292140123,3.630000000000000000e+03
559.1138914425185,3.628000000000000000e+03
559.1894531500513,3.619000000000000000e+03
559.2650140151281,3.638000000000000000e+03
559.3405155236203,3.645000000000000000e+03
559.4160774775995,3.656000000000000000e+03
559.491638563738,3.663000000000000000e+03
559.5671990861741,3.666000000000000000e+03
559.6427612285802,3.675000000000000000e+03
559.7183224777227,3.660000000000000000e+03
559.7938239112091,3.662000000000000000e+03
559.8693855251184,3.675000000000000000e+03
559.9449468470373,3.659000000000000000e+03
560.0205075548458,3.662000000000000000e+03
560.0960695220344,3.684000000000000000e+03
560.1715693553381,3.699000000000000000e+03
560.2471316053342,3.711000000000000000e+03
560.3226935219939,3.698000000000000000e+03
560.3982544687057,3.716000000000000000e+03
560.4737553798353,3.734000000000000000e+03
560.549316857351,3.742000000000000000e+03
560.6248776534629,3.730000000000000000e+03
560.70037802624,3.754000000000000000e+03
560.7759393038835,3.772000000000000000e+03
560.8515017620771,3.771000000000000000e+03
560.9270018364357,3.790000000000000000e+03
561.0025625253518,3.790000000000000000e+03
561.0781246855694,3.775000000000000000e+03
561.1536262760454,3.811000000000000000e+03
561.2291866163674,3.815000000000000000e+03
561.304748089255,3.812000000000000000e+03
561.3802492335784,3.816000000000000000e+03
561.4558107265045,3.843000000000000000e+03
561.5313717522904,3.852000000000000000e+03
561.6068723759059,3.858000000000000000e+03
561.6824333719698,3.840000000000000000e+03
561.7579339169324,3.831000000000000000e+03
561.8334954817075,3.890000000000000000e+03
561.9089955995389,3.865000000000000000e+03
561.9845564375671,3.893000000000000000e+03
562.0601218043322,3.891000000000000000e+03
562.1356190160956,3.900000000000000000e+03
562.2111807638972,3.923000000000000000e+03
562.2866837867199,3.900000000000000000e+03
562.3622450420103,3.904000000000000000e+03
562.4377443607594,3.918000000000000000e+03
562.5133050891404,3.918000000000000000e+03
562.5888069961169,3.939000000000000000e+03
562.6643671648543,3.917000000000000000e+03
562.739868463935,3.948000000000000000e+03
562.8154280394092,3.925000000000000000e+03
562.8909286969488,3.933000000000000000e+03
562.9664305978828,3.956000000000000000e+03
563.0419939681478,3.942000000000000000e+03
563.1174920085415,3.958000000000000000e+03
563.19305470474,3.955000000000000000e+03
563.2685551920358,3.964000000000000000e+03
563.3440568835294,3.982000000000000000e+03
563.419616911542,3.974000000000000000e+03
563.4951146546897,3.970000000000000000e+03
563.5706770994776,3.966000000000000000e+03
563.6461803879624,3.969000000000000000e+03
563.7216816652208,3.989000000000000000e+03
563.7972413162915,3.958000000000000000e+03
563.8727417375509,3.989000000000000000e+03
563.948243300408,3.981000000000000000e+03
564.0238032597638,3.976000000000000000e+03
564.0993039174446,3.982000000000000000e+03
564.1748025104577,4.001000000000000000e+03
564.2503658884998,3.992000000000000000e+03
564.3258667100131,3.988000000000000000e+03
564.4013686264184,4.014000000000000000e+03
564.4768684441426,4.020000000000000000e+03
564.5524298972744,4.028000000000000000e+03
564.6279318813953,4.007000000000000000e+03
564.7034317408531,4.032000000000000000e+03
564.7789326555933,4.015000000000000000e+03
564.8544314277575,4.049000000000000000e+03
564.9299918767013,4.041000000000000000e+03
565.005495928257,4.044000000000000000e+03
565.0809946197296,4.034000000000000000e+03
565.1564943267665,4.055000000000000000e+03
565.2319918472216,4.031000000000000000e+03
565.3075574772264,4.032000000000000000e+03
565.3830570069348,4.039000000000000000e+03
565.4585575213804,4.057000000000000000e+03
565.5340558149843,4.085000000000000000e+03
565.6095582761728,4.078000000000000000e+03
565.6850585002172,4.083000000000000000e+03
565.760556477251,4.102000000000000000e+03
565.8360618025167,4.103000000000000000e+03
565.9116225122199,4.139000000000000000e+03
565.9871233197282,4.118000000000000000e+03
566.0626218458439,4.135000000000000000e+03
566.1381244909254,4.183000000000000000e+03
566.2136216322725,4.185000000000000000e+03
566.289126084757,4.205000000000000000e+03
566.3646250154166,4.238000000000000000e+03
566.4401248288668,4.228000000000000000e+03
566.5156223083626,4.218000000000000000e+03
566.5911238644974,4.259000000000000000e+03
566.666626281373,4.230000000000000000e+03
566.7421263396649,4.239000000000000000e+03
566.8176240294433,4.247000000000000000e+03
566.8931289818083,4.260000000000000000e+03
566.9686283363882,4.298000000000000000e+03
567.044128511452,4.303000000000000000e+03
567.1196262833736,4.273000000000000000e+03
567.1951280764068,4.273000000000000000e+03
567.2706306677735,4.285000000000000000e+03
567.3460696737624,4.282000000000000000e+03
567.4215706028087,4.303000000000000000e+03
567.4970690857559,4.325000000000000000e+03
567.5725715554013,4.323000000000000000e+03
567.6480715624202,4.290000000000000000e+03
567.7235723199296,4.279000000000000000e+03
567.7990705965543,4.326000000000000000e+03
567.8745728319317,4.320000000000000000e+03
567.9500112820856,4.315000000000000000e+03
568.0255117228037,4.344000000000000000e+03
568.1010128751681,4.319000000000000000e+03
568.1765115034954,4.329000000000000000e+03
568.2520140559766,4.346000000000000000e+03
568.327455928513,4.352000000000000000e+03
568.4029533742392,4.335000000000000000e+03
568.478454722623,4.337000000000000000e+03
568.5539535037092,4.325000000000000000e+03
568.6293947397575,4.322000000000000000e+03
568.7048948100362,4.321000000000000000e+03
568.7803955214323,4.342000000000000000e+03
568.8558968664703,4.341000000000000000e+03
568.9313373379196,4.357000000000000000e+03
569.0068366737867,4.358000000000000000e+03
569.0823366191238,4.352000000000000000e+03
569.1577756177235,4.355000000000000000e+03
569.2332767431898,4.336000000000000000e+03
569.3087752145101,4.343000000000000000e+03
569.3842159078702,4.360000000000000000e+03
569.4597155117148,4.344000000000000000e+03
569.5352189219938,4.393000000000000000e+03
569.6106547533757,4.357000000000000000e+03
569.6861592519366,4.357000000000000000e+03
569.7615961204366,4.370000000000000000e+03
569.8370951828829,4.386000000000000000e+03
569.9125980167112,4.373000000000000000e+03
569.9880363908212,4.363000000000000000e+03
570.063540235015,4.361000000000000000e+03
570.1389763193972,4.409000000000000000e+03
570.2144778914571,4.389000000000000000e+03
570.2899149030349,4.411000000000000000e+03
570.3654174215969,4.389000000000000000e+03
570.4408585841445,4.424000000000000000e+03
570.516355510032,4.415000000000000000e+03
570.5917975400971,4.433000000000000000e+03
570.6672953476274,4.434000000000000000e+03
570.7427349574187,4.436000000000000000e+03
570.8182368737373,4.454000000000000000e+03
570.8936740294567,4.455000000000000000e+03
570.9691767675921,4.471000000000000000e+03
571.044617956385,4.456000000000000000e+03
571.120118225025,4.514000000000000000e+03
571.1955568946336,4.481000000000000000e+03
571.2709959150741,4.505000000000000000e+03
571.3464973017159,4.530000000000000000e+03
571.4219370173379,4.492000000000000000e+03
571.4974358505949,4.540000000000000000e+03
571.5728729630794,4.532000000000000000e+03
571.6483169221735,4.551000000000000000e+03
571.7238167556269,4.542000000000000000e+03
571.7992547962239,4.538000000000000000e+03
571.874696395271,4.575000000000000000e+03
571.9501938880238,4.567000000000000000e+03
572.0256327861869,4.562000000000000000e+03
572.1010752224225,4.602000000000000000e+03
572.1765735734161,4.589000000000000000e+03
572.2520132602132,4.581000000000000000e+03
572.3274531890821,4.604000000000000000e+03
572.4028933523459,4.607000000000000000e+03
572.4783960113044,4.625000000000000000e+03
572.5538333585442,4.615000000000000000e+03
572.6292741944405,4.640000000000000000e+03
572.7047119540778,4.606000000000000000e+03
572.780212242593,4.633000000000000000e+03
572.8556503993934,4.628000000000000000e+03
572.9310920175104,4.600000000000000000e+03
573.0065305250978,4.650000000000000000e+03
573.0819691960772,4.641000000000000000e+03
573.1574080227304,4.633000000000000000e+03
573.232909430562,4.666000000000000000e+03
573.3083485618251,4.648000000000000000e+03
573.3837911132744,4.648000000000000000e+03
573.4592305026606,4.678000000000000000e+03
573.5346700090696,4.687000000000000000e+03
573.6101096247586,4.632000000000000000e+03
573.6855493419805,4.660000000000000000e+03
573.7609858609676,4.662000000000000000e+03
573.8364257571322,4.639000000000000000e+03
573.9118624378157,4.658000000000000000e+03
573.9873057764995,4.679000000000000000e+03
574.0627425886909,4.656000000000000000e+03
574.1382453810519,4.654000000000000000e+03
574.2136823092575,4.656000000000000000e+03
574.2891225732211,4.652000000000000000e+03
574.3645628688121,4.649000000000000000e+03
574.4399404917988,4.638000000000000000e+03
574.5153808108072,4.675000000000000000e+03
574.5908178365182,4.657000000000000000e+03
574.6662581633567,4.640000000000000000e+03
574.7416984828392,4.670000000000000000e+03
574.8171387871569,4.641000000000000000e+03
574.8925790684976,4.653000000000000000e+03
574.9680160131622,4.636000000000000000e+03
575.0434562242268,4.672000000000000000e+03
575.1188930812343,4.634000000000000000e+03
575.1943364992081,4.651000000000000000e+03
575.2697765474628,4.685000000000000000e+03
575.3451536315831,4.658000000000000000e+03
575.4205935156243,4.688000000000000000e+03
575.4960333140378,4.680000000000000000e+03
575.5714730189743,4.701000000000000000e+03
575.6469093088864,4.653000000000000000e+03
575.7223521169975,4.688000000000000000e+03
575.7977285011834,4.692000000000000000e+03
575.8731677371276,4.694000000000000000e+03
575.9486101574518,4.698000000000000000e+03
576.0240491208147,4.731000000000000000e+03
576.0994281953324,4.730000000000000000e+03
576.1748668380864,4.723000000000000000e+03
576.2503053165299,4.736000000000000000e+03
576.3257436227722,4.733000000000000000e+03
576.401121946027,4.770000000000000000e+03
576.4765631917769,4.750000000000000000e+03
576.5520009192454,4.782000000000000000e+03
576.627378593058,4.805000000000000000e+03
576.7028192152051,4.764000000000000000e+03
576.7782596194585,4.776000000000000000e+03
576.8536365734708,4.790000000000000000e+03
576.9290798301113,4.797000000000000000e+03
577.0045161881444,4.827000000000000000e+03
577.0798956812308,4.865000000000000000e+03
577.1553348449369,4.818000000000000000e+03
577.2307737431714,4.851000000000000000e+03
577.3061523771543,4.830000000000000000e+03
577.3815940386273,4.822000000000000000e+03
577.4569687212091,4.886000000000000000e+03
577.5324097821534,4.870000000000000000e+03
577.6077871497567,4.865000000000000000e+03
577.6832275791974,4.895000000000000000e+03
577.7586042662564,4.890000000000000000e+03
577.8340473712362,4.883000000000000000e+03
577.9094233467189,4.894000000000000000e+03
577.9848624183549,4.892000000000000000e+03
578.06024099099,4.894000000000000000e+03
578.1356826786689,4.932000000000000000e+03
578.2110604784385,4.925000000000000000e+03
578.2865014103915,4.937000000000000000e+03
578.3618750602704,4.908000000000000000e+03
578.4373152036164,4.939000000000000000e+03
578.5126947075182,4.930000000000000000e+03
578.5880737744064,4.951000000000000000e+03
578.6635160180301,4.945000000000000000e+03
578.7388908540094,4.948000000000000000e+03
578.8143322323514,4.942000000000000000e+03
578.8897095032095,4.958000000000000000e+03
578.9650862969057,4.967000000000000000e+03
579.0405296629765,4.947000000000000000e+03
579.1159054956761,4.944000000000000000e+03
579.1912841817008,4.945000000000000000e+03
579.2667227590988,4.957000000000000000e+03
579.3421004375672,4.964000000000000000e+03
579.4174809495532,4.952000000000000000e+03
579.4928575733711,4.936000000000000000e+03
579.5682974782039,4.954000000000000000e+03
579.6436763906835,4.960000000000000000e+03
579.7190547488921,4.949000000000000000e+03
579.7944325447469,4.960000000000000000e+03
579.8698736574771,4.934000000000000000e+03
579.9452503209693,4.944000000000000000e+03
580.0206297620755,4.955000000000000000e+03
580.0960086102061,4.944000000000000000e+03
580.1713868572579,4.943000000000000000e+03
580.2467678619868,4.960000000000000000e+03
580.3222055027192,4.945000000000000000e+03
580.3975819144985,4.937000000000000000e+03
580.472964431725,4.949000000000000000e+03
580.5483361997073,4.957000000000000000e+03
580.6237208011142,4.958000000000000000e+03
580.6990980056318,4.958000000000000000e+03
580.774474545852,4.962000000000000000e+03
580.8498537875009,4.930000000000000000e+03
580.9252289755794,4.957000000000000000e+03
581.0006743628959,4.933000000000000000e+03
581.0760481837603,4.960000000000000000e+03
581.1514280543308,4.946000000000000000e+03
581.2268072152121,4.957000000000000000e+03
581.3021822791188,4.923000000000000000e+03
581.3775633752501,4.959000000000000000e+03
581.4529437389426,4.978000000000000000e+03
581.5283199802694,5.002000000000000000e+03
581.6036988536778,4.962000000000000000e+03
581.6790160670166,4.974000000000000000e+03
581.7543934024975,4.980000000000000000e+03
581.8297699646201,4.989000000000000000e+03
581.9051525174606,4.961000000000000000e+03
581.9805308970429,4.998000000000000000e+03
582.0559084804219,4.998000000000000000e+03
582.1312852593902,5.023000000000000000e+03
582.206668005028,5.013000000000000000e+03
582.2820397617667,5.047000000000000000e+03
582.3574242532981,5.041000000000000000e+03
582.4327366749485,5.041000000000000000e+03
582.508116082625,5.026000000000000000e+03
582.5834946400697,5.027000000000000000e+03
582.658872339047,5.069000000000000000e+03
582.7342525671091,5.082000000000000000e+03
582.8095673852416,5.063000000000000000e+03
582.8849492395216,5.061000000000000000e+03
582.9603268074364,5.082000000000000000e+03
583.0357068767066,5.081000000000000000e+03
583.1110214380087,5.103000000000000000e+03
583.1864030744695,5.124000000000000000e+03
583.2617769878166,5.125000000000000000e+03
583.3371601786139,5.120000000000000000e+03
583.4124743613642,5.136000000000000000e+03
583.4878556582576,5.146000000000000000e+03
583.5632325991093,5.148000000000000000e+03
583.6385472652148,5.139000000000000000e+03
583.7139290751193,5.136000000000000000e+03
583.7893065032263,5.177000000000000000e+03
583.8646249949269,5.175000000000000000e+03
583.9400004322508,5.156000000000000000e+03
584.0153168866366,5.174000000000000000e+03
584.0907005347968,5.176000000000000000e+03
584.1660763462396,5.203000000000000000e+03
584.2413965200363,5.157000000000000000e+03
584.3167736762043,5.189000000000000000e+03
584.3920917365156,5.169000000000000000e+03
584.4674702084938,5.191000000000000000e+03
584.5427861228587,5.205000000000000000e+03
584.6181658817017,5.193000000000000000e+03
584.6934796176279,5.226000000000000000e+03
584.7688572148127,5.209000000000000000e+03
584.8441755797492,5.170000000000000000e+03
584.919554404934,5.181000000000000000e+03
584.9948739529473,5.199000000000000000e+03
585.0702539779767,5.203000000000000000e+03
585.145567832981,5.191000000000000000e+03
585.2208873808705,5.222000000000000000e+03
585.2962674300239,5.199000000000000000e+03
585.3715812355221,5.206000000000000000e+03
585.446962410467,5.149000000000000000e+03
585.522277293224,5.196000000000000000e+03
585.5975978392732,5.196000000000000000e+03
585.6729720672993,5.182000000000000000e+03
585.7482902189189,5.194000000000000000e+03
585.8236071536562,5.173000000000000000e+03
585.8989880858402,5.167000000000000000e+03
585.9743025783406,5.183000000000000000e+03
586.0496192632522,5.171000000000000000e+03
586.1249381347992,5.184000000000000000e+03
586.200317604434,5.161000000000000000e+03
586.2756374097312,5.177000000000000000e+03
586.3509525064017,5.191000000000000000e+03
586.4262697612708,5.162000000000000000e+03
586.5016510856912,5.189000000000000000e+03
586.576965774025,5.167000000000000000e+03
586.6522825996321,5.192000000000000000e+03
586.7275981142149,5.180000000000000000e+03
586.8029157526896,5.170000000000000000e+03
586.878297505942,5.187000000000000000e+03
586.9536125003841,5.174000000000000000e+03
587.0289295977367,5.177000000000000000e+03
587.1042487921765,5.192000000000000000e+03
587.1795666300785,5.207000000000000000e+03
587.2548831029591,5.221000000000000000e+03
587.3301982023304,5.177000000000000000e+03
587.4055153701529,5.201000000000000000e+03
587.4808346005856,5.214000000000000000e+03
587.5561558877838,5.210000000000000000e+03
587.631468866577,5.224000000000000000e+03
587.7067838851247,5.260000000000000000e+03
587.78216658026,5.242000000000000000e+03
587.8574856775697,5.230000000000000000e+03
587.9328033404089,5.256000000000000000e+03
588.0080538670875,5.261000000000000000e+03
588.0833720770029,5.248000000000000000e+03
588.1586888286358,5.256000000000000000e+03
588.234007573644,5.256000000000000000e+03
588.3093248450679,5.257000000000000000e+03
588.3846440963296,5.292000000000000000e+03
588.4599618586897,5.300000000000000000e+03
588.5352781235977,5.322000000000000000e+03
588.6105963471232,5.319000000000000000e+03
588.6859130578563,5.289000000000000000e+03
588.761231713632,5.351000000000000000e+03
588.8364864301399,5.344000000000000000e+03
588.9118020050827,5.322000000000000000e+03
588.9871195037894,5.325000000000000000e+03
589.0624389203426,5.337000000000000000e+03
589.1377567779897,5.378000000000000000e+03
589.2130730681441,5.357000000000000000e+03
589.2883287478853,5.370000000000000000e+03
589.3636453356847,5.352000000000000000e+03
589.4389638063658,5.369000000000000000e+03
589.5142806787193,5.379000000000000000e+03
589.5895403256021,5.401000000000000000e+03
589.6648574383153,5.401000000000000000e+03
589.740176406581,5.413000000000000000e+03
589.8154276479908,5.430000000000000000e+03
589.8907468120178,5.392000000000000000e+03
589.9660643313503,5.403000000000000000e+03
590.0413210120631,5.423000000000000000e+03
590.1166352010036,5.426000000000000000e+03
590.1919546858783,5.436000000000000000e+03
590.2672132644499,5.402000000000000000e+03
590.3425293741994,5.408000000000000000e+03
590.4177880160598,5.443000000000000000e+03
590.4931042037921,5.415000000000000000e+03
590.568418683014,5.414000000000000000e+03
590.643675627467,5.422000000000000000e+03
590.7189936284246,5.426000000000000000e+03
590.7942505619948,5.434000000000000000e+03
590.8695685685237,5.424000000000000000e+03
590.9448219696872,5.441000000000000000e+03
591.0201399515241,5.428000000000000000e+03
591.0953967743105,5.434000000000000000e+03
591.1707147029425,5.443000000000000000e+03
591.2459714266577,5.396000000000000000e+03
591.3212892726514,5.397000000000000000e+03
591.3965458678394,5.406000000000000000e+03
591.4718006307248,5.444000000000000000e+03
591.547116539627,5.411000000000000000e+03
591.6223746281325,5.405000000000000000e+03
591.6976903797901,5.436000000000000000e+03
591.7729482668865,5.403000000000000000e+03
591.8482042834247,5.406000000000000000e+03
591.9235214878881,5.402000000000000000e+03
591.9987807623979,5.380000000000000000e+03
592.0740346381908,5.419000000000000000e+03
592.1493532320127,5.394000000000000000e+03
592.2246103231383,5.409000000000000000e+03
592.2998654966053,5.419000000000000000e+03
592.3751222527409,5.383000000000000000e+03
592.4504402550338,5.421000000000000000e+03
592.5256966625434,5.396000000000000000e+03
592.6009511209176,5.447000000000000000e+03
592.6762106466866,5.384000000000000000e+03
592.7515244260364,5.419000000000000000e+03
592.8267835455117,5.408000000000000000e+03
592.9020371707703,5.435000000000000000e+03
592.9772958390107,5.414000000000000000e+03
593.0525489954576,5.425000000000000000e+03
593.1278071826566,5.402000000000000000e+03
593.2031266995527,5.405000000000000000e+03
593.2783808730474,5.441000000000000000e+03
593.3536365391337,5.429000000000000000e+03
593.4288936916811,5.459000000000000000e+03
593.5041488020836,5.436000000000000000e+03
593.5794089082539,5.422000000000000000e+03
593.6546634339551,5.460000000000000000e+03
593.729919417986,5.474000000000000000e+03
593.8051733281523,5.461000000000000000e+03
593.8804322095,5.437000000000000000e+03
593.955689002888,5.459000000000000000e+03
594.0309472282032,5.476000000000000000e+03
594.1061998200399,5.459000000000000000e+03
594.1814573584147,5.478000000000000000e+03
594.2567163084306,5.501000000000000000e+03
594.3319695993049,5.476000000000000000e+03
594.4072278190921,5.505000000000000000e+03
594.4824803620132,5.497000000000000000e+03
594.5577413564724,5.519000000000000000e+03
594.6329931222317,5.517000000000000000e+03
594.7082533289405,5.506000000000000000e+03
594.7834441469494,5.533000000000000000e+03
594.85870352054,5.512000000000000000e+03
594.9339607052526,5.529000000000000000e+03
595.0092192325558,5.557000000000000000e+03
595.0844720137306,5.558000000000000000e+03
595.1596694470827,5.526000000000000000e+03
595.2349248608839,5.537000000000000000e+03
595.310178044894,5.582000000000000000e+03
595.3854360798784,5.543000000000000000e+03
595.4606918708308,5.572000000000000000e+03
595.5358886627483,5.597000000000000000e+03
595.611147019589,5.641000000000000000e+03
595.6864031092157,5.576000000000000000e+03
595.7615965842728,5.591000000000000000e+03
595.836855197865,5.552000000000000000e+03
595.9121115210278,5.588000000000000000e+03
595.9873051606659,5.578000000000000000e+03
596.0625604137975,5.586000000000000000e+03
596.1378169052595,5.586000000000000000e+03
596.2130106441916,5.595000000000000000e+03
596.2882695773723,5.593000000000000000e+03
596.3635261735925,5.598000000000000000e+03
596.4387199482267,5.578000000000000000e+03
596.5139753866564,5.597000000000000000e+03
596.5891715160268,5.591000000000000000e+03
596.6644293271388,5.572000000000000000e+03
596.739624225117,5.586000000000000000e+03
596.8148808209818,5.581000000000000000e+03
596.8900744570072,5.606000000000000000e+03
596.9653333707323,5.599000000000000000e+03
597.0405257151125,5.597000000000000000e+03
597.115786920592,5.597000000000000000e+03
597.1909779436049,5.620000000000000000e+03
597.2662342801653,5.561000000000000000e+03
597.3414275184313,5.565000000000000000e+03
597.4166254158234,5.575000000000000000e+03
597.491885088153,5.551000000000000000e+03
597.5670780238231,5.573000000000000000e+03
597.6423327487403,5.541000000000000000e+03
597.7175242592349,5.553000000000000000e+03
597.792720398088,5.556000000000000000e+03
597.8679783530253,5.558000000000000000e+03
597.9431801766776,5.562000000000000000e+03
598.0183687346421,5.565000000000000000e+03
598.0936227072775,5.543000000000000000e+03
598.1688204827943,5.551000000000000000e+03
598.2440156960317,5.579000000000000000e+03
598.3192119177841,5.563000000000000000e+03
598.3944735953452,5.537000000000000000e+03
598.4696646678975,5.557000000000000000e+03
598.5448638913675,5.540000000000000000e+03
598.6200605143976,5.562000000000000000e+03
598.6952545279034,5.557000000000000000e+03
598.7705032869707,5.513000000000000000e+03
598.845702827054,5.556000000000000000e+03
598.9209033228055,5.551000000000000000e+03
598.9960940039387,5.562000000000000000e+03
599.0712892114018,5.553000000000000000e+03
599.1464853517283,5.564000000000000000e+03
599.2216788278446,5.550000000000000000e+03
599.2968768137707,5.547000000000000000e+03
599.3720685283897,5.567000000000000000e+03
599.4472683333562,5.522000000000000000e+03
599.5225229531976,5.540000000000000000e+03
599.5977173765003,5.524000000000000000e+03
599.6729126841367,5.553000000000000000e+03
599.7481088696748,5.560000000000000000e+03
599.8232987309193,5.577000000000000000e+03
599.8985002499289,5.580000000000000000e+03
599.9736306356483,5.553000000000000000e+03
600.0488302503571,5.576000000000000000e+03
600.1240271092662,5.611000000000000000e+03
600.1992212032151,5.566000000000000000e+03
600.274408919746,5.590000000000000000e+03
600.3496082679649,5.594000000000000000e+03
600.4248084342357,5.565000000000000000e+03
600.499998594085,5.592000000000000000e+03
600.5751931605373,5.586000000000000000e+03
600.6503235814662,5.612000000000000000e+03
600.7255197152398,5.599000000000000000e+03
600.8007166310834,5.598000000000000000e+03
600.875914322513,5.644000000000000000e+03
600.9511163944641,5.591000000000000000e+03
601.0262433719869,5.638000000000000000e+03
601.1014361076029,5.609000000000000000e+03
601.1766404316174,5.618000000000000000e+03
601.2518346554406,5.633000000000000000e+03
601.3269681412486,5.627000000000000000e+03
601.4021565754814,5.614000000000000000e+03
601.4773565793163,5.664000000000000000e+03
601.55249578129,5.608000000000000000e+03
601.6276863350764,5.654000000000000000e+03
601.7028775856559,5.643000000000000000e+03
601.7780115846128,5.635000000000000000e+03
601.8532078169892,5.676000000000000000e+03
601.9284011052009,5.672000000000000000e+03
602.0035370787526,5.680000000000000000e+03
602.0787353122603,5.693000000000000000e+03
602.1538653131911,5.684000000000000000e+03
602.2290648417321,5.664000000000000000e+03
602.3041960901958,5.690000000000000000e+03
602.3793896303448,5.635000000000000000e+03
602.4545329868457,5.677000000000000000e+03
602.52972050603,5.669000000000000000e+03
602.6048541681286,5.678000000000000000e+03
602.6800537894703,5.670000000000000000e+03
602.7551886194266,5.669000000000000000e+03
602.8303821600039,5.675000000000000000e+03
602.9055217646458,5.673000000000000000e+03
602.9807128258426,5.670000000000000000e+03
603.055846272166,5.691000000000000000e+03
603.1309766185691,5.654000000000000000e+03
603.2061729886882,5.692000000000000000e+03
603.281308042969,5.667000000000000000e+03
603.3564436151993,5.656000000000000000e+03
603.4316452421198,5.671000000000000000e+03
603.5067745623387,5.670000000000000000e+03
603.5819116632719,5.676000000000000000e+03
603.6571039159869,5.658000000000000000e+03
603.732238361985,5.689000000000000000e+03
603.8073696385936,5.672000000000000000e+03
603.8825123234259,5.657000000000000000e+03
603.9576992468579,5.653000000000000000e+03
604.0328355724649,5.632000000000000000e+03
604.1079723479853,5.652000000000000000e+03
604.1831095667776,5.636000000000000000e+03
604.2582983401253,5.651000000000000000e+03
604.3334364382367,5.637000000000000000e+03
604.4085676534826,5.626000000000000000e+03
604.4836992817685,5.647000000000000000e+03
604.5588422811774,5.625000000000000000e+03
604.6339747182885,5.615000000000000000e+03
604.7091075484526,5.633000000000000000e+03
604.7842444226404,5.608000000000000000e+03
604.859378019808,5.622000000000000000e+03
604.9345046710955,5.632000000000000000e+03
605.009704892442,5.648000000000000000e+03
605.0848359419433,5.645000000000000000e+03
605.1599746669862,5.633000000000000000e+03
605.23510275086,5.647000000000000000e+03
605.310245826721,5.651000000000000000e+03
605.3853159408447,5.624000000000000000e+03
605.4604486674336,5.646000000000000000e+03
605.535581711707,5.635000000000000000e+03
605.6107150669574,5.644000000000000000e+03
605.6858487264751,5.641000000000000000e+03
605.7609863530097,5.631000000000000000e+03
605.8361242722013,5.667000000000000000e+03
605.9112514634761,5.657000000000000000e+03
605.9863899450862,5.644000000000000000e+03
606.0615286991821,5.673000000000000000e+03
606.1365942387108,5.648000000000000000e+03
606.2117261495124,5.657000000000000000e+03
606.2868656606279,5.685000000000000000e+03
606.3619980637881,5.667000000000000000e+03
606.4370718595482,5.657000000000000000e+03
606.5122047116855,5.667000000000000000e+03
606.5873377854751,5.672000000000000000e+03
606.6624747545558,5.656000000000000000e+03
606.7375456701113,5.659000000000000000e+03
606.8126830359437,5.699000000000000000e+03
606.8878205982112,5.680000000000000000e+03
606.9628957214667,5.695000000000000000e+03
607.0380225859356,5.721000000000000000e+03
607.1131606786419,5.691000000000000000e+03
607.1882288919476,5.714000000000000000e+03
607.2633709869046,5.692000000000000000e+03
607.3385021736576,5.702000000000000000e+03
607.4135707840262,5.693000000000000000e+03
607.4887096199877,5.702000000000000000e+03
607.5637821472627,5.693000000000000000e+03
607.6389138462803,5.713000000000000000e+03
607.7139865728267,5.706000000000000000e+03
607.7891221807843,5.689000000000000000e+03
607.8641950802765,5.704000000000000000e+03
607.9393308785938,5.700000000000000000e+03
608.0144039237675,5.750000000000000000e+03
608.089539885174,5.732000000000000000e+03
608.1646130487377,5.705000000000000000e+03
608.2397417468239,5.750000000000000000e+03
608.3148187001017,5.720000000000000000e+03
608.3898956827247,5.710000000000000000e+03
608.4650245200035,5.730000000000000000e+03
608.5401015535813,5.693000000000000000e+03
608.6151785959717,5.755000000000000000e+03
608.6903112159022,5.739000000000000000e+03
608.7653771512115,5.705000000000000000e+03
608.8404578967535,5.710000000000000000e+03
608.9155905344547,5.695000000000000000e+03
608.990660126277,5.712000000000000000e+03
609.0657296820973,5.715000000000000000e+03
609.1408659845031,5.728000000000000000e+03
609.2159465984835,5.701000000000000000e+03
609.2910160242585,5.724000000000000000e+03
609.3660890997941,5.688000000000000000e+03
609.4411621067635,5.716000000000000000e+03
609.5162981949915,5.712000000000000000e+03
609.591371059717,5.731000000000000000e+03
609.6664438352011,5.730000000000000000e+03
609.7415165145444,5.716000000000000000e+03
609.8165928096073,5.706000000000000000e+03
609.8916652768738,5.729000000000000000e+03
609.9667339066874,5.692000000000000000e+03
610.041806132408,5.705000000000000000e+03
610.1168819498673,5.704000000000000000e+03
610.1919576315516,5.711000000000000000e+03
610.2670257220219,5.747000000000000000e+03
610.3421011095528,5.702000000000000000e+03
610.4171800666223,5.690000000000000000e+03
610.4922476810158,5.717000000000000000e+03
610.5673225771701,5.689000000000000000e+03
610.6423935671218,5.726000000000000000e+03
610.7174681006938,5.708000000000000000e+03
610.7925387123403,5.701000000000000000e+03
610.8676165871373,5.693000000000000000e+03
610.9426867935962,5.710000000000000000e+03
611.0177642529652,5.680000000000000000e+03
611.0928340264109,5.716000000000000000e+03
611.1679035719891,5.680000000000000000e+03
611.2429205762214,5.702000000000000000e+03
611.3179896323122,5.710000000000000000e+03
611.3930696536677,5.687000000000000000e+03
611.4681382079762,5.682000000000000000e+03
611.543210239399,5.693000000000000000e+03
611.6182258914046,5.716000000000000000e+03
611.6932973662973,5.692000000000000000e+03
611.7683685593274,5.715000000000000000e+03
611.8434394635015,5.701000000000000000e+03
611.91845764963,5.707000000000000000e+03
611.9935279422344,5.666000000000000000e+03
612.06860167126,5.713000000000000000e+03
612.1436188772811,5.688000000000000000e+03
612.2186919554537,5.705000000000000000e+03
612.2937609555369,5.715000000000000000e+03
612.368769618424,5.683000000000000000e+03
612.443841671833,5.694000000000000000e+03
612.518860850012,5.734000000000000000e+03
612.5939321832865,5.733000000000000000e+03
612.668943094263,5.699000000000000000e+03
612.7440136774355,5.728000000000000000e+03
612.8190876378331,5.721000000000000000e+03
612.8941048689004,5.733000000000000000e+03
612.9691780415548,5.712000000000000000e+03
613.0441869267229,5.735000000000000000e+03
613.1192028943198,5.712000000000000000e+03
613.1942785838127,5.718000000000000000e+03
613.2692861585759,5.728000000000000000e+03
613.3443572287938,5.719000000000000000e+03
613.4193751865103,5.766000000000000000e+03
613.4944491348593,5.737000000000000000e+03
613.5694586386024,5.749000000000000000e+03
613.644467658833,5.736000000000000000e+03
613.7195402192466,5.710000000000000000e+03
613.794555801729,5.761000000000000000e+03
613.8695671147681,5.742000000000000000e+03
613.9446382262654,5.719000000000000000e+03
614.0196560673113,5.748000000000000000e+03
614.0946658455853,5.774000000000000000e+03
614.1696826366328,5.744000000000000000e+03
614.2447554874341,5.760000000000000000e+03
614.3197636679537,5.722000000000000000e+03
614.3947788454523,5.739000000000000000e+03
614.4697859154201,5.741000000000000000e+03
614.5448037484722,5.752000000000000000e+03
614.619873899117,5.761000000000000000e+03
614.694883044028,5.737000000000000000e+03
614.769899161373,5.730000000000000000e+03
614.8449071281832,5.753000000000000000e+03
614.9199220568489,5.778000000000000000e+03
614.994936381391,5.741000000000000000e+03
615.0699463115571,5.764000000000000000e+03
615.1449594055,5.763000000000000000e+03
615.219968088927,5.752000000000000000e+03
615.2949799236752,5.758000000000000000e+03
615.3699949053583,5.766000000000000000e+03
615.4450130295872,5.759000000000000000e+03
615.5200153487256,5.791000000000000000e+03
615.5950321611059,5.743000000000000000e+03
615.6700445181616,5.759000000000000000e+03
615.7450599927896,5.745000000000000000e+03
615.8200634112113,5.762000000000000000e+03
615.8950775175382,5.743000000000000000e+03
615.9700909303292,5.750000000000000000e+03
616.045103642399,5.743000000000000000e+03
616.1200587059649,5.780000000000000000e+03
616.1950737781215,5.723000000000000000e+03
616.2700843319404,5.756000000000000000e+03
616.3450979550751,5.770000000000000000e+03
616.4201070436227,5.733000000000000000e+03
616.4950545776754,5.741000000000000000e+03
616.5700659579935,5.744000000000000000e+03
616.6450765818348,5.759000000000000000e+03
616.720097852294,5.738000000000000000e+03
616.7950422701603,5.722000000000000000e+03
616.8700581788843,5.719000000000000000e+03
616.9450694997388,5.724000000000000000e+03
617.0200229227949,5.732000000000000000e+03
617.0950326410584,5.716000000000000000e+03
617.1700377451283,5.714000000000000000e+03
617.2449925060192,5.721000000000000000e+03
617.3200073947381,5.762000000000000000e+03
617.395013836697,5.728000000000000000e+03
617.4699660667885,5.744000000000000000e+03
617.5449822610196,5.691000000000000000e+03
617.6199327648687,5.699000000000000000e+03
617.6949472498279,5.730000000000000000e+03
617.7698959983896,5.746000000000000000e+03
617.8449087450254,5.700000000000000000e+03
617.9198595274773,5.716000000000000000e+03
617.9948705076381,5.738000000000000000e+03
618.069827119618,5.714000000000000000e+03
618.144840127084,5.702000000000000000e+03
618.2197872618343,5.692000000000000000e+03
618.2947411041071,5.717000000000000000e+03
618.3697513617161,5.720000000000000000e+03
618.44469567746,5.714000000000000000e+03
618.5196505100681,5.702000000000000000e+03
618.5946694328892,5.729000000000000000e+03
618.6696146951708,5.706000000000000000e+03
618.7445666341545,5.723000000000000000e+03
618.8195826887393,5.708000000000000000e+03
618.8945326685835,5.713000000000000000e+03
618.9694854812299,5.715000000000000000e+03
619.0444334578197,5.721000000000000000e+03
619.1194494169247,5.728000000000000000e+03
619.1943992107521,5.691000000000000000e+03
619.2693479786984,5.699000000000000000e+03
619.3442957134283,5.711000000000000000e+03
619.4192500812071,5.722000000000000000e+03
619.4942648084996,5.717000000000000000e+03
619.5692094181061,5.731000000000000000e+03
619.6441644838893,5.762000000000000000e+03
619.7191184853039,5.705000000000000000e+03
619.7940637321011,5.741000000000000000e+03
619.8690155808523,5.761000000000000000e+03
619.9439663431604,5.732000000000000000e+03
620.0189198558951,5.724000000000000000e+03
620.0938722693128,5.745000000000000000e+03
620.1688197299484,5.720000000000000000e+03
620.2437699216852,5.734000000000000000e+03
620.3187305358406,5.753000000000000000e+03
620.393678480104,5.727000000000000000e+03
620.4686252881608,5.710000000000000000e+03
620.543582504853,5.746000000000000000e+03
620.61852702112,5.732000000000000000e+03
620.6934819368186,5.758000000000000000e+03
620.7684356923214,5.766000000000000000e+03
620.8433227543279,5.745000000000000000e+03
620.9182780068074,5.773000000000000000e+03
620.9932282224137,5.717000000000000000e+03
621.0681811054573,5.716000000000000000e+03
621.1431327931294,5.743000000000000000e+03
621.2180794188941,5.715000000000000000e+03
621.2929746519387,5.736000000000000000e+03
621.3679226950109,5.725000000000000000e+03
621.4428695130218,5.725000000000000000e+03
621.5177610187308,5.749000000000000000e+03
621.5927130788318,5.731000000000000000e+03
621.6676600305892,5.742000000000000000e+03
621.7426134606835,5.742000000000000000e+03
621.8174999024244,5.751000000000000000e+03
621.8924507959133,5.749000000000000000e+03
621.9673462597708,5.716000000000000000e+03
622.0422984590124,5.771000000000000000e+03
622.1172493736544,5.715000000000000000e+03
622.1921409277729,5.690000000000000000e+03
622.2670892368434,5.721000000000000000e+03
622.3419781424883,5.692000000000000000e+03
622.4169354382018,5.724000000000000000e+03
622.4918216682801,5.694000000000000000e+03
622.5667763070498,5.724000000000000000e+03
622.6416637084727,5.732000000000000000e+03
622.7166156613104,5.731000000000000000e+03
622.791500330108,5.703000000000000000e+03
622.8664495670652,5.717000000000000000e+03
622.9413431149467,5.704000000000000000e+03
623.0162352679529,5.712000000000000000e+03
623.0911842549693,5.698000000000000000e+03
623.1660736097131,5.695000000000000000e+03
623.2409693156505,5.691000000000000000e+03
623.3159141083677,5.701000000000000000e+03
623.3908108627464,5.709000000000000000e+03
623.4656984085988,5.708000000000000000e+03
623.54065060535,5.685000000000000000e+03
623.6155430462911,5.709000000000000000e+03
623.6904262505253,5.718000000000000000e+03
623.7653157682421,5.706000000000000000e+03
623.8402738657751,5.698000000000000000e+03
623.9151643415145,5.714000000000000000e+03
623.9900494384281,5.733000000000000000e+03
624.0649369353079,5.706000000000000000e+03
624.1398346184196,5.723000000000000000e+03
624.2147191099846,5.726000000000000000e+03
624.2896137782844,5.727000000000000000e+03
624.3645615055957,5.710000000000000000e+03
624.4394531447507,5.697000000000000000e+03
624.5143432514428,5.697000000000000000e+03
624.5892357192214,5.718000000000000000e+03
624.6641227392169,5.719000000000000000e+03
624.739008204036,5.669000000000000000e+03
624.8139077217978,5.719000000000000000e+03
624.8887900572714,5.695000000000000000e+03
624.9636825322137,5.723000000000000000e+03
625.0385773339976,5.721000000000000000e+03
625.1134666425047,5.703000000000000000e+03
625.1883582645422,5.719000000000000000e+03
625.263181823586,5.695000000000000000e+03
625.3380780414589,5.697000000000000000e+03
625.4129648242472,5.702000000000000000e+03
625.4878578081264,5.668000000000000000e+03
625.5627413379577,5.692000000000000000e+03
625.6376349716288,5.717000000000000000e+03
625.7124604067309,5.676000000000000000e+03
625.7873507351937,5.714000000000000000e+03
625.8622394075853,5.712000000000000000e+03
625.9371381701984,5.692000000000000000e+03
626.0119647267263,5.685000000000000000e+03
626.0868522937308,5.669000000000000000e+03
626.1617460175852,5.679000000000000000e+03
626.2366380528313,5.675000000000000000e+03
626.3114617065921,5.683000000000000000e+03
626.3863503257447,5.711000000000000000e+03
626.4611822898413,5.699000000000000000e+03
626.5360713905895,5.679000000000000000e+03
626.6109666191869,5.687000000000000000e+03
626.6857933539325,5.699000000000000000e+03
626.7606772445703,5.696000000000000000e+03
626.8355122365108,5.694000000000000000e+03
626.9104044027886,5.682000000000000000e+03
626.985224051504,5.705000000000000000e+03
627.0601205419518,5.713000000000000000e+03
627.1349523354077,5.717000000000000000e+03
627.2098373967692,5.705000000000000000e+03
627.2846616468294,5.718000000000000000e+03
627.3595549170336,5.693000000000000000e+03
627.4343873380152,5.674000000000000000e+03
627.5092769901677,5.686000000000000000e+03
627.5841096881397,5.676000000000000000e+03
627.6589365990222,5.679000000000000000e+03
627.7338247007415,5.689000000000000000e+03
627.8086518461457,5.641000000000000000e+03
627.8834850056414,5.699000000000000000e+03
627.9583754402697,5.683000000000000000e+03
628.0332088011603,5.697000000000000000e+03
628.1080284382782,5.699000000000000000e+03
628.182858012259,5.684000000000000000e+03
628.2577527829216,5.675000000000000000e+03
628.3325785578783,5.665000000000000000e+03
628.4074142606058,5.678000000000000000e+03
628.4822361924339,5.685000000000000000e+03
628.5570680421939,5.688000000000000000e+03
628.6318979552647,5.702000000000000000e+03
628.706785214725,5.688000000000000000e+03
628.7816191526078,5.671000000000000000e+03
628.8564471797065,5.675000000000000000e+03
628.9312811520758,5.654000000000000000e+03
629.0061012851678,5.704000000000000000e+03
629.0809313073146,5.661000000000000000e+03
629.155759344112,5.676000000000000000e+03
629.2305893470999,5.673000000000000000e+03
629.3054252715824,5.680000000000000000e+03
629.380247309458,5.693000000000000000e+03
629.4550831794276,5.699000000000000000e+03
629.5299011803792,5.681000000000000000e+03
629.6047330053896,5.695000000000000000e+03
629.6795707280481,5.666000000000000000e+03
629.7543389940075,5.672000000000000000e+03
629.8291607196976,5.675000000000000000e+03
629.9039962589939,5.646000000000000000e+03
629.9788178342736,5.647000000000000000e+03
630.0536452776254,5.680000000000000000e+03
630.1284746162776,5.672000000000000000e+03
630.2032423002603,5.680000000000000000e+03
630.2780753994684,5.696000000000000000e+03
630.3529103790165,5.686000000000000000e+03
630.4277313363475,5.671000000000000000e+03
630.5025024771371,5.684000000000000000e+03
630.5773311190919,5.677000000000000000e+03
630.6521576385172,5.671000000000000000e+03
630.7269342895984,5.707000000000000000e+03
630.8017565291294,5.662000000000000000e+03
630.8765845827202,5.671000000000000000e+03
630.9513587332427,5.699000000000000000e+03
631.0261864484233,5.671000000000000000e+03
631.1009522564115,5.694000000000000000e+03
631.175787573207,5.671000000000000000e+03
631.2506087617126,5.685000000000000000e+03
631.3253799341081,5.667000000000000000e+03
631.400208688403,5.695000000000000000e+03
631.4749754310345,5.665000000000000000e+03
631.5498037567131,5.683000000000000000e+03
631.6245780075234,5.700000000000000000e+03
631.6993420335924,5.714000000000000000e+03
631.7741716576955,5.675000000000000000e+03
631.8489391655564,5.693000000000000000e+03
631.923764305041,5.711000000000000000e+03
631.9985312783703,5.695000000000000000e+03
632.0733039606179,5.675000000000000000e+03
632.1481342990165,5.729000000000000000e+03
632.2228944223607,5.718000000000000000e+03
632.2976642345945,5.734000000000000000e+03
632.3724997216107,5.698000000000000000e+03
632.4472649272958,5.712000000000000000e+03
632.5220358114818,5.708000000000000000e+03
632.5968083701387,5.693000000000000000e+03
632.6716346337209,5.700000000000000000e+03
632.746402531009,5.688000000000000000e+03
632.8211640744752,5.706000000000000000e+03
632.895939281213,5.723000000000000000e+03
632.9707001090119,5.707000000000000000e+03
633.0454705862102,5.697000000000000000e+03
633.1202346797379,5.698000000000000000e+03
633.1950124256075,5.671000000000000000e+03
633.2698318993826,5.710000000000000000e+03
633.3446048767886,5.715000000000000000e+03
633.4193754528278,5.702000000000000000e+03
633.4941436195448,5.703000000000000000e+03
633.5689053548851,5.740000000000000000e+03
633.6436807232593,5.696000000000000000e+03
633.718441616138,5.719000000000000000e+03
633.7932121186539,5.718000000000000000e+03
633.8679199094199,5.716000000000000000e+03
633.9426855028164,5.693000000000000000e+03
634.0174606961399,5.663000000000000000e+03
634.0922213655654,5.702000000000000000e+03
634.1669876029633,5.710000000000000000e+03
634.2417553834099,5.665000000000000000e+03
634.3165327489089,5.732000000000000000e+03
634.3912351850232,5.682000000000000000e+03
634.4660075495017,5.696000000000000000e+03
634.5407774100094,5.694000000000000000e+03
634.6155447585436,5.689000000000000000e+03
634.6902491623354,5.680000000000000000e+03
634.7650114486645,5.725000000000000000e+03
634.8397832896367,5.667000000000000000e+03
634.9145525922855,5.713000000000000000e+03
634.9892588668829,5.719000000000000000e+03
635.0640230545828,5.676000000000000000e+03
635.1387362717429,5.688000000000000000e+03
635.2135074201229,5.692000000000000000e+03
635.2882719598388,5.674000000000000000e+03
635.362981437668,5.706000000000000000e+03
635.4377448294332,5.711000000000000000e+03
635.512457159198,5.669000000000000000e+03
635.5872153377827,5.710000000000000000e+03
635.6619224154749,5.696000000000000000e+03
635.7366995983534,5.689000000000000000e+03
635.8114013974615,5.692000000000000000e+03
635.8861733198535,5.693000000000000000e+03
635.960881941529,5.696000000000000000e+03
636.0356485740448,5.677000000000000000e+03
636.1103518611941,5.713000000000000000e+03
636.1850565091609,5.679000000000000000e+03
636.2598232366993,5.665000000000000000e+03
636.3345306048863,5.701000000000000000e+03
636.4092393182117,5.696000000000000000e+03
636.4840101382218,5.705000000000000000e+03
636.5587134362514,5.704000000000000000e+03
636.6334221129331,5.707000000000000000e+03
636.7081848135534,5.705000000000000000e+03
636.78290019687,5.700000000000000000e+03
636.857604726266,5.695000000000000000e+03
636.9323146152394,5.671000000000000000e+03
637.0070217458345,5.703000000000000000e+03
637.0817261099415,5.635000000000000000e+03
637.1564967140678,5.636000000000000000e+03
637.2311995976745,5.647000000000000000e+03
637.3059078155254,5.635000000000000000e+03
637.3806132401302,5.621000000000000000e+03
637.4553280538418,5.668000000000000000e+03
637.5300278704315,5.682000000000000000e+03
637.6047370655823,5.718000000000000000e+03
637.679443440681,5.800000000000000000e+03
637.7541469875897,5.737000000000000000e+03
637.8288599029363,5.723000000000000000e+03
637.9035659103154,5.749000000000000000e+03
637.978273139046,5.735000000000000000e+03
638.052977512721,5.734000000000000000e+03
638.1276830952562,5.767000000000000000e+03
638.2023898813551,5.732000000000000000e+03
638.2770978657181,5.764000000000000000e+03
638.3517418441655,5.732000000000000000e+03
638.4264562697699,5.736000000000000000e+03
638.5011555722814,5.752000000000000000e+03
638.5758642016897,5.738000000000000000e+03
638.6505699221697,5.757000000000000000e+03
638.7252237691496,5.739000000000000000e+03
638.7999236357822,5.792000000000000000e+03
638.874628732156,5.750000000000000000e+03
638.9493472209352,5.750000000000000000e+03
639.0239892680094,5.783000000000000000e+03
639.098689601196,5.758000000000000000e+03
639.173395144716,5.787000000000000000e+03
639.2480405140027,5.785000000000000000e+03
639.3227564554909,5.811000000000000000e+03
639.3973958340758,5.759000000000000000e+03
639.4721058028182,5.775000000000000000e+03
639.5468086912668,5.807000000000000000e+03
639.6214635767756,5.823000000000000000e+03
639.6961604460553,5.803000000000000000e+03
639.7708092749344,5.811000000000000000e+03
639.8455164682429,5.813000000000000000e+03
639.9201674013606,5.819000000000000000e+03
639.9948767149377,5.812000000000000000e+03
640.0695174401586,5.782000000000000000e+03
640.1441591862857,5.807000000000000000e+03
640.2188716275688,5.810000000000000000e+03
640.2935236151387,5.815000000000000000e+03
640.3681602084457,5.824000000000000000e+03
640.4428757290473,5.820000000000000000e+03
640.5175143262505,5.808000000000000000e+03
640.592166218985,5.817000000000000000e+03
640.6668724558668,5.810000000000000000e+03
640.7415181149009,5.853000000000000000e+03
640.8161565315354,5.821000000000000000e+03
640.8908041242695,5.851000000000000000e+03
640.9655143022176,5.810000000000000000e+03
641.0401638233027,5.856000000000000000e+03
641.1148060727106,5.826000000000000000e+03
641.1894533730033,5.849000000000000000e+03
641.2641016094406,5.850000000000000000e+03
641.3387425502967,5.836000000000000000e+03
641.4134543525283,5.844000000000000000e+03
641.488101262261,5.865000000000000000e+03
641.5627449685089,5.867000000000000000e+03
641.6373854629693,5.845000000000000000e+03
641.7120350911663,5.854000000000000000e+03
641.7866814967092,5.860000000000000000e+03
641.8613246712862,5.862000000000000000e+03
641.9359769690361,5.858000000000000000e+03
642.0106260249374,5.853000000000000000e+03
642.0852718306695,5.880000000000000000e+03
642.1598525225107,5.859000000000000000e+03
642.2344917885489,5.846000000000000000e+03
642.3091401562656,5.868000000000000000e+03
642.3837934993884,5.871000000000000000e+03
642.4584353052218,5.838000000000000000e+03
642.5330862021095,5.860000000000000000e+03
642.6077296725547,5.873000000000000000e+03
642.6823120100572,5.884000000000000000e+03
642.7569529755671,5.889000000000000000e+03
642.8315988836831,5.905000000000000000e+03
642.9062455985243,5.890000000000000000e+03
642.9808352351971,5.900000000000000000e+03
643.055475263203,5.897000000000000000e+03
643.1301243499755,5.887000000000000000e+03
643.2047163018128,5.892000000000000000e+03
643.279354524987,5.880000000000000000e+03
643.3539438476895,5.921000000000000000e+03
643.4285877299418,5.915000000000000000e+03
643.5032406530961,5.938000000000000000e+03
643.5778197789244,5.947000000000000000e+03
643.6524659081414,5.915000000000000000e+03
643.7270464782921,5.926000000000000000e+03
643.8016982163535,5.916000000000000000e+03
643.876284355504,5.913000000000000000e+03
643.9509292459394,5.957000000000000000e+03
644.0255084918365,5.949000000000000000e+03
644.1001589469886,5.955000000000000000e+03
644.1747437177227,5.994000000000000000e+03
644.2493250109602,5.969000000000000000e+03
644.3239775458864,5.985000000000000000e+03
644.3985601811679,5.990000000000000000e+03
644.4731434709971,5.945000000000000000e+03
644.5477855716856,5.996000000000000000e+03
644.6223743228242,6.021000000000000000e+03
644.6969595574612,6.012000000000000000e+03
644.7715495817692,6.030000000000000000e+03
644.8461901340061,6.026000000000000000e+03
644.9207731033271,6.046000000000000000e+03
644.9953650068094,6.037000000000000000e+03
645.0699450389038,6.062000000000000000e+03
645.1445298338459,6.068000000000000000e+03
645.219177672042,6.043000000000000000e+03
645.2937678340779,6.080000000000000000e+03
645.3683419239809,6.078000000000000000e+03
645.4429290863851,6.102000000000000000e+03
645.5175168235929,6.110000000000000000e+03
645.5921051300253,6.124000000000000000e+03
645.6666898312457,6.110000000000000000e+03
645.7412750885978,6.152000000000000000e+03
645.8158525549321,6.154000000000000000e+03
645.8904389058563,6.174000000000000000e+03
645.9650299688499,6.163000000000000000e+03
646.0396090465212,6.159000000000000000e+03
646.1141969977764,6.216000000000000000e+03
646.1887812959989,6.185000000000000000e+03
646.2633076373747,6.219000000000000000e+03
646.3378845915109,6.236000000000000000e+03
646.4124787595719,6.239000000000000000e+03
646.4870608913304,6.228000000000000000e+03
646.5616476941717,6.282000000000000000e+03
646.6361722632304,6.270000000000000000e+03
646.7107558375826,6.265000000000000000e+03
646.7853440690486,6.327000000000000000e+03
646.859928586342,6.332000000000000000e+03
646.9344466023072,6.291000000000000000e+03
647.0090362098298,6.339000000000000000e+03
647.083622083392,6.331000000000000000e+03
647.1581413924066,6.382000000000000000e+03
647.2327239470708,6.392000000000000000e+03
647.307306934167,6.378000000000000000e+03
647.3818400556567,6.376000000000000000e+03
647.456419687093,6.412000000000000000e+03
647.5309452235595,6.420000000000000000e+03
647.6055298578293,6.456000000000000000e+03
647.6800561677495,6.419000000000000000e+03
647.7546415911931,6.423000000000000000e+03
647.829164455096,6.464000000000000000e+03
647.9037464463057,6.451000000000000000e+03
647.9782700344881,6.529000000000000000e+03
648.0527939695423,6.499000000000000000e+03
648.1273854568424,6.509000000000000000e+03
648.2019100840658,6.514000000000000000e+03
648.2764938778582,6.551000000000000000e+03
648.3510107654179,6.538000000000000000e+03
648.425536376692,6.582000000000000000e+03
648.5000623007427,6.577000000000000000e+03
648.5746432162518,6.581000000000000000e+03
648.6491655538866,6.608000000000000000e+03
648.7236881852804,6.632000000000000000e+03
648.7982195235151,6.625000000000000000e+03
648.8728058826379,6.660000000000000000e+03
648.9473293775359,6.665000000000000000e+03
649.0218489310823,6.668000000000000000e+03
649.0963729611857,6.689000000000000000e+03
649.1708972508054,6.704000000000000000e+03
649.2454260094211,6.702000000000000000e+03
649.3199508018886,6.761000000000000000e+03
649.3944716195824,6.738000000000000000e+03
649.4689926719741,6.737000000000000000e+03
649.5435181724034,6.788000000000000000e+03
649.6180396779724,6.798000000000000000e+03
649.6925698430567,6.843000000000000000e+03
649.7670917798398,6.840000000000000000e+03
649.8416139226556,6.842000000000000000e+03
649.9161320418531,6.858000000000000000e+03
649.9906588034178,6.904000000000000000e+03
650.0651815298742,6.946000000000000000e+03
650.1397086661992,6.922000000000000000e+03
650.2142317539774,6.939000000000000000e+03
650.2887550133019,6.956000000000000000e+03
650.3632192222857,6.977000000000000000e+03
650.4377470245496,6.974000000000000000e+03
650.5122665196939,6.979000000000000000e+03
650.5867946266628,7.013000000000000000e+03
650.6612551406859,7.006000000000000000e+03
650.7357750465694,7.054000000000000000e+03
650.8103035527816,7.070000000000000000e+03
650.8847644021826,7.099000000000000000e+03
650.9592931417967,7.093000000000000000e+03
651.0338092818513,7.129000000000000000e+03
651.1082704136296,7.166000000000000000e+03
651.182799464824,7.153000000000000000e+03
651.2572649940395,7.168000000000000000e+03
651.3317857370804,7.202000000000000000e+03
651.4062556434649,7.219000000000000000e+03
651.4807807792504,7.262000000000000000e+03
651.5552380644563,7.279000000000000000e+03
651.6297548330812,7.289000000000000000e+03
651.7042206933047,7.296000000000000000e+03
651.7787503045504,7.356000000000000000e+03
651.8532162309156,7.353000000000000000e+03
651.9277374256133,7.408000000000000000e+03
652.0021948907765,7.377000000000000000e+03
652.0766608615594,7.464000000000000000e+03
652.1511863740992,7.432000000000000000e+03
652.2256523518495,7.462000000000000000e+03
652.3001055526772,7.511000000000000000e+03
652.3745757534864,7.506000000000000000e+03
652.4490927583861,7.490000000000000000e+03
652.523554404734,7.567000000000000000e+03
652.5980245314129,7.563000000000000000e+03
652.6724818393412,7.613000000000000000e+03
652.7469518786384,7.637000000000000000e+03
652.8214730080308,7.655000000000000000e+03
652.8959386884019,7.710000000000000000e+03
652.9703957767102,7.731000000000000000e+03
653.0448655846427,7.749000000000000000e+03
653.1193267868492,7.754000000000000000e+03
653.1937879048733,7.787000000000000000e+03
653.268253200443,7.781000000000000000e+03
653.3427141334746,7.876000000000000000e+03
653.417174964718,7.885000000000000000e+03
653.4916399588126,7.892000000000000000e+03
653.5661005698283,7.916000000000000000e+03
653.640569606346,7.917000000000000000e+03
653.7150299745911,7.985000000000000000e+03
653.7894902116518,7.973000000000000000e+03
653.8638947316973,7.997000000000000000e+03
653.938354676066,8.064000000000000000e+03
653.9927330350457,8.070303510731313509e+03
654.0128144715792,8.096000000000000000e+03
654.0673848929049,8.144851049099113879e+03
654.0872783906434,8.118000000000000000e+03
654.1419639360352,8.132071471093205218e+03
654.1617421510075,8.168000000000000000e+03
654.2166156285444,8.190644536953619536e+03
654.2361458232748,8.188000000000000000e+03
654.2911987423258,8.230048235805172226e+03
654.3658416830104,8.225788376469869036e+03
654.4404288467964,8.293946125834714621e+03
654.5150758549863,8.302465844505321002e+03
654.5897184695584,8.332284859852439695e+03
654.664305251433,8.375948418039295575e+03
654.7389476142009,8.356779051030433038e+03
654.8135383948625,8.406832398220241885e+03
654.888184771955,8.448366026739444351e+03
654.9627666643294,8.454755815742399136e+03
655.0373526739268,8.462210569579177900e+03
655.1119985900768,8.484574831089517829e+03
655.1865885451579,8.554862510122016829e+03
655.2612255432555,8.583616560635311544e+03
655.3358194230502,8.613435575982430237e+03
655.4104603574718,8.657099134169286117e+03
655.4850452543039,8.689048079184056405e+03
655.5596986994234,8.706087516525269166e+03
655.634274582699,8.717802129697351120e+03
655.7088674352764,8.772115336222463156e+03
655.7835073665872,8.801934351569583669e+03
655.8580911670134,8.800869386735757871e+03
655.9327392618014,8.850922733925566718e+03
656.0073268888157,8.874351960269732444e+03
656.0819099586474,8.887131538275642015e+03
656.1565530436084,8.949964463471358613e+03
656.2311355998527,9.009602494165599637e+03
656.3057308056235,9.021317107337681591e+03
656.3803688222278,9.006407599664122245e+03
656.454954867795,9.077760243530445223e+03
656.5295449351327,9.118228907215821891e+03
656.6041821341065,9.108644223711391533e+03
656.6787759333997,9.165087359904155164e+03
656.7533564903902,9.172542113740933928e+03
656.8279410471957,9.234310074102826547e+03
656.9025856984958,9.237504968604303940e+03
656.9771696261503,9.281168526791158001e+03
657.0517532233856,9.323767120144186265e+03
657.1264055746188,9.384470115672253087e+03
657.2009928278474,9.410029271684070409e+03
657.2755710944062,9.457952689206227660e+03
657.3501576467798,9.467537372710659838e+03
657.4247438407015,9.523980508903421651e+03
657.4993858698668,9.527175403404899043e+03
657.573971341612,9.505876106728384912e+03
657.6485607618943,9.594268187935920650e+03
657.7231498016442,9.637931746122774712e+03
657.7977341278665,9.673075585639022393e+03
657.87237432304,9.687985093312583558e+03
657.9469621958759,9.751882983342125954e+03
658.0215410042488,9.787026822858375454e+03
658.0961280598617,9.849859748054092051e+03
658.1707146988002,9.811521014036366978e+03
658.2453009150308,9.887133517237993146e+03
658.3198867025178,9.946771547932234171e+03
658.3945327428875,9.975525598445528885e+03
658.4691220043352,1.002131908630003454e+04
658.5437021472852,1.005965782031775962e+04
658.6182818353581,1.007882718732662215e+04
658.69286974003,1.014059514768851477e+04
658.767461521399,1.017573898720476427e+04
658.8420354727173,1.022898722889604869e+04
658.9166306515345,1.028223547058733493e+04
658.9912079822875,1.028649532992263812e+04
659.0657935091809,1.035891293862278690e+04
659.140382887388,1.036849762212721907e+04
659.2149717681472,1.038021223529930285e+04
659.289551452134,1.047286417584213996e+04
659.3641306225966,1.053463213620403076e+04
659.438717970647,1.052824234720107779e+04
659.5133047969533,1.060172492073505236e+04
659.5878910954348,1.060811470973800533e+04
659.6624768600082,1.069331189644406368e+04
659.7370620845874,1.077957404798394782e+04
659.8116467630838,1.076466454031038666e+04
659.8862265349078,1.085305662151792239e+04
659.9608101019778,1.087009605885913334e+04
660.0354018176174,1.097552757740788002e+04
660.1099798943757,1.095209835106371429e+04
660.1845748263452,1.102345099493003727e+04
660.259151743867,1.106924448278454292e+04
660.333684466581,1.110119342779931503e+04
660.4082645480388,1.115124677498912388e+04
660.4828527532469,1.121407970018484230e+04
660.5574316285567,1.126306808254082534e+04
660.6320229836718,1.129608199238942143e+04
660.7066049946801,1.136636967142192043e+04
660.7811820158635,1.145476175262945435e+04
660.8557147324121,1.146008657679858334e+04
660.9302992109782,1.153037425583108052e+04
661.0048830496228,1.159746704036210031e+04
661.0794662422122,1.159533711069444871e+04
661.1540575251042,1.165391017655486394e+04
661.2285781978873,1.167201457872990068e+04
661.3031681500861,1.178916071045073113e+04
661.3777399387936,1.181365490162872266e+04
661.452332922751,1.191376159600834035e+04
661.5269208535378,1.193825578718633187e+04
661.6014380645663,1.196700983769962659e+04
661.6760289813253,1.201280332555413224e+04
661.7506148234904,1.210545526609696935e+04
661.8251298800592,1.215018378911765103e+04
661.8997142930884,1.220875685497806444e+04
661.9743067544003,1.227691460434291184e+04
662.0488853483158,1.233335774053567366e+04
662.1234149871826,1.238234612289165671e+04
662.198000873726,1.240577534923582243e+04
662.2725860216412,1.248138785243744860e+04
662.347104619191,1.257723468748176492e+04
662.4216882564932,1.261876831600096739e+04
662.4962184684717,1.262302817533627058e+04
662.570804963388,1.264965229618191370e+04
662.6453862997457,1.273271955322031863e+04
662.7199097646629,1.282856638826463495e+04
662.7944939234665,1.282217659926168017e+04
662.869086084027,1.292973804747807844e+04
662.9436071371093,1.304049439019595229e+04
663.0181889069928,1.303836446052830070e+04
663.0927083152421,1.310758717472697390e+04
663.1673016492832,1.310013242089019332e+04
663.2418237897235,1.320343400977128840e+04
663.3164110793576,1.325774721629640044e+04
663.3909359310869,1.334187943816863117e+04
663.4655171474956,1.337489334801722907e+04
663.5400358838839,1.343666130837912169e+04
663.6146198039338,1.349629933907336090e+04
663.6891500154543,1.352824828408813300e+04
663.763736622158,1.362090022463097011e+04
663.8382518588492,1.366775867731930339e+04
663.9128411292601,1.373698139151797477e+04
663.9873589874919,1.382324354305785710e+04
664.0619509026042,1.387010199574619037e+04
664.136471363353,1.386797206607853877e+04
664.211061492379,1.397020869012580806e+04
664.285584535613,1.403623650982300205e+04
664.3601640270679,1.408841978668046249e+04
664.4346852160202,1.413953809870409714e+04
664.5092142934612,1.418213669205712540e+04
664.5838042596656,1.427159373809848694e+04
664.6583226187805,1.433336169846037774e+04
664.7328488535421,1.441110413132965550e+04
664.8074315802052,1.447926188069450109e+04
664.881960314152,1.459853794208298314e+04
664.9565455552175,1.464326646510366299e+04
665.031072346548,1.468480009362286546e+04
665.1055937270582,1.471887896830528916e+04
665.1801096874939,1.478490678800248315e+04
665.2546998800744,1.484134992419524679e+04
665.3292271235769,1.489566313072035882e+04
665.4037489291384,1.496595080975285600e+04
665.4783361453115,1.506818743380012529e+04
665.5528603518749,1.507564218763690587e+04
665.6273790986409,1.517468391718269777e+04
665.7019056711048,1.525775117422110452e+04
665.7764932599148,1.533229871258890489e+04
665.8510088931856,1.539193674328314410e+04
665.9255412083346,1.541536596962730982e+04
666.0000591620371,1.544624994980825613e+04
666.0746470335703,1.556020118702760919e+04
666.1491717378727,1.562409907705715159e+04
666.2236953664843,1.572420577143676928e+04
666.2982179130853,1.572633570110442088e+04
666.3727393713534,1.583283218448699336e+04
666.4472686180028,1.585626141083115908e+04
666.5218500778012,1.599577180406232765e+04
666.5963682490049,1.602985067874475135e+04
666.670894195563,1.609161863910664397e+04
666.7454190261132,1.614593184563175600e+04
666.8199427343175,1.626840280152171363e+04
666.8944653138359,1.628650720369675037e+04
666.9689912068017,1.636531460139985393e+04
667.043515960381,1.638341900357489067e+04
667.1180440186909,1.652931918580901402e+04
667.1925664754452,1.657191777916204228e+04
667.2671501081187,1.662303609118567692e+04
667.3416747090137,1.669225880538435013e+04
667.4162025951904,1.674444208224181057e+04
667.4907159415177,1.678704067559483883e+04
667.5652459277131,1.690951163148479827e+04
667.6397747296355,1.699044895885555161e+04
667.7142934240692,1.703730741154388306e+04
667.7888198363478,1.710866005541020786e+04
667.8633405848258,1.722154632779573149e+04
667.9378645829604,1.717894773444270322e+04
668.0123873649534,1.727905442882232092e+04
668.0868509002132,1.731739316284004963e+04
668.1613801466233,1.736318665069455528e+04
668.235899230937,1.750163207909189805e+04
668.3104215399541,1.756446500428761647e+04
668.3849470702704,1.760386870313916734e+04
668.4594713500996,1.767522134700549213e+04
668.533998842422,1.772101483485999779e+04
668.6085250734534,1.779662733806162214e+04
668.683041094052,1.788821431377063345e+04
668.7575647813001,1.793933262579426810e+04
668.8320290343215,1.797021660597521623e+04
668.9065546155499,1.805328386301362116e+04
668.9810833808008,1.809375252669899783e+04
669.0555974212344,1.810333721020343000e+04
669.130128062917,1.823326291993016639e+04
669.2046529196529,1.833549954397743568e+04
669.2791182298785,1.833762947364508727e+04
669.3536314765041,1.843773616802470497e+04
669.4281657979723,1.847607490204243368e+04
669.5026898264498,1.859641592826473789e+04
669.57714526615,1.856979180741909659e+04
669.65167108008,1.867415836113401747e+04
669.7261910590614,1.869865255231200717e+04
669.8007186526492,1.880940889502988284e+04
669.8751865504684,1.884348776971230473e+04
669.949711403622,1.888928125756681402e+04
670.0242348833766,1.900323249478616344e+04
670.0987480026345,1.900536242445381504e+04
670.1732193096983,1.904902598264066910e+04
670.2477431098745,1.905861066614510128e+04
670.3222655128286,1.916510714952767376e+04
670.396728085964,1.920451084837922463e+04
670.471252157415,1.924710944173225289e+04
670.5457118658269,1.927053866807642044e+04
670.6202330875843,1.935680081961630276e+04
670.6947618784129,1.942282863931349857e+04
670.7692307481261,1.948992142384452018e+04
670.8437476587868,1.953464994686520004e+04
670.918213608017,1.944945276015913987e+04
670.9927321095302,1.958363832922118308e+04
671.0672536563986,1.961345734456830178e+04
671.1417196890736,1.967416034009636860e+04
671.216251808498,1.967203041042871700e+04
671.290714863808,1.974551298396269340e+04
671.3652395155675,1.976255242130390252e+04
671.4396995665256,1.987756862335708138e+04
671.5142212289395,1.988289344752621037e+04
671.5886872701645,1.996702566939844110e+04
671.6632104305353,1.992762197054689022e+04
671.7376734223737,1.994466140788810299e+04
671.812193546355,2.004157320776624329e+04
671.8866579770747,2.008736669562074894e+04
671.9611795549314,2.005967760994127821e+04
672.0356408881489,2.011079592196491285e+04
672.1101096909673,2.010440613296195806e+04
672.1846266277597,2.022368219435044011e+04
672.2590968192625,2.018001863616358605e+04
672.3336151557181,2.028225526021085534e+04
672.4080821944679,2.026734575253729417e+04
672.482543119204,2.032804874806536100e+04
672.5570657703272,2.034934804474187695e+04
672.63152802642,2.039620649743020840e+04
672.705997721871,2.047181900063183275e+04
672.7805155931686,2.045158466878914624e+04
672.854982065397,2.034828307990805115e+04
672.9294423823377,2.045477956329062363e+04
673.0039644745739,2.046329928196122637e+04
673.0784260583234,2.052293731265546739e+04
673.152895058153,2.054423660933198335e+04
673.2274213293804,2.060919946419535336e+04
673.3018779706365,2.056979576534379885e+04
673.3763374799411,2.066564260038811335e+04
673.4508043890924,2.061026442902917552e+04
673.5252650884476,2.068268203772932611e+04
673.5997967036512,2.069865651023671307e+04
673.6742585868221,2.073273538491913496e+04
673.748714237457,2.066990245972341654e+04
673.823186347847,2.070504629923966786e+04
673.8976385924067,2.064966812788073003e+04
673.9721663425748,2.072208573658087698e+04
674.0466287979216,2.073699524425443815e+04
674.1210895311846,2.080195809911780816e+04
674.1955530811653,2.075190475192799931e+04
674.2700239906791,2.079876320461633077e+04
674.3444795221271,2.079237341561337598e+04
674.4189469503236,2.077000915410303423e+04
674.49346722243,2.079237341561337598e+04
674.567935708377,2.080195809911780816e+04
674.6424024340591,2.080941285295458874e+04
674.7168582880072,2.079450334528102758e+04
674.7913214713103,2.074338503325739293e+04
674.8657783200656,2.081367271228988830e+04
674.940251601854,2.085840123531057179e+04
675.0147094269751,2.084242676280318483e+04
675.0891700095718,2.078385369694276960e+04
675.1636379044918,2.078172376727511801e+04
675.2380994327431,2.071356601791027060e+04
675.312554584676,2.077107411893686003e+04
675.3870261580195,2.076574929476773104e+04
675.4614822208301,2.078385369694276960e+04
675.5359547018315,2.072741056075000597e+04
675.610407090499,2.076787922443538264e+04
675.6848804576179,2.073167042008530916e+04
675.7593337130725,2.078278873210894380e+04
675.8338033782419,2.071676091241174800e+04
675.9082026566803,2.075509964642947671e+04
675.9826594431638,2.065392798721603322e+04
676.0571234944312,2.064753819821307843e+04
676.1315948098625,2.062730386637038828e+04
676.2060550986515,2.059109506202031480e+04
676.2805134951972,2.057938044884823103e+04
676.3549745673919,2.059854981585709538e+04
676.4293879803434,2.046436424679505217e+04
676.5038498052293,2.054423660933198335e+04
676.5783051376296,2.046968907096418116e+04
676.6527677036122,2.041750579410672071e+04
676.7272329229447,2.039620649743020840e+04
676.8016366634976,2.037810209525516984e+04
676.8761025828228,2.041005104026994013e+04
676.9505619772531,2.029716476788441651e+04
677.0250240043307,2.030035966238589390e+04
677.0994290601088,2.024924135036225925e+04
677.1738917427178,2.022900701851956910e+04
677.2483524582894,2.016191423398854749e+04
677.3227561481843,2.012144557030317083e+04
677.3972128974716,2.007352215278101357e+04
677.4716768389669,2.000429943858234037e+04
677.5461433813275,2.006606739894423299e+04
677.6205482371186,2.003092355942798531e+04
677.6950015852051,1.988928323652916515e+04
677.7694069841688,1.986372408051734601e+04
677.8438746703705,1.987863358819090718e+04
677.9183311477581,1.982538534649962094e+04
677.9927396296163,1.976787724547303151e+04
678.0672012294622,1.968055012909932339e+04
678.1416056066512,1.963688657091246932e+04
678.2160631125909,1.961239237973447598e+04
678.2905277690969,1.951122072052103249e+04
678.3649259468506,1.949205135351217177e+04
678.4393864750938,1.945264765466061726e+04
678.513798898065,1.938023004596047031e+04
678.5882598799376,1.931526719109710029e+04
678.6626543015428,1.924710944173225289e+04
678.7371249257566,1.918001665720123492e+04
678.8115243461227,1.915871736052471897e+04
678.8859815585386,1.908523478699074622e+04
678.9603905685974,1.896808865526991576e+04
679.0348481677615,1.899258284644790547e+04
679.1092529209583,1.892442509708306170e+04
679.1836509171139,1.887969657406238184e+04
679.2581113551571,1.882218847303579241e+04
679.3325235125415,1.870717227098261355e+04
679.4069842868593,1.872101681382234892e+04
679.481378280968,1.858150642059118036e+04
679.5557839509504,1.853358300306902311e+04
679.6302474888498,1.850056909322042338e+04
679.704648807749,1.844093106252618236e+04
679.7790525553501,1.839833246917315410e+04
679.8535234360058,1.830994038796562018e+04
679.9279135518302,1.821622348258895727e+04
680.0023245731195,1.820131397491539610e+04
680.076784258521,1.815658545189471624e+04
680.1511816092886,1.807777805419161450e+04
680.2255859851732,1.799364583231938013e+04
680.3000482943368,1.789779899727506563e+04
680.374448213023,1.786904494676177274e+04
680.4488412562114,1.782005656440578969e+04
680.5232552007656,1.769652064368200445e+04
680.5976576301395,1.776787328754832924e+04
680.6721226617578,1.762942785915098284e+04
680.7465159407645,1.759641394930238675e+04
680.8209254830051,1.752719123510371355e+04
680.8953281128896,1.740259034954610615e+04
680.969723820552,1.736638154519603268e+04
681.0441775310805,1.731419826833857223e+04
681.118582574998,1.727159967498554033e+04
681.1929806772104,1.714593382459410714e+04
681.2673996753556,1.712995935208672017e+04
681.3418070819359,1.702026797420267030e+04
681.4162075273074,1.699257888852320320e+04
681.4906056458781,1.687330282713472116e+04
681.5649921401839,1.684241884695377667e+04
681.6393995215485,1.677745599209040665e+04
681.7137999143118,1.670716831305791129e+04
681.7882165503345,1.665285510653279925e+04
681.8626680324036,1.662090616151802533e+04
681.9370706711479,1.656020316598996214e+04
682.0114662918298,1.642601759692791893e+04
682.0858781465969,1.639300368707932284e+04
682.1602876270566,1.631845614871152247e+04
682.234615600839,1.631419628937621928e+04
682.3090342611832,1.617575086097887470e+04
682.3834179373963,1.612463254895524005e+04
682.4578224911205,1.608522885010368918e+04
682.5322153211919,1.606179962375952346e+04
682.6066290312607,1.600429152273293403e+04
682.6810356664762,1.594358852720486902e+04
682.7554352169042,1.589992496901801314e+04
682.8298276726078,1.579236352080161487e+04
682.9042363415565,1.577212918895892653e+04
682.9786379060591,1.560279978038063746e+04
683.052985700029,1.560279978038063746e+04
683.1273776822683,1.548352371899215723e+04
683.2017812028357,1.548671861349363462e+04
683.2761822579863,1.544944484430973353e+04
683.3505948498541,1.539406667295079569e+04
683.4249816151049,1.536424765760367518e+04
683.4993378598623,1.518639853035477972e+04
683.5737336498651,1.516829412817974298e+04
683.6481222681783,1.514486490183557726e+04
683.7225270786547,1.507351225796925428e+04
683.7968779498492,1.496595080975285600e+04
683.8712683772519,1.493400186473808390e+04
683.9456749923205,1.481792069785108106e+04
684.0200089024875,1.484986964286585317e+04
684.0944244901342,1.468160519912138807e+04
684.1688141432852,1.473591840564650010e+04
684.2431731578488,1.463687667610070821e+04
684.3175670692367,1.457723864540646900e+04
684.3919584235521,1.455700431356377885e+04
684.4662956794946,1.444944286534738239e+04
684.5407193753053,1.436957050281045304e+04
684.6151123876289,1.426839884359700955e+04
684.689455939193,1.420663088323511693e+04
684.7638578398391,1.411184901302462822e+04
684.8382055615216,1.400535252964205574e+04
684.9125975757681,1.392122030776982319e+04
684.9870010616816,1.390098597592713486e+04
685.0613315458365,1.392015534293599922e+04
685.1357438810281,1.384986766390350022e+04
685.2100831760683,1.365604406414721961e+04
685.2844855664139,1.362729001363392490e+04
685.3588336587155,1.359534106861915279e+04
685.4332213760933,1.348884458523658213e+04
685.5075782509971,1.347925990173214996e+04
685.5819089583205,1.345370074572033263e+04
685.6563216044284,1.342494669520703792e+04
685.7306563603778,1.340151746886287219e+04
685.8050589720733,1.341429704686878176e+04
685.8794024621719,1.331738524699063964e+04
685.9537903041233,1.331738524699063964e+04
686.0281472199982,1.318639457243007746e+04
686.1024731844336,1.315231569774765376e+04
686.1768811733403,1.311930178789905585e+04
686.2512158243778,1.305114403853421027e+04
686.3255665827462,1.295955706282519895e+04
686.3999617223745,1.289033434862652575e+04
686.4742975925424,1.282004666959402857e+04
686.5486495653337,1.275401884989683458e+04
686.6230412185406,1.272100494004823668e+04
686.6973829775881,1.259533908965680166e+04
686.7717408365776,1.260066391382593065e+04
686.8460676249846,1.255806532047290057e+04
686.920476563722,1.247819295793597303e+04
686.9948119535088,1.238447605255930830e+04
687.0691634335083,1.236530668555044576e+04
687.1434837923248,1.228223942851203901e+04
687.2178910716232,1.220023713630745988e+04
687.2922436114384,1.213740421111174146e+04
687.3665697193694,1.214166407044704465e+04
687.4409071790424,1.207563625074984884e+04
687.5152607193801,1.200002374754822267e+04
687.5896114344212,1.192334627951277071e+04
687.6639309442114,1.189139733449800042e+04
687.7383327394424,1.183601916313906258e+04
687.8126844041321,1.180513518295811627e+04
687.8870284875072,1.171887303141823395e+04
687.9613649794371,1.167733940289902966e+04
688.0357175394452,1.160385682936505509e+04
688.1100388231959,1.151546474815752117e+04
688.1843761649789,1.152824432616342892e+04
688.2587343070002,1.144091720978972080e+04
688.3330800913666,1.140896826477494869e+04
688.4074182439083,1.133016086707184513e+04
688.4817534945465,1.132483604290271614e+04
688.556104800579,1.126732794187612672e+04
688.6304200038998,1.123963885619665962e+04
688.7047797093452,1.120236508701275852e+04
688.7791080338786,1.108947881462723126e+04
688.8534524038824,1.108947881462723126e+04
688.9277890934775,1.102877581909916626e+04
689.0021418286908,1.096061806973432067e+04
689.0764868733971,1.092227933571659378e+04
689.1507577273879,1.084347193801349022e+04
689.2250873462091,1.079767845015898456e+04
689.2994377520117,1.075720978647360789e+04
689.3737756865256,1.071567615795440361e+04
689.4481106432635,1.064645344375573222e+04
689.5224616327603,1.064432351408808063e+04
689.5968001275772,1.061982932291008910e+04
689.6710880627454,1.049948829668778308e+04
689.745415792651,1.052717738236725199e+04
689.8197595452868,1.046114956267005618e+04
689.8941002876792,1.043559040665823886e+04
689.968380885931,1.040044656714199118e+04
690.0427250973174,1.035039321995218233e+04
690.1170662811704,1.032589902877419081e+04
690.1913949030705,1.025561134974169181e+04
690.2656966557213,1.020342807288423319e+04
690.3400334706062,1.019384338937980101e+04
690.4143672314507,1.016402437403268050e+04
690.4886454859029,1.010651627300609107e+04
690.5629874122526,1.007243739832366919e+04
690.6373214994773,1.005113810164715505e+04
690.7116000290887,9.977655528113178661e+03
690.7859422563533,9.943576653430756778e+03
690.8602336681432,9.909497778748333076e+03
690.9345601567937,9.911627708415984671e+03
691.0089026400582,9.832820310712881110e+03
691.0831942596561,9.816845838205495966e+03
691.157520963373,9.745493194339172987e+03
691.2318206545044,9.718869073493529868e+03
691.3061602170517,9.694374882315538343e+03
691.380444070193,9.702894600986142905e+03
691.45476779478,9.628347062618342534e+03
691.5290596795087,9.620892308781563770e+03
691.6033914459812,9.522915544069595853e+03
691.6776674311591,9.552734559416716365e+03
691.7520072241363,9.514395825398991292e+03
691.8262959912287,9.512265895731339697e+03
691.900643801485,9.434523462862061933e+03
691.9749166156074,9.404704447514941421e+03
692.0492005879099,9.373820467333995111e+03
692.123529252891,9.367430678331042145e+03
692.1978259721524,9.316312366307407501e+03
692.2721578136724,9.259869230114643869e+03
692.3464385130854,9.277973632289680609e+03
692.4207159769667,9.235375038936652345e+03
692.4950525395182,9.217270636761615606e+03
692.56933311711,9.171477148907108131e+03
692.6436056440851,9.120358836883473487e+03
692.7179660817585,9.079890173198096818e+03
692.7922272967613,9.072435419361316235e+03
692.8665236380322,9.030901790842113769e+03
692.9407927013435,9.044746333681847318e+03
693.0151497288059,9.007472564497948042e+03
693.089421837627,8.970198795314046947e+03
693.1636906489606,8.954224322806661803e+03
693.2379753787236,8.878611819605035635e+03
693.3122568047582,8.893521327278594981e+03
693.3865926140129,8.899911116281549766e+03
693.4608818498604,8.817908824076968813e+03
693.5351581466051,8.812583999907841644e+03
693.6094263017561,8.793414632898977288e+03
693.6837151767944,8.723126953866480108e+03
693.7579910889119,8.718867094531176917e+03
693.8322636527323,8.716737164863525322e+03
693.906552121247,8.673073606676671261e+03
693.9808998444166,8.653904239667808724e+03
694.0551719756728,8.656034169335460319e+03
694.1294600063287,8.579356701300008353e+03
694.2037398455482,8.597461103475045093e+03
694.2780114829652,8.562317263958795593e+03
694.3522990144666,8.529303354110199507e+03
694.426583156023,8.504809162932207983e+03
694.5008542537265,8.476055112418913268e+03
694.5751412401826,8.486704760757169424e+03
694.6494248189764,8.446236097071792756e+03
694.723700156412,8.407897363054067682e+03
694.7979624146619,8.394052820214332314e+03
694.8721970948218,8.350389262027478253e+03
694.9464717871994,8.348259332359826658e+03
695.0207623596758,8.310985563175925563e+03
695.0950205016327,8.225788376469869036e+03
695.1693186762369,8.254542426983163750e+03
695.2435843995215,8.214073763297785263e+03
695.3178708269531,8.199164255624225916e+03
695.3921441168008,8.156565662271196743e+03
695.4663655616765,8.140591189763810689e+03
695.5406463919401,8.151240838102067755e+03
695.6149237361514,8.064978686562184521e+03
695.6892121064967,8.108642244749039492e+03
695.7634969823528,8.038354565716541401e+03
695.8377008859716,8.093732737075479236e+03
695.9119932631442,8.025574987710632740e+03
695.9862772860863,8.000015831698815418e+03
696.06048026933,7.946767590007529179e+03
696.134771767185,7.978716535022301287e+03
696.2090548898484,7.911623750491280589e+03
696.2833296268801,7.916948574660409577e+03
696.3575523255896,7.906298926322152511e+03
696.4318151008928,7.869025157138252325e+03
696.5060403540568,7.829621458286700545e+03
696.58033480532,7.824296634117571557e+03
696.6545965750922,7.804062302274883223e+03
696.7288256373972,7.789152794601322967e+03
696.8030899410923,7.778503146263065901e+03
696.8773263707111,7.696500854058484947e+03
696.9516029071826,7.713540291399696798e+03
697.0258758450395,7.681591346384924691e+03
697.1000868630892,7.682656311218750488e+03
697.1743865928445,7.637927788198070630e+03
697.248609793035,7.658162120040758964e+03
697.3228682493078,7.604913878349473634e+03
697.3970987519848,7.621953315690684576e+03
697.4713645187727,7.568705073999398337e+03
697.5456023130668,7.568705073999398337e+03
697.6198072452165,7.530366339981672354e+03
697.6941009834452,7.551665636658187395e+03
697.7683131711979,7.506937113637506627e+03
697.8425898466292,7.478183063124212822e+03
697.9168092738975,7.512261937806635615e+03
697.9910201305657,7.462208590616826768e+03
698.0653003733468,7.402570559922586654e+03
698.1395184438109,7.461143625783000971e+03
698.2138010478819,7.438779364272661041e+03
698.2880311962213,7.397245735753457666e+03
698.3622527442063,7.391920911584328678e+03
698.4364656813189,7.372751544575466141e+03
698.510738305446,7.363166861071034873e+03
698.5849584048053,7.320568267718005700e+03
698.6591698720874,7.325893091887134688e+03
698.7334703424422,7.275839744697325841e+03
698.8076889513259,7.260930237023765585e+03
698.8818989069066,7.283294498534105514e+03
698.9561050840433,7.277969674364976527e+03
699.030322134609,7.242825834848727936e+03
699.1046038227042,7.255605412854636597e+03
699.1788328602486,7.203422135997176156e+03
699.2530532146016,7.184252768988313619e+03
699.3272599846256,7.216201714003084817e+03
699.4014873980228,7.159758577810322095e+03
699.4757061069474,7.173603120650056553e+03
699.5499161008405,7.159758577810322095e+03
699.6241418428359,7.154433753641193107e+03
699.6983588590565,7.129939562463201582e+03
699.7726405911895,7.134199421798504773e+03
699.8468646290141,7.123549773460247707e+03
699.9210848186354,7.064976707599832480e+03
699.9952913527262,7.088405933943998207e+03
700.0695185244031,7.058586918596878604e+03
700.1437320277023,7.063911742766006682e+03
700.2179661702849,7.055392024095401212e+03
700.2921670152689,7.051132164760098021e+03
700.3663345364773,7.018118254911501026e+03
700.4405423002715,7.018118254911501026e+03
700.5147657911945,6.973389731890820258e+03
700.5889804729994,6.997883923068812692e+03
700.6632108815323,6.937180927540745870e+03
700.7374324701444,6.993624063733509502e+03
700.81164522823,6.942505751709874858e+03
700.8858540575908,6.947830575879002936e+03
700.9600736910871,6.960610153884911597e+03
701.034240242214,6.898842193523019887e+03
701.1084716450022,6.899907158356845684e+03
701.1826646876575,6.882867721015634743e+03
701.2569029402329,6.918011560531883333e+03
701.3311077280009,6.856243600169991623e+03
701.4052790247227,6.877542896846505755e+03
701.4794906151762,6.845593951831734557e+03
701.5537179110803,6.830684444158174301e+03
701.6278673838922,6.845593951831734557e+03
701.7020768472739,6.822164725487567921e+03
701.776302010223,6.817904866152265640e+03
701.8505182480137,6.811515077149310855e+03
701.9246812071539,6.785955921137493533e+03
701.9989091214585,6.779566132134539657e+03
702.0730492261018,6.785955921137493533e+03
702.147283874415,6.780631096968365455e+03
702.2215095672381,6.733772644280033091e+03
702.2956523110257,6.741227398116813674e+03
702.3698847114229,6.740162433282987877e+03
702.4440341206173,6.705018593766739286e+03
702.5182485406029,6.702888664099087691e+03
702.5924786440079,6.694368945428482220e+03
702.6666306251165,6.681589367422573559e+03
702.7408427059752,6.652835316909278845e+03
702.8150013114393,6.702888664099087691e+03
702.8892200349155,6.644315598238672465e+03
702.9633852532902,6.572962954372349486e+03
703.0375414112833,6.645380563072498262e+03
703.1117577094595,6.634730914734241196e+03
703.1859204527385,6.614496582891552862e+03
703.2601235714659,6.618756442226856052e+03
703.3342928843769,6.593197286215038730e+03
703.4085025826428,6.625146231229809928e+03
703.482658658175,6.611301688390075469e+03
703.5568254210807,6.569768059870872094e+03
703.6310325789715,6.536754150022275098e+03
703.7052108243134,6.575092884040001081e+03
703.7793551808122,6.564443235701744015e+03
703.8535845204474,6.522909607182540640e+03
703.9277353723147,6.514389888511935169e+03
704.0019018493869,6.548468763194357962e+03
704.0760542132163,6.530364361019321223e+03
704.1502767406283,6.517584783013412562e+03
704.2244157321018,6.477116119328034983e+03
704.2985752975638,6.492025627001595240e+03
704.3727455222629,6.470726330325080198e+03
704.4469065581811,6.486700802832466252e+03
704.5211080295742,6.462206611654474727e+03
704.5952804534251,6.444102209479437079e+03
704.6694387032167,6.429192701805877732e+03
704.7435926983363,6.431322631473528418e+03
704.8177573342106,6.415348158966143274e+03
704.891917706452,6.408958369963188488e+03
704.9660688376695,6.380204319449893774e+03
705.0402107171044,6.397243756791105625e+03
705.114442771257,6.395113827123454030e+03
705.1885910002947,6.349320339268948374e+03
705.2627548254902,6.348255374435122576e+03
705.3369093767561,6.372749565613114100e+03
705.4110795235591,6.313111534918873986e+03
705.485220476971,6.304591816248267605e+03
705.5593969294841,6.364229846942508630e+03
705.6335441691415,6.320566288755653659e+03
705.7077020144703,6.302461886580616920e+03
705.7818057106044,6.296072097577662134e+03
705.8559498827009,6.303526851414441808e+03
705.9301096345012,6.263058187729065139e+03
706.0042849709166,6.322696218423305254e+03
706.0784260421825,6.282227554737927676e+03
706.1525826869397,6.242823855886375895e+03
706.2267549100956,6.298202027245313730e+03
706.3008928304606,6.270512941565844812e+03
706.3750014111765,6.252408539390807164e+03
706.4491704615375,6.254538469058458759e+03
706.5233051714449,6.248148680055504883e+03
706.5974853991634,6.277967695402624486e+03
706.6716262730434,6.239628961384899412e+03
706.745737753195,6.207680016370127305e+03
706.8198897594285,6.203420157034824115e+03
706.8940323424436,6.233239172381944627e+03
706.9681405012132,6.215134770206906978e+03
707.0422891955021,6.195965403198044442e+03
707.1164534452462,6.206615051536301507e+03
707.19055823756,6.197030368031870239e+03
707.2647035748213,6.185315754859787376e+03
707.3388694645195,6.209809946037778900e+03
707.4129708410553,6.181055895524484185e+03
707.4871177773351,6.174666106521530310e+03
707.5612752521206,6.201290227367173429e+03
707.6353781699282,6.175731071355356107e+03
707.7095466962406,6.179990930690658388e+03
707.7836305801062,6.197030368031870239e+03
707.857775071609,6.149106950509712988e+03
707.9318899937977,6.157626669180318459e+03
708.0060455013667,6.211939875705430495e+03
708.080146353211,6.125677724165547261e+03
708.1543078510902,6.149106950509712988e+03
708.2283845678539,6.167211352684749727e+03
708.3025520377458,6.145912056008235595e+03
708.3766397017445,6.158691634014144256e+03
708.4508131326904,6.145912056008235595e+03
708.5249067170731,6.146977020842061393e+03
708.5989906956581,6.132067513168501137e+03
708.673160478897,6.128872618667023744e+03
708.7472503492967,6.124612759331721463e+03
708.8213557131089,6.110768216491987005e+03
708.8955017018351,6.134197442836152732e+03
708.9696129404151,6.111833181325812802e+03
709.0436944296144,6.124612759331721463e+03
709.1178618009762,6.123547794497895666e+03
709.1919440994113,6.082014165978692290e+03
709.266041878377,6.083079130812518088e+03
709.3401601743607,6.123547794497895666e+03
709.4143140934323,6.078819271477214897e+03
709.4884130457813,6.109703251658161207e+03
709.5625023052012,6.068169623138957832e+03
709.6366020041326,6.088403954981646166e+03
709.71069703359,6.109703251658161207e+03
709.7848579170291,6.107573321990509612e+03
709.8589587159314,6.109703251658161207e+03
709.9330497882937,6.093728779150775154e+03
710.0071361642808,6.092663814316949356e+03
710.0812329625695,6.051130185797745980e+03
710.1553452280508,6.064974728637480439e+03
710.2294275672397,6.082014165978692290e+03
710.3035203190468,6.050065220963920183e+03
710.3776335778801,6.052195150631571778e+03
710.4517320198205,6.052195150631571778e+03
710.5258257276931,6.040480537459488914e+03
710.599909644176,6.084144095646343885e+03
710.6740090111854,6.023441100118277973e+03
710.7480985754111,6.019181240782974783e+03
710.8222035892967,6.043675431960966307e+03
710.8962987889969,6.038350607791837319e+03
710.9704094374856,6.014921381447671592e+03
711.0444849811654,6.006401662777066122e+03
711.1186012467011,6.040480537459488914e+03
711.1926874434225,6.007466627610891919e+03
711.2667840197356,6.006401662777066122e+03
711.3408251965476,6.013856416613845795e+03
711.4149070955419,5.969127893593165936e+03
711.4890246751831,6.019181240782974783e+03
711.5631121310784,6.010661522112369312e+03
711.6372150180558,6.009596557278543514e+03
711.7112320343467,5.994687049604983258e+03
711.7853404449295,5.982972436432900395e+03
711.8594389533098,5.978712577097597205e+03
711.9335275484821,5.992557119937331663e+03
712.0075605935059,5.976582647429945609e+03
712.0816546727544,5.966997963925514341e+03
712.1557641746032,5.974452717762294014e+03
712.2297927223119,5.936113983744568941e+03
712.3038823260575,5.919074546403357090e+03
712.377992420552,5.958478245254908870e+03
712.4520164203059,5.943568737581348614e+03
712.5261268825731,5.933984054076917346e+03
712.6001562828156,5.925464335406310965e+03
712.6742518579922,5.909489862898925821e+03
712.7483628435643,5.925464335406310965e+03
712.8223876211747,5.897775249726842958e+03
712.8964785986809,5.938243913412219626e+03
712.9705138140855,5.879670847551805309e+03
713.0446101673241,5.907359933231274226e+03
713.1186507279195,5.881800777219456904e+03
713.19275244439,5.910554827732751619e+03
713.2667983376626,5.896710284893017160e+03
713.3408290765726,5.863696375044419256e+03
713.4149057221886,5.856241621207639582e+03
713.4889468476811,5.873281058548850524e+03
713.5630542605719,5.848786867370858999e+03
713.6370752139885,5.833877359697299653e+03
713.71111152602,5.826422605860519070e+03
713.7852141503761,5.859436515709116975e+03
713.8592557248019,5.857306586041465380e+03
713.93328717658,5.836007289364950338e+03
714.0073900636712,5.829617500361996463e+03
714.0814267494405,5.846656937703208314e+03
714.1554583900697,5.795538625679573670e+03
714.2295512937391,5.815772957522262004e+03
714.3035881409775,5.809383168519308128e+03
714.3776148223176,5.826422605860519070e+03
714.451651744311,5.818967852023739397e+03
714.5256835921462,5.808318203685482331e+03
714.5997818492889,5.794473660845747872e+03
714.6738188625989,5.773174364169232831e+03
714.7478712188952,5.788083871842793087e+03
714.8218929356141,5.797668555347224356e+03
714.8959248750398,5.799798485014875951e+03
714.9699721505816,5.756134926828021889e+03
715.044014315487,5.774239329003058629e+03
715.1180411339378,5.768914504833930550e+03
715.1920883966163,5.765719610332453158e+03
715.2661714596333,5.740160454320635836e+03
715.3402238179556,5.788083871842793087e+03
715.4142403295658,5.781694082839839211e+03
715.488267040557,5.775304293836884426e+03
715.5623141930947,5.729510805982378770e+03
715.6363510669913,5.767849540000104753e+03
715.7103315493897,5.713536333474992716e+03
715.784373440411,5.745485278489764823e+03
715.8584050299637,5.738030524652984241e+03
715.932426306901,5.720991087311773299e+03
716.0064680199878,5.758264856495673484e+03
716.080494283165,5.752940032326544497e+03
716.1545409835085,5.757199891661847687e+03
716.2285722201125,5.781694082839839211e+03
716.3025469314863,5.743355348822113228e+03
716.3765882447348,5.732705700483856162e+03
716.4506192011959,5.748680172991241307e+03
716.5246654600803,5.726315911480901377e+03
716.5987013504475,5.712471368641166919e+03
716.6726754991479,5.730575770816204567e+03
716.7467162946405,5.699691790635258258e+03
716.8207466986998,5.723121016979423985e+03
716.8947667001454,5.743355348822113228e+03
716.9687557260248,5.712471368641166919e+03
717.0427805919613,5.718861157644121704e+03
717.116825887731,5.734835630151506848e+03
717.1908093232216,5.697561860967606663e+03
717.2648286044712,5.699691790635258258e+03
717.3388168541977,5.736965559819158443e+03
717.4128461038251,5.695431931299955977e+03
717.4868906346427,5.687977177463175394e+03
717.5608474726536,5.697561860967606663e+03
717.6348968087937,5.701821720302909853e+03
717.7088584084709,5.723121016979423985e+03
717.7828867763504,5.693302001632304382e+03
717.8568840385082,5.687977177463175394e+03
717.9309171761972,5.685847247795523799e+03
718.0048882559898,5.667742845620487060e+03
718.0789313004857,5.684782282961698002e+03
718.1528864689565,5.725250946647075580e+03
718.2268775063203,5.679457458792569923e+03
718.300914749167,5.712471368641166919e+03
718.3748898482226,5.678392493958744126e+03
718.4489059941204,5.687977177463175394e+03
718.5228857662477,5.678392493958744126e+03
718.5968549564894,5.697561860967606663e+03
718.6708910267723,5.661353056617532275e+03
718.7448648651658,5.663482986285183870e+03
718.8188539335962,5.664547951119009667e+03
718.8928117241455,5.686912212629349597e+03
718.9668571028507,5.678392493958744126e+03
719.040845353585,5.674132634623440936e+03
719.1148178064504,5.663482986285183870e+03
719.1887847916446,5.681587388460221518e+03
719.2628187285492,5.619819428098329809e+03
719.3367851179871,5.683717318127872204e+03
719.4107718973806,5.634728935771889155e+03
719.4847480151196,5.682652353294047316e+03
719.55871345993,5.659223126949880680e+03
719.6326941140954,5.663482986285183870e+03
719.7066692631995,5.640053759941018143e+03
719.780706250103,5.662418021451358072e+03
719.8546807424774,5.638988795107192345e+03
719.9286497097812,5.659223126949880680e+03
720.0026286960333,5.629404111602761077e+03
720.0766021474149,5.633663970938063358e+03
720.1505856143327,5.656028232448404196e+03
720.2245376004026,5.604909920424769552e+03
720.298530717732,5.626209217101283684e+03
720.3725079039693,5.586805518249731904e+03
720.446479525475,5.619819428098329809e+03
720.5204403826414,5.572960975409997445e+03
720.5943696939084,5.642183689608669738e+03
720.6683349523433,5.609169779760071833e+03
720.7423153966341,5.609169779760071833e+03
720.816285052651,5.594260272086512487e+03
720.890249105901,5.610234744593897631e+03
720.9642231419422,5.615559568763026618e+03
721.0382175601698,5.594260272086512487e+03
721.1121179678518,5.584675588582080309e+03
721.1860907374653,5.602779990757117957e+03
721.2600786851124,5.584675588582080309e+03
721.334050596095,5.551661678733483313e+03
721.4079648215145,5.584675588582080309e+03
721.4819202230957,5.535687206226097260e+03
721.5559168215076,5.602779990757117957e+03
721.6298296575088,5.585740553415906106e+03
721.7038045147077,5.505868190878977657e+03
721.777768491748,5.538882100727574652e+03
721.8516746809869,5.533557276558445665e+03
721.9256689717006,5.510128050214279938e+03
721.9996263053706,5.563376291905566177e+03
722.0735518685187,5.519712733718711206e+03
722.1475134315792,5.483503929368636818e+03
722.221443203523,5.522907628220188599e+03
722.2954141996532,5.514387909549583128e+03
722.369322077151,5.494153577706893884e+03
722.4432972736668,5.522907628220188599e+03
722.5172093181159,5.495218542540719682e+03
722.5911887015628,5.460074703024471091e+03
722.665104899496,5.502673296377500264e+03
722.7390623388185,5.478179105199508740e+03
722.8129878959985,5.498413437042197074e+03
722.8869756086152,5.450490019520039823e+03
722.9608791618889,5.431320652511176377e+03
723.0347925998112,5.465399527193600079e+03
723.1087786701618,5.462204632692122686e+03
723.1826700550422,5.443035265683260150e+03
723.2565817737539,5.448360089852388228e+03
723.3305609227724,5.430255687677351489e+03
723.4044767103132,5.388722059158148113e+03
723.4783814349788,5.415346180003791233e+03
723.5523797909511,5.408956391000836447e+03
723.6262885587613,5.418541074505267716e+03
723.7001862401456,5.436645476680305364e+03
723.7741042546204,5.397241777828753584e+03
723.8480321309023,5.418541074505267716e+03
723.9220013141903,5.387657094324322316e+03
723.9959122328532,5.366357797647808184e+03
724.0698330025856,5.403631566831708369e+03
724.1437478932739,5.387657094324322316e+03
724.2176516517817,5.390851988825799708e+03
724.2915652506016,5.363162903146330791e+03
724.3654729499798,5.343993536137467345e+03
724.4393957341822,5.375942481152239452e+03
724.51330736185,5.359968008644853398e+03
724.587207821535,5.307784731787392957e+03
724.6611286098097,5.352513254808073725e+03
724.7350592296857,5.342928571303641547e+03
724.80895240124,5.335473817466861874e+03
724.882865897012,5.340798641635990862e+03
724.9567892135801,5.308849696621218754e+03
725.0307013255602,5.335473817466861874e+03
725.1046074792529,5.334408852633036076e+03
725.1785287017594,5.317369415291824225e+03
725.2524334382222,5.329084028463907998e+03
725.326358500832,5.306719766953567159e+03
725.4002723250796,5.292875224113832701e+03
725.4741222682113,5.298200048282961689e+03
725.5480398915687,5.268381032935841176e+03
725.6219462528422,5.281160610941749837e+03
725.6958676722687,5.295005153781484296e+03
725.769783084779,5.264121173600538896e+03
725.8436292602167,5.292875224113832701e+03
725.9175431603215,5.285420470277053028e+03
725.9914510329734,5.287550399944704623e+03
726.0653686850188,5.273705857104970164e+03
726.1392275716657,5.273705857104970164e+03
726.2131278556831,5.236432087921069979e+03
726.2870379081896,5.257731384597584110e+03
726.3608891425325,5.238562017588721574e+03
726.4348081680206,5.255601454929932515e+03
726.50866306773,5.237497052754895776e+03
726.5825857784921,5.222587545081335520e+03
726.6564232085193,5.266251103268189581e+03
726.730349586392,5.228977334084289396e+03
726.8042645953695,5.208743002241601062e+03
726.8781153887404,5.253471525262281830e+03
726.9520393221525,5.234302158253418384e+03
727.0258672943038,5.214067826410730049e+03
727.0997948515045,5.210872931909252657e+03
727.1736528398144,5.207678037407775264e+03
727.2475046789152,5.200223283570995591e+03
727.3214244199837,5.171469233057700876e+03
727.3952533686669,5.199158318737169793e+03
727.4691766890326,5.198093353903343996e+03
727.5430356383624,5.176794057226829864e+03
727.6168831154938,5.200223283570995591e+03
727.6907985389481,5.175729092393004066e+03
727.7646495352022,5.173599162725352471e+03
727.838494332822,5.149104971547360947e+03
727.9123488191613,5.166144408888571888e+03
727.986271291593,5.169339303390049281e+03
728.0601080662049,5.165079444054746091e+03
728.1339810274446,5.133130499039974893e+03
728.2078212555151,5.112896167197286559e+03
728.2817295008361,5.135260428707626488e+03
728.3555996998778,5.117156026532588839e+03
728.429453049297,5.095856729856074708e+03
728.5033054557948,5.111831202363460761e+03
728.577140989502,5.117156026532588839e+03
728.6509914915385,5.116091061698763042e+03
728.7248569664563,5.094791765022248910e+03
728.7987108614303,5.071362538678083183e+03
728.872558477417,5.092661835354597315e+03
728.9464688832253,5.015984367319145349e+03
729.0203145595359,5.066037714508954195e+03
729.0941805149681,5.020244226654448539e+03
729.1680295392798,5.022374156322100134e+03
729.2418722535059,5.031958839826531403e+03
729.3156767351837,5.009594578316191473e+03
729.3895227579071,5.023439121155925932e+03
729.4633837365335,5.000009894811760205e+03
729.5372330643772,5.007464648648539878e+03
729.6110920231105,5.012789472817668866e+03
729.6849499652391,4.990425211307328027e+03
729.7587909091665,5.004269754147062486e+03
729.832646799371,4.991490176141153825e+03
729.9064377258716,4.963801090461684907e+03
729.9802755476569,4.961671160794034222e+03
730.0541496290818,4.975515703633767771e+03
730.1279906863275,4.912682778438050264e+03
730.2018413503896,4.944631723452822371e+03
730.2756322932343,4.930787180613087912e+03
730.3494914925877,4.893513411429187727e+03
730.4233389576001,4.897773270764490917e+03
730.497121314011,4.871149149918847797e+03
730.5709933006522,4.867954255417370405e+03
730.6448321837362,4.841330134571727285e+03
730.7186379386568,4.875409009254150078e+03
730.7924799682986,4.872214114752673595e+03
730.8662835069548,4.864759360915893012e+03
730.940128667791,4.844525029073204678e+03
731.0139673771906,4.830680486233470219e+03
731.0877622124666,4.849849853242332756e+03
731.1616307539186,4.816835943393735761e+03
731.2354072830598,4.794471681883395831e+03
731.3092735761231,4.772107420373055902e+03
731.3830531589755,4.797666576384873224e+03
731.4569011330443,4.741223440192109592e+03
731.5307105078027,4.757197912699495646e+03
731.6044812553652,4.755067983031844051e+03
731.6783471861277,4.742288405025935390e+03
731.7521477148499,4.757197912699495646e+03
731.8259899112759,4.731638756687678324e+03
731.899766660658,4.696494917171429734e+03
731.9735636445379,4.702884706174383609e+03
732.0473701527895,4.711404424844989080e+03
732.1212183467612,4.701819741340557812e+03
732.195006386356,4.682650374331695275e+03
732.2688093011474,4.679455479830217882e+03
732.3426485486638,4.664545972156657626e+03
732.4164544099781,4.667740866658135019e+03
732.4902214949792,4.621947378803628453e+03
732.5640302732379,4.650701429316923168e+03
732.6378270896475,4.625142273305105846e+03
732.7116656191168,4.616622554634500375e+03
732.7854653361854,4.650701429316923168e+03
732.8592530670325,4.612362695299197185e+03
732.9330341718326,4.594258293124160446e+03
733.0068247610646,4.578283820616774392e+03
733.0806302100424,4.586803539287379863e+03
733.1544290226378,4.571894031613819607e+03
733.2282104378809,4.560179418441736743e+03
733.3020120820065,4.549529770103479677e+03
733.3758016923423,4.535685227263745219e+03
733.4495738776542,4.516515860254882682e+03
733.5233662868974,4.518645789922534277e+03
733.5971735461529,4.530360403094617141e+03
733.6709687462483,4.484566915240110575e+03
733.7447518754218,4.492021669076891158e+03
733.818549846392,4.468592442732725431e+03
733.8923357337387,4.472852302068027711e+03
733.9660610421337,4.477112161403330902e+03
734.039849657903,4.437708462551779121e+03
734.113653111708,4.466462513065073836e+03
734.1874498467755,4.435578532884127526e+03
734.2612290717857,4.401499658201704733e+03
734.3349476318791,4.440903357053256514e+03
734.4087618993168,4.394044904364924150e+03
734.4825316665394,4.438773427385604919e+03
734.5563216510071,4.386590150528144477e+03
734.6300724954872,4.390850009863447667e+03
734.7038651403906,4.397239798866401543e+03
734.7776456166251,4.352511275845721684e+03
734.8513869120628,4.334406873670684035e+03
734.9251700158896,4.357836100014849762e+03
734.99889230638,4.328017084667730160e+03
735.0727050353661,4.322692260498601172e+03
735.1464785471829,4.312042612160344106e+03
735.220218219237,4.312042612160344106e+03
735.2939943121419,4.295003174819132255e+03
735.367736543824,4.268379053973489135e+03
735.4415206118363,4.286483456148526784e+03
735.5152599796714,4.271573948474966528e+03
735.5890466014831,4.268379053973489135e+03
735.662766849309,4.279028702311747111e+03
735.7365830712438,4.220455636451331884e+03
735.8103058246913,4.274768842976443921e+03
735.8840433540496,4.242819897961671813e+03
735.957822745456,4.203416199110120942e+03
736.0315681756952,4.264119194638186855e+03
736.1052958754302,4.195961445273340360e+03
736.1790654451154,4.202351234276295145e+03
736.252801015933,4.204481163943945830e+03
736.326545937147,4.208741023279249021e+03
736.4003381699183,4.202351234276295145e+03
736.4740584115469,4.182116902433605901e+03
736.5477988397872,4.186376761768909091e+03
736.6215269056551,4.195961445273340360e+03
736.6952425972906,4.151232922252660501e+03
736.7690544685436,4.133128520077622852e+03
736.8427725447069,4.126738731074668976e+03
736.9165053742005,4.125673766240843179e+03
736.9902258037228,4.139518309080577637e+03
737.0639609845649,4.086270067389291398e+03
737.137689186275,4.101179575062851654e+03
737.2114267046566,4.111829223401108720e+03
737.2851517972983,4.070295594881905345e+03
737.358897074205,4.125673766240843179e+03
737.4326244765816,4.070295594881905345e+03
737.5063448675909,4.085205102555465601e+03
737.5800799995792,4.086270067389291398e+03
737.6538026703106,4.027697001528876626e+03
737.7275346375662,4.048996298205391213e+03
737.8012595719805,4.031956860864179362e+03
737.8749992432967,4.014917423522967965e+03
737.9487264275168,4.030891896030353564e+03
738.022468346593,4.014917423522967965e+03
738.0961977656417,3.994683091680279176e+03
738.169865632222,3.997877986181756569e+03
738.2435972558687,3.986163373009673251e+03
738.3173218057595,4.006397704852362040e+03
738.3910556298822,3.955279392828727396e+03
738.4647823694751,3.968058970834636057e+03
738.5384638351453,3.975513724671416185e+03
738.612192738524,3.943564779656644532e+03
738.685909081362,3.971253865336113449e+03
738.7595855634423,3.929720236816910074e+03
738.8332985789483,3.916940658811001413e+03
738.9070317658445,3.907355975306570144e+03
738.9807032179243,3.888186608297707153e+03
739.0544385201678,3.928655271983084731e+03
739.1281065918952,3.874342065457972694e+03
739.2018439933116,3.871147170956495756e+03
739.2755687822585,3.863692417119715628e+03
739.3492317494262,3.871147170956495756e+03
739.4229859424029,3.871147170956495756e+03
739.4966509491076,3.838133261107898306e+03
739.5703798618135,3.831743472104943976e+03
739.6440468874771,3.810444175428429389e+03
739.7177778366447,3.810444175428429389e+03
739.791446866122,3.805119351259300856e+03
739.8651032005454,3.782755089748960927e+03
739.9388289543585,3.780625160081309332e+03
740.0125146409633,3.781690124915135129e+03
740.086187618405,3.761455793072446340e+03
740.1599026583724,3.744416355731234944e+03
740.2335830692062,3.762520757906272138e+03
740.3072452674804,3.746546285398886084e+03
740.3809769441689,3.756130968903317807e+03
740.4546465508478,3.685843289870820172e+03
740.5283253357537,3.716727270051766027e+03
740.6019968452496,3.703947692045857366e+03
740.6757323886792,3.702882727212031568e+03
740.7493783611862,3.652829380022222722e+03
740.8230664214437,3.665608958028131383e+03
740.8967416974003,3.673063711864911511e+03
740.9704041770528,3.638984837182488263e+03
741.0440813057113,3.614490646004496739e+03
741.1177456249695,3.641114766850139858e+03
741.1914740338814,3.571892052651468020e+03
741.265145682029,3.600646103164762280e+03
741.3387990020083,3.570827087817642223e+03
741.4124669600711,3.599581138330936938e+03
741.4861550585991,3.561242404313210955e+03
741.5598248114671,3.554852615310256624e+03
741.6334872037764,3.572957017485293818e+03
741.7070817125386,3.541008072470522166e+03
741.7807678621677,3.519708775794007579e+03
741.8544191228816,3.538878142802870570e+03
741.9281125335501,3.516513881292530641e+03
742.0017600242695,3.514383951624879046e+03
742.0754276444354,3.521838705461659174e+03
742.1491098938311,3.483499971443933191e+03
742.2227792320809,3.476045217607153063e+03
742.2963860567804,3.444096272592381411e+03
742.3700570824167,3.472850323105676125e+03
742.4437151716932,3.454745920930638931e+03
742.5173878791576,3.454745920930638931e+03
742.5909980073593,3.430251729752646952e+03
742.6646723713906,3.457940815432115869e+03
742.7383392893086,3.406822503408481225e+03
742.8119656461523,3.400432714405526895e+03
742.8856286765096,3.385523206731966638e+03
742.9592842387771,3.389783066067269829e+03
743.0328991982909,3.375938523227535370e+03
743.1065563576633,3.389783066067269829e+03
743.1801728901319,3.349314402381892251e+03
743.2538592524501,3.351444332049543846e+03
743.3274497210764,3.357834121052498176e+03
743.4011100282263,3.343989578212763718e+03
743.4747296601421,3.321625316702423788e+03
743.5483970465806,3.370613699058406837e+03
743.6220182060574,3.324820211203900726e+03
743.6956816000841,3.335469859542157792e+03
743.7692821427946,3.326950140871552321e+03
743.8429470520473,3.264117215675834814e+03
743.916576747615,3.289676371687652136e+03
743.990165669035,3.263052250842009016e+03
744.0638466591978,3.267312110177311752e+03
744.1374370340701,3.248142743168448760e+03
744.2110696595498,3.246012813500797620e+03
744.284716858413,3.255597497005228888e+03
744.3583232280512,3.234298200328714302e+03
744.4319496995879,3.250272672836100355e+03
744.5055574804348,3.217258762987502905e+03
744.5791520991629,3.230038340993411566e+03
744.6528444452033,3.224713516824283033e+03
744.7264460022811,3.208739044316896980e+03
744.8000565630955,3.212998903652200170e+03
744.8736594835683,3.188504712474208645e+03
744.9472714032472,3.201284290480117306e+03
745.0208756714717,3.167205415797694059e+03
745.094494486024,3.174660169634474187e+03
745.168100087441,3.159750661960913931e+03
745.2416924635781,3.169335345465345654e+03
745.3152993770332,3.160815626794739728e+03
745.3889152760675,3.152295908124133803e+03
745.4625290474098,3.127801716946142278e+03
745.5361240107667,3.142711224619702534e+03
745.609733506721,3.119281998275536807e+03
745.6833575395775,3.155490802625611195e+03
745.7569683059694,3.115022138940233617e+03
745.8305713563644,3.121411927943187948e+03
745.9041833730809,3.124606822444665340e+03
745.9777876626403,3.103307525768150754e+03
746.0514009139459,3.090527947762242093e+03
746.1249507566789,3.106502420269628146e+03
746.1985429433485,3.091592912596067890e+03
746.2721496486159,3.094787807097544828e+03
746.3457708767787,3.068163686251902163e+03
746.4193230608547,3.058579002747470440e+03
746.4929176060401,3.071358580753379101e+03
746.5665266650274,3.069228651085727961e+03
746.640066621393,3.069228651085727961e+03
746.7136768253059,3.050059284076864969e+03
746.7873015449047,3.048994319243039172e+03
746.8608348022583,3.030889917068001978e+03
746.934460649653,3.039409635738607449e+03
747.0080507927156,3.030889917068001978e+03
747.0815940434294,3.030889917068001978e+03
747.1552131827909,3.012785514892964329e+03
747.2287630801482,3.018110339062093317e+03
747.3023777208953,3.014915444560615924e+03
747.3759007391845,3.007460690723835796e+03
747.4495220280663,2.981901534712018474e+03
747.5230740040879,2.990421253382624400e+03
747.5966125121065,2.984031464379670069e+03
747.6702213915038,2.985096429213495867e+03
747.7437608993716,2.988291323714972805e+03
747.8173763904779,2.970186921539935611e+03
747.8909168833824,2.952082519364898417e+03
747.9644718416794,2.945692730361944086e+03
748.0380188872018,2.952082519364898417e+03
748.111630768237,2.953147484198724214e+03
748.1851787691317,2.930783222688383830e+03
748.2587356337701,2.930783222688383830e+03
748.3322845630789,2.921198539183952562e+03
748.405875958131,2.912678820513346636e+03
748.4794258064913,2.896704348005961037e+03
748.5529901125466,2.924393433685429500e+03
748.626540858474,2.911613855679520839e+03
748.7000780320159,2.889249594169180909e+03
748.7736296540094,2.866885332658840980e+03
748.8471676901079,2.884989734833878174e+03
748.920776260387,2.879664910664749186e+03
748.994315154041,2.886054699667703517e+03
749.0678741021718,2.871145191994143715e+03
749.1414138274398,2.881794840332400781e+03
749.2149736068789,2.862625473323537790e+03
749.2885141477188,2.855170719486757662e+03
749.362046665244,2.845586035982326393e+03
749.4355374512597,2.834936387644069328e+03
749.5090988297237,2.818961915136683274e+03
749.5826465568359,2.810442196466077348e+03
749.656175000463,2.821091844804334869e+03
749.7297234916311,2.807247301964600410e+03
749.803286415846,2.796597653626343345e+03
749.8768356615918,2.804052407463123018e+03
749.9503205982728,2.801922477795471877e+03
750.0238705670453,2.793402759124865952e+03
750.0974068314757,2.767843603113048630e+03
750.170963144645,2.760388849276268502e+03
750.2444438267519,2.759323884442443159e+03
750.318000832892,2.748674236104185638e+03
750.3915384788514,2.748674236104185638e+03
750.4650398530696,2.745479341602708701e+03
750.5385837931271,2.741219482267405510e+03
750.6121083437756,2.728439904261496849e+03
750.6855965835151,2.716725291089413986e+03
750.7591555782365,2.706075642751156920e+03
750.8326444278694,2.724180044926194114e+03
750.9061758589805,2.696490959246725197e+03
750.9796652967866,2.693296064745248259e+03
751.053225528571,2.699685853748202589e+03
751.1267211857668,2.677321592237862205e+03
751.2002538005404,2.695425994412899854e+03
751.2737443726544,2.661347119730476606e+03
751.347283196831,2.686906275742293928e+03
751.4207743095347,2.651762436226045338e+03
751.4942572105898,2.653892365893696478e+03
751.567805321994,2.635787963718659284e+03
751.641288735935,2.637917893386310880e+03
751.7147865207419,2.612358737374493558e+03
751.7883269399143,2.626203280214228016e+03
751.8618252198199,2.618748526377447888e+03
751.9353096018531,2.604903983537713430e+03
752.0087800736492,2.616618596709796293e+03
752.082349748397,2.600644124202410694e+03
752.1558206716313,2.596384264867107504e+03
752.2293059510168,2.589994475864153173e+03
752.3028112503567,2.553785671514078786e+03
752.3762686487676,2.574020003356767575e+03
752.4497687028702,2.572955038522941777e+03
752.5232604672466,2.570825108855290182e+03
752.5967892449822,2.556980566015556178e+03
752.6702814069297,2.541006093508170125e+03
752.74378792351,2.554850636347904583e+03
752.8172521255437,2.544200988009647517e+03
752.890753342267,2.534616304505215794e+03
752.9642462347487,2.521836726499307133e+03
753.0377251232514,2.497342535321315609e+03
753.111218354199,2.514381972662527005e+03
753.1846408387155,2.494147640819838216e+03
753.2581116847355,2.506927218825746877e+03
753.331591190779,2.495212605653664014e+03
753.4050850339123,2.479238133146278415e+03
753.4785648318334,2.471783379309498287e+03
753.552064642568,2.462198695805067018e+03
753.6254879218887,2.494147640819838216e+03
753.698987997613,2.472848344143324084e+03
753.7724683210844,2.446224223297680965e+03
753.845940242228,2.455808906802112688e+03
753.9193696482735,2.477108203478626820e+03
753.9928702112186,2.443029328796204027e+03
754.0663566760842,2.441964363962378229e+03
754.1397721577508,2.455808906802112688e+03
754.2132588199502,2.431314715624120709e+03
754.286731357841,2.444094293630029370e+03
754.3601613060175,2.404690594778478044e+03
754.433662469434,2.420665067285863643e+03
754.5070697940439,2.424924926621166378e+03
754.580571120139,2.412145348615257717e+03
754.6540013426822,2.400430735443174854e+03
754.7274800348059,2.399365770609349056e+03
754.8009103674891,2.398300805775523713e+03
754.8743891803196,2.392975981606394726e+03
754.9478196065738,2.388716122271091990e+03
755.0212985235391,2.375936544265183329e+03
755.0947347284628,2.367416825594577858e+03
755.1681567061893,2.375936544265183329e+03
755.2416500027333,2.382326333268137660e+03
755.3150720303312,2.350377388253366007e+03
755.3884798044081,2.358897106923971933e+03
755.4619874570354,2.364221931093100466e+03
755.535395250506,2.338662775081283144e+03
755.6088173113466,2.323753267407722888e+03
755.6822593542736,2.319493408072420152e+03
755.7557385217809,2.345052564084237474e+03
755.8291520013627,2.326948161909200280e+03
755.9025740310907,2.342922634416585879e+03
755.9760160417866,2.338662775081283144e+03
756.0494380281855,2.326948161909200280e+03
756.122851408895,2.321623337740071747e+03
756.196279048058,2.316298513570943214e+03
756.2697209498288,2.326948161909200280e+03
756.3431485156143,2.318428443238594355e+03
756.4166132278519,2.313103619069465822e+03
756.490046430767,2.322688302573897545e+03
756.563402310791,2.314168583903291619e+03
756.6368296685728,2.296064181728254425e+03
756.710271280547,2.288609427891474297e+03
756.7836985147853,2.276894814719391434e+03
756.8571170870929,2.264115236713482773e+03
756.9305441765948,2.267310131214959711e+03
757.0039625924522,2.273699920217914041e+03
757.0773895204559,2.267310131214959711e+03
757.1508077630942,2.269440060882611306e+03
757.2241829078598,2.284349568556171562e+03
757.2975952154935,2.260920342212005380e+03
757.3710274951507,2.242815940036968186e+03
757.4444453309834,2.244945869704619781e+03
757.5178200187852,2.234296221366362715e+03
757.5912376210018,2.242815940036968186e+03
757.664669455667,2.244945869704619781e+03
757.7380294018718,2.219386713692802459e+03
757.8114609832415,2.239621045535491248e+03
757.884883822762,2.226841467529582587e+03
757.9582576961611,2.214061889523673926e+03
758.0316745087733,2.199152381850113670e+03
758.1050538201592,2.197022452182462075e+03
758.1784703328954,2.206607135686893798e+03
758.2518205742088,2.183177909342728071e+03
758.3252712680576,2.205542170853068001e+03
758.3986211596865,2.191697628013333542e+03
758.4720370175761,2.193827557680985137e+03
758.545415305501,2.171463296170645208e+03
758.6187790176235,2.179983014841250679e+03
758.692185702744,2.189567698345682402e+03
758.7655490229096,2.156553788497084952e+03
758.8389841161411,2.157618753330910749e+03
758.9123470329839,2.144839175325002088e+03
758.985729896929,2.151228964327956419e+03
759.0590923834825,2.137384421488221960e+03
759.1324978677417,2.152293929161782216e+03
759.2058656754364,2.153358893995607559e+03
759.2792419009955,2.145904140158827886e+03
759.3526092466964,2.120344984147010564e+03
759.4259619360007,2.125669808316139097e+03
759.4993807137987,2.112890230310230436e+03
759.5727617631621,2.128864702817616035e+03
759.6461281405926,2.111825265476404638e+03
759.7194798334775,2.125669808316139097e+03
759.79284569346,2.105435476473450308e+03
759.8662199506782,2.107565406141101903e+03
759.9395910557283,2.105435476473450308e+03
760.0129416740881,2.070291636957201717e+03
760.0863064536592,2.090525968799890052e+03
760.1596565064068,2.084136179796935721e+03
760.2330264969562,2.093720863301367444e+03
760.3064048714377,2.083071214963109924e+03
760.3797685035091,2.064966812788072730e+03
760.4531231634235,2.084136179796935721e+03
760.5264341378603,2.078811355627807188e+03
760.5997823891312,2.041537586443907003e+03
760.6731505760081,2.046862410613035536e+03
760.7465329185825,2.055382129283641461e+03
760.8198946901349,2.046862410613035536e+03
760.893195347572,2.037277727108604040e+03
760.9665564561759,2.039407656776255635e+03
761.039908545017,2.040472621610081205e+03
761.1132805694576,2.038342691942429838e+03
761.186574038077,2.031952902939475507e+03
761.2599395757078,2.023433184268869809e+03
761.3332612942629,2.012783535930612516e+03
761.4066319227295,2.005328782093832615e+03
761.4799819030882,2.003198852426181020e+03
761.5532938204132,2.011718571096786945e+03
761.6266430583955,1.991484239254098156e+03
761.6999542102297,1.993614168921749524e+03
761.7733026886444,1.976574731580538128e+03
761.8466130577877,1.973379837079060962e+03
761.9199955907541,1.989354309586446789e+03
761.9932761350078,1.964860118408455037e+03
762.0665998139598,1.980834590915840863e+03
762.1399666484456,1.957405364571675136e+03
762.2132604654904,1.945690751399592045e+03
762.2866264890819,1.962730188740803669e+03
762.3599194586624,1.937171032728986347e+03
762.4332265236651,1.949950610734895008e+03
762.5065244315081,1.943560821731940678e+03
762.5798887714861,1.940365927230463512e+03
762.653209066283,1.935041103061334979e+03
762.726491103933,1.928651314058380649e+03
762.7998163192037,1.924391454723077686e+03
762.8731789131846,1.916936700886297785e+03
762.9464741276457,1.916936700886297785e+03
763.0197834275534,1.907352017381866290e+03
763.0930777014148,1.905222087714214695e+03
763.1663802334256,1.911611876717169025e+03
763.2396735482423,1.899897263545086162e+03
763.312980942364,1.902027193212737529e+03
763.3863024198473,1.888182650373003298e+03
763.4595855263992,1.898832298711260364e+03
763.5329060235777,1.882857826203874538e+03
763.6062114503713,1.880727896536223170e+03
763.6795017940418,1.866883353696488712e+03
763.7528120409493,1.873273142699443042e+03
763.8261013583818,1.875403072367094637e+03
763.8994105781957,1.862623494361185976e+03
763.9727280347157,1.872208177865617472e+03
764.0459486507003,1.863688459195011546e+03
764.1192708849686,1.862623494361185976e+03
764.1925721540134,1.861558529527360179e+03
764.265864123763,1.838129303183194224e+03
764.339170153393,1.825349725177285791e+03
764.4124025979912,1.815765041672854295e+03
764.4857075207827,1.841324197684671390e+03
764.5590265043799,1.826414690011111361e+03
764.6322718534416,1.820024901008157030e+03
764.7055663242454,1.831739514180240121e+03
764.7788689989354,1.799790569165468469e+03
764.8520979783581,1.829609584512588526e+03
764.9254053449329,1.805115393334597002e+03
764.9986623906358,1.792335815328688341e+03
765.0719685894694,1.790205885661036973e+03
765.1451951672625,1.788075955993385378e+03
765.2185001752471,1.789140920827211175e+03
765.2917606634498,1.793400780162514138e+03
765.3650586119669,1.779556237322779680e+03
765.438288577042,1.792335815328688341e+03
765.5115911575078,1.776361342821302514e+03
765.5848491670143,1.787010991159559808e+03
765.6580918875516,1.767841624150696816e+03
765.7313779407682,1.758256940646265321e+03
765.8046193790093,1.775296377987476717e+03
765.8778806952203,1.756127010978613725e+03
765.9511794972256,1.753997081310962358e+03
766.0244043117671,1.763581764815393853e+03
766.0976489972652,1.752932116477136560e+03
766.1709018207467,1.756127010978613725e+03
766.2441451689594,1.745477362640356660e+03
766.31745537396,1.740152538471227899e+03
766.3906973785047,1.740152538471227899e+03
766.4639240114803,1.748672257141833825e+03
766.5371587632285,1.753997081310962358e+03
766.610413388223,1.752932116477136560e+03
766.6836526256157,1.740152538471227899e+03
766.7569058583788,1.734827714302099366e+03
766.8301436890999,1.731632819800622201e+03
766.9033661049401,1.732697784634447999e+03
766.9766319183701,1.736957643969750734e+03
767.049858779082,1.733762749468273796e+03
767.1230937389751,1.724178065963842300e+03
767.196342684586,1.715658347293236375e+03
767.2695820718163,1.717788276960887970e+03
767.3427706741372,1.709268558290282044e+03
767.4160085761127,1.697553945118199181e+03
767.4892545691928,1.691164156115244850e+03
767.5624909794419,1.709268558290282044e+03
767.6357413679548,1.711398487957933639e+03
767.7089173321764,1.700748839619676346e+03
767.7821603029794,1.700748839619676346e+03
767.8553936664732,1.670929824272556061e+03
767.928641001735,1.680514507776987557e+03
768.001843330076,1.657085281432821830e+03
768.0750596156819,1.683709402278464722e+03
768.1482662604737,1.676254648441684822e+03
768.2215104680862,1.660280175934298995e+03
768.2947391311019,1.685839331946116317e+03
768.3679227171707,1.648565562762215905e+03
768.441155676817,1.663475070435776161e+03
768.5143376298478,1.661345140768124566e+03
768.5875985030231,1.650695492429867500e+03
768.6607551772538,1.663475070435776161e+03
768.7340085126597,1.647500597928390334e+03
768.8071930624363,1.632591090254830306e+03
768.8803619892306,1.649630527596041702e+03
768.9535980606818,1.642175773759261574e+03
769.0267948587721,1.640045844091610206e+03
769.0999760176759,1.645370668260738739e+03
769.1732302685929,1.644305703426913169e+03
769.2464097142773,1.644305703426913169e+03
769.3195794118245,1.640045844091610206e+03
769.3928163071785,1.624071371584224380e+03
769.4660079399233,1.635785984756307244e+03
769.5391838897698,1.632591090254830306e+03
769.6123796819868,1.626201301251875975e+03
769.6855538548153,1.630461160587178711e+03
769.7587182425186,1.612356758412141517e+03
769.8319202468393,1.623006406750398810e+03
769.9051421026546,1.616616617747444479e+03
769.97834824532,1.619811512248921645e+03
770.0515030831361,1.614486688079792884e+03
770.1247074085248,1.608096899076838554e+03
770.1978663329771,1.624071371584224380e+03
770.2710688242653,1.611291793578315719e+03
770.3442258887268,1.609161863910664351e+03
770.4173671736539,1.607031934243012984e+03
770.4905282854356,1.607031934243012984e+03
770.5637270444658,1.589992496901801360e+03
770.6369100189285,1.585732637566498397e+03
770.7100771958651,1.572953059560589736e+03
770.7832642087253,1.582537743065021232e+03
770.856459180459,1.585732637566498397e+03
770.9295551317979,1.571888094726764166e+03
771.0027481693259,1.564433340889984038e+03
771.0759313239301,1.566563270557635406e+03
771.1490926926053,1.558043551887029707e+03
771.2222144154819,1.570823129892938368e+03
771.2954094963922,1.575082989228241331e+03
771.368588721728,1.536744255210515348e+03
771.4417223223901,1.547393903548772414e+03
771.5148995537488,1.553783692551726745e+03
771.5880013670636,1.532484395875212385e+03
771.6612063537742,1.535679290376689551e+03
771.734306117772,1.535679290376689551e+03
771.8074852581613,1.531419431041386815e+03
771.8806127402132,1.535679290376689551e+03
771.953783876625,1.533549360709038183e+03
772.0269152446992,1.516509923367826559e+03
772.1000843158894,1.495210626691312200e+03
772.1732135949969,1.516509923367826559e+03
772.2463209463975,1.526094606872258055e+03
772.3195077548475,1.507990204697220861e+03
