X,Y
534.0101317591491,1.507000000000000000e+03
534.0858154923093,1.495000000000000000e+03
534.1614989393564,1.489000000000000000e+03
534.2371827188268,1.502000000000000000e+03
534.3128661652567,1.500000000000000000e+03
534.3885498975031,1.522000000000000000e+03
534.4642333068265,1.511000000000000000e+03
534.5399780450128,1.514000000000000000e+03
534.6156616266504,1.522000000000000000e+03
534.6913452579174,1.526000000000000000e+03
534.7670287009721,1.534000000000000000e+03
534.8427124042446,1.535000000000000000e+03
534.9183960727204,1.528000000000000000e+03
534.9940796114086,1.555000000000000000e+03
535.0697633832956,1.545000000000000000e+03
535.1454468067278,1.556000000000000000e+03
535.221130445245,1.566000000000000000e+03
535.2968750369992,1.582000000000000000e+03
535.3725585229043,1.580000000000000000e+03
535.4482421968496,1.570000000000000000e+03
535.5239257631308,1.585000000000000000e+03
535.5996092125818,1.583000000000000000e+03
535.6752931099272,1.581000000000000000e+03
535.7509765853897,1.589000000000000000e+03
535.8266602037646,1.587000000000000000e+03
535.9023439561084,1.582000000000000000e+03
535.9780275462002,1.592000000000000000e+03
536.0537112521963,1.605000000000000000e+03
536.1293944902684,1.609000000000000000e+03
536.2050778259976,1.620000000000000000e+03
536.2807615380117,1.595000000000000000e+03
536.3564450422236,1.610000000000000000e+03
536.4321289049296,1.627000000000000000e+03
536.5078125417075,1.627000000000000000e+03
536.5834959433245,1.619000000000000000e+03
536.6591796765483,1.634000000000000000e+03
536.7348634445389,1.630000000000000000e+03
536.8105466619603,1.642000000000000000e+03
536.8862301840559,1.638000000000000000e+03
536.9619140020544,1.642000000000000000e+03
537.0375978187705,1.646000000000000000e+03
537.1132201766717,1.654000000000000000e+03
537.188903946424,1.665000000000000000e+03
537.2645876878013,1.664000000000000000e+03
537.3402711030283,1.670000000000000000e+03
537.4159547604477,1.668000000000000000e+03
537.4916380734585,1.667000000000000000e+03
537.5673216107183,1.669000000000000000e+03
537.6430053634106,1.690000000000000000e+03
537.7186890335724,1.676000000000000000e+03
537.794372612133,1.684000000000000000e+03
537.8699953361421,1.700000000000000000e+03
537.9456783977836,1.693000000000000000e+03
538.021362208817,1.691000000000000000e+03
538.0970458922386,1.706000000000000000e+03
538.1727294389524,1.701000000000000000e+03
538.2484128398571,1.712000000000000000e+03
538.3240966654321,1.695000000000000000e+03
538.3997191638312,1.717000000000000000e+03
538.4754029256472,1.717000000000000000e+03
538.5510865056854,1.720000000000000000e+03
538.6267701849378,1.741000000000000000e+03
538.7024536643171,1.726000000000000000e+03
538.7780762657804,1.743000000000000000e+03
538.8537598816796,1.742000000000000000e+03
538.9294432706045,1.750000000000000000e+03
539.005127004456,1.760000000000000000e+03
539.0808107839589,1.740000000000000000e+03
539.1564332646709,1.752000000000000000e+03
539.2321165099562,1.768000000000000000e+03
539.3078003555032,1.789000000000000000e+03
539.3834842110005,1.770000000000000000e+03
539.4591060810683,1.763000000000000000e+03
539.534789912255,1.785000000000000000e+03
539.6104737265628,1.787000000000000000e+03
539.6861575150391,1.798000000000000000e+03
539.7617795040509,1.804000000000000000e+03
539.8374631966658,1.801000000000000000e+03
539.9131474195725,1.815000000000000000e+03
539.9888304147614,1.810000000000000000e+03
540.0644529633364,1.816000000000000000e+03
540.1401366658797,1.817000000000000000e+03
540.2158202799441,1.815000000000000000e+03
540.2914433701576,1.827000000000000000e+03
540.3671264713553,1.817000000000000000e+03
540.4428103331512,1.824000000000000000e+03
540.5184327171496,1.809000000000000000e+03
540.5941163044432,1.822000000000000000e+03
540.6697994572272,1.841000000000000000e+03
540.745421930671,1.840000000000000000e+03
540.821105632202,1.836000000000000000e+03
540.8967891647902,1.849000000000000000e+03
540.972411647952,1.854000000000000000e+03
541.0480956767028,1.855000000000000000e+03
541.1237186043711,1.882000000000000000e+03
541.1994019229727,1.869000000000000000e+03
541.2750859066534,1.869000000000000000e+03
541.3507078321152,1.895000000000000000e+03
541.4263919308671,1.875000000000000000e+03
541.5020139190151,1.894000000000000000e+03
541.5776975109101,1.899000000000000000e+03
541.6533817245662,1.894000000000000000e+03
541.7290037489801,1.902000000000000000e+03
541.8046871086901,1.916000000000000000e+03
541.8803102816472,1.910000000000000000e+03
541.9559936322438,1.926000000000000000e+03
542.0316161571506,1.935000000000000000e+03
542.1072997568957,1.935000000000000000e+03
542.182921891493,1.933000000000000000e+03
542.2586057052214,1.950000000000000000e+03
542.3342282960375,1.946000000000000000e+03
542.4099119945816,1.970000000000000000e+03
542.4855953364454,1.958000000000000000e+03
542.561218260454,1.972000000000000000e+03
542.636840481542,1.968000000000000000e+03
542.7125244321167,1.974000000000000000e+03
542.7881467096405,1.983000000000000000e+03
542.8638304387697,1.974000000000000000e+03
542.9394533270257,1.988000000000000000e+03
543.0151370941302,2.005000000000000000e+03
543.0907590839746,2.018000000000000000e+03
543.1664425585407,1.998000000000000000e+03
543.242065384064,2.002000000000000000e+03
543.3177488258447,1.992000000000000000e+03
543.3933712718681,2.014000000000000000e+03
543.4689940969562,2.014000000000000000e+03
543.5446775625552,2.017000000000000000e+03
543.6203002505497,2.043000000000000000e+03
543.6959835951617,2.038000000000000000e+03
543.7716067020338,2.024000000000000000e+03
543.8472292575915,2.050000000000000000e+03
543.9229124939819,2.060000000000000000e+03
543.9985348240249,2.044000000000000000e+03
544.0742187390317,2.054000000000000000e+03
544.1498414005029,2.049000000000000000e+03
544.2254643542844,2.069000000000000000e+03
544.3011471408596,2.052000000000000000e+03
544.3767703738934,2.063000000000000000e+03
544.4523923913528,2.101000000000000000e+03
544.5280757472427,2.075000000000000000e+03
544.6036988807289,2.101000000000000000e+03
544.67932136464,2.105000000000000000e+03
544.7550046185858,2.080000000000000000e+03
544.8306272767223,2.112000000000000000e+03
544.9062501489861,2.112000000000000000e+03
544.9819341128931,2.120000000000000000e+03
545.0575562162575,2.135000000000000000e+03
545.1331788045511,2.122000000000000000e+03
545.2088012749358,2.129000000000000000e+03
545.2844848696172,2.144000000000000000e+03
545.3601076895079,2.161000000000000000e+03
545.43572947281,2.157000000000000000e+03
545.5113525905954,2.168000000000000000e+03
545.5870365682862,2.163000000000000000e+03
545.6626587757235,2.172000000000000000e+03
545.7382811014886,2.194000000000000000e+03
545.8139032390501,2.177000000000000000e+03
545.8895266695137,2.188000000000000000e+03
545.9652101066034,2.197000000000000000e+03
546.0408325382961,2.201000000000000000e+03
546.1164550450122,2.214000000000000000e+03
546.192077618109,2.218000000000000000e+03
546.2676999505306,2.225000000000000000e+03
546.3433835225351,2.239000000000000000e+03
546.4190059610715,2.247000000000000000e+03
546.4946284312066,2.248000000000000000e+03
546.5702518204907,2.257000000000000000e+03
546.6458743280662,2.239000000000000000e+03
546.7214965423211,2.243000000000000000e+03
546.7971190523004,2.262000000000000000e+03
546.8728022616718,2.253000000000000000e+03
546.9484253544907,2.257000000000000000e+03
547.0240475207671,2.259000000000000000e+03
547.0996702476461,2.288000000000000000e+03
547.1752923293161,2.275000000000000000e+03
547.2509149545047,2.268000000000000000e+03
547.3265384145596,2.272000000000000000e+03
547.4021609036118,2.287000000000000000e+03
547.4777839108516,2.285000000000000000e+03
547.5534062287874,2.287000000000000000e+03
547.6290290477787,2.291000000000000000e+03
547.7046508596815,2.290000000000000000e+03
547.7802734553864,2.298000000000000000e+03
547.8558968268902,2.289000000000000000e+03
547.9315795108378,2.335000000000000000e+03
548.0072023238916,2.327000000000000000e+03
548.0828240851819,2.335000000000000000e+03
548.158446588061,2.330000000000000000e+03
548.2340698245029,2.341000000000000000e+03
548.309691681972,2.348000000000000000e+03
548.3852538097661,2.345000000000000000e+03
548.4608773760027,2.347000000000000000e+03
548.536499536407,2.369000000000000000e+03
548.612122388014,2.367000000000000000e+03
548.68774411642,2.368000000000000000e+03
548.7633662177788,2.374000000000000000e+03
548.8389892862256,2.389000000000000000e+03
548.9146127113272,2.359000000000000000e+03
548.9902349778101,2.389000000000000000e+03
549.0658578849419,2.376000000000000000e+03
549.141479313746,2.380000000000000000e+03
549.2171016675064,2.402000000000000000e+03
549.2927243349359,2.415000000000000000e+03
549.3683479112998,2.414000000000000000e+03
549.4439089921315,2.401000000000000000e+03
549.5195316276067,2.420000000000000000e+03
549.5951530325656,2.424000000000000000e+03
549.6707765209143,2.421000000000000000e+03
549.7463990635691,2.415000000000000000e+03
549.822021860376,2.427000000000000000e+03
549.8976433910192,2.433000000000000000e+03
549.9732061764616,2.450000000000000000e+03
550.0488287607203,2.483000000000000000e+03
550.1244497492662,2.460000000000000000e+03
550.200073370286,2.475000000000000000e+03
550.2756953781283,2.485000000000000000e+03
550.3512570028997,2.487000000000000000e+03
550.4268799800959,2.486000000000000000e+03
550.5025031350328,2.487000000000000000e+03
550.5781252467448,2.495000000000000000e+03
550.6537475186851,2.512000000000000000e+03
550.7293092818632,2.516000000000000000e+03
550.8049324390782,2.494000000000000000e+03
550.8805542142017,2.535000000000000000e+03
550.9561764188561,2.531000000000000000e+03
551.0317377103687,2.522000000000000000e+03
551.1073604289286,2.562000000000000000e+03
551.1829838560429,2.544000000000000000e+03
551.2585441676853,2.563000000000000000e+03
551.3341680585975,2.557000000000000000e+03
551.4097905052907,2.572000000000000000e+03
551.4853518873565,2.554000000000000000e+03
551.560975050709,2.572000000000000000e+03
551.6365964383417,2.589000000000000000e+03
551.7121588156307,2.553000000000000000e+03
551.7877808687301,2.569000000000000000e+03
551.8634032503246,2.580000000000000000e+03
551.9389644155551,2.603000000000000000e+03
552.0145871077875,2.606000000000000000e+03
552.0902104083716,2.613000000000000000e+03
552.1657724172139,2.593000000000000000e+03
552.2413941487546,2.620000000000000000e+03
552.316956367426,2.614000000000000000e+03
552.3925786297606,2.624000000000000000e+03
552.4682011532487,2.617000000000000000e+03
552.543762258061,2.616000000000000000e+03
552.6193849567069,2.627000000000000000e+03
552.6949464916294,2.651000000000000000e+03
552.7705696373582,2.648000000000000000e+03
552.8461297353178,2.651000000000000000e+03
552.9217529886566,2.636000000000000000e+03
552.9973749156402,2.645000000000000000e+03
553.0729370817561,2.651000000000000000e+03
553.1485590650714,2.645000000000000000e+03
553.2241215439628,2.676000000000000000e+03
553.2997438559906,2.662000000000000000e+03
553.3753047769433,2.667000000000000000e+03
553.4509270774954,2.685000000000000000e+03
553.5264900812087,2.666000000000000000e+03
553.6020510419006,2.695000000000000000e+03
553.6776737137039,2.687000000000000000e+03
553.7532348683754,2.706000000000000000e+03
553.8288577510665,2.698000000000000000e+03
553.9044187594093,2.687000000000000000e+03
553.9800418193971,2.689000000000000000e+03
554.0556029544349,2.709000000000000000e+03
554.1312261581751,2.731000000000000000e+03
554.2067873863363,2.726000000000000000e+03
554.2823483327697,2.742000000000000000e+03
554.3579713732983,2.722000000000000000e+03
554.4335326694874,2.735000000000000000e+03
554.5090936584586,2.739000000000000000e+03
554.584716767065,2.756000000000000000e+03
554.6602777478835,2.763000000000000000e+03
554.7359005576258,2.761000000000000000e+03
554.811461496489,2.762000000000000000e+03
554.887024240689,2.773000000000000000e+03
554.9626469921724,2.767000000000000000e+03
555.0382074888055,2.767000000000000000e+03
555.1137700749202,2.790000000000000000e+03
555.1893923838069,2.829000000000000000e+03
555.2649526697769,2.800000000000000000e+03
555.3405147131978,2.830000000000000000e+03
555.4160766561847,2.819000000000000000e+03
555.4916986616038,2.826000000000000000e+03
555.567260086001,2.825000000000000000e+03
555.6428216930904,2.854000000000000000e+03
555.7183828569865,2.866000000000000000e+03
555.7940062770506,2.864000000000000000e+03
555.8695671633445,2.877000000000000000e+03
555.9451294349751,2.876000000000000000e+03
556.0206899931026,2.871000000000000000e+03
556.0963125320252,2.883000000000000000e+03
556.1718746003635,2.897000000000000000e+03
556.2474361661959,2.923000000000000000e+03
556.3229975302373,2.897000000000000000e+03
556.3985586839551,2.899000000000000000e+03
556.474121786456,2.922000000000000000e+03
556.5497428952771,2.927000000000000000e+03
556.6253049329307,2.927000000000000000e+03
556.7008670368431,2.919000000000000000e+03
556.7764288887112,2.942000000000000000e+03
556.8519901698909,2.949000000000000000e+03
556.9275511817332,2.926000000000000000e+03
557.0031119156688,2.955000000000000000e+03
557.0787350511337,2.954000000000000000e+03
557.1542970830619,2.977000000000000000e+03
557.2298585018557,2.966000000000000000e+03
557.3054199198536,2.970000000000000000e+03
557.3809810180427,2.996000000000000000e+03
557.4565433416152,2.971000000000000000e+03
557.5321034639713,3.001000000000000000e+03
557.6076654170306,2.982000000000000000e+03
557.6832285719311,2.989000000000000000e+03
557.758789499279,2.995000000000000000e+03
557.8343497448333,3.010000000000000000e+03
557.9099117898252,3.014000000000000000e+03
557.9854734479619,3.001000000000000000e+03
558.0610343991784,3.025000000000000000e+03
558.136597126716,3.022000000000000000e+03
558.212159130897,3.026000000000000000e+03
558.2877188443963,3.027000000000000000e+03
558.3632818688957,3.014000000000000000e+03
558.4388425854064,3.009000000000000000e+03
558.514404727009,3.011000000000000000e+03
558.5899664144215,3.024000000000000000e+03
558.6655273268674,3.047000000000000000e+03
558.7410880798027,3.024000000000000000e+03
558.8166499139063,3.047000000000000000e+03
558.8922112599597,3.033000000000000000e+03
558.967713057182,3.043000000000000000e+03
559.0432733851013,3.069000000000000000e+03
559.1188350745749,3.051000000000000000e+03
559.1943962422328,3.057000000000000000e+03
559.2699587560661,3.090000000000000000e+03
559.3455204188144,3.087000000000000000e+03
559.4210818474133,3.092000000000000000e+03
559.4965813652148,3.108000000000000000e+03
559.5721432228186,3.108000000000000000e+03
559.6477045081621,3.088000000000000000e+03
559.7232670922535,3.113000000000000000e+03
559.7988272073811,3.120000000000000000e+03
559.8743904855485,3.107000000000000000e+03
559.9498901362008,3.150000000000000000e+03
560.0254518646021,3.139000000000000000e+03
560.101013283851,3.139000000000000000e+03
560.1765737578455,3.153000000000000000e+03
560.2520742676722,3.176000000000000000e+03
560.3276375176861,3.178000000000000000e+03
560.403197913604,3.178000000000000000e+03
560.4787595286434,3.172000000000000000e+03
560.5542610824292,3.215000000000000000e+03
560.6298210114372,3.195000000000000000e+03
560.7053824499653,3.226000000000000000e+03
560.7808837538506,3.228000000000000000e+03
560.8564453427125,3.222000000000000000e+03
560.9320065306349,3.227000000000000000e+03
561.0075071957364,3.240000000000000000e+03
561.083068484358,3.246000000000000000e+03
561.1586309213625,3.265000000000000000e+03
561.2341311877121,3.254000000000000000e+03
561.3096921017152,3.251000000000000000e+03
561.38525414016,3.284000000000000000e+03
561.4607536176175,3.276000000000000000e+03
561.5363159739327,3.312000000000000000e+03
561.611815719338,3.296000000000000000e+03
561.6873783611869,3.313000000000000000e+03
561.7629398798018,3.315000000000000000e+03
561.8384390275503,3.301000000000000000e+03
561.9140001503621,3.299000000000000000e+03
561.9895023263028,3.298000000000000000e+03
562.0650627048851,3.314000000000000000e+03
562.14056440411,3.329000000000000000e+03
562.216124320646,3.330000000000000000e+03
562.2916255096501,3.362000000000000000e+03
562.3671880931936,3.347000000000000000e+03
562.4426887392855,3.351000000000000000e+03
562.5182476319993,3.361000000000000000e+03
562.5937508658709,3.360000000000000000e+03
562.6693123627057,3.344000000000000000e+03
562.74481182221,3.358000000000000000e+03
562.8203758929451,3.343000000000000000e+03
562.8958747095527,3.351000000000000000e+03
562.9714349860473,3.375000000000000000e+03
563.0469362954447,3.378000000000000000e+03
563.122495911675,3.391000000000000000e+03
563.1979996843967,3.390000000000000000e+03
563.2735014976146,3.381000000000000000e+03
563.3490616404131,3.387000000000000000e+03
563.4245626960928,3.403000000000000000e+03
563.5001252712681,3.419000000000000000e+03
563.5756223602802,3.398000000000000000e+03
563.651123796897,3.408000000000000000e+03
563.7266867782757,3.430000000000000000e+03
563.8021841965968,3.390000000000000000e+03
563.8776859417937,3.419000000000000000e+03
563.9532460765673,3.442000000000000000e+03
564.028750113478,3.423000000000000000e+03
564.1042489134966,3.434000000000000000e+03
564.1798093070488,3.434000000000000000e+03
564.2553103495502,3.446000000000000000e+03
564.3308093096751,3.460000000000000000e+03
564.406309363184,3.449000000000000000e+03
564.4818710443967,3.458000000000000000e+03
564.5573732791687,3.478000000000000000e+03
564.6328733975147,3.485000000000000000e+03
564.7083745785875,3.491000000000000000e+03
564.7839342316926,3.477000000000000000e+03
564.8594343411578,3.525000000000000000e+03
564.9349354898865,3.512000000000000000e+03
565.0104344782485,3.527000000000000000e+03
565.0859376828606,3.517000000000000000e+03
565.1614993982859,3.537000000000000000e+03
565.2370014509892,3.531000000000000000e+03
565.3125013091181,3.514000000000000000e+03
565.3880021594653,3.524000000000000000e+03
565.4635007972533,3.529000000000000000e+03
565.539003609317,3.537000000000000000e+03
565.6145009933294,3.528000000000000000e+03
565.6900633380124,3.546000000000000000e+03
565.7655626510617,3.544000000000000000e+03
565.8410629091292,3.551000000000000000e+03
565.9165641049021,3.567000000000000000e+03
565.9920662310642,3.599000000000000000e+03
566.0675660759697,3.632000000000000000e+03
566.1430668349094,3.654000000000000000e+03
566.218565294519,3.651000000000000000e+03
566.2940678586797,3.679000000000000000e+03
566.3695681071296,3.679000000000000000e+03
566.4450692385612,3.691000000000000000e+03
566.5205680361734,3.715000000000000000e+03
566.5960709106712,3.696000000000000000e+03
566.6715682237672,3.707000000000000000e+03
566.7470728110585,3.707000000000000000e+03
566.8225718188038,3.736000000000000000e+03
566.8980716619694,3.740000000000000000e+03
566.9735723331842,3.722000000000000000e+03
567.0490738250725,3.735000000000000000e+03
567.124576130255,3.725000000000000000e+03
567.2000728070295,3.744000000000000000e+03
567.2755767149324,3.737000000000000000e+03
567.3510749762214,3.740000000000000000e+03
567.4265740178183,3.745000000000000000e+03
567.5020158617796,3.766000000000000000e+03
567.5775164263603,3.757000000000000000e+03
567.6530145267328,3.756000000000000000e+03
567.7285165992258,3.757000000000000000e+03
567.8040161909661,3.745000000000000000e+03
567.8795165168312,3.741000000000000000e+03
567.9550143436667,3.757000000000000000e+03
568.030454809503,3.762000000000000000e+03
568.1059572760166,3.771000000000000000e+03
568.1814572186239,3.748000000000000000e+03
568.2569578564685,3.760000000000000000e+03
568.3324591821038,3.777000000000000000e+03
568.4078998014397,3.781000000000000000e+03
568.4833960005236,3.771000000000000000e+03
568.5588993267824,3.784000000000000000e+03
568.6344000775514,3.748000000000000000e+03
568.7098400252225,3.758000000000000000e+03
568.7853420497555,3.780000000000000000e+03
568.8608382360627,3.755000000000000000e+03
568.9363415190523,3.741000000000000000e+03
569.0117774282729,3.815000000000000000e+03
569.0872819234564,3.800000000000000000e+03
569.1627805435954,3.792000000000000000e+03
569.2382214308882,3.815000000000000000e+03
569.3137212139475,3.773000000000000000e+03
569.3892215749459,3.794000000000000000e+03
569.4646608912675,3.795000000000000000e+03
569.540159125513,3.816000000000000000e+03
569.6156611580557,3.809000000000000000e+03
569.6910988288769,3.813000000000000000e+03
569.7666019324384,3.837000000000000000e+03
569.8420406248207,3.833000000000000000e+03
569.9175415212134,3.841000000000000000e+03
569.9929779552226,3.839000000000000000e+03
570.0684831086841,3.827000000000000000e+03
570.1439790128743,3.867000000000000000e+03
570.2194233829667,3.875000000000000000e+03
570.2949202456999,3.879000000000000000e+03
570.3703622784494,3.881000000000000000e+03
570.445860068619,3.923000000000000000e+03
570.5213029843966,3.916000000000000000e+03
570.5968016717245,3.934000000000000000e+03
570.6722421835592,3.914000000000000000e+03
570.7477417368721,3.936000000000000000e+03
570.8231798101211,3.921000000000000000e+03
570.8986801982124,3.955000000000000000e+03
570.9741190583125,3.965000000000000000e+03
571.0495615532302,3.975000000000000000e+03
571.1250598673524,3.963000000000000000e+03
571.2004998425258,3.985000000000000000e+03
571.2759989128315,3.995000000000000000e+03
571.3514395979222,3.991000000000000000e+03
571.4268806187823,3.969000000000000000e+03
571.502380758473,4.016000000000000000e+03
571.5778191764954,4.001000000000000000e+03
571.6533199952911,4.034000000000000000e+03
571.7287590443648,4.019000000000000000e+03
571.8041983893075,4.032000000000000000e+03
571.8797001612785,4.038000000000000000e+03
571.9551400914053,4.018000000000000000e+03
572.0305770222557,4.011000000000000000e+03
572.1060796776984,4.057000000000000000e+03
572.1815171452012,4.058000000000000000e+03
572.2569581356788,4.040000000000000000e+03
572.3323960927605,4.070000000000000000e+03
572.407896536331,4.087000000000000000e+03
572.4833382452001,4.081000000000000000e+03
572.5587768950401,4.078000000000000000e+03
572.6342157546687,4.099000000000000000e+03
572.7097171357055,4.067000000000000000e+03
572.7851564082451,4.073000000000000000e+03
572.860595867482,4.099000000000000000e+03
572.9360355057098,4.065000000000000000e+03
573.0114753152181,4.107000000000000000e+03
573.0869120040069,4.100000000000000000e+03
573.1624145499371,4.110000000000000000e+03
573.2378548425522,4.121000000000000000e+03
573.3132919886866,4.082000000000000000e+03
573.3887358412536,4.105000000000000000e+03
573.4641732432628,4.106000000000000000e+03
573.5396140502145,4.097000000000000000e+03
573.6150516762765,4.093000000000000000e+03
573.6904894023135,4.092000000000000000e+03
573.765930512647,4.113000000000000000e+03
573.841430982091,4.109000000000000000e+03
573.9168689788429,4.096000000000000000e+03
573.992307044541,4.103000000000000000e+03
574.0677484669548,4.088000000000000000e+03
574.143186648103,4.077000000000000000e+03
574.2186281721514,4.107000000000000000e+03
574.2940664376455,4.093000000000000000e+03
574.369504733205,4.119000000000000000e+03
574.4449463509113,4.119000000000000000e+03
574.5203846840986,4.102000000000000000e+03
574.5958263255775,4.118000000000000000e+03
574.6712646652065,4.118000000000000000e+03
574.7467062992555,4.109000000000000000e+03
574.8220818342194,4.143000000000000000e+03
574.8975201080523,4.144000000000000000e+03
574.972958349526,4.121000000000000000e+03
575.0484031644328,4.144000000000000000e+03
575.123841319456,4.165000000000000000e+03
575.1992794186443,4.153000000000000000e+03
575.2747207635744,4.153000000000000000e+03
575.3501587284561,4.171000000000000000e+03
575.4255966139904,4.153000000000000000e+03
575.5009781080917,4.189000000000000000e+03
575.5764191095092,4.191000000000000000e+03
575.6518566960136,4.156000000000000000e+03
575.7272974863798,4.213000000000000000e+03
575.802734844376,4.193000000000000000e+03
575.878112381472,4.202000000000000000e+03
575.9535527802104,4.204000000000000000e+03
576.0289897203602,4.215000000000000000e+03
576.1044298293617,4.240000000000000000e+03
576.1798100251303,4.225000000000000000e+03
576.2552497980854,4.218000000000000000e+03
576.3306893990058,4.240000000000000000e+03
576.406128819997,4.261000000000000000e+03
576.4815049102774,4.278000000000000000e+03
576.5569472553619,4.264000000000000000e+03
576.6323827484481,4.269000000000000000e+03
576.7077614876248,4.302000000000000000e+03
576.7832031849985,4.292000000000000000e+03
576.8586413290665,4.308000000000000000e+03
576.9340193243025,4.332000000000000000e+03
577.0094636329511,4.328000000000000000e+03
577.0848377582512,4.303000000000000000e+03
577.16027821416,4.327000000000000000e+03
577.2357184047618,4.309000000000000000e+03
577.3110949973668,4.355000000000000000e+03
577.386537950721,4.331000000000000000e+03
577.4619139242055,4.333000000000000000e+03
577.537352941864,4.340000000000000000e+03
577.6127949908184,4.349000000000000000e+03
577.6881733209865,4.374000000000000000e+03
577.7636080466142,4.385000000000000000e+03
577.8389923568332,4.341000000000000000e+03
577.9144297398194,4.354000000000000000e+03
577.9898066448662,4.392000000000000000e+03
578.0652466558962,4.384000000000000000e+03
578.1406261433702,4.337000000000000000e+03
578.2160052322953,4.378000000000000000e+03
578.2914441104416,4.378000000000000000e+03
578.3668223939513,4.381000000000000000e+03
578.4422604820693,4.384000000000000000e+03
578.5176379281295,4.408000000000000000e+03
578.5930785418759,4.397000000000000000e+03
578.6684551192922,4.399000000000000000e+03
578.7438345915076,4.379000000000000000e+03
578.8192739085011,4.408000000000000000e+03
578.8946558177184,4.395000000000000000e+03
578.9700305475527,4.395000000000000000e+03
579.0454684963836,4.386000000000000000e+03
579.1208523226036,4.397000000000000000e+03
579.1962255871266,4.421000000000000000e+03
579.2716688073882,4.394000000000000000e+03
579.3470477731651,4.405000000000000000e+03
579.422426215372,4.385000000000000000e+03
579.4978645731351,4.391000000000000000e+03
579.5732419597228,4.413000000000000000e+03
579.6486187985292,4.437000000000000000e+03
579.7239984422739,4.410000000000000000e+03
579.7994413956197,4.404000000000000000e+03
579.8748165609454,4.405000000000000000e+03
579.9501978729944,4.433000000000000000e+03
580.0255752360272,4.408000000000000000e+03
580.1009520044923,4.394000000000000000e+03
580.1763315363321,4.375000000000000000e+03
580.2517676967962,4.417000000000000000e+03
580.3271460173379,4.407000000000000000e+03
580.4025270812958,4.423000000000000000e+03
580.4779075136299,4.443000000000000000e+03
580.5532839357954,4.402000000000000000e+03
580.6286630796322,4.429000000000000000e+03
580.7040415674625,4.400000000000000000e+03
580.7794193911507,4.411000000000000000e+03
580.8548606471003,4.397000000000000000e+03
580.93023713472,4.468000000000000000e+03
581.0056129337681,4.412000000000000000e+03
581.0809947891954,4.420000000000000000e+03
581.1563725658202,4.453000000000000000e+03
581.2317496311581,4.452000000000000000e+03
581.3071293562248,4.445000000000000000e+03
581.3825049753692,4.464000000000000000e+03
581.4578866205884,4.473000000000000000e+03
581.5332675253469,4.481000000000000000e+03
581.6086442987792,4.481000000000000000e+03
581.6840203136338,4.482000000000000000e+03
581.759402330603,4.487000000000000000e+03
581.8347192551039,4.503000000000000000e+03
581.9100963181176,4.510000000000000000e+03
581.9854725915296,4.505000000000000000e+03
582.0608514550846,4.530000000000000000e+03
582.1362295143807,4.519000000000000000e+03
582.2116067612063,4.518000000000000000e+03
582.2869865779265,4.538000000000000000e+03
582.3623655674955,4.529000000000000000e+03
582.4376826596256,4.538000000000000000e+03
582.5130633476253,4.558000000000000000e+03
582.5884397914516,4.585000000000000000e+03
582.663815375205,4.561000000000000000e+03
582.7391968823445,4.582000000000000000e+03
582.8145741197121,4.605000000000000000e+03
582.8898961123252,4.592000000000000000e+03
582.9652715612834,4.611000000000000000e+03
583.040649510047,4.598000000000000000e+03
583.1160265527496,4.596000000000000000e+03
583.1913482631782,4.610000000000000000e+03
583.2667234548948,4.613000000000000000e+03
583.3421045215043,4.629000000000000000e+03
583.4174199810626,4.612000000000000000e+03
583.4927957467897,4.624000000000000000e+03
583.5681773696024,4.669000000000000000e+03
583.6434933121396,4.625000000000000000e+03
583.7188729925016,4.637000000000000000e+03
583.7942482893968,4.642000000000000000e+03
583.8695680563296,4.634000000000000000e+03
583.9449481799317,4.644000000000000000e+03
584.0202659107239,4.648000000000000000e+03
584.0956440132398,4.633000000000000000e+03
584.1710211006637,4.658000000000000000e+03
584.2463391362261,4.669000000000000000e+03
584.3217175678463,4.670000000000000000e+03
584.397036902774,4.646000000000000000e+03
584.4724098183955,4.666000000000000000e+03
584.547730422869,4.654000000000000000e+03
584.6231080391428,4.647000000000000000e+03
584.6984264672309,4.664000000000000000e+03
584.7738053399806,4.667000000000000000e+03
584.8491181386739,4.662000000000000000e+03
584.9244982380097,4.658000000000000000e+03
584.999819059336,4.654000000000000000e+03
585.075196935735,4.664000000000000000e+03
585.1505120634026,4.664000000000000000e+03
585.2258328842156,4.641000000000000000e+03
585.3012073559288,4.658000000000000000e+03
585.3765258594744,4.650000000000000000e+03
585.4519014529151,4.644000000000000000e+03
585.5272210349477,4.666000000000000000e+03
585.6025394236891,4.655000000000000000e+03
585.6779183540843,4.662000000000000000e+03
585.7532343469177,4.664000000000000000e+03
585.8285525531982,4.645000000000000000e+03
585.903931325335,4.674000000000000000e+03
585.9792470887818,4.657000000000000000e+03
586.0545650448402,4.655000000000000000e+03
586.129943590941,4.662000000000000000e+03
586.2052590571699,4.664000000000000000e+03
586.2805801323906,4.651000000000000000e+03
586.3558964990681,4.684000000000000000e+03
586.4312734874165,4.672000000000000000e+03
586.5065907402152,4.658000000000000000e+03
586.581910138055,4.677000000000000000e+03
586.6572282334675,4.674000000000000000e+03
586.7325450179966,4.692000000000000000e+03
586.8078604831817,4.673000000000000000e+03
586.8832400626194,4.688000000000000000e+03
586.9585563257202,4.708000000000000000e+03
587.0338746919296,4.686000000000000000e+03
587.1091917084522,4.693000000000000000e+03
587.1845073668081,4.692000000000000000e+03
587.2598251072543,4.708000000000000000e+03
587.3351414743306,4.734000000000000000e+03
587.4104599100556,4.706000000000000000e+03
587.4857769571927,4.716000000000000000e+03
587.561154748295,4.723000000000000000e+03
587.6364724618505,4.748000000000000000e+03
587.7117956711814,4.780000000000000000e+03
587.7871070984039,4.752000000000000000e+03
587.8624274619677,4.744000000000000000e+03
587.9377429344911,4.767000000000000000e+03
588.0130604199811,4.768000000000000000e+03
588.0883799125671,4.784000000000000000e+03
588.1636356784406,4.801000000000000000e+03
588.238955690508,4.794000000000000000e+03
588.3142673068548,4.825000000000000000e+03
588.3895878237362,4.822000000000000000e+03
588.4649033889435,4.841000000000000000e+03
588.5402209188585,4.842000000000000000e+03
588.6155404075857,4.827000000000000000e+03
588.690858383657,4.850000000000000000e+03
588.7661713720535,4.842000000000000000e+03
588.8414897635765,4.840000000000000000e+03
588.9167476586122,4.871000000000000000e+03
588.9920664224305,4.854000000000000000e+03
589.0673836342858,4.872000000000000000e+03
589.1426992855957,4.885000000000000000e+03
589.218016839552,4.886000000000000000e+03
589.2932737822392,4.845000000000000000e+03
589.3685916341684,4.880000000000000000e+03
589.4439113691725,4.879000000000000000e+03
589.5192260306546,4.911000000000000000e+03
589.5944834640918,4.906000000000000000e+03
589.6698018398133,4.867000000000000000e+03
589.7451151152937,4.902000000000000000e+03
589.8203745749156,4.878000000000000000e+03
589.8956915227002,4.896000000000000000e+03
589.9710103048042,4.905000000000000000e+03
590.0462647658838,4.882000000000000000e+03
590.1215802169737,4.908000000000000000e+03
590.1969009642476,4.910000000000000000e+03
590.2721573201462,4.887000000000000000e+03
590.3474712065699,4.924000000000000000e+03
590.4227276225253,4.901000000000000000e+03
590.4980485574569,4.887000000000000000e+03
590.5733642980202,4.902000000000000000e+03
590.6486190143539,4.882000000000000000e+03
590.7239382761438,4.931000000000000000e+03
590.7991929792477,4.897000000000000000e+03
590.8745122460406,4.895000000000000000e+03
590.949766906547,4.904000000000000000e+03
591.0250861489686,4.900000000000000000e+03
591.1003407374803,4.879000000000000000e+03
591.1756599261265,4.880000000000000000e+03
591.2509179089925,4.836000000000000000e+03
591.3262300219859,4.884000000000000000e+03
591.4014878748632,4.914000000000000000e+03
591.4767473940146,4.897000000000000000e+03
591.5520645628086,4.859000000000000000e+03
591.6273204101701,4.882000000000000000e+03
591.7026374211463,4.910000000000000000e+03
591.7778930647432,4.899000000000000000e+03
591.8531503390309,4.895000000000000000e+03
591.9284652986332,4.893000000000000000e+03
592.0037223256917,4.879000000000000000e+03
592.078980963471,4.862000000000000000e+03
592.1542973093693,4.893000000000000000e+03
592.2295556572795,4.874000000000000000e+03
592.3048120876588,4.881000000000000000e+03
592.3800630826099,4.887000000000000000e+03
592.4553858514331,4.902000000000000000e+03
592.5306400045375,4.874000000000000000e+03
592.605895718667,4.903000000000000000e+03
592.6811529877263,4.914000000000000000e+03
592.7564680232479,4.883000000000000000e+03
592.8317248836482,4.885000000000000000e+03
592.9069797635018,4.929000000000000000e+03
592.9822361703012,4.892000000000000000e+03
593.0574940979332,4.931000000000000000e+03
593.1327535402811,4.920000000000000000e+03
593.2080707945502,4.918000000000000000e+03
593.2833262225523,4.945000000000000000e+03
593.3585831433304,4.959000000000000000e+03
593.4338380291163,4.932000000000000000e+03
593.5090943936262,4.954000000000000000e+03
593.5843487072985,4.944000000000000000e+03
593.659608009946,4.968000000000000000e+03
593.7348652476825,4.958000000000000000e+03
593.8101204116787,4.948000000000000000e+03
593.8853734931009,4.986000000000000000e+03
593.9606350667892,4.954000000000000000e+03
594.0358874880162,4.985000000000000000e+03
594.1111448612946,4.990000000000000000e+03
594.1864036525659,5.007000000000000000e+03
594.261656792722,4.992000000000000000e+03
594.3369113349503,5.016000000000000000e+03
594.412170806332,5.022000000000000000e+03
594.4874246009118,5.022000000000000000e+03
594.5626833122808,5.013000000000000000e+03
594.6379398650504,5.011000000000000000e+03
594.713137660945,5.007000000000000000e+03
594.7883898555625,5.038000000000000000e+03
594.8636469421946,5.020000000000000000e+03
594.9389018382798,5.028000000000000000e+03
595.0141616157636,5.037000000000000000e+03
595.089419188496,5.062000000000000000e+03
595.1646107878064,5.038000000000000000e+03
595.2398674513149,5.055000000000000000e+03
595.3151254291543,5.036000000000000000e+03
595.3903847151016,5.063000000000000000e+03
595.4656382113445,5.053000000000000000e+03
595.5408327059386,5.015000000000000000e+03
595.6160887648438,5.050000000000000000e+03
595.6913461033438,5.057000000000000000e+03
595.766537277015,5.072000000000000000e+03
595.8417935886669,5.052000000000000000e+03
595.9170511593863,5.061000000000000000e+03
595.9922460456994,5.045000000000000000e+03
596.0675025466851,5.050000000000000000e+03
596.1427638400409,5.056000000000000000e+03
596.2179588270185,5.064000000000000000e+03
596.2932154538282,5.052000000000000000e+03
596.3684092805976,5.074000000000000000e+03
596.4436647633602,5.076000000000000000e+03
596.5189214496943,5.067000000000000000e+03
596.5941188261428,5.035000000000000000e+03
596.66937432537,5.037000000000000000e+03
596.7445669087822,5.050000000000000000e+03
596.8198211894645,5.075000000000000000e+03
596.8950196332996,5.068000000000000000e+03
596.970276230399,5.044000000000000000e+03
597.0454733846776,5.071000000000000000e+03
597.1207287065554,5.045000000000000000e+03
597.1959245406573,5.049000000000000000e+03
597.2711821240141,5.032000000000000000e+03
597.346376608188,5.017000000000000000e+03
597.4215686134714,5.041000000000000000e+03
597.4968295313251,5.032000000000000000e+03
597.5720201406484,5.040000000000000000e+03
597.6472761104219,5.019000000000000000e+03
597.7224724376053,5.058000000000000000e+03
597.7976698215576,5.016000000000000000e+03
597.8729290227747,5.043000000000000000e+03
597.9481177902557,5.022000000000000000e+03
598.0233111663857,5.041000000000000000e+03
598.0985055702889,5.017000000000000000e+03
598.1737618236143,5.033000000000000000e+03
598.2489618582954,5.018000000000000000e+03
598.3241593235456,5.039000000000000000e+03
598.3994115033879,5.040000000000000000e+03
598.474610980403,5.053000000000000000e+03
598.5498078643709,5.018000000000000000e+03
598.6250021462114,5.034000000000000000e+03
598.7001974012594,5.057000000000000000e+03
598.7754509882492,5.042000000000000000e+03
598.8506481849574,5.031000000000000000e+03
598.9258427485826,5.028000000000000000e+03
599.0010346700252,5.037000000000000000e+03
599.0762311180282,5.041000000000000000e+03
599.1514249092414,5.047000000000000000e+03
599.2266232160047,5.029000000000000000e+03
599.3018152597305,5.040000000000000000e+03
599.377015398708,5.061000000000000000e+03
599.4522092582096,5.040000000000000000e+03
599.5274004207358,5.061000000000000000e+03
599.6026571865846,5.067000000000000000e+03
599.6778573294381,5.058000000000000000e+03
599.75305475513,5.077000000000000000e+03
599.8281846916185,5.072000000000000000e+03
599.9033838370023,5.054000000000000000e+03
599.9785766416528,5.057000000000000000e+03
600.053770295001,5.101000000000000000e+03
600.1289683921447,5.097000000000000000e+03
600.2041637244379,5.074000000000000000e+03
600.2793526793631,5.081000000000000000e+03
600.3545532663233,5.089000000000000000e+03
600.4297438560275,5.121000000000000000e+03
600.5049460702534,5.081000000000000000e+03
600.5801418758335,5.108000000000000000e+03
600.6552771428559,5.111000000000000000e+03
600.7304709082258,5.113000000000000000e+03
600.8056618443525,5.119000000000000000e+03
600.8808607737748,5.138000000000000000e+03
600.9560532494999,5.107000000000000000e+03
601.0311922986062,5.119000000000000000e+03
601.1063862725979,5.122000000000000000e+03
601.1815809927549,5.138000000000000000e+03
601.2567764525755,5.135000000000000000e+03
601.3319147895378,5.121000000000000000e+03
601.4071044608863,5.137000000000000000e+03
601.4823020843723,5.153000000000000000e+03
601.5574316659164,5.132000000000000000e+03
601.6326270733168,5.136000000000000000e+03
601.7078304205318,5.142000000000000000e+03
601.7829620350541,5.147000000000000000e+03
601.8581486377003,5.162000000000000000e+03
601.933346783807,5.158000000000000000e+03
602.0084839921338,5.167000000000000000e+03
602.083676211499,5.171000000000000000e+03
602.1588146975101,5.159000000000000000e+03
602.2340082086174,5.168000000000000000e+03
602.3091406905852,5.145000000000000000e+03
602.3843354654153,5.164000000000000000e+03
602.4594691672044,5.157000000000000000e+03
602.5346651795211,5.144000000000000000e+03
602.6098000748738,5.164000000000000000e+03
602.6850009307062,5.173000000000000000e+03
602.7601297278479,5.173000000000000000e+03
602.835324501311,5.151000000000000000e+03
602.9104617030976,5.157000000000000000e+03
602.9856576324572,5.172000000000000000e+03
603.0607923111419,5.124000000000000000e+03
603.1359238900089,5.141000000000000000e+03
603.2111214938288,5.161000000000000000e+03
603.286257780958,5.139000000000000000e+03
603.3613873052992,5.129000000000000000e+03
603.4365865232959,5.122000000000000000e+03
603.5117170740094,5.142000000000000000e+03
603.5868590488889,5.119000000000000000e+03
603.662052534344,5.148000000000000000e+03
603.7371845673017,5.179000000000000000e+03
603.81231707505,5.151000000000000000e+03
603.887453697761,5.138000000000000000e+03
603.9626491471525,5.133000000000000000e+03
604.0377794072089,5.126000000000000000e+03
604.1129174127565,5.122000000000000000e+03
604.1880449104403,5.123000000000000000e+03
604.2631837934832,5.127000000000000000e+03
604.3383778903907,5.140000000000000000e+03
604.4135103343683,5.120000000000000000e+03
604.4886504996763,5.129000000000000000e+03
604.563783765211,5.116000000000000000e+03
604.638917430624,5.123000000000000000e+03
604.7140551460399,5.112000000000000000e+03
604.7891822767169,5.092000000000000000e+03
604.8643171008456,5.129000000000000000e+03
604.9394559576849,5.142000000000000000e+03
605.0145842015769,5.111000000000000000e+03
605.0897237856702,5.139000000000000000e+03
605.1648564002364,5.123000000000000000e+03
605.2399856962843,5.130000000000000000e+03
605.3151189925194,5.139000000000000000e+03
605.3902636149207,5.100000000000000000e+03
605.4653975696758,5.129000000000000000e+03
605.5405318422726,5.130000000000000000e+03
605.6156590905977,5.144000000000000000e+03
605.6907939769335,5.135000000000000000e+03
605.7659328305035,5.158000000000000000e+03
605.8410609655854,5.154000000000000000e+03
605.9162003953313,5.151000000000000000e+03
605.9913290876823,5.144000000000000000e+03
606.0664066228989,5.152000000000000000e+03
606.1415395042012,5.145000000000000000e+03
606.2166799910092,5.151000000000000000e+03
606.2918133784608,5.160000000000000000e+03
606.3669470079659,5.165000000000000000e+03
606.4420183515472,5.198000000000000000e+03
606.5171524294295,5.164000000000000000e+03
606.5922867291196,5.147000000000000000e+03
606.6674138829553,5.158000000000000000e+03
606.7424897023321,5.159000000000000000e+03
606.8176282927667,5.184000000000000000e+03
606.892763396603,5.199000000000000000e+03
606.967832374639,5.182000000000000000e+03
607.0429715162923,5.190000000000000000e+03
607.1181034623711,5.207000000000000000e+03
607.1931802717572,5.224000000000000000e+03
607.2683125290589,5.186000000000000000e+03
607.3433822314132,5.198000000000000000e+03
607.4185147709629,5.201000000000000000e+03
607.4936474492058,5.197000000000000000e+03
607.568728579775,5.199000000000000000e+03
607.6438651945415,5.179000000000000000e+03
607.7189354514061,5.219000000000000000e+03
607.7940648948955,5.205000000000000000e+03
607.8691390154966,5.217000000000000000e+03
607.9442760360965,5.205000000000000000e+03
608.0193503026833,5.177000000000000000e+03
608.0944763933102,5.191000000000000000e+03
608.1695544745533,5.215000000000000000e+03
608.2446288993489,5.215000000000000000e+03
608.3197588665847,5.222000000000000000e+03
608.3948370686987,5.198000000000000000e+03
608.4699671264611,5.196000000000000000e+03
608.5450453798318,5.223000000000000000e+03
608.6201162337966,5.164000000000000000e+03
608.6952500728952,5.231000000000000000e+03
608.7703283444799,5.181000000000000000e+03
608.8453991906096,5.217000000000000000e+03
608.9205330479303,5.215000000000000000e+03
608.9956038584991,5.186000000000000000e+03
609.0706746332155,5.186000000000000000e+03
609.1457490757923,5.194000000000000000e+03
609.2208828546053,5.220000000000000000e+03
609.2959572093966,5.190000000000000000e+03
609.3710315026567,5.209000000000000000e+03
609.4461020132543,5.198000000000000000e+03
609.5211761618758,5.191000000000000000e+03
609.596313401595,5.163000000000000000e+03
609.6713911114757,5.179000000000000000e+03
609.7464575734725,5.191000000000000000e+03
609.8215313665582,5.189000000000000000e+03
609.8966087695813,5.211000000000000000e+03
609.9716823370709,5.247000000000000000e+03
610.0467520593664,5.185000000000000000e+03
610.1218253717766,5.186000000000000000e+03
610.1969022701301,5.180000000000000000e+03
610.2719715772956,5.184000000000000000e+03
610.3470481817901,5.193000000000000000e+03
610.4221171775756,5.162000000000000000e+03
610.497197187561,5.198000000000000000e+03
610.57226584515,5.161000000000000000e+03
610.6473343218574,5.204000000000000000e+03
610.7224138001953,5.201000000000000000e+03
610.797485627792,5.208000000000000000e+03
610.8725535238477,5.176000000000000000e+03
610.9476324089377,5.178000000000000000e+03
611.0227036169238,5.192000000000000000e+03
611.0977746041515,5.168000000000000000e+03
611.1727930691471,5.196000000000000000e+03
611.2478635811165,5.221000000000000000e+03
611.322933851425,5.220000000000000000e+03
611.3980076111742,5.228000000000000000e+03
611.4730885951344,5.187000000000000000e+03
611.5480945237883,5.218000000000000000e+03
611.6231674865746,5.218000000000000000e+03
611.6982401746329,5.202000000000000000e+03
611.7733125809731,5.182000000000000000e+03
611.8483322884233,5.230000000000000000e+03
611.9234040974807,5.200000000000000000e+03
611.9984756038272,5.210000000000000000e+03
612.0734868590204,5.213000000000000000e+03
612.1485577242255,5.217000000000000000e+03
612.2236320138743,5.178000000000000000e+03
612.29864223997,5.190000000000000000e+03
612.3737158491524,5.193000000000000000e+03
612.4487891153859,5.201000000000000000e+03
612.5238057538297,5.257000000000000000e+03
612.5988820520686,5.221000000000000000e+03
612.6738904216345,5.195000000000000000e+03
612.7489659718954,5.251000000000000000e+03
612.823973546304,5.219000000000000000e+03
612.8990483204313,5.236000000000000000e+03
612.9740588288777,5.239000000000000000e+03
613.0491327996091,5.227000000000000000e+03
613.1241424592772,5.189000000000000000e+03
613.1992155984035,5.225000000000000000e+03
613.2742356642218,5.231000000000000000e+03
613.3493004223218,5.247000000000000000e+03
613.4243195893181,5.259000000000000000e+03
613.4993307631479,5.227000000000000000e+03
613.5744016964444,5.261000000000000000e+03
613.649411925334,5.235000000000000000e+03
613.7244216637683,5.256000000000000000e+03
613.7994949521243,5.264000000000000000e+03
613.8745150092991,5.263000000000000000e+03
613.9495232522579,5.245000000000000000e+03
614.0245988411093,5.268000000000000000e+03
614.0996098270987,5.249000000000000000e+03
614.1746165098081,5.250000000000000000e+03
614.249637744498,5.241000000000000000e+03
614.3247112746017,5.253000000000000000e+03
614.3997201107526,5.272000000000000000e+03
614.4747283872863,5.260000000000000000e+03
614.5497436505112,5.257000000000000000e+03
614.6247545659288,5.263000000000000000e+03
614.6997724593214,5.255000000000000000e+03
614.7748464623442,5.258000000000000000e+03
614.849851856068,5.262000000000000000e+03
614.9248717727137,5.266000000000000000e+03
614.9998797404727,5.239000000000000000e+03
615.074887093413,5.265000000000000000e+03
615.1499013925762,5.260000000000000000e+03
615.2249112812997,5.271000000000000000e+03
615.2999281074821,5.232000000000000000e+03
615.37494429578,5.261000000000000000e+03
615.4499484756757,5.273000000000000000e+03
615.5249671526651,5.269000000000000000e+03
615.5999700135978,5.283000000000000000e+03
615.674987364677,5.289000000000000000e+03
615.7500040438919,5.255000000000000000e+03
615.8250086668538,5.249000000000000000e+03
615.9000239780391,5.263000000000000000e+03
615.9750385958242,5.263000000000000000e+03
616.0499879950269,5.227000000000000000e+03
616.125001188739,5.264000000000000000e+03
616.2000136674831,5.249000000000000000e+03
616.2750254240636,5.256000000000000000e+03
616.3500402501554,5.241000000000000000e+03
616.424989744965,5.223000000000000000e+03
616.4999992779765,5.231000000000000000e+03
616.5750118616551,5.241000000000000000e+03
616.6500236889908,5.223000000000000000e+03
616.7249700933148,5.207000000000000000e+03
616.7999917838531,5.217000000000000000e+03
616.8750012859002,5.221000000000000000e+03
616.9500138089951,5.240000000000000000e+03
617.0249684335095,5.215000000000000000e+03
617.0999755461561,5.257000000000000000e+03
617.1749323342385,5.250000000000000000e+03
617.2499416237376,5.234000000000000000e+03
617.3249500936826,5.239000000000000000e+03
617.3999005594274,5.254000000000000000e+03
617.4749187928894,5.213000000000000000e+03
617.5498713580679,5.253000000000000000e+03
617.6248764532221,5.224000000000000000e+03
617.6998272751239,5.244000000000000000e+03
617.774842087781,5.221000000000000000e+03
617.8497949575078,5.241000000000000000e+03
617.9248080184943,5.237000000000000000e+03
617.9997552731191,5.245000000000000000e+03
618.0747703725801,5.252000000000000000e+03
618.1497196214651,5.236000000000000000e+03
618.2247329138257,5.233000000000000000e+03
618.2996803095217,5.258000000000000000e+03
618.3746344075533,5.221000000000000000e+03
618.4496449285776,5.276000000000000000e+03
618.5246009609511,5.243000000000000000e+03
618.5996134313992,5.241000000000000000e+03
618.6745560641473,5.218000000000000000e+03
618.7495092005038,5.233000000000000000e+03
618.8244613531926,5.228000000000000000e+03
618.8994699703757,5.242000000000000000e+03
618.9744239789885,5.266000000000000000e+03
619.0493731516125,5.260000000000000000e+03
619.1243251444364,5.273000000000000000e+03
619.1993412981616,5.242000000000000000e+03
619.2742912625894,5.230000000000000000e+03
619.3492401939288,5.258000000000000000e+03
619.4241957585679,5.254000000000000000e+03
619.49914644136,5.272000000000000000e+03
619.574092232174,5.261000000000000000e+03
619.6491060742194,5.257000000000000000e+03
619.7240612712098,5.245000000000000000e+03
619.7990153966044,5.276000000000000000e+03
619.8739607581703,5.251000000000000000e+03
619.9489127164364,5.280000000000000000e+03
620.0238674253178,5.273000000000000000e+03
620.0988171897836,5.281000000000000000e+03
620.1737696919839,5.262000000000000000e+03
620.2487210802482,5.257000000000000000e+03
620.3236713471981,5.279000000000000000e+03
620.3986204854525,5.247000000000000000e+03
620.4735684876265,5.262000000000000000e+03
620.5485268987461,5.266000000000000000e+03
620.6234726093822,5.256000000000000000e+03
620.6983632244552,5.286000000000000000e+03
620.7733181589438,5.238000000000000000e+03
620.8482642169087,5.294000000000000000e+03
620.9232206626439,5.255000000000000000e+03
620.9981720715697,5.264000000000000000e+03
621.0731261481193,5.283000000000000000e+03
621.1480095809419,5.276000000000000000e+03
621.2229612428204,5.279000000000000000e+03
621.297911694613,5.248000000000000000e+03
621.3728609288961,5.250000000000000000e+03
621.4477548706138,5.268000000000000000e+03
621.5227016345505,5.297000000000000000e+03
621.5976587501937,5.259000000000000000e+03
621.6726030298828,5.271000000000000000e+03
621.7474919350946,5.305000000000000000e+03
621.8224452848259,5.257000000000000000e+03
621.8974012381406,5.271000000000000000e+03
621.9722862889673,5.270000000000000000e+03
622.0472396789139,5.265000000000000000e+03
622.1221337289863,5.283000000000000000e+03
622.1970845285309,5.235000000000000000e+03
622.2719759453078,5.272000000000000000e+03
622.3469241245926,5.246000000000000000e+03
622.4218128781972,5.275000000000000000e+03
622.4967622823602,5.226000000000000000e+03
622.5716599716851,5.260000000000000000e+03
622.6466028245032,5.262000000000000000e+03
622.7215016770383,5.284000000000000000e+03
622.7964418235973,5.264000000000000000e+03
622.871337934366,5.260000000000000000e+03
622.9462869865647,5.231000000000000000e+03
623.0211803283856,5.272000000000000000e+03
623.0960722679492,5.249000000000000000e+03
623.171021049062,5.241000000000000000e+03
623.2459101755901,5.227000000000000000e+03
623.3208017626214,5.258000000000000000e+03
623.395754098775,5.263000000000000000e+03
623.4706428323591,5.237000000000000000e+03
623.5455262323782,5.245000000000000000e+03
623.620478179971,5.267000000000000000e+03
623.6953742393713,5.247000000000000000e+03
623.770264945422,5.252000000000000000e+03
623.8451580714401,5.237000000000000000e+03
623.9200497199279,5.238000000000000000e+03
623.9949943951041,5.250000000000000000e+03
624.0698830789871,5.261000000000000000e+03
624.1447780538391,5.266000000000000000e+03
624.2196676282117,5.244000000000000000e+03
624.294551791745,5.244000000000000000e+03
624.3694461275634,5.268000000000000000e+03
624.4443389386003,5.274000000000000000e+03
624.5192302172907,5.235000000000000000e+03
624.594119956067,5.230000000000000000e+03
624.6690081473579,5.262000000000000000e+03
624.7438986866382,5.266000000000000000e+03
624.8187876651521,5.251000000000000000e+03
624.8936828851607,5.228000000000000000e+03
624.9685648154103,5.246000000000000000e+03
625.0434607874414,5.245000000000000000e+03
625.118343450791,5.240000000000000000e+03
625.1932323327678,5.257000000000000000e+03
625.2681235217902,5.242000000000000000e+03
625.3430131025287,5.275000000000000000e+03
625.4179088903309,5.264000000000000000e+03
625.4927952335612,5.272000000000000000e+03
625.5676916857351,5.223000000000000000e+03
625.6425199619503,5.248000000000000000e+03
625.7174131243843,5.267000000000000000e+03
625.7922928900053,5.287000000000000000e+03
625.8671827453387,5.259000000000000000e+03
625.9420160846083,5.264000000000000000e+03
626.0169025920226,5.243000000000000000e+03
626.0917991803195,5.236000000000000000e+03
626.1666862460672,5.249000000000000000e+03
626.2415206363681,5.254000000000000000e+03
626.3164042977897,5.242000000000000000e+03
626.3912940989977,5.239000000000000000e+03
626.4661272443966,5.287000000000000000e+03
626.5410175274903,5.241000000000000000e+03
626.615847188603,5.236000000000000000e+03
626.690730072822,5.244000000000000000e+03
626.7656269283852,5.217000000000000000e+03
626.840451314513,5.263000000000000000e+03
626.9153446610744,5.253000000000000000e+03
626.9901772825715,5.237000000000000000e+03
627.0650670922585,5.236000000000000000e+03
627.139896133363,5.250000000000000000e+03
627.2147823754598,5.263000000000000000e+03
627.2896117403598,5.269000000000000000e+03
627.3644353471379,5.249000000000000000e+03
627.439327984495,5.254000000000000000e+03
627.5141636877709,5.228000000000000000e+03
627.5890526928466,5.243000000000000000e+03
627.663880782514,5.246000000000000000e+03
627.7387109557335,5.254000000000000000e+03
627.8135983885963,5.237000000000000000e+03
627.888432727397,5.219000000000000000e+03
627.9632573049314,5.281000000000000000e+03
628.0380918294328,5.240000000000000000e+03
628.112979699485,5.242000000000000000e+03
628.1878104532764,5.257000000000000000e+03
628.2626393035407,5.276000000000000000e+03
628.3374662425448,5.242000000000000000e+03
628.4123504978592,5.253000000000000000e+03
628.4871815051602,5.251000000000000000e+03
628.5620145326476,5.256000000000000000e+03
628.63683771987,5.277000000000000000e+03
628.7116668645676,5.240000000000000000e+03
628.7864940571845,5.234000000000000000e+03
628.861331153962,5.287000000000000000e+03
628.936154421971,5.238000000000000000e+03
629.0110469324966,5.257000000000000000e+03
629.0858781314407,5.214000000000000000e+03
629.1607073451441,5.261000000000000000e+03
629.2355385252092,5.248000000000000000e+03
629.3103637460557,5.255000000000000000e+03
629.3851909195948,5.254000000000000000e+03
629.4599566456909,5.280000000000000000e+03
629.5347876946724,5.246000000000000000e+03
629.6096206814701,5.272000000000000000e+03
629.6844476710704,5.245000000000000000e+03
629.7592765847875,5.247000000000000000e+03
629.8341034507418,5.252000000000000000e+03
629.9089361968385,5.250000000000000000e+03
629.9837668833397,5.248000000000000000e+03
630.0585319866323,5.243000000000000000e+03
630.1333585154333,5.263000000000000000e+03
630.2081869328323,5.237000000000000000e+03
630.2830212064096,5.274000000000000000e+03
630.357845439965,5.270000000000000000e+03
630.4326198754851,5.287000000000000000e+03
630.5074438560955,5.294000000000000000e+03
630.5822696946797,5.281000000000000000e+03
630.6570417042689,5.261000000000000000e+03
630.731875208807,5.286000000000000000e+03
630.8066986206805,5.258000000000000000e+03
630.8814721252387,5.298000000000000000e+03
630.9562952071166,5.260000000000000000e+03
631.0310643632178,5.289000000000000000e+03
631.105891071369,5.284000000000000000e+03
631.180727559518,5.300000000000000000e+03
631.2554901467649,5.288000000000000000e+03
631.3303222623172,5.269000000000000000e+03
631.405096374139,5.300000000000000000e+03
631.4799240894147,5.295000000000000000e+03
631.5546897701579,5.292000000000000000e+03
631.6295170422857,5.276000000000000000e+03
631.7042902186802,5.289000000000000000e+03
631.7790531605395,5.276000000000000000e+03
631.8538817097726,5.298000000000000000e+03
631.92864811987,5.302000000000000000e+03
632.0034761631966,5.321000000000000000e+03
632.0782500155915,5.313000000000000000e+03
632.1530135902073,5.294000000000000000e+03
632.2278428187498,5.315000000000000000e+03
632.302613801501,5.291000000000000000e+03
632.3773784779866,5.284000000000000000e+03
632.4521448373721,5.326000000000000000e+03
632.5269768890333,5.291000000000000000e+03
632.6017506159666,5.293000000000000000e+03
632.676510001269,5.305000000000000000e+03
632.7512790509523,5.301000000000000000e+03
632.8260537609164,5.284000000000000000e+03
632.9008781908929,5.316000000000000000e+03
632.9756481987458,5.327000000000000000e+03
633.0504118299601,5.283000000000000000e+03
633.1251770907054,5.304000000000000000e+03
633.1999560041435,5.287000000000000000e+03
633.2747205011095,5.266000000000000000e+03
633.3494906217101,5.302000000000000000e+03
633.424254326886,5.309000000000000000e+03
633.4990196322598,5.313000000000000000e+03
633.5737865327139,5.260000000000000000e+03
633.648563053338,5.326000000000000000e+03
633.7233250983792,5.273000000000000000e+03
633.7980967533418,5.287000000000000000e+03
633.8728659649396,5.275000000000000000e+03
633.9476287063017,5.315000000000000000e+03
634.0223970261379,5.279000000000000000e+03
634.0971669013632,5.300000000000000000e+03
634.1719383268377,5.329000000000000000e+03
634.2466469344034,5.290000000000000000e+03
634.3214133824966,5.317000000000000000e+03
634.3961773370226,5.321000000000000000e+03
634.4709508665852,5.304000000000000000e+03
634.5457098128275,5.318000000000000000e+03
634.6204179123285,5.279000000000000000e+03
634.6951838891794,5.303000000000000000e+03
634.7699594261242,5.292000000000000000e+03
634.8446639181344,5.286000000000000000e+03
634.9194303392767,5.312000000000000000e+03
634.9941982444507,5.290000000000000000e+03
635.0689071315994,5.272000000000000000e+03
635.1436779750669,5.298000000000000000e+03
635.2184422169859,5.285000000000000000e+03
635.2931514147849,5.287000000000000000e+03
635.3679185572572,5.308000000000000000e+03
635.4426225428958,5.285000000000000000e+03
635.5173966020865,5.308000000000000000e+03
635.5920953462391,5.345000000000000000e+03
635.6668641820465,5.301000000000000000e+03
635.7415738192077,5.333000000000000000e+03
635.8163454884761,5.325000000000000000e+03
635.8910498330289,5.311000000000000000e+03
635.965820268507,5.351000000000000000e+03
636.040527380104,5.291000000000000000e+03
636.1152925097643,5.330000000000000000e+03
636.1900064130152,5.325000000000000000e+03
636.264705482508,5.311000000000000000e+03
636.3394747364619,5.322000000000000000e+03
636.4141805605591,5.330000000000000000e+03
636.4888958251801,5.303000000000000000e+03
636.5636569999903,5.336000000000000000e+03
636.638366837131,5.353000000000000000e+03
636.713077996721,5.341000000000000000e+03
636.7877823635431,5.350000000000000000e+03
636.8624839825806,5.340000000000000000e+03
636.9372558697529,5.353000000000000000e+03
637.0119641595608,5.302000000000000000e+03
637.0866696829735,5.277000000000000000e+03
637.1613724318777,5.281000000000000000e+03
637.2360845802513,5.275000000000000000e+03
637.3107939435926,5.280000000000000000e+03
637.3855005137792,5.289000000000000000e+03
637.4602652360181,5.309000000000000000e+03
637.5349702743098,5.330000000000000000e+03
637.609680627888,5.372000000000000000e+03
637.684388161506,5.391000000000000000e+03
637.7590928670257,5.418000000000000000e+03
637.8338028729448,5.355000000000000000e+03
637.9085059690191,5.372000000000000000e+03
637.9832143549187,5.413000000000000000e+03
638.0578588181736,5.380000000000000000e+03
638.1325736880859,5.381000000000000000e+03
638.2072734731871,5.389000000000000000e+03
638.2819826009681,5.397000000000000000e+03
638.3566888468711,5.413000000000000000e+03
638.4313922027295,5.410000000000000000e+03
638.5061048910752,5.420000000000000000e+03
638.5807535109456,5.417000000000000000e+03
638.6554603754779,5.444000000000000000e+03
638.7301643229926,5.411000000000000000e+03
638.8048735067408,5.462000000000000000e+03
638.8795144541899,5.421000000000000000e+03
638.9542177553427,5.436000000000000000e+03
639.0289344448668,5.470000000000000000e+03
639.1035746662708,5.467000000000000000e+03
639.1782854374011,5.405000000000000000e+03
639.2529891591856,5.440000000000000000e+03
639.3276367717727,5.468000000000000000e+03
639.4023467919625,5.482000000000000000e+03
639.4770538284506,5.461000000000000000e+03
639.5516924287989,5.447000000000000000e+03
639.6264057316112,5.465000000000000000e+03
639.7010464648362,5.451000000000000000e+03
639.7757578310734,5.458000000000000000e+03
639.8504047688706,5.484000000000000000e+03
639.9251059831907,5.466000000000000000e+03
639.9997591060155,5.482000000000000000e+03
640.0744050670974,5.472000000000000000e+03
640.1491135197724,5.477000000000000000e+03
640.2237574368812,5.483000000000000000e+03
640.2984556619596,5.460000000000000000e+03
640.3731057074891,5.492000000000000000e+03
640.4477526527309,5.449000000000000000e+03
640.5224621324655,5.496000000000000000e+03
640.5971028676591,5.471000000000000000e+03
640.671752791596,5.501000000000000000e+03
640.7463954823808,5.515000000000000000e+03
640.8211089526874,5.515000000000000000e+03
640.895749484344,5.497000000000000000e+03
640.9703950804545,5.518000000000000000e+03
641.0450416290943,5.509000000000000000e+03
641.1197548903732,5.481000000000000000e+03
641.1943910092469,5.510000000000000000e+03
641.2690403954497,5.493000000000000000e+03
641.3436948257445,5.539000000000000000e+03
641.418333726709,5.555000000000000000e+03
641.4929817722232,5.509000000000000000e+03
641.567626614336,5.530000000000000000e+03
641.6422723617926,5.539000000000000000e+03
641.7169231271671,5.544000000000000000e+03
641.7915706699706,5.489000000000000000e+03
641.8662149818913,5.568000000000000000e+03
641.9408560546143,5.566000000000000000e+03
642.0155062453381,5.556000000000000000e+03
642.0901531859752,5.573000000000000000e+03
642.1647968682013,5.562000000000000000e+03
642.239437283689,5.562000000000000000e+03
642.3140868011292,5.562000000000000000e+03
642.3887289142871,5.580000000000000000e+03
642.4633223360346,5.554000000000000000e+03
642.5379619830452,5.581000000000000000e+03
642.6126107159151,5.580000000000000000e+03
642.6872561435255,5.595000000000000000e+03
642.7619065203844,5.587000000000000000e+03
642.8364833285272,5.593000000000000000e+03
642.9111311778188,5.591000000000000000e+03
642.985783962808,5.610000000000000000e+03
643.0603631108244,5.619000000000000000e+03
643.135009196252,5.608000000000000000e+03
643.209656064696,5.597000000000000000e+03
643.2842457766144,5.612000000000000000e+03
643.3588859029596,5.613000000000000000e+03
643.4335309320675,5.616000000000000000e+03
643.5081228869376,5.642000000000000000e+03
643.5827611323161,5.632000000000000000e+03
643.6573504065863,5.635000000000000000e+03
643.7319942673752,5.654000000000000000e+03
643.8065766902959,5.654000000000000000e+03
643.8812220015031,5.671000000000000000e+03
643.9558099817795,5.677000000000000000e+03
644.0304608700544,5.691000000000000000e+03
644.1050419452306,5.698000000000000000e+03
644.1796278469061,5.677000000000000000e+03
644.2542725306924,5.718000000000000000e+03
644.3288597867236,5.750000000000000000e+03
644.4034393997881,5.693000000000000000e+03
644.478081968412,5.715000000000000000e+03
644.5526753593308,5.731000000000000000e+03
644.627252775928,5.731000000000000000e+03
644.7019014856205,5.750000000000000000e+03
644.7764926535398,5.791000000000000000e+03
644.8510719753529,5.778000000000000000e+03
644.9256560740118,5.809000000000000000e+03
645.0003031903943,5.764000000000000000e+03
645.0748926869838,5.813000000000000000e+03
645.1494703017615,5.809000000000000000e+03
645.2240651624862,5.821000000000000000e+03
645.2986439623119,5.806000000000000000e+03
645.3732358395787,5.849000000000000000e+03
645.4478199672328,5.863000000000000000e+03
645.5224005009125,5.867000000000000000e+03
645.596981600104,5.897000000000000000e+03
645.6715674281425,5.899000000000000000e+03
645.7461496425705,5.928000000000000000e+03
645.8207407474433,5.880000000000000000e+03
645.895328227528,5.935000000000000000e+03
645.9699120743411,5.934000000000000000e+03
646.0444922793964,5.929000000000000000e+03
646.1190771836012,5.936000000000000000e+03
646.1936626085833,5.964000000000000000e+03
646.2682443721119,5.968000000000000000e+03
646.3428308208696,5.981000000000000000e+03
646.4174177735846,6.005000000000000000e+03
646.4919383523458,6.040000000000000000e+03
646.5665262807054,6.064000000000000000e+03
646.6411146961769,6.047000000000000000e+03
646.7156952283162,6.051000000000000000e+03
646.7902260319503,6.055000000000000000e+03
646.864811675247,6.086000000000000000e+03
646.9393935959221,6.081000000000000000e+03
647.0139131776634,6.095000000000000000e+03
647.0885001757083,6.109000000000000000e+03
647.1630834313339,6.109000000000000000e+03
647.2376126660181,6.154000000000000000e+03
647.3121967798731,6.136000000000000000e+03
647.3867813206517,6.156000000000000000e+03
647.4613034017796,6.157000000000000000e+03
647.5358887649725,6.210000000000000000e+03
647.6104116282444,6.211000000000000000e+03
647.6849935962756,6.213000000000000000e+03
647.7595214140151,6.231000000000000000e+03
647.8341041572728,6.255000000000000000e+03
647.9086327137967,6.281000000000000000e+03
647.9831490284671,6.272000000000000000e+03
648.0577370826742,6.287000000000000000e+03
648.1322666966365,6.317000000000000000e+03
648.2068428671124,6.300000000000000000e+03
648.281368958504,6.352000000000000000e+03
648.3558953741831,6.371000000000000000e+03
648.4304851777703,6.376000000000000000e+03
648.5050080338709,6.365000000000000000e+03
648.5795311952579,6.399000000000000000e+03
648.6540546562356,6.409000000000000000e+03
648.7286415384275,6.424000000000000000e+03
648.8031613865388,6.421000000000000000e+03
648.877689936051,6.474000000000000000e+03
648.9522145528916,6.484000000000000000e+03
649.0267310160931,6.468000000000000000e+03
649.1013193673095,6.499000000000000000e+03
649.175844792816,6.500000000000000000e+03
649.250366256996,6.519000000000000000e+03
649.3248921836831,6.558000000000000000e+03
649.3994141356663,6.540000000000000000e+03
649.4739363224811,6.606000000000000000e+03
649.5484629575313,6.611000000000000000e+03
649.6229855977908,6.633000000000000000e+03
649.6975042346218,6.628000000000000000e+03
649.7720315254938,6.665000000000000000e+03
649.8465548014631,6.656000000000000000e+03
649.921082501831,6.728000000000000000e+03
649.9956103988171,6.731000000000000000e+03
650.0700708720927,6.733000000000000000e+03
650.1445906758098,6.758000000000000000e+03
650.2191148828695,6.730000000000000000e+03
650.2936392616062,6.763000000000000000e+03
650.3681680360504,6.812000000000000000e+03
650.4426927418366,6.819000000000000000e+03
650.5171541261292,6.799000000000000000e+03
650.5916706550105,6.858000000000000000e+03
650.6661957902058,6.880000000000000000e+03
650.740666012245,6.884000000000000000e+03
650.815182932034,6.910000000000000000e+03
650.8897084466328,6.939000000000000000e+03
650.964178992923,6.939000000000000000e+03
651.0386962516251,6.962000000000000000e+03
651.1132178541268,7.006000000000000000e+03
651.1876886716447,7.022000000000000000e+03
651.2622019747984,7.057000000000000000e+03
651.3366644542174,7.051000000000000000e+03
651.4111948833951,7.113000000000000000e+03
651.4856574843718,7.111000000000000000e+03
651.5601838092566,7.155000000000000000e+03
651.6346380150544,7.138000000000000000e+03
651.7091644528816,7.177000000000000000e+03
651.7836357198714,7.190000000000000000e+03
651.8581537529072,7.211000000000000000e+03
651.9326165743445,7.245000000000000000e+03
652.0070751540826,7.291000000000000000e+03
652.0816017691477,7.297000000000000000e+03
652.156064615008,7.350000000000000000e+03
652.2305317068713,7.339000000000000000e+03
652.3049860217482,7.390000000000000000e+03
652.3795211768377,7.364000000000000000e+03
652.4539797141078,7.411000000000000000e+03
652.5284424759848,7.452000000000000000e+03
652.6029009417302,7.458000000000000000e+03
652.6774317803844,7.519000000000000000e+03
652.7518944276276,7.556000000000000000e+03
652.8263527582819,7.594000000000000000e+03
652.900819551962,7.600000000000000000e+03
652.9752820173449,7.657000000000000000e+03
653.0497486751349,7.646000000000000000e+03
653.1242024595398,7.720000000000000000e+03
653.198673222737,7.725000000000000000e+03
653.2731310969292,7.762000000000000000e+03
653.3475931420147,7.823000000000000000e+03
653.4220636246453,7.805000000000000000e+03
653.4965169213231,7.823000000000000000e+03
653.570978643795,7.826000000000000000e+03
653.6454487920213,7.894000000000000000e+03
653.7199145454692,7.871000000000000000e+03
653.7943758953342,7.935000000000000000e+03
653.8688328328077,7.956000000000000000e+03
653.9432939019151,7.955000000000000000e+03
653.9927330350457,8.058607703114877040e+03
654.0177034935903,8.010000000000000000e+03
654.0673848929049,8.062008437832747404e+03
654.0921599692895,8.070000000000000000e+03
654.1419639360352,8.090347893815005591e+03
654.1666291205352,8.101000000000000000e+03
654.2166156285444,8.085813580857844499e+03
654.2410895486252,8.125000000000000000e+03
654.2911987423258,8.156095431693844148e+03
654.3658416830104,8.171965527043908878e+03
654.4404288467964,8.183301309436811607e+03
654.5150758549863,8.225243704290553069e+03
654.5897184695584,8.263785364426425076e+03
654.664305251433,8.250182425554939982e+03
654.7389476142009,8.302327024562295264e+03
654.8135383948625,8.298926289844424900e+03
654.888184771955,8.390746127226941098e+03
654.9627666643294,8.395280440184102190e+03
655.0373526739268,8.386211814269778188e+03
655.1119985900768,8.422486317927068740e+03
655.1865885451579,8.493901747002359116e+03
655.2612255432555,8.499569638198810935e+03
655.3358194230502,8.529042672420358940e+03
655.4104603574718,8.555114971924036581e+03
655.4850452543039,8.615194618606423319e+03
655.5596986994234,8.638999761631519505e+03
655.634274582699,8.627663979238617685e+03
655.7088674352764,8.684342891203132240e+03
655.7835073665872,8.751224007321261524e+03
655.8580911670134,8.788632089217842804e+03
655.9327392618014,8.751224007321261524e+03
656.0073268888157,8.882719083078938638e+03
656.0819099586474,8.850978892378809178e+03
656.1565530436084,8.884986239557520094e+03
656.2311355998527,8.935997260325582829e+03
656.3057308056235,8.983607546375777019e+03
656.3803688222278,8.991542594050808475e+03
656.454954867795,8.991542594050808475e+03
656.5295449351327,9.070893070801132126e+03
656.6041821341065,9.068625914322550670e+03
656.6787759333997,9.127571982765646680e+03
656.7533564903902,9.144575656355002138e+03
656.8279410471957,9.206922459515970331e+03
656.9025856984958,9.226193289583905425e+03
656.9771696261503,9.256799902044744158e+03
657.0517532233856,9.322547439923582715e+03
657.1264055746188,9.346352582948678901e+03
657.2009928278474,9.390562134281000908e+03
657.2755710944062,9.421168746741839641e+03
657.3501576467798,9.442706733288356190e+03
657.4247438407015,9.478981236945646742e+03
657.4993858698668,9.519790053560098386e+03
657.573971341612,9.598006952071129490e+03
657.6485607618943,9.607075577985451673e+03
657.7231498016442,9.636548612207001497e+03
657.7977341278665,9.701162571846549326e+03
657.87237432304,9.765776531486097156e+03
657.9469621958759,9.765776531486097156e+03
658.0215410042488,9.783913783314741522e+03
658.0961280598617,9.837191960561387532e+03
658.1707146988002,9.816787552254161710e+03
658.2453009150308,9.889336559568740995e+03
658.3198867025178,1.000042722701919229e+04
658.3945327428875,1.003556815243719211e+04
658.4691220043352,1.005370540426583830e+04
658.5437021472852,1.006617476489803084e+04
658.6182818353581,1.008771275144454739e+04
658.69286974003,1.015459386756267668e+04
658.767461521399,1.019880341889499869e+04
658.8420354727173,1.022827645311654669e+04
658.9166306515345,1.031329482106332034e+04
658.9912079822875,1.032236344697764434e+04
659.0657935091809,1.039264529781364399e+04
659.140382887388,1.047426293104254546e+04
659.2149717681472,1.048333155695686946e+04
659.289551452134,1.050600312174267492e+04
659.3641306225966,1.060802516327880403e+04
659.438717970647,1.058422002025370784e+04
659.5133047969533,1.066923838820048150e+04
659.5878910954348,1.071344793953280350e+04
659.6624768600082,1.071344793953280350e+04
659.7370620845874,1.079166483804383643e+04
659.8116467630838,1.083814154585473807e+04
659.8862265349078,1.090728981845144881e+04
659.9608101019778,1.097983882576602809e+04
660.0354018176174,1.104671994188415738e+04
660.1099798943757,1.106145645899493138e+04
660.1845748263452,1.109999811913080157e+04
660.259151743867,1.114194051398454394e+04
660.333684466581,1.114534124870241430e+04
660.4082645480388,1.128137063741725251e+04
660.4828527532469,1.133351523642460779e+04
660.5574316285567,1.139472846134628526e+04
660.6320229836718,1.145140737331080163e+04
660.7066049946801,1.149221618992525327e+04
660.7811820158635,1.153642574125757528e+04
660.8557147324121,1.162937915687938039e+04
660.9302992109782,1.166452008229738203e+04
661.0048830496228,1.171439752482615586e+04
661.0794662422122,1.172686688545834841e+04
661.1540575251042,1.181755314460157388e+04
661.2285781978873,1.190483866902692898e+04
661.3031681500861,1.192184234261628262e+04
661.3777399387936,1.197738767634150827e+04
661.452332922751,1.200572713232376736e+04
661.5269208535378,1.204540237069892828e+04
661.6014380645663,1.212361926920995938e+04
661.6760289813253,1.218369891589234794e+04
661.7506148234904,1.219503469828524976e+04
661.8251298800592,1.228345380094989559e+04
661.8997142930884,1.232766335228221760e+04
661.9743067544003,1.246709347571492617e+04
662.0488853483158,1.248863146226144272e+04
662.1234149871826,1.252717312239731291e+04
662.198000873726,1.254984468718312019e+04
662.2725860216412,1.263146232041202347e+04
662.347104619191,1.267227113702647512e+04
662.4216882564932,1.269607628005157130e+04
662.4962184684717,1.279243043039124859e+04
662.570804963388,1.286838017242370006e+04
662.6453862997457,1.288991815897021661e+04
662.7199097646629,1.296360074452408662e+04
662.7944939234665,1.304181764303511773e+04
662.869086084027,1.305655416014589355e+04
662.9436071371093,1.313590463689621538e+04
663.0181889069928,1.320732006597150576e+04
663.0927083152421,1.324586172610737594e+04
663.1673016492832,1.331614357694337559e+04
663.2418237897235,1.338869258425795670e+04
663.3164110793576,1.343857002678673052e+04
663.3909359310869,1.351565334705847272e+04
663.4655171474956,1.359273666733021309e+04
663.5400358838839,1.363241190570537401e+04
663.6146198039338,1.372423174308789021e+04
663.6891500154543,1.371629669541285875e+04
663.763736622158,1.382285304990614895e+04
663.8382518588492,1.390106994841718006e+04
663.9128411292601,1.390673783961363188e+04
663.9873589874919,1.402916428945698681e+04
664.0619509026042,1.406543879311427736e+04
664.136471363353,1.414478926986459919e+04
664.211061492379,1.413685422218956592e+04
664.285584535613,1.429102086273305031e+04
664.3601640270679,1.423547552900782466e+04
664.4346852160202,1.439190932602988869e+04
664.5092142934612,1.443951961208008106e+04
664.5838042596656,1.444178676855866252e+04
664.6583226187805,1.458121689199137109e+04
664.7328488535421,1.469457471592040383e+04
664.8074315802052,1.473651711077414438e+04
664.881960314152,1.483173768287453277e+04
664.9565455552175,1.481586758752446804e+04
665.031072346548,1.495303055447859697e+04
665.1055937270582,1.492242394201775824e+04
665.1801096874939,1.501991167059672443e+04
665.2546998800744,1.510039572558633699e+04
665.3292271235769,1.517747904585807919e+04
665.4037489291384,1.525002805317266029e+04
665.4783361453115,1.535545082942665977e+04
665.5528603518749,1.534751578175162649e+04
665.6273790986409,1.548921306166291652e+04
665.7019056711048,1.551868609588446452e+04
665.7764932599148,1.559123510319904562e+04
665.8510088931856,1.570232577064949692e+04
665.9255412083346,1.568305494058156182e+04
666.0000591620371,1.581341643809994821e+04
666.0746470335703,1.583382084640717403e+04
666.1491717378727,1.595057940505407714e+04
666.2236953664843,1.601859409941149534e+04
666.2982179130853,1.606960512017955989e+04
666.3727393713534,1.611494824975117263e+04
666.4472686180028,1.615689064460491500e+04
666.5218500778012,1.620676808713368882e+04
666.5963682490049,1.638020555774510831e+04
666.670894195563,1.639834280957375449e+04
666.7454190261132,1.647542612984549487e+04
666.8199427343175,1.653210504181000942e+04
666.8944653138359,1.662732561391039781e+04
666.9689912068017,1.672027902953220473e+04
667.043515960381,1.675201922023233055e+04
667.1180440186909,1.682230107106833020e+04
667.1925664754452,1.686651062240065585e+04
667.2671501081187,1.692885742556162222e+04
667.3416747090137,1.705695176660142897e+04
667.4162025951904,1.707962333138723261e+04
667.4907159415177,1.713290150863388044e+04
667.5652459277131,1.723719070664858737e+04
667.6397747296355,1.734261348290258684e+04
667.7142934240692,1.732334265283465356e+04
667.7888198363478,1.740609386430284576e+04
667.8633405848258,1.748544434105316759e+04
667.9378645829604,1.754892472245342651e+04
668.0123873649534,1.765774823342529635e+04
668.0868509002132,1.764074455983594089e+04
668.1613801466233,1.768155337645039253e+04
668.235899230937,1.778924330918297346e+04
668.3104215399541,1.791507049374419876e+04
668.3849470702704,1.789693324191555439e+04
668.4594713500996,1.802049326999819823e+04
668.533998842422,1.806923713428768315e+04
668.6085250734534,1.808624080787703861e+04
668.683041094052,1.817692706702026408e+04
668.7575647813001,1.827101406088135991e+04
668.8320290343215,1.832089150341013374e+04
668.9065546155499,1.833902875523877810e+04
668.9810833808008,1.840704344959619630e+04
669.0555974212344,1.851926769528594014e+04
669.130128062917,1.860655321971129524e+04
669.2046529196529,1.863489267569355070e+04
669.2791182298785,1.865983139695793943e+04
669.3536314765041,1.868250296174374671e+04
669.4281657979723,1.879699436391206837e+04
669.5026898264498,1.888201273185884202e+04
669.57714526615,1.890921860960180857e+04
669.65167108008,1.901804212057367840e+04
669.7261910590614,1.906565240662387441e+04
669.8007186526492,1.906565240662387441e+04
669.8751865504684,1.911893058387051860e+04
669.949711403622,1.923568914251742171e+04
670.0242348833766,1.930597099335342136e+04
670.0987480026345,1.933544402757496937e+04
670.1732193096983,1.931730677574632500e+04
670.2477431098745,1.934677980996787301e+04
670.3222655128286,1.949074424635774267e+04
670.396728085964,1.944426753854683921e+04
670.471252157415,1.953948811064722759e+04
670.5457118658269,1.958369766197954959e+04
670.6202330875843,1.960183491380819396e+04
670.6947618784129,1.961203711796180505e+04
670.7692307481261,1.972199420717296744e+04
670.8437476587868,1.981608120103406327e+04
670.918213608017,1.975373439787309690e+04
670.9927321095302,1.985689001764851491e+04
671.0672536563986,1.984668781349490382e+04
671.1417196890736,1.985915717412709637e+04
671.216251808498,1.995324416798819220e+04
671.290714863808,1.993057260320238493e+04
671.3652395155675,2.003259464473851403e+04
671.4396995665256,2.001332381467058076e+04
671.5142212289395,2.009720860437806186e+04
671.5886872701645,2.013575026451393569e+04
671.6632104305353,2.016295614225690224e+04
671.7376734223737,2.022983725837503152e+04
671.812193546355,2.025590955787870917e+04
671.8866579770747,2.029331763977528681e+04
671.9611795549314,2.029898553097173863e+04
672.0356408881489,2.030918773512535336e+04
672.1101096909673,2.033639361286831991e+04
672.1846266277597,2.043728207616516011e+04
672.2590968192625,2.040554188546503065e+04
672.3336151557181,2.046448795390812666e+04
672.4080821944679,2.044068281088303047e+04
672.482543119204,2.048262520573677102e+04
672.5570657703272,2.052910191354767449e+04
672.63152802642,2.061185312501586668e+04
672.705997721871,2.055404063481206322e+04
672.7805155931686,2.063452468980167396e+04
672.854982065397,2.062885679860522214e+04
672.9294423823377,2.065492909810889978e+04
673.0039644745739,2.065266194163031832e+04
673.0784260583234,2.069460433648406251e+04
673.152895058153,2.067193277169825524e+04
673.2274213293804,2.071614232303057724e+04
673.3018779706365,2.073541315309851416e+04
673.3763374799411,2.074788251373070671e+04
673.4508043890924,2.080229426921663980e+04
673.5252650884476,2.085103813350612472e+04
673.5997967036512,2.084196950759180254e+04
673.6742585868221,2.074221462253425489e+04
673.748714237457,2.084763739878825436e+04
673.823186347847,2.079322564330231762e+04
673.8976385924067,2.078869133034515835e+04
673.9721663425748,2.084423666407038399e+04
674.0466287979216,2.086577465061689873e+04
674.1210895311846,2.084650382054896545e+04
674.1955530811653,2.087144254181335054e+04
674.2700239906791,2.083176730343819145e+04
674.3444795221271,2.085443886822399509e+04
674.4189469503236,2.086010675942044691e+04
674.49346722243,2.081703078632741745e+04
674.567935708377,2.082950014695960999e+04
674.6424024340591,2.084423666407038399e+04
674.7168582880072,2.077962270443083617e+04
674.7913214713103,2.086350749413831727e+04
674.8657783200656,2.082383225576315817e+04
674.940251601854,2.080682858217380272e+04
675.0147094269751,2.081476362984883599e+04
675.0891700095718,2.074334820077354379e+04
675.1636379044918,2.081022931689167308e+04
675.2380994327431,2.079549279978089908e+04
675.312554584676,2.075468398316644743e+04
675.3870261580195,2.068893644528761070e+04
675.4614822208301,2.075581756140573998e+04
675.5359547018315,2.073314599661993270e+04
675.610407090499,2.067533350641612560e+04
675.6848804576179,2.067193277169825524e+04
675.7593337130725,2.072634452718419197e+04
675.8338033782419,2.066399772402322196e+04
675.9082026566803,2.052910191354767449e+04
675.9826594431638,2.058124651255502977e+04
676.0571234944312,2.052343402235122267e+04
676.1315948098625,2.050529677052257830e+04
676.2060550986515,2.050076245756541539e+04
676.2805134951972,2.042934702849012683e+04
676.3549745673919,2.042707987201154538e+04
676.4293879803434,2.039307252483283810e+04
676.5038498052293,2.039760683778999737e+04
676.5783051376296,2.033299287815044954e+04
676.6527677036122,2.032619140871470881e+04
676.7272329229447,2.021736789774283534e+04
676.8016366634976,2.021396716302496498e+04
676.8761025828228,2.015048678162470969e+04
676.9505619772531,2.015615467282116151e+04
677.0250240043307,2.004619758360999913e+04
677.0994290601088,1.995777848094535511e+04
677.1738917427178,2.000878950171341785e+04
677.2483524582894,1.990336672545941838e+04
677.3227561481843,1.992490471200593311e+04
677.3972128974716,1.989883241250225910e+04
677.4716768389669,1.981041330983761145e+04
677.5461433813275,1.976847091498387090e+04
677.6205482371186,1.969025401647283798e+04
677.6950015852051,1.968005181231922688e+04
677.7694069841688,1.967325034288348252e+04
677.8438746703705,1.957689619254380523e+04
677.9183311477581,1.949754571579348340e+04
677.9927396296163,1.942613028671819484e+04
678.0672012294622,1.944313396030755030e+04
678.1416056066512,1.932410824518206573e+04
678.2160631125909,1.925155923786748463e+04
678.2905277690969,1.924929208138890317e+04
678.3649259468506,1.919601390414225898e+04
678.4393864750938,1.909285828436684096e+04
678.513798898065,1.909625901908471133e+04
678.5882598799376,1.899196982107000076e+04
678.6626543015428,1.885934116707303474e+04
678.7371249257566,1.881853235045858310e+04
678.8115243461227,1.876752132969052036e+04
678.8859815585386,1.872897966955464653e+04
678.9603905685974,1.870064021357239108e+04
679.0348481677615,1.863942698865071361e+04
679.1092529209583,1.857934734196832505e+04
679.1836509171139,1.851700053880735868e+04
679.2581113551571,1.847505814395361813e+04
679.3325235125415,1.833562802052090774e+04
679.4069842868593,1.836170032002458538e+04
679.481378280968,1.827668195207781173e+04
679.5557839509504,1.811231310738071625e+04
679.6302474888498,1.810211090322710152e+04
679.704648807749,1.806130208661264987e+04
679.7790525553501,1.800122243993026495e+04
679.8535234360058,1.795474573211936149e+04
679.9279135518302,1.786632662945471748e+04
680.0023245731195,1.787086094241187675e+04
680.076784258521,1.770195778475761836e+04
680.1511816092886,1.768835484588613690e+04
680.2255859851732,1.753078747062478215e+04
680.3000482943368,1.755232545717129688e+04
680.374448213023,1.745937204154948995e+04
680.4488412562114,1.741629606845646049e+04
680.5232552007656,1.734261348290258684e+04
680.5976576301395,1.729273604037381301e+04
680.6721226617578,1.719524831179484681e+04
680.7465159407645,1.715217233870181371e+04
680.8209254830051,1.706602039251575115e+04
680.8953281128896,1.701274221526910696e+04
680.969723820552,1.693905962971523331e+04
681.0441775310805,1.688918218718645949e+04
681.118582574998,1.683363685346123384e+04
681.1929806772104,1.680643097571826729e+04
681.2673996753556,1.670100819946426782e+04
681.3418070819359,1.659105111025310543e+04
681.4162075273074,1.660352047088530162e+04
681.4906056458781,1.647882686456336523e+04
681.5649921401839,1.646409034745259123e+04
681.6393995215485,1.635299968000213994e+04
681.7137999143118,1.630538939395194575e+04
681.7882165503345,1.631445801986626975e+04
681.8626680324036,1.626344699909820520e+04
681.9370706711479,1.615915780108349463e+04
682.0114662918298,1.605486860306878589e+04
682.0858781465969,1.603333061652226934e+04
682.1602876270566,1.594037720090046423e+04
682.234615600839,1.588369828893594786e+04
682.3090342611832,1.578621056035697984e+04
682.3834179373963,1.580888212514278712e+04
682.4578224911205,1.572613091367459310e+04
682.5322153211919,1.562637602861704545e+04
682.6066290312607,1.559236868143833635e+04
682.6810356664762,1.548014443574859433e+04
682.7554352169042,1.541553047610904650e+04
682.8298276726078,1.540986258491259468e+04
682.9042363415565,1.535431725118736904e+04
682.9786379060591,1.524549374021549920e+04
683.052985700029,1.520355134536175683e+04
683.1273776822683,1.509812856910775736e+04
683.2017812028357,1.505505259601472426e+04
683.2761822579863,1.499610652757162825e+04
683.3505948498541,1.491675605082130642e+04
683.4249816151049,1.487934796892472514e+04
683.4993378598623,1.484420704350672531e+04
683.5737336498651,1.472971564133840366e+04
683.6481222681783,1.472291417190266111e+04
683.7225270786547,1.459595340910214509e+04
683.7968779498492,1.458235047023066181e+04
683.8712683772519,1.450980146291608071e+04
683.9456749923205,1.447125980278021052e+04
684.0200089024875,1.441344731257640524e+04
684.0944244901342,1.434996693117614632e+04
684.1688141432852,1.428308581505801703e+04
684.2431731578488,1.426834929794724303e+04
684.3175670692367,1.419806744711124338e+04
684.3919584235521,1.411418265740376046e+04
684.4662956794946,1.407677457550717918e+04
684.5407193753053,1.390900499609221333e+04
684.6151123876289,1.385459324060627659e+04
684.689455939193,1.376730771618092331e+04
684.7638578398391,1.366188493992692383e+04
684.8382055615216,1.358366804141589091e+04
684.9125975757681,1.345330654389750453e+04
684.9870010616816,1.345444012213679525e+04
685.0613315458365,1.341703204024021397e+04
685.1357438810281,1.331841073342195705e+04
685.2100831760683,1.322319016132157049e+04
685.2844855664139,1.316764482759634484e+04
685.3588336587155,1.309056150732460264e+04
685.4332213760933,1.300554313937782899e+04
685.5075782509971,1.300327598289924754e+04
685.5819089583205,1.302481396944576409e+04
685.6563216044284,1.301801250001002154e+04
685.7306563603778,1.298173799635273099e+04
685.8050589720733,1.295679927508834407e+04
685.8794024621719,1.292732624086679607e+04
685.9537903041233,1.285364365531292606e+04
686.0281472199982,1.277656033504118386e+04
686.1024731844336,1.274595372258034513e+04
686.1768811733403,1.269607628005157130e+04
686.2512158243778,1.257818414316537746e+04
686.3255665827462,1.253624174831163691e+04
686.3999617223745,1.243875401973266889e+04
686.4742975925424,1.244895622388628180e+04
686.5486495653337,1.233333124347866942e+04
686.6230412185406,1.227551875327486232e+04
686.6973829775881,1.220977121539602376e+04
686.7717408365776,1.213382147336357230e+04
686.8460676249846,1.206467320076686337e+04
686.920476563722,1.209301265674912247e+04
686.9948119535088,1.196605189394860645e+04
687.0691634335083,1.190483866902692898e+04
687.1434837923248,1.190143793430905862e+04
687.2178910716232,1.181075167516583315e+04
687.2922436114384,1.171099679010828368e+04
687.3665697193694,1.163958136103299330e+04
687.4409071790424,1.162144410920434893e+04
687.5152607193801,1.158063529258989729e+04
687.5896114344212,1.151602133295034946e+04
687.6639309442114,1.147747967281447927e+04
687.7383327394424,1.141286571317492962e+04
687.8126844041321,1.139699561782486671e+04
687.8870284875072,1.132217945403170415e+04
687.9613649794371,1.123602750784563978e+04
688.0357175394452,1.118955080003473813e+04
688.1100388231959,1.115327629637744758e+04
688.1843761649789,1.113513904454880139e+04
688.2587343070002,1.101044543822686683e+04
688.3330800913666,1.100251039055183537e+04
688.4074182439083,1.097870524752673737e+04
688.4817534945465,1.089482045781925444e+04
688.556104800579,1.089708761429783590e+04
688.6304200038998,1.080640135515461043e+04
688.7047797093452,1.078372979036880315e+04
688.7791080338786,1.067490627939693331e+04
688.8534524038824,1.065790260580757786e+04
688.9277890934775,1.061822736743241694e+04
689.0021418286908,1.055474698603215984e+04
689.0764868733971,1.050033523054622310e+04
689.1507577273879,1.048446513519615837e+04
689.2250873462091,1.041985117555661054e+04
689.2994377520117,1.043572127090667527e+04
689.3737756865256,1.034730216824203126e+04
689.4481106432635,1.030989408634544998e+04
689.5224616327603,1.030535977338828889e+04
689.5968001275772,1.022147498368080596e+04
689.6710880627454,1.019313552769854687e+04
689.745415792651,1.016139533699841922e+04
689.8197595452868,1.011378505094822503e+04
689.8941002876792,1.007524339081235485e+04
689.968380885931,1.002423237004429029e+04
690.0427250973174,1.001743090060854774e+04
690.1170662811704,9.934679689140353730e+03
690.1913949030705,9.925611063226031547e+03
690.2656966557213,9.882535090133000267e+03
690.3400334706062,9.829256912886354257e+03
690.4143672314507,9.781646626836161886e+03
690.4886454859029,9.782780205075452614e+03
690.5629874122526,9.736303497264549151e+03
690.6373214994773,9.737437075503839878e+03
690.7116000290887,9.681891741778614232e+03
690.7859422563533,9.662620911710677319e+03
690.8602336681432,9.624079251574807131e+03
690.9345601567937,9.562866026653129666e+03
691.0089026400582,9.590071904396098034e+03
691.0831942596561,9.472179767509904195e+03
691.157520963373,9.495984910535000381e+03
691.2318206545044,9.467645454552743104e+03
691.3061602170517,9.429103794416872915e+03
691.380444070193,9.359955521820162176e+03
691.45476779478,9.344085426470099264e+03
691.5290596795087,9.312345235769969804e+03
691.6033914459812,9.278337888591260707e+03
691.6776674311591,9.274937153873388525e+03
691.7520072241363,9.202388146558809240e+03
691.8262959912287,9.170647955858679779e+03
691.900643801485,9.140041343397841047e+03
691.9749166156074,9.125304826287067044e+03
692.0492005879099,9.098098948544098675e+03
692.123529252891,9.073160227279711762e+03
692.1978259721524,9.017614893554486116e+03
692.2721578136724,9.000611219965132477e+03
692.3464385130854,8.972271763982873381e+03
692.4207159769667,8.968871029265003017e+03
692.4950525395182,8.898589178429003368e+03
692.56933311711,8.886119817796809002e+03
692.6436056440851,8.826040171114422265e+03
692.7179660817585,8.832841640550164811e+03
692.7922272967613,8.829440905832294447e+03
692.8665236380322,8.770494837389196618e+03
692.9407927013435,8.769361259149905891e+03
693.0151497288059,8.745556116124809705e+03
693.089421837627,8.651469122263713871e+03
693.1636906489606,8.713815925424680245e+03
693.2379753787236,8.650335544024423143e+03
693.3122568047582,8.617461775085004774e+03
693.3865926140129,8.606125992692101136e+03
693.4608818498604,8.595923788538488225e+03
693.5351581466051,8.518840468266746029e+03
693.6094263017561,8.521107624745327485e+03
693.6837151767944,8.499569638198810935e+03
693.7579910889119,8.499569638198810935e+03
693.8322636527323,8.436089256798553834e+03
693.906552121247,8.436089256798553834e+03
693.9808998444166,8.394146861944811462e+03
694.0551719756728,8.364673827723263457e+03
694.1294600063287,8.382811079551907824e+03
694.2037398455482,8.324998589348102541e+03
694.2780114829652,8.288724085690811989e+03
694.3522990144666,8.295525555126552717e+03
694.426583156023,8.241113799640617799e+03
694.5008542537265,8.220709391333391977e+03
694.5751412401826,8.187835622393973608e+03
694.6494248189764,8.156095431693844148e+03
694.723700156412,8.119820928036553596e+03
694.7979624146619,8.081279267900683408e+03
694.8721970948218,8.113019458600811959e+03
694.9464717871994,8.069943485507779769e+03
695.0207623596758,8.073344220225651043e+03
695.0950205016327,8.024600355936167034e+03
695.1693186762369,7.999661634671780121e+03
695.2435843995215,7.937314831510812837e+03
695.3178708269531,7.901040327853522285e+03
695.3921441168008,7.894238858417780648e+03
695.4663655616765,7.908975375528554650e+03
695.5406463919401,7.857964354760490096e+03
695.6149237361514,7.879502341307006645e+03
695.6892121064967,7.870433715392683553e+03
695.7634969823528,7.803552599274555178e+03
695.8377008859716,7.820556272863909726e+03
695.9119932631442,7.731003591959974983e+03
695.9862772860863,7.742339374352877712e+03
696.06048026933,7.744606530831458258e+03
696.134771767185,7.727602857242103710e+03
696.2090548898484,7.664122475841845699e+03
696.2833296268801,7.684526884149071520e+03
696.3575523255896,7.679992571191910429e+03
696.4318151008928,7.627847972184556056e+03
696.5060403540568,7.574569794937910956e+03
696.58033480532,7.557566121348555498e+03
696.6545965750922,7.607443563877330234e+03
696.7288256373972,7.523558774169846401e+03
696.8030899410923,7.554165386630685134e+03
696.8773263707111,7.511089413537652945e+03
696.9516029071826,7.495219318187588215e+03
697.0258758450395,7.472547753401781847e+03
697.1000868630892,7.522425195930555674e+03
697.1743865928445,7.417002419676556201e+03
697.248609793035,7.394330854890749833e+03
697.3228682493078,7.412468106719395109e+03
697.3970987519848,7.358056351233460191e+03
697.4713645187727,7.369392133626362920e+03
697.5456023130668,7.328583317011911276e+03
697.6198072452165,7.313846799901137274e+03
697.6941009834452,7.302511017508234545e+03
697.7683131711979,7.326316160533330731e+03
697.8425898466292,7.305911752226104909e+03
697.9168092738975,7.283240187440298541e+03
697.9910201305657,7.250366418500879263e+03
698.0653003733468,7.241297792586557080e+03
698.1395184438109,7.227694853715072895e+03
698.2138010478819,7.235629901390105260e+03
698.2880311962213,7.199355397732814708e+03
698.3622527442063,7.161947315836234338e+03
698.4364656813189,7.178950989425589796e+03
698.510738305446,7.132474281614686333e+03
698.5849584048053,7.110936295068170693e+03
698.6591698720874,7.108669138589589238e+03
698.7334703424422,7.079196104368041233e+03
698.8076889513259,7.104134825632428146e+03
698.8818989069066,7.076928947889460687e+03
698.9561050840433,7.066726743735847776e+03
699.030322134609,7.056524539582234866e+03
699.1046038227042,7.012314988249912858e+03
699.1788328602486,6.979441219310493580e+03
699.2530532146016,6.990777001703396309e+03
699.3272599846256,6.994177736421267582e+03
699.4014873980228,6.996444892899848128e+03
699.4757061069474,6.964704702199718668e+03
699.5499161008405,6.978307641071202852e+03
699.6241418428359,6.968105436917589941e+03
699.6983588590565,6.919361572628105932e+03
699.7726405911895,6.947701028610364119e+03
699.8468646290141,6.936365246217461390e+03
699.9210848186354,6.944300293892493755e+03
699.9952913527262,6.917094416149525387e+03
700.0695185244031,6.897823586081590292e+03
700.1437320277023,6.887621381927977382e+03
700.2179661702849,6.847946143552816466e+03
700.2921670152689,6.878552756013655198e+03
700.3663345364773,6.840011095877784101e+03
700.4405423002715,6.816205952852687005e+03
700.5147657911945,6.840011095877784101e+03
700.5889804729994,6.819606687570558279e+03
700.6632108815323,6.765194932084623360e+03
700.7374324701444,6.770862823281074270e+03
700.81164522823,6.748191258495267903e+03
700.8858540575908,6.752725571452429904e+03
700.9600736910871,6.750458414973848448e+03
701.034240242214,6.766328510323913179e+03
701.1084716450022,6.765194932084623360e+03
701.1826646876575,6.685844455334300619e+03
701.2569029402329,6.701714550684365349e+03
701.3311077280009,6.682443720616429346e+03
701.4052790247227,6.652970686394881341e+03
701.4794906151762,6.708516020120106987e+03
701.5537179110803,6.690378768291461711e+03
701.6278673838922,6.629165543369785155e+03
701.7020768472739,6.705115285402235713e+03
701.776302010223,6.637100591044816611e+03
701.8505182480137,6.592891039712494603e+03
701.9246812071539,6.628031965130494427e+03
701.9989091214585,6.604226822105397332e+03
702.0730492261018,6.587223148516042784e+03
702.147283874415,6.613295448019720425e+03
702.2215095672381,6.588356726755333511e+03
702.2956523110257,6.560017270773075325e+03
702.3698847114229,6.548681488380171686e+03
702.4440341206173,6.539612862465849503e+03
702.5182485406029,6.566818740208816962e+03
702.5924786440079,6.499937624090688587e+03
702.6666306251165,6.521475610637204227e+03
702.7408427059752,6.492002576415656222e+03
702.8150013114393,6.467063855151269308e+03
702.8892200349155,6.498804045851397859e+03
702.9633852532902,6.453460916279785124e+03
703.0375414112833,6.482933950501334039e+03
703.1117577094595,6.472731746347721128e+03
703.1859204527385,6.457995229236946216e+03
703.2601235714659,6.437590820929721303e+03
703.3342928843769,6.476132481065591492e+03
703.4085025826428,6.402449895511720570e+03
703.482658658175,6.419453569101076027e+03
703.5568254210807,6.418319990861785300e+03
703.6310325789715,6.384312643683076203e+03
703.7052108243134,6.369576126572301291e+03
703.7793551808122,6.396782004315269660e+03
703.8535845204474,6.372976861290172565e+03
703.9277353723147,6.360507500657979108e+03
704.0019018493869,6.371843283050882746e+03
704.0760542132163,6.340103092350753286e+03
704.1502767406283,6.343503827068624560e+03
704.2244157321018,6.352572452982946743e+03
704.2985752975638,6.328767309957850557e+03
704.3727455222629,6.321965840522108010e+03
704.4469065581811,6.286824915104108186e+03
704.5211080295742,6.312897214607785827e+03
704.5952804534251,6.268687663275462910e+03
704.6694387032167,6.307229323411334008e+03
704.7435926983363,6.263019772079012000e+03
704.8177573342106,6.267554085036173092e+03
704.891917706452,6.272088397993334183e+03
704.9660688376695,6.233546737857463086e+03
705.0402107171044,6.238081050814625087e+03
705.114442771257,6.255084724403979635e+03
705.1885910002947,6.258485459121850909e+03
705.2627548254902,6.175734247653656894e+03
705.3369093767561,6.196138655960882716e+03
705.4110795235591,6.205207281875205808e+03
705.485220476971,6.210875173071656718e+03
705.5593969294841,6.225611690182431630e+03
705.6335441691415,6.180268560610818895e+03
705.7077020144703,6.170066356457205984e+03
705.7818057106044,6.164398465260754165e+03
705.8559498827009,6.158730574064302346e+03
705.9301096345012,6.176867825892947621e+03
706.0042849709166,6.147394791671399616e+03
706.0784260421825,6.143994056953528343e+03
706.1525826869397,6.124723226885593249e+03
706.2267549100956,6.122456070407011794e+03
706.3008928304606,6.126990383364173795e+03
706.3750014111765,6.105452396817657245e+03
706.4491704615375,6.136059009278495978e+03
706.5233051714449,6.081647253792561060e+03
706.5974853991634,6.126990383364173795e+03
706.6716262730434,6.096383770903335062e+03
706.745737753195,6.113387444492689610e+03
706.8198897594285,6.102051662099786881e+03
706.8940323424436,6.131524696321334886e+03
706.9681405012132,6.120188913928431248e+03
707.0422891955021,6.062376423724625056e+03
707.1164534452462,6.082780832031850878e+03
707.19055823756,6.065777158442496329e+03
707.2647035748213,6.081647253792561060e+03
707.3388694645195,6.087315144989011969e+03
707.4129708410553,6.112253866253398883e+03
707.4871177773351,6.075979362596109240e+03
707.5612752521206,6.091849457946173970e+03
707.6353781699282,6.054441376049592691e+03
707.7095466962406,6.100918083860496154e+03
707.7836305801062,6.081647253792561060e+03
707.857775071609,6.064643580203205602e+03
707.9318899937977,6.028369076545915959e+03
708.0060455013667,6.070311471399657421e+03
708.080146353211,6.046506328374561235e+03
708.1543078510902,6.044239171895979780e+03
708.2283845678539,6.052174219571012145e+03
708.3025520377458,6.036304124220948324e+03
708.3766397017445,6.026101920067335413e+03
708.4508131326904,6.077112940835399058e+03
708.5249067170731,6.021567607110173412e+03
708.5989906956581,6.066910736681786148e+03
708.673160478897,6.011365402956560501e+03
708.7472503492967,6.039704858938818688e+03
708.8213557131089,6.015899715913722503e+03
708.8955017018351,6.015899715913722503e+03
708.9696129404151,6.009098246477979956e+03
709.0436944296144,5.980758790495722678e+03
709.1178618009762,5.988693838170754134e+03
709.1919440994113,5.986426681692173588e+03
709.266041878377,6.009098246477979956e+03
709.3401601743607,5.984159525213593042e+03
709.4143140934323,5.990960994649335589e+03
709.4884130457813,5.988693838170754134e+03
709.5625023052012,5.995495307606496681e+03
709.6366020041326,5.959220803949206129e+03
709.71069703359,6.014766137674431775e+03
709.7848579170291,5.973957321059980131e+03
709.8589587159314,5.983025946974303224e+03
709.9330497882937,5.958087225709916311e+03
710.0071361642808,5.950152178034883946e+03
710.0812329625695,5.932014926206238670e+03
710.1553452280508,5.961487960427786675e+03
710.2294275672397,5.946751443317012672e+03
710.3035203190468,5.926347035009786850e+03
710.3776335778801,5.942217130359851581e+03
710.4517320198205,5.941083552120560853e+03
710.5258257276931,5.881003905438174115e+03
710.599909644176,5.899141157266819391e+03
710.6740090111854,5.910476939659723030e+03
710.7480985754111,5.911610517899012848e+03
710.8222035892967,5.922946300291916486e+03
710.8962987889969,5.919545565574045213e+03
710.9704094374856,5.913877674377593394e+03
711.0444849811654,5.882137483677464843e+03
711.1186012467011,5.898007579027528664e+03
711.1926874434225,5.875336014241722296e+03
711.2667840197356,5.900274735506110119e+03
711.3408251965476,5.891206109591787026e+03
711.4149070955419,5.848130136498754837e+03
711.4890246751831,5.876469592481013024e+03
711.5631121310784,5.900274735506110119e+03
711.6372150180558,5.843595823541593745e+03
711.7112320343467,5.852664449455915928e+03
711.7853404449295,5.837927932345141926e+03
711.8594389533098,5.864000231848819567e+03
711.9335275484821,5.871935279523851932e+03
712.0075605935059,5.858332340652367748e+03
712.0816546727544,5.826592149952239197e+03
712.1557641746032,5.829992884670109561e+03
712.2297927223119,5.814122789320045740e+03
712.3038823260575,5.843595823541593745e+03
712.377992420552,5.811855632841465194e+03
712.4520164203059,5.820924258755787378e+03
712.5261268825731,5.772180394466303369e+03
712.6001562828156,5.836794354105852108e+03
712.6742518579922,5.794851959252109737e+03
712.7483628435643,5.810722054602174467e+03
712.8223876211747,5.806187741645013375e+03
712.8964785986809,5.748375251441207183e+03
712.9705138140855,5.774447550944883915e+03
713.0446101673241,5.767646081509142277e+03
713.1186507279195,5.778981863902045916e+03
713.19275244439,5.795985537491400464e+03
713.2667983376626,5.754043142637659003e+03
713.3408290765726,5.738173047287594272e+03
713.4149057221886,5.761978190312690458e+03
713.4889468476811,5.738173047287594272e+03
713.5630542605719,5.733638734330433181e+03
713.6370752139885,5.752909564398368275e+03
713.71111152602,5.732505156091142453e+03
713.7852141503761,5.699631387151723175e+03
713.8592557248019,5.740440203766174818e+03
713.93328717658,5.750642407919787729e+03
714.0073900636712,5.726837264894690634e+03
714.0814267494405,5.772180394466303369e+03
714.1554583900697,5.698497808912433356e+03
714.2295512937391,5.701898543630303720e+03
714.3035881409775,5.707566434826755540e+03
714.3776148223176,5.701898543630303720e+03
714.451651744311,5.706432856587464812e+03
714.5256835921462,5.713234326023207359e+03
714.5997818492889,5.708700013066046267e+03
714.6738188625989,5.693963495955271355e+03
714.7478712188952,5.712100747783916631e+03
714.8218929356141,5.686028448280238990e+03
714.8959248750398,5.707566434826755540e+03
714.9699721505816,5.707566434826755540e+03
715.044014315487,5.657688992297981713e+03
715.1180411339378,5.708700013066046267e+03
715.1920883966163,5.688295604758820446e+03
715.2661714596333,5.680360557083788080e+03
715.3402238179556,5.690562761237400991e+03
715.4142403295658,5.680360557083788080e+03
715.488267040557,5.673559087648045534e+03
715.5623141930947,5.669024774690884442e+03
715.6363510669913,5.631616692794304072e+03
715.7103315493897,5.662223305255142805e+03
715.784373440411,5.683761291801658444e+03
715.8584050299637,5.645219631665788256e+03
715.932426306901,5.665624039973014078e+03
716.0064680199878,5.680360557083788080e+03
716.080494283165,5.663356883494432623e+03
716.1545409835085,5.637284583990755891e+03
716.2285722201125,5.663356883494432623e+03
716.3025469314863,5.633883849272884618e+03
716.3765882447348,5.618013753922819888e+03
716.4506192011959,5.642952475187207710e+03
716.5246654600803,5.629349536315723526e+03
716.5987013504475,5.619147332162110615e+03
716.6726754991479,5.606677971529917158e+03
716.7467162946405,5.632750271033594800e+03
716.8207466986998,5.664490461733723350e+03
716.8947667001454,5.607811549769207886e+03
716.9687557260248,5.618013753922819888e+03
717.0427805919613,5.635017427512175345e+03
717.116825887731,5.625948801597852253e+03
717.1908093232216,5.655421835819401167e+03
717.2648286044712,5.666757618212303896e+03
717.3388168541977,5.637284583990755891e+03
717.4128461038251,5.640685318708626255e+03
717.4868906346427,5.632750271033594800e+03
717.5608474726536,5.615746597444239342e+03
717.6348968087937,5.612345862726368978e+03
717.7088584084709,5.613479440965658796e+03
717.7828867763504,5.589674297940562610e+03
717.8568840385082,5.590807876179852428e+03
717.9309171761972,5.641818896947916983e+03
718.0048882559898,5.594208610897723702e+03
718.0789313004857,5.632750271033594800e+03
718.1528864689565,5.586273563222691337e+03
718.2268775063203,5.618013753922819888e+03
718.300914749167,5.621414488640691161e+03
718.3748898482226,5.593075032658432974e+03
718.4489059941204,5.619147332162110615e+03
718.5228857662477,5.648620366383658620e+03
718.5968549564894,5.596475767376304248e+03
718.6708910267723,5.635017427512175345e+03
718.7448648651658,5.623681645119271707e+03
718.8188539335962,5.595342189137013520e+03
718.8928117241455,5.595342189137013520e+03
718.9668571028507,5.580605672026239517e+03
719.040845353585,5.603277236812045885e+03
719.1148178064504,5.606677971529917158e+03
719.1887847916446,5.563601998436884969e+03
719.2628187285492,5.547731903086820239e+03
719.3367851179871,5.555666950761852604e+03
719.4107718973806,5.570403467872626607e+03
719.4847480151196,5.556800529001143332e+03
719.55871345993,5.590807876179852428e+03
719.6326941140954,5.552266216043982240e+03
719.7066692631995,5.579472093786949699e+03
719.780706250103,5.591941454419143156e+03
719.8546807424774,5.532995385976046236e+03
719.9286497097812,5.601010080333465339e+03
720.0026286960333,5.543197590129659147e+03
720.0766021474149,5.551132637804691512e+03
720.1505856143327,5.556800529001143332e+03
720.2245376004026,5.554533372522562786e+03
720.298530717732,5.521659603583143507e+03
720.3725079039693,5.543197590129659147e+03
720.446479525475,5.532995385976046236e+03
720.5204403826414,5.527327494779594417e+03
720.5943696939084,5.551132637804691512e+03
720.6683349523433,5.526193916540304599e+03
720.7423153966341,5.529594651258175872e+03
720.816285052651,5.518258868865272234e+03
720.890249105901,5.493320147600885321e+03
720.9642231419422,5.526193916540304599e+03
721.0382175601698,5.494453725840175139e+03
721.1121179678518,5.523926760061724053e+03
721.1860907374653,5.469515004575788225e+03
721.2600786851124,5.489919412883014047e+03
721.334050596095,5.463847113379337316e+03
721.4079648215145,5.494453725840175139e+03
721.4819202230957,5.467247848097207680e+03
721.5559168215076,5.464980691618627134e+03
721.6298296575088,5.462713535140046588e+03
721.7038045147077,5.466114269857917861e+03
721.777768491748,5.459312800422175314e+03
721.8516746809869,5.461579956900755860e+03
721.9256689717006,5.447977018029272585e+03
721.9996263053706,5.427572609722046764e+03
722.0735518685187,5.434374079157788401e+03
722.1475134315792,5.472915739293659499e+03
722.221443203523,5.455912065704304950e+03
722.2954141996532,5.428706187961337491e+03
722.369322077151,5.435507657397079129e+03
722.4432972736668,5.400366731979079304e+03
722.5172093181159,5.378828745432562755e+03
722.5911887015628,5.419637562047014399e+03
722.665104899496,5.385630214868305302e+03
722.7390623388185,5.362958650082498934e+03
722.8129878959985,5.409435357893401488e+03
722.8869756086152,5.395832419021918213e+03
722.9608791618889,5.391298106064756212e+03
723.0347925998112,5.359557915364627661e+03
723.1087786701618,5.343687820014562931e+03
723.1826700550422,5.340287085296692567e+03
723.2565817737539,5.360691493603917479e+03
723.3305609227724,5.338019928818111111e+03
723.4044767103132,5.336886350578821293e+03
723.4783814349788,5.365225806561079480e+03
723.5523797909511,5.332352037621660202e+03
723.6262885587613,5.344821398253853658e+03
723.7001862401456,5.338019928818111111e+03
723.7741042546204,5.304012581639402015e+03
723.8480321309023,5.311947629314434380e+03
723.9220013141903,5.288142486289337285e+03
723.9959122328532,5.290409642767917830e+03
724.0698330025856,5.313081207553724198e+03
724.1437478932739,5.284741751571466921e+03
724.2176516517817,5.322149833468047291e+03
724.2915652506016,5.251867982632047642e+03
724.3654729499798,5.287008908050047467e+03
724.4393957341822,5.294943955725079832e+03
724.51330736185,5.274539547417854010e+03
724.587207821535,5.280207438614304920e+03
724.6611286098097,5.263203765024950371e+03
724.7350592296857,5.229196417846241275e+03
724.80895240124,5.264337343264241099e+03
724.882865897012,5.268871656221402191e+03
724.9567892135801,5.223528526649789455e+03
725.0307013255602,5.239398621999854186e+03
725.1046074792529,5.249600826153467096e+03
725.1785287017594,5.232597152564111639e+03
725.2524334382222,5.264337343264241099e+03
725.326358500832,5.240532200239144004e+03
725.4002723250796,5.274539547417854010e+03
725.4741222682113,5.228062839606950547e+03
725.5480398915687,5.178185397078176720e+03
725.6219462528422,5.229196417846241275e+03
725.6958676722687,5.211059166017595999e+03
725.769783084779,5.184986866513918358e+03
725.8436292602167,5.212192744256885817e+03
725.9175431603215,5.221261370171208910e+03
725.9914510329734,5.192921914188950723e+03
726.0653686850188,5.220127791931918182e+03
726.1392275716657,5.190654757710370177e+03
726.2131278556831,5.178185397078176720e+03
726.2870379081896,5.166849614685273082e+03
726.3608891425325,5.162315301728111990e+03
726.4348081680206,5.171383927642435083e+03
726.50866306773,5.188387601231789631e+03
726.5825857784921,5.167983192924563809e+03
726.6564232085193,5.174784662360305447e+03
726.730349586392,5.115838593917209437e+03
726.8042645953695,5.163448879967402718e+03
726.8781153887404,5.145311628138757442e+03
726.9520393221525,5.131708689267273257e+03
727.0258672943038,5.146445206378047260e+03
727.0997948515045,5.127174376310112166e+03
727.1736528398144,5.106769968002886344e+03
727.2475046789152,5.094300607370692887e+03
727.3214244199837,5.109037124481466890e+03
727.3952533686669,5.089766294413531796e+03
727.4691766890326,5.106769968002886344e+03
727.5430356383624,5.072762620824177247e+03
727.6168831154938,5.101102076806434525e+03
727.6907985389481,5.073896199063467066e+03
727.7646495352022,5.076163355542047611e+03
727.838494332822,5.047823899559790334e+03
727.9123488191613,5.058026103713402335e+03
727.986271291593,5.052358212516951426e+03
728.0601080662049,5.059159681952693063e+03
728.1339810274446,5.013816552381080328e+03
728.2078212555151,5.045556743081208879e+03
728.2817295008361,5.036488117166886695e+03
728.3555996998778,4.978675626963080504e+03
728.429453049297,5.031953804209725604e+03
728.5033054557948,5.000213613509596144e+03
728.577140989502,4.987744252877402687e+03
728.6509914915385,4.993412144073854506e+03
728.7248569664563,4.954870483937983408e+03
728.7987108614303,4.991144987595273960e+03
728.872558477417,4.971874157527338866e+03
728.9464688832253,4.932198919152177041e+03
729.0203145595359,4.962805531613015773e+03
729.0941805149681,4.937866810348628860e+03
729.1680295392798,4.966206266330887047e+03
729.2418722535059,4.946935436262951953e+03
729.3156767351837,4.921996714998564130e+03
729.3895227579071,4.912928089084241947e+03
729.4633837365335,4.889122946059144851e+03
729.5372330643772,4.889122946059144851e+03
729.6110920231105,4.901592306691339218e+03
729.6849499652391,4.864184224794757938e+03
729.7587909091665,4.877787163666242122e+03
729.832646799371,4.884588633101983760e+03
729.9064377258716,4.895924415494887398e+03
729.9802755476569,4.864184224794757938e+03
730.0541496290818,4.872119272469790303e+03
730.1279906863275,4.847180551205403390e+03
730.2018413503896,4.841512660008951570e+03
730.2756322932343,4.822241829941016476e+03
730.3494914925877,4.809772469308823020e+03
730.4233389576001,4.809772469308823020e+03
730.497121314011,4.814306782265984111e+03
730.5709933006522,4.788234482762306470e+03
730.6448321837362,4.807505312830242474e+03
730.7186379386568,4.765562917976500103e+03
730.7924799682986,4.789368061001597198e+03
730.8662835069548,4.720219788404887368e+03
730.940128667791,4.745158509669275190e+03
731.0139673771906,4.751959979105016828e+03
731.0877622124666,4.707750427772693911e+03
731.1616307539186,4.732689149037080824e+03
731.2354072830598,4.714551897208436458e+03
731.3092735761231,4.669208767636823723e+03
731.3830531589755,4.693013910661919908e+03
731.4569011330443,4.674876658833274632e+03
731.5307105078027,4.669208767636823723e+03
731.6044812553652,4.674876658833274632e+03
731.6783471861277,4.620464903347339714e+03
731.7521477148499,4.656739407004630266e+03
731.8259899112759,4.611396277433017531e+03
731.899766660658,4.606861964475855530e+03
731.9735636445379,4.592125447365081527e+03
732.0473701527895,4.586457556168629708e+03
732.1212183467612,4.602327651518694438e+03
732.195006386356,4.566053147861404796e+03
732.2688093011474,4.577388930254307525e+03
732.3426485486638,4.552450208989920611e+03
732.4164544099781,4.524110753007662424e+03
732.4902214949792,4.547915896032759520e+03
732.5640302732379,4.512774970614759695e+03
732.6378270896475,4.512774970614759695e+03
732.7116656191168,4.504839922939727330e+03
732.7854653361854,4.477634045196759871e+03
732.8592530670325,4.498038453503985693e+03
732.9330341718326,4.447027432735921138e+03
733.0068247610646,4.476500466957469143e+03
733.0806302100424,4.478767623436049689e+03
733.1544290226378,4.442493119778760047e+03
733.2282104378809,4.415287242035791678e+03
733.3020120820065,4.465164684564566414e+03
733.3758016923423,4.420955133232243497e+03
733.4495738776542,4.416420820275082406e+03
733.5233662868974,4.398283568446437130e+03
733.5971735461529,4.391482099010695492e+03
733.6709687462483,4.408485772600050041e+03
733.7447518754218,4.379012738378502036e+03
733.818549846392,4.373344847182050216e+03
733.8923357337387,4.368810534224889125e+03
733.9660610421337,4.342738234721211484e+03
734.039849657903,4.338203921764050392e+03
734.113653111708,4.333669608806889300e+03
734.1874498467755,4.306463731063920932e+03
734.2612290717857,4.313265200499663479e+03
734.3349476318791,4.310998044021082933e+03
734.4087618993168,4.306463731063920932e+03
734.4825316665394,4.307597309303211659e+03
734.5563216510071,4.299662261628179294e+03
734.6300724954872,4.282658588038824746e+03
734.7038651403906,4.270189227406631289e+03
734.7776456166251,4.259987023253018378e+03
734.8513869120628,4.263387757970889652e+03
734.9251700158896,4.225979676074308372e+03
734.99889230638,4.240716193185083284e+03
735.0727050353661,4.235048301988631465e+03
735.1464785471829,4.233914723749340737e+03
735.220218219237,4.213510315442114916e+03
735.2939943121419,4.211243158963534370e+03
735.367736543824,4.221445363117147281e+03
735.4415206118363,4.211243158963534370e+03
735.5152599796714,4.177235811784825273e+03
735.5890466014831,4.193105907134889094e+03
735.662766849309,4.148896355802567086e+03
735.7365830712438,4.152297090520438360e+03
735.8103058246913,4.138694151648954175e+03
735.8840433540496,4.145495621084695813e+03
735.957822745456,4.130759103973921810e+03
736.0315681756952,4.154564246999018906e+03
736.1052958754302,4.116022586863147808e+03
736.1790654451154,4.142094886366825449e+03
736.252801015933,4.093351022077341440e+03
736.326545937147,4.126224791016760719e+03
736.4003381699183,4.117156165102438536e+03
736.4740584115469,4.077480926727277165e+03
736.5477988397872,4.094484600316631713e+03
736.6215269056551,4.071813035530825346e+03
736.6952425972906,4.052542205462889797e+03
736.7690544685436,4.068412300812954527e+03
736.8427725447069,4.053675783702180070e+03
736.9165053742005,4.036672110112825521e+03
736.9902258037228,4.026469905959212610e+03
737.0639609845649,4.024202749480632065e+03
737.137689186275,4.027603484198502883e+03
737.2114267046566,4.027603484198502883e+03
737.2851517972983,4.004931919412696516e+03
737.358897074205,3.994729715259083605e+03
737.4326244765816,4.027603484198502883e+03
737.5063448675909,4.014000545327019154e+03
737.5800799995792,4.002664762934115970e+03
737.6538026703106,3.969790993994696692e+03
737.7275346375662,3.969790993994696692e+03
737.8012595719805,3.944852272730309778e+03
737.8749992432967,3.962989524558954599e+03
737.9487264275168,3.931249333858826049e+03
738.022468346593,3.930115755619535321e+03
738.0961977656417,3.916512816748051591e+03
738.169865632222,3.899509143158697043e+03
738.2435972558687,3.916512816748051591e+03
738.3173218057595,3.882505469569342040e+03
738.3910556298822,3.873436843655019402e+03
738.4647823694751,3.873436843655019402e+03
738.5384638351453,3.867768952458568037e+03
738.612192738524,3.870036108937148583e+03
738.685909081362,3.840563074715600123e+03
738.7595855634423,3.842830231194181124e+03
738.8332985789483,3.823559401126245575e+03
738.9070317658445,3.834895183519148759e+03
738.9807032179243,3.800887836340439208e+03
739.0544385201678,3.798620679861858662e+03
739.1281065918952,3.777082693315342567e+03
739.2018439933116,3.792952788665406842e+03
739.2755687822585,3.773681958597471294e+03
739.3492317494262,3.795219945143987388e+03
739.4229859424029,3.746476080854503834e+03
739.4966509491076,3.758945441486697291e+03
739.5703798618135,3.729472407265149286e+03
739.6440468874771,3.705667264240052191e+03
739.7177778366447,3.729472407265149286e+03
739.791446866122,3.671659917061342639e+03
739.8651032005454,3.684129277693536096e+03
739.9388289543585,3.697732216565020281e+03
740.0125146409633,3.639919726361214089e+03
740.086187618405,3.668259182343471821e+03
740.1599026583724,3.644454039318375180e+03
740.2335830692062,3.636518991643342815e+03
740.3072452674804,3.651255508754117272e+03
740.3809769441689,3.631984678686181724e+03
740.4546465508478,3.619515318053988267e+03
740.5283253357537,3.594576596789601354e+03
740.6019968452496,3.595710175028891626e+03
740.6757323886792,3.609313113900375356e+03
740.7493783611862,3.557168514893020529e+03
740.8230664214437,3.585507970875278716e+03
740.8967416974003,3.565103562568052894e+03
740.9704041770528,3.524294745953601250e+03
741.0440813057113,3.524294745953601250e+03
741.1177456249695,3.491420977014181972e+03
741.1914740338814,3.509558228842827248e+03
741.265145682029,3.469882990467665877e+03
741.3387990020083,3.493688133492762972e+03
741.4124669600711,3.464215099271214513e+03
741.4861550585991,3.483485929339150061e+03
741.5598248114671,3.472150146946246878e+03
741.6334872037764,3.451745738639021056e+03
741.7070817125386,3.425673439135343415e+03
741.7807678621677,3.444944269203278964e+03
741.8544191228816,3.427940595613924415e+03
741.9281125335501,3.420005547938892050e+03
742.0017600242695,3.422272704417472596e+03
742.0754276444354,3.410936922024569412e+03
742.1491098938311,3.389398935478053318e+03
742.2227792320809,3.375795996606569588e+03
742.2963860567804,3.397333983153085683e+03
742.3700570824167,3.380330309563730680e+03
742.4437151716932,3.354258010060053493e+03
742.5173878791576,3.361059479495795586e+03
742.5909980073593,3.361059479495795586e+03
742.6646723713906,3.323651397599214761e+03
742.7383392893086,3.327052132317086034e+03
742.8119656461523,3.316849928163473123e+03
742.8856286765096,3.321384241120634215e+03
742.9592842387771,3.308914880488440758e+03
743.0328991982909,3.299846254574118120e+03
743.1065563576633,3.290777628659795482e+03
743.1801728901319,3.257903859720376204e+03
743.2538592524501,3.281709002745473299e+03
743.3274497210764,3.264705329156118296e+03
743.4011100282263,3.240900186131021655e+03
743.4747296601421,3.270373220352570115e+03
743.5483970465806,3.255636703241795658e+03
743.6220182060574,3.242033764370311928e+03
743.6956816000841,3.222762934302376379e+03
743.7692821427946,3.230697981977408745e+03
743.8429470520473,3.201224947755860285e+03
743.916576747615,3.192156321841538102e+03
743.990165669035,3.195557056559408920e+03
744.0638466591978,3.191022743602247829e+03
744.1374370340701,3.178553382970053917e+03
744.2110696595498,3.191022743602247829e+03
744.284716858413,3.187622008884376555e+03
744.3583232280512,3.183087695927215464e+03
744.4319496995879,3.180820539448634918e+03
744.5055574804348,3.146813192269925366e+03
744.5791520991629,3.174019070012892826e+03
744.6528444452033,3.124141627484118999e+03
744.7264460022811,3.163816865859279915e+03
744.8000565630955,3.143412457552054093e+03
744.8736594835683,3.120740892766247725e+03
744.9472714032472,3.124141627484118999e+03
745.0208756714717,3.121874471005537998e+03
745.094494486024,3.110538688612634814e+03
745.168100087441,3.100336484459021904e+03
745.2416924635781,3.089000702066118720e+03
745.3152993770332,3.096935749741151085e+03
745.3889152760675,3.076531341433925263e+03
745.4625290474098,3.085599967348247901e+03
745.5361240107667,3.066329137280312352e+03
745.609733506721,3.077664919673215536e+03
745.6833575395775,3.069729871998183626e+03
745.7569683059694,3.094668593262570539e+03
745.8305713563644,3.047058307212377258e+03
745.9041833730809,3.047058307212377258e+03
745.9777876626403,3.041390416015925439e+03
746.0514009139459,3.031188211862312528e+03
746.1249507566789,3.054993354887409168e+03
746.1985429433485,3.010783803555086706e+03
746.2721496486159,3.036856103058764347e+03
746.3457708767787,3.009650225315796433e+03
746.4193230608547,3.005115912358635342e+03
746.4929176060401,3.000581599401474250e+03
746.5665266650274,3.014184538272957980e+03
746.640066621393,2.972242143419216063e+03
746.7136768253059,2.984711504051409520e+03
746.7873015449047,2.973375721658506336e+03
746.8608348022583,2.997180864683602977e+03
746.934460649653,2.967707830462054972e+03
747.0080507927156,2.965440673983473971e+03
747.0815940434294,2.943902687436957876e+03
747.1552131827909,2.969974986940635517e+03
747.2287630801482,2.948437000394119423e+03
747.3023777208953,2.946169843915538877e+03
747.3759007391845,2.920097544411861236e+03
747.4495220280663,2.925765435608313055e+03
747.5230740040879,2.907628183779667779e+03
747.5966125121065,2.916696809693990417e+03
747.6702213915038,2.916696809693990417e+03
747.7437608993716,2.884956618993861412e+03
747.8173763904779,2.904227449061796960e+03
747.8909168833824,2.923498279129732509e+03
747.9644718416794,2.886090197233151684e+03
748.0380188872018,2.878155149558119774e+03
748.111630768237,2.869086523643797136e+03
748.1851787691317,2.866819367165216590e+03
748.2587356337701,2.838479911182958404e+03
748.3322845630789,2.863418632447345317e+03
748.405875958131,2.840747067661538949e+03
748.4794258064913,2.827144128790055220e+03
748.5529901125466,2.829411285268635766e+03
748.626540858474,2.841880645900829222e+03
748.7000780320159,2.818075502875732582e+03
748.7736296540094,2.814674768157861763e+03
748.8471676901079,2.814674768157861763e+03
748.920776260387,2.820342659354313128e+03
748.994315154041,2.798804672807797488e+03
749.0678741021718,2.807873298722119671e+03
749.1414138274398,2.790869625132765123e+03
749.2149736068789,2.759129434432636117e+03
749.2885141477188,2.787468890414894304e+03
749.362046665244,2.762530169150506936e+03
749.4355374512597,2.761396590911216663e+03
749.5090988297237,2.750060808518313479e+03
749.5826465568359,2.744392917321862114e+03
749.656175000463,2.737591447886120022e+03
749.7297234916311,2.726255665493216839e+03
749.803286415846,2.712652726621733109e+03
749.8768356615918,2.730789978450377930e+03
749.9503205982728,2.710385570143152563e+03
750.0238705670453,2.702450522468120198e+03
750.0974068314757,2.683179692400184649e+03
750.170963144645,2.686580427118055923e+03
750.2444438267519,2.675244644725152739e+03
750.318000832892,2.674111066485862011e+03
750.3915384788514,2.672977488246571738e+03
750.4650398530696,2.663908862332249555e+03
750.5385837931271,2.671843910007281465e+03
750.6121083437756,2.658240971135797736e+03
750.6855965835151,2.642370875785733460e+03
750.7591555782365,2.632168671632120549e+03
750.8326444278694,2.633302249871410822e+03
750.9061758589805,2.629901515153539549e+03
750.9796652967866,2.635569406349991368e+03
751.053225528571,2.642370875785733460e+03
751.1267211857668,2.610630685085604455e+03
751.2002538005404,2.617432154521346092e+03
751.2737443726544,2.597027746214120725e+03
751.347283196831,2.592493433256959179e+03
751.4207743095347,2.582291229103346268e+03
751.4942572105898,2.567554711992572265e+03
751.567805321994,2.544883147206765898e+03
751.641288735935,2.567554711992572265e+03
751.7147865207419,2.584558385581926814e+03
751.7883269399143,2.547150303685346444e+03
751.8618252198199,2.561886820796120446e+03
751.9353096018531,2.530146630095991895e+03
752.0087800736492,2.540348834249604806e+03
752.082349748397,2.538081677771023806e+03
752.1558206716313,2.526745895378120622e+03
752.2293059510168,2.507475065310185528e+03
752.3028112503567,2.499540017635153163e+03
752.3762686487676,2.492738548199411071e+03
752.4497687028702,2.523345160660249803e+03
752.5232604672466,2.480269187567217614e+03
752.5967892449822,2.485937078763669433e+03
752.6702814069297,2.478002031088637068e+03
752.74378792351,2.463265513977863066e+03
752.8172521255437,2.478002031088637068e+03
752.890753342267,2.479135609327927341e+03
752.9642462347487,2.470066983413604703e+03
753.0377251232514,2.458731201020701519e+03
753.111218354199,2.458731201020701519e+03
753.1846408387155,2.438326792713475697e+03
753.2581116847355,2.429258166799153514e+03
753.331591190779,2.434926057995604879e+03
753.4050850339123,2.449662575106378881e+03
753.4785648318334,2.420189540884830876e+03
753.552064642568,2.412254493209798511e+03
753.6254879218887,2.416788806166959603e+03
753.698987997613,2.413388071449088784e+03
753.7724683210844,2.406586602013347147e+03
753.845940242228,2.397517976099024509e+03
753.9193696482735,2.415655227927669330e+03
753.9928702112186,2.395250819620443963e+03
754.0663566760842,2.403185867295475873e+03
754.1397721577508,2.382781458988250051e+03
754.2132588199502,2.391850084902572689e+03
754.286731357841,2.368044941877476049e+03
754.3601613060175,2.355575581245282592e+03
754.433662469434,2.377113567791798687e+03
754.5070697940439,2.364644207159605230e+03
754.580571120139,2.361243472441734411e+03
754.6540013426822,2.349907690048831228e+03
754.7274800348059,2.360109894202443684e+03
754.8009103674891,2.336304751177347043e+03
754.8743891803196,2.330636859980895679e+03
754.9478196065738,2.345373377091669681e+03
755.0212985235391,2.319301077587992495e+03
755.0947347284628,2.324968968784443859e+03
755.1681567061893,2.318167499348702222e+03
755.2416500027333,2.311366029912960130e+03
755.3150720303312,2.304564560477218038e+03
755.3884798044081,2.310232451673669857e+03
755.4619874570354,2.290961621605734308e+03
755.535395250506,2.278492260973540851e+03
755.6088173113466,2.287560886887863489e+03
755.6822593542736,2.283026573930702398e+03
755.7557385217809,2.262622165623476576e+03
755.8291520013627,2.275091526255670033e+03
755.9025740310907,2.275091526255670033e+03
755.9760160417866,2.285293730409282944e+03
756.0494380281855,2.264889322102057122e+03
756.122851408895,2.285293730409282944e+03
756.196279048058,2.277358682734250579e+03
756.2697209498288,2.270557213298508486e+03
756.3431485156143,2.260355009144896030e+03
756.4166132278519,2.252419961469863665e+03
756.490046430767,2.238817022598379936e+03
756.563402310791,2.238817022598379936e+03
756.6368296685728,2.252419961469863665e+03
756.710271280547,2.256954274427024757e+03
756.7836985147853,2.217279036051863841e+03
756.8571170870929,2.220679770769734660e+03
756.9305441765948,2.232015553162637843e+03
757.0039625924522,2.196874627744638019e+03
757.0773895204559,2.207076831898250930e+03
757.1508077630942,2.191206736548186200e+03
757.2241829078598,2.204809675419670384e+03
757.2975952154935,2.212744723094702294e+03
757.3710274951507,2.212744723094702294e+03
757.4444453309834,2.209343988376831476e+03
757.5178200187852,2.191206736548186200e+03
757.5912376210018,2.157199389369476648e+03
757.664669455667,2.185538845351734835e+03
757.7380294018718,2.171935906480251106e+03
757.8114609832415,2.178737375915992743e+03
757.884883822762,2.161733702326638195e+03
757.9582576961611,2.166268015283799286e+03
758.0316745087733,2.162867280565928468e+03
758.1050538201592,2.154932232890896103e+03
758.1784703328954,2.149264341694444738e+03
758.2518205742088,2.164000858805218741e+03
758.3252712680576,2.153798654651605830e+03
758.3986211596865,2.148130763455154465e+03
758.4720370175761,2.133394246344380008e+03
758.545415305501,2.116390572755025460e+03
758.6187790176235,2.118657729233606005e+03
758.692185702744,2.115256994515735187e+03
758.7655490229096,2.102787633883541275e+03
758.8389841161411,2.106188368601412549e+03
758.9123470329839,2.115256994515735187e+03
758.985729896929,2.103921212122832003e+03
759.0590923834825,2.103921212122832003e+03
759.1324978677417,2.092585429729928819e+03
759.2058656754364,2.085783960294186727e+03
759.2792419009955,2.073314599661993270e+03
759.3526092466964,2.069913864944122452e+03
759.4259619360007,2.071047443183412724e+03
759.4993807137987,2.080116069097734908e+03
759.5727617631621,2.073314599661993270e+03
759.6461281405926,2.058578082551219268e+03
759.7194798334775,2.054043769594057721e+03
759.79284569346,2.056310926072638267e+03
759.8662199506782,2.033639361286832127e+03
759.9395910557283,2.027971470090380535e+03
760.0129416740881,2.034772939526122400e+03
760.0863064536592,2.015502109458186851e+03
760.1596565064068,2.026837891851090035e+03
760.2330264969562,2.039307252483283719e+03
760.3064048714377,2.037040096004702946e+03
760.3797685035091,2.017769265936767624e+03
760.4531231634235,2.023437157133219216e+03
760.5264341378603,2.021170000654638443e+03
760.5997823891312,2.009834218261735259e+03
760.6731505760081,2.004166327065283667e+03
760.7465329185825,1.988296231715219392e+03
760.8198946901349,1.998498435868832075e+03
760.893195347572,1.990563388193799938e+03
760.9665564561759,1.992830544672380483e+03
761.039908545017,1.995097701150961257e+03
761.1132805694576,1.963357510450832251e+03
761.186574038077,1.972426136365154889e+03
761.2599395757078,1.958823197493670932e+03
761.3332612942629,1.966758245168703297e+03
761.4066319227295,1.954288884536509840e+03
761.4799819030882,1.949754571579348521e+03
761.5532938204132,1.948620993340058021e+03
761.6266430583955,1.949754571579348521e+03
761.6999542102297,1.933884476229284019e+03
761.7733026886444,1.939552367425735611e+03
761.8466130577877,1.930483741511412973e+03
761.9199955907541,1.920281537357800062e+03
761.9932761350078,1.925949428554251654e+03
762.0665998139598,1.919147959118509789e+03
762.1399666484456,1.914613646161348470e+03
762.2132604654904,1.907812176725606605e+03
762.2866264890819,1.906678598486316332e+03
762.3599194586624,1.903277863768445286e+03
762.4332265236651,1.898743550811284194e+03
762.5065244315081,1.906678598486316332e+03
762.5798887714861,1.873804829546897054e+03
762.653209066283,1.893075659614832603e+03
762.726491103933,1.877205564264768100e+03
762.7998163192037,1.856801155957542278e+03
762.8731789131846,1.882873455461219692e+03
762.9464741276457,1.869270516589735735e+03
763.0197834275534,1.842064638846768048e+03
763.0930777014148,1.857934734196832551e+03
763.1663802334256,1.879472720743348646e+03
763.2396735482423,1.852266843000380959e+03
763.312980942364,1.842064638846768048e+03
763.3863024198473,1.839797482368187502e+03
763.4595855263992,1.830728856453864864e+03
763.5329060235777,1.844331795325348821e+03
763.6062114503713,1.829595278214574591e+03
763.6795017940418,1.818259495821671408e+03
763.7528120409493,1.814858761103800589e+03
763.8261013583818,1.817125917582381135e+03
763.8994105781957,1.818259495821671408e+03
763.9727280347157,1.802389400471606905e+03
764.0459486507003,1.800122243993026359e+03
764.1192708849686,1.802389400471606905e+03
764.1925721540134,1.787652883360832902e+03
764.265864123763,1.783118570403671583e+03
764.339170153393,1.797855087514445813e+03
764.4124025979912,1.777450679207219991e+03
764.4857075207827,1.788786461600123175e+03
764.5590265043799,1.780851413925091038e+03
764.6322718534416,1.783118570403671583e+03
764.7055663242454,1.784252148642961856e+03
764.7788689989354,1.762714162096445762e+03
764.8520979783581,1.781984992164381310e+03
764.9254053449329,1.758179849139284670e+03
764.9986623906358,1.760447005617865216e+03
765.0719685894694,1.766114896814316808e+03
765.1451951672625,1.747977644985671759e+03
765.2185001752471,1.747977644985671759e+03
765.2917606634498,1.754779114421413624e+03
765.3650586119669,1.744576910267800713e+03
765.438288577042,1.734374706114187802e+03
765.5115911575078,1.738909019071349121e+03
765.5848491670143,1.727573236678445937e+03
765.6580918875516,1.737775440832058848e+03
765.7313779407682,1.740042597310639394e+03
765.8046193790093,1.728706814917736210e+03
765.8778806952203,1.725306080199865391e+03
765.9511794972256,1.711703141328381435e+03
766.0244043117671,1.740042597310639394e+03
766.0976489972652,1.724172501960574891e+03
766.1709018207467,1.724172501960574891e+03
766.2441451689594,1.718504610764123299e+03
766.31745537396,1.703768093653349297e+03
766.3906973785047,1.700367358935478251e+03
766.4639240114803,1.707168828371220116e+03
766.5371587632285,1.698100202456897705e+03
766.610413388223,1.711703141328381435e+03
766.6836526256157,1.716237454285542753e+03
766.7569058583788,1.711703141328381435e+03
766.8301436890999,1.711703141328381435e+03
766.9033661049401,1.695833045978316932e+03
766.9766319183701,1.678829372388962156e+03
767.049858779082,1.693565889499736386e+03
767.1230937389751,1.676562215910381610e+03
767.196342684586,1.673161481192510564e+03
767.2695820718163,1.681096528867542929e+03
767.3427706741372,1.665226433517478426e+03
767.4160085761127,1.685630841824704248e+03
767.4892545691928,1.669760746474639745e+03
767.5624909794419,1.647089181688833378e+03
767.6357413679548,1.661825698799607380e+03
767.7089173321764,1.658424964081736562e+03
767.7821603029794,1.645955603449543105e+03
767.8553936664732,1.623284038663736510e+03
767.928641001735,1.657291385842446289e+03
768.001843330076,1.635753399295930194e+03
768.0750596156819,1.635753399295930194e+03
768.1482662604737,1.651623494645994697e+03
768.2215104680862,1.635753399295930194e+03
768.2947391311019,1.642554868731672059e+03
768.3679227171707,1.622150460424446237e+03
768.441155676817,1.632352664578059148e+03
768.5143376298478,1.624417616903027010e+03
768.5875985030231,1.621016882185155964e+03
768.6607551772538,1.608547521552962507e+03
768.7340085126597,1.605146786835091461e+03
768.8071930624363,1.608547521552962507e+03
768.8803619892306,1.605146786835091461e+03
768.9535980606818,1.615348990988704372e+03
769.0267948587721,1.601746052117220643e+03
769.0999760176759,1.597211739160059324e+03
769.1732302685929,1.599478895638639870e+03
769.2464097142773,1.597211739160059324e+03
769.3195794118245,1.615348990988704372e+03
769.3928163071785,1.598345317399349597e+03
769.4660079399233,1.589276691485026959e+03
769.5391838897698,1.587009535006446413e+03
769.6123796819868,1.593811004442188278e+03
769.6855538548153,1.597211739160059324e+03
769.7587182425186,1.577940909092123775e+03
769.8319202468393,1.592677426202898005e+03
769.9051421026546,1.576807330852833502e+03
769.97834824532,1.600612473877930142e+03
770.0515030831361,1.571139439656381910e+03
770.1247074085248,1.570005861417091637e+03
770.1978663329771,1.573406596134962683e+03
770.2710688242653,1.556402922545607908e+03
770.3442258887268,1.574540174374252956e+03
770.4173671736539,1.570005861417091637e+03
770.4905282854356,1.537132092477672359e+03
770.5637270444658,1.564337970220640045e+03
770.6369100189285,1.547334296631285270e+03
770.7100771958651,1.538265670716962632e+03
770.7832642087253,1.534864935999091813e+03
770.856459180459,1.524662731845478902e+03
770.9295551317979,1.535998514238382086e+03
771.0027481693259,1.531464201281220767e+03
771.0759313239301,1.500857588820382261e+03
771.1490926926053,1.505391901777543353e+03
771.2222144154819,1.506525480016833853e+03
771.2954094963922,1.522395575366898129e+03
771.368588721728,1.513326949452575718e+03
771.4417223223901,1.488388228188188577e+03
771.5148995537488,1.509926214734704672e+03
771.5880013670636,1.498590432341801488e+03
771.6612063537742,1.496323275863220942e+03
771.734306117772,1.484987493470317759e+03
771.8074852581613,1.509926214734704672e+03
771.8806127402132,1.470250976359543529e+03
771.953783876625,1.501991167059672534e+03
772.0269152446992,1.497456854102511215e+03
772.1000843158894,1.475918867555995121e+03
772.1732135949969,1.487254649948898305e+03
772.2463209463975,1.492922541145349896e+03
772.3195077548475,1.471384554598833802e+03
