X,Y
534.0051269287335,1.715000000000000000e+03
534.0808105837979,1.706000000000000000e+03
534.1564941245075,1.713000000000000000e+03
534.2322387608131,1.708000000000000000e+03
534.3079223194351,1.710000000000000000e+03
534.3836059646314,1.710000000000000000e+03
534.459289487409,1.719000000000000000e+03
534.534973107135,1.706000000000000000e+03
534.6106567862021,1.709000000000000000e+03
534.6863402868432,1.739000000000000000e+03
534.7620238571769,1.726000000000000000e+03
534.8377074881613,1.730000000000000000e+03
534.9134522313972,1.733000000000000000e+03
534.9891358020897,1.755000000000000000e+03
535.0648193202943,1.773000000000000000e+03
535.140502776876,1.760000000000000000e+03
535.2161864491509,1.756000000000000000e+03
535.2918700416792,1.767000000000000000e+03
535.367553831929,1.773000000000000000e+03
535.4432372375885,1.789000000000000000e+03
535.5189208228152,1.785000000000000000e+03
535.594604578686,1.812000000000000000e+03
535.6702882093306,1.785000000000000000e+03
535.745971418549,1.825000000000000000e+03
535.8216553453357,1.809000000000000000e+03
535.8973391196765,1.807000000000000000e+03
535.9730227323798,1.814000000000000000e+03
536.0487061742487,1.816000000000000000e+03
536.1243894360814,1.820000000000000000e+03
536.2000730836918,1.819000000000000000e+03
536.275756820763,1.828000000000000000e+03
536.3514406383212,1.831000000000000000e+03
536.4271239518794,1.830000000000000000e+03
536.5028079033076,1.843000000000000000e+03
536.5784913324379,1.843000000000000000e+03
536.6541748057845,1.844000000000000000e+03
536.7298583143477,1.870000000000000000e+03
536.8055421372837,1.852000000000000000e+03
536.8812254011024,1.862000000000000000e+03
536.9569092495924,1.864000000000000000e+03
537.0325928090099,1.859000000000000000e+03
537.1082763585715,1.882000000000000000e+03
537.1839598892475,1.880000000000000000e+03
537.2596436806508,1.898000000000000000e+03
537.3353268577979,1.887000000000000000e+03
537.411010566398,1.916000000000000000e+03
537.4866335528031,1.900000000000000000e+03
537.5623168365025,1.904000000000000000e+03
537.6380003360828,1.902000000000000000e+03
537.7136843318589,1.912000000000000000e+03
537.7893676583791,1.914000000000000000e+03
537.8650511739759,1.914000000000000000e+03
537.940734869813,1.924000000000000000e+03
538.0164184475874,1.927000000000000000e+03
538.0920408046188,1.925000000000000000e+03
538.1677246810524,1.932000000000000000e+03
538.2434084124591,1.947000000000000000e+03
538.3190919897331,1.935000000000000000e+03
538.3947756936324,1.951000000000000000e+03
538.4704589353845,1.965000000000000000e+03
538.5461425757196,1.964000000000000000e+03
538.6217653920648,1.947000000000000000e+03
538.6974486256656,1.959000000000000000e+03
538.7731322312683,1.965000000000000000e+03
538.8488156195046,2.006000000000000000e+03
538.9244993621073,1.981000000000000000e+03
539.0001221504488,1.996000000000000000e+03
539.0758056867688,1.988000000000000000e+03
539.1514895509623,2.000000000000000000e+03
539.2271725712882,1.995000000000000000e+03
539.3027954051873,2.022000000000000000e+03
539.378479310497,1.997000000000000000e+03
539.4541629264281,2.022000000000000000e+03
539.5298462437939,2.025000000000000000e+03
539.6054689803647,2.015000000000000000e+03
539.6811522386217,2.025000000000000000e+03
539.7568363363963,2.027000000000000000e+03
539.832519225528,2.039000000000000000e+03
539.9081423044014,2.040000000000000000e+03
539.9838259373797,2.071000000000000000e+03
540.0595095003099,2.079000000000000000e+03
540.1351320092971,2.063000000000000000e+03
540.2108150962631,2.067000000000000000e+03
540.2864989617823,2.086000000000000000e+03
540.362121111465,2.058000000000000000e+03
540.4378056155781,2.074000000000000000e+03
540.5134888278695,2.079000000000000000e+03
540.5891111220752,2.078000000000000000e+03
540.6647949195459,2.108000000000000000e+03
540.7404782741969,2.103000000000000000e+03
540.8161009254455,2.102000000000000000e+03
540.8917848125893,2.114000000000000000e+03
540.9674685225426,2.108000000000000000e+03
541.0430911589102,2.124000000000000000e+03
541.1187741775063,2.116000000000000000e+03
541.194457870279,2.113000000000000000e+03
541.2700807045082,2.136000000000000000e+03
541.3457636520761,2.134000000000000000e+03
541.4213865683067,2.142000000000000000e+03
541.497070200242,2.144000000000000000e+03
541.5727541699249,2.151000000000000000e+03
541.648376858336,2.167000000000000000e+03
541.7240599931954,2.152000000000000000e+03
541.7996829685276,2.167000000000000000e+03
541.8753664065381,2.159000000000000000e+03
541.950988459017,2.192000000000000000e+03
542.0266721649095,2.163000000000000000e+03
542.1022953150494,2.193000000000000000e+03
542.1779780782617,2.201000000000000000e+03
542.2536014098382,2.200000000000000000e+03
542.329284076073,2.211000000000000000e+03
542.4049075539548,2.214000000000000000e+03
542.4805912648831,2.225000000000000000e+03
542.5562136767595,2.219000000000000000e+03
542.631897220388,2.213000000000000000e+03
542.7075197075332,2.251000000000000000e+03
542.7832033429272,2.248000000000000000e+03
542.8588255754784,2.255000000000000000e+03
542.9345092673785,2.258000000000000000e+03
543.0101320942985,2.246000000000000000e+03
543.0858158076525,2.259000000000000000e+03
543.1614377193954,2.262000000000000000e+03
543.2371220089141,2.278000000000000000e+03
543.3127444450705,2.297000000000000000e+03
543.3884278000902,2.272000000000000000e+03
543.4640501352047,2.291000000000000000e+03
543.5396728412053,2.303000000000000000e+03
543.6153561952086,2.297000000000000000e+03
543.6909787475163,2.321000000000000000e+03
543.7666625552929,2.319000000000000000e+03
543.8422846228852,2.328000000000000000e+03
543.917907905318,2.325000000000000000e+03
543.9935909887698,2.330000000000000000e+03
544.0692140297832,2.314000000000000000e+03
544.1448361882029,2.345000000000000000e+03
544.220519947648,2.348000000000000000e+03
544.2961426997966,2.348000000000000000e+03
544.3718261809979,2.370000000000000000e+03
544.4474486032625,2.363000000000000000e+03
544.5230709870222,2.382000000000000000e+03
544.5987550137446,2.349000000000000000e+03
544.6743770145879,2.375000000000000000e+03
544.7500001373947,2.355000000000000000e+03
544.8256222965063,2.373000000000000000e+03
544.9013064288619,2.386000000000000000e+03
544.976929025401,2.410000000000000000e+03
545.0525518192319,2.409000000000000000e+03
545.1282345318966,2.423000000000000000e+03
545.2038574139079,2.404000000000000000e+03
545.27947957532,2.445000000000000000e+03
545.3551027912747,2.442000000000000000e+03
545.4307859578726,2.429000000000000000e+03
545.5064085974922,2.465000000000000000e+03
545.582031075963,2.460000000000000000e+03
545.6576539799133,2.468000000000000000e+03
545.7333374615957,2.474000000000000000e+03
545.8089603143547,2.474000000000000000e+03
545.8845823750287,2.493000000000000000e+03
545.9602051246089,2.485000000000000000e+03
546.0358279586479,2.504000000000000000e+03
546.1115111125337,2.509000000000000000e+03
546.1871341062584,2.515000000000000000e+03
546.2627559649052,2.495000000000000000e+03
546.3383790667153,2.536000000000000000e+03
546.4140010154777,2.529000000000000000e+03
546.4896238920949,2.536000000000000000e+03
546.5653080328324,2.554000000000000000e+03
546.6409297699242,2.566000000000000000e+03
546.7165527083374,2.562000000000000000e+03
546.7921753454747,2.555000000000000000e+03
546.8677979714669,2.573000000000000000e+03
546.9434205776232,2.565000000000000000e+03
547.0190431552487,2.574000000000000000e+03
547.0946647977053,2.595000000000000000e+03
547.1703492667542,2.596000000000000000e+03
547.2459723224066,2.603000000000000000e+03
547.3215944163495,2.592000000000000000e+03
547.3972173369806,2.617000000000000000e+03
547.4728389782355,2.613000000000000000e+03
547.5484617288662,2.619000000000000000e+03
547.6240849813485,2.611000000000000000e+03
547.6997072275658,2.618000000000000000e+03
547.7753302583766,2.610000000000000000e+03
547.8509522649341,2.630000000000000000e+03
547.9265750390812,2.636000000000000000e+03
548.0021964706609,2.626000000000000000e+03
548.0778207553666,2.657000000000000000e+03
548.1534418774738,2.661000000000000000e+03
548.2290652357153,2.651000000000000000e+03
548.3046878169241,2.673000000000000000e+03
548.3803093111,2.669000000000000000e+03
548.4559330175531,2.657000000000000000e+03
548.5315556197277,2.684000000000000000e+03
548.6071771080813,2.682000000000000000e+03
548.6828010856999,2.692000000000000000e+03
548.7584221255744,2.692000000000000000e+03
548.834045337373,2.694000000000000000e+03
548.9096673999533,2.691000000000000000e+03
548.9852904134418,2.698000000000000000e+03
549.0609137670749,2.724000000000000000e+03
549.1364750314843,2.709000000000000000e+03
549.2120978166789,2.723000000000000000e+03
549.2877191060418,2.729000000000000000e+03
549.3633428131332,2.724000000000000000e+03
549.4389653087501,2.756000000000000000e+03
549.5145865832915,2.755000000000000000e+03
549.590210251744,2.766000000000000000e+03
549.665832681899,2.765000000000000000e+03
549.7413946298766,2.781000000000000000e+03
549.8170160497809,2.768000000000000000e+03
549.8926398319383,2.775000000000000000e+03
549.9682623401311,2.767000000000000000e+03
550.0438835647246,2.789000000000000000e+03
550.1195068250248,2.795000000000000000e+03
550.1950679386268,2.797000000000000000e+03
550.2706906900269,2.796000000000000000e+03
550.3463136366366,2.810000000000000000e+03
550.421935255224,2.828000000000000000e+03
550.4975591726949,2.840000000000000000e+03
550.5731205123872,2.832000000000000000e+03
550.6487432287166,2.848000000000000000e+03
550.7243648844632,2.846000000000000000e+03
550.7999885039992,2.880000000000000000e+03
550.8755494425731,2.856000000000000000e+03
550.951172094361,2.859000000000000000e+03
551.0267951682852,2.923000000000000000e+03
551.1024165301448,2.887000000000000000e+03
551.1779790561093,2.891000000000000000e+03
551.2536012026161,2.918000000000000000e+03
551.3292237372492,2.901000000000000000e+03
551.4047855382855,2.931000000000000000e+03
551.4804066788231,2.908000000000000000e+03
551.5560303111364,2.921000000000000000e+03
551.6315910047903,2.924000000000000000e+03
551.7072150175466,2.962000000000000000e+03
551.7828375420726,2.955000000000000000e+03
551.8583991818102,2.934000000000000000e+03
551.9340205121266,2.948000000000000000e+03
552.0096436778041,2.968000000000000000e+03
552.0852040546326,2.981000000000000000e+03
552.1608281083562,2.970000000000000000e+03
552.2363887123648,2.987000000000000000e+03
552.3120111809802,2.980000000000000000e+03
552.3876339198484,2.992000000000000000e+03
552.4631955723437,3.031000000000000000e+03
552.5388185047575,2.994000000000000000e+03
552.614380300461,2.990000000000000000e+03
552.6900021708618,2.997000000000000000e+03
552.765564075718,3.000000000000000000e+03
552.8411860712373,3.027000000000000000e+03
552.9168082777293,3.034000000000000000e+03
552.9923707499584,3.048000000000000000e+03
553.0679933370403,3.008000000000000000e+03
553.1435543046211,3.032000000000000000e+03
553.2191769324178,3.017000000000000000e+03
553.2947381962192,3.054000000000000000e+03
553.3703611371725,3.036000000000000000e+03
553.4459223575054,3.026000000000000000e+03
553.521545578136,3.055000000000000000e+03
553.5971070276289,3.071000000000000000e+03
553.6727301879512,3.043000000000000000e+03
553.74829183306,3.066000000000000000e+03
553.823851714682,3.097000000000000000e+03
553.8994751723073,3.085000000000000000e+03
553.9750367322185,3.090000000000000000e+03
554.050658510177,3.097000000000000000e+03
554.1262201811371,3.102000000000000000e+03
554.2018439290302,3.107000000000000000e+03
554.2774053707294,3.091000000000000000e+03
554.3529671374815,3.101000000000000000e+03
554.4285888549837,3.116000000000000000e+03
554.5041506486573,3.116000000000000000e+03
554.579712127434,3.168000000000000000e+03
554.6553335805664,3.155000000000000000e+03
554.7308950353918,3.144000000000000000e+03
554.8065186350868,3.173000000000000000e+03
554.8820800328116,3.176000000000000000e+03
554.9576410728757,3.155000000000000000e+03
555.0332642831411,3.215000000000000000e+03
555.108825215094,3.190000000000000000e+03
555.1843863800646,3.195000000000000000e+03
555.2599490030949,3.199000000000000000e+03
555.3355716725129,3.221000000000000000e+03
555.4111322702728,3.217000000000000000e+03
555.486694610333,3.213000000000000000e+03
555.5623170204691,3.246000000000000000e+03
555.6378788265472,3.247000000000000000e+03
555.7134408077316,3.246000000000000000e+03
555.7890023379755,3.271000000000000000e+03
555.8646239696742,3.264000000000000000e+03
555.9401852063803,3.300000000000000000e+03
556.0157462753666,3.282000000000000000e+03
556.0913090235443,3.307000000000000000e+03
556.1668694227267,3.298000000000000000e+03
556.2424921284115,3.341000000000000000e+03
556.3180540060974,3.326000000000000000e+03
556.3936159838638,3.342000000000000000e+03
556.46917743411,3.303000000000000000e+03
556.544738657784,3.356000000000000000e+03
556.6202993365139,3.332000000000000000e+03
556.6959226832005,3.351000000000000000e+03
556.7714847427467,3.357000000000000000e+03
556.8470468524312,3.356000000000000000e+03
556.9226065226395,3.372000000000000000e+03
556.9981696377276,3.376000000000000000e+03
557.0737306061917,3.401000000000000000e+03
557.1492912804306,3.394000000000000000e+03
557.2248535148585,3.384000000000000000e+03
557.3004154389016,3.392000000000000000e+03
557.3759767333004,3.417000000000000000e+03
557.451598607399,3.416000000000000000e+03
557.5271614300829,3.425000000000000000e+03
557.6027217325554,3.425000000000000000e+03
557.6782835475029,3.414000000000000000e+03
557.7538450012918,3.408000000000000000e+03
557.8294060853028,3.444000000000000000e+03
557.9049686584602,3.429000000000000000e+03
557.9805305342576,3.458000000000000000e+03
558.0560904581027,3.467000000000000000e+03
558.1316534042687,3.447000000000000000e+03
558.2072143813721,3.475000000000000000e+03
558.2827764962979,3.470000000000000000e+03
558.3583381828406,3.452000000000000000e+03
558.4338994323449,3.458000000000000000e+03
558.5094602361507,3.494000000000000000e+03
558.5850224576968,3.483000000000000000e+03
558.6605230453073,3.456000000000000000e+03
558.7360843175928,3.498000000000000000e+03
558.8116447982349,3.485000000000000000e+03
558.8872066647817,3.501000000000000000e+03
558.9627683478695,3.533000000000000000e+03
559.0383292140123,3.503000000000000000e+03
559.1138914425185,3.535000000000000000e+03
559.1894531500513,3.499000000000000000e+03
559.2650140151281,3.534000000000000000e+03
559.3405155236203,3.546000000000000000e+03
559.4160774775995,3.541000000000000000e+03
559.491638563738,3.565000000000000000e+03
559.5671990861741,3.564000000000000000e+03
559.6427612285802,3.560000000000000000e+03
559.7183224777227,3.577000000000000000e+03
559.7938239112091,3.578000000000000000e+03
559.8693855251184,3.585000000000000000e+03
559.9449468470373,3.588000000000000000e+03
560.0205075548458,3.609000000000000000e+03
560.0960695220344,3.621000000000000000e+03
560.1715693553381,3.633000000000000000e+03
560.2471316053342,3.641000000000000000e+03
560.3226935219939,3.596000000000000000e+03
560.3982544687057,3.637000000000000000e+03
560.4737553798353,3.651000000000000000e+03
560.549316857351,3.668000000000000000e+03
560.6248776534629,3.656000000000000000e+03
560.70037802624,3.675000000000000000e+03
560.7759393038835,3.679000000000000000e+03
560.8515017620771,3.698000000000000000e+03
560.9270018364357,3.717000000000000000e+03
561.0025625253518,3.733000000000000000e+03
561.0781246855694,3.734000000000000000e+03
561.1536262760454,3.716000000000000000e+03
561.2291866163674,3.752000000000000000e+03
561.304748089255,3.749000000000000000e+03
561.3802492335784,3.763000000000000000e+03
561.4558107265045,3.783000000000000000e+03
561.5313717522904,3.791000000000000000e+03
561.6068723759059,3.819000000000000000e+03
561.6824333719698,3.806000000000000000e+03
561.7579339169324,3.802000000000000000e+03
561.8334954817075,3.838000000000000000e+03
561.9089955995389,3.789000000000000000e+03
561.9845564375671,3.824000000000000000e+03
562.0601218043322,3.832000000000000000e+03
562.1356190160956,3.856000000000000000e+03
562.2111807638972,3.836000000000000000e+03
562.2866837867199,3.842000000000000000e+03
562.3622450420103,3.859000000000000000e+03
562.4377443607594,3.863000000000000000e+03
562.5133050891404,3.861000000000000000e+03
562.5888069961169,3.854000000000000000e+03
562.6643671648543,3.860000000000000000e+03
562.739868463935,3.873000000000000000e+03
562.8154280394092,3.893000000000000000e+03
562.8909286969488,3.896000000000000000e+03
562.9664305978828,3.899000000000000000e+03
563.0419939681478,3.902000000000000000e+03
563.1174920085415,3.906000000000000000e+03
563.19305470474,3.898000000000000000e+03
563.2685551920358,3.878000000000000000e+03
563.3440568835294,3.900000000000000000e+03
563.419616911542,3.936000000000000000e+03
563.4951146546897,3.898000000000000000e+03
563.5706770994776,3.913000000000000000e+03
563.6461803879624,3.931000000000000000e+03
563.7216816652208,3.939000000000000000e+03
563.7972413162915,3.941000000000000000e+03
563.8727417375509,3.952000000000000000e+03
563.948243300408,3.956000000000000000e+03
564.0238032597638,3.974000000000000000e+03
564.0993039174446,3.965000000000000000e+03
564.1748025104577,3.978000000000000000e+03
564.2503658884998,3.969000000000000000e+03
564.3258667100131,3.977000000000000000e+03
564.4013686264184,4.013000000000000000e+03
564.4768684441426,3.987000000000000000e+03
564.5524298972744,4.013000000000000000e+03
564.6279318813953,4.003000000000000000e+03
564.7034317408531,4.034000000000000000e+03
564.7789326555933,4.029000000000000000e+03
564.8544314277575,4.051000000000000000e+03
564.9299918767013,4.077000000000000000e+03
565.005495928257,4.074000000000000000e+03
565.0809946197296,4.090000000000000000e+03
565.1564943267665,4.053000000000000000e+03
565.2319918472216,4.094000000000000000e+03
565.3075574772264,4.075000000000000000e+03
565.3830570069348,4.090000000000000000e+03
565.4585575213804,4.103000000000000000e+03
565.5340558149843,4.111000000000000000e+03
565.6095582761728,4.119000000000000000e+03
565.6850585002172,4.100000000000000000e+03
565.760556477251,4.139000000000000000e+03
565.8360618025167,4.157000000000000000e+03
565.9116225122199,4.146000000000000000e+03
565.9871233197282,4.178000000000000000e+03
566.0626218458439,4.190000000000000000e+03
566.1381244909254,4.229000000000000000e+03
566.2136216322725,4.223000000000000000e+03
566.289126084757,4.260000000000000000e+03
566.3646250154166,4.260000000000000000e+03
566.4401248288668,4.271000000000000000e+03
566.5156223083626,4.278000000000000000e+03
566.5911238644974,4.285000000000000000e+03
566.666626281373,4.296000000000000000e+03
566.7421263396649,4.310000000000000000e+03
566.8176240294433,4.304000000000000000e+03
566.8931289818083,4.306000000000000000e+03
566.9686283363882,4.333000000000000000e+03
567.044128511452,4.317000000000000000e+03
567.1196262833736,4.366000000000000000e+03
567.1951280764068,4.344000000000000000e+03
567.2706306677735,4.346000000000000000e+03
567.3460696737624,4.347000000000000000e+03
567.4215706028087,4.375000000000000000e+03
567.4970690857559,4.391000000000000000e+03
567.5725715554013,4.365000000000000000e+03
567.6480715624202,4.372000000000000000e+03
567.7235723199296,4.365000000000000000e+03
567.7990705965543,4.375000000000000000e+03
567.8745728319317,4.380000000000000000e+03
567.9500112820856,4.405000000000000000e+03
568.0255117228037,4.404000000000000000e+03
568.1010128751681,4.410000000000000000e+03
568.1765115034954,4.404000000000000000e+03
568.2520140559766,4.387000000000000000e+03
568.327455928513,4.403000000000000000e+03
568.4029533742392,4.403000000000000000e+03
568.478454722623,4.387000000000000000e+03
568.5539535037092,4.411000000000000000e+03
568.6293947397575,4.409000000000000000e+03
568.7048948100362,4.420000000000000000e+03
568.7803955214323,4.400000000000000000e+03
568.8558968664703,4.411000000000000000e+03
568.9313373379196,4.414000000000000000e+03
569.0068366737867,4.421000000000000000e+03
569.0823366191238,4.422000000000000000e+03
569.1577756177235,4.417000000000000000e+03
569.2332767431898,4.419000000000000000e+03
569.3087752145101,4.428000000000000000e+03
569.3842159078702,4.445000000000000000e+03
569.4597155117148,4.457000000000000000e+03
569.5352189219938,4.454000000000000000e+03
569.6106547533757,4.455000000000000000e+03
569.6861592519366,4.472000000000000000e+03
569.7615961204366,4.461000000000000000e+03
569.8370951828829,4.472000000000000000e+03
569.9125980167112,4.477000000000000000e+03
569.9880363908212,4.494000000000000000e+03
570.063540235015,4.475000000000000000e+03
570.1389763193972,4.513000000000000000e+03
570.2144778914571,4.515000000000000000e+03
570.2899149030349,4.512000000000000000e+03
570.3654174215969,4.528000000000000000e+03
570.4408585841445,4.523000000000000000e+03
570.516355510032,4.543000000000000000e+03
570.5917975400971,4.572000000000000000e+03
570.6672953476274,4.563000000000000000e+03
570.7427349574187,4.574000000000000000e+03
570.8182368737373,4.573000000000000000e+03
570.8936740294567,4.598000000000000000e+03
570.9691767675921,4.612000000000000000e+03
571.044617956385,4.625000000000000000e+03
571.120118225025,4.629000000000000000e+03
571.1955568946336,4.640000000000000000e+03
571.2709959150741,4.631000000000000000e+03
571.3464973017159,4.658000000000000000e+03
571.4219370173379,4.657000000000000000e+03
571.4974358505949,4.689000000000000000e+03
571.5728729630794,4.655000000000000000e+03
571.6483169221735,4.714000000000000000e+03
571.7238167556269,4.713000000000000000e+03
571.7992547962239,4.723000000000000000e+03
571.874696395271,4.743000000000000000e+03
571.9501938880238,4.738000000000000000e+03
572.0256327861869,4.760000000000000000e+03
572.1010752224225,4.749000000000000000e+03
572.1765735734161,4.742000000000000000e+03
572.2520132602132,4.780000000000000000e+03
572.3274531890821,4.769000000000000000e+03
572.4028933523459,4.769000000000000000e+03
572.4783960113044,4.800000000000000000e+03
572.5538333585442,4.804000000000000000e+03
572.6292741944405,4.805000000000000000e+03
572.7047119540778,4.794000000000000000e+03
572.780212242593,4.806000000000000000e+03
572.8556503993934,4.820000000000000000e+03
572.9310920175104,4.821000000000000000e+03
573.0065305250978,4.832000000000000000e+03
573.0819691960772,4.822000000000000000e+03
573.1574080227304,4.799000000000000000e+03
573.232909430562,4.821000000000000000e+03
573.3083485618251,4.850000000000000000e+03
573.3837911132744,4.832000000000000000e+03
573.4592305026606,4.828000000000000000e+03
573.5346700090696,4.818000000000000000e+03
573.6101096247586,4.819000000000000000e+03
573.6855493419805,4.815000000000000000e+03
573.7609858609676,4.827000000000000000e+03
573.8364257571322,4.814000000000000000e+03
573.9118624378157,4.831000000000000000e+03
573.9873057764995,4.833000000000000000e+03
574.0627425886909,4.839000000000000000e+03
574.1382453810519,4.821000000000000000e+03
574.2136823092575,4.850000000000000000e+03
574.2891225732211,4.847000000000000000e+03
574.3645628688121,4.857000000000000000e+03
574.4399404917988,4.840000000000000000e+03
574.5153808108072,4.863000000000000000e+03
574.5908178365182,4.845000000000000000e+03
574.6662581633567,4.864000000000000000e+03
574.7416984828392,4.855000000000000000e+03
574.8171387871569,4.863000000000000000e+03
574.8925790684976,4.888000000000000000e+03
574.9680160131622,4.863000000000000000e+03
575.0434562242268,4.861000000000000000e+03
575.1188930812343,4.901000000000000000e+03
575.1943364992081,4.895000000000000000e+03
575.2697765474628,4.886000000000000000e+03
575.3451536315831,4.905000000000000000e+03
575.4205935156243,4.949000000000000000e+03
575.4960333140378,4.935000000000000000e+03
575.5714730189743,4.915000000000000000e+03
575.6469093088864,4.928000000000000000e+03
575.7223521169975,4.938000000000000000e+03
575.7977285011834,4.972000000000000000e+03
575.8731677371276,4.974000000000000000e+03
575.9486101574518,4.950000000000000000e+03
576.0240491208147,4.980000000000000000e+03
576.0994281953324,4.999000000000000000e+03
576.1748668380864,4.979000000000000000e+03
576.2503053165299,5.031000000000000000e+03
576.3257436227722,5.032000000000000000e+03
576.401121946027,5.023000000000000000e+03
576.4765631917769,5.057000000000000000e+03
576.5520009192454,5.049000000000000000e+03
576.627378593058,5.078000000000000000e+03
576.7028192152051,5.082000000000000000e+03
576.7782596194585,5.065000000000000000e+03
576.8536365734708,5.096000000000000000e+03
576.9290798301113,5.086000000000000000e+03
577.0045161881444,5.108000000000000000e+03
577.0798956812308,5.134000000000000000e+03
577.1553348449369,5.122000000000000000e+03
577.2307737431714,5.118000000000000000e+03
577.3061523771543,5.159000000000000000e+03
577.3815940386273,5.149000000000000000e+03
577.4569687212091,5.165000000000000000e+03
577.5324097821534,5.161000000000000000e+03
577.6077871497567,5.149000000000000000e+03
577.6832275791974,5.181000000000000000e+03
577.7586042662564,5.167000000000000000e+03
577.8340473712362,5.173000000000000000e+03
577.9094233467189,5.204000000000000000e+03
577.9848624183549,5.157000000000000000e+03
578.06024099099,5.202000000000000000e+03
578.1356826786689,5.222000000000000000e+03
578.2110604784385,5.230000000000000000e+03
578.2865014103915,5.189000000000000000e+03
578.3618750602704,5.213000000000000000e+03
578.4373152036164,5.208000000000000000e+03
578.5126947075182,5.240000000000000000e+03
578.5880737744064,5.229000000000000000e+03
578.6635160180301,5.208000000000000000e+03
578.7388908540094,5.232000000000000000e+03
578.8143322323514,5.244000000000000000e+03
578.8897095032095,5.263000000000000000e+03
578.9650862969057,5.237000000000000000e+03
579.0405296629765,5.252000000000000000e+03
579.1159054956761,5.240000000000000000e+03
579.1912841817008,5.249000000000000000e+03
579.2667227590988,5.282000000000000000e+03
579.3421004375672,5.228000000000000000e+03
579.4174809495532,5.241000000000000000e+03
579.4928575733711,5.255000000000000000e+03
579.5682974782039,5.278000000000000000e+03
579.6436763906835,5.229000000000000000e+03
579.7190547488921,5.236000000000000000e+03
579.7944325447469,5.243000000000000000e+03
579.8698736574771,5.231000000000000000e+03
579.9452503209693,5.256000000000000000e+03
580.0206297620755,5.251000000000000000e+03
580.0960086102061,5.269000000000000000e+03
580.1713868572579,5.241000000000000000e+03
580.2467678619868,5.262000000000000000e+03
580.3222055027192,5.259000000000000000e+03
580.3975819144985,5.268000000000000000e+03
580.472964431725,5.293000000000000000e+03
580.5483361997073,5.280000000000000000e+03
580.6237208011142,5.269000000000000000e+03
580.6990980056318,5.266000000000000000e+03
580.774474545852,5.264000000000000000e+03
580.8498537875009,5.282000000000000000e+03
580.9252289755794,5.266000000000000000e+03
581.0006743628959,5.291000000000000000e+03
581.0760481837603,5.257000000000000000e+03
581.1514280543308,5.261000000000000000e+03
581.2268072152121,5.303000000000000000e+03
581.3021822791188,5.298000000000000000e+03
581.3775633752501,5.320000000000000000e+03
581.4529437389426,5.292000000000000000e+03
581.5283199802694,5.343000000000000000e+03
581.6036988536778,5.342000000000000000e+03
581.6790160670166,5.322000000000000000e+03
581.7543934024975,5.317000000000000000e+03
581.8297699646201,5.342000000000000000e+03
581.9051525174606,5.342000000000000000e+03
581.9805308970429,5.383000000000000000e+03
582.0559084804219,5.374000000000000000e+03
582.1312852593902,5.373000000000000000e+03
582.206668005028,5.399000000000000000e+03
582.2820397617667,5.397000000000000000e+03
582.3574242532981,5.429000000000000000e+03
582.4327366749485,5.414000000000000000e+03
582.508116082625,5.415000000000000000e+03
582.5834946400697,5.446000000000000000e+03
582.658872339047,5.421000000000000000e+03
582.7342525671091,5.464000000000000000e+03
582.8095673852416,5.451000000000000000e+03
582.8849492395216,5.473000000000000000e+03
582.9603268074364,5.458000000000000000e+03
583.0357068767066,5.472000000000000000e+03
583.1110214380087,5.498000000000000000e+03
583.1864030744695,5.481000000000000000e+03
583.2617769878166,5.528000000000000000e+03
583.3371601786139,5.530000000000000000e+03
583.4124743613642,5.519000000000000000e+03
583.4878556582576,5.528000000000000000e+03
583.5632325991093,5.538000000000000000e+03
583.6385472652148,5.564000000000000000e+03
583.7139290751193,5.546000000000000000e+03
583.7893065032263,5.576000000000000000e+03
583.8646249949269,5.562000000000000000e+03
583.9400004322508,5.597000000000000000e+03
584.0153168866366,5.583000000000000000e+03
584.0907005347968,5.596000000000000000e+03
584.1660763462396,5.594000000000000000e+03
584.2413965200363,5.558000000000000000e+03
584.3167736762043,5.570000000000000000e+03
584.3920917365156,5.595000000000000000e+03
584.4674702084938,5.578000000000000000e+03
584.5427861228587,5.581000000000000000e+03
584.6181658817017,5.586000000000000000e+03
584.6934796176279,5.581000000000000000e+03
584.7688572148127,5.598000000000000000e+03
584.8441755797492,5.578000000000000000e+03
584.919554404934,5.614000000000000000e+03
584.9948739529473,5.595000000000000000e+03
585.0702539779767,5.600000000000000000e+03
585.145567832981,5.587000000000000000e+03
585.2208873808705,5.589000000000000000e+03
585.2962674300239,5.568000000000000000e+03
585.3715812355221,5.600000000000000000e+03
585.446962410467,5.587000000000000000e+03
585.522277293224,5.603000000000000000e+03
585.5975978392732,5.589000000000000000e+03
585.6729720672993,5.612000000000000000e+03
585.7482902189189,5.580000000000000000e+03
585.8236071536562,5.582000000000000000e+03
585.8989880858402,5.611000000000000000e+03
585.9743025783406,5.585000000000000000e+03
586.0496192632522,5.555000000000000000e+03
586.1249381347992,5.573000000000000000e+03
586.200317604434,5.595000000000000000e+03
586.2756374097312,5.603000000000000000e+03
586.3509525064017,5.593000000000000000e+03
586.4262697612708,5.605000000000000000e+03
586.5016510856912,5.590000000000000000e+03
586.576965774025,5.596000000000000000e+03
586.6522825996321,5.586000000000000000e+03
586.7275981142149,5.627000000000000000e+03
586.8029157526896,5.598000000000000000e+03
586.878297505942,5.616000000000000000e+03
586.9536125003841,5.604000000000000000e+03
587.0289295977367,5.624000000000000000e+03
587.1042487921765,5.612000000000000000e+03
587.1795666300785,5.644000000000000000e+03
587.2548831029591,5.595000000000000000e+03
587.3301982023304,5.621000000000000000e+03
587.4055153701529,5.622000000000000000e+03
587.4808346005856,5.622000000000000000e+03
587.5561558877838,5.682000000000000000e+03
587.631468866577,5.658000000000000000e+03
587.7067838851247,5.726000000000000000e+03
587.78216658026,5.673000000000000000e+03
587.8574856775697,5.723000000000000000e+03
587.9328033404089,5.717000000000000000e+03
588.0080538670875,5.704000000000000000e+03
588.0833720770029,5.725000000000000000e+03
588.1586888286358,5.739000000000000000e+03
588.234007573644,5.754000000000000000e+03
588.3093248450679,5.729000000000000000e+03
588.3846440963296,5.789000000000000000e+03
588.4599618586897,5.771000000000000000e+03
588.5352781235977,5.794000000000000000e+03
588.6105963471232,5.813000000000000000e+03
588.6859130578563,5.808000000000000000e+03
588.761231713632,5.826000000000000000e+03
588.8364864301399,5.799000000000000000e+03
588.9118020050827,5.812000000000000000e+03
588.9871195037894,5.866000000000000000e+03
589.0624389203426,5.823000000000000000e+03
589.1377567779897,5.827000000000000000e+03
589.2130730681441,5.829000000000000000e+03
589.2883287478853,5.900000000000000000e+03
589.3636453356847,5.881000000000000000e+03
589.4389638063658,5.896000000000000000e+03
589.5142806787193,5.887000000000000000e+03
589.5895403256021,5.884000000000000000e+03
589.6648574383153,5.890000000000000000e+03
589.740176406581,5.885000000000000000e+03
589.8154276479908,5.855000000000000000e+03
589.8907468120178,5.921000000000000000e+03
589.9660643313503,5.884000000000000000e+03
590.0413210120631,5.896000000000000000e+03
590.1166352010036,5.906000000000000000e+03
590.1919546858783,5.909000000000000000e+03
590.2672132644499,5.940000000000000000e+03
590.3425293741994,5.921000000000000000e+03
590.4177880160598,5.899000000000000000e+03
590.4931042037921,5.937000000000000000e+03
590.568418683014,5.929000000000000000e+03
590.643675627467,5.897000000000000000e+03
590.7189936284246,5.918000000000000000e+03
590.7942505619948,5.925000000000000000e+03
590.8695685685237,5.881000000000000000e+03
590.9448219696872,5.909000000000000000e+03
591.0201399515241,5.878000000000000000e+03
591.0953967743105,5.905000000000000000e+03
591.1707147029425,5.931000000000000000e+03
591.2459714266577,5.885000000000000000e+03
591.3212892726514,5.917000000000000000e+03
591.3965458678394,5.904000000000000000e+03
591.4718006307248,5.915000000000000000e+03
591.547116539627,5.925000000000000000e+03
591.6223746281325,5.873000000000000000e+03
591.6976903797901,5.896000000000000000e+03
591.7729482668865,5.904000000000000000e+03
591.8482042834247,5.862000000000000000e+03
591.9235214878881,5.916000000000000000e+03
591.9987807623979,5.897000000000000000e+03
592.0740346381908,5.896000000000000000e+03
592.1493532320127,5.903000000000000000e+03
592.2246103231383,5.905000000000000000e+03
592.2998654966053,5.933000000000000000e+03
592.3751222527409,5.928000000000000000e+03
592.4504402550338,5.919000000000000000e+03
592.5256966625434,5.926000000000000000e+03
592.6009511209176,5.926000000000000000e+03
592.6762106466866,5.925000000000000000e+03
592.7515244260364,5.926000000000000000e+03
592.8267835455117,5.915000000000000000e+03
592.9020371707703,5.970000000000000000e+03
592.9772958390107,5.950000000000000000e+03
593.0525489954576,5.933000000000000000e+03
593.1278071826566,5.973000000000000000e+03
593.2031266995527,5.944000000000000000e+03
593.2783808730474,5.984000000000000000e+03
593.3536365391337,5.983000000000000000e+03
593.4288936916811,5.981000000000000000e+03
593.5041488020836,5.992000000000000000e+03
593.5794089082539,6.006000000000000000e+03
593.6546634339551,5.979000000000000000e+03
593.729919417986,6.000000000000000000e+03
593.8051733281523,6.005000000000000000e+03
593.8804322095,6.026000000000000000e+03
593.955689002888,6.029000000000000000e+03
594.0309472282032,6.054000000000000000e+03
594.1061998200399,6.052000000000000000e+03
594.1814573584147,6.052000000000000000e+03
594.2567163084306,6.061000000000000000e+03
594.3319695993049,6.052000000000000000e+03
594.4072278190921,6.071000000000000000e+03
594.4824803620132,6.083000000000000000e+03
594.5577413564724,6.087000000000000000e+03
594.6329931222317,6.077000000000000000e+03
594.7082533289405,6.083000000000000000e+03
594.7834441469494,6.102000000000000000e+03
594.85870352054,6.088000000000000000e+03
594.9339607052526,6.112000000000000000e+03
595.0092192325558,6.093000000000000000e+03
595.0844720137306,6.114000000000000000e+03
595.1596694470827,6.123000000000000000e+03
595.2349248608839,6.119000000000000000e+03
595.310178044894,6.119000000000000000e+03
595.3854360798784,6.140000000000000000e+03
595.4606918708308,6.136000000000000000e+03
595.5358886627483,6.112000000000000000e+03
595.611147019589,6.146000000000000000e+03
595.6864031092157,6.149000000000000000e+03
595.7615965842728,6.156000000000000000e+03
595.836855197865,6.128000000000000000e+03
595.9121115210278,6.125000000000000000e+03
595.9873051606659,6.175000000000000000e+03
596.0625604137975,6.192000000000000000e+03
596.1378169052595,6.159000000000000000e+03
596.2130106441916,6.168000000000000000e+03
596.2882695773723,6.184000000000000000e+03
596.3635261735925,6.175000000000000000e+03
596.4387199482267,6.162000000000000000e+03
596.5139753866564,6.205000000000000000e+03
596.5891715160268,6.130000000000000000e+03
596.6644293271388,6.133000000000000000e+03
596.739624225117,6.152000000000000000e+03
596.8148808209818,6.168000000000000000e+03
596.8900744570072,6.139000000000000000e+03
596.9653333707323,6.178000000000000000e+03
597.0405257151125,6.156000000000000000e+03
597.115786920592,6.153000000000000000e+03
597.1909779436049,6.150000000000000000e+03
597.2662342801653,6.129000000000000000e+03
597.3414275184313,6.153000000000000000e+03
597.4166254158234,6.148000000000000000e+03
597.491885088153,6.155000000000000000e+03
597.5670780238231,6.132000000000000000e+03
597.6423327487403,6.153000000000000000e+03
597.7175242592349,6.124000000000000000e+03
597.792720398088,6.170000000000000000e+03
597.8679783530253,6.148000000000000000e+03
597.9431801766776,6.164000000000000000e+03
598.0183687346421,6.126000000000000000e+03
598.0936227072775,6.132000000000000000e+03
598.1688204827943,6.133000000000000000e+03
598.2440156960317,6.153000000000000000e+03
598.3192119177841,6.115000000000000000e+03
598.3944735953452,6.145000000000000000e+03
598.4696646678975,6.114000000000000000e+03
598.5448638913675,6.136000000000000000e+03
598.6200605143976,6.130000000000000000e+03
598.6952545279034,6.134000000000000000e+03
598.7705032869707,6.128000000000000000e+03
598.845702827054,6.135000000000000000e+03
598.9209033228055,6.147000000000000000e+03
598.9960940039387,6.138000000000000000e+03
599.0712892114018,6.133000000000000000e+03
599.1464853517283,6.147000000000000000e+03
599.2216788278446,6.144000000000000000e+03
599.2968768137707,6.118000000000000000e+03
599.3720685283897,6.170000000000000000e+03
599.4472683333562,6.165000000000000000e+03
599.5225229531976,6.147000000000000000e+03
599.5977173765003,6.142000000000000000e+03
599.6729126841367,6.159000000000000000e+03
599.7481088696748,6.178000000000000000e+03
599.8232987309193,6.164000000000000000e+03
599.8985002499289,6.193000000000000000e+03
599.9736306356483,6.177000000000000000e+03
600.0488302503571,6.206000000000000000e+03
600.1240271092662,6.181000000000000000e+03
600.1992212032151,6.184000000000000000e+03
600.274408919746,6.194000000000000000e+03
600.3496082679649,6.188000000000000000e+03
600.4248084342357,6.208000000000000000e+03
600.499998594085,6.227000000000000000e+03
600.5751931605373,6.201000000000000000e+03
600.6503235814662,6.242000000000000000e+03
600.7255197152398,6.234000000000000000e+03
600.8007166310834,6.280000000000000000e+03
600.875914322513,6.277000000000000000e+03
600.9511163944641,6.221000000000000000e+03
601.0262433719869,6.245000000000000000e+03
601.1014361076029,6.277000000000000000e+03
601.1766404316174,6.295000000000000000e+03
601.2518346554406,6.272000000000000000e+03
601.3269681412486,6.292000000000000000e+03
601.4021565754814,6.270000000000000000e+03
601.4773565793163,6.308000000000000000e+03
601.55249578129,6.289000000000000000e+03
601.6276863350764,6.310000000000000000e+03
601.7028775856559,6.283000000000000000e+03
601.7780115846128,6.343000000000000000e+03
601.8532078169892,6.298000000000000000e+03
601.9284011052009,6.329000000000000000e+03
602.0035370787526,6.331000000000000000e+03
602.0787353122603,6.292000000000000000e+03
602.1538653131911,6.343000000000000000e+03
602.2290648417321,6.281000000000000000e+03
602.3041960901958,6.308000000000000000e+03
602.3793896303448,6.295000000000000000e+03
602.4545329868457,6.300000000000000000e+03
602.52972050603,6.310000000000000000e+03
602.6048541681286,6.318000000000000000e+03
602.6800537894703,6.309000000000000000e+03
602.7551886194266,6.319000000000000000e+03
602.8303821600039,6.335000000000000000e+03
602.9055217646458,6.325000000000000000e+03
602.9807128258426,6.326000000000000000e+03
603.055846272166,6.329000000000000000e+03
603.1309766185691,6.326000000000000000e+03
603.2061729886882,6.325000000000000000e+03
603.281308042969,6.323000000000000000e+03
603.3564436151993,6.298000000000000000e+03
603.4316452421198,6.325000000000000000e+03
603.5067745623387,6.319000000000000000e+03
603.5819116632719,6.332000000000000000e+03
603.6571039159869,6.310000000000000000e+03
603.732238361985,6.293000000000000000e+03
603.8073696385936,6.315000000000000000e+03
603.8825123234259,6.302000000000000000e+03
603.9576992468579,6.317000000000000000e+03
604.0328355724649,6.319000000000000000e+03
604.1079723479853,6.269000000000000000e+03
604.1831095667776,6.257000000000000000e+03
604.2582983401253,6.267000000000000000e+03
604.3334364382367,6.285000000000000000e+03
604.4085676534826,6.276000000000000000e+03
604.4836992817685,6.296000000000000000e+03
604.5588422811774,6.284000000000000000e+03
604.6339747182885,6.255000000000000000e+03
604.7091075484526,6.307000000000000000e+03
604.7842444226404,6.300000000000000000e+03
604.859378019808,6.315000000000000000e+03
604.9345046710955,6.333000000000000000e+03
605.009704892442,6.312000000000000000e+03
605.0848359419433,6.288000000000000000e+03
605.1599746669862,6.297000000000000000e+03
605.23510275086,6.330000000000000000e+03
605.310245826721,6.306000000000000000e+03
605.3853159408447,6.290000000000000000e+03
605.4604486674336,6.324000000000000000e+03
605.535581711707,6.291000000000000000e+03
605.6107150669574,6.302000000000000000e+03
605.6858487264751,6.302000000000000000e+03
605.7609863530097,6.337000000000000000e+03
605.8361242722013,6.310000000000000000e+03
605.9112514634761,6.318000000000000000e+03
605.9863899450862,6.340000000000000000e+03
606.0615286991821,6.297000000000000000e+03
606.1365942387108,6.348000000000000000e+03
606.2117261495124,6.367000000000000000e+03
606.2868656606279,6.325000000000000000e+03
606.3619980637881,6.318000000000000000e+03
606.4370718595482,6.338000000000000000e+03
606.5122047116855,6.362000000000000000e+03
606.5873377854751,6.347000000000000000e+03
606.6624747545558,6.379000000000000000e+03
606.7375456701113,6.359000000000000000e+03
606.8126830359437,6.370000000000000000e+03
606.8878205982112,6.360000000000000000e+03
606.9628957214667,6.384000000000000000e+03
607.0380225859356,6.374000000000000000e+03
607.1131606786419,6.379000000000000000e+03
607.1882288919476,6.366000000000000000e+03
607.2633709869046,6.383000000000000000e+03
607.3385021736576,6.393000000000000000e+03
607.4135707840262,6.388000000000000000e+03
607.4887096199877,6.377000000000000000e+03
607.5637821472627,6.422000000000000000e+03
607.6389138462803,6.408000000000000000e+03
607.7139865728267,6.389000000000000000e+03
607.7891221807843,6.438000000000000000e+03
607.8641950802765,6.403000000000000000e+03
607.9393308785938,6.414000000000000000e+03
608.0144039237675,6.414000000000000000e+03
608.089539885174,6.425000000000000000e+03
608.1646130487377,6.401000000000000000e+03
608.2397417468239,6.407000000000000000e+03
608.3148187001017,6.430000000000000000e+03
608.3898956827247,6.421000000000000000e+03
608.4650245200035,6.414000000000000000e+03
608.5401015535813,6.408000000000000000e+03
608.6151785959717,6.454000000000000000e+03
608.6903112159022,6.426000000000000000e+03
608.7653771512115,6.423000000000000000e+03
608.8404578967535,6.407000000000000000e+03
608.9155905344547,6.419000000000000000e+03
608.990660126277,6.425000000000000000e+03
609.0657296820973,6.416000000000000000e+03
609.1408659845031,6.402000000000000000e+03
609.2159465984835,6.417000000000000000e+03
609.2910160242585,6.421000000000000000e+03
609.3660890997941,6.399000000000000000e+03
609.4411621067635,6.406000000000000000e+03
609.5162981949915,6.406000000000000000e+03
609.591371059717,6.396000000000000000e+03
609.6664438352011,6.426000000000000000e+03
609.7415165145444,6.434000000000000000e+03
609.8165928096073,6.438000000000000000e+03
609.8916652768738,6.459000000000000000e+03
609.9667339066874,6.402000000000000000e+03
610.041806132408,6.401000000000000000e+03
610.1168819498673,6.440000000000000000e+03
610.1919576315516,6.433000000000000000e+03
610.2670257220219,6.408000000000000000e+03
610.3421011095528,6.406000000000000000e+03
610.4171800666223,6.426000000000000000e+03
610.4922476810158,6.419000000000000000e+03
610.5673225771701,6.438000000000000000e+03
610.6423935671218,6.420000000000000000e+03
610.7174681006938,6.446000000000000000e+03
610.7925387123403,6.430000000000000000e+03
610.8676165871373,6.405000000000000000e+03
610.9426867935962,6.449000000000000000e+03
611.0177642529652,6.452000000000000000e+03
611.0928340264109,6.446000000000000000e+03
611.1679035719891,6.436000000000000000e+03
611.2429205762214,6.431000000000000000e+03
611.3179896323122,6.431000000000000000e+03
611.3930696536677,6.440000000000000000e+03
611.4681382079762,6.446000000000000000e+03
611.543210239399,6.440000000000000000e+03
611.6182258914046,6.447000000000000000e+03
611.6932973662973,6.463000000000000000e+03
611.7683685593274,6.449000000000000000e+03
611.8434394635015,6.449000000000000000e+03
611.91845764963,6.427000000000000000e+03
611.9935279422344,6.437000000000000000e+03
612.06860167126,6.440000000000000000e+03
612.1436188772811,6.470000000000000000e+03
612.2186919554537,6.480000000000000000e+03
612.2937609555369,6.473000000000000000e+03
612.368769618424,6.454000000000000000e+03
612.443841671833,6.468000000000000000e+03
612.518860850012,6.444000000000000000e+03
612.5939321832865,6.499000000000000000e+03
612.668943094263,6.473000000000000000e+03
612.7440136774355,6.455000000000000000e+03
612.8190876378331,6.509000000000000000e+03
612.8941048689004,6.476000000000000000e+03
612.9691780415548,6.460000000000000000e+03
613.0441869267229,6.500000000000000000e+03
613.1192028943198,6.483000000000000000e+03
613.1942785838127,6.470000000000000000e+03
613.2692861585759,6.506000000000000000e+03
613.3443572287938,6.507000000000000000e+03
613.4193751865103,6.513000000000000000e+03
613.4944491348593,6.513000000000000000e+03
613.5694586386024,6.517000000000000000e+03
613.644467658833,6.511000000000000000e+03
613.7195402192466,6.539000000000000000e+03
613.794555801729,6.494000000000000000e+03
613.8695671147681,6.496000000000000000e+03
613.9446382262654,6.534000000000000000e+03
614.0196560673113,6.529000000000000000e+03
614.0946658455853,6.540000000000000000e+03
614.1696826366328,6.512000000000000000e+03
614.2447554874341,6.504000000000000000e+03
614.3197636679537,6.544000000000000000e+03
614.3947788454523,6.520000000000000000e+03
614.4697859154201,6.584000000000000000e+03
614.5448037484722,6.550000000000000000e+03
614.619873899117,6.524000000000000000e+03
614.694883044028,6.544000000000000000e+03
614.769899161373,6.555000000000000000e+03
614.8449071281832,6.569000000000000000e+03
614.9199220568489,6.542000000000000000e+03
614.994936381391,6.584000000000000000e+03
615.0699463115571,6.536000000000000000e+03
615.1449594055,6.559000000000000000e+03
615.219968088927,6.537000000000000000e+03
615.2949799236752,6.565000000000000000e+03
615.3699949053583,6.554000000000000000e+03
615.4450130295872,6.535000000000000000e+03
615.5200153487256,6.544000000000000000e+03
615.5950321611059,6.535000000000000000e+03
615.6700445181616,6.567000000000000000e+03
615.7450599927896,6.539000000000000000e+03
615.8200634112113,6.578000000000000000e+03
615.8950775175382,6.555000000000000000e+03
615.9700909303292,6.542000000000000000e+03
616.045103642399,6.541000000000000000e+03
616.1200587059649,6.523000000000000000e+03
616.1950737781215,6.568000000000000000e+03
616.2700843319404,6.524000000000000000e+03
616.3450979550751,6.536000000000000000e+03
616.4201070436227,6.526000000000000000e+03
616.4950545776754,6.532000000000000000e+03
616.5700659579935,6.585000000000000000e+03
616.6450765818348,6.559000000000000000e+03
616.720097852294,6.536000000000000000e+03
616.7950422701603,6.523000000000000000e+03
616.8700581788843,6.513000000000000000e+03
616.9450694997388,6.557000000000000000e+03
617.0200229227949,6.545000000000000000e+03
617.0950326410584,6.531000000000000000e+03
617.1700377451283,6.520000000000000000e+03
617.2449925060192,6.539000000000000000e+03
617.3200073947381,6.518000000000000000e+03
617.395013836697,6.526000000000000000e+03
617.4699660667885,6.533000000000000000e+03
617.5449822610196,6.518000000000000000e+03
617.6199327648687,6.557000000000000000e+03
617.6949472498279,6.526000000000000000e+03
617.7698959983896,6.525000000000000000e+03
617.8449087450254,6.557000000000000000e+03
617.9198595274773,6.528000000000000000e+03
617.9948705076381,6.564000000000000000e+03
618.069827119618,6.504000000000000000e+03
618.144840127084,6.508000000000000000e+03
618.2197872618343,6.530000000000000000e+03
618.2947411041071,6.554000000000000000e+03
618.3697513617161,6.520000000000000000e+03
618.44469567746,6.524000000000000000e+03
618.5196505100681,6.534000000000000000e+03
618.5946694328892,6.541000000000000000e+03
618.6696146951708,6.542000000000000000e+03
618.7445666341545,6.545000000000000000e+03
618.8195826887393,6.563000000000000000e+03
618.8945326685835,6.517000000000000000e+03
618.9694854812299,6.592000000000000000e+03
619.0444334578197,6.579000000000000000e+03
619.1194494169247,6.557000000000000000e+03
619.1943992107521,6.532000000000000000e+03
619.2693479786984,6.575000000000000000e+03
619.3442957134283,6.554000000000000000e+03
619.4192500812071,6.548000000000000000e+03
619.4942648084996,6.576000000000000000e+03
619.5692094181061,6.580000000000000000e+03
619.6441644838893,6.589000000000000000e+03
619.7191184853039,6.586000000000000000e+03
619.7940637321011,6.593000000000000000e+03
619.8690155808523,6.558000000000000000e+03
619.9439663431604,6.588000000000000000e+03
620.0189198558951,6.580000000000000000e+03
620.0938722693128,6.608000000000000000e+03
620.1688197299484,6.618000000000000000e+03
620.2437699216852,6.610000000000000000e+03
620.3187305358406,6.566000000000000000e+03
620.393678480104,6.559000000000000000e+03
620.4686252881608,6.586000000000000000e+03
620.543582504853,6.619000000000000000e+03
620.61852702112,6.587000000000000000e+03
620.6934819368186,6.588000000000000000e+03
620.7684356923214,6.596000000000000000e+03
620.8433227543279,6.593000000000000000e+03
620.9182780068074,6.603000000000000000e+03
620.9932282224137,6.572000000000000000e+03
621.0681811054573,6.580000000000000000e+03
621.1431327931294,6.614000000000000000e+03
621.2180794188941,6.581000000000000000e+03
621.2929746519387,6.606000000000000000e+03
621.3679226950109,6.566000000000000000e+03
621.4428695130218,6.587000000000000000e+03
621.5177610187308,6.617000000000000000e+03
621.5927130788318,6.609000000000000000e+03
621.6676600305892,6.642000000000000000e+03
621.7426134606835,6.624000000000000000e+03
621.8174999024244,6.612000000000000000e+03
621.8924507959133,6.626000000000000000e+03
621.9673462597708,6.626000000000000000e+03
622.0422984590124,6.644000000000000000e+03
622.1172493736544,6.616000000000000000e+03
622.1921409277729,6.611000000000000000e+03
622.2670892368434,6.599000000000000000e+03
622.3419781424883,6.608000000000000000e+03
622.4169354382018,6.626000000000000000e+03
622.4918216682801,6.612000000000000000e+03
622.5667763070498,6.606000000000000000e+03
622.6416637084727,6.582000000000000000e+03
622.7166156613104,6.647000000000000000e+03
622.791500330108,6.595000000000000000e+03
622.8664495670652,6.613000000000000000e+03
622.9413431149467,6.590000000000000000e+03
623.0162352679529,6.617000000000000000e+03
623.0911842549693,6.590000000000000000e+03
623.1660736097131,6.583000000000000000e+03
623.2409693156505,6.604000000000000000e+03
623.3159141083677,6.577000000000000000e+03
623.3908108627464,6.621000000000000000e+03
623.4656984085988,6.627000000000000000e+03
623.54065060535,6.631000000000000000e+03
623.6155430462911,6.629000000000000000e+03
623.6904262505253,6.639000000000000000e+03
623.7653157682421,6.614000000000000000e+03
623.8402738657751,6.592000000000000000e+03
623.9151643415145,6.617000000000000000e+03
623.9900494384281,6.631000000000000000e+03
624.0649369353079,6.624000000000000000e+03
624.1398346184196,6.609000000000000000e+03
624.2147191099846,6.624000000000000000e+03
624.2896137782844,6.627000000000000000e+03
624.3645615055957,6.633000000000000000e+03
624.4394531447507,6.575000000000000000e+03
624.5143432514428,6.614000000000000000e+03
624.5892357192214,6.626000000000000000e+03
624.6641227392169,6.608000000000000000e+03
624.739008204036,6.600000000000000000e+03
624.8139077217978,6.614000000000000000e+03
624.8887900572714,6.611000000000000000e+03
624.9636825322137,6.624000000000000000e+03
625.0385773339976,6.608000000000000000e+03
625.1134666425047,6.636000000000000000e+03
625.1883582645422,6.602000000000000000e+03
625.263181823586,6.641000000000000000e+03
625.3380780414589,6.618000000000000000e+03
625.4129648242472,6.608000000000000000e+03
625.4878578081264,6.632000000000000000e+03
625.5627413379577,6.666000000000000000e+03
625.6376349716288,6.624000000000000000e+03
625.7124604067309,6.634000000000000000e+03
625.7873507351937,6.653000000000000000e+03
625.8622394075853,6.627000000000000000e+03
625.9371381701984,6.634000000000000000e+03
626.0119647267263,6.628000000000000000e+03
626.0868522937308,6.632000000000000000e+03
626.1617460175852,6.597000000000000000e+03
626.2366380528313,6.643000000000000000e+03
626.3114617065921,6.639000000000000000e+03
626.3863503257447,6.622000000000000000e+03
626.4611822898413,6.633000000000000000e+03
626.5360713905895,6.638000000000000000e+03
626.6109666191869,6.616000000000000000e+03
626.6857933539325,6.638000000000000000e+03
626.7606772445703,6.609000000000000000e+03
626.8355122365108,6.632000000000000000e+03
626.9104044027886,6.628000000000000000e+03
626.985224051504,6.627000000000000000e+03
627.0601205419518,6.642000000000000000e+03
627.1349523354077,6.628000000000000000e+03
627.2098373967692,6.676000000000000000e+03
627.2846616468294,6.659000000000000000e+03
627.3595549170336,6.638000000000000000e+03
627.4343873380152,6.651000000000000000e+03
627.5092769901677,6.616000000000000000e+03
627.5841096881397,6.657000000000000000e+03
627.6589365990222,6.659000000000000000e+03
627.7338247007415,6.645000000000000000e+03
627.8086518461457,6.624000000000000000e+03
627.8834850056414,6.656000000000000000e+03
627.9583754402697,6.656000000000000000e+03
628.0332088011603,6.657000000000000000e+03
628.1080284382782,6.659000000000000000e+03
628.182858012259,6.666000000000000000e+03
628.2577527829216,6.610000000000000000e+03
628.3325785578783,6.671000000000000000e+03
628.4074142606058,6.665000000000000000e+03
628.4822361924339,6.659000000000000000e+03
628.5570680421939,6.663000000000000000e+03
628.6318979552647,6.665000000000000000e+03
628.706785214725,6.649000000000000000e+03
628.7816191526078,6.645000000000000000e+03
628.8564471797065,6.649000000000000000e+03
628.9312811520758,6.660000000000000000e+03
629.0061012851678,6.647000000000000000e+03
629.0809313073146,6.639000000000000000e+03
629.155759344112,6.639000000000000000e+03
629.2305893470999,6.670000000000000000e+03
629.3054252715824,6.663000000000000000e+03
629.380247309458,6.701000000000000000e+03
629.4550831794276,6.696000000000000000e+03
629.5299011803792,6.682000000000000000e+03
629.6047330053896,6.668000000000000000e+03
629.6795707280481,6.666000000000000000e+03
629.7543389940075,6.621000000000000000e+03
629.8291607196976,6.666000000000000000e+03
629.9039962589939,6.651000000000000000e+03
629.9788178342736,6.653000000000000000e+03
630.0536452776254,6.678000000000000000e+03
630.1284746162776,6.677000000000000000e+03
630.2032423002603,6.694000000000000000e+03
630.2780753994684,6.687000000000000000e+03
630.3529103790165,6.672000000000000000e+03
630.4277313363475,6.687000000000000000e+03
630.5025024771371,6.695000000000000000e+03
630.5773311190919,6.676000000000000000e+03
630.6521576385172,6.712000000000000000e+03
630.7269342895984,6.691000000000000000e+03
630.8017565291294,6.714000000000000000e+03
630.8765845827202,6.746000000000000000e+03
630.9513587332427,6.714000000000000000e+03
631.0261864484233,6.721000000000000000e+03
631.1009522564115,6.708000000000000000e+03
631.175787573207,6.694000000000000000e+03
631.2506087617126,6.722000000000000000e+03
631.3253799341081,6.735000000000000000e+03
631.400208688403,6.719000000000000000e+03
631.4749754310345,6.736000000000000000e+03
631.5498037567131,6.707000000000000000e+03
631.6245780075234,6.768000000000000000e+03
631.6993420335924,6.742000000000000000e+03
631.7741716576955,6.730000000000000000e+03
631.8489391655564,6.730000000000000000e+03
631.923764305041,6.800000000000000000e+03
631.9985312783703,6.740000000000000000e+03
632.0733039606179,6.745000000000000000e+03
632.1481342990165,6.744000000000000000e+03
632.2228944223607,6.752000000000000000e+03
632.2976642345945,6.774000000000000000e+03
632.3724997216107,6.757000000000000000e+03
632.4472649272958,6.769000000000000000e+03
632.5220358114818,6.756000000000000000e+03
632.5968083701387,6.765000000000000000e+03
632.6716346337209,6.767000000000000000e+03
632.746402531009,6.738000000000000000e+03
632.8211640744752,6.785000000000000000e+03
632.895939281213,6.774000000000000000e+03
632.9707001090119,6.818000000000000000e+03
633.0454705862102,6.743000000000000000e+03
633.1202346797379,6.775000000000000000e+03
633.1950124256075,6.746000000000000000e+03
633.2698318993826,6.754000000000000000e+03
633.3446048767886,6.802000000000000000e+03
633.4193754528278,6.774000000000000000e+03
633.4941436195448,6.793000000000000000e+03
633.5689053548851,6.802000000000000000e+03
633.6436807232593,6.788000000000000000e+03
633.718441616138,6.785000000000000000e+03
633.7932121186539,6.778000000000000000e+03
633.8679199094199,6.770000000000000000e+03
633.9426855028164,6.751000000000000000e+03
634.0174606961399,6.776000000000000000e+03
634.0922213655654,6.768000000000000000e+03
634.1669876029633,6.773000000000000000e+03
634.2417553834099,6.785000000000000000e+03
634.3165327489089,6.778000000000000000e+03
634.3912351850232,6.761000000000000000e+03
634.4660075495017,6.800000000000000000e+03
634.5407774100094,6.768000000000000000e+03
634.6155447585436,6.763000000000000000e+03
634.6902491623354,6.767000000000000000e+03
634.7650114486645,6.777000000000000000e+03
634.8397832896367,6.789000000000000000e+03
634.9145525922855,6.763000000000000000e+03
634.9892588668829,6.803000000000000000e+03
635.0640230545828,6.778000000000000000e+03
635.1387362717429,6.792000000000000000e+03
635.2135074201229,6.796000000000000000e+03
635.2882719598388,6.785000000000000000e+03
635.362981437668,6.753000000000000000e+03
635.4377448294332,6.802000000000000000e+03
635.512457159198,6.796000000000000000e+03
635.5872153377827,6.808000000000000000e+03
635.6619224154749,6.795000000000000000e+03
635.7366995983534,6.810000000000000000e+03
635.8114013974615,6.834000000000000000e+03
635.8861733198535,6.831000000000000000e+03
635.960881941529,6.851000000000000000e+03
636.0356485740448,6.816000000000000000e+03
636.1103518611941,6.794000000000000000e+03
636.1850565091609,6.835000000000000000e+03
636.2598232366993,6.837000000000000000e+03
636.3345306048863,6.823000000000000000e+03
636.4092393182117,6.856000000000000000e+03
636.4840101382218,6.834000000000000000e+03
636.5587134362514,6.828000000000000000e+03
636.6334221129331,6.835000000000000000e+03
636.7081848135534,6.842000000000000000e+03
636.78290019687,6.859000000000000000e+03
636.857604726266,6.831000000000000000e+03
636.9323146152394,6.845000000000000000e+03
637.0070217458345,6.819000000000000000e+03
637.0817261099415,6.805000000000000000e+03
637.1564967140678,6.798000000000000000e+03
637.2311995976745,6.769000000000000000e+03
637.3059078155254,6.787000000000000000e+03
637.3806132401302,6.777000000000000000e+03
637.4553280538418,6.826000000000000000e+03
637.5300278704315,6.844000000000000000e+03
637.6047370655823,6.902000000000000000e+03
637.679443440681,6.920000000000000000e+03
637.7541469875897,6.916000000000000000e+03
637.8288599029363,6.908000000000000000e+03
637.9035659103154,6.897000000000000000e+03
637.978273139046,6.915000000000000000e+03
638.052977512721,6.954000000000000000e+03
638.1276830952562,6.931000000000000000e+03
638.2023898813551,6.899000000000000000e+03
638.2770978657181,6.935000000000000000e+03
638.3517418441655,6.940000000000000000e+03
638.4264562697699,6.936000000000000000e+03
638.5011555722814,6.928000000000000000e+03
638.5758642016897,6.919000000000000000e+03
638.6505699221697,6.957000000000000000e+03
638.7252237691496,6.962000000000000000e+03
638.7999236357822,6.963000000000000000e+03
638.874628732156,6.987000000000000000e+03
638.9493472209352,6.977000000000000000e+03
639.0239892680094,7.013000000000000000e+03
639.098689601196,7.032000000000000000e+03
639.173395144716,7.002000000000000000e+03
639.2480405140027,6.992000000000000000e+03
639.3227564554909,7.007000000000000000e+03
639.3973958340758,7.030000000000000000e+03
639.4721058028182,7.027000000000000000e+03
639.5468086912668,7.054000000000000000e+03
639.6214635767756,7.048000000000000000e+03
639.6961604460553,7.074000000000000000e+03
639.7708092749344,7.019000000000000000e+03
639.8455164682429,7.029000000000000000e+03
639.9201674013606,7.029000000000000000e+03
639.9948767149377,7.079000000000000000e+03
640.0695174401586,7.062000000000000000e+03
640.1441591862857,7.089000000000000000e+03
640.2188716275688,7.030000000000000000e+03
640.2935236151387,7.088000000000000000e+03
640.3681602084457,7.061000000000000000e+03
640.4428757290473,7.096000000000000000e+03
640.5175143262505,7.051000000000000000e+03
640.592166218985,7.081000000000000000e+03
640.6668724558668,7.099000000000000000e+03
640.7415181149009,7.116000000000000000e+03
640.8161565315354,7.090000000000000000e+03
640.8908041242695,7.158000000000000000e+03
640.9655143022176,7.098000000000000000e+03
641.0401638233027,7.091000000000000000e+03
641.1148060727106,7.154000000000000000e+03
641.1894533730033,7.085000000000000000e+03
641.2641016094406,7.107000000000000000e+03
641.3387425502967,7.107000000000000000e+03
641.4134543525283,7.181000000000000000e+03
641.488101262261,7.159000000000000000e+03
641.5627449685089,7.167000000000000000e+03
641.6373854629693,7.177000000000000000e+03
641.7120350911663,7.142000000000000000e+03
641.7866814967092,7.172000000000000000e+03
641.8613246712862,7.193000000000000000e+03
641.9359769690361,7.175000000000000000e+03
642.0106260249374,7.182000000000000000e+03
642.0852718306695,7.194000000000000000e+03
642.1598525225107,7.186000000000000000e+03
642.2344917885489,7.216000000000000000e+03
642.3091401562656,7.240000000000000000e+03
642.3837934993884,7.223000000000000000e+03
642.4584353052218,7.197000000000000000e+03
642.5330862021095,7.247000000000000000e+03
642.6077296725547,7.229000000000000000e+03
642.6823120100572,7.247000000000000000e+03
642.7569529755671,7.227000000000000000e+03
642.8315988836831,7.261000000000000000e+03
642.9062455985243,7.241000000000000000e+03
642.9808352351971,7.283000000000000000e+03
643.055475263203,7.252000000000000000e+03
643.1301243499755,7.269000000000000000e+03
643.2047163018128,7.266000000000000000e+03
643.279354524987,7.290000000000000000e+03
643.3539438476895,7.299000000000000000e+03
643.4285877299418,7.257000000000000000e+03
643.5032406530961,7.316000000000000000e+03
643.5778197789244,7.335000000000000000e+03
643.6524659081414,7.306000000000000000e+03
643.7270464782921,7.352000000000000000e+03
643.8016982163535,7.361000000000000000e+03
643.876284355504,7.308000000000000000e+03
643.9509292459394,7.355000000000000000e+03
644.0255084918365,7.362000000000000000e+03
644.1001589469886,7.394000000000000000e+03
644.1747437177227,7.373000000000000000e+03
644.2493250109602,7.390000000000000000e+03
644.3239775458864,7.442000000000000000e+03
644.3985601811679,7.447000000000000000e+03
644.4731434709971,7.459000000000000000e+03
644.5477855716856,7.472000000000000000e+03
644.6223743228242,7.426000000000000000e+03
644.6969595574612,7.451000000000000000e+03
644.7715495817692,7.510000000000000000e+03
644.8461901340061,7.513000000000000000e+03
644.9207731033271,7.506000000000000000e+03
644.9953650068094,7.503000000000000000e+03
645.0699450389038,7.566000000000000000e+03
645.1445298338459,7.567000000000000000e+03
645.219177672042,7.550000000000000000e+03
645.2937678340779,7.570000000000000000e+03
645.3683419239809,7.626000000000000000e+03
645.4429290863851,7.631000000000000000e+03
645.5175168235929,7.645000000000000000e+03
645.5921051300253,7.653000000000000000e+03
645.6666898312457,7.678000000000000000e+03
645.7412750885978,7.718000000000000000e+03
645.8158525549321,7.686000000000000000e+03
645.8904389058563,7.705000000000000000e+03
645.9650299688499,7.738000000000000000e+03
646.0396090465212,7.734000000000000000e+03
646.1141969977764,7.742000000000000000e+03
646.1887812959989,7.764000000000000000e+03
646.2633076373747,7.805000000000000000e+03
646.3378845915109,7.831000000000000000e+03
646.4124787595719,7.847000000000000000e+03
646.4870608913304,7.879000000000000000e+03
646.5616476941717,7.879000000000000000e+03
646.6361722632304,7.919000000000000000e+03
646.7107558375826,7.911000000000000000e+03
646.7853440690486,7.889000000000000000e+03
646.859928586342,7.923000000000000000e+03
646.9344466023072,7.953000000000000000e+03
647.0090362098298,7.980000000000000000e+03
647.083622083392,7.982000000000000000e+03
647.1581413924066,8.009000000000000000e+03
647.2327239470708,8.049000000000000000e+03
647.307306934167,8.066000000000000000e+03
647.3818400556567,8.049000000000000000e+03
647.456419687093,8.064000000000000000e+03
647.5309452235595,8.140000000000000000e+03
647.6055298578293,8.153000000000000000e+03
647.6800561677495,8.159000000000000000e+03
647.7546415911931,8.140000000000000000e+03
647.829164455096,8.228000000000000000e+03
647.9037464463057,8.223000000000000000e+03
647.9782700344881,8.235000000000000000e+03
648.0527939695423,8.252000000000000000e+03
648.1273854568424,8.284000000000000000e+03
648.2019100840658,8.271000000000000000e+03
648.2764938778582,8.302000000000000000e+03
648.3510107654179,8.300000000000000000e+03
648.425536376692,8.372000000000000000e+03
648.5000623007427,8.382000000000000000e+03
648.5746432162518,8.424000000000000000e+03
648.6491655538866,8.438000000000000000e+03
648.7236881852804,8.421000000000000000e+03
648.7982195235151,8.499000000000000000e+03
648.8728058826379,8.486000000000000000e+03
648.9473293775359,8.519000000000000000e+03
649.0218489310823,8.522000000000000000e+03
649.0963729611857,8.586000000000000000e+03
649.1708972508054,8.543000000000000000e+03
649.2454260094211,8.571000000000000000e+03
649.3199508018886,8.662000000000000000e+03
649.3944716195824,8.642000000000000000e+03
649.4689926719741,8.616000000000000000e+03
649.5435181724034,8.669000000000000000e+03
649.6180396779724,8.728000000000000000e+03
649.6925698430567,8.714000000000000000e+03
649.7670917798398,8.772000000000000000e+03
649.8416139226556,8.775000000000000000e+03
649.9161320418531,8.837000000000000000e+03
649.9906588034178,8.849000000000000000e+03
650.0651815298742,8.908000000000000000e+03
650.1397086661992,8.945000000000000000e+03
650.2142317539774,8.952000000000000000e+03
650.2887550133019,8.958000000000000000e+03
650.3632192222857,8.972000000000000000e+03
650.4377470245496,9.023000000000000000e+03
650.5122665196939,8.999000000000000000e+03
650.5867946266628,9.075000000000000000e+03
650.6612551406859,9.120000000000000000e+03
650.7357750465694,9.104000000000000000e+03
650.8103035527816,9.171000000000000000e+03
650.8847644021826,9.171000000000000000e+03
650.9592931417967,9.226000000000000000e+03
651.0338092818513,9.239000000000000000e+03
651.1082704136296,9.254000000000000000e+03
651.182799464824,9.291000000000000000e+03
651.2572649940395,9.312000000000000000e+03
651.3317857370804,9.357000000000000000e+03
651.4062556434649,9.410000000000000000e+03
651.4807807792504,9.423000000000000000e+03
651.5552380644563,9.475000000000000000e+03
651.6297548330812,9.494000000000000000e+03
651.7042206933047,9.546000000000000000e+03
651.7787503045504,9.556000000000000000e+03
651.8532162309156,9.586000000000000000e+03
651.9277374256133,9.641000000000000000e+03
652.0021948907765,9.714000000000000000e+03
652.0766608615594,9.713000000000000000e+03
652.1511863740992,9.750000000000000000e+03
652.2256523518495,9.789000000000000000e+03
652.3001055526772,9.795000000000000000e+03
652.3745757534864,9.795000000000000000e+03
652.4490927583861,9.882000000000000000e+03
652.523554404734,9.913000000000000000e+03
652.5980245314129,9.965000000000000000e+03
652.6724818393412,1.003500000000000000e+04
652.7469518786384,1.007200000000000000e+04
652.8214730080308,1.013100000000000000e+04
652.8959386884019,1.011200000000000000e+04
652.9703957767102,1.013000000000000000e+04
653.0448655846427,1.021900000000000000e+04
653.1193267868492,1.023300000000000000e+04
653.1937879048733,1.028300000000000000e+04
653.268253200443,1.028500000000000000e+04
653.3427141334746,1.036900000000000000e+04
653.417174964718,1.045500000000000000e+04
653.4916399588126,1.043900000000000000e+04
653.5661005698283,1.047000000000000000e+04
653.640569606346,1.050500000000000000e+04
653.7150299745911,1.057200000000000000e+04
653.7894902116518,1.055000000000000000e+04
653.8638947316973,1.062700000000000000e+04
653.938354676066,1.067000000000000000e+04
653.9927330350457,1.071364320016456986e+04
654.0128144715792,1.073400000000000000e+04
654.0673848929049,1.078261287511858609e+04
654.0872783906434,1.079600000000000000e+04
654.1419639360352,1.086855970083051398e+04
654.1617421510075,1.087900000000000000e+04
654.2166156285444,1.088129256389894726e+04
654.2361458232748,1.088200000000000000e+04
654.2911987423258,1.090888043388055303e+04
654.3658416830104,1.094920116693059390e+04
654.4404288467964,1.104363656802147671e+04
654.5150758549863,1.108183515722677657e+04
654.5897184695584,1.109244587645047250e+04
654.664305251433,1.117202627062818283e+04
654.7389476142009,1.121022485983348270e+04
654.8135383948625,1.123144629828087272e+04
654.888184771955,1.132057633975990939e+04
654.9627666643294,1.134179777820729760e+04
655.0373526739268,1.144896604236661551e+04
655.1119985900768,1.147443176850348209e+04
655.1865885451579,1.153703501192328076e+04
655.2612255432555,1.158796646419701574e+04
655.3358194230502,1.163147041301416357e+04
655.4104603574718,1.166542471452998689e+04
655.4850452543039,1.172378367026030901e+04
655.5596986994234,1.186278409209070924e+04
655.634274582699,1.185005122902227595e+04
655.7088674352764,1.190204375321838052e+04
655.7835073665872,1.193493698281183424e+04
655.8580911670134,1.203043345582508664e+04
655.9327392618014,1.211213599384753616e+04
656.0073268888157,1.209409777116725490e+04
656.0819099586474,1.213229636037255477e+04
656.1565530436084,1.223522033684239432e+04
656.2311355998527,1.224795319991082761e+04
656.3057308056235,1.236467111137147003e+04
656.3803688222278,1.240923613211098746e+04
656.454954867795,1.247183937553078795e+04
656.5295449351327,1.252489297164926029e+04
656.6041821341065,1.260022907813749407e+04
656.6787759333997,1.268617590384942014e+04
656.7533564903902,1.273392414035604634e+04
656.8279410471957,1.275514557880343636e+04
656.9025856984958,1.278061130494030294e+04
656.9771696261503,1.289414600063383659e+04
657.0517532233856,1.291748958292596581e+04
657.1264055746188,1.299600890518130655e+04
657.2009928278474,1.307665037128138647e+04
657.2755710944062,1.313500932701170859e+04
657.3501576467798,1.322307829656837384e+04
657.4247438407015,1.326127688577367553e+04
657.4993858698668,1.332281905727110461e+04
657.573971341612,1.335889550263166711e+04
657.6485607618943,1.345014768795544114e+04
657.7231498016442,1.355094952058054150e+04
657.7977341278665,1.366448421627407515e+04
657.87237432304,1.369737744586752888e+04
657.9469621958759,1.368358351087672600e+04
658.0215410042488,1.380560678194921456e+04
658.0961280598617,1.386502680960190446e+04
658.1707146988002,1.396476757030463523e+04
658.2453009150308,1.397750043337306852e+04
658.3198867025178,1.407193583446395314e+04
658.3945327428875,1.418865374592459375e+04
658.4691220043352,1.419395910553644171e+04
658.5437021472852,1.430961594507471455e+04
658.6182818353581,1.437009704464977403e+04
658.69286974003,1.443588350383668148e+04
658.767461521399,1.451121961032491527e+04
658.8420354727173,1.458018928527892967e+04
658.9166306515345,1.461520465871712258e+04
658.9912079822875,1.477012115938306670e+04
659.0657935091809,1.480725867666599697e+04
659.140382887388,1.491867122851479144e+04
659.2149717681472,1.497915232808985274e+04
659.289551452134,1.506934344149125718e+04
659.3641306225966,1.515104597951370670e+04
659.438717970647,1.520834386332165741e+04
659.5133047969533,1.525609209982828361e+04
659.5878910954348,1.534309999746258109e+04
659.6624768600082,1.543435218278635512e+04
659.7370620845874,1.554576473463515140e+04
659.8116467630838,1.561367333766679621e+04
659.8862265349078,1.568052086877607326e+04
659.9608101019778,1.579299449254723731e+04
660.0354018176174,1.591926205130920607e+04
660.1099798943757,1.603597996276984668e+04
660.1845748263452,1.610813285349097168e+04
660.259151743867,1.613996501116205582e+04
660.333684466581,1.622485076495161411e+04
660.4082645480388,1.634581296410173309e+04
660.4828527532469,1.649542410515582742e+04
660.5574316285567,1.654211126974008585e+04
660.6320229836718,1.660789772892699330e+04
660.7066049946801,1.672037135269815917e+04
660.7811820158635,1.686892142182988391e+04
660.8557147324121,1.691666965833650829e+04
660.9302992109782,1.703657078556426131e+04
661.0048830496228,1.716283834432622825e+04
661.0794662422122,1.711615117974196983e+04
661.1540575251042,1.725090731388289350e+04
661.2285781978873,1.741537346185016213e+04
661.3031681500861,1.750980886294104494e+04
661.3777399387936,1.759363354480823546e+04
661.452332922751,1.768700787397674867e+04
661.5269208535378,1.782919151157425586e+04
661.6014380645663,1.789285582691642412e+04
661.6760289813253,1.804458911181526128e+04
661.7506148234904,1.805307768719421438e+04
661.8251298800592,1.816979559865485862e+04
661.8997142930884,1.830349066087341271e+04
661.9743067544003,1.835548318506951546e+04
662.0488853483158,1.847220109653015606e+04
662.1234149871826,1.861120151836055811e+04
662.198000873726,1.872473621405409358e+04
662.2725860216412,1.889026343394372816e+04
662.347104619191,1.892952309507139944e+04
662.4216882564932,1.900910348924911159e+04
662.4962184684717,1.911839389725316505e+04
662.570804963388,1.923617288063617889e+04
662.6453862997457,1.932424185019284414e+04
662.7199097646629,1.947279191932456888e+04
662.7944939234665,1.951099050852987057e+04
662.869086084027,1.960330376577601419e+04
662.9436071371093,1.980596850294858450e+04
663.0181889069928,1.989722068827235853e+04
663.0927083152421,1.997361786668296190e+04
663.1673016492832,2.006380898008436634e+04
663.2418237897235,2.023570263150822211e+04
663.3164110793576,2.032271052914251777e+04
663.3909359310869,2.045322237559396308e+04
663.4655171474956,2.054977992052958507e+04
663.5400358838839,2.062193281125071007e+04
663.6146198039338,2.087659007261938314e+04
663.6891500154543,2.084900220263777737e+04
663.763736622158,2.109198767286038492e+04
663.8382518588492,2.112275875860910310e+04
663.9128411292601,2.129253026618821605e+04
663.9873589874919,2.137847709190014575e+04
664.0619509026042,2.152490501718713131e+04
664.136471363353,2.160872969905432183e+04
664.211061492379,2.172332546667022325e+04
664.285584535613,2.189203590232697024e+04
664.3601640270679,2.194190628267833381e+04
664.4346852160202,2.213289922870483861e+04
664.5092142934612,2.223688427709704774e+04
664.5838042596656,2.233556396587740892e+04
664.6583226187805,2.245652616502752790e+04
664.7328488535421,2.261568695338294856e+04
664.8074315802052,2.282047383440025806e+04
664.881960314152,2.292233673894772801e+04
664.9565455552175,2.301358892427150204e+04
665.031072346548,2.316426113724796596e+04
665.1055937270582,2.325126903488226526e+04
665.1801096874939,2.344226198090877006e+04
665.2546998800744,2.351441487162989506e+04
665.3292271235769,2.360566705695366909e+04
665.4037489291384,2.377437749261041608e+04
665.4783361453115,2.400250795591985298e+04
665.5528603518749,2.404601190473699899e+04
665.6273790986409,2.422108877192796353e+04
665.7019056711048,2.434311204300045210e+04
665.7764932599148,2.441102064603209874e+04
665.8510088931856,2.461580752704940824e+04
665.9255412083346,2.469326577738237756e+04
666.0000591620371,2.483120512729041002e+04
666.0746470335703,2.500522092255900498e+04
666.1491717378727,2.513042740939860232e+04
666.2236953664843,2.528640498198691421e+04
666.2982179130853,2.545829863341076998e+04
666.3727393713534,2.559836012716353798e+04
666.4472686180028,2.566096337058333665e+04
666.5218500778012,2.575221555590711432e+04
666.5963682490049,2.596442994038100733e+04
666.670894195563,2.603658283110213233e+04
666.7454190261132,2.624561399980891656e+04
666.8199427343175,2.637824799010510105e+04
666.8944653138359,2.648966054195389734e+04
666.9689912068017,2.666792062491196702e+04
667.043515960381,2.669975278258305116e+04
667.1180440186909,2.697457041047674647e+04
667.1925664754452,2.703292936620706678e+04
667.2671501081187,2.724832696644806856e+04
667.3416747090137,2.732047985716919356e+04
667.4162025951904,2.739581596365742735e+04
667.4907159415177,2.757832033430497540e+04
667.5652459277131,2.774066433842750484e+04
667.6397747296355,2.788921440755923322e+04
667.7142934240692,2.805368055552649821e+04
667.7888198363478,2.816509310737529449e+04
667.8633405848258,2.829560495382673980e+04
667.9378645829604,2.845901002987163884e+04
668.0123873649534,2.859694937977967129e+04
668.0868509002132,2.876247659966930951e+04
668.1613801466233,2.892163738802473017e+04
668.235899230937,2.899909563835769950e+04
668.3104215399541,2.919645501591842185e+04
668.3849470702704,2.934712722889488577e+04
668.4594713500996,2.944050155806340263e+04
668.533998842422,2.952114302416348073e+04
668.6085250734534,2.967818166867416221e+04
668.683041094052,2.981930423434930344e+04
668.7575647813001,2.996042680002444467e+04
668.8320290343215,3.012170973222460452e+04
668.9065546155499,3.017900761603255523e+04
668.9810833808008,3.037848913743801677e+04
669.0555974212344,3.056629886769741279e+04
669.130128062917,3.066285641263303478e+04
669.2046529196529,3.076153610141339595e+04
669.2791182298785,3.095889547897411830e+04
669.3536314765041,3.102680408200576494e+04
669.4281657979723,3.119763666150724748e+04
669.5026898264498,3.132708743603632320e+04
669.57714526615,3.141197318982588331e+04
669.65167108008,3.153505753282074147e+04
669.7261910590614,3.167830224234061825e+04
669.8007186526492,3.187884483566844938e+04
669.8751865504684,3.202208954518832979e+04
669.949711403622,3.204331098363571800e+04
670.0242348833766,3.223324285773985321e+04
670.0987480026345,3.231812861152941332e+04
670.1732193096983,3.246243439297165969e+04
670.2477431098745,3.256960265713097760e+04
670.3222655128286,3.260249588672443133e+04
670.396728085964,3.276696203469169996e+04
670.471252157415,3.288580208999707975e+04
670.5457118658269,3.296538248417479190e+04
670.6202330875843,3.306618431679988862e+04
670.6947618784129,3.323595582437900885e+04
670.7692307481261,3.333251336931462720e+04
670.8437476587868,3.341739912310418731e+04
670.918213608017,3.348000236652398598e+04
670.9927321095302,3.361263635682017048e+04
671.0672536563986,3.368691139138603467e+04
671.1417196890736,3.369221675099788263e+04
671.216251808498,3.394793508428892528e+04
671.290714863808,3.403600405384558690e+04
671.3652395155675,3.412301195147988619e+04
671.4396995665256,3.419304269835627201e+04
671.5142212289395,3.434053169556563080e+04
671.5886872701645,3.439995172321832069e+04
671.6632104305353,3.442753959319992282e+04
671.7376734223737,3.455592929580662894e+04
671.812193546355,3.459518895693430386e+04
671.8866579770747,3.474480009798839455e+04
671.9611795549314,3.473100616299759713e+04
672.0356408881489,3.498990771205574856e+04
672.1101096909673,3.502492308549393783e+04
672.1846266277597,3.507054917815582303e+04
672.2590968192625,3.507267132200056221e+04
672.3336151557181,3.522334353497702978e+04
672.4080821944679,3.532414536760212650e+04
672.482543119204,3.536340502872980142e+04
672.5570657703272,3.551301616978389939e+04
672.63152802642,3.552787117669706640e+04
672.705997721871,3.559365763588397385e+04
672.7805155931686,3.571674197887883201e+04
672.854982065397,3.574539092078281101e+04
672.9294423823377,3.576873450307494204e+04
673.0039644745739,3.583982632187369018e+04
673.0784260583234,3.586953633570003876e+04
673.152895058153,3.593001743527509825e+04
673.2274213293804,3.601278104521991918e+04
673.3018779706365,3.608599500786341378e+04
673.3763374799411,3.615284253897269082e+04
673.4508043890924,3.616981968973059702e+04
673.5252650884476,3.630351475194915110e+04
673.5997967036512,3.632473619039654295e+04
673.6742585868221,3.633853012538734765e+04
673.748714237457,3.639052264958345040e+04
673.823186347847,3.642447695109927008e+04
673.8976385924067,3.644039302993481397e+04
673.9721663425748,3.642553802302163967e+04
674.0466287979216,3.651785128026778693e+04
674.1210895311846,3.659318738675602071e+04
674.1955530811653,3.662501954442710121e+04
674.2700239906791,3.658045452368758561e+04
674.3444795221271,3.664942419864160183e+04
674.4189469503236,3.670778315437192214e+04
674.49346722243,3.670035565091533499e+04
674.567935708377,3.670141672283770458e+04
674.6424024340591,3.677250854163646000e+04
674.7168582880072,3.678948569239437347e+04
674.7913214713103,3.676508103817987285e+04
674.8657783200656,3.680115748354043899e+04
674.940251601854,3.682237892198782356e+04
675.0147094269751,3.681813463429834519e+04
675.0891700095718,3.676508103817987285e+04
675.1636379044918,3.673112673666405317e+04
675.2380994327431,3.673324888050879235e+04
675.312554584676,3.672157708936272684e+04
675.3870261580195,3.669717243514822621e+04
675.4614822208301,3.671414958590613969e+04
675.5359547018315,3.674067638396537950e+04
675.610407090499,3.671733280167324847e+04
675.6848804576179,3.667701206862321123e+04
675.7593337130725,3.665685170209818898e+04
675.8338033782419,3.659743167444549908e+04
675.9082026566803,3.656559951677441131e+04
675.9826594431638,3.656347737292967213e+04
676.0571234944312,3.655286665370597620e+04
676.1315948098625,3.651679020834541734e+04
676.2060550986515,3.644994267723614030e+04
676.2805134951972,3.641068301610847266e+04
676.3549745673919,3.642447695109927008e+04
676.4293879803434,3.633428583769786928e+04
676.5038498052293,3.627911009773465776e+04
676.5783051376296,3.622923971738328692e+04
676.6527677036122,3.616769754588585783e+04
676.7272329229447,3.612949895668055979e+04
676.8016366634976,3.603612462751204293e+04
676.8761025828228,3.601808640483176714e+04
676.9505619772531,3.603188033982256457e+04
677.0250240043307,3.588226919876847387e+04
677.0994290601088,3.584513168148553814e+04
677.1738917427178,3.580905523612497927e+04
677.2483524582894,3.576767343115257245e+04
677.3227561481843,3.569233732466433867e+04
677.3972128974716,3.557561941320369806e+04
677.4716768389669,3.555758119052341499e+04
677.5461433813275,3.555864226244578458e+04
677.6205482371186,3.539311504255614273e+04
677.6950015852051,3.532626751144686568e+04
677.7694069841688,3.532945072721397446e+04
677.8438746703705,3.527003069956128456e+04
677.9183311477581,3.510025919198217161e+04
677.9927396296163,3.505993845893213438e+04
678.0672012294622,3.494852590708333446e+04
678.1416056066512,3.490926624595566682e+04
678.2160631125909,3.472676187530811876e+04
678.2905277690969,3.466415863188832009e+04
678.3649259468506,3.445724960702627141e+04
678.4393864750938,3.444451674395783630e+04
678.513798898065,3.432779883249719569e+04
678.5882598799376,3.421850842449314223e+04
678.6626543015428,3.410072944111012475e+04
678.7371249257566,3.399356117695081048e+04
678.8115243461227,3.393838543698759895e+04
678.8859815585386,3.379832394323482731e+04
678.9603905685974,3.367523960023996915e+04
679.0348481677615,3.364234637064651179e+04
679.1092529209583,3.353942239417667588e+04
679.1836509171139,3.342482662656077446e+04
679.2581113551571,3.325929940667113260e+04
679.3325235125415,3.318396330018289882e+04
679.4069842868593,3.303965751874065609e+04
679.481378280968,3.293885568611555209e+04
679.5557839509504,3.284017599733519455e+04
679.6302474888498,3.282744313426675944e+04
679.704648807749,3.266085484245475163e+04
679.7790525553501,3.252079334870197999e+04
679.8535234360058,3.229584610115965188e+04
679.9279135518302,3.224703679273065791e+04
680.0023245731195,3.215047924779503592e+04
680.076784258521,3.202527276095543857e+04
680.1511816092886,3.190006627411584122e+04
680.2255859851732,3.168360760195246621e+04
680.3000482943368,3.154779039588917658e+04
680.374448213023,3.156795076241419520e+04
680.4488412562114,3.142364498097194519e+04
680.5232552007656,3.134724780256134545e+04
680.5976576301395,3.121567488418753055e+04
680.6721226617578,3.105969731159921866e+04
680.7465159407645,3.094722368782805279e+04
680.8209254830051,3.086552114980560509e+04
680.8953281128896,3.060555852882508407e+04
680.969723820552,3.050051240851050534e+04
681.0441775310805,3.045064202815913814e+04
681.118582574998,3.044215345278018503e+04
681.1929806772104,3.022569478061681002e+04
681.2673996753556,3.009306079032062553e+04
681.3418070819359,2.982885388165062977e+04
681.4162075273074,2.977261706976504502e+04
681.4906056458781,2.967818166867416221e+04
681.5649921401839,2.949037193841476619e+04
681.6393995215485,2.944156262998577222e+04
681.7137999143118,2.932166150275801920e+04
681.7882165503345,2.919645501591842185e+04
681.8626680324036,2.908398139214725961e+04
681.9370706711479,2.893437025109316164e+04
682.0114662918298,2.882295769924436900e+04
682.0858781465969,2.870623978778372475e+04
682.1602876270566,2.858315544478886659e+04
682.234615600839,2.846325431756111720e+04
682.3090342611832,2.827544458730172119e+04
682.3834179373963,2.823194063848457154e+04
682.4578224911205,2.809506236049890867e+04
682.5322153211919,2.793484050022111842e+04
682.6066290312607,2.789451976717107755e+04
682.6810356664762,2.777037435225384979e+04
682.7554352169042,2.767700002308533658e+04
682.8298276726078,2.752738888203124225e+04
682.9042363415565,2.741067097057059800e+04
682.9786379060591,2.723028874376778913e+04
683.052985700029,2.711250976038477893e+04
683.1273776822683,2.699579184892413468e+04
683.2017812028357,2.688013500938586367e+04
683.2761822579863,2.679418818367393396e+04
683.3505948498541,2.663184417955140452e+04
683.4249816151049,2.654059199422763049e+04
683.4993378598623,2.637400370241562268e+04
683.5737336498651,2.625940793479972126e+04
683.6481222681783,2.610979679374562329e+04
683.7225270786547,2.600156745766393942e+04
683.7968779498492,2.595806350884678977e+04
683.8712683772519,2.574054376476104881e+04
683.9456749923205,2.568006266518598932e+04
684.0200089024875,2.556016153795823629e+04
684.0944244901342,2.543707719496337813e+04
684.1688141432852,2.535537465694093044e+04
684.2431731578488,2.524183996124739497e+04
684.3175670692367,2.518454207743944426e+04
684.3919584235521,2.502962557677350196e+04
684.4662956794946,2.483226619921277961e+04
684.5407193753053,2.469644899314948634e+04
684.6151123876289,2.446407424215057108e+04
684.689455939193,2.433780668338860414e+04
684.7638578398391,2.419031768617924899e+04
684.8382055615216,2.401099653129880608e+04
684.9125975757681,2.394414900018952903e+04
684.9870010616816,2.373830104724985358e+04
685.0613315458365,2.361203348848788664e+04
685.1357438810281,2.352608666277595694e+04
685.2100831760683,2.337647552172186261e+04
685.2844855664139,2.322049794913355072e+04
685.3588336587155,2.309210824652684460e+04
685.4332213760933,2.306876466423471356e+04
685.5075782509971,2.299661177351359220e+04
685.5819089583205,2.290854280395692331e+04
685.6563216044284,2.287458850244109999e+04
685.7306563603778,2.280455775556471781e+04
685.8050589720733,2.279925239595286985e+04
685.8794024621719,2.262948088837375326e+04
685.9537903041233,2.263160303221849244e+04
686.0281472199982,2.242363293543407417e+04
686.1024731844336,2.228251036975893658e+04
686.1768811733403,2.217852532136672744e+04
686.2512158243778,2.205756312221660846e+04
686.3255665827462,2.197267736842704835e+04
686.3999617223745,2.176576834356500331e+04
686.4742975925424,2.165966115132805498e+04
686.5486495653337,2.151005001027396065e+04
686.6230412185406,2.140712603380412111e+04
686.6973829775881,2.130207991348954238e+04
686.7717408365776,2.124796524544870044e+04
686.8460676249846,2.106652194672351834e+04
686.920476563722,2.094768189141813855e+04
686.9948119535088,2.085855184993910370e+04
687.0691634335083,2.072591785964291921e+04
687.1434837923248,2.057418457474408206e+04
687.2178910716232,2.047126059827424615e+04
687.2922436114384,2.039168020409653400e+04
687.3665697193694,2.021660333690557309e+04
687.4409071790424,2.016779402847657548e+04
687.5152607193801,2.011580150428047273e+04
687.5896114344212,1.994815214054609532e+04
687.6639309442114,1.990358711980657608e+04
687.7383327394424,1.978474706450119629e+04
687.8126844041321,1.966696808111818245e+04
687.8870284875072,1.959269304655232190e+04
687.9613649794371,1.941549403551661817e+04
688.0357175394452,1.928073790137569449e+04
688.1100388231959,1.924678359985987117e+04
688.1843761649789,1.906534030113469271e+04
688.2587343070002,1.904199671884256531e+04
688.3330800913666,1.890511844085690245e+04
688.4074182439083,1.880962196784365005e+04
688.4817534945465,1.876187373133702204e+04
688.556104800579,1.861862902181714526e+04
688.6304200038998,1.857618614492236520e+04
688.7047797093452,1.849660575074465669e+04
688.7791080338786,1.837458247967216448e+04
688.8534524038824,1.832683424316554010e+04
688.9277890934775,1.818783382133513805e+04
689.0021418286908,1.810507021139032076e+04
689.0764868733971,1.800002409107574204e+04
689.1507577273879,1.796394764571517953e+04
689.2250873462091,1.781645864850582439e+04
689.2994377520117,1.779842042582554132e+04
689.3737756865256,1.772202324741494158e+04
689.4481106432635,1.757771746597269157e+04
689.5224616327603,1.750662564717393616e+04
689.5968001275772,1.743977811606465912e+04
689.6710880627454,1.730077769423426071e+04
689.745415792651,1.731351055730269218e+04
689.8197595452868,1.718512085469598605e+04
689.8941002876792,1.705885329593401912e+04
689.968380885931,1.700898291558265555e+04
690.0427250973174,1.693470788101679136e+04
690.1170662811704,1.690605893911281601e+04
690.1913949030705,1.684239462377064774e+04
690.2656966557213,1.675220351036924330e+04
690.3400334706062,1.670763848962972406e+04
690.4143672314507,1.660259236931514533e+04
690.4886454859029,1.648693552977687432e+04
690.5629874122526,1.647101945094133043e+04
690.6373214994773,1.635642368332542901e+04
690.7116000290887,1.635005725179121146e+04
690.7859422563533,1.621954540533976615e+04
690.8602336681432,1.615906430576470666e+04
690.9345601567937,1.607417855197514837e+04
691.0089026400582,1.596276600012635390e+04
691.0831942596561,1.597868207896189597e+04
691.157520963373,1.587469703056968683e+04
691.2318206545044,1.584392594482097229e+04
691.3061602170517,1.576010126295378359e+04
691.380444070193,1.569749801953398492e+04
691.45476779478,1.558714653960756004e+04
691.5290596795087,1.559987940267599333e+04
691.6033914459812,1.553409294348908588e+04
691.6776674311591,1.544708504585479022e+04
691.7520072241363,1.532718391862703902e+04
691.8262959912287,1.530808462402438818e+04
691.900643801485,1.527413032250856486e+04
691.9749166156074,1.524017602099274154e+04
692.0492005879099,1.522744315792430825e+04
692.123529252891,1.511709167799788338e+04
692.1978259721524,1.504493878727676019e+04
692.2721578136724,1.498870197539117726e+04
692.3464385130854,1.491336586890294529e+04
692.4207159769667,1.486667870431868869e+04
692.4950525395182,1.485182369740551439e+04
692.56933311711,1.475314400862515504e+04
692.6436056440851,1.475102186478041585e+04
692.7179660817585,1.464597574446583712e+04
692.7922272967613,1.460671608333816766e+04
692.8665236380322,1.453880748030652103e+04
692.9407927013435,1.444118886344852945e+04
693.0151497288059,1.439556277078664243e+04
693.089421837627,1.439025741117479447e+04
693.1636906489606,1.433189845544447417e+04
693.2379753787236,1.422685233512989544e+04
693.3122568047582,1.420563089668250541e+04
693.3865926140129,1.419502017745881130e+04
693.4608818498604,1.411437871135873138e+04
693.5351581466051,1.409952370444555891e+04
693.6094263017561,1.405071439601656311e+04
693.6837151767944,1.394991256339146275e+04
693.7579910889119,1.394566827570198438e+04
693.8322636527323,1.387563752882560038e+04
693.906552121247,1.385866037806768873e+04
693.9808998444166,1.376953033658865206e+04
694.0551719756728,1.374830889814126385e+04
694.1294600063287,1.367827815126487803e+04
694.2037398455482,1.363901849013720675e+04
694.2780114829652,1.357323203095029930e+04
694.3522990144666,1.354458308904632395e+04
694.426583156023,1.349471270869495856e+04
694.5008542537265,1.349259056485021938e+04
694.5751412401826,1.338330015684616410e+04
694.6494248189764,1.336207871839877589e+04
694.723700156412,1.327613189268684800e+04
694.7979624146619,1.325278831039471879e+04
694.8721970948218,1.323687223155917673e+04
694.9464717871994,1.318169649159596520e+04
695.0207623596758,1.315941398122620558e+04
695.0950205016327,1.308301680281560402e+04
695.1693186762369,1.303845178207608478e+04
695.2435843995215,1.296842103519970078e+04
695.3178708269531,1.295356602828652831e+04
695.3921441168008,1.285806955527327591e+04
695.4663655616765,1.285700848335090632e+04
695.5406463919401,1.282093203799034382e+04
695.6149237361514,1.276893951379423925e+04
695.6892121064967,1.276257308226002351e+04
695.7634969823528,1.273286306843367674e+04
695.8377008859716,1.263206123580857820e+04
695.9119932631442,1.260447336582697062e+04
695.9862772860863,1.258112978353484323e+04
696.06048026933,1.254823655394138950e+04
696.134771767185,1.253762583471769358e+04
696.2090548898484,1.246441187207420080e+04
696.2833296268801,1.241560256364520501e+04
696.3575523255896,1.238483147789649047e+04
696.4318151008928,1.236573218329383963e+04
696.5060403540568,1.229570143641745381e+04
696.58033480532,1.221824318608448266e+04
696.6545965750922,1.221824318608448266e+04
696.7288256373972,1.218428888456865934e+04
696.8030899410923,1.210046420270147064e+04
696.8773263707111,1.211107492192516656e+04
696.9516029071826,1.205483811003958363e+04
697.0258758450395,1.205483811003958363e+04
697.1000868630892,1.203149452774745623e+04
697.1743865928445,1.197313557201713411e+04
697.248609793035,1.197419664393950370e+04
697.3228682493078,1.186702837978018761e+04
697.3970987519848,1.185641766055649350e+04
697.4713645187727,1.183731836595384266e+04
697.5456023130668,1.177047083484456562e+04
697.6198072452165,1.176092118754323928e+04
697.6941009834452,1.169407365643396406e+04
697.7683131711979,1.172378367026030901e+04
697.8425898466292,1.169195151258922488e+04
697.9168092738975,1.161024897456677536e+04
697.9910201305657,1.158478324842990696e+04
698.0653003733468,1.162510398147994783e+04
698.1395184438109,1.157523360112858245e+04
698.2138010478819,1.147655391234822127e+04
698.2880311962213,1.151263035770878378e+04
698.3622527442063,1.146275997735741839e+04
698.4364656813189,1.142031710046263834e+04
698.510738305446,1.144047746698765877e+04
698.5849584048053,1.141925602854027056e+04
698.6591698720874,1.129298846977830181e+04
698.7334703424422,1.130784347669147428e+04
698.8076889513259,1.133330920282834268e+04
698.8818989069066,1.126221738402958727e+04
698.9561050840433,1.129617168554541058e+04
699.030322134609,1.122189665097954821e+04
699.1046038227042,1.121553021944533066e+04
699.1788328602486,1.112215589027681744e+04
699.2530532146016,1.116884305486107405e+04
699.3272599846256,1.111366731489786071e+04
699.4014873980228,1.111897267450970867e+04
699.4757061069474,1.110517873951890579e+04
699.5499161008405,1.103939228033199834e+04
699.6241418428359,1.107016336608071288e+04
699.6983588590565,1.103620906456488956e+04
699.7726405911895,1.100968226650565339e+04
699.8468646290141,1.093859044770689798e+04
699.9210848186354,1.097042260537798211e+04
699.9952913527262,1.097466689306746048e+04
700.0695185244031,1.092797972848320387e+04
700.1437320277023,1.093116294425031265e+04
700.2179661702849,1.085052147815023272e+04
700.2921670152689,1.084097183084890639e+04
700.3663345364773,1.080913967317782226e+04
700.4405423002715,1.085370469391733968e+04
700.5147657911945,1.078579609088569487e+04
700.5889804729994,1.076033036474882647e+04
700.6632108815323,1.073592571053432948e+04
700.7374324701444,1.073592571053432948e+04
700.81164522823,1.066695603558031326e+04
700.8858540575908,1.064467352521055363e+04
700.9600736910871,1.071788748785404823e+04
701.034240242214,1.063618494983159871e+04
701.1084716450022,1.068393318633822491e+04
701.1826646876575,1.061814672715131746e+04
701.2569029402329,1.057676492217890882e+04
701.3311077280009,1.053219990143938958e+04
701.4052790247227,1.055872669949862757e+04
701.4794906151762,1.057252063448943045e+04
701.5537179110803,1.048339059301039379e+04
701.6278673838922,1.050567310338015341e+04
701.7020768472739,1.050673417530252300e+04
701.776302010223,1.045261950726167925e+04
701.8505182480137,1.048339059301039379e+04
701.9246812071539,1.043776450034850677e+04
701.9989091214585,1.043139806881429104e+04
702.0730492261018,1.044413093188272433e+04
702.147283874415,1.033271838003392986e+04
702.2215095672381,1.036667268154975318e+04
702.2956523110257,1.033165730811156027e+04
702.3698847114229,1.036030625001553562e+04
702.4440341206173,1.030194729428521532e+04
702.5182485406029,1.035924517809316603e+04
702.5924786440079,1.025101584201148034e+04
702.6666306251165,1.024783262624437157e+04
702.7408427059752,1.026693192084702241e+04
702.8150013114393,1.021175618088380907e+04
702.8892200349155,1.022555011587461195e+04
702.9633852532902,1.018204616705746412e+04
703.0375414112833,1.019584010204826700e+04
703.1117577094595,1.015339722515348876e+04
703.1859204527385,1.016825223206666124e+04
703.2601235714659,1.010883220441396952e+04
703.3342928843769,1.010034362903501460e+04
703.4085025826428,1.005577860829549718e+04
703.482658658175,1.010140470095738419e+04
703.5568254210807,1.005896182406260596e+04
703.6310325789715,1.001864109101256508e+04
703.7052108243134,1.003667931369284634e+04
703.7793551808122,1.002606859446915223e+04
703.8535845204474,9.982564645652002582e+03
703.9277353723147,9.982564645652002582e+03
704.0019018493869,9.961343207204614373e+03
704.0760542132163,9.942243912601963530e+03
704.1502767406283,9.926327833766421463e+03
704.2244157321018,9.922083546076943094e+03
704.2985752975638,9.908289611086140212e+03
704.3727455222629,9.881762813026904041e+03
704.4469065581811,9.862663518424253198e+03
704.5211080295742,9.867968878036099341e+03
704.5952804534251,9.886007100716380592e+03
704.6694387032167,9.796877059237345748e+03
704.7435926983363,9.826587073063690696e+03
704.8177573342106,9.829770288830799473e+03
704.891917706452,9.774594548867586127e+03
704.9660688376695,9.730029528128068705e+03
705.0402107171044,9.784144196168912458e+03
705.114442771257,9.748067750808349956e+03
705.1885910002947,9.743823463118871587e+03
705.2627548254902,9.722602024671481558e+03
705.3369093767561,9.695014154689875795e+03
705.4110795235591,9.673792716242485767e+03
705.485220476971,9.718357736982005008e+03
705.5593969294841,9.671670572397746582e+03
705.6335441691415,9.624983407813489976e+03
705.7077020144703,9.643021630493771227e+03
705.7818057106044,9.612250544745056686e+03
705.8559498827009,9.566624452083169672e+03
705.9301096345012,9.612250544745056686e+03
706.0042849709166,9.591029106297666658e+03
706.0784260421825,9.565563380160800079e+03
706.1525826869397,9.566624452083169672e+03
706.2267549100956,9.574051955539756818e+03
706.3008928304606,9.544341941713410051e+03
706.3750014111765,9.544341941713410051e+03
706.4491704615375,9.545403013635779644e+03
706.5233051714449,9.479616554448872193e+03
706.5974853991634,9.563441236316060895e+03
706.6716262730434,9.464761547535699719e+03
706.745737753195,9.492349417517307302e+03
706.8198897594285,9.504021208663370999e+03
706.8940323424436,9.464761547535699719e+03
706.9681405012132,9.473250122914656458e+03
707.0422891955021,9.444601181010681103e+03
707.1164534452462,9.470066907147547681e+03
707.19055823756,9.427624030252769444e+03
707.2647035748213,9.447784396777788061e+03
707.3388694645195,9.454150828312005615e+03
707.4129708410553,9.456272972156744800e+03
707.4871177773351,9.452028684467266430e+03
707.5612752521206,9.438234749476463548e+03
707.6353781699282,9.394730800659315719e+03
707.7095466962406,9.431868317942245994e+03
707.7836305801062,9.410646879494857785e+03
707.857775071609,9.448845468700157653e+03
707.9318899937977,9.421257598718551890e+03
708.0060455013667,9.396852944504053085e+03
708.080146353211,9.410646879494857785e+03
708.1543078510902,9.418074382951443113e+03
708.2283845678539,9.376692577979034468e+03
708.3025520377458,9.397914016426422677e+03
708.3766397017445,9.396852944504053085e+03
708.4508131326904,9.406402591805379416e+03
708.5249067170731,9.336371844928993596e+03
708.5989906956581,9.334249701084254411e+03
708.673160478897,9.311967190714496610e+03
708.7472503492967,9.368204002600077729e+03
708.8213557131089,9.366081858755338544e+03
708.8955017018351,9.372448290289556098e+03
708.9696129404151,9.323638981860560307e+03
709.0436944296144,9.363959714910601178e+03
709.1178618009762,9.348043636075057293e+03
709.1919440994113,9.306661831102648648e+03
709.266041878377,9.292867896111845766e+03
709.3401601743607,9.321516838015821122e+03
709.4143140934323,9.290745752267106582e+03
709.4884130457813,9.267402169974977369e+03
709.5625023052012,9.286501464577628212e+03
709.6366020041326,9.286501464577628212e+03
709.71069703359,9.294990039956584951e+03
709.7848579170291,9.279073961121042885e+03
709.8589587159314,9.271646457664455738e+03
709.9330497882937,9.275890745353934108e+03
710.0071361642808,9.220715005390720762e+03
710.0812329625695,9.256791450751283264e+03
710.1553452280508,9.237692156148632421e+03
710.2294275672397,9.198432495020962961e+03
710.3035203190468,9.229203580769677501e+03
710.3776335778801,9.226020365002568724e+03
710.4517320198205,9.184638560030160079e+03
710.5258257276931,9.177211056573572932e+03
710.599909644176,9.207982142322287473e+03
710.6740090111854,9.162356049660400458e+03
710.7480985754111,9.194188207331484591e+03
710.8222035892967,9.150684258514336761e+03
710.8962987889969,9.155989618126182904e+03
710.9704094374856,9.169783553116987605e+03
711.0444849811654,9.164478193505139643e+03
711.1186012467011,9.149623186591967169e+03
711.1926874434225,9.182516416185420894e+03
711.2667840197356,9.209043214244657065e+03
711.3408251965476,9.125218532377468364e+03
711.4149070955419,9.184638560030160079e+03
711.4890246751831,9.131584963911685918e+03
711.5631121310784,9.094447446628753823e+03
711.6372150180558,9.106119237774817520e+03
711.7112320343467,9.148562114669597577e+03
711.7853404449295,9.093386374706384231e+03
711.8594389533098,9.103997093930080155e+03
711.9335275484821,9.070042792414256837e+03
712.0075605935059,9.084897799327429311e+03
712.0816546727544,9.063676360880039283e+03
712.1557641746032,9.061554217035300098e+03
712.2297927223119,9.059432073190560914e+03
712.3038823260575,9.072164936258996022e+03
712.377992420552,9.042454922432649255e+03
712.4520164203059,8.989401326314176913e+03
712.5261268825731,9.029722059364215966e+03
712.6001562828156,9.025477771674737596e+03
712.6742518579922,8.972424175556265254e+03
712.7483628435643,8.993645614003653463e+03
712.8223876211747,8.995767757848392648e+03
712.8964785986809,8.986218110547068136e+03
712.9705138140855,9.014867052451043492e+03
713.0446101673241,8.959691312487830146e+03
713.1186507279195,8.976668463245741805e+03
713.19275244439,8.946958449419396857e+03
713.2667983376626,8.955447024798353596e+03
713.3408290765726,8.973485247478634847e+03
713.4149057221886,8.936347730195702752e+03
713.4889468476811,8.950141665186505634e+03
713.5630542605719,8.948019521341766449e+03
713.6370752139885,8.896026997145661880e+03
713.71111152602,8.928920226739115606e+03
713.7852141503761,8.886477349844337368e+03
713.8592557248019,8.888599493689076553e+03
713.93328717658,8.897088069068031473e+03
714.0073900636712,8.966057744022047700e+03
714.0814267494405,8.886477349844337368e+03
714.1554583900697,8.870561271008795302e+03
714.2295512937391,8.890721637533815738e+03
714.3035881409775,8.848278760639035681e+03
714.3776148223176,8.858889479862731605e+03
714.451651744311,8.889660565611446145e+03
714.5256835921462,8.821751962579799510e+03
714.5997818492889,8.830240537958754430e+03
714.6738188625989,8.850400904483774866e+03
714.7478712188952,8.795225164520563339e+03
714.8218929356141,8.863133767552208155e+03
714.8959248750398,8.796286236442932932e+03
714.9699721505816,8.840851257182450354e+03
715.044014315487,8.827057322191647472e+03
715.1180411339378,8.790980876831084970e+03
715.1920883966163,8.776125869917912496e+03
715.2661714596333,8.833423753725863207e+03
715.3402238179556,8.866316983319316932e+03
715.4142403295658,8.799469452210039890e+03
715.488267040557,8.795225164520563339e+03
715.5623141930947,8.812202315278474998e+03
715.6363510669913,8.797347308365302524e+03
715.7103315493897,8.768698366461325350e+03
715.784373440411,8.764454078771848799e+03
715.8584050299637,8.757026575315261653e+03
715.932426306901,8.777186941840282088e+03
716.0064680199878,8.788858732986345785e+03
716.080494283165,8.746415856091567548e+03
716.1545409835085,8.811141243356105406e+03
716.2285722201125,8.783553373374497824e+03
716.3025469314863,8.847217688716666089e+03
716.3765882447348,8.768698366461325350e+03
716.4506192011959,8.732621921100764666e+03
716.5246654600803,8.788858732986345785e+03
716.5987013504475,8.771881582228434127e+03
716.6726754991479,8.734744064945502032e+03
716.7467162946405,8.726255489566547112e+03
716.8207466986998,8.746415856091567548e+03
716.8947667001454,8.754904431470522468e+03
716.9687557260248,8.762331934927109614e+03
717.0427805919613,8.750660143781044098e+03
717.116825887731,8.763393006849479207e+03
717.1908093232216,8.757026575315261653e+03
717.2648286044712,8.758087647237631245e+03
717.3388168541977,8.766576222616586165e+03
717.4128461038251,8.768698366461325350e+03
717.4868906346427,8.772942654150803719e+03
717.5608474726536,8.772942654150803719e+03
717.6348968087937,8.755965503392892060e+03
717.7088584084709,8.741110496479719586e+03
717.7828867763504,8.713522626498113823e+03
717.8568840385082,8.753843359548152876e+03
717.9309171761972,8.735805136867871624e+03
718.0048882559898,8.769759438383694942e+03
718.0789313004857,8.757026575315261653e+03
718.1528864689565,8.674262965370442544e+03
718.2268775063203,8.713522626498113823e+03
718.300914749167,8.706095123041526676e+03
718.3748898482226,8.676385109215181728e+03
718.4489059941204,8.758087647237631245e+03
718.5228857662477,8.692301188050723795e+03
718.5968549564894,8.711400482653374638e+03
718.6708910267723,8.701850835352048307e+03
718.7448648651658,8.709278338808635453e+03
718.8188539335962,8.745354784169197956e+03
718.8928117241455,8.706095123041526676e+03
718.9668571028507,8.681690468827029690e+03
719.040845353585,8.729438705333655889e+03
719.1148178064504,8.696545475740202164e+03
719.1887847916446,8.677446181137551321e+03
719.2628187285492,8.677446181137551321e+03
719.3367851179871,8.671079749603333767e+03
719.4107718973806,8.691240116128354202e+03
719.4847480151196,8.713522626498113823e+03
719.55871345993,8.670018677680964174e+03
719.6326941140954,8.676385109215181728e+03
719.7066692631995,8.685934756516506241e+03
719.780706250103,8.674262965370442544e+03
719.8546807424774,8.642430807699358411e+03
719.9286497097812,8.701850835352048307e+03
720.0026286960333,8.663652246146748439e+03
720.0766021474149,8.689117972283615018e+03
720.1505856143327,8.677446181137551321e+03
720.2245376004026,8.663652246146748439e+03
720.298530717732,8.633942232320403491e+03
720.3725079039693,8.644552951544097596e+03
720.446479525475,8.666835461913857216e+03
720.5204403826414,8.676385109215181728e+03
720.5943696939084,8.613781865795383055e+03
720.6683349523433,8.586193995813777292e+03
720.7423153966341,8.642430807699358411e+03
720.816285052651,8.622270441174337975e+03
720.890249105901,8.633942232320403491e+03
720.9642231419422,8.601049002726949766e+03
721.0382175601698,8.654102598845422108e+03
721.1121179678518,8.645614023466467188e+03
721.1860907374653,8.602110074649319358e+03
721.2600786851124,8.596804715037471396e+03
721.334050596095,8.587255067736145065e+03
721.4079648215145,8.539506831229518866e+03
721.4819202230957,8.595743643115101804e+03
721.5559168215076,8.577705420434820553e+03
721.6298296575088,8.603171146571688951e+03
721.7038045147077,8.570277916978235226e+03
721.777768491748,8.564972557366387264e+03
721.8516746809869,8.529957183928194354e+03
721.9256689717006,8.536323615462411908e+03
721.9996263053706,8.576644348512450961e+03
722.0735518685187,8.494941810490001444e+03
722.1475134315792,8.533140399695303131e+03
722.221443203523,8.547995406608475605e+03
722.2954141996532,8.497063954334740629e+03
722.369322077151,8.539506831229518866e+03
722.4432972736668,8.455682149362331984e+03
722.5172093181159,8.472659300120243643e+03
722.5911887015628,8.519346464704500249e+03
722.665104899496,8.446132502061005653e+03
722.7390623388185,8.493880738567631852e+03
722.8129878959985,8.476903587809720193e+03
722.8869756086152,8.425972135535985217e+03
722.9608791618889,8.440827142449159510e+03
723.0347925998112,8.421727847846508666e+03
723.1087786701618,8.417483560157030297e+03
723.1826700550422,8.414300344389921520e+03
723.2565817737539,8.432338567070202771e+03
723.3305609227724,8.392017834020163718e+03
723.4044767103132,8.366552107883295321e+03
723.4783814349788,8.383529258641206980e+03
723.5523797909511,8.354880316737231624e+03
723.6262885587613,8.368674251728034506e+03
723.7001862401456,8.324109230988517083e+03
723.7741042546204,8.379284970951728610e+03
723.8480321309023,8.342147453668798335e+03
723.9220013141903,8.342147453668798335e+03
723.9959122328532,8.370796395572773690e+03
724.0698330025856,8.333658878289841596e+03
724.1437478932739,8.325170302910886676e+03
724.2176516517817,8.331536734445102411e+03
724.2915652506016,8.326231374833256268e+03
724.3654729499798,8.302887792541127055e+03
724.4393957341822,8.302887792541127055e+03
724.51330736185,8.297582432929279094e+03
724.587207821535,8.334719950212211188e+03
724.6611286098097,8.258322771801609633e+03
724.7350592296857,8.290154929472693766e+03
724.80895240124,8.245589908733176344e+03
724.882865897012,8.255139556034500856e+03
724.9567892135801,8.232857045664741236e+03
725.0307013255602,8.285910641783215397e+03
725.1046074792529,8.195719528381810960e+03
725.1785287017594,8.244528836810806752e+03
725.2524334382222,8.212696679139722619e+03
725.326358500832,8.229673829897634278e+03
725.4002723250796,8.224368470285786316e+03
725.4741222682113,8.186169881080485538e+03
725.5480398915687,8.201024887993657103e+03
725.6219462528422,8.199963816071287511e+03
725.6958676722687,8.192536312614702183e+03
725.769783084779,8.208452391450244249e+03
725.8436292602167,8.185108809158115946e+03
725.9175431603215,8.163887370710725918e+03
725.9914510329734,8.185108809158115946e+03
726.0653686850188,8.159643083021248458e+03
726.1392275716657,8.149032363797553444e+03
726.2131278556831,8.207391319527874657e+03
726.2870379081896,8.091734479989601823e+03
726.3608891425325,8.140543788418597615e+03
726.4348081680206,8.154337723409400496e+03
726.50866306773,8.125688781505425140e+03
726.5825857784921,8.095978767679080192e+03
726.6564232085193,8.158582011098878866e+03
726.730349586392,8.091734479989601823e+03
726.8042645953695,8.121444493815947681e+03
726.8781153887404,8.104467343058036022e+03
726.9520393221525,8.099161983446188060e+03
727.0258672943038,8.099161983446188060e+03
727.0997948515045,8.082184832688276401e+03
727.1736528398144,8.108711630747513482e+03
727.2475046789152,8.073696257309320572e+03
727.3214244199837,8.028070164647433558e+03
727.3952533686669,8.038680883871128572e+03
727.4691766890326,7.995176935053979832e+03
727.5430356383624,8.030192308492172742e+03
727.6168831154938,8.066268753852734335e+03
727.6907985389481,7.971833352761851529e+03
727.7646495352022,8.024886948880324780e+03
727.838494332822,7.997299078898719017e+03
727.9123488191613,7.946367626624984041e+03
727.986271291593,8.021703733113216913e+03
728.0601080662049,7.961222633538156515e+03
728.1339810274446,7.951672986236832003e+03
728.2078212555151,7.951672986236832003e+03
728.2817295008361,7.889069742817032420e+03
728.3555996998778,7.929390475867072382e+03
728.429453049297,7.900741533963097027e+03
728.5033054557948,7.888008670894662828e+03
728.577140989502,7.930451547789441975e+03
728.6509914915385,7.865726160524904117e+03
728.7248569664563,7.868909376292012894e+03
728.7987108614303,7.898619390118357842e+03
728.872558477417,7.857237585145948287e+03
728.9464688832253,7.856176513223578695e+03
729.0203145595359,7.799939701337996667e+03
729.0941805149681,7.794634341726149614e+03
729.1680295392798,7.793573269803780022e+03
729.2418722535059,7.765985399822173349e+03
729.3156767351837,7.756435752520848837e+03
729.3895227579071,7.760680040210326297e+03
729.4633837365335,7.756435752520848837e+03
729.5372330643772,7.765985399822173349e+03
729.6110920231105,7.739458601762937178e+03
729.6849499652391,7.722481451005025519e+03
729.7587909091665,7.767046471744542941e+03
729.832646799371,7.715053947548439282e+03
729.9064377258716,7.703382156402374676e+03
729.9802755476569,7.708687516014222638e+03
730.0541496290818,7.652450704128639700e+03
730.1279906863275,7.645023200672053463e+03
730.2018413503896,7.637595697215467226e+03
730.2756322932343,7.588786388786471434e+03
730.3494914925877,7.608946755311491870e+03
730.4233389576001,7.594091748398319396e+03
730.497121314011,7.578175669562777330e+03
730.5709933006522,7.633351409525989766e+03
730.6448321837362,7.538916008435106960e+03
730.7186379386568,7.550587799581170657e+03
730.7924799682986,7.553771015348279434e+03
730.8662835069548,7.514511354220609064e+03
730.940128667791,7.509205994608761102e+03
731.0139673771906,7.473129549248199510e+03
731.0877622124666,7.434930960042897823e+03
731.1616307539186,7.480557052704785747e+03
731.2354072830598,7.421137025052094941e+03
731.3092735761231,7.445541679266592837e+03
731.3830531589755,7.389304867381010808e+03
731.4569011330443,7.370205572778359965e+03
731.5307105078027,7.375510932390207927e+03
731.6044812553652,7.306541257436191700e+03
731.6783471861277,7.327762695883581728e+03
731.7521477148499,7.308663401280930884e+03
731.8259899112759,7.319274120504625898e+03
731.899766660658,7.285319818988802581e+03
731.9735636445379,7.236510510559806789e+03
732.0473701527895,7.248182301705870486e+03
732.1212183467612,7.250304445550609671e+03
732.195006386356,7.194067633665027643e+03
732.2688093011474,7.225899791336111775e+03
732.3426485486638,7.203617280966353064e+03
732.4164544099781,7.185579058286071813e+03
732.4902214949792,7.196189777509766827e+03
732.5640302732379,7.169662979450529747e+03
732.6378270896475,7.132525462167598562e+03
732.7116656191168,7.132525462167598562e+03
732.7854653361854,7.100693304496514429e+03
732.8592530670325,7.111304023720208534e+03
732.9330341718326,7.073105434514907756e+03
733.0068247610646,7.040212204921454031e+03
733.0806302100424,7.076288650282016533e+03
733.1544290226378,7.007318975328000306e+03
733.2282104378809,7.017929694551695320e+03
733.3020120820065,6.941532516141092856e+03
733.3758016923423,6.956387523054265330e+03
733.4495738776542,6.975486817656916173e+03
733.5233662868974,6.940471444218723263e+03
733.5971735461529,6.923494293460812514e+03
733.6709687462483,6.924555365383181197e+03
733.7447518754218,6.885295704255510827e+03
733.818549846392,6.925616437305550789e+03
733.8923357337387,6.903333926935792078e+03
733.9660610421337,6.856646762351535472e+03
734.039849657903,6.850280330817318827e+03
734.113653111708,6.823753532758081747e+03
734.1874498467755,6.815264957379125917e+03
734.2612290717857,6.783432799708041784e+03
734.3349476318791,6.771761008561977178e+03
734.4087618993168,6.781310655863302600e+03
734.4825316665394,6.729318131667198941e+03
734.5563216510071,6.737806707046153861e+03
734.6300724954872,6.712340980909287282e+03
734.7038651403906,6.698547045918483491e+03
734.7776456166251,6.700669189763222676e+03
734.8513869120628,6.663531672480291491e+03
734.9251700158896,6.667775960169768950e+03
734.99889230638,6.685814182850050202e+03
735.0727050353661,6.616844507896033974e+03
735.1464785471829,6.627455227119728988e+03
735.220218219237,6.634882730576315225e+03
735.2939943121419,6.571218415234146960e+03
735.367736543824,6.589256637914428211e+03
735.4415206118363,6.554241264476235301e+03
735.5152599796714,6.589256637914428211e+03
735.5890466014831,6.564851983699930315e+03
735.662766849309,6.484210517599850391e+03
735.7365830712438,6.506493027969609102e+03
735.8103058246913,6.483149445677480799e+03
735.8840433540496,6.479966229910372022e+03
735.957822745456,6.504370884124869917e+03
736.0315681756952,6.479966229910372022e+03
736.1052958754302,6.443889784549810429e+03
736.1790654451154,6.434340137248485007e+03
736.252801015933,6.406752267266878334e+03
736.326545937147,6.419485130335312533e+03
736.4003381699183,6.386591900741858808e+03
736.4740584115469,6.369614749983947149e+03
736.5477988397872,6.373859037673424609e+03
736.6215269056551,6.335660448468123832e+03
736.6952425972906,6.351576527303665898e+03
736.7690544685436,6.317622225787842581e+03
736.8427725447069,6.333538304623384647e+03
736.9165053742005,6.300645075029931832e+03
736.9902258037228,6.269873989281216382e+03
737.0639609845649,6.258202198135152685e+03
737.137689186275,6.243347191221980211e+03
737.2114267046566,6.228492184308806827e+03
737.2851517972983,6.235919687765393974e+03
737.358897074205,6.230614328153546012e+03
737.4326244765816,6.225308968541698960e+03
737.5063448675909,6.189232523181136457e+03
737.5800799995792,6.159522509354791509e+03
737.6538026703106,6.168011084733747339e+03
737.7275346375662,6.146789646286358220e+03
737.8012595719805,6.116018560537642770e+03
737.8749992432967,6.142545358596879851e+03
737.9487264275168,6.061903892496799926e+03
738.022468346593,6.095858194012623244e+03
738.0961977656417,6.111774272848165310e+03
738.169865632222,6.090552834400775282e+03
738.2435972558687,6.066148180186277386e+03
738.3173218057595,6.026888519058607017e+03
738.3910556298822,6.042804597894149083e+03
738.4647823694751,6.039621382127041215e+03
738.5384638351453,5.979140282551980818e+03
738.612192738524,6.013094584067804135e+03
738.685909081362,5.963224203716438751e+03
738.7595855634423,5.963224203716438751e+03
738.8332985789483,5.938819549501940855e+03
738.9070317658445,5.934575261812463395e+03
738.9807032179243,5.920781326821659604e+03
739.0544385201678,5.938819549501940855e+03
739.1281065918952,5.884704881461098012e+03
739.2018439933116,5.848628436100535509e+03
739.2755687822585,5.854994867634753064e+03
739.3492317494262,5.861361299168969708e+03
739.4229859424029,5.808307703050495547e+03
739.4966509491076,5.809368774972865140e+03
739.5703798618135,5.805124487283387680e+03
739.6440468874771,5.777536617301781007e+03
739.7177778366447,5.739338028096480230e+03
739.791446866122,5.726605165028046031e+03
739.8651032005454,5.715994445804351926e+03
739.9388289543585,5.708566942347765689e+03
740.0125146409633,5.678856928521419832e+03
740.086187618405,5.672490496987203187e+03
740.1599026583724,5.664001921608247358e+03
740.2335830692062,5.620497972791099528e+03
740.3072452674804,5.622620116635837803e+03
740.3809769441689,5.609887253567404514e+03
740.4546465508478,5.596093318576601632e+03
740.5283253357537,5.569566520517364552e+03
740.6019968452496,5.544100794380497064e+03
740.6757323886792,5.539856506691019604e+03
740.7493783611862,5.526062571700215813e+03
740.8230664214437,5.517573996321259983e+03
740.8967416974003,5.491047198262023812e+03
740.9704041770528,5.452848609056722125e+03
741.0440813057113,5.436932530221180059e+03
741.1177456249695,5.436932530221180059e+03
741.1914740338814,5.424199667152746770e+03
741.265145682029,5.408283588317204703e+03
741.3387990020083,5.370084999111903016e+03
741.4124669600711,5.371146071034272609e+03
741.4861550585991,5.343558201052666845e+03
741.5598248114671,5.350985704509253083e+03
741.6334872037764,5.326581050294755187e+03
741.7070817125386,5.305359611847365159e+03
741.7807678621677,5.278832813788128988e+03
741.8544191228816,5.249122799961783130e+03
741.9281125335501,5.224718145747285234e+03
742.0017600242695,5.240634224582827301e+03
742.0754276444354,5.221534929980177367e+03
742.1491098938311,5.254428159573631092e+03
742.2227792320809,5.188641700386723642e+03
742.2963860567804,5.213046354601221537e+03
742.3700570824167,5.173786693473551168e+03
742.4437151716932,5.149382039259053272e+03
742.5173878791576,5.152565255026161140e+03
742.5909980073593,5.165298118094595338e+03
742.6646723713906,5.097389515062948703e+03
742.7383392893086,5.103755946597165348e+03
742.8119656461523,5.110122378131382902e+03
742.8856286765096,5.096328443140579111e+03
742.9592842387771,5.036908415487889215e+03
743.0328991982909,5.029480912031302978e+03
743.1065563576633,5.054946638168169557e+03
743.1801728901319,4.990221250903631699e+03
743.2538592524501,5.034786271643150030e+03
743.3274497210764,4.957328021310177974e+03
743.4011100282263,4.968999812456242580e+03
743.4747296601421,4.964755524766765120e+03
743.5483970465806,4.983854819369415054e+03
743.6220182060574,4.958389093232547566e+03
743.6956816000841,4.901091209424595945e+03
743.7692821427946,4.935045510940419263e+03
743.8429470520473,4.908518712881183092e+03
743.916576747615,4.889419418278532248e+03
743.990165669035,4.898969065579857670e+03
744.0638466591978,4.839549037927166864e+03
744.1374370340701,4.858648332529817708e+03
744.2110696595498,4.875625483287729367e+03
744.284716858413,4.811961167945560192e+03
744.3583232280512,4.825755102936363983e+03
744.4319496995879,4.827877246781102258e+03
744.5055574804348,4.805594736411343547e+03
744.5791520991629,4.787556513731062296e+03
744.6528444452033,4.746174708758653651e+03
744.7264460022811,4.779067938352107376e+03
744.8000565630955,4.751480068370500703e+03
744.8736594835683,4.728136486078372400e+03
744.9472714032472,4.745113636836284059e+03
745.0208756714717,4.748296852603391926e+03
745.094494486024,4.713281479165199926e+03
745.168100087441,4.711159335320460741e+03
745.2416924635781,4.680388249571746201e+03
745.3152993770332,4.686754681105962845e+03
745.3889152760675,4.653861451512509120e+03
745.4625290474098,4.667655386503312002e+03
745.5361240107667,4.652800379590139528e+03
745.609733506721,4.651739307667769936e+03
745.6833575395775,4.642189660366444514e+03
745.7569683059694,4.629456797298011224e+03
745.8305713563644,4.625212509608533765e+03
745.9041833730809,4.595502495782187907e+03
745.9777876626403,4.568975697722950827e+03
746.0514009139459,4.581708560791385025e+03
746.1249507566789,4.563670338111103774e+03
746.1985429433485,4.556242834654517537e+03
746.2721496486159,4.553059618887408760e+03
746.3457708767787,4.555181762732147945e+03
746.4193230608547,4.494700663157088457e+03
746.4929176060401,4.559426050421626314e+03
746.5665266650274,4.508494598147891338e+03
746.640066621393,4.486212087778132627e+03
746.7136768253059,4.523349605061063812e+03
746.7873015449047,4.464990649330742599e+03
746.8608348022583,4.503189238536044286e+03
746.934460649653,4.490456375467610087e+03
747.0080507927156,4.472418152787328836e+03
747.0815940434294,4.463929577408373007e+03
747.1552131827909,4.451196714339939717e+03
747.2287630801482,4.438463851271506428e+03
747.3023777208953,4.444830282805723073e+03
747.3759007391845,4.389654542842510637e+03
747.4495220280663,4.410875981289899755e+03
747.5230740040879,4.392837758609618504e+03
747.5966125121065,4.381165967463554807e+03
747.6702213915038,4.351455953637208950e+03
747.7437608993716,4.363127744783273556e+03
747.8173763904779,4.352517025559578542e+03
747.8909168833824,4.341906306335884437e+03
747.9644718416794,4.352517025559578542e+03
748.0380188872018,4.336600946724036476e+03
748.111630768237,4.310074148664799395e+03
748.1851787691317,4.311135220587168988e+03
748.2587356337701,4.283547350605563224e+03
748.3322845630789,4.310074148664799395e+03
748.405875958131,4.245348761400261537e+03
748.4794258064913,4.278241990993715262e+03
748.5529901125466,4.265509127925281973e+03
748.626540858474,4.258081624468695736e+03
748.7000780320159,4.264448056002912381e+03
748.7736296540094,4.216699819496286182e+03
748.8471676901079,4.196539452971265746e+03
748.920776260387,4.224127322952872419e+03
748.994315154041,4.175318014523876627e+03
749.0678741021718,4.180623374135723680e+03
749.1414138274398,4.183806589902832457e+03
749.2149736068789,4.143485856852792494e+03
749.2885141477188,4.166829439144920798e+03
749.362046665244,4.156218719921225784e+03
749.4355374512597,4.128630849939620020e+03
749.5090988297237,4.103165123802752532e+03
749.5826465568359,4.098920836113275072e+03
749.656175000463,4.085126901122471736e+03
749.7297234916311,4.076638325743515907e+03
749.803286415846,4.083004757277732551e+03
749.8768356615918,4.077699397665885044e+03
749.9503205982728,4.086187973044840874e+03
750.0238705670453,4.063905462675082163e+03
750.0974068314757,4.034195448848736760e+03
750.170963144645,4.037378664615845082e+03
750.2444438267519,3.986447212342110561e+03
750.318000832892,4.016157226168455963e+03
750.3915384788514,3.990691500031588475e+03
750.4650398530696,3.993874715798696798e+03
750.5385837931271,3.948248623136809329e+03
750.6121083437756,3.989630428109218883e+03
750.6855965835151,3.977958636963154731e+03
750.7591555782365,3.931271472378898125e+03
750.8326444278694,3.916416465465725196e+03
750.9061758589805,3.913233249698616874e+03
750.9796652967866,3.882462163949902333e+03
751.053225528571,3.895195027018335622e+03
751.1267211857668,3.900500386630183129e+03
751.2002538005404,3.879278948182793556e+03
751.2737443726544,3.855935365890665253e+03
751.347283196831,3.854874293968295660e+03
751.4207743095347,3.861240725502512760e+03
751.4942572105898,3.813492488995886561e+03
751.567805321994,3.835774999365645272e+03
751.641288735935,3.777416043635324513e+03
751.7147865207419,3.794393194393235717e+03
751.7883269399143,3.801820697849822409e+03
751.8618252198199,3.776354971712954921e+03
751.9353096018531,3.790148906703757802e+03
752.0087800736492,3.738156382507653689e+03
752.082349748397,3.759377820955043262e+03
752.1558206716313,3.720118159827372892e+03
752.2293059510168,3.723301375594481215e+03
752.3028112503567,3.726484591361589537e+03
752.3762686487676,3.682980642544441253e+03
752.4497687028702,3.697835649457613727e+03
752.5232604672466,3.673430995243115831e+03
752.5967892449822,3.669186707553637916e+03
752.6702814069297,3.660698132174682087e+03
752.74378792351,3.677675282932593745e+03
752.8172521255437,3.632049190270706276e+03
752.890753342267,3.636293477960184191e+03
752.9642462347487,3.651148484873357120e+03
753.0377251232514,3.630988118348337139e+03
753.111218354199,3.621438471047011717e+03
753.1846408387155,3.607644536056208381e+03
753.2581116847355,3.622499542969381309e+03
753.331591190779,3.602339176444361328e+03
753.4050850339123,3.571568090695646333e+03
753.4785648318334,3.557774155704843452e+03
753.552064642568,3.571568090695646333e+03
753.6254879218887,3.559896299549582181e+03
753.698987997613,3.556713083782473859e+03
753.7724683210844,3.510025919198217252e+03
753.845940242228,3.536552717257453878e+03
753.9193696482735,3.517453422654803489e+03
753.9928702112186,3.496231984207413916e+03
754.0663566760842,3.503659487664000153e+03
754.1397721577508,3.475010545760024343e+03
754.2132588199502,3.491987696517936001e+03
754.286731357841,3.483499121138980172e+03
754.3601613060175,3.450605891545526447e+03
754.433662469434,3.444239460011309802e+03
754.5070697940439,3.470766258070546428e+03
754.580571120139,3.446361603856048532e+03
754.6540013426822,3.448483747700787717e+03
754.7274800348059,3.431506596942876058e+03
754.8009103674891,3.410285158495486485e+03
754.8743891803196,3.431506596942876058e+03
754.9478196065738,3.400735511194161518e+03
755.0212985235391,3.414529446184964399e+03
755.0947347284628,3.390124791970466504e+03
755.1681567061893,3.380575144669141537e+03
755.2416500027333,3.407101942728378162e+03
755.3150720303312,3.340254411619101575e+03
755.3884798044081,3.354048346609904456e+03
755.4619874570354,3.357231562377012779e+03
755.535395250506,3.345559771230948627e+03
755.6088173113466,3.326460476628298238e+03
755.6822593542736,3.307361182025647850e+03
755.7557385217809,3.316910829326972816e+03
755.8291520013627,3.321155117016450731e+03
755.9025740310907,3.307361182025647850e+03
755.9760160417866,3.310544397792756172e+03
756.0494380281855,3.328582620473036968e+03
756.122851408895,3.316910829326972816e+03
756.196279048058,3.291445103190105783e+03
756.2697209498288,3.305239038180908665e+03
756.3431485156143,3.295689390879583698e+03
756.4166132278519,3.304177966258539072e+03
756.490046430767,3.271284736665085802e+03
756.563402310791,3.258551873596652058e+03
756.6368296685728,3.229902931692676248e+03
756.710271280547,3.261735089363760380e+03
756.7836985147853,3.247941154372957044e+03
756.8571170870929,3.259612945519021196e+03
756.9305441765948,3.242635794761109992e+03
757.0039625924522,3.226719715925567925e+03
757.0773895204559,3.194887558254483338e+03
757.1508077630942,3.220353284391350826e+03
757.2241829078598,3.199131845943961252e+03
757.2975952154935,3.187460054797897101e+03
757.3710274951507,3.180032551341310864e+03
757.4444453309834,3.167299688272877120e+03
757.5178200187852,3.178971479418941271e+03
757.5912376210018,3.155627897126812968e+03
757.664669455667,3.167299688272877120e+03
757.7380294018718,3.156688969049182560e+03
757.8114609832415,3.125917883300468020e+03
757.884883822762,3.154566825204443376e+03
757.9582576961611,3.128040027145206750e+03
758.0316745087733,3.131223242912315072e+03
758.1050538201592,3.140772890213640494e+03
758.1784703328954,3.112123948309664684e+03
758.2518205742088,3.083475006405688873e+03
758.3252712680576,3.085597150250428058e+03
758.3986211596865,3.083475006405688873e+03
758.4720370175761,3.062253567958299300e+03
758.545415305501,3.072864287181994314e+03
758.6187790176235,3.063314639880668892e+03
758.692185702744,3.051642848734604740e+03
758.7655490229096,3.029360338364845575e+03
758.8389841161411,3.046337489122757233e+03
758.9123470329839,3.037848913743801404e+03
758.985729896929,3.006016756072717271e+03
759.0590923834825,3.038909985666170996e+03
759.1324978677417,3.009199971839825594e+03
759.2058656754364,3.010261043762195186e+03
759.2792419009955,3.002833540305608949e+03
759.3526092466964,2.996467108771392304e+03
759.4259619360007,2.993283893004283527e+03
759.4993807137987,2.950841016109504835e+03
759.5727617631621,2.965696023022677309e+03
759.6461281405926,2.945535656497657328e+03
759.7194798334775,2.969940310712155224e+03
759.79284569346,2.937047081118701499e+03
759.8662199506782,2.949779944187135243e+03
759.9395910557283,2.941291368808179413e+03
760.0129416740881,2.921131002283159432e+03
760.0863064536592,2.924314218050267755e+03
760.1596565064068,2.907337067292356551e+03
760.2330264969562,2.898848491913400721e+03
760.3064048714377,2.896726348068661537e+03
760.3797685035091,2.881871341155489063e+03
760.4531231634235,2.878688125388380740e+03
760.5264341378603,2.875504909621271963e+03
760.5997823891312,2.871260621931794049e+03
760.6731505760081,2.870199550009424911e+03
760.7465329185825,2.868077406164685726e+03
760.8198946901349,2.816084881968581612e+03
760.893195347572,2.851100255406774068e+03
760.9665564561759,2.835184176571232001e+03
761.039908545017,2.837306320415971186e+03
761.1132805694576,2.821390241580429119e+03
761.186574038077,2.801229875055409138e+03
761.2599395757078,2.833062032726493271e+03
761.3332612942629,2.784252724297497480e+03
761.4066319227295,2.771519861229063736e+03
761.4799819030882,2.794863443521192039e+03
761.5532938204132,2.758786998160629992e+03
761.6266430583955,2.763031285850107906e+03
761.6999542102297,2.752420566626413347e+03
761.7733026886444,2.760909142005369176e+03
761.8466130577877,2.752420566626413347e+03
761.9199955907541,2.754542710471152077e+03
761.9932761350078,2.737565559713240873e+03
762.0665998139598,2.715283049343481707e+03
762.1399666484456,2.704672330119787148e+03
762.2132604654904,2.690878395128983811e+03
762.2866264890819,2.689817323206614219e+03
762.3599194586624,2.704672330119787148e+03
762.4332265236651,2.680267675905289252e+03
762.5065244315081,2.693000538973722996e+03
762.5798887714861,2.656924093613160494e+03
762.653209066283,2.660107309380269271e+03
762.726491103933,2.651618734001313442e+03
762.7998163192037,2.654801949768421764e+03
762.8731789131846,2.639946942855249290e+03
762.9464741276457,2.631458367476293461e+03
763.0197834275534,2.642069086699988020e+03
763.0930777014148,2.629336223631554276e+03
763.1663802334256,2.634641583243401783e+03
763.2396735482423,2.602809425572317650e+03
763.312980942364,2.608114785184164703e+03
763.3863024198473,2.594320850193361821e+03
763.4595855263992,2.593259778270992228e+03
763.5329060235777,2.583710130969667262e+03
763.6062114503713,2.577343699435450162e+03
763.6795017940418,2.582649059047297669e+03
763.7528120409493,2.560366548677538503e+03
763.8261013583818,2.563549764444647280e+03
763.8994105781957,2.545511541764366029e+03
763.9727280347157,2.555061189065691451e+03
764.0459486507003,2.524290103316976456e+03
764.1192708849686,2.552939045220952266e+03
764.1925721540134,2.514740456015651489e+03
764.265864123763,2.531717606773562693e+03
764.339170153393,2.508374024481434390e+03
764.4124025979912,2.512618312170912304e+03
764.4857075207827,2.488213657956414409e+03
764.5590265043799,2.481847226422197764e+03
764.6322718534416,2.486091514111675679e+03
764.7055663242454,2.474419722965611527e+03
764.7788689989354,2.471236507198502750e+03
764.8520979783581,2.489274729878784001e+03
764.9254053449329,2.456381500285330276e+03
764.9986623906358,2.464870075664286105e+03
765.0719685894694,2.454259356440591546e+03
765.1451951672625,2.458503644130069006e+03
765.2185001752471,2.446831852984004854e+03
765.2917606634498,2.427732558381354465e+03
765.3650586119669,2.428793630303724058e+03
765.438288577042,2.439404349527418617e+03
765.5115911575078,2.418182911080029044e+03
765.5848491670143,2.425610414536615735e+03
765.6580918875516,2.390595041098422826e+03
765.7313779407682,2.399083616477378655e+03
765.8046193790093,2.417121839157659906e+03
765.8778806952203,2.417121839157659906e+03
765.9511794972256,2.393778256865531148e+03
766.0244043117671,2.400144688399748247e+03
766.0976489972652,2.373617890340511167e+03
766.1709018207467,2.388472897253684096e+03
766.2441451689594,2.378923249952358674e+03
766.31745537396,2.386350753408944911e+03
766.3906973785047,2.381045393797097859e+03
766.4639240114803,2.372556818418142029e+03
766.5371587632285,2.377862178029989082e+03
766.610413388223,2.350274308048382863e+03
766.6836526256157,2.365129314961555792e+03
766.7569058583788,2.352396451893122048e+03
766.8301436890999,2.332236085368102067e+03
766.9033661049401,2.342846804591796626e+03
766.9766319183701,2.324808581911515830e+03
767.049858779082,2.315258934610190408e+03
767.1230937389751,2.323747509989146238e+03
767.196342684586,2.336480373057579982e+03
767.2695820718163,2.300403927697017934e+03
767.3427706741372,2.316320006532560001e+03
767.4160085761127,2.300403927697017934e+03
767.4892545691928,2.270693913870672532e+03
767.5624909794419,2.307831431153604171e+03
767.6357413679548,2.282365705016736683e+03
767.7089173321764,2.274938201560150446e+03
767.7821603029794,2.246289259656174636e+03
767.8553936664732,2.282365705016736683e+03
767.928641001735,2.269632841948302939e+03
768.001843330076,2.265388554258825025e+03
768.0750596156819,2.245228187733805044e+03
768.1482662604737,2.254777835035130465e+03
768.2215104680862,2.238861756199588399e+03
768.2947391311019,2.235678540432480077e+03
768.3679227171707,2.239922828121957536e+03
768.441155676817,2.227189965053524247e+03
768.5143376298478,2.226128893131154655e+03
768.5875985030231,2.243106043889066314e+03
768.6607551772538,2.215518173907460096e+03
768.7340085126597,2.225067821208785062e+03
768.8071930624363,2.213396030062720911e+03
768.8803619892306,2.203846382761395489e+03
768.9535980606818,2.216579245829829233e+03
769.0267948587721,2.200663166994287167e+03
769.0999760176759,2.205968526606134674e+03
769.1732302685929,2.200663166994287167e+03
769.2464097142773,2.178380656624528456e+03
769.3195794118245,2.195357807382439660e+03
769.3928163071785,2.179441728546897593e+03
769.4660079399233,2.188991375848223015e+03
769.5391838897698,2.167769937400833442e+03
769.6123796819868,2.178380656624528456e+03
769.6855538548153,2.174136368935050541e+03
769.7587182425186,2.164586721633725119e+03
769.8319202468393,2.153976002410030560e+03
769.9051421026546,2.162464577788986389e+03
769.97834824532,2.148670642798183053e+03
770.0515030831361,2.163525649711355527e+03
770.1247074085248,2.133815635885010579e+03
770.1978663329771,2.149731714720552645e+03
770.2710688242653,2.130632420117901802e+03
770.3442258887268,2.139120995496857631e+03
770.4173671736539,2.132754563962640987e+03
770.4905282854356,2.116838485127098920e+03
770.5637270444658,2.105166693981034769e+03
770.6369100189285,2.093494902834970617e+03
770.7100771958651,2.099861334369187261e+03
770.7832642087253,2.097739190524448532e+03
770.856459180459,2.094555974757339754e+03
770.9295551317979,2.085006327456014787e+03
771.0027481693259,2.069090248620472721e+03
771.0759313239301,2.080762039766536873e+03
771.1490926926053,2.075456680154689366e+03
771.2222144154819,2.068029176698103129e+03
771.2954094963922,2.069090248620472721e+03
771.368588721728,2.052113097862561062e+03
771.4417223223901,2.038319162871757953e+03
771.5148995537488,2.046807738250713555e+03
771.5880013670636,2.019219868269107337e+03
771.6612063537742,2.027708443648063167e+03
771.734306117772,2.024525227880954617e+03
771.8074852581613,2.010731292890151508e+03
771.8806127402132,1.996937357899348399e+03
771.953783876625,2.001181645588826314e+03
772.0269152446992,2.003303789433565271e+03
772.1000843158894,1.988448782520392569e+03
772.1732135949969,1.995876285976979034e+03
772.2463209463975,2.002242717511195679e+03
772.3195077548475,2.000120573666456721e+03
