X,Y
534.0051269287335,1.783000000000000000e+03
534.0808105837979,1.773000000000000000e+03
534.1564941245075,1.775000000000000000e+03
534.2322387608131,1.778000000000000000e+03
534.3079223194351,1.805000000000000000e+03
534.3836059646314,1.783000000000000000e+03
534.459289487409,1.783000000000000000e+03
534.534973107135,1.781000000000000000e+03
534.6106567862021,1.795000000000000000e+03
534.6863402868432,1.802000000000000000e+03
534.7620238571769,1.824000000000000000e+03
534.8377074881613,1.816000000000000000e+03
534.9134522313972,1.824000000000000000e+03
534.9891358020897,1.826000000000000000e+03
535.0648193202943,1.848000000000000000e+03
535.140502776876,1.827000000000000000e+03
535.2161864491509,1.847000000000000000e+03
535.2918700416792,1.857000000000000000e+03
535.367553831929,1.871000000000000000e+03
535.4432372375885,1.871000000000000000e+03
535.5189208228152,1.868000000000000000e+03
535.594604578686,1.872000000000000000e+03
535.6702882093306,1.891000000000000000e+03
535.745971418549,1.875000000000000000e+03
535.8216553453357,1.903000000000000000e+03
535.8973391196765,1.889000000000000000e+03
535.9730227323798,1.914000000000000000e+03
536.0487061742487,1.910000000000000000e+03
536.1243894360814,1.918000000000000000e+03
536.2000730836918,1.909000000000000000e+03
536.275756820763,1.905000000000000000e+03
536.3514406383212,1.932000000000000000e+03
536.4271239518794,1.919000000000000000e+03
536.5028079033076,1.928000000000000000e+03
536.5784913324379,1.949000000000000000e+03
536.6541748057845,1.953000000000000000e+03
536.7298583143477,1.923000000000000000e+03
536.8055421372837,1.949000000000000000e+03
536.8812254011024,1.955000000000000000e+03
536.9569092495924,1.966000000000000000e+03
537.0325928090099,1.954000000000000000e+03
537.1082763585715,1.962000000000000000e+03
537.1839598892475,1.992000000000000000e+03
537.2596436806508,1.994000000000000000e+03
537.3353268577979,1.983000000000000000e+03
537.411010566398,1.997000000000000000e+03
537.4866335528031,2.000000000000000000e+03
537.5623168365025,1.984000000000000000e+03
537.6380003360828,2.006000000000000000e+03
537.7136843318589,2.014000000000000000e+03
537.7893676583791,2.012000000000000000e+03
537.8650511739759,2.011000000000000000e+03
537.940734869813,2.005000000000000000e+03
538.0164184475874,2.042000000000000000e+03
538.0920408046188,2.049000000000000000e+03
538.1677246810524,2.035000000000000000e+03
538.2434084124591,2.065000000000000000e+03
538.3190919897331,2.052000000000000000e+03
538.3947756936324,2.078000000000000000e+03
538.4704589353845,2.059000000000000000e+03
538.5461425757196,2.069000000000000000e+03
538.6217653920648,2.069000000000000000e+03
538.6974486256656,2.078000000000000000e+03
538.7731322312683,2.067000000000000000e+03
538.8488156195046,2.093000000000000000e+03
538.9244993621073,2.083000000000000000e+03
539.0001221504488,2.088000000000000000e+03
539.0758056867688,2.097000000000000000e+03
539.1514895509623,2.125000000000000000e+03
539.2271725712882,2.118000000000000000e+03
539.3027954051873,2.131000000000000000e+03
539.378479310497,2.135000000000000000e+03
539.4541629264281,2.134000000000000000e+03
539.5298462437939,2.126000000000000000e+03
539.6054689803647,2.169000000000000000e+03
539.6811522386217,2.144000000000000000e+03
539.7568363363963,2.146000000000000000e+03
539.832519225528,2.161000000000000000e+03
539.9081423044014,2.160000000000000000e+03
539.9838259373797,2.169000000000000000e+03
540.0595095003099,2.179000000000000000e+03
540.1351320092971,2.184000000000000000e+03
540.2108150962631,2.168000000000000000e+03
540.2864989617823,2.183000000000000000e+03
540.362121111465,2.179000000000000000e+03
540.4378056155781,2.186000000000000000e+03
540.5134888278695,2.196000000000000000e+03
540.5891111220752,2.195000000000000000e+03
540.6647949195459,2.206000000000000000e+03
540.7404782741969,2.198000000000000000e+03
540.8161009254455,2.232000000000000000e+03
540.8917848125893,2.217000000000000000e+03
540.9674685225426,2.222000000000000000e+03
541.0430911589102,2.255000000000000000e+03
541.1187741775063,2.230000000000000000e+03
541.194457870279,2.246000000000000000e+03
541.2700807045082,2.255000000000000000e+03
541.3457636520761,2.256000000000000000e+03
541.4213865683067,2.274000000000000000e+03
541.497070200242,2.276000000000000000e+03
541.5727541699249,2.276000000000000000e+03
541.648376858336,2.279000000000000000e+03
541.7240599931954,2.265000000000000000e+03
541.7996829685276,2.310000000000000000e+03
541.8753664065381,2.302000000000000000e+03
541.950988459017,2.330000000000000000e+03
542.0266721649095,2.310000000000000000e+03
542.1022953150494,2.328000000000000000e+03
542.1779780782617,2.342000000000000000e+03
542.2536014098382,2.351000000000000000e+03
542.329284076073,2.334000000000000000e+03
542.4049075539548,2.348000000000000000e+03
542.4805912648831,2.382000000000000000e+03
542.5562136767595,2.364000000000000000e+03
542.631897220388,2.362000000000000000e+03
542.7075197075332,2.373000000000000000e+03
542.7832033429272,2.399000000000000000e+03
542.8588255754784,2.394000000000000000e+03
542.9345092673785,2.386000000000000000e+03
543.0101320942985,2.411000000000000000e+03
543.0858158076525,2.406000000000000000e+03
543.1614377193954,2.423000000000000000e+03
543.2371220089141,2.420000000000000000e+03
543.3127444450705,2.426000000000000000e+03
543.3884278000902,2.441000000000000000e+03
543.4640501352047,2.438000000000000000e+03
543.5396728412053,2.454000000000000000e+03
543.6153561952086,2.447000000000000000e+03
543.6909787475163,2.446000000000000000e+03
543.7666625552929,2.458000000000000000e+03
543.8422846228852,2.483000000000000000e+03
543.917907905318,2.493000000000000000e+03
543.9935909887698,2.495000000000000000e+03
544.0692140297832,2.494000000000000000e+03
544.1448361882029,2.487000000000000000e+03
544.220519947648,2.473000000000000000e+03
544.2961426997966,2.505000000000000000e+03
544.3718261809979,2.504000000000000000e+03
544.4474486032625,2.512000000000000000e+03
544.5230709870222,2.513000000000000000e+03
544.5987550137446,2.527000000000000000e+03
544.6743770145879,2.528000000000000000e+03
544.7500001373947,2.531000000000000000e+03
544.8256222965063,2.568000000000000000e+03
544.9013064288619,2.544000000000000000e+03
544.976929025401,2.580000000000000000e+03
545.0525518192319,2.570000000000000000e+03
545.1282345318966,2.579000000000000000e+03
545.2038574139079,2.589000000000000000e+03
545.27947957532,2.593000000000000000e+03
545.3551027912747,2.628000000000000000e+03
545.4307859578726,2.612000000000000000e+03
545.5064085974922,2.614000000000000000e+03
545.582031075963,2.645000000000000000e+03
545.6576539799133,2.631000000000000000e+03
545.7333374615957,2.625000000000000000e+03
545.8089603143547,2.647000000000000000e+03
545.8845823750287,2.668000000000000000e+03
545.9602051246089,2.658000000000000000e+03
546.0358279586479,2.681000000000000000e+03
546.1115111125337,2.690000000000000000e+03
546.1871341062584,2.695000000000000000e+03
546.2627559649052,2.692000000000000000e+03
546.3383790667153,2.684000000000000000e+03
546.4140010154777,2.718000000000000000e+03
546.4896238920949,2.715000000000000000e+03
546.5653080328324,2.734000000000000000e+03
546.6409297699242,2.733000000000000000e+03
546.7165527083374,2.733000000000000000e+03
546.7921753454747,2.741000000000000000e+03
546.8677979714669,2.756000000000000000e+03
546.9434205776232,2.764000000000000000e+03
547.0190431552487,2.773000000000000000e+03
547.0946647977053,2.791000000000000000e+03
547.1703492667542,2.794000000000000000e+03
547.2459723224066,2.789000000000000000e+03
547.3215944163495,2.773000000000000000e+03
547.3972173369806,2.803000000000000000e+03
547.4728389782355,2.789000000000000000e+03
547.5484617288662,2.803000000000000000e+03
547.6240849813485,2.810000000000000000e+03
547.6997072275658,2.809000000000000000e+03
547.7753302583766,2.802000000000000000e+03
547.8509522649341,2.813000000000000000e+03
547.9265750390812,2.839000000000000000e+03
548.0021964706609,2.824000000000000000e+03
548.0778207553666,2.833000000000000000e+03
548.1534418774738,2.847000000000000000e+03
548.2290652357153,2.860000000000000000e+03
548.3046878169241,2.849000000000000000e+03
548.3803093111,2.866000000000000000e+03
548.4559330175531,2.871000000000000000e+03
548.5315556197277,2.877000000000000000e+03
548.6071771080813,2.876000000000000000e+03
548.6828010856999,2.892000000000000000e+03
548.7584221255744,2.915000000000000000e+03
548.834045337373,2.898000000000000000e+03
548.9096673999533,2.902000000000000000e+03
548.9852904134418,2.921000000000000000e+03
549.0609137670749,2.922000000000000000e+03
549.1364750314843,2.930000000000000000e+03
549.2120978166789,2.943000000000000000e+03
549.2877191060418,2.948000000000000000e+03
549.3633428131332,2.959000000000000000e+03
549.4389653087501,2.960000000000000000e+03
549.5145865832915,2.957000000000000000e+03
549.590210251744,2.970000000000000000e+03
549.665832681899,2.965000000000000000e+03
549.7413946298766,2.989000000000000000e+03
549.8170160497809,2.966000000000000000e+03
549.8926398319383,2.996000000000000000e+03
549.9682623401311,2.982000000000000000e+03
550.0438835647246,3.015000000000000000e+03
550.1195068250248,3.016000000000000000e+03
550.1950679386268,3.024000000000000000e+03
550.2706906900269,3.037000000000000000e+03
550.3463136366366,3.044000000000000000e+03
550.421935255224,3.058000000000000000e+03
550.4975591726949,3.064000000000000000e+03
550.5731205123872,3.070000000000000000e+03
550.6487432287166,3.066000000000000000e+03
550.7243648844632,3.071000000000000000e+03
550.7999885039992,3.089000000000000000e+03
550.8755494425731,3.108000000000000000e+03
550.951172094361,3.107000000000000000e+03
551.0267951682852,3.097000000000000000e+03
551.1024165301448,3.126000000000000000e+03
551.1779790561093,3.108000000000000000e+03
551.2536012026161,3.134000000000000000e+03
551.3292237372492,3.148000000000000000e+03
551.4047855382855,3.134000000000000000e+03
551.4804066788231,3.146000000000000000e+03
551.5560303111364,3.150000000000000000e+03
551.6315910047903,3.156000000000000000e+03
551.7072150175466,3.199000000000000000e+03
551.7828375420726,3.180000000000000000e+03
551.8583991818102,3.182000000000000000e+03
551.9340205121266,3.198000000000000000e+03
552.0096436778041,3.211000000000000000e+03
552.0852040546326,3.202000000000000000e+03
552.1608281083562,3.202000000000000000e+03
552.2363887123648,3.248000000000000000e+03
552.3120111809802,3.214000000000000000e+03
552.3876339198484,3.234000000000000000e+03
552.4631955723437,3.231000000000000000e+03
552.5388185047575,3.235000000000000000e+03
552.614380300461,3.256000000000000000e+03
552.6900021708618,3.257000000000000000e+03
552.765564075718,3.241000000000000000e+03
552.8411860712373,3.263000000000000000e+03
552.9168082777293,3.246000000000000000e+03
552.9923707499584,3.258000000000000000e+03
553.0679933370403,3.272000000000000000e+03
553.1435543046211,3.286000000000000000e+03
553.2191769324178,3.285000000000000000e+03
553.2947381962192,3.318000000000000000e+03
553.3703611371725,3.332000000000000000e+03
553.4459223575054,3.404000000000000000e+03
553.521545578136,3.304000000000000000e+03
553.5971070276289,3.308000000000000000e+03
553.6727301879512,3.314000000000000000e+03
553.74829183306,3.324000000000000000e+03
553.823851714682,3.324000000000000000e+03
553.8994751723073,3.354000000000000000e+03
553.9750367322185,3.339000000000000000e+03
554.050658510177,3.355000000000000000e+03
554.1262201811371,3.347000000000000000e+03
554.2018439290302,3.369000000000000000e+03
554.2774053707294,3.374000000000000000e+03
554.3529671374815,3.376000000000000000e+03
554.4285888549837,3.378000000000000000e+03
554.5041506486573,3.406000000000000000e+03
554.579712127434,3.421000000000000000e+03
554.6553335805664,3.406000000000000000e+03
554.7308950353918,3.414000000000000000e+03
554.8065186350868,3.417000000000000000e+03
554.8820800328116,3.416000000000000000e+03
554.9576410728757,3.432000000000000000e+03
555.0332642831411,3.447000000000000000e+03
555.108825215094,3.461000000000000000e+03
555.1843863800646,3.475000000000000000e+03
555.2599490030949,3.478000000000000000e+03
555.3355716725129,3.475000000000000000e+03
555.4111322702728,3.509000000000000000e+03
555.486694610333,3.518000000000000000e+03
555.5623170204691,3.502000000000000000e+03
555.6378788265472,3.528000000000000000e+03
555.7134408077316,3.503000000000000000e+03
555.7890023379755,3.548000000000000000e+03
555.8646239696742,3.561000000000000000e+03
555.9401852063803,3.560000000000000000e+03
556.0157462753666,3.584000000000000000e+03
556.0913090235443,3.579000000000000000e+03
556.1668694227267,3.594000000000000000e+03
556.2424921284115,3.594000000000000000e+03
556.3180540060974,3.598000000000000000e+03
556.3936159838638,3.622000000000000000e+03
556.46917743411,3.577000000000000000e+03
556.544738657784,3.617000000000000000e+03
556.6202993365139,3.632000000000000000e+03
556.6959226832005,3.651000000000000000e+03
556.7714847427467,3.657000000000000000e+03
556.8470468524312,3.678000000000000000e+03
556.9226065226395,3.679000000000000000e+03
556.9981696377276,3.662000000000000000e+03
557.0737306061917,3.669000000000000000e+03
557.1492912804306,3.683000000000000000e+03
557.2248535148585,3.679000000000000000e+03
557.3004154389016,3.695000000000000000e+03
557.3759767333004,3.731000000000000000e+03
557.451598607399,3.710000000000000000e+03
557.5271614300829,3.737000000000000000e+03
557.6027217325554,3.720000000000000000e+03
557.6782835475029,3.746000000000000000e+03
557.7538450012918,3.724000000000000000e+03
557.8294060853028,3.760000000000000000e+03
557.9049686584602,3.726000000000000000e+03
557.9805305342576,3.758000000000000000e+03
558.0560904581027,3.786000000000000000e+03
558.1316534042687,3.766000000000000000e+03
558.2072143813721,3.754000000000000000e+03
558.2827764962979,3.780000000000000000e+03
558.3583381828406,3.773000000000000000e+03
558.4338994323449,3.789000000000000000e+03
558.5094602361507,3.766000000000000000e+03
558.5850224576968,3.811000000000000000e+03
558.6605230453073,3.778000000000000000e+03
558.7360843175928,3.793000000000000000e+03
558.8116447982349,3.794000000000000000e+03
558.8872066647817,3.812000000000000000e+03
558.9627683478695,3.802000000000000000e+03
559.0383292140123,3.829000000000000000e+03
559.1138914425185,3.839000000000000000e+03
559.1894531500513,3.820000000000000000e+03
559.2650140151281,3.845000000000000000e+03
559.3405155236203,3.840000000000000000e+03
559.4160774775995,3.857000000000000000e+03
559.491638563738,3.885000000000000000e+03
559.5671990861741,3.869000000000000000e+03
559.6427612285802,3.902000000000000000e+03
559.7183224777227,3.917000000000000000e+03
559.7938239112091,3.887000000000000000e+03
559.8693855251184,3.896000000000000000e+03
559.9449468470373,3.901000000000000000e+03
560.0205075548458,3.933000000000000000e+03
560.0960695220344,3.935000000000000000e+03
560.1715693553381,3.945000000000000000e+03
560.2471316053342,3.939000000000000000e+03
560.3226935219939,3.981000000000000000e+03
560.3982544687057,3.960000000000000000e+03
560.4737553798353,3.983000000000000000e+03
560.549316857351,4.017000000000000000e+03
560.6248776534629,3.995000000000000000e+03
560.70037802624,4.016000000000000000e+03
560.7759393038835,4.036000000000000000e+03
560.8515017620771,4.044000000000000000e+03
560.9270018364357,4.020000000000000000e+03
561.0025625253518,4.058000000000000000e+03
561.0781246855694,4.046000000000000000e+03
561.1536262760454,4.081000000000000000e+03
561.2291866163674,4.090000000000000000e+03
561.304748089255,4.111000000000000000e+03
561.3802492335784,4.081000000000000000e+03
561.4558107265045,4.103000000000000000e+03
561.5313717522904,4.140000000000000000e+03
561.6068723759059,4.109000000000000000e+03
561.6824333719698,4.114000000000000000e+03
561.7579339169324,4.138000000000000000e+03
561.8334954817075,4.161000000000000000e+03
561.9089955995389,4.189000000000000000e+03
561.9845564375671,4.163000000000000000e+03
562.0601218043322,4.175000000000000000e+03
562.1356190160956,4.190000000000000000e+03
562.2111807638972,4.199000000000000000e+03
562.2866837867199,4.243000000000000000e+03
562.3622450420103,4.209000000000000000e+03
562.4377443607594,4.210000000000000000e+03
562.5133050891404,4.219000000000000000e+03
562.5888069961169,4.215000000000000000e+03
562.6643671648543,4.227000000000000000e+03
562.739868463935,4.200000000000000000e+03
562.8154280394092,4.261000000000000000e+03
562.8909286969488,4.237000000000000000e+03
562.9664305978828,4.266000000000000000e+03
563.0419939681478,4.253000000000000000e+03
563.1174920085415,4.264000000000000000e+03
563.19305470474,4.291000000000000000e+03
563.2685551920358,4.295000000000000000e+03
563.3440568835294,4.268000000000000000e+03
563.419616911542,4.298000000000000000e+03
563.4951146546897,4.281000000000000000e+03
563.5706770994776,4.282000000000000000e+03
563.6461803879624,4.297000000000000000e+03
563.7216816652208,4.287000000000000000e+03
563.7972413162915,4.314000000000000000e+03
563.8727417375509,4.317000000000000000e+03
563.948243300408,4.335000000000000000e+03
564.0238032597638,4.344000000000000000e+03
564.0993039174446,4.328000000000000000e+03
564.1748025104577,4.355000000000000000e+03
564.2503658884998,4.341000000000000000e+03
564.3258667100131,4.369000000000000000e+03
564.4013686264184,4.381000000000000000e+03
564.4768684441426,4.391000000000000000e+03
564.5524298972744,4.351000000000000000e+03
564.6279318813953,4.404000000000000000e+03
564.7034317408531,4.380000000000000000e+03
564.7789326555933,4.427000000000000000e+03
564.8544314277575,4.418000000000000000e+03
564.9299918767013,4.438000000000000000e+03
565.005495928257,4.400000000000000000e+03
565.0809946197296,4.424000000000000000e+03
565.1564943267665,4.441000000000000000e+03
565.2319918472216,4.428000000000000000e+03
565.3075574772264,4.432000000000000000e+03
565.3830570069348,4.453000000000000000e+03
565.4585575213804,4.437000000000000000e+03
565.5340558149843,4.458000000000000000e+03
565.6095582761728,4.484000000000000000e+03
565.6850585002172,4.495000000000000000e+03
565.760556477251,4.491000000000000000e+03
565.8360618025167,4.528000000000000000e+03
565.9116225122199,4.530000000000000000e+03
565.9871233197282,4.568000000000000000e+03
566.0626218458439,4.557000000000000000e+03
566.1381244909254,4.600000000000000000e+03
566.2136216322725,4.617000000000000000e+03
566.289126084757,4.645000000000000000e+03
566.3646250154166,4.655000000000000000e+03
566.4401248288668,4.670000000000000000e+03
566.5156223083626,4.690000000000000000e+03
566.5911238644974,4.692000000000000000e+03
566.666626281373,4.700000000000000000e+03
566.7421263396649,4.678000000000000000e+03
566.8176240294433,4.723000000000000000e+03
566.8931289818083,4.691000000000000000e+03
566.9686283363882,4.726000000000000000e+03
567.044128511452,4.727000000000000000e+03
567.1196262833736,4.713000000000000000e+03
567.1951280764068,4.741000000000000000e+03
567.2706306677735,4.743000000000000000e+03
567.3460696737624,4.765000000000000000e+03
567.4215706028087,4.761000000000000000e+03
567.4970690857559,4.731000000000000000e+03
567.5725715554013,4.749000000000000000e+03
567.6480715624202,4.777000000000000000e+03
567.7235723199296,4.778000000000000000e+03
567.7990705965543,4.760000000000000000e+03
567.8745728319317,4.770000000000000000e+03
567.9500112820856,4.777000000000000000e+03
568.0255117228037,4.779000000000000000e+03
568.1010128751681,4.782000000000000000e+03
568.1765115034954,4.801000000000000000e+03
568.2520140559766,4.784000000000000000e+03
568.327455928513,4.784000000000000000e+03
568.4029533742392,4.777000000000000000e+03
568.478454722623,4.830000000000000000e+03
568.5539535037092,4.811000000000000000e+03
568.6293947397575,4.801000000000000000e+03
568.7048948100362,4.824000000000000000e+03
568.7803955214323,4.802000000000000000e+03
568.8558968664703,4.834000000000000000e+03
568.9313373379196,4.819000000000000000e+03
569.0068366737867,4.826000000000000000e+03
569.0823366191238,4.822000000000000000e+03
569.1577756177235,4.835000000000000000e+03
569.2332767431898,4.829000000000000000e+03
569.3087752145101,4.819000000000000000e+03
569.3842159078702,4.845000000000000000e+03
569.4597155117148,4.871000000000000000e+03
569.5352189219938,4.843000000000000000e+03
569.6106547533757,4.855000000000000000e+03
569.6861592519366,4.874000000000000000e+03
569.7615961204366,4.890000000000000000e+03
569.8370951828829,4.872000000000000000e+03
569.9125980167112,4.887000000000000000e+03
569.9880363908212,4.891000000000000000e+03
570.063540235015,4.908000000000000000e+03
570.1389763193972,4.913000000000000000e+03
570.2144778914571,4.927000000000000000e+03
570.2899149030349,4.944000000000000000e+03
570.3654174215969,4.950000000000000000e+03
570.4408585841445,4.994000000000000000e+03
570.516355510032,4.990000000000000000e+03
570.5917975400971,4.985000000000000000e+03
570.6672953476274,4.985000000000000000e+03
570.7427349574187,5.016000000000000000e+03
570.8182368737373,5.024000000000000000e+03
570.8936740294567,5.026000000000000000e+03
570.9691767675921,5.024000000000000000e+03
571.044617956385,5.044000000000000000e+03
571.120118225025,5.075000000000000000e+03
571.1955568946336,5.059000000000000000e+03
571.2709959150741,5.052000000000000000e+03
571.3464973017159,5.094000000000000000e+03
571.4219370173379,5.107000000000000000e+03
571.4974358505949,5.097000000000000000e+03
571.5728729630794,5.125000000000000000e+03
571.6483169221735,5.126000000000000000e+03
571.7238167556269,5.136000000000000000e+03
571.7992547962239,5.132000000000000000e+03
571.874696395271,5.186000000000000000e+03
571.9501938880238,5.147000000000000000e+03
572.0256327861869,5.168000000000000000e+03
572.1010752224225,5.158000000000000000e+03
572.1765735734161,5.199000000000000000e+03
572.2520132602132,5.206000000000000000e+03
572.3274531890821,5.190000000000000000e+03
572.4028933523459,5.240000000000000000e+03
572.4783960113044,5.212000000000000000e+03
572.5538333585442,5.210000000000000000e+03
572.6292741944405,5.238000000000000000e+03
572.7047119540778,5.246000000000000000e+03
572.780212242593,5.233000000000000000e+03
572.8556503993934,5.249000000000000000e+03
572.9310920175104,5.256000000000000000e+03
573.0065305250978,5.251000000000000000e+03
573.0819691960772,5.258000000000000000e+03
573.1574080227304,5.252000000000000000e+03
573.232909430562,5.264000000000000000e+03
573.3083485618251,5.262000000000000000e+03
573.3837911132744,5.266000000000000000e+03
573.4592305026606,5.281000000000000000e+03
573.5346700090696,5.256000000000000000e+03
573.6101096247586,5.275000000000000000e+03
573.6855493419805,5.272000000000000000e+03
573.7609858609676,5.285000000000000000e+03
573.8364257571322,5.262000000000000000e+03
573.9118624378157,5.249000000000000000e+03
573.9873057764995,5.266000000000000000e+03
574.0627425886909,5.288000000000000000e+03
574.1382453810519,5.303000000000000000e+03
574.2136823092575,5.294000000000000000e+03
574.2891225732211,5.269000000000000000e+03
574.3645628688121,5.281000000000000000e+03
574.4399404917988,5.260000000000000000e+03
574.5153808108072,5.278000000000000000e+03
574.5908178365182,5.259000000000000000e+03
574.6662581633567,5.280000000000000000e+03
574.7416984828392,5.301000000000000000e+03
574.8171387871569,5.298000000000000000e+03
574.8925790684976,5.309000000000000000e+03
574.9680160131622,5.326000000000000000e+03
575.0434562242268,5.305000000000000000e+03
575.1188930812343,5.306000000000000000e+03
575.1943364992081,5.310000000000000000e+03
575.2697765474628,5.353000000000000000e+03
575.3451536315831,5.369000000000000000e+03
575.4205935156243,5.363000000000000000e+03
575.4960333140378,5.347000000000000000e+03
575.5714730189743,5.356000000000000000e+03
575.6469093088864,5.382000000000000000e+03
575.7223521169975,5.394000000000000000e+03
575.7977285011834,5.424000000000000000e+03
575.8731677371276,5.412000000000000000e+03
575.9486101574518,5.394000000000000000e+03
576.0240491208147,5.422000000000000000e+03
576.0994281953324,5.447000000000000000e+03
576.1748668380864,5.457000000000000000e+03
576.2503053165299,5.483000000000000000e+03
576.3257436227722,5.473000000000000000e+03
576.401121946027,5.463000000000000000e+03
576.4765631917769,5.451000000000000000e+03
576.5520009192454,5.476000000000000000e+03
576.627378593058,5.509000000000000000e+03
576.7028192152051,5.498000000000000000e+03
576.7782596194585,5.532000000000000000e+03
576.8536365734708,5.546000000000000000e+03
576.9290798301113,5.560000000000000000e+03
577.0045161881444,5.559000000000000000e+03
577.0798956812308,5.590000000000000000e+03
577.1553348449369,5.543000000000000000e+03
577.2307737431714,5.556000000000000000e+03
577.3061523771543,5.586000000000000000e+03
577.3815940386273,5.619000000000000000e+03
577.4569687212091,5.614000000000000000e+03
577.5324097821534,5.600000000000000000e+03
577.6077871497567,5.616000000000000000e+03
577.6832275791974,5.641000000000000000e+03
577.7586042662564,5.675000000000000000e+03
577.8340473712362,5.636000000000000000e+03
577.9094233467189,5.659000000000000000e+03
577.9848624183549,5.653000000000000000e+03
578.06024099099,5.631000000000000000e+03
578.1356826786689,5.648000000000000000e+03
578.2110604784385,5.696000000000000000e+03
578.2865014103915,5.644000000000000000e+03
578.3618750602704,5.676000000000000000e+03
578.4373152036164,5.690000000000000000e+03
578.5126947075182,5.677000000000000000e+03
578.5880737744064,5.706000000000000000e+03
578.6635160180301,5.670000000000000000e+03
578.7388908540094,5.684000000000000000e+03
578.8143322323514,5.707000000000000000e+03
578.8897095032095,5.694000000000000000e+03
578.9650862969057,5.686000000000000000e+03
579.0405296629765,5.689000000000000000e+03
579.1159054956761,5.683000000000000000e+03
579.1912841817008,5.683000000000000000e+03
579.2667227590988,5.707000000000000000e+03
579.3421004375672,5.694000000000000000e+03
579.4174809495532,5.681000000000000000e+03
579.4928575733711,5.713000000000000000e+03
579.5682974782039,5.693000000000000000e+03
579.6436763906835,5.703000000000000000e+03
579.7190547488921,5.733000000000000000e+03
579.7944325447469,5.683000000000000000e+03
579.8698736574771,5.686000000000000000e+03
579.9452503209693,5.717000000000000000e+03
580.0206297620755,5.686000000000000000e+03
580.0960086102061,5.717000000000000000e+03
580.1713868572579,5.690000000000000000e+03
580.2467678619868,5.698000000000000000e+03
580.3222055027192,5.726000000000000000e+03
580.3975819144985,5.702000000000000000e+03
580.472964431725,5.705000000000000000e+03
580.5483361997073,5.722000000000000000e+03
580.6237208011142,5.717000000000000000e+03
580.6990980056318,5.716000000000000000e+03
580.774474545852,5.731000000000000000e+03
580.8498537875009,5.697000000000000000e+03
580.9252289755794,5.728000000000000000e+03
581.0006743628959,5.723000000000000000e+03
581.0760481837603,5.751000000000000000e+03
581.1514280543308,5.758000000000000000e+03
581.2268072152121,5.745000000000000000e+03
581.3021822791188,5.766000000000000000e+03
581.3775633752501,5.765000000000000000e+03
581.4529437389426,5.747000000000000000e+03
581.5283199802694,5.792000000000000000e+03
581.6036988536778,5.745000000000000000e+03
581.6790160670166,5.786000000000000000e+03
581.7543934024975,5.822000000000000000e+03
581.8297699646201,5.843000000000000000e+03
581.9051525174606,5.821000000000000000e+03
581.9805308970429,5.826000000000000000e+03
582.0559084804219,5.848000000000000000e+03
582.1312852593902,5.863000000000000000e+03
582.206668005028,5.831000000000000000e+03
582.2820397617667,5.846000000000000000e+03
582.3574242532981,5.871000000000000000e+03
582.4327366749485,5.875000000000000000e+03
582.508116082625,5.898000000000000000e+03
582.5834946400697,5.905000000000000000e+03
582.658872339047,5.873000000000000000e+03
582.7342525671091,5.932000000000000000e+03
582.8095673852416,5.927000000000000000e+03
582.8849492395216,5.922000000000000000e+03
582.9603268074364,5.930000000000000000e+03
583.0357068767066,5.953000000000000000e+03
583.1110214380087,5.948000000000000000e+03
583.1864030744695,5.979000000000000000e+03
583.2617769878166,5.954000000000000000e+03
583.3371601786139,5.993000000000000000e+03
583.4124743613642,5.987000000000000000e+03
583.4878556582576,6.017000000000000000e+03
583.5632325991093,6.008000000000000000e+03
583.6385472652148,6.004000000000000000e+03
583.7139290751193,6.018000000000000000e+03
583.7893065032263,6.024000000000000000e+03
583.8646249949269,6.040000000000000000e+03
583.9400004322508,6.023000000000000000e+03
584.0153168866366,6.056000000000000000e+03
584.0907005347968,6.070000000000000000e+03
584.1660763462396,6.051000000000000000e+03
584.2413965200363,6.050000000000000000e+03
584.3167736762043,6.019000000000000000e+03
584.3920917365156,6.044000000000000000e+03
584.4674702084938,6.049000000000000000e+03
584.5427861228587,6.034000000000000000e+03
584.6181658817017,6.027000000000000000e+03
584.6934796176279,6.077000000000000000e+03
584.7688572148127,6.054000000000000000e+03
584.8441755797492,6.062000000000000000e+03
584.919554404934,6.052000000000000000e+03
584.9948739529473,6.046000000000000000e+03
585.0702539779767,6.068000000000000000e+03
585.145567832981,6.071000000000000000e+03
585.2208873808705,6.060000000000000000e+03
585.2962674300239,6.069000000000000000e+03
585.3715812355221,6.054000000000000000e+03
585.446962410467,6.045000000000000000e+03
585.522277293224,6.053000000000000000e+03
585.5975978392732,6.053000000000000000e+03
585.6729720672993,6.050000000000000000e+03
585.7482902189189,6.083000000000000000e+03
585.8236071536562,6.060000000000000000e+03
585.8989880858402,6.021000000000000000e+03
585.9743025783406,6.085000000000000000e+03
586.0496192632522,6.040000000000000000e+03
586.1249381347992,6.028000000000000000e+03
586.200317604434,6.037000000000000000e+03
586.2756374097312,6.056000000000000000e+03
586.3509525064017,6.068000000000000000e+03
586.4262697612708,6.085000000000000000e+03
586.5016510856912,6.067000000000000000e+03
586.576965774025,6.044000000000000000e+03
586.6522825996321,6.072000000000000000e+03
586.7275981142149,6.071000000000000000e+03
586.8029157526896,6.087000000000000000e+03
586.878297505942,6.067000000000000000e+03
586.9536125003841,6.089000000000000000e+03
587.0289295977367,6.049000000000000000e+03
587.1042487921765,6.105000000000000000e+03
587.1795666300785,6.095000000000000000e+03
587.2548831029591,6.139000000000000000e+03
587.3301982023304,6.103000000000000000e+03
587.4055153701529,6.147000000000000000e+03
587.4808346005856,6.154000000000000000e+03
587.5561558877838,6.141000000000000000e+03
587.631468866577,6.149000000000000000e+03
587.7067838851247,6.139000000000000000e+03
587.78216658026,6.154000000000000000e+03
587.8574856775697,6.171000000000000000e+03
587.9328033404089,6.218000000000000000e+03
588.0080538670875,6.142000000000000000e+03
588.0833720770029,6.215000000000000000e+03
588.1586888286358,6.233000000000000000e+03
588.234007573644,6.251000000000000000e+03
588.3093248450679,6.219000000000000000e+03
588.3846440963296,6.247000000000000000e+03
588.4599618586897,6.266000000000000000e+03
588.5352781235977,6.274000000000000000e+03
588.6105963471232,6.276000000000000000e+03
588.6859130578563,6.226000000000000000e+03
588.761231713632,6.301000000000000000e+03
588.8364864301399,6.260000000000000000e+03
588.9118020050827,6.321000000000000000e+03
588.9871195037894,6.326000000000000000e+03
589.0624389203426,6.323000000000000000e+03
589.1377567779897,6.321000000000000000e+03
589.2130730681441,6.355000000000000000e+03
589.2883287478853,6.335000000000000000e+03
589.3636453356847,6.368000000000000000e+03
589.4389638063658,6.328000000000000000e+03
589.5142806787193,6.341000000000000000e+03
589.5895403256021,6.386000000000000000e+03
589.6648574383153,6.353000000000000000e+03
589.740176406581,6.343000000000000000e+03
589.8154276479908,6.387000000000000000e+03
589.8907468120178,6.399000000000000000e+03
589.9660643313503,6.402000000000000000e+03
590.0413210120631,6.378000000000000000e+03
590.1166352010036,6.385000000000000000e+03
590.1919546858783,6.358000000000000000e+03
590.2672132644499,6.375000000000000000e+03
590.3425293741994,6.411000000000000000e+03
590.4177880160598,6.390000000000000000e+03
590.4931042037921,6.415000000000000000e+03
590.568418683014,6.400000000000000000e+03
590.643675627467,6.391000000000000000e+03
590.7189936284246,6.421000000000000000e+03
590.7942505619948,6.409000000000000000e+03
590.8695685685237,6.413000000000000000e+03
590.9448219696872,6.389000000000000000e+03
591.0201399515241,6.410000000000000000e+03
591.0953967743105,6.402000000000000000e+03
591.1707147029425,6.385000000000000000e+03
591.2459714266577,6.388000000000000000e+03
591.3212892726514,6.369000000000000000e+03
591.3965458678394,6.415000000000000000e+03
591.4718006307248,6.372000000000000000e+03
591.547116539627,6.364000000000000000e+03
591.6223746281325,6.369000000000000000e+03
591.6976903797901,6.326000000000000000e+03
591.7729482668865,6.372000000000000000e+03
591.8482042834247,6.336000000000000000e+03
591.9235214878881,6.374000000000000000e+03
591.9987807623979,6.343000000000000000e+03
592.0740346381908,6.392000000000000000e+03
592.1493532320127,6.369000000000000000e+03
592.2246103231383,6.365000000000000000e+03
592.2998654966053,6.359000000000000000e+03
592.3751222527409,6.389000000000000000e+03
592.4504402550338,6.385000000000000000e+03
592.5256966625434,6.401000000000000000e+03
592.6009511209176,6.404000000000000000e+03
592.6762106466866,6.367000000000000000e+03
592.7515244260364,6.406000000000000000e+03
592.8267835455117,6.396000000000000000e+03
592.9020371707703,6.435000000000000000e+03
592.9772958390107,6.458000000000000000e+03
593.0525489954576,6.383000000000000000e+03
593.1278071826566,6.450000000000000000e+03
593.2031266995527,6.440000000000000000e+03
593.2783808730474,6.442000000000000000e+03
593.3536365391337,6.443000000000000000e+03
593.4288936916811,6.434000000000000000e+03
593.5041488020836,6.431000000000000000e+03
593.5794089082539,6.513000000000000000e+03
593.6546634339551,6.478000000000000000e+03
593.729919417986,6.485000000000000000e+03
593.8051733281523,6.504000000000000000e+03
593.8804322095,6.497000000000000000e+03
593.955689002888,6.497000000000000000e+03
594.0309472282032,6.511000000000000000e+03
594.1061998200399,6.489000000000000000e+03
594.1814573584147,6.569000000000000000e+03
594.2567163084306,6.512000000000000000e+03
594.3319695993049,6.549000000000000000e+03
594.4072278190921,6.544000000000000000e+03
594.4824803620132,6.517000000000000000e+03
594.5577413564724,6.552000000000000000e+03
594.6329931222317,6.564000000000000000e+03
594.7082533289405,6.575000000000000000e+03
594.7834441469494,6.554000000000000000e+03
594.85870352054,6.569000000000000000e+03
594.9339607052526,6.601000000000000000e+03
595.0092192325558,6.590000000000000000e+03
595.0844720137306,6.580000000000000000e+03
595.1596694470827,6.569000000000000000e+03
595.2349248608839,6.614000000000000000e+03
595.310178044894,6.592000000000000000e+03
595.3854360798784,6.608000000000000000e+03
595.4606918708308,6.631000000000000000e+03
595.5358886627483,6.601000000000000000e+03
595.611147019589,6.624000000000000000e+03
595.6864031092157,6.605000000000000000e+03
595.7615965842728,6.636000000000000000e+03
595.836855197865,6.622000000000000000e+03
595.9121115210278,6.605000000000000000e+03
595.9873051606659,6.602000000000000000e+03
596.0625604137975,6.628000000000000000e+03
596.1378169052595,6.656000000000000000e+03
596.2130106441916,6.640000000000000000e+03
596.2882695773723,6.615000000000000000e+03
596.3635261735925,6.630000000000000000e+03
596.4387199482267,6.646000000000000000e+03
596.5139753866564,6.642000000000000000e+03
596.5891715160268,6.639000000000000000e+03
596.6644293271388,6.608000000000000000e+03
596.739624225117,6.619000000000000000e+03
596.8148808209818,6.630000000000000000e+03
596.8900744570072,6.621000000000000000e+03
596.9653333707323,6.632000000000000000e+03
597.0405257151125,6.624000000000000000e+03
597.115786920592,6.649000000000000000e+03
597.1909779436049,6.638000000000000000e+03
597.2662342801653,6.615000000000000000e+03
597.3414275184313,6.599000000000000000e+03
597.4166254158234,6.645000000000000000e+03
597.491885088153,6.614000000000000000e+03
597.5670780238231,6.642000000000000000e+03
597.6423327487403,6.620000000000000000e+03
597.7175242592349,6.619000000000000000e+03
597.792720398088,6.613000000000000000e+03
597.8679783530253,6.641000000000000000e+03
597.9431801766776,6.629000000000000000e+03
598.0183687346421,6.597000000000000000e+03
598.0936227072775,6.629000000000000000e+03
598.1688204827943,6.589000000000000000e+03
598.2440156960317,6.629000000000000000e+03
598.3192119177841,6.589000000000000000e+03
598.3944735953452,6.618000000000000000e+03
598.4696646678975,6.592000000000000000e+03
598.5448638913675,6.616000000000000000e+03
598.6200605143976,6.625000000000000000e+03
598.6952545279034,6.626000000000000000e+03
598.7705032869707,6.610000000000000000e+03
598.845702827054,6.598000000000000000e+03
598.9209033228055,6.602000000000000000e+03
598.9960940039387,6.602000000000000000e+03
599.0712892114018,6.575000000000000000e+03
599.1464853517283,6.613000000000000000e+03
599.2216788278446,6.607000000000000000e+03
599.2968768137707,6.606000000000000000e+03
599.3720685283897,6.630000000000000000e+03
599.4472683333562,6.621000000000000000e+03
599.5225229531976,6.625000000000000000e+03
599.5977173765003,6.592000000000000000e+03
599.6729126841367,6.637000000000000000e+03
599.7481088696748,6.628000000000000000e+03
599.8232987309193,6.622000000000000000e+03
599.8985002499289,6.663000000000000000e+03
599.9736306356483,6.651000000000000000e+03
600.0488302503571,6.649000000000000000e+03
600.1240271092662,6.691000000000000000e+03
600.1992212032151,6.669000000000000000e+03
600.274408919746,6.649000000000000000e+03
600.3496082679649,6.661000000000000000e+03
600.4248084342357,6.682000000000000000e+03
600.499998594085,6.727000000000000000e+03
600.5751931605373,6.702000000000000000e+03
600.6503235814662,6.696000000000000000e+03
600.7255197152398,6.727000000000000000e+03
600.8007166310834,6.713000000000000000e+03
600.875914322513,6.708000000000000000e+03
600.9511163944641,6.721000000000000000e+03
601.0262433719869,6.760000000000000000e+03
601.1014361076029,6.742000000000000000e+03
601.1766404316174,6.731000000000000000e+03
601.2518346554406,6.725000000000000000e+03
601.3269681412486,6.742000000000000000e+03
601.4021565754814,6.753000000000000000e+03
601.4773565793163,6.758000000000000000e+03
601.55249578129,6.745000000000000000e+03
601.6276863350764,6.767000000000000000e+03
601.7028775856559,6.775000000000000000e+03
601.7780115846128,6.764000000000000000e+03
601.8532078169892,6.752000000000000000e+03
601.9284011052009,6.768000000000000000e+03
602.0035370787526,6.793000000000000000e+03
602.0787353122603,6.777000000000000000e+03
602.1538653131911,6.768000000000000000e+03
602.2290648417321,6.781000000000000000e+03
602.3041960901958,6.763000000000000000e+03
602.3793896303448,6.785000000000000000e+03
602.4545329868457,6.761000000000000000e+03
602.52972050603,6.787000000000000000e+03
602.6048541681286,6.785000000000000000e+03
602.6800537894703,6.795000000000000000e+03
602.7551886194266,6.783000000000000000e+03
602.8303821600039,6.752000000000000000e+03
602.9055217646458,6.772000000000000000e+03
602.9807128258426,6.769000000000000000e+03
603.055846272166,6.742000000000000000e+03
603.1309766185691,6.786000000000000000e+03
603.2061729886882,6.777000000000000000e+03
603.281308042969,6.772000000000000000e+03
603.3564436151993,6.766000000000000000e+03
603.4316452421198,6.785000000000000000e+03
603.5067745623387,6.745000000000000000e+03
603.5819116632719,6.781000000000000000e+03
603.6571039159869,6.785000000000000000e+03
603.732238361985,6.773000000000000000e+03
603.8073696385936,6.766000000000000000e+03
603.8825123234259,6.748000000000000000e+03
603.9576992468579,6.745000000000000000e+03
604.0328355724649,6.736000000000000000e+03
604.1079723479853,6.738000000000000000e+03
604.1831095667776,6.715000000000000000e+03
604.2582983401253,6.763000000000000000e+03
604.3334364382367,6.753000000000000000e+03
604.4085676534826,6.738000000000000000e+03
604.4836992817685,6.720000000000000000e+03
604.5588422811774,6.728000000000000000e+03
604.6339747182885,6.711000000000000000e+03
604.7091075484526,6.723000000000000000e+03
604.7842444226404,6.754000000000000000e+03
604.859378019808,6.747000000000000000e+03
604.9345046710955,6.744000000000000000e+03
605.009704892442,6.732000000000000000e+03
605.0848359419433,6.734000000000000000e+03
605.1599746669862,6.746000000000000000e+03
605.23510275086,6.748000000000000000e+03
605.310245826721,6.751000000000000000e+03
605.3853159408447,6.750000000000000000e+03
605.4604486674336,6.751000000000000000e+03
605.535581711707,6.721000000000000000e+03
605.6107150669574,6.764000000000000000e+03
605.6858487264751,6.757000000000000000e+03
605.7609863530097,6.762000000000000000e+03
605.8361242722013,6.792000000000000000e+03
605.9112514634761,6.761000000000000000e+03
605.9863899450862,6.799000000000000000e+03
606.0615286991821,6.769000000000000000e+03
606.1365942387108,6.769000000000000000e+03
606.2117261495124,6.787000000000000000e+03
606.2868656606279,6.809000000000000000e+03
606.3619980637881,6.810000000000000000e+03
606.4370718595482,6.796000000000000000e+03
606.5122047116855,6.827000000000000000e+03
606.5873377854751,6.808000000000000000e+03
606.6624747545558,6.802000000000000000e+03
606.7375456701113,6.831000000000000000e+03
606.8126830359437,6.825000000000000000e+03
606.8878205982112,6.796000000000000000e+03
606.9628957214667,6.832000000000000000e+03
607.0380225859356,6.819000000000000000e+03
607.1131606786419,6.853000000000000000e+03
607.1882288919476,6.817000000000000000e+03
607.2633709869046,6.876000000000000000e+03
607.3385021736576,6.864000000000000000e+03
607.4135707840262,6.807000000000000000e+03
607.4887096199877,6.869000000000000000e+03
607.5637821472627,6.816000000000000000e+03
607.6389138462803,6.817000000000000000e+03
607.7139865728267,6.858000000000000000e+03
607.7891221807843,6.865000000000000000e+03
607.8641950802765,6.843000000000000000e+03
607.9393308785938,6.851000000000000000e+03
608.0144039237675,6.891000000000000000e+03
608.089539885174,6.844000000000000000e+03
608.1646130487377,6.850000000000000000e+03
608.2397417468239,6.870000000000000000e+03
608.3148187001017,6.857000000000000000e+03
608.3898956827247,6.884000000000000000e+03
608.4650245200035,6.878000000000000000e+03
608.5401015535813,6.911000000000000000e+03
608.6151785959717,6.859000000000000000e+03
608.6903112159022,6.870000000000000000e+03
608.7653771512115,6.862000000000000000e+03
608.8404578967535,6.869000000000000000e+03
608.9155905344547,6.836000000000000000e+03
608.990660126277,6.918000000000000000e+03
609.0657296820973,6.887000000000000000e+03
609.1408659845031,6.896000000000000000e+03
609.2159465984835,6.860000000000000000e+03
609.2910160242585,6.861000000000000000e+03
609.3660890997941,6.855000000000000000e+03
609.4411621067635,6.862000000000000000e+03
609.5162981949915,6.839000000000000000e+03
609.591371059717,6.842000000000000000e+03
609.6664438352011,6.832000000000000000e+03
609.7415165145444,6.836000000000000000e+03
609.8165928096073,6.853000000000000000e+03
609.8916652768738,6.890000000000000000e+03
609.9667339066874,6.873000000000000000e+03
610.041806132408,6.865000000000000000e+03
610.1168819498673,6.899000000000000000e+03
610.1919576315516,6.838000000000000000e+03
610.2670257220219,6.842000000000000000e+03
610.3421011095528,6.838000000000000000e+03
610.4171800666223,6.869000000000000000e+03
610.4922476810158,6.879000000000000000e+03
610.5673225771701,6.852000000000000000e+03
610.6423935671218,6.851000000000000000e+03
610.7174681006938,6.900000000000000000e+03
610.7925387123403,6.853000000000000000e+03
610.8676165871373,6.876000000000000000e+03
610.9426867935962,6.878000000000000000e+03
611.0177642529652,6.874000000000000000e+03
611.0928340264109,6.867000000000000000e+03
611.1679035719891,6.883000000000000000e+03
611.2429205762214,6.853000000000000000e+03
611.3179896323122,6.885000000000000000e+03
611.3930696536677,6.860000000000000000e+03
611.4681382079762,6.867000000000000000e+03
611.543210239399,6.877000000000000000e+03
611.6182258914046,6.898000000000000000e+03
611.6932973662973,6.866000000000000000e+03
611.7683685593274,6.887000000000000000e+03
611.8434394635015,6.914000000000000000e+03
611.91845764963,6.896000000000000000e+03
611.9935279422344,6.899000000000000000e+03
612.06860167126,6.890000000000000000e+03
612.1436188772811,6.911000000000000000e+03
612.2186919554537,6.894000000000000000e+03
612.2937609555369,6.918000000000000000e+03
612.368769618424,6.889000000000000000e+03
612.443841671833,6.920000000000000000e+03
612.518860850012,6.905000000000000000e+03
612.5939321832865,6.940000000000000000e+03
612.668943094263,6.918000000000000000e+03
612.7440136774355,6.885000000000000000e+03
612.8190876378331,6.908000000000000000e+03
612.8941048689004,6.930000000000000000e+03
612.9691780415548,6.888000000000000000e+03
613.0441869267229,6.949000000000000000e+03
613.1192028943198,6.877000000000000000e+03
613.1942785838127,6.913000000000000000e+03
613.2692861585759,6.950000000000000000e+03
613.3443572287938,6.913000000000000000e+03
613.4193751865103,6.928000000000000000e+03
613.4944491348593,6.949000000000000000e+03
613.5694586386024,6.961000000000000000e+03
613.644467658833,6.951000000000000000e+03
613.7195402192466,6.929000000000000000e+03
613.794555801729,6.962000000000000000e+03
613.8695671147681,6.927000000000000000e+03
613.9446382262654,6.952000000000000000e+03
614.0196560673113,6.942000000000000000e+03
614.0946658455853,6.966000000000000000e+03
614.1696826366328,6.954000000000000000e+03
614.2447554874341,6.960000000000000000e+03
614.3197636679537,6.962000000000000000e+03
614.3947788454523,6.976000000000000000e+03
614.4697859154201,6.970000000000000000e+03
614.5448037484722,6.987000000000000000e+03
614.619873899117,6.938000000000000000e+03
614.694883044028,6.975000000000000000e+03
614.769899161373,6.951000000000000000e+03
614.8449071281832,6.970000000000000000e+03
614.9199220568489,7.000000000000000000e+03
614.994936381391,6.989000000000000000e+03
615.0699463115571,6.954000000000000000e+03
615.1449594055,6.961000000000000000e+03
615.219968088927,6.982000000000000000e+03
615.2949799236752,6.933000000000000000e+03
615.3699949053583,6.964000000000000000e+03
615.4450130295872,6.980000000000000000e+03
615.5200153487256,6.968000000000000000e+03
615.5950321611059,6.963000000000000000e+03
615.6700445181616,6.971000000000000000e+03
615.7450599927896,6.956000000000000000e+03
615.8200634112113,6.986000000000000000e+03
615.8950775175382,6.983000000000000000e+03
615.9700909303292,6.954000000000000000e+03
616.045103642399,6.966000000000000000e+03
616.1200587059649,6.974000000000000000e+03
616.1950737781215,6.967000000000000000e+03
616.2700843319404,6.971000000000000000e+03
616.3450979550751,6.996000000000000000e+03
616.4201070436227,6.983000000000000000e+03
616.4950545776754,6.985000000000000000e+03
616.5700659579935,6.948000000000000000e+03
616.6450765818348,6.986000000000000000e+03
616.720097852294,6.997000000000000000e+03
616.7950422701603,6.937000000000000000e+03
616.8700581788843,6.931000000000000000e+03
616.9450694997388,6.954000000000000000e+03
617.0200229227949,6.970000000000000000e+03
617.0950326410584,6.966000000000000000e+03
617.1700377451283,6.956000000000000000e+03
617.2449925060192,6.950000000000000000e+03
617.3200073947381,6.959000000000000000e+03
617.395013836697,6.942000000000000000e+03
617.4699660667885,6.971000000000000000e+03
617.5449822610196,6.925000000000000000e+03
617.6199327648687,6.957000000000000000e+03
617.6949472498279,6.955000000000000000e+03
617.7698959983896,6.970000000000000000e+03
617.8449087450254,6.951000000000000000e+03
617.9198595274773,6.998000000000000000e+03
617.9948705076381,6.992000000000000000e+03
618.069827119618,6.977000000000000000e+03
618.144840127084,6.903000000000000000e+03
618.2197872618343,6.986000000000000000e+03
618.2947411041071,6.950000000000000000e+03
618.3697513617161,6.942000000000000000e+03
618.44469567746,6.956000000000000000e+03
618.5196505100681,6.974000000000000000e+03
618.5946694328892,6.953000000000000000e+03
618.6696146951708,6.968000000000000000e+03
618.7445666341545,6.953000000000000000e+03
618.8195826887393,6.985000000000000000e+03
618.8945326685835,6.969000000000000000e+03
618.9694854812299,6.977000000000000000e+03
619.0444334578197,6.991000000000000000e+03
619.1194494169247,6.957000000000000000e+03
619.1943992107521,6.973000000000000000e+03
619.2693479786984,6.973000000000000000e+03
619.3442957134283,6.999000000000000000e+03
619.4192500812071,7.019000000000000000e+03
619.4942648084996,7.001000000000000000e+03
619.5692094181061,6.985000000000000000e+03
619.6441644838893,6.991000000000000000e+03
619.7191184853039,6.989000000000000000e+03
619.7940637321011,7.008000000000000000e+03
619.8690155808523,7.017000000000000000e+03
619.9439663431604,7.016000000000000000e+03
620.0189198558951,7.033000000000000000e+03
620.0938722693128,7.000000000000000000e+03
620.1688197299484,7.001000000000000000e+03
620.2437699216852,6.996000000000000000e+03
620.3187305358406,6.992000000000000000e+03
620.393678480104,7.025000000000000000e+03
620.4686252881608,7.011000000000000000e+03
620.543582504853,7.020000000000000000e+03
620.61852702112,7.033000000000000000e+03
620.6934819368186,6.994000000000000000e+03
620.7684356923214,7.022000000000000000e+03
620.8433227543279,6.995000000000000000e+03
620.9182780068074,7.009000000000000000e+03
620.9932282224137,6.988000000000000000e+03
621.0681811054573,7.030000000000000000e+03
621.1431327931294,7.003000000000000000e+03
621.2180794188941,7.037000000000000000e+03
621.2929746519387,7.029000000000000000e+03
621.3679226950109,7.038000000000000000e+03
621.4428695130218,7.057000000000000000e+03
621.5177610187308,6.994000000000000000e+03
621.5927130788318,7.046000000000000000e+03
621.6676600305892,7.043000000000000000e+03
621.7426134606835,7.014000000000000000e+03
621.8174999024244,7.052000000000000000e+03
621.8924507959133,7.017000000000000000e+03
621.9673462597708,7.029000000000000000e+03
622.0422984590124,7.032000000000000000e+03
622.1172493736544,7.031000000000000000e+03
622.1921409277729,7.000000000000000000e+03
622.2670892368434,7.041000000000000000e+03
622.3419781424883,7.017000000000000000e+03
622.4169354382018,6.991000000000000000e+03
622.4918216682801,6.987000000000000000e+03
622.5667763070498,7.010000000000000000e+03
622.6416637084727,7.020000000000000000e+03
622.7166156613104,7.038000000000000000e+03
622.791500330108,7.026000000000000000e+03
622.8664495670652,7.052000000000000000e+03
622.9413431149467,6.996000000000000000e+03
623.0162352679529,7.008000000000000000e+03
623.0911842549693,7.014000000000000000e+03
623.1660736097131,7.038000000000000000e+03
623.2409693156505,7.038000000000000000e+03
623.3159141083677,7.032000000000000000e+03
623.3908108627464,7.028000000000000000e+03
623.4656984085988,7.029000000000000000e+03
623.54065060535,7.037000000000000000e+03
623.6155430462911,7.029000000000000000e+03
623.6904262505253,7.024000000000000000e+03
623.7653157682421,7.010000000000000000e+03
623.8402738657751,7.043000000000000000e+03
623.9151643415145,7.040000000000000000e+03
623.9900494384281,7.006000000000000000e+03
624.0649369353079,7.074000000000000000e+03
624.1398346184196,7.063000000000000000e+03
624.2147191099846,7.068000000000000000e+03
624.2896137782844,7.053000000000000000e+03
624.3645615055957,7.012000000000000000e+03
624.4394531447507,7.068000000000000000e+03
624.5143432514428,7.029000000000000000e+03
624.5892357192214,7.040000000000000000e+03
624.6641227392169,7.031000000000000000e+03
624.739008204036,7.057000000000000000e+03
624.8139077217978,7.021000000000000000e+03
624.8887900572714,7.004000000000000000e+03
624.9636825322137,7.046000000000000000e+03
625.0385773339976,7.025000000000000000e+03
625.1134666425047,7.039000000000000000e+03
625.1883582645422,7.058000000000000000e+03
625.263181823586,7.022000000000000000e+03
625.3380780414589,7.016000000000000000e+03
625.4129648242472,6.977000000000000000e+03
625.4878578081264,7.038000000000000000e+03
625.5627413379577,7.066000000000000000e+03
625.6376349716288,7.044000000000000000e+03
625.7124604067309,7.025000000000000000e+03
625.7873507351937,7.005000000000000000e+03
625.8622394075853,7.022000000000000000e+03
625.9371381701984,7.021000000000000000e+03
626.0119647267263,7.007000000000000000e+03
626.0868522937308,7.018000000000000000e+03
626.1617460175852,6.998000000000000000e+03
626.2366380528313,7.068000000000000000e+03
626.3114617065921,7.032000000000000000e+03
626.3863503257447,7.037000000000000000e+03
626.4611822898413,7.066000000000000000e+03
626.5360713905895,7.039000000000000000e+03
626.6109666191869,7.048000000000000000e+03
626.6857933539325,7.051000000000000000e+03
626.7606772445703,7.029000000000000000e+03
626.8355122365108,7.042000000000000000e+03
626.9104044027886,7.021000000000000000e+03
626.985224051504,7.042000000000000000e+03
627.0601205419518,7.055000000000000000e+03
627.1349523354077,7.024000000000000000e+03
627.2098373967692,7.059000000000000000e+03
627.2846616468294,7.056000000000000000e+03
627.3595549170336,7.050000000000000000e+03
627.4343873380152,7.075000000000000000e+03
627.5092769901677,7.021000000000000000e+03
627.5841096881397,7.014000000000000000e+03
627.6589365990222,7.033000000000000000e+03
627.7338247007415,7.070000000000000000e+03
627.8086518461457,7.019000000000000000e+03
627.8834850056414,7.027000000000000000e+03
627.9583754402697,7.072000000000000000e+03
628.0332088011603,7.090000000000000000e+03
628.1080284382782,7.069000000000000000e+03
628.182858012259,7.065000000000000000e+03
628.2577527829216,7.037000000000000000e+03
628.3325785578783,7.039000000000000000e+03
628.4074142606058,7.046000000000000000e+03
628.4822361924339,7.073000000000000000e+03
628.5570680421939,7.075000000000000000e+03
628.6318979552647,7.057000000000000000e+03
628.706785214725,7.057000000000000000e+03
628.7816191526078,7.110000000000000000e+03
628.8564471797065,7.053000000000000000e+03
628.9312811520758,7.028000000000000000e+03
629.0061012851678,7.089000000000000000e+03
629.0809313073146,7.086000000000000000e+03
629.155759344112,7.096000000000000000e+03
629.2305893470999,7.045000000000000000e+03
629.3054252715824,7.064000000000000000e+03
629.380247309458,7.076000000000000000e+03
629.4550831794276,7.072000000000000000e+03
629.5299011803792,7.036000000000000000e+03
629.6047330053896,7.078000000000000000e+03
629.6795707280481,7.072000000000000000e+03
629.7543389940075,7.052000000000000000e+03
629.8291607196976,7.047000000000000000e+03
629.9039962589939,7.060000000000000000e+03
629.9788178342736,7.063000000000000000e+03
630.0536452776254,7.080000000000000000e+03
630.1284746162776,7.067000000000000000e+03
630.2032423002603,7.108000000000000000e+03
630.2780753994684,7.086000000000000000e+03
630.3529103790165,7.087000000000000000e+03
630.4277313363475,7.112000000000000000e+03
630.5025024771371,7.166000000000000000e+03
630.5773311190919,7.066000000000000000e+03
630.6521576385172,7.133000000000000000e+03
630.7269342895984,7.092000000000000000e+03
630.8017565291294,7.109000000000000000e+03
630.8765845827202,7.130000000000000000e+03
630.9513587332427,7.119000000000000000e+03
631.0261864484233,7.084000000000000000e+03
631.1009522564115,7.087000000000000000e+03
631.175787573207,7.107000000000000000e+03
631.2506087617126,7.101000000000000000e+03
631.3253799341081,7.149000000000000000e+03
631.400208688403,7.138000000000000000e+03
631.4749754310345,7.135000000000000000e+03
631.5498037567131,7.161000000000000000e+03
631.6245780075234,7.142000000000000000e+03
631.6993420335924,7.127000000000000000e+03
631.7741716576955,7.138000000000000000e+03
631.8489391655564,7.143000000000000000e+03
631.923764305041,7.142000000000000000e+03
631.9985312783703,7.167000000000000000e+03
632.0733039606179,7.133000000000000000e+03
632.1481342990165,7.166000000000000000e+03
632.2228944223607,7.166000000000000000e+03
632.2976642345945,7.150000000000000000e+03
632.3724997216107,7.149000000000000000e+03
632.4472649272958,7.130000000000000000e+03
632.5220358114818,7.159000000000000000e+03
632.5968083701387,7.183000000000000000e+03
632.6716346337209,7.166000000000000000e+03
632.746402531009,7.152000000000000000e+03
632.8211640744752,7.165000000000000000e+03
632.895939281213,7.150000000000000000e+03
632.9707001090119,7.154000000000000000e+03
633.0454705862102,7.163000000000000000e+03
633.1202346797379,7.178000000000000000e+03
633.1950124256075,7.172000000000000000e+03
633.2698318993826,7.150000000000000000e+03
633.3446048767886,7.183000000000000000e+03
633.4193754528278,7.163000000000000000e+03
633.4941436195448,7.165000000000000000e+03
633.5689053548851,7.169000000000000000e+03
633.6436807232593,7.181000000000000000e+03
633.718441616138,7.203000000000000000e+03
633.7932121186539,7.147000000000000000e+03
633.8679199094199,7.164000000000000000e+03
633.9426855028164,7.174000000000000000e+03
634.0174606961399,7.217000000000000000e+03
634.0922213655654,7.183000000000000000e+03
634.1669876029633,7.176000000000000000e+03
634.2417553834099,7.201000000000000000e+03
634.3165327489089,7.175000000000000000e+03
634.3912351850232,7.179000000000000000e+03
634.4660075495017,7.241000000000000000e+03
634.5407774100094,7.178000000000000000e+03
634.6155447585436,7.208000000000000000e+03
634.6902491623354,7.193000000000000000e+03
634.7650114486645,7.191000000000000000e+03
634.8397832896367,7.217000000000000000e+03
634.9145525922855,7.174000000000000000e+03
634.9892588668829,7.215000000000000000e+03
635.0640230545828,7.184000000000000000e+03
635.1387362717429,7.236000000000000000e+03
635.2135074201229,7.231000000000000000e+03
635.2882719598388,7.184000000000000000e+03
635.362981437668,7.221000000000000000e+03
635.4377448294332,7.211000000000000000e+03
635.512457159198,7.202000000000000000e+03
635.5872153377827,7.214000000000000000e+03
635.6619224154749,7.252000000000000000e+03
635.7366995983534,7.221000000000000000e+03
635.8114013974615,7.249000000000000000e+03
635.8861733198535,7.238000000000000000e+03
635.960881941529,7.252000000000000000e+03
636.0356485740448,7.274000000000000000e+03
636.1103518611941,7.219000000000000000e+03
636.1850565091609,7.240000000000000000e+03
636.2598232366993,7.266000000000000000e+03
636.3345306048863,7.252000000000000000e+03
636.4092393182117,7.283000000000000000e+03
636.4840101382218,7.233000000000000000e+03
636.5587134362514,7.272000000000000000e+03
636.6334221129331,7.242000000000000000e+03
636.7081848135534,7.311000000000000000e+03
636.78290019687,7.316000000000000000e+03
636.857604726266,7.334000000000000000e+03
636.9323146152394,7.262000000000000000e+03
637.0070217458345,7.263000000000000000e+03
637.0817261099415,7.205000000000000000e+03
637.1564967140678,7.203000000000000000e+03
637.2311995976745,7.161000000000000000e+03
637.3059078155254,7.197000000000000000e+03
637.3806132401302,7.208000000000000000e+03
637.4553280538418,7.216000000000000000e+03
637.5300278704315,7.235000000000000000e+03
637.6047370655823,7.333000000000000000e+03
637.679443440681,7.351000000000000000e+03
637.7541469875897,7.338000000000000000e+03
637.8288599029363,7.345000000000000000e+03
637.9035659103154,7.367000000000000000e+03
637.978273139046,7.355000000000000000e+03
638.052977512721,7.364000000000000000e+03
638.1276830952562,7.396000000000000000e+03
638.2023898813551,7.352000000000000000e+03
638.2770978657181,7.407000000000000000e+03
638.3517418441655,7.407000000000000000e+03
638.4264562697699,7.376000000000000000e+03
638.5011555722814,7.348000000000000000e+03
638.5758642016897,7.405000000000000000e+03
638.6505699221697,7.388000000000000000e+03
638.7252237691496,7.404000000000000000e+03
638.7999236357822,7.424000000000000000e+03
638.874628732156,7.424000000000000000e+03
638.9493472209352,7.431000000000000000e+03
639.0239892680094,7.459000000000000000e+03
639.098689601196,7.468000000000000000e+03
639.173395144716,7.426000000000000000e+03
639.2480405140027,7.445000000000000000e+03
639.3227564554909,7.490000000000000000e+03
639.3973958340758,7.489000000000000000e+03
639.4721058028182,7.487000000000000000e+03
639.5468086912668,7.507000000000000000e+03
639.6214635767756,7.532000000000000000e+03
639.6961604460553,7.508000000000000000e+03
639.7708092749344,7.471000000000000000e+03
639.8455164682429,7.509000000000000000e+03
639.9201674013606,7.528000000000000000e+03
639.9948767149377,7.507000000000000000e+03
640.0695174401586,7.518000000000000000e+03
640.1441591862857,7.541000000000000000e+03
640.2188716275688,7.518000000000000000e+03
640.2935236151387,7.523000000000000000e+03
640.3681602084457,7.576000000000000000e+03
640.4428757290473,7.528000000000000000e+03
640.5175143262505,7.566000000000000000e+03
640.592166218985,7.535000000000000000e+03
640.6668724558668,7.550000000000000000e+03
640.7415181149009,7.579000000000000000e+03
640.8161565315354,7.613000000000000000e+03
640.8908041242695,7.618000000000000000e+03
640.9655143022176,7.600000000000000000e+03
641.0401638233027,7.587000000000000000e+03
641.1148060727106,7.593000000000000000e+03
641.1894533730033,7.623000000000000000e+03
641.2641016094406,7.647000000000000000e+03
641.3387425502967,7.611000000000000000e+03
641.4134543525283,7.623000000000000000e+03
641.488101262261,7.680000000000000000e+03
641.5627449685089,7.659000000000000000e+03
641.6373854629693,7.693000000000000000e+03
641.7120350911663,7.669000000000000000e+03
641.7866814967092,7.670000000000000000e+03
641.8613246712862,7.680000000000000000e+03
641.9359769690361,7.674000000000000000e+03
642.0106260249374,7.738000000000000000e+03
642.0852718306695,7.694000000000000000e+03
642.1598525225107,7.711000000000000000e+03
642.2344917885489,7.697000000000000000e+03
642.3091401562656,7.730000000000000000e+03
642.3837934993884,7.747000000000000000e+03
642.4584353052218,7.759000000000000000e+03
642.5330862021095,7.760000000000000000e+03
642.6077296725547,7.763000000000000000e+03
642.6823120100572,7.765000000000000000e+03
642.7569529755671,7.764000000000000000e+03
642.8315988836831,7.758000000000000000e+03
642.9062455985243,7.777000000000000000e+03
642.9808352351971,7.819000000000000000e+03
643.055475263203,7.789000000000000000e+03
643.1301243499755,7.802000000000000000e+03
643.2047163018128,7.804000000000000000e+03
643.279354524987,7.806000000000000000e+03
643.3539438476895,7.847000000000000000e+03
643.4285877299418,7.791000000000000000e+03
643.5032406530961,7.853000000000000000e+03
643.5778197789244,7.872000000000000000e+03
643.6524659081414,7.882000000000000000e+03
643.7270464782921,7.869000000000000000e+03
643.8016982163535,7.889000000000000000e+03
643.876284355504,7.899000000000000000e+03
643.9509292459394,7.924000000000000000e+03
644.0255084918365,7.925000000000000000e+03
644.1001589469886,7.977000000000000000e+03
644.1747437177227,7.947000000000000000e+03
644.2493250109602,7.976000000000000000e+03
644.3239775458864,8.009000000000000000e+03
644.3985601811679,8.002000000000000000e+03
644.4731434709971,8.065000000000000000e+03
644.5477855716856,8.055000000000000000e+03
644.6223743228242,8.081000000000000000e+03
644.6969595574612,8.061000000000000000e+03
644.7715495817692,8.122000000000000000e+03
644.8461901340061,8.116000000000000000e+03
644.9207731033271,8.123000000000000000e+03
644.9953650068094,8.144000000000000000e+03
645.0699450389038,8.173000000000000000e+03
645.1445298338459,8.234000000000000000e+03
645.219177672042,8.174000000000000000e+03
645.2937678340779,8.227000000000000000e+03
645.3683419239809,8.214000000000000000e+03
645.4429290863851,8.237000000000000000e+03
645.5175168235929,8.304000000000000000e+03
645.5921051300253,8.367000000000000000e+03
645.6666898312457,8.317000000000000000e+03
645.7412750885978,8.374000000000000000e+03
645.8158525549321,8.331000000000000000e+03
645.8904389058563,8.388000000000000000e+03
645.9650299688499,8.373000000000000000e+03
646.0396090465212,8.392000000000000000e+03
646.1141969977764,8.454000000000000000e+03
646.1887812959989,8.429000000000000000e+03
646.2633076373747,8.471000000000000000e+03
646.3378845915109,8.506000000000000000e+03
646.4124787595719,8.564000000000000000e+03
646.4870608913304,8.592000000000000000e+03
646.5616476941717,8.576000000000000000e+03
646.6361722632304,8.643000000000000000e+03
646.7107558375826,8.614000000000000000e+03
646.7853440690486,8.655000000000000000e+03
646.859928586342,8.704000000000000000e+03
646.9344466023072,8.686000000000000000e+03
647.0090362098298,8.713000000000000000e+03
647.083622083392,8.712000000000000000e+03
647.1581413924066,8.739000000000000000e+03
647.2327239470708,8.739000000000000000e+03
647.307306934167,8.843000000000000000e+03
647.3818400556567,8.863000000000000000e+03
647.456419687093,8.861000000000000000e+03
647.5309452235595,8.913000000000000000e+03
647.6055298578293,8.855000000000000000e+03
647.6800561677495,8.941000000000000000e+03
647.7546415911931,8.950000000000000000e+03
647.829164455096,8.970000000000000000e+03
647.9037464463057,8.982000000000000000e+03
647.9782700344881,8.995000000000000000e+03
648.0527939695423,9.059000000000000000e+03
648.1273854568424,9.070000000000000000e+03
648.2019100840658,9.095000000000000000e+03
648.2764938778582,9.092000000000000000e+03
648.3510107654179,9.138000000000000000e+03
648.425536376692,9.206000000000000000e+03
648.5000623007427,9.224000000000000000e+03
648.5746432162518,9.223000000000000000e+03
648.6491655538866,9.251000000000000000e+03
648.7236881852804,9.298000000000000000e+03
648.7982195235151,9.309000000000000000e+03
648.8728058826379,9.360000000000000000e+03
648.9473293775359,9.371000000000000000e+03
649.0218489310823,9.393000000000000000e+03
649.0963729611857,9.456000000000000000e+03
649.1708972508054,9.431000000000000000e+03
649.2454260094211,9.476000000000000000e+03
649.3199508018886,9.537000000000000000e+03
649.3944716195824,9.526000000000000000e+03
649.4689926719741,9.574000000000000000e+03
649.5435181724034,9.625000000000000000e+03
649.6180396779724,9.670000000000000000e+03
649.6925698430567,9.724000000000000000e+03
649.7670917798398,9.726000000000000000e+03
649.8416139226556,9.755000000000000000e+03
649.9161320418531,9.819000000000000000e+03
649.9906588034178,9.786000000000000000e+03
650.0651815298742,9.877000000000000000e+03
650.1397086661992,9.897000000000000000e+03
650.2142317539774,9.917000000000000000e+03
650.2887550133019,9.977000000000000000e+03
650.3632192222857,1.001800000000000000e+04
650.4377470245496,9.959000000000000000e+03
650.5122665196939,1.004800000000000000e+04
650.5867946266628,1.006600000000000000e+04
650.6612551406859,1.009300000000000000e+04
650.7357750465694,1.019900000000000000e+04
650.8103035527816,1.019400000000000000e+04
650.8847644021826,1.022100000000000000e+04
650.9592931417967,1.026000000000000000e+04
651.0338092818513,1.031200000000000000e+04
651.1082704136296,1.032800000000000000e+04
651.182799464824,1.039400000000000000e+04
651.2572649940395,1.042600000000000000e+04
651.3317857370804,1.045400000000000000e+04
651.4062556434649,1.049600000000000000e+04
651.4807807792504,1.056100000000000000e+04
651.5552380644563,1.056900000000000000e+04
651.6297548330812,1.059300000000000000e+04
651.7042206933047,1.065800000000000000e+04
651.7787503045504,1.069900000000000000e+04
651.8532162309156,1.073900000000000000e+04
651.9277374256133,1.078800000000000000e+04
652.0021948907765,1.086000000000000000e+04
652.0766608615594,1.088100000000000000e+04
652.1511863740992,1.095600000000000000e+04
652.2256523518495,1.100200000000000000e+04
652.3001055526772,1.104500000000000000e+04
652.3745757534864,1.100400000000000000e+04
652.4490927583861,1.114800000000000000e+04
652.523554404734,1.117900000000000000e+04
652.5980245314129,1.124100000000000000e+04
652.6724818393412,1.127800000000000000e+04
652.7469518786384,1.130700000000000000e+04
652.8214730080308,1.140200000000000000e+04
652.8959386884019,1.144800000000000000e+04
652.9703957767102,1.151500000000000000e+04
653.0448655846427,1.156200000000000000e+04
653.1193267868492,1.155700000000000000e+04
653.1937879048733,1.165300000000000000e+04
653.268253200443,1.168900000000000000e+04
653.3427141334746,1.173900000000000000e+04
653.417174964718,1.182200000000000000e+04
653.4916399588126,1.185900000000000000e+04
653.5661005698283,1.188400000000000000e+04
653.640569606346,1.185900000000000000e+04
653.7150299745911,1.193800000000000000e+04
653.7894902116518,1.202900000000000000e+04
653.8638947316973,1.206600000000000000e+04
653.938354676066,1.217800000000000000e+04
653.9927330350457,1.216583861119594985e+04
654.0128144715792,1.222800000000000000e+04
654.0673848929049,1.224748047693771696e+04
654.0872783906434,1.229500000000000000e+04
654.1419639360352,1.235193404046027172e+04
654.1617421510075,1.232900000000000000e+04
654.2166156285444,1.240235989871253878e+04
654.2361458232748,1.237800000000000000e+04
654.2911987423258,1.238915312631313645e+04
654.3658416830104,1.248640299579965176e+04
654.4404288467964,1.255123624212399591e+04
654.5150758549863,1.257524855557745650e+04
654.5897184695584,1.263047687652041714e+04
654.664305251433,1.270131320120812779e+04
654.7389476142009,1.275173905946039486e+04
654.8135383948625,1.279135937665860547e+04
654.888184771955,1.285739323865562255e+04
654.9627666643294,1.292462771632531258e+04
655.0373526739268,1.297025111188688788e+04
655.1119985900768,1.306630036570073207e+04
655.1865885451579,1.315994838816923038e+04
655.2612255432555,1.313833730606111567e+04
655.3358194230502,1.320196993671278688e+04
655.4104603574718,1.330402226888999394e+04
655.4850452543039,1.334964566445157107e+04
655.5596986994234,1.341688014212126109e+04
655.634274582699,1.347210846306422172e+04
655.7088674352764,1.352613616833450760e+04
655.7835073665872,1.360537680273092883e+04
655.8580911670134,1.364739835127448532e+04
655.9327392618014,1.373384267970694418e+04
656.0073268888157,1.381548454544871129e+04
656.0819099586474,1.386951225071899898e+04
656.1565530436084,1.392113872464393899e+04
656.2311355998527,1.401718797845778317e+04
656.3057308056235,1.403279598220253138e+04
656.3803688222278,1.411803969496231912e+04
656.454954867795,1.421048710175814267e+04
656.5295449351327,1.427652096375515976e+04
656.6041821341065,1.434495605709752272e+04
656.6787759333997,1.439298068400444572e+04
656.7533564903902,1.445421208331077105e+04
656.8279410471957,1.450223671021769223e+04
656.9025856984958,1.453465333337986522e+04
656.9771696261503,1.461869643046697820e+04
657.0517532233856,1.478318077762318353e+04
657.1264055746188,1.483240602020277947e+04
657.2009928278474,1.492485342699860303e+04
657.2755710944062,1.498848605765027423e+04
657.3501576467798,1.501850144946710134e+04
657.4247438407015,1.511094885626292489e+04
657.4993858698668,1.511094885626292489e+04
657.573971341612,1.520459687873142320e+04
657.6485607618943,1.533546398705278443e+04
657.7231498016442,1.539909661770445564e+04
657.7977341278665,1.546873232671949154e+04
657.87237432304,1.557918896860541281e+04
657.9469621958759,1.564162098358441108e+04
658.0215410042488,1.573887085307092639e+04
658.0961280598617,1.576288316652438698e+04
658.1707146988002,1.583852195390278939e+04
658.2453009150308,1.596218536818811299e+04
658.3198867025178,1.607384262574670538e+04
658.3945327428875,1.609425309218214716e+04
658.4691220043352,1.621791650646747075e+04
658.5437021472852,1.623832697290291253e+04
658.6182818353581,1.635118484613417968e+04
658.69286974003,1.647965072311019321e+04
658.767461521399,1.649285749550959736e+04
658.8420354727173,1.660331413739551863e+04
658.9166306515345,1.668735723448263161e+04
658.9912079822875,1.677380156291509047e+04
659.0657935091809,1.686144650702022409e+04
659.140382887388,1.698751115265089174e+04
659.2149717681472,1.707275486541067949e+04
659.289551452134,1.711837826097225479e+04
659.3641306225966,1.722883490285817243e+04
659.438717970647,1.729847061187321015e+04
659.5133047969533,1.742333464183120668e+04
659.5878910954348,1.750257527622762791e+04
659.6624768600082,1.760943007109552855e+04
659.7370620845874,1.769227255250997041e+04
659.8116467630838,1.783274458621271333e+04
659.8862265349078,1.789517660119171342e+04
659.9608101019778,1.800323201173228517e+04
660.0354018176174,1.812569481034493583e+04
660.1099798943757,1.823975329924887774e+04
660.1845748263452,1.833220070604469947e+04
660.259151743867,1.834420686277143250e+04
660.333684466581,1.840183641505973719e+04
660.4082645480388,1.863115400854028849e+04
660.4828527532469,1.874401188177155564e+04
660.5574316285567,1.882805497885866862e+04
660.6320229836718,1.899013809466952807e+04
660.7066049946801,1.902735718052239463e+04
660.7811820158635,1.913421197539029527e+04
660.8557147324121,1.931670555763659650e+04
660.9302992109782,1.935272402781678829e+04
661.0048830496228,1.950760344959161012e+04
661.0794662422122,1.958564346831535659e+04
661.1540575251042,1.972131303932741139e+04
661.2285781978873,1.976453520354364082e+04
661.3031681500861,2.001186203211428801e+04
661.3777399387936,2.011391436429149690e+04
661.452332922751,2.016073837552574696e+04
661.5269208535378,2.028800363682908937e+04
661.6014380645663,2.032882456969997293e+04
661.6760289813253,2.053172861838171593e+04
661.7506148234904,2.059416063336071602e+04
661.8251298800592,2.073703389840880845e+04
661.8997142930884,2.085709546567610960e+04
661.9743067544003,2.093753671574520558e+04
662.0488853483158,2.105279582032181861e+04
662.1234149871826,2.118246231297050690e+04
662.198000873726,2.130132326456513692e+04
662.2725860216412,2.144179529826788348e+04
662.347104619191,2.159667472004270530e+04
662.4216882564932,2.166270858203972239e+04
662.4962184684717,2.173234429105476011e+04
662.570804963388,2.189682863821096544e+04
662.6453862997457,2.207812160478459555e+04
662.7199097646629,2.213695177274557500e+04
662.7944939234665,2.235426320949939691e+04
662.869086084027,2.245031246331323928e+04
662.9436071371093,2.257757772461658169e+04
663.0181889069928,2.264841404930429053e+04
663.0927083152421,2.278168238897099945e+04
663.1673016492832,2.282610516885990364e+04
663.2418237897235,2.310224677357470136e+04
663.3164110793576,2.327873727745763972e+04
663.3909359310869,2.331715697898317740e+04
663.4655171474956,2.334717237080000268e+04
663.5400358838839,2.358129242697124573e+04
663.6146198039338,2.374937862114547170e+04
663.6891500154543,2.391866543099237242e+04
663.763736622158,2.401711591615156067e+04
663.8382518588492,2.415998918119965310e+04
663.9128411292601,2.424523289395944084e+04
663.9873589874919,2.441451970380633793e+04
664.0619509026042,2.452497634569225920e+04
664.136471363353,2.476389886455419401e+04
664.211061492379,2.484434011462328999e+04
664.285584535613,2.490797274527496120e+04
664.3601640270679,2.507725955512185828e+04
664.4346852160202,2.519852173806183782e+04
664.5092142934612,2.535580239118200552e+04
664.5838042596656,2.552148735401088561e+04
664.6583226187805,2.558271875331721094e+04
664.7328488535421,2.583484804457854989e+04
664.8074315802052,2.597892192529931344e+04
664.881960314152,2.608337548882186820e+04
664.9565455552175,2.626706968674084419e+04
665.031072346548,2.644716203764180318e+04
665.1055937270582,2.653960944443762492e+04
665.1801096874939,2.673651041475600505e+04
665.2546998800744,2.691540214998428928e+04
665.3292271235769,2.691420153431161452e+04
665.4037489291384,2.714592035913751170e+04
665.4783361453115,2.734042009811054595e+04
665.5528603518749,2.744487366163310071e+04
665.6273790986409,2.763697216926078909e+04
665.7019056711048,2.782306759852511095e+04
665.7764932599148,2.799115379269933692e+04
665.8510088931856,2.809800858756723756e+04
665.9255412083346,2.826249293472344289e+04
666.0000591620371,2.830931694595769295e+04
666.0746470335703,2.860706963278060721e+04
666.1491717378727,2.867550472612297017e+04
666.2236953664843,2.893363709574767563e+04
666.2982179130853,2.898286233832726793e+04
666.3727393713534,2.922178485718920638e+04
666.4472686180028,2.938506858867274059e+04
666.5218500778012,2.947751599546856232e+04
666.5963682490049,2.973804959643861366e+04
666.670894195563,2.991454010032155202e+04
666.7454190261132,3.003099982057083616e+04
666.8199427343175,3.018707985801833274e+04
666.8944653138359,3.032995312306642518e+04
666.9689912068017,3.055086640683826408e+04
667.043515960381,3.059528918672716827e+04
667.1180440186909,3.080299569809960303e+04
667.1925664754452,3.098909112736392490e+04
667.2671501081187,3.116918347826488025e+04
667.3416747090137,3.134807521349316448e+04
667.4162025951904,3.144292385163433573e+04
667.4907159415177,3.160260573609984931e+04
667.5652459277131,3.181871655718099646e+04
667.6397747296355,3.197599721030116780e+04
667.7142934240692,3.206844461709698953e+04
667.7888198363478,3.232417575537634912e+04
667.8633405848258,3.246464778907909567e+04
667.9378645829604,3.254869088616620866e+04
668.0123873649534,3.272758262139449289e+04
668.0868509002132,3.293048667007623590e+04
668.1613801466233,3.311538148366788664e+04
668.235899230937,3.327146152111537958e+04
668.3104215399541,3.346836249143376335e+04
668.3849470702704,3.355720805121156445e+04
668.4594713500996,3.365205668935273570e+04
668.533998842422,3.387897305148794112e+04
668.6085250734534,3.400263646577326290e+04
668.683041094052,3.424516083165322198e+04
668.7575647813001,3.439523779073735204e+04
668.8320290343215,3.450329320127792016e+04
668.9065546155499,3.464496585065334511e+04
668.9810833808008,3.483226189559033810e+04
669.0555974212344,3.501235424649129709e+04
669.130128062917,3.519844967575561896e+04
669.2046529196529,3.534492478782172839e+04
669.2791182298785,3.531611001167757058e+04
669.3536314765041,3.562706947089989262e+04
669.4281657979723,3.572672057173175563e+04
669.5026898264498,3.591401661666874861e+04
669.57714526615,3.598845478837448172e+04
669.65167108008,3.613973236313128291e+04
669.7261910590614,3.644829059100825543e+04
669.8007186526492,3.661637678518248140e+04
669.8751865504684,3.666560202776207734e+04
669.949711403622,3.682288268088224140e+04
670.0242348833766,3.697175902429370035e+04
670.0987480026345,3.709902428559704276e+04
670.1732193096983,3.728511971486136463e+04
670.2477431098745,3.727671540515265224e+04
670.3222655128286,3.747121514412568649e+04
670.396728085964,3.763329825993654958e+04
670.471252157415,3.768732596520683728e+04
670.5457118658269,3.790943986465135094e+04
670.6202330875843,3.804270820431805623e+04
670.6947618784129,3.814115868947724812e+04
670.7692307481261,3.825761840972652863e+04
670.8437476587868,3.836927566728512465e+04
670.918213608017,3.849413969724311755e+04
670.9927321095302,3.865862404439933016e+04
671.0672536563986,3.876187699224920652e+04
671.1417196890736,3.879549423108405608e+04
671.216251808498,3.892876257075076137e+04
671.290714863808,3.919409863441150083e+04
671.3652395155675,3.911725923136043275e+04
671.4396995665256,3.930935773898811749e+04
671.5142212289395,3.953747471679599403e+04
671.5886872701645,3.958669995937558997e+04
671.6632104305353,3.957469380264885694e+04
671.7376734223737,3.968755167588012409e+04
671.812193546355,3.982922432525554177e+04
671.8866579770747,3.998650497837571311e+04
671.9611795549314,4.011617147102440504e+04
672.0356408881489,4.019181025840280199e+04
672.1101096909673,4.029506320625268563e+04
672.1846266277597,4.040311861679326103e+04
672.2590968192625,4.048596109820769925e+04
672.3336151557181,4.049676663926175388e+04
672.4080821944679,4.051237464300650754e+04
672.482543119204,4.066605344910865824e+04
672.5570657703272,4.082453471790150070e+04
672.63152802642,4.093379074411474721e+04
672.705997721871,4.096500675160423998e+04
672.7805155931686,4.105745415840006899e+04
672.854982065397,4.106705908378145250e+04
672.9294423823377,4.119552496075746603e+04
673.0039644745739,4.129037359889863728e+04
673.0784260583234,4.137441669598575390e+04
673.152895058153,4.140083024078455492e+04
673.2274213293804,4.145245671470950037e+04
673.3018779706365,4.152689488641522621e+04
673.3763374799411,4.165295953204589750e+04
673.4508043890924,4.169137923357143154e+04
673.5252650884476,4.175261063287776051e+04
673.5997967036512,4.180903956949339045e+04
673.6742585868221,4.188828020388981531e+04
673.748714237457,4.193990667781475349e+04
673.823186347847,4.194110729348742461e+04
673.8976385924067,4.199873684577573295e+04
673.9721663425748,4.201674608086582884e+04
674.0466287979216,4.207197440180878766e+04
674.1210895311846,4.210679225631630834e+04
674.1955530811653,4.212720272275174648e+04
674.2700239906791,4.214401134216917126e+04
674.3444795221271,4.218483227504005481e+04
674.4189469503236,4.219083535340341768e+04
674.49346722243,4.221604828252955485e+04
674.567935708377,4.224726429001905490e+04
674.6424024340591,4.226527352510915080e+04
674.7168582880072,4.227487845049053431e+04
674.7913214713103,4.228568399154458893e+04
674.8657783200656,4.230129199528934259e+04
674.940251601854,4.229288768558063020e+04
675.0147094269751,4.229889076394399308e+04
675.0891700095718,4.227848029750855494e+04
675.1636379044918,4.225086613703707553e+04
675.2380994327431,4.224006059598301363e+04
675.312554584676,4.225927044674578792e+04
675.3870261580195,4.227367783481786319e+04
675.4614822208301,4.226647414078182192e+04
675.5359547018315,4.225446798405508889e+04
675.610407090499,4.221844951387490437e+04
675.6848804576179,4.218363165936738369e+04
675.7593337130725,4.214281072649650014e+04
675.8338033782419,4.208878302122621244e+04
675.9082026566803,4.202875223759256187e+04
675.9826594431638,4.201554546519315772e+04
676.0571234944312,4.199633561443039071e+04
676.1315948098625,4.196391899126821227e+04
676.2060550986515,4.191109190167060297e+04
676.2805134951972,4.185826481207298639e+04
676.3549745673919,4.185586358072764415e+04
676.4293879803434,4.181744387920210283e+04
676.5038498052293,4.176221555825914402e+04
676.5783051376296,4.169618169626212330e+04
676.6527677036122,4.163735152830115112e+04
676.7272329229447,4.159532997975758917e+04
676.8016366634976,4.153049673343324685e+04
676.8761025828228,4.141883947587465082e+04
676.9505619772531,4.138162039002178790e+04
677.0250240043307,4.128196928918992489e+04
677.0994290601088,4.122433973690162384e+04
677.1738917427178,4.121713604286558257e+04
677.2483524582894,4.115470402788658248e+04
677.3227561481843,4.097341106131295237e+04
677.3972128974716,4.089897288960722653e+04
677.4716768389669,4.091938335604266467e+04
677.5461433813275,4.086655626644505537e+04
677.6205482371186,4.070687438197954179e+04
677.6950015852051,4.062883436325578805e+04
677.7694069841688,4.056280050125877460e+04
677.8438746703705,4.052318018406056217e+04
677.9183311477581,4.036229768392237747e+04
677.9927396296163,4.023743365396437730e+04
678.0672012294622,4.013057885909648030e+04
678.1416056066512,3.997569943732165848e+04
678.2160631125909,3.991686926936067903e+04
678.2905277690969,3.988805449321652122e+04
678.3649259468506,3.973077384009635716e+04
678.4393864750938,3.960711042581102811e+04
678.513798898065,3.942461684356472688e+04
678.5882598799376,3.935858298156771343e+04
678.6626543015428,3.932736697407821339e+04
678.7371249257566,3.912326230972379562e+04
678.8115243461227,3.894316995882283663e+04
678.8859815585386,3.888914225355254894e+04
678.9603905685974,3.878588930570267257e+04
679.0348481677615,3.865021973469061777e+04
679.1092529209583,3.860939880181973422e+04
679.1836509171139,3.841970152553739172e+04
679.2581113551571,3.833445781277760398e+04
679.3325235125415,3.810754145064239856e+04
679.4069842868593,3.802229773788261082e+04
679.481378280968,3.792504786839609733e+04
679.5557839509504,3.768012227117079601e+04
679.6302474888498,3.756246193524883711e+04
679.704648807749,3.751803915535993292e+04
679.7790525553501,3.732113818504155643e+04
679.8535234360058,3.721188215882830991e+04
679.9279135518302,3.717946553566613875e+04
680.0023245731195,3.696095348323964572e+04
680.076784258521,3.683008637491828267e+04
680.1511816092886,3.664038909863594017e+04
680.2255859851732,3.647110228878904309e+04
680.3000482943368,3.640626904246470076e+04
680.374448213023,3.630901917297817999e+04
680.4488412562114,3.609651019891504984e+04
680.5232552007656,3.597524801597507758e+04
680.5976576301395,3.586239014274381043e+04
680.6721226617578,3.569190271722423495e+04
680.7465159407645,3.557424238130227604e+04
680.8209254830051,3.555143068352148839e+04
680.8953281128896,3.520205152277363231e+04
680.969723820552,3.514082012346731062e+04
681.0441775310805,3.497753639198377641e+04
681.118582574998,3.476862926493866689e+04
681.1929806772104,3.471820340668639983e+04
681.2673996753556,3.457292891029296152e+04
681.3418070819359,3.432200023470429733e+04
681.4162075273074,3.425716698837994772e+04
681.4906056458781,3.406746971209760522e+04
681.5649921401839,3.391859336868615355e+04
681.6393995215485,3.386456566341586586e+04
681.7137999143118,3.366766469309748209e+04
681.7882165503345,3.349957849892325612e+04
681.8626680324036,3.342393971154485916e+04
681.9370706711479,3.334830092416645493e+04
682.0114662918298,3.318141534566490009e+04
682.0858781465969,3.300372422610929061e+04
682.1602876270566,3.285604849837051006e+04
682.234615600839,3.269756722957766760e+04
682.3090342611832,3.259431428172778396e+04
682.3834179373963,3.250546872194997923e+04
682.4578224911205,3.227014805010606142e+04
682.5322153211919,3.215969140822014379e+04
682.6066290312607,3.198320090433720543e+04
682.6810356664762,3.192797258339424661e+04
682.7554352169042,3.174427838547527062e+04
682.8298276726078,3.150535586661333218e+04
682.9042363415565,3.151376017632204457e+04
682.9786379060591,3.128444258284149328e+04
683.052985700029,3.112356008270330494e+04
683.1273776822683,3.100469913110867492e+04
683.2017812028357,3.099269297438194553e+04
683.2761822579863,3.073215937341189419e+04
683.3505948498541,3.063490950392537707e+04
683.4249816151049,3.044641284331570932e+04
683.4993378598623,3.033835743277513393e+04
683.5737336498651,3.013065092140269917e+04
683.6481222681783,3.011144107063993215e+04
683.7225270786547,2.990973763763086026e+04
683.7968779498492,2.973084590240257603e+04
683.8712683772519,2.962279049186200064e+04
683.9456749923205,2.954114862612023353e+04
684.0200089024875,2.939947597674481585e+04
684.0944244901342,2.923138978257058989e+04
684.1688141432852,2.913654114442941864e+04
684.2431731578488,2.898406295399994269e+04
684.3175670692367,2.880156937175364146e+04
684.3919584235521,2.867790595746831605e+04
684.4662956794946,2.857345239394576129e+04
684.5407193753053,2.832732618104778885e+04
684.6151123876289,2.809440674054921692e+04
684.689455939193,2.799115379269933692e+04
684.7638578398391,2.770180541558513141e+04
684.8382055615216,2.756253399755505961e+04
684.9125975757681,2.745928104970517597e+04
684.9870010616816,2.730920409062104591e+04
685.0613315458365,2.717113328826364523e+04
685.1357438810281,2.699344216870803575e+04
685.2100831760683,2.686617690740469334e+04
685.2844855664139,2.668848578784908386e+04
685.3588336587155,2.655881929520039557e+04
685.4332213760933,2.641354479880695726e+04
685.5075782509971,2.631269308230241950e+04
685.5819089583205,2.631269308230241950e+04
685.6563216044284,2.631029185095707362e+04
685.7306563603778,2.629588446288499836e+04
685.8050589720733,2.617102043292700182e+04
685.8794024621719,2.598132315664465932e+04
685.9537903041233,2.588287267148547107e+04
686.0281472199982,2.580483265276172460e+04
686.1024731844336,2.566195938771363217e+04
686.1768811733403,2.543984548826911850e+04
686.2512158243778,2.537741347329011842e+04
686.3255665827462,2.519612050671649195e+04
686.3999617223745,2.496440168189059477e+04
686.4742975925424,2.488396043182149879e+04
686.5486495653337,2.466905022641302276e+04
686.6230412185406,2.456339604721779688e+04
686.6973829775881,2.438090246497149565e+04
686.7717408365776,2.431246737162912905e+04
686.8460676249846,2.420321134541588253e+04
686.920476563722,2.399190298702542714e+04
686.9948119535088,2.394507897579118071e+04
687.0691634335083,2.384782910630466358e+04
687.1434837923248,2.365573059867697521e+04
687.2178910716232,2.350565363959284514e+04
687.2922436114384,2.339039453501623211e+04
687.3665697193694,2.325112311698616031e+04
687.4409071790424,2.313346278106420141e+04
687.5152607193801,2.300379628841551312e+04
687.5896114344212,2.291735195998305426e+04
687.6639309442114,2.279368854569772884e+04
687.7383327394424,2.271444791130131125e+04
687.8126844041321,2.258958388134331472e+04
687.8870284875072,2.245751615734927691e+04
687.9613649794371,2.228342688481168807e+04
688.0357175394452,2.209973268689271208e+04
688.1100388231959,2.202529451518698261e+04
688.1843761649789,2.196286250020798252e+04
688.2587343070002,2.180318061574246894e+04
688.3330800913666,2.172754182836406835e+04
688.4074182439083,2.159427348869735943e+04
688.4817534945465,2.142978914154115409e+04
688.556104800579,2.144779837663124999e+04
688.6304200038998,2.132173373100057870e+04
688.7047797093452,2.116445307788041100e+04
688.7791080338786,2.103718781657706859e+04
688.8534524038824,2.097475580159806850e+04
688.9277890934775,2.077305236858899661e+04
689.0021418286908,2.075384251782622960e+04
689.0764868733971,2.063618218190427069e+04
689.1507577273879,2.054133354376309944e+04
689.2250873462091,2.041887074515044878e+04
689.2994377520117,2.036844488689818172e+04
689.3737756865256,2.021476608079603466e+04
689.4481106432635,2.016073837552574696e+04
689.5224616327603,2.008389897247467161e+04
689.5968001275772,1.998544848731548336e+04
689.6710880627454,1.993622324473588742e+04
689.745415792651,1.977654136027037384e+04
689.8197595452868,1.973932227441750729e+04
689.8941002876792,1.957363731158862720e+04
689.968380885931,1.944997389730330542e+04
690.0427250973174,1.939834742337836360e+04
690.1170662811704,1.936473018454351768e+04
690.1913949030705,1.926267785236630880e+04
690.2656966557213,1.919064091200592520e+04
690.3400334706062,1.903696210590377814e+04
690.4143672314507,1.897693132227012393e+04
690.4886454859029,1.888088206845628156e+04
690.5629874122526,1.892050238565449035e+04
690.6373214994773,1.872840387802680561e+04
690.7116000290887,1.869838848620998033e+04
690.7859422563533,1.858913245999673381e+04
690.8602336681432,1.849188259051021669e+04
690.9345601567937,1.842344749716785373e+04
691.0089026400582,1.831539208662727833e+04
691.0831942596561,1.828417607913777829e+04
691.157520963373,1.827337053808372002e+04
691.2318206545044,1.812569481034493583e+04
691.3061602170517,1.806326279536593938e+04
691.380444070193,1.795040492213467223e+04
691.45476779478,1.784595135861211747e+04
691.5290596795087,1.779672611603252517e+04
691.6033914459812,1.778231872796044627e+04
691.6776674311591,1.769227255250997041e+04
691.7520072241363,1.758781898898741565e+04
691.8262959912287,1.752778820535376144e+04
691.900643801485,1.746895803739278199e+04
691.9749166156074,1.741132848510447729e+04
692.0492005879099,1.732128230965399780e+04
692.123529252891,1.727806014543776837e+04
692.1978259721524,1.725404783198430960e+04
692.2721578136724,1.717960966027858012e+04
692.3464385130854,1.711357579828156304e+04
692.4207159769667,1.698510992130554587e+04
692.4950525395182,1.699351423101425826e+04
692.56933311711,1.692267790632654942e+04
692.6436056440851,1.684823973462081995e+04
692.7179660817585,1.681222126444062815e+04
692.7922272967613,1.672697755168084041e+04
692.8665236380322,1.663573076055768979e+04
692.9407927013435,1.661532029412224801e+04
693.0151497288059,1.652047165598107676e+04
693.089421837627,1.650606426790900150e+04
693.1636906489606,1.637399654391496733e+04
693.2379753787236,1.633557684238942966e+04
693.3122568047582,1.632717253268071909e+04
693.3865926140129,1.622992266319420196e+04
693.4608818498604,1.620831158108608724e+04
693.5351581466051,1.615068202879778073e+04
693.6094263017561,1.607024077872868656e+04
693.6837151767944,1.596458659953345887e+04
693.7579910889119,1.594897859578870884e+04
693.8322636527323,1.591656197262653768e+04
693.906552121247,1.583492010688477058e+04
693.9808998444166,1.578089240161448288e+04
694.0551719756728,1.576408378219706174e+04
694.1294600063287,1.570045115154538871e+04
694.2037398455482,1.565602837165648634e+04
694.2780114829652,1.557198527456937336e+04
694.3522990144666,1.552396064766245217e+04
694.426583156023,1.544592062893870389e+04
694.5008542537265,1.542671077817593505e+04
694.5751412401826,1.530064613254526557e+04
694.6494248189764,1.533906583407080325e+04
694.723700156412,1.520939934142211496e+04
694.7979624146619,1.526943012505576735e+04
694.8721970948218,1.510374516222688726e+04
694.9464717871994,1.508093346444609961e+04
695.0207623596758,1.506532546070134958e+04
695.0950205016327,1.492245219565325715e+04
695.1693186762369,1.488043064710970066e+04
695.2435843995215,1.491284727027187364e+04
695.3178708269531,1.479278570300456886e+04
695.3921441168008,1.472915307235289765e+04
695.4663655616765,1.471954814697151232e+04
695.5406463919401,1.473275491937091647e+04
695.6149237361514,1.458627980730480522e+04
695.6892121064967,1.460789088941291993e+04
695.7634969823528,1.452744963934382577e+04
695.8377008859716,1.449863486319967342e+04
695.9119932631442,1.442419669149394394e+04
695.9862772860863,1.439418129967711866e+04
696.06048026933,1.434015359440683096e+04
696.134771767185,1.428012281077317857e+04
696.2090548898484,1.419367848234071971e+04
696.2833296268801,1.418767540397735502e+04
696.3575523255896,1.418527417263200914e+04
696.4318151008928,1.407961999343678144e+04
696.5060403540568,1.403519721354787907e+04
696.58033480532,1.399797812769501434e+04
696.6545965750922,1.394875288511541839e+04
696.7288256373972,1.390673133657186190e+04
696.8030899410923,1.387791656042770956e+04
696.8773263707111,1.389952764253582427e+04
696.9516029071826,1.381908639246673010e+04
697.0258758450395,1.372303713865288773e+04
697.1000868630892,1.379147223199525070e+04
697.1743865928445,1.370022544087209826e+04
697.248609793035,1.358856818331350587e+04
697.3228682493078,1.361137988109429352e+04
697.3970987519848,1.358856818331350587e+04
697.4713645187727,1.347931215710025936e+04
697.5456023130668,1.352373493698916172e+04
697.6198072452165,1.341327829510324227e+04
697.6941009834452,1.340607460106720282e+04
697.7683131711979,1.337245736223235872e+04
697.8425898466292,1.333403766070682104e+04
697.9168092738975,1.328241118678187922e+04
697.9910201305657,1.325839887332841863e+04
698.0653003733468,1.324399148525634337e+04
698.1395184438109,1.316715208220526802e+04
698.2138010478819,1.315274469413319093e+04
698.2880311962213,1.312633114933438446e+04
698.3622527442063,1.313833730606111567e+04
698.4364656813189,1.306990221271875089e+04
698.510738305446,1.297985603726827321e+04
698.5849584048053,1.301107204475777144e+04
698.6591698720874,1.295224187679679380e+04
698.7334703424422,1.293063079468867909e+04
698.8076889513259,1.295224187679679380e+04
698.8818989069066,1.288740863047244784e+04
698.9561050840433,1.291862463796194788e+04
699.030322134609,1.286339631701898725e+04
699.1046038227042,1.277935321993187426e+04
699.1788328602486,1.277094891022316369e+04
699.2530532146016,1.279376060800395135e+04
699.3272599846256,1.273012797735228014e+04
699.4014873980228,1.265208795862853185e+04
699.4757061069474,1.267970211910001126e+04
699.5499161008405,1.271451997360753012e+04
699.6241418428359,1.258845532797686064e+04
699.6983588590565,1.267369904073664657e+04
699.7726405911895,1.256444301452340005e+04
699.8468646290141,1.258605409663151477e+04
699.9210848186354,1.251521777194380593e+04
699.9952913527262,1.253682885405192064e+04
700.0695185244031,1.246719314503688292e+04
700.1437320277023,1.242156974947530762e+04
700.2179661702849,1.241316543976659705e+04
700.2921670152689,1.240235989871253878e+04
700.3663345364773,1.243357590620203882e+04
700.4405423002715,1.236153896584165523e+04
700.5147657911945,1.233152357402482994e+04
700.5889804729994,1.230751126057136935e+04
700.6632108815323,1.227749586875454224e+04
700.7374324701444,1.227149279039117755e+04
700.81164522823,1.226669032770048580e+04
700.8858540575908,1.220906077541217928e+04
700.9600736910871,1.217184168955931455e+04
701.034240242214,1.215863491715991040e+04
701.1084716450022,1.216703922686862279e+04
701.1826646876575,1.217064107388664161e+04
701.2569029402329,1.211661336861635391e+04
701.3311077280009,1.212021521563437454e+04
701.4052790247227,1.209860413352625983e+04
701.4794906151762,1.204817827527399095e+04
701.5537179110803,1.198574626029499268e+04
701.6278673838922,1.200255487971241564e+04
701.7020768472739,1.194492532742410913e+04
701.776302010223,1.195453025280549446e+04
701.8505182480137,1.193652101771539856e+04
701.9246812071539,1.197013825655024266e+04
701.9989091214585,1.186328346168234202e+04
702.0730492261018,1.192331424531599441e+04
702.147283874415,1.188729577513580261e+04
702.2215095672381,1.183566930121086261e+04
702.2956523110257,1.184287299524690025e+04
702.3698847114229,1.179845021535799788e+04
702.4440341206173,1.172281142797959728e+04
702.5182485406029,1.176003051383246020e+04
702.5924786440079,1.172761389067028904e+04
702.6666306251165,1.171440711827088489e+04
702.7408427059752,1.171320650259821196e+04
702.8150013114393,1.171920958096157665e+04
702.8892200349155,1.165077448761921369e+04
702.9633852532902,1.166998433838198252e+04
703.0375414112833,1.157993816293150485e+04
703.1117577094595,1.162916340551109897e+04
703.1859204527385,1.164837325627386781e+04
703.2601235714659,1.154271907707864011e+04
703.3342928843769,1.151750614795250658e+04
703.4085025826428,1.157633631591348603e+04
703.482658658175,1.150790122257112125e+04
703.5568254210807,1.148148767777231478e+04
703.6310325789715,1.145267290162816244e+04
703.7052108243134,1.145987659566420007e+04
703.7793551808122,1.145147228595548950e+04
703.8535845204474,1.148388890911766066e+04
703.9277353723147,1.136622857319570176e+04
704.0019018493869,1.138543842395847059e+04
704.0760542132163,1.140945073741193301e+04
704.1502767406283,1.137103103588639533e+04
704.2244157321018,1.130859902090739706e+04
704.2985752975638,1.133621318137887647e+04
704.3727455222629,1.131820394628878057e+04
704.4469065581811,1.125457131563710936e+04
704.5211080295742,1.126777808803651351e+04
704.5952804534251,1.125457131563710936e+04
704.6694387032167,1.119213930065811110e+04
704.7435926983363,1.125217008429176349e+04
704.8177573342106,1.123055900218364877e+04
704.891917706452,1.115492021480524636e+04
704.9660688376695,1.118373499094940053e+04
705.0402107171044,1.118853745364009228e+04
705.114442771257,1.110449435655297930e+04
705.1885910002947,1.117653129691336107e+04
705.2627548254902,1.114051282673317110e+04
705.3369093767561,1.108048204309951871e+04
705.4110795235591,1.104446357291932691e+04
705.485220476971,1.108048204309951871e+04
705.5593969294841,1.101204694975715393e+04
705.6335441691415,1.105406849830071042e+04
705.7077020144703,1.103605926321061634e+04
705.7818057106044,1.094721370343280978e+04
705.8559498827009,1.099884017735775160e+04
705.9301096345012,1.101204694975715393e+04
706.0042849709166,1.095441739746884923e+04
706.0784260421825,1.097482786390429101e+04
706.1525826869397,1.097002540121359743e+04
706.2267549100956,1.089318599816252390e+04
706.3008928304606,1.091959954296133037e+04
706.3750014111765,1.098443278928567452e+04
706.4491704615375,1.089198538248985096e+04
706.5233051714449,1.086797306903639037e+04
706.5974853991634,1.091599769594331156e+04
706.6716262730434,1.084516137125560090e+04
706.745737753195,1.088358107278113857e+04
706.8198897594285,1.082355028914748618e+04
706.8940323424436,1.081274474809342973e+04
706.9681405012132,1.082114905780214031e+04
707.0422891955021,1.084876321827362153e+04
707.1164534452462,1.082835275183817976e+04
707.19055823756,1.081754721078412149e+04
707.2647035748213,1.080674166973006504e+04
707.3388694645195,1.082595152049283388e+04
707.4129708410553,1.077912750925858381e+04
707.4871177773351,1.079353489733066090e+04
707.5612752521206,1.078392997194927739e+04
707.6353781699282,1.078152874060392969e+04
707.7095466962406,1.079593612867600677e+04
707.7836305801062,1.073230349802433557e+04
707.857775071609,1.073830657638770026e+04
707.9318899937977,1.075871704282314204e+04
708.0060455013667,1.075991765849581498e+04
708.080146353211,1.072269857264295206e+04
708.1543078510902,1.078513058762195033e+04
708.2283845678539,1.066987148304533730e+04
708.3025520377458,1.073950719206037320e+04
708.3766397017445,1.073830657638770026e+04
708.4508131326904,1.072870165100631675e+04
708.5249067170731,1.067107209871801024e+04
708.5989906956581,1.072750103533364381e+04
708.673160478897,1.067707517708137493e+04
708.7472503492967,1.067467394573602905e+04
708.8213557131089,1.070949180024354791e+04
708.8955017018351,1.066626963602731848e+04
708.9696129404151,1.068427887111741438e+04
709.0436944296144,1.066506902035464555e+04
709.1178618009762,1.065906594199128085e+04
709.1919440994113,1.067107209871801024e+04
709.266041878377,1.065186224795524140e+04
709.3401601743607,1.063505362853781844e+04
709.4143140934323,1.064585916959187671e+04
709.4884130457813,1.062544870315643493e+04
709.5625023052012,1.059063084864891607e+04
709.6366020041326,1.062905055017445375e+04
709.71069703359,1.058943023297624313e+04
709.7848579170291,1.057742407624951375e+04
709.8589587159314,1.060383762104832022e+04
709.9330497882937,1.059663392701228258e+04
710.0071361642808,1.048977913214438013e+04
710.0812329625695,1.056301668817743666e+04
710.1553452280508,1.061224193075703079e+04
710.2294275672397,1.057502284490416605e+04
710.3035203190468,1.053300129636060956e+04
710.3776335778801,1.057742407624951375e+04
710.4517320198205,1.050058467319843840e+04
710.5258257276931,1.051619267694318842e+04
710.599909644176,1.053540252770595725e+04
710.6740090111854,1.048497666945368837e+04
710.7480985754111,1.053300129636060956e+04
710.8222035892967,1.051139021425249484e+04
710.8962987889969,1.045856312465488190e+04
710.9704094374856,1.051979452396120723e+04
711.0444849811654,1.045856312465488190e+04
711.1186012467011,1.044535635225547776e+04
711.1926874434225,1.046936866570893835e+04
711.2667840197356,1.047657235974497780e+04
711.3408251965476,1.043214957985607543e+04
711.4149070955419,1.048857851647170719e+04
711.4890246751831,1.042014342312934423e+04
711.5631121310784,1.042254465447469011e+04
711.6372150180558,1.040933788207528778e+04
711.7112320343467,1.042974834851072956e+04
711.7853404449295,1.039613110967588364e+04
711.8594389533098,1.039853234102122951e+04
711.9335275484821,1.039613110967588364e+04
712.0075605935059,1.035290894545965421e+04
712.0816546727544,1.037572064324044186e+04
712.1557641746032,1.031809109095213535e+04
712.2297927223119,1.029047693048065594e+04
712.3038823260575,1.033850155738757712e+04
712.377992420552,1.037211879622242304e+04
712.4520164203059,1.031689047527946241e+04
712.5261268825731,1.030608493422540596e+04
712.6001562828156,1.032409416931550004e+04
712.6742518579922,1.030008185586203945e+04
712.7483628435643,1.030488431855273302e+04
712.8223876211747,1.029047693048065594e+04
712.8964785986809,1.026046153866382883e+04
712.9705138140855,1.027126707971788710e+04
713.0446101673241,1.026766523269986828e+04
713.1186507279195,1.027486892673590592e+04
713.19275244439,1.022924553117433061e+04
713.2667983376626,1.018242151994008236e+04
713.3408290765726,1.022324245281096591e+04
713.4149057221886,1.019202644532146587e+04
713.4889468476811,1.018722398263077412e+04
713.5630542605719,1.019682890801215763e+04
713.6370752139885,1.021723937444759940e+04
713.71111152602,1.012599258332444879e+04
713.7852141503761,1.021363752742958059e+04
713.8592557248019,1.018842459830344706e+04
713.93328717658,1.013799874005117999e+04
714.0073900636712,1.020283198637552414e+04
714.0814267494405,1.013679812437850524e+04
714.1554583900697,1.013199566168781348e+04
714.2295512937391,1.015720859081394701e+04
714.3035881409775,1.009957903852564232e+04
714.3776148223176,1.009597719150762350e+04
714.451651744311,1.011758827361573822e+04
714.5256835921462,1.008877349747158405e+04
714.5997818492889,1.012119012063375703e+04
714.6738188625989,1.013439689303315936e+04
714.7478712188952,1.004795256460070050e+04
714.8218929356141,1.010198026987098820e+04
714.8959248750398,1.009477657583494874e+04
714.9699721505816,1.008036918776287348e+04
715.044014315487,1.003834763921931699e+04
715.1180411339378,1.009477657583494874e+04
715.1920883966163,1.008156980343554642e+04
715.2661714596333,1.011638765794306346e+04
715.3402238179556,1.006836303103614227e+04
715.4142403295658,1.006235995267277758e+04
715.488267040557,1.010077965419831526e+04
715.5623141930947,1.002394025114723991e+04
715.6363510669913,1.002514086681991284e+04
715.7103315493897,1.004315010191000874e+04
715.784373440411,1.006476118401812346e+04
715.8584050299637,9.980718086931010475e+03
715.932426306901,1.005875810565475877e+04
716.0064680199878,1.005875810565475877e+04
716.080494283165,1.004074887056466287e+04
716.1545409835085,1.008156980343554642e+04
716.2285722201125,1.002994332951060460e+04
716.3025469314863,1.004435071758268168e+04
716.3765882447348,1.002394025114723991e+04
716.4506192011959,9.973514392894972843e+03
716.5246654600803,1.004555133325535462e+04
716.5987013504475,9.996326090675760497e+03
716.6726754991479,1.002273963547456697e+04
716.7467162946405,9.996326090675760497e+03
716.8207466986998,1.005275502729139225e+04
716.8947667001454,1.002033840412922109e+04
716.9687557260248,1.002394025114723991e+04
717.0427805919613,1.002033840412922109e+04
717.116825887731,9.974715008567645782e+03
717.1908093232216,1.005275502729139225e+04
717.2648286044712,9.979517471258337537e+03
717.3388168541977,9.986721165294375169e+03
717.4128461038251,1.005515625863673995e+04
717.4868906346427,9.978316855585664598e+03
717.5608474726536,1.002033840412922109e+04
717.6348968087937,1.003594640787397111e+04
717.7088584084709,9.945900232423491616e+03
717.7828867763504,9.931492844351416352e+03
717.8568840385082,9.979517471258337537e+03
717.9309171761972,9.995125475003087558e+03
718.0048882559898,9.993924859330414620e+03
718.0789313004857,9.978316855585664598e+03
718.1528864689565,9.978316855585664598e+03
718.2268775063203,9.980718086931010475e+03
718.300914749167,9.966310698858933392e+03
718.3748898482226,9.943499001078145739e+03
718.4489059941204,9.991523627985066923e+03
718.5228857662477,9.972313777222299905e+03
718.5968549564894,9.986721165294375169e+03
718.6708910267723,1.001673655711120227e+04
718.7448648651658,9.983119318276356353e+03
718.8188539335962,9.936295307042108107e+03
718.8928117241455,1.000713163172981695e+04
718.9668571028507,9.984319933949029291e+03
719.040845353585,9.960307620495568699e+03
719.1148178064504,9.927890997333395717e+03
719.1887847916446,9.926690381660722778e+03
719.2628187285492,9.965110083186260454e+03
719.3367851179871,9.918286071952012207e+03
719.4107718973806,9.949502079441510432e+03
719.4847480151196,9.957906389150222822e+03
719.55871345993,9.948301463768837493e+03
719.6326941140954,9.908681146570628698e+03
719.7066692631995,9.973514392894972843e+03
719.780706250103,9.917085456279339269e+03
719.8546807424774,9.939897154060126923e+03
719.9286497097812,9.889471295807859860e+03
720.0026286960333,9.925489765988049840e+03
720.0766021474149,9.932693460024089291e+03
720.1505856143327,9.929091613006068656e+03
720.2245376004026,9.890671911480532799e+03
720.298530717732,9.931492844351416352e+03
720.3725079039693,9.925489765988049840e+03
720.446479525475,9.891872527153205738e+03
720.5204403826414,9.927890997333395717e+03
720.5943696939084,9.857054672645686878e+03
720.6683349523433,9.847449747264303369e+03
720.7423153966341,9.920687303297358085e+03
720.816285052651,9.839045437555590979e+03
720.890249105901,9.854653441300341001e+03
720.9642231419422,9.855854056973013940e+03
721.0382175601698,9.864258366681724510e+03
721.1121179678518,9.870261445045091023e+03
721.1860907374653,9.869060829372418084e+03
721.2600786851124,9.809030045738765693e+03
721.334050596095,9.813832508429457448e+03
721.4079648215145,9.771810959885900957e+03
721.4819202230957,9.831841743519553347e+03
721.5559168215076,9.830641127846880408e+03
721.6298296575088,9.746598030759767425e+03
721.7038045147077,9.817434355447476264e+03
721.777768491748,9.833042359192226286e+03
721.8516746809869,9.761005418831842690e+03
721.9256689717006,9.841446668900936857e+03
721.9996263053706,9.783817116612632162e+03
722.0735518685187,9.736993105378382097e+03
722.1475134315792,9.704576482216210934e+03
722.221443203523,9.684166015780769158e+03
722.2954141996532,9.735792489705709158e+03
722.369322077151,9.716582638942940321e+03
722.4432972736668,9.688968478471460912e+03
722.5172093181159,9.723786332978979772e+03
722.5911887015628,9.736993105378382097e+03
722.665104899496,9.672159859054037952e+03
722.7390623388185,9.728588795669671526e+03
722.8129878959985,9.654150623963942053e+03
722.8869756086152,9.649348161273250298e+03
722.9608791618889,9.656551855309287930e+03
723.0347925998112,9.678162937417402645e+03
723.1087786701618,9.639743235891866789e+03
723.1826700550422,9.638542620219193850e+03
723.2565817737539,9.621734000801770890e+03
723.3305609227724,9.603724765711674991e+03
723.4044767103132,9.651749392618596175e+03
723.4783814349788,9.540092135060003784e+03
723.5523797909511,9.633740157528500276e+03
723.6262885587613,9.596521071675637359e+03
723.7001862401456,9.578511836585541459e+03
723.7741042546204,9.568906911204156131e+03
723.8480321309023,9.560502601495445560e+03
723.9220013141903,9.558101370150099683e+03
723.9959122328532,9.567706295531483192e+03
724.0698330025856,9.510076743243176679e+03
724.1437478932739,9.547295829096041416e+03
724.2176516517817,9.534089056696639091e+03
724.2915652506016,9.535289672369312029e+03
724.3654729499798,9.483663198444370209e+03
724.4393957341822,9.495669355171101415e+03
724.51330736185,9.496869970843774354e+03
724.587207821535,9.502873049207139047e+03
724.6611286098097,9.490866892480407842e+03
724.7350592296857,9.464453347681601372e+03
724.80895240124,9.439240418555467841e+03
724.882865897012,9.432036724519430209e+03
724.9567892135801,9.502873049207139047e+03
725.0307013255602,9.468055194699620188e+03
725.1046074792529,9.444042881246159595e+03
725.1785287017594,9.441641649900813718e+03
725.2524334382222,9.410425642411315494e+03
725.326358500832,9.393617022993892533e+03
725.4002723250796,9.432036724519430209e+03
725.4741222682113,9.369604709540431941e+03
725.5480398915687,9.402021332702603104e+03
725.6219462528422,9.422431799138044880e+03
725.6958676722687,9.339589317723604836e+03
725.769783084779,9.404422564047948981e+03
725.8436292602167,9.409225026738642555e+03
725.9175431603215,9.323981313978854814e+03
725.9914510329734,9.374407172231123695e+03
726.0653686850188,9.361200399831719551e+03
726.1392275716657,9.379209634921815450e+03
726.2131278556831,9.328783776669548388e+03
726.2870379081896,9.321580082633508937e+03
726.3608891425325,9.355197321468354858e+03
726.4348081680206,9.296367153507375406e+03
726.50866306773,9.315577004270144243e+03
726.5825857784921,9.343191164741623652e+03
726.6564232085193,9.287962843798664835e+03
726.730349586392,9.256746836309164792e+03
726.8042645953695,9.308373310234106611e+03
726.8781153887404,9.263950530345204243e+03
726.9520393221525,9.223129597474320690e+03
727.0258672943038,9.275956687071933629e+03
727.0997948515045,9.235135754201050077e+03
727.1736528398144,9.261549298999856546e+03
727.2475046789152,9.221928981801647751e+03
727.3214244199837,9.214725287765608300e+03
727.3952533686669,9.242339448237089528e+03
727.4691766890326,9.183509280276110076e+03
727.5430356383624,9.165500045186014177e+03
727.6168831154938,9.213524672092935361e+03
727.6907985389481,9.130682190678495317e+03
727.7646495352022,9.093463104825630580e+03
727.838494332822,9.195515437002839462e+03
727.9123488191613,9.135484653369187072e+03
727.986271291593,9.159496966822649483e+03
728.0601080662049,9.103068030207015909e+03
728.1339810274446,9.111472339915726479e+03
728.2078212555151,9.095864336170978277e+03
728.2817295008361,9.037034168209998825e+03
728.3555996998778,9.093463104825630580e+03
728.429453049297,9.061046481663459417e+03
728.5033054557948,9.031031089846632312e+03
728.577140989502,9.095864336170978277e+03
728.6509914915385,9.002216313702479965e+03
728.7248569664563,9.051441556282074089e+03
728.7987108614303,9.034632936864652947e+03
728.872558477417,8.950589839777539964e+03
728.9464688832253,8.963796612176942290e+03
729.0203145595359,8.960194765158923474e+03
729.0941805149681,8.912170138252002289e+03
729.1680295392798,8.972200921885654679e+03
729.2418722535059,8.946987992759519329e+03
729.3156767351837,8.872549821053791675e+03
729.3895227579071,8.939784298723481697e+03
729.4633837365335,8.862944895672406346e+03
729.5372330643772,8.858142432981714592e+03
729.6110920231105,8.831728888182908122e+03
729.6849499652391,8.837731966546272815e+03
729.7587909091665,8.871349205381118736e+03
729.832646799371,8.838932582218945754e+03
729.9064377258716,8.832929503855581061e+03
729.9802755476569,8.874951052399137552e+03
730.0541496290818,8.808917190402120468e+03
730.1279906863275,8.804114727711428714e+03
730.2018413503896,8.747685791095795139e+03
730.2756322932343,8.759691947822524526e+03
730.3494914925877,8.757290716477178648e+03
730.4233389576001,8.674448235062738604e+03
730.497121314011,8.700861779861546893e+03
730.5709933006522,8.663642694008682156e+03
730.6448321837362,8.649235305936605073e+03
730.7186379386568,8.664843309681355095e+03
730.7924799682986,8.598809447684338011e+03
730.8662835069548,8.600010063357010949e+03
730.940128667791,8.574797134230877418e+03
731.0139673771906,8.547182973759396191e+03
731.0877622124666,8.557988514813454458e+03
731.1616307539186,8.526772507323954414e+03
731.2354072830598,8.493155268489110313e+03
731.3092735761231,8.497957731179802067e+03
731.3830531589755,8.445130641582187309e+03
731.4569011330443,8.479948496089706168e+03
731.5307105078027,8.454735566963572637e+03
731.6044812553652,8.407911555729322572e+03
731.6783471861277,8.411513402747343207e+03
731.7521477148499,8.395905399002593185e+03
731.8259899112759,8.339476462386959611e+03
731.899766660658,8.362288160167747264e+03
731.9735636445379,8.257834596645192505e+03
732.0473701527895,8.302257376534094874e+03
732.1212183467612,8.287849988462019610e+03
732.195006386356,8.211010585410944259e+03
732.2688093011474,8.255433365299846628e+03
732.3426485486638,8.262637059335886079e+03
732.4164544099781,8.159384111486003349e+03
732.4902214949792,8.196603197338867176e+03
732.5640302732379,8.203806891374906627e+03
732.6378270896475,8.168989036867387767e+03
732.7116656191168,8.149779186104618930e+03
732.7854653361854,8.146177339086600114e+03
732.8592530670325,8.146177339086600114e+03
732.9330341718326,8.095751480834332142e+03
733.0068247610646,8.065736089017505947e+03
733.0806302100424,8.065736089017505947e+03
733.1544290226378,8.038121928546025629e+03
733.2282104378809,8.017711462110584762e+03
733.3020120820065,8.015310230765237975e+03
733.3758016923423,7.982893607603065902e+03
733.4495738776542,7.999702227020488863e+03
733.5233662868974,7.987696070293758567e+03
733.5971735461529,7.927665286660106176e+03
733.6709687462483,7.956480062804259433e+03
733.7447518754218,7.895248663497934103e+03
733.818549846392,7.888044969461895562e+03
733.8923357337387,7.890446200807241439e+03
733.9660610421337,7.850825883609031735e+03
734.039849657903,7.802801256702109640e+03
734.113653111708,7.785992637284686680e+03
734.1874498467755,7.810004950738148182e+03
734.2612290717857,7.790795099975379344e+03
734.3349476318791,7.741569857395784311e+03
734.4087618993168,7.791995715648052283e+03
734.4825316665394,7.725961853651035199e+03
734.5563216510071,7.694745846161536065e+03
734.6300724954872,7.713955696924303993e+03
734.7038651403906,7.656326144635998389e+03
734.7776456166251,7.671934148380747502e+03
734.8513869120628,7.676736611071440166e+03
734.9251700158896,7.614304596092441898e+03
734.99889230638,7.633514446855210736e+03
735.0727050353661,7.573483663221558345e+03
735.1464785471829,7.555474428131462446e+03
735.220218219237,7.538665808714040395e+03
735.2939943121419,7.517054726605924770e+03
735.367736543824,7.523057804969290373e+03
735.4415206118363,7.523057804969290373e+03
735.5152599796714,7.491841797479791239e+03
735.5890466014831,7.535063961696020669e+03
735.662766849309,7.455823327299600351e+03
735.7365830712438,7.472631946717022402e+03
735.8103058246913,7.441415939227523268e+03
735.8840433540496,7.447419017590888870e+03
735.957822745456,7.425807935482774155e+03
736.0315681756952,7.402996237701986502e+03
736.1052958754302,7.407798700392678256e+03
736.1790654451154,7.371780230212487368e+03
736.252801015933,7.347767916759025866e+03
736.326545937147,7.351369763777045591e+03
736.4003381699183,7.350169148104371743e+03
736.4740584115469,7.322554987632892335e+03
736.5477988397872,7.323755603305565273e+03
736.6215269056551,7.317752524942199670e+03
736.6952425972906,7.280533439089335843e+03
736.7690544685436,7.257721741308548189e+03
736.8427725447069,7.207295883056280218e+03
736.9165053742005,7.190487263638857257e+03
736.9902258037228,7.228906965164394933e+03
737.0639609845649,7.165274334512723726e+03
737.137689186275,7.172478028548761358e+03
737.2114267046566,7.172478028548761358e+03
737.2851517972983,7.159271256149358123e+03
737.358897074205,7.117249707605801632e+03
737.4326244765816,7.080030621752937805e+03
737.5063448675909,7.093237394152341039e+03
737.5800799995792,7.069225080698879538e+03
737.6538026703106,7.053617076954130425e+03
737.7275346375662,7.046413382918091884e+03
737.8012595719805,7.030805379173342772e+03
737.8749992432967,7.053617076954130425e+03
737.9487264275168,7.000789987356516576e+03
738.022468346593,6.982780752266420677e+03
738.0961977656417,6.939558588050191247e+03
738.169865632222,6.974376442557709197e+03
738.2435972558687,6.981580136593747739e+03
738.3173218057595,6.859117337981097080e+03
738.3910556298822,6.881929035761885643e+03
738.4647823694751,6.898737655179307694e+03
738.5384638351453,6.847111181254366784e+03
738.612192738524,6.889132729797923275e+03
738.685909081362,6.861518569326443867e+03
738.7595855634423,6.832703793182290610e+03
738.8332985789483,6.807490864056156170e+03
738.9070317658445,6.799086554347445599e+03
738.9807032179243,6.794284091656752935e+03
739.0544385201678,6.753463158785869382e+03
739.1281065918952,6.733052692350427606e+03
739.2018439933116,6.763068084167253801e+03
739.2755687822585,6.687429296788852298e+03
739.3492317494262,6.713842841587658768e+03
739.4229859424029,6.670620677371429338e+03
739.4966509491076,6.632200975845892572e+03
739.5703798618135,6.649009595263314623e+03
739.6440468874771,6.603386199701739315e+03
739.7177778366447,6.582975733266297539e+03
739.791446866122,6.578173270575604874e+03
739.8651032005454,6.531349259341356628e+03
739.9388289543585,6.528948027996010751e+03
740.0125146409633,6.462914165998992758e+03
740.086187618405,6.503735098869876310e+03
740.1599026583724,6.456911087635628064e+03
740.2335830692062,6.494130173488491891e+03
740.3072452674804,6.460512934653646880e+03
740.3809769441689,6.436500621200186288e+03
740.4546465508478,6.404083998038014215e+03
740.5283253357537,6.364463680839803601e+03
740.6019968452496,6.365664296512476540e+03
740.6757323886792,6.332047057677631528e+03
740.7493783611862,6.316439053932881507e+03
740.8230664214437,6.320040900950901232e+03
740.8967416974003,6.300831050188132394e+03
740.9704041770528,6.282821815098036495e+03
741.0440813057113,6.255207654626556177e+03
741.1177456249695,6.225192262809729982e+03
741.1914740338814,6.202380565028942328e+03
741.265145682029,6.184371329938847339e+03
741.3387990020083,6.175967020230135859e+03
741.4124669600711,6.149553475431328479e+03
741.4861550585991,6.120738699287175223e+03
741.5598248114671,6.147152244085982602e+03
741.6334872037764,6.143550397067963786e+03
741.7070817125386,6.075115303725599915e+03
741.7807678621677,6.024689445473331944e+03
741.8544191228816,6.022288214127986066e+03
741.9281125335501,6.083519613434311395e+03
742.0017600242695,5.988670975293141055e+03
742.0754276444354,5.988670975293141055e+03
742.1491098938311,5.992272822311159871e+03
742.2227792320809,5.980266665584429575e+03
742.2963860567804,5.899825415515335408e+03
742.3700570824167,5.959856199148987798e+03
742.4437151716932,5.909430340896719827e+03
742.5173878791576,5.896223568497316592e+03
742.5909980073593,5.853001404281087162e+03
742.6646723713906,5.871010639371182151e+03
742.7383392893086,5.867408792353163335e+03
742.8119656461523,5.820584781118915089e+03
742.8856286765096,5.812180471410203609e+03
742.9592842387771,5.770158922866647117e+03
743.0328991982909,5.791770004974761832e+03
743.1065563576633,5.786967542284069168e+03
743.1801728901319,5.705325676542302972e+03
743.2538592524501,5.741344146722493861e+03
743.3274497210764,5.693319519815571766e+03
743.4011100282263,5.728137374323090626e+03
743.4747296601421,5.682513978761514409e+03
743.5483970465806,5.676510900398149715e+03
743.6220182060574,5.647696124253996459e+03
743.6956816000841,5.636890583199939101e+03
743.7692821427946,5.633288736181920285e+03
743.8429470520473,5.647696124253996459e+03
743.916576747615,5.586464724947671129e+03
743.990165669035,5.606875191383112906e+03
744.0638466591978,5.579261030911632588e+03
744.1374370340701,5.563653027166883476e+03
744.2110696595498,5.560051180148864660e+03
744.284716858413,5.532437019677384342e+03
744.3583232280512,5.551646870440153180e+03
744.4319496995879,5.544443176404114638e+03
744.5055574804348,5.468804389025713135e+03
744.5791520991629,5.466403157680367258e+03
744.6528444452033,5.478409314407097554e+03
744.7264460022811,5.479609930079770493e+03
744.8000565630955,5.431585303172848398e+03
744.8736594835683,5.417177915100772225e+03
744.9472714032472,5.377557597902561611e+03
745.0208756714717,5.402770527028696051e+03
745.094494486024,5.390764370301964846e+03
745.168100087441,5.384761291938600152e+03
745.2416924635781,5.363150209830485437e+03
745.3152993770332,5.349943437431081293e+03
745.3889152760675,5.329532970995640426e+03
745.4625290474098,5.315125582923563343e+03
745.5361240107667,5.315125582923563343e+03
745.609733506721,5.366752056848504253e+03
745.6833575395775,5.322329276959601884e+03
745.7569683059694,5.304320041869505985e+03
745.8305713563644,5.297116347833467444e+03
745.9041833730809,5.221477560455065941e+03
745.9777876626403,5.269502187361988035e+03
746.0514009139459,5.229881870163777421e+03
746.1249507566789,5.246690489581200382e+03
746.1985429433485,5.205869556710316829e+03
746.2721496486159,5.199866478346951226e+03
746.3457708767787,5.227480638818431544e+03
746.4193230608547,5.184258474602202114e+03
746.4929176060401,5.199866478346951226e+03
746.5665266650274,5.184258474602202114e+03
746.640066621393,5.151841851440029131e+03
746.7136768253059,5.156644314130721796e+03
746.7873015449047,5.118224612605184120e+03
746.8608348022583,5.107419071551126763e+03
746.934460649653,5.155443698458048857e+03
747.0080507927156,5.084607373770339109e+03
747.0815940434294,5.126628922313895600e+03
747.1552131827909,5.090610452133704712e+03
747.2287630801482,5.109820302896472640e+03
747.3023777208953,5.115823381259838243e+03
747.3759007391845,5.028178437154706444e+03
747.4495220280663,5.081005526752320293e+03
747.5230740040879,5.061795675989551455e+03
747.5966125121065,5.011369817737283483e+03
747.6702213915038,5.035382131190744076e+03
747.7437608993716,4.999363661010553187e+03
747.8173763904779,4.999363661010553187e+03
747.8909168833824,4.957342112466996696e+03
747.9644718416794,5.013771049082629361e+03
748.0380188872018,4.942934724394919613e+03
748.111630768237,4.960943959485015512e+03
748.1851787691317,4.934530414686209042e+03
748.2587356337701,4.928527336322843439e+03
748.3322845630789,4.915320563923440204e+03
748.405875958131,4.912919332578094327e+03
748.4794258064913,4.899712560178690183e+03
748.5529901125466,4.846885470581076333e+03
748.626540858474,4.918922410941459020e+03
748.7000780320159,4.834879313854346037e+03
748.7736296540094,4.844484239235730456e+03
748.8471676901079,4.851687933271768998e+03
748.920776260387,4.850487317599096059e+03
748.994315154041,4.828876235490980434e+03
749.0678741021718,4.800061459346828087e+03
749.1414138274398,4.785654071274751004e+03
749.2149736068789,4.770046067530001892e+03
749.2885141477188,4.754438063785251870e+03
749.362046665244,4.758039910803271596e+03
749.4355374512597,4.748434985421887177e+03
749.5090988297237,4.737629444367829819e+03
749.5826465568359,4.750836216767233054e+03
749.656175000463,4.696808511496946267e+03
749.7297234916311,4.686002970442888909e+03
749.803286415846,4.659589425644081530e+03
749.8768356615918,4.688404201788234786e+03
749.9503205982728,4.658388809971408591e+03
750.0238705670453,4.627172802481909457e+03
750.0974068314757,4.616367261427852100e+03
750.170963144645,4.622370339791217702e+03
750.2444438267519,4.594756179319737385e+03
750.318000832892,4.577947559902314424e+03
750.3915384788514,4.565941403175584128e+03
750.4650398530696,4.564740787502911189e+03
750.5385837931271,4.555135862121526770e+03
750.6121083437756,4.534725395686084994e+03
750.6855965835151,4.564740787502911189e+03
750.7591555782365,4.507111235214605585e+03
750.8326444278694,4.504710003869258799e+03
750.9061758589805,4.483098921761144084e+03
750.9796652967866,4.483098921761144084e+03
751.053225528571,4.466290302343722033e+03
751.1267211857668,4.454284145616991736e+03
751.2002538005404,4.462688455325702307e+03
751.2737443726544,4.417065059764127000e+03
751.347283196831,4.425469369472838480e+03
751.4207743095347,4.415864444091454061e+03
751.4942572105898,4.369040432857204905e+03
751.567805321994,4.385849052274627866e+03
751.641288735935,4.349830582094436068e+03
751.7147865207419,4.387049667947300804e+03
751.7883269399143,4.337824425367705771e+03
751.8618252198199,4.329420115658995201e+03
751.9353096018531,4.325818268640975475e+03
752.0087800736492,4.329420115658995201e+03
752.082349748397,4.282596104424746045e+03
752.1558206716313,4.300605339514841944e+03
752.2293059510168,4.283796720097418984e+03
752.3028112503567,4.269389332025342810e+03
752.3762686487676,4.242975787226535431e+03
752.4497687028702,4.277793641734054290e+03
752.5232604672466,4.238173324535843676e+03
752.5967892449822,4.228568399154459257e+03
752.6702814069297,4.206957317046344542e+03
752.74378792351,4.192549928974267459e+03
752.8172521255437,4.212960395409709236e+03
752.890753342267,4.174540693884172470e+03
752.9642462347487,4.172139462538825683e+03
753.0377251232514,4.140923455049326549e+03
753.111218354199,4.114509910250520079e+03
753.1846408387155,4.127716682649923314e+03
753.2581116847355,4.137321608031307733e+03
753.331591190779,4.097701290833097119e+03
753.4050850339123,4.091698212469731970e+03
753.4785648318334,4.116911141595865956e+03
753.552064642568,4.078491440070328736e+03
753.6254879218887,4.070087130361617255e+03
753.698987997613,4.026864966145387825e+03
753.7724683210844,4.053278510944194750e+03
753.845940242228,4.028065581818060764e+03
753.9193696482735,4.056880357962214021e+03
753.9928702112186,4.032868044508752973e+03
754.0663566760842,4.032868044508752973e+03
754.1397721577508,3.980040954911139124e+03
754.2132588199502,4.028065581818060764e+03
754.286731357841,3.992047111637869421e+03
754.3601613060175,4.008855731055292381e+03
754.433662469434,3.971636645202427644e+03
754.5070697940439,3.951226178766985868e+03
754.580571120139,3.958429872803024409e+03
754.6540013426822,3.946423716076294113e+03
754.7274800348059,3.954828025785005138e+03
754.8009103674891,3.926013249640852337e+03
754.8743891803196,3.928414480986198214e+03
754.9478196065738,3.895997857824026141e+03
755.0212985235391,3.899599704842045412e+03
755.0947347284628,3.921210786950160127e+03
755.1681567061893,3.883991701097295845e+03
755.2416500027333,3.876788007061257304e+03
755.3150720303312,3.849173846589777440e+03
755.3884798044081,3.841970152553739354e+03
755.4619874570354,3.845571999571758170e+03
755.535395250506,3.816757223427605368e+03
755.6088173113466,3.841970152553739354e+03
755.6822593542736,3.783139984592759902e+03
755.7557385217809,3.802349835355528739e+03
755.8291520013627,3.784340600265432840e+03
755.9025740310907,3.807152298046220949e+03
755.9760160417866,3.810754145064240220e+03
756.0494380281855,3.801149219682855801e+03
756.122851408895,3.783139984592759902e+03
756.196279048058,3.814355992082259036e+03
756.2697209498288,3.775936290556721815e+03
756.3431485156143,3.783139984592759902e+03
756.4166132278519,3.784340600265432840e+03
756.490046430767,3.778337521902067692e+03
756.563402310791,3.730312894995146053e+03
756.6368296685728,3.735115357685838262e+03
756.710271280547,3.766331365175337396e+03
756.7836985147853,3.694294424814954709e+03
756.8571170870929,3.712303659905050608e+03
756.9305441765948,3.715905506923069424e+03
757.0039625924522,3.695495040487627648e+03
757.0773895204559,3.658275954634763366e+03
757.1508077630942,3.681087652415551474e+03
757.2241829078598,3.659476570307436305e+03
757.2975952154935,3.672683342706839994e+03
757.3710274951507,3.671482727034167056e+03
757.4444453309834,3.621056868781899084e+03
757.5178200187852,3.633063025508629380e+03
757.5912376210018,3.607850096382495849e+03
757.664669455667,3.635464256853975712e+03
757.7380294018718,3.592242092637746282e+03
757.8114609832415,3.592242092637746282e+03
757.884883822762,3.619856253109226145e+03
757.9582576961611,3.569430394856958173e+03
758.0316745087733,3.577834704565669654e+03
758.1050538201592,3.544217465730824188e+03
758.1784703328954,3.569430394856958173e+03
758.2518205742088,3.561026085148247148e+03
758.3252712680576,3.543016850058151249e+03
758.3986211596865,3.541816234385478310e+03
758.4720370175761,3.515402689586671386e+03
758.545415305501,3.493791607478556671e+03
758.6187790176235,3.476982988061133710e+03
758.692185702744,3.498594070169248880e+03
758.7655490229096,3.509399611223306238e+03
758.8389841161411,3.469779294025095624e+03
758.9123470329839,3.522606383622709473e+03
758.985729896929,3.504597148532614028e+03
759.0590923834825,3.487788529115191523e+03
759.1324978677417,3.427757745481539132e+03
759.2058656754364,3.448168211916980908e+03
759.2792419009955,3.439763902208269428e+03
759.3526092466964,3.426557129808866193e+03
759.4259619360007,3.432560208172231341e+03
759.4993807137987,3.407347279046097356e+03
759.5727617631621,3.424155898463519861e+03
759.6461281405926,3.388137428283328518e+03
759.7194798334775,3.386936812610655579e+03
759.79284569346,3.389338043956001911e+03
759.8662199506782,3.376131271556598222e+03
759.9395910557283,3.349717726757791297e+03
760.0129416740881,3.342514032721753210e+03
760.0863064536592,3.356921420793829384e+03
760.1596565064068,3.343714648394426149e+03
760.2330264969562,3.313699256577599954e+03
760.3064048714377,3.305294946868888474e+03
760.3797685035091,3.326906028977003643e+03
760.4531231634235,3.286085096106120091e+03
760.5264341378603,3.313699256577599954e+03
760.5997823891312,3.259671551307313166e+03
760.6731505760081,3.288486327451465968e+03
760.7465329185825,3.286085096106120091e+03
760.8198946901349,3.266875245343351253e+03
760.893195347572,3.245264163235236538e+03
760.9665564561759,3.259671551307313166e+03
761.039908545017,3.216449387091083281e+03
761.1132805694576,3.233258006508506242e+03
761.186574038077,3.215248771418410342e+03
761.2599395757078,3.199640767673660775e+03
761.3332612942629,3.194838304982968566e+03
761.4066319227295,3.187634610946930479e+03
761.4799819030882,3.173227222874853851e+03
761.5532938204132,3.186433995274257541e+03
761.6266430583955,3.168424760184161642e+03
761.6999542102297,3.167224144511488703e+03
761.7733026886444,3.167224144511488703e+03
761.8466130577877,3.143211831058027656e+03
761.9199955907541,3.146813678076046926e+03
761.9932761350078,3.127603827313278089e+03
762.0665998139598,3.098789051169125287e+03
762.1399666484456,3.125202595967932211e+03
762.2132604654904,3.090384741460413807e+03
762.2866264890819,3.098789051169125287e+03
762.3599194586624,3.072375506370318362e+03
762.4332265236651,3.078378584733683510e+03
762.5065244315081,3.075977353388337178e+03
762.5798887714861,3.068773659352299092e+03
762.653209066283,3.030353957826761871e+03
762.726491103933,3.071174890697645424e+03
762.7998163192037,3.017147185427358181e+03
762.8731789131846,3.039958883208146290e+03
762.9464741276457,3.001539181682608614e+03
763.0197834275534,3.024350879463396723e+03
763.0930777014148,3.017147185427358181e+03
763.1663802334256,2.996736718991916405e+03
763.2396735482423,2.995536103319243466e+03
763.312980942364,2.984730562265186109e+03
763.3863024198473,2.978727483901820960e+03
763.4595855263992,2.975125636883801690e+03
763.5329060235777,2.961918864484398455e+03
763.6062114503713,2.945110245066975494e+03
763.6795017940418,2.949912707757667704e+03
763.7528120409493,2.941508398048956678e+03
763.8261013583818,2.937906551030937408e+03
763.8994105781957,2.900687465178073126e+03
763.9727280347157,2.904289312196092396e+03
764.0459486507003,2.912693621904803422e+03
764.1192708849686,2.906690543541438274e+03
764.1925721540134,2.895885002487380916e+03
764.265864123763,2.883878845760650620e+03
764.339170153393,2.862267763652535450e+03
764.4124025979912,2.882678230087977227e+03
764.4857075207827,2.862267763652535450e+03
764.5590265043799,2.858665916634516634e+03
764.6322718534416,2.851462222598478093e+03
764.7055663242454,2.835854218853728526e+03
764.7788689989354,2.851462222598478093e+03
764.8520979783581,2.809440674054921601e+03
764.9254053449329,2.805838827036902785e+03
764.9986623906358,2.819045599436306020e+03
765.0719685894694,2.774622819547403651e+03
765.1451951672625,2.784227744928787615e+03
765.2185001752471,2.790230823292153218e+03
765.2917606634498,2.789030207619479825e+03
765.3650586119669,2.790230823292153218e+03
765.438288577042,2.784227744928787615e+03
765.5115911575078,2.789030207619479825e+03
765.5848491670143,2.765017894166019232e+03
765.6580918875516,2.772221588202057319e+03
765.7313779407682,2.759014815802654084e+03
765.8046193790093,2.742206196385231124e+03
765.8778806952203,2.751811121766615543e+03
765.9511794972256,2.736203118021865976e+03
766.0244043117671,2.719394498604443470e+03
766.0976489972652,2.725397576967808618e+03
766.1709018207467,2.741005580712558185e+03
766.2441451689594,2.702585879187020964e+03
766.31745537396,2.749409890421269665e+03
766.3906973785047,2.709789573223059051e+03
766.4639240114803,2.727798808313154950e+03
766.5371587632285,2.718193882931770531e+03
766.610413388223,2.709789573223059051e+03
766.6836526256157,2.688178491114944336e+03
766.7569058583788,2.695382185150982423e+03
766.8301436890999,2.679774181406232856e+03
766.9033661049401,2.668968640352175498e+03
766.9766319183701,2.680974797078906249e+03
767.049858779082,2.664166177661483289e+03
767.1230937389751,2.673771103042867708e+03
767.196342684586,2.656962483625445202e+03
767.2695820718163,2.643755711226041512e+03
767.3427706741372,2.640153864208022696e+03
767.4160085761127,2.632950170171984155e+03
767.4892545691928,2.611339088063869440e+03
767.5624909794419,2.618542782099907981e+03
767.6357413679548,2.618542782099907981e+03
767.7089173321764,2.608937856718523562e+03
767.7821603029794,2.608937856718523562e+03
767.8553936664732,2.596931699991793266e+03
767.928641001735,2.578922464901697367e+03
768.001843330076,2.578922464901697367e+03
768.0750596156819,2.574120002211005158e+03
768.1482662604737,2.575320617883678096e+03
768.2215104680862,2.587326774610408847e+03
768.2947391311019,2.577721849229024428e+03
768.3679227171707,2.566916308174967071e+03
768.441155676817,2.557311382793582652e+03
768.5143376298478,2.556110767120909713e+03
768.5875985030231,2.544104610394178962e+03
768.6607551772538,2.560913229811601923e+03
768.7340085126597,2.530897837994775728e+03
768.8071930624363,2.551308304430217504e+03
768.8803619892306,2.518891681268045431e+03
768.9535980606818,2.517691065595372038e+03
769.0267948587721,2.511687987232006890e+03
769.0999760176759,2.530897837994775728e+03
769.1732302685929,2.503283677523295864e+03
769.2464097142773,2.504484293195968803e+03
769.3195794118245,2.526095375304083518e+03
769.3928163071785,2.503283677523295864e+03
769.4660079399233,2.512888602904679828e+03
769.5391838897698,2.498481214832603655e+03
769.6123796819868,2.487675673778546297e+03
769.6855538548153,2.485274442433199965e+03
769.7587182425186,2.490076905123892175e+03
769.8319202468393,2.462462744652412312e+03
769.9051421026546,2.493678752141911446e+03
769.97834824532,2.474468901379142608e+03
770.0515030831361,2.463663360325085250e+03
770.1247074085248,2.461262128979738918e+03
770.1978663329771,2.472067670033796730e+03
770.2710688242653,2.418039964763509488e+03
770.3442258887268,2.470867054361123337e+03
770.4173671736539,2.444453509562316412e+03
770.4905282854356,2.428845505817566846e+03
770.5637270444658,2.439651046871624203e+03
770.6369100189285,2.431246737162913178e+03
770.7100771958651,2.403632576691432860e+03
770.7832642087253,2.409635655054798463e+03
770.856459180459,2.388024572946683293e+03
770.9295551317979,2.392827035637375502e+03
771.0027481693259,2.368814722183914910e+03
771.0759313239301,2.382021494583318145e+03
771.1490926926053,2.352006102766491949e+03
771.2222144154819,2.358009181129857552e+03
771.2954094963922,2.365212875165895639e+03
771.368588721728,2.358009181129857552e+03
771.4417223223901,2.359209796802530491e+03
771.5148995537488,2.325592557967685025e+03
771.5880013670636,2.314787016913627667e+03
771.6612063537742,2.309984554222935458e+03
771.734306117772,2.303981475859570310e+03
771.8074852581613,2.295577166150859284e+03
771.8806127402132,2.318388863931646938e+03
771.953783876625,2.300379628841551494e+03
772.0269152446992,2.282370393751455595e+03
772.1000843158894,2.306382707204916642e+03
772.1732135949969,2.288373472114820743e+03
772.2463209463975,2.307583322877589580e+03
772.3195077548475,2.281169778078782656e+03
