X,Y
534.0101317591491,1.536000000000000000e+03
534.0858154923093,1.513000000000000000e+03
534.1614989393564,1.518000000000000000e+03
534.2371827188268,1.504000000000000000e+03
534.3128661652567,1.518000000000000000e+03
534.3885498975031,1.527000000000000000e+03
534.4642333068265,1.529000000000000000e+03
534.5399780450128,1.533000000000000000e+03
534.6156616266504,1.532000000000000000e+03
534.6913452579174,1.539000000000000000e+03
534.7670287009721,1.544000000000000000e+03
534.8427124042446,1.567000000000000000e+03
534.9183960727204,1.565000000000000000e+03
534.9940796114086,1.568000000000000000e+03
535.0697633832956,1.572000000000000000e+03
535.1454468067278,1.587000000000000000e+03
535.221130445245,1.576000000000000000e+03
535.2968750369992,1.590000000000000000e+03
535.3725585229043,1.579000000000000000e+03
535.4482421968496,1.608000000000000000e+03
535.5239257631308,1.588000000000000000e+03
535.5996092125818,1.610000000000000000e+03
535.6752931099272,1.608000000000000000e+03
535.7509765853897,1.612000000000000000e+03
535.8266602037646,1.610000000000000000e+03
535.9023439561084,1.607000000000000000e+03
535.9780275462002,1.623000000000000000e+03
536.0537112521963,1.625000000000000000e+03
536.1293944902684,1.620000000000000000e+03
536.2050778259976,1.625000000000000000e+03
536.2807615380117,1.629000000000000000e+03
536.3564450422236,1.641000000000000000e+03
536.4321289049296,1.642000000000000000e+03
536.5078125417075,1.644000000000000000e+03
536.5834959433245,1.653000000000000000e+03
536.6591796765483,1.655000000000000000e+03
536.7348634445389,1.662000000000000000e+03
536.8105466619603,1.664000000000000000e+03
536.8862301840559,1.658000000000000000e+03
536.9619140020544,1.686000000000000000e+03
537.0375978187705,1.679000000000000000e+03
537.1132201766717,1.678000000000000000e+03
537.188903946424,1.686000000000000000e+03
537.2645876878013,1.679000000000000000e+03
537.3402711030283,1.700000000000000000e+03
537.4159547604477,1.704000000000000000e+03
537.4916380734585,1.684000000000000000e+03
537.5673216107183,1.706000000000000000e+03
537.6430053634106,1.693000000000000000e+03
537.7186890335724,1.711000000000000000e+03
537.794372612133,1.712000000000000000e+03
537.8699953361421,1.706000000000000000e+03
537.9456783977836,1.723000000000000000e+03
538.021362208817,1.738000000000000000e+03
538.0970458922386,1.716000000000000000e+03
538.1727294389524,1.729000000000000000e+03
538.2484128398571,1.742000000000000000e+03
538.3240966654321,1.734000000000000000e+03
538.3997191638312,1.735000000000000000e+03
538.4754029256472,1.740000000000000000e+03
538.5510865056854,1.764000000000000000e+03
538.6267701849378,1.764000000000000000e+03
538.7024536643171,1.741000000000000000e+03
538.7780762657804,1.778000000000000000e+03
538.8537598816796,1.774000000000000000e+03
538.9294432706045,1.785000000000000000e+03
539.005127004456,1.767000000000000000e+03
539.0808107839589,1.786000000000000000e+03
539.1564332646709,1.785000000000000000e+03
539.2321165099562,1.802000000000000000e+03
539.3078003555032,1.795000000000000000e+03
539.3834842110005,1.805000000000000000e+03
539.4591060810683,1.823000000000000000e+03
539.534789912255,1.804000000000000000e+03
539.6104737265628,1.812000000000000000e+03
539.6861575150391,1.806000000000000000e+03
539.7617795040509,1.804000000000000000e+03
539.8374631966658,1.817000000000000000e+03
539.9131474195725,1.835000000000000000e+03
539.9888304147614,1.834000000000000000e+03
540.0644529633364,1.831000000000000000e+03
540.1401366658797,1.835000000000000000e+03
540.2158202799441,1.845000000000000000e+03
540.2914433701576,1.862000000000000000e+03
540.3671264713553,1.844000000000000000e+03
540.4428103331512,1.849000000000000000e+03
540.5184327171496,1.860000000000000000e+03
540.5941163044432,1.879000000000000000e+03
540.6697994572272,1.872000000000000000e+03
540.745421930671,1.865000000000000000e+03
540.821105632202,1.864000000000000000e+03
540.8967891647902,1.894000000000000000e+03
540.972411647952,1.876000000000000000e+03
541.0480956767028,1.878000000000000000e+03
541.1237186043711,1.885000000000000000e+03
541.1994019229727,1.887000000000000000e+03
541.2750859066534,1.902000000000000000e+03
541.3507078321152,1.889000000000000000e+03
541.4263919308671,1.919000000000000000e+03
541.5020139190151,1.919000000000000000e+03
541.5776975109101,1.935000000000000000e+03
541.6533817245662,1.929000000000000000e+03
541.7290037489801,1.928000000000000000e+03
541.8046871086901,1.940000000000000000e+03
541.8803102816472,1.928000000000000000e+03
541.9559936322438,1.965000000000000000e+03
542.0316161571506,1.954000000000000000e+03
542.1072997568957,1.962000000000000000e+03
542.182921891493,1.971000000000000000e+03
542.2586057052214,1.976000000000000000e+03
542.3342282960375,1.986000000000000000e+03
542.4099119945816,1.987000000000000000e+03
542.4855953364454,1.983000000000000000e+03
542.561218260454,1.989000000000000000e+03
542.636840481542,1.995000000000000000e+03
542.7125244321167,2.002000000000000000e+03
542.7881467096405,2.010000000000000000e+03
542.8638304387697,2.029000000000000000e+03
542.9394533270257,2.018000000000000000e+03
543.0151370941302,2.017000000000000000e+03
543.0907590839746,2.019000000000000000e+03
543.1664425585407,2.046000000000000000e+03
543.242065384064,2.042000000000000000e+03
543.3177488258447,2.048000000000000000e+03
543.3933712718681,2.043000000000000000e+03
543.4689940969562,2.060000000000000000e+03
543.5446775625552,2.033000000000000000e+03
543.6203002505497,2.050000000000000000e+03
543.6959835951617,2.059000000000000000e+03
543.7716067020338,2.060000000000000000e+03
543.8472292575915,2.081000000000000000e+03
543.9229124939819,2.061000000000000000e+03
543.9985348240249,2.088000000000000000e+03
544.0742187390317,2.086000000000000000e+03
544.1498414005029,2.082000000000000000e+03
544.2254643542844,2.088000000000000000e+03
544.3011471408596,2.109000000000000000e+03
544.3767703738934,2.084000000000000000e+03
544.4523923913528,2.105000000000000000e+03
544.5280757472427,2.115000000000000000e+03
544.6036988807289,2.126000000000000000e+03
544.67932136464,2.142000000000000000e+03
544.7550046185858,2.129000000000000000e+03
544.8306272767223,2.137000000000000000e+03
544.9062501489861,2.150000000000000000e+03
544.9819341128931,2.153000000000000000e+03
545.0575562162575,2.150000000000000000e+03
545.1331788045511,2.168000000000000000e+03
545.2088012749358,2.184000000000000000e+03
545.2844848696172,2.192000000000000000e+03
545.3601076895079,2.197000000000000000e+03
545.43572947281,2.198000000000000000e+03
545.5113525905954,2.197000000000000000e+03
545.5870365682862,2.196000000000000000e+03
545.6626587757235,2.212000000000000000e+03
545.7382811014886,2.204000000000000000e+03
545.8139032390501,2.227000000000000000e+03
545.8895266695137,2.239000000000000000e+03
545.9652101066034,2.244000000000000000e+03
546.0408325382961,2.210000000000000000e+03
546.1164550450122,2.235000000000000000e+03
546.192077618109,2.252000000000000000e+03
546.2676999505306,2.241000000000000000e+03
546.3433835225351,2.249000000000000000e+03
546.4190059610715,2.257000000000000000e+03
546.4946284312066,2.278000000000000000e+03
546.5702518204907,2.270000000000000000e+03
546.6458743280662,2.279000000000000000e+03
546.7214965423211,2.296000000000000000e+03
546.7971190523004,2.278000000000000000e+03
546.8728022616718,2.282000000000000000e+03
546.9484253544907,2.307000000000000000e+03
547.0240475207671,2.294000000000000000e+03
547.0996702476461,2.305000000000000000e+03
547.1752923293161,2.305000000000000000e+03
547.2509149545047,2.304000000000000000e+03
547.3265384145596,2.317000000000000000e+03
547.4021609036118,2.341000000000000000e+03
547.4777839108516,2.331000000000000000e+03
547.5534062287874,2.336000000000000000e+03
547.6290290477787,2.341000000000000000e+03
547.7046508596815,2.327000000000000000e+03
547.7802734553864,2.350000000000000000e+03
547.8558968268902,2.352000000000000000e+03
547.9315795108378,2.353000000000000000e+03
548.0072023238916,2.354000000000000000e+03
548.0828240851819,2.356000000000000000e+03
548.158446588061,2.359000000000000000e+03
548.2340698245029,2.366000000000000000e+03
548.309691681972,2.354000000000000000e+03
548.3852538097661,2.378000000000000000e+03
548.4608773760027,2.398000000000000000e+03
548.536499536407,2.400000000000000000e+03
548.612122388014,2.408000000000000000e+03
548.68774411642,2.371000000000000000e+03
548.7633662177788,2.395000000000000000e+03
548.8389892862256,2.425000000000000000e+03
548.9146127113272,2.387000000000000000e+03
548.9902349778101,2.431000000000000000e+03
549.0658578849419,2.427000000000000000e+03
549.141479313746,2.424000000000000000e+03
549.2171016675064,2.427000000000000000e+03
549.2927243349359,2.438000000000000000e+03
549.3683479112998,2.460000000000000000e+03
549.4439089921315,2.456000000000000000e+03
549.5195316276067,2.454000000000000000e+03
549.5951530325656,2.469000000000000000e+03
549.6707765209143,2.463000000000000000e+03
549.7463990635691,2.485000000000000000e+03
549.822021860376,2.475000000000000000e+03
549.8976433910192,2.485000000000000000e+03
549.9732061764616,2.504000000000000000e+03
550.0488287607203,2.504000000000000000e+03
550.1244497492662,2.501000000000000000e+03
550.200073370286,2.506000000000000000e+03
550.2756953781283,2.531000000000000000e+03
550.3512570028997,2.530000000000000000e+03
550.4268799800959,2.540000000000000000e+03
550.5025031350328,2.534000000000000000e+03
550.5781252467448,2.552000000000000000e+03
550.6537475186851,2.540000000000000000e+03
550.7293092818632,2.554000000000000000e+03
550.8049324390782,2.548000000000000000e+03
550.8805542142017,2.571000000000000000e+03
550.9561764188561,2.575000000000000000e+03
551.0317377103687,2.590000000000000000e+03
551.1073604289286,2.579000000000000000e+03
551.1829838560429,2.564000000000000000e+03
551.2585441676853,2.583000000000000000e+03
551.3341680585975,2.590000000000000000e+03
551.4097905052907,2.595000000000000000e+03
551.4853518873565,2.608000000000000000e+03
551.560975050709,2.598000000000000000e+03
551.6365964383417,2.608000000000000000e+03
551.7121588156307,2.601000000000000000e+03
551.7877808687301,2.622000000000000000e+03
551.8634032503246,2.653000000000000000e+03
551.9389644155551,2.607000000000000000e+03
552.0145871077875,2.639000000000000000e+03
552.0902104083716,2.626000000000000000e+03
552.1657724172139,2.643000000000000000e+03
552.2413941487546,2.668000000000000000e+03
552.316956367426,2.652000000000000000e+03
552.3925786297606,2.662000000000000000e+03
552.4682011532487,2.680000000000000000e+03
552.543762258061,2.666000000000000000e+03
552.6193849567069,2.663000000000000000e+03
552.6949464916294,2.672000000000000000e+03
552.7705696373582,2.664000000000000000e+03
552.8461297353178,2.691000000000000000e+03
552.9217529886566,2.690000000000000000e+03
552.9973749156402,2.711000000000000000e+03
553.0729370817561,2.700000000000000000e+03
553.1485590650714,2.709000000000000000e+03
553.2241215439628,2.706000000000000000e+03
553.2997438559906,2.712000000000000000e+03
553.3753047769433,2.717000000000000000e+03
553.4509270774954,2.729000000000000000e+03
553.5264900812087,2.746000000000000000e+03
553.6020510419006,2.724000000000000000e+03
553.6776737137039,2.727000000000000000e+03
553.7532348683754,2.747000000000000000e+03
553.8288577510665,2.748000000000000000e+03
553.9044187594093,2.747000000000000000e+03
553.9800418193971,2.753000000000000000e+03
554.0556029544349,2.743000000000000000e+03
554.1312261581751,2.767000000000000000e+03
554.2067873863363,2.756000000000000000e+03
554.2823483327697,2.765000000000000000e+03
554.3579713732983,2.784000000000000000e+03
554.4335326694874,2.786000000000000000e+03
554.5090936584586,2.799000000000000000e+03
554.584716767065,2.804000000000000000e+03
554.6602777478835,2.814000000000000000e+03
554.7359005576258,2.798000000000000000e+03
554.811461496489,2.815000000000000000e+03
554.887024240689,2.830000000000000000e+03
554.9626469921724,2.831000000000000000e+03
555.0382074888055,2.800000000000000000e+03
555.1137700749202,2.844000000000000000e+03
555.1893923838069,2.832000000000000000e+03
555.2649526697769,2.864000000000000000e+03
555.3405147131978,2.860000000000000000e+03
555.4160766561847,2.894000000000000000e+03
555.4916986616038,2.886000000000000000e+03
555.567260086001,2.881000000000000000e+03
555.6428216930904,2.884000000000000000e+03
555.7183828569865,2.911000000000000000e+03
555.7940062770506,2.897000000000000000e+03
555.8695671633445,2.915000000000000000e+03
555.9451294349751,2.937000000000000000e+03
556.0206899931026,2.924000000000000000e+03
556.0963125320252,2.925000000000000000e+03
556.1718746003635,2.925000000000000000e+03
556.2474361661959,2.940000000000000000e+03
556.3229975302373,2.930000000000000000e+03
556.3985586839551,2.952000000000000000e+03
556.474121786456,2.960000000000000000e+03
556.5497428952771,2.964000000000000000e+03
556.6253049329307,2.979000000000000000e+03
556.7008670368431,2.992000000000000000e+03
556.7764288887112,2.976000000000000000e+03
556.8519901698909,2.984000000000000000e+03
556.9275511817332,3.005000000000000000e+03
557.0031119156688,2.999000000000000000e+03
557.0787350511337,2.982000000000000000e+03
557.1542970830619,3.019000000000000000e+03
557.2298585018557,3.011000000000000000e+03
557.3054199198536,3.010000000000000000e+03
557.3809810180427,3.012000000000000000e+03
557.4565433416152,3.028000000000000000e+03
557.5321034639713,3.009000000000000000e+03
557.6076654170306,3.038000000000000000e+03
557.6832285719311,3.039000000000000000e+03
557.758789499279,3.032000000000000000e+03
557.8343497448333,3.035000000000000000e+03
557.9099117898252,3.061000000000000000e+03
557.9854734479619,3.043000000000000000e+03
558.0610343991784,3.049000000000000000e+03
558.136597126716,3.062000000000000000e+03
558.212159130897,3.062000000000000000e+03
558.2877188443963,3.061000000000000000e+03
558.3632818688957,3.061000000000000000e+03
558.4388425854064,3.056000000000000000e+03
558.514404727009,3.077000000000000000e+03
558.5899664144215,3.075000000000000000e+03
558.6655273268674,3.100000000000000000e+03
558.7410880798027,3.070000000000000000e+03
558.8166499139063,3.099000000000000000e+03
558.8922112599597,3.086000000000000000e+03
558.967713057182,3.108000000000000000e+03
559.0432733851013,3.123000000000000000e+03
559.1188350745749,3.119000000000000000e+03
559.1943962422328,3.107000000000000000e+03
559.2699587560661,3.125000000000000000e+03
559.3455204188144,3.115000000000000000e+03
559.4210818474133,3.136000000000000000e+03
559.4965813652148,3.150000000000000000e+03
559.5721432228186,3.139000000000000000e+03
559.6477045081621,3.170000000000000000e+03
559.7232670922535,3.170000000000000000e+03
559.7988272073811,3.165000000000000000e+03
559.8743904855485,3.179000000000000000e+03
559.9498901362008,3.200000000000000000e+03
560.0254518646021,3.177000000000000000e+03
560.101013283851,3.199000000000000000e+03
560.1765737578455,3.203000000000000000e+03
560.2520742676722,3.204000000000000000e+03
560.3276375176861,3.239000000000000000e+03
560.403197913604,3.232000000000000000e+03
560.4787595286434,3.253000000000000000e+03
560.5542610824292,3.239000000000000000e+03
560.6298210114372,3.249000000000000000e+03
560.7053824499653,3.252000000000000000e+03
560.7808837538506,3.270000000000000000e+03
560.8564453427125,3.280000000000000000e+03
560.9320065306349,3.284000000000000000e+03
561.0075071957364,3.289000000000000000e+03
561.083068484358,3.302000000000000000e+03
561.1586309213625,3.302000000000000000e+03
561.2341311877121,3.317000000000000000e+03
561.3096921017152,3.338000000000000000e+03
561.38525414016,3.339000000000000000e+03
561.4607536176175,3.349000000000000000e+03
561.5363159739327,3.345000000000000000e+03
561.611815719338,3.343000000000000000e+03
561.6873783611869,3.364000000000000000e+03
561.7629398798018,3.359000000000000000e+03
561.8384390275503,3.354000000000000000e+03
561.9140001503621,3.378000000000000000e+03
561.9895023263028,3.395000000000000000e+03
562.0650627048851,3.376000000000000000e+03
562.14056440411,3.383000000000000000e+03
562.216124320646,3.384000000000000000e+03
562.2916255096501,3.398000000000000000e+03
562.3671880931936,3.395000000000000000e+03
562.4426887392855,3.401000000000000000e+03
562.5182476319993,3.412000000000000000e+03
562.5937508658709,3.424000000000000000e+03
562.6693123627057,3.413000000000000000e+03
562.74481182221,3.417000000000000000e+03
562.8203758929451,3.401000000000000000e+03
562.8958747095527,3.434000000000000000e+03
562.9714349860473,3.427000000000000000e+03
563.0469362954447,3.435000000000000000e+03
563.122495911675,3.416000000000000000e+03
563.1979996843967,3.442000000000000000e+03
563.2735014976146,3.438000000000000000e+03
563.3490616404131,3.439000000000000000e+03
563.4245626960928,3.444000000000000000e+03
563.5001252712681,3.455000000000000000e+03
563.5756223602802,3.452000000000000000e+03
563.651123796897,3.467000000000000000e+03
563.7266867782757,3.480000000000000000e+03
563.8021841965968,3.503000000000000000e+03
563.8776859417937,3.470000000000000000e+03
563.9532460765673,3.469000000000000000e+03
564.028750113478,3.499000000000000000e+03
564.1042489134966,3.523000000000000000e+03
564.1798093070488,3.488000000000000000e+03
564.2553103495502,3.495000000000000000e+03
564.3308093096751,3.508000000000000000e+03
564.406309363184,3.500000000000000000e+03
564.4818710443967,3.534000000000000000e+03
564.5573732791687,3.533000000000000000e+03
564.6328733975147,3.541000000000000000e+03
564.7083745785875,3.541000000000000000e+03
564.7839342316926,3.563000000000000000e+03
564.8594343411578,3.588000000000000000e+03
564.9349354898865,3.564000000000000000e+03
565.0104344782485,3.601000000000000000e+03
565.0859376828606,3.565000000000000000e+03
565.1614993982859,3.563000000000000000e+03
565.2370014509892,3.583000000000000000e+03
565.3125013091181,3.585000000000000000e+03
565.3880021594653,3.597000000000000000e+03
565.4635007972533,3.591000000000000000e+03
565.539003609317,3.620000000000000000e+03
565.6145009933294,3.613000000000000000e+03
565.6900633380124,3.613000000000000000e+03
565.7655626510617,3.630000000000000000e+03
565.8410629091292,3.655000000000000000e+03
565.9165641049021,3.653000000000000000e+03
565.9920662310642,3.640000000000000000e+03
566.0675660759697,3.675000000000000000e+03
566.1430668349094,3.683000000000000000e+03
566.218565294519,3.697000000000000000e+03
566.2940678586797,3.724000000000000000e+03
566.3695681071296,3.740000000000000000e+03
566.4450692385612,3.762000000000000000e+03
566.5205680361734,3.801000000000000000e+03
566.5960709106712,3.764000000000000000e+03
566.6715682237672,3.761000000000000000e+03
566.7470728110585,3.769000000000000000e+03
566.8225718188038,3.796000000000000000e+03
566.8980716619694,3.765000000000000000e+03
566.9735723331842,3.785000000000000000e+03
567.0490738250725,3.797000000000000000e+03
567.124576130255,3.770000000000000000e+03
567.2000728070295,3.815000000000000000e+03
567.2755767149324,3.785000000000000000e+03
567.3510749762214,3.803000000000000000e+03
567.4265740178183,3.805000000000000000e+03
567.5020158617796,3.792000000000000000e+03
567.5775164263603,3.811000000000000000e+03
567.6530145267328,3.815000000000000000e+03
567.7285165992258,3.820000000000000000e+03
567.8040161909661,3.822000000000000000e+03
567.8795165168312,3.832000000000000000e+03
567.9550143436667,3.838000000000000000e+03
568.030454809503,3.821000000000000000e+03
568.1059572760166,3.841000000000000000e+03
568.1814572186239,3.814000000000000000e+03
568.2569578564685,3.815000000000000000e+03
568.3324591821038,3.847000000000000000e+03
568.4078998014397,3.843000000000000000e+03
568.4833960005236,3.853000000000000000e+03
568.5588993267824,3.848000000000000000e+03
568.6344000775514,3.846000000000000000e+03
568.7098400252225,3.831000000000000000e+03
568.7853420497555,3.824000000000000000e+03
568.8608382360627,3.830000000000000000e+03
568.9363415190523,3.842000000000000000e+03
569.0117774282729,3.840000000000000000e+03
569.0872819234564,3.855000000000000000e+03
569.1627805435954,3.844000000000000000e+03
569.2382214308882,3.866000000000000000e+03
569.3137212139475,3.860000000000000000e+03
569.3892215749459,3.864000000000000000e+03
569.4646608912675,3.859000000000000000e+03
569.540159125513,3.881000000000000000e+03
569.6156611580557,3.863000000000000000e+03
569.6910988288769,3.892000000000000000e+03
569.7666019324384,3.903000000000000000e+03
569.8420406248207,3.906000000000000000e+03
569.9175415212134,3.881000000000000000e+03
569.9929779552226,3.910000000000000000e+03
570.0684831086841,3.893000000000000000e+03
570.1439790128743,3.941000000000000000e+03
570.2194233829667,3.950000000000000000e+03
570.2949202456999,3.927000000000000000e+03
570.3703622784494,3.953000000000000000e+03
570.445860068619,3.971000000000000000e+03
570.5213029843966,3.953000000000000000e+03
570.5968016717245,3.985000000000000000e+03
570.6722421835592,3.972000000000000000e+03
570.7477417368721,4.004000000000000000e+03
570.8231798101211,4.010000000000000000e+03
570.8986801982124,4.011000000000000000e+03
570.9741190583125,4.038000000000000000e+03
571.0495615532302,4.019000000000000000e+03
571.1250598673524,4.047000000000000000e+03
571.2004998425258,4.050000000000000000e+03
571.2759989128315,4.060000000000000000e+03
571.3514395979222,4.083000000000000000e+03
571.4268806187823,4.059000000000000000e+03
571.502380758473,4.074000000000000000e+03
571.5778191764954,4.059000000000000000e+03
571.6533199952911,4.087000000000000000e+03
571.7287590443648,4.086000000000000000e+03
571.8041983893075,4.088000000000000000e+03
571.8797001612785,4.104000000000000000e+03
571.9551400914053,4.108000000000000000e+03
572.0305770222557,4.143000000000000000e+03
572.1060796776984,4.095000000000000000e+03
572.1815171452012,4.127000000000000000e+03
572.2569581356788,4.123000000000000000e+03
572.3323960927605,4.126000000000000000e+03
572.407896536331,4.127000000000000000e+03
572.4833382452001,4.166000000000000000e+03
572.5587768950401,4.155000000000000000e+03
572.6342157546687,4.154000000000000000e+03
572.7097171357055,4.128000000000000000e+03
572.7851564082451,4.157000000000000000e+03
572.860595867482,4.151000000000000000e+03
572.9360355057098,4.155000000000000000e+03
573.0114753152181,4.185000000000000000e+03
573.0869120040069,4.146000000000000000e+03
573.1624145499371,4.143000000000000000e+03
573.2378548425522,4.146000000000000000e+03
573.3132919886866,4.154000000000000000e+03
573.3887358412536,4.158000000000000000e+03
573.4641732432628,4.163000000000000000e+03
573.5396140502145,4.159000000000000000e+03
573.6150516762765,4.158000000000000000e+03
573.6904894023135,4.156000000000000000e+03
573.765930512647,4.169000000000000000e+03
573.841430982091,4.181000000000000000e+03
573.9168689788429,4.165000000000000000e+03
573.992307044541,4.174000000000000000e+03
574.0677484669548,4.188000000000000000e+03
574.143186648103,4.175000000000000000e+03
574.2186281721514,4.192000000000000000e+03
574.2940664376455,4.148000000000000000e+03
574.369504733205,4.189000000000000000e+03
574.4449463509113,4.154000000000000000e+03
574.5203846840986,4.191000000000000000e+03
574.5958263255775,4.200000000000000000e+03
574.6712646652065,4.176000000000000000e+03
574.7467062992555,4.178000000000000000e+03
574.8220818342194,4.209000000000000000e+03
574.8975201080523,4.196000000000000000e+03
574.972958349526,4.187000000000000000e+03
575.0484031644328,4.202000000000000000e+03
575.123841319456,4.219000000000000000e+03
575.1992794186443,4.202000000000000000e+03
575.2747207635744,4.230000000000000000e+03
575.3501587284561,4.209000000000000000e+03
575.4255966139904,4.235000000000000000e+03
575.5009781080917,4.261000000000000000e+03
575.5764191095092,4.233000000000000000e+03
575.6518566960136,4.254000000000000000e+03
575.7272974863798,4.262000000000000000e+03
575.802734844376,4.264000000000000000e+03
575.878112381472,4.264000000000000000e+03
575.9535527802104,4.269000000000000000e+03
576.0289897203602,4.313000000000000000e+03
576.1044298293617,4.280000000000000000e+03
576.1798100251303,4.287000000000000000e+03
576.2552497980854,4.297000000000000000e+03
576.3306893990058,4.308000000000000000e+03
576.406128819997,4.321000000000000000e+03
576.4815049102774,4.343000000000000000e+03
576.5569472553619,4.352000000000000000e+03
576.6323827484481,4.347000000000000000e+03
576.7077614876248,4.365000000000000000e+03
576.7832031849985,4.353000000000000000e+03
576.8586413290665,4.376000000000000000e+03
576.9340193243025,4.393000000000000000e+03
577.0094636329511,4.385000000000000000e+03
577.0848377582512,4.374000000000000000e+03
577.16027821416,4.409000000000000000e+03
577.2357184047618,4.372000000000000000e+03
577.3110949973668,4.399000000000000000e+03
577.386537950721,4.401000000000000000e+03
577.4619139242055,4.427000000000000000e+03
577.537352941864,4.396000000000000000e+03
577.6127949908184,4.424000000000000000e+03
577.6881733209865,4.442000000000000000e+03
577.7636080466142,4.428000000000000000e+03
577.8389923568332,4.439000000000000000e+03
577.9144297398194,4.444000000000000000e+03
577.9898066448662,4.438000000000000000e+03
578.0652466558962,4.464000000000000000e+03
578.1406261433702,4.441000000000000000e+03
578.2160052322953,4.445000000000000000e+03
578.2914441104416,4.475000000000000000e+03
578.3668223939513,4.453000000000000000e+03
578.4422604820693,4.471000000000000000e+03
578.5176379281295,4.491000000000000000e+03
578.5930785418759,4.446000000000000000e+03
578.6684551192922,4.488000000000000000e+03
578.7438345915076,4.470000000000000000e+03
578.8192739085011,4.466000000000000000e+03
578.8946558177184,4.484000000000000000e+03
578.9700305475527,4.485000000000000000e+03
579.0454684963836,4.463000000000000000e+03
579.1208523226036,4.451000000000000000e+03
579.1962255871266,4.471000000000000000e+03
579.2716688073882,4.474000000000000000e+03
579.3470477731651,4.449000000000000000e+03
579.422426215372,4.447000000000000000e+03
579.4978645731351,4.483000000000000000e+03
579.5732419597228,4.452000000000000000e+03
579.6486187985292,4.470000000000000000e+03
579.7239984422739,4.511000000000000000e+03
579.7994413956197,4.474000000000000000e+03
579.8748165609454,4.493000000000000000e+03
579.9501978729944,4.470000000000000000e+03
580.0255752360272,4.470000000000000000e+03
580.1009520044923,4.462000000000000000e+03
580.1763315363321,4.472000000000000000e+03
580.2517676967962,4.501000000000000000e+03
580.3271460173379,4.497000000000000000e+03
580.4025270812958,4.495000000000000000e+03
580.4779075136299,4.495000000000000000e+03
580.5532839357954,4.489000000000000000e+03
580.6286630796322,4.496000000000000000e+03
580.7040415674625,4.494000000000000000e+03
580.7794193911507,4.497000000000000000e+03
580.8548606471003,4.504000000000000000e+03
580.93023713472,4.499000000000000000e+03
581.0056129337681,4.517000000000000000e+03
581.0809947891954,4.511000000000000000e+03
581.1563725658202,4.545000000000000000e+03
581.2317496311581,4.497000000000000000e+03
581.3071293562248,4.528000000000000000e+03
581.3825049753692,4.545000000000000000e+03
581.4578866205884,4.546000000000000000e+03
581.5332675253469,4.539000000000000000e+03
581.6086442987792,4.569000000000000000e+03
581.6840203136338,4.584000000000000000e+03
581.759402330603,4.571000000000000000e+03
581.8347192551039,4.576000000000000000e+03
581.9100963181176,4.602000000000000000e+03
581.9854725915296,4.587000000000000000e+03
582.0608514550846,4.605000000000000000e+03
582.1362295143807,4.578000000000000000e+03
582.2116067612063,4.564000000000000000e+03
582.2869865779265,4.598000000000000000e+03
582.3623655674955,4.629000000000000000e+03
582.4376826596256,4.621000000000000000e+03
582.5130633476253,4.645000000000000000e+03
582.5884397914516,4.638000000000000000e+03
582.663815375205,4.675000000000000000e+03
582.7391968823445,4.637000000000000000e+03
582.8145741197121,4.621000000000000000e+03
582.8898961123252,4.667000000000000000e+03
582.9652715612834,4.661000000000000000e+03
583.040649510047,4.663000000000000000e+03
583.1160265527496,4.695000000000000000e+03
583.1913482631782,4.692000000000000000e+03
583.2667234548948,4.689000000000000000e+03
583.3421045215043,4.704000000000000000e+03
583.4174199810626,4.688000000000000000e+03
583.4927957467897,4.674000000000000000e+03
583.5681773696024,4.694000000000000000e+03
583.6434933121396,4.671000000000000000e+03
583.7188729925016,4.703000000000000000e+03
583.7942482893968,4.689000000000000000e+03
583.8695680563296,4.706000000000000000e+03
583.9449481799317,4.744000000000000000e+03
584.0202659107239,4.715000000000000000e+03
584.0956440132398,4.722000000000000000e+03
584.1710211006637,4.712000000000000000e+03
584.2463391362261,4.718000000000000000e+03
584.3217175678463,4.721000000000000000e+03
584.397036902774,4.746000000000000000e+03
584.4724098183955,4.717000000000000000e+03
584.547730422869,4.723000000000000000e+03
584.6231080391428,4.729000000000000000e+03
584.6984264672309,4.755000000000000000e+03
584.7738053399806,4.757000000000000000e+03
584.8491181386739,4.748000000000000000e+03
584.9244982380097,4.750000000000000000e+03
584.999819059336,4.757000000000000000e+03
585.075196935735,4.740000000000000000e+03
585.1505120634026,4.746000000000000000e+03
585.2258328842156,4.742000000000000000e+03
585.3012073559288,4.747000000000000000e+03
585.3765258594744,4.736000000000000000e+03
585.4519014529151,4.753000000000000000e+03
585.5272210349477,4.746000000000000000e+03
585.6025394236891,4.779000000000000000e+03
585.6779183540843,4.730000000000000000e+03
585.7532343469177,4.745000000000000000e+03
585.8285525531982,4.718000000000000000e+03
585.903931325335,4.745000000000000000e+03
585.9792470887818,4.755000000000000000e+03
586.0545650448402,4.748000000000000000e+03
586.129943590941,4.731000000000000000e+03
586.2052590571699,4.708000000000000000e+03
586.2805801323906,4.707000000000000000e+03
586.3558964990681,4.728000000000000000e+03
586.4312734874165,4.775000000000000000e+03
586.5065907402152,4.766000000000000000e+03
586.581910138055,4.735000000000000000e+03
586.6572282334675,4.736000000000000000e+03
586.7325450179966,4.764000000000000000e+03
586.8078604831817,4.739000000000000000e+03
586.8832400626194,4.737000000000000000e+03
586.9585563257202,4.752000000000000000e+03
587.0338746919296,4.760000000000000000e+03
587.1091917084522,4.813000000000000000e+03
587.1845073668081,4.765000000000000000e+03
587.2598251072543,4.775000000000000000e+03
587.3351414743306,4.805000000000000000e+03
587.4104599100556,4.794000000000000000e+03
587.4857769571927,4.792000000000000000e+03
587.561154748295,4.832000000000000000e+03
587.6364724618505,4.826000000000000000e+03
587.7117956711814,4.813000000000000000e+03
587.7871070984039,4.829000000000000000e+03
587.8624274619677,4.837000000000000000e+03
587.9377429344911,4.855000000000000000e+03
588.0130604199811,4.850000000000000000e+03
588.0883799125671,4.870000000000000000e+03
588.1636356784406,4.863000000000000000e+03
588.238955690508,4.867000000000000000e+03
588.3142673068548,4.865000000000000000e+03
588.3895878237362,4.881000000000000000e+03
588.4649033889435,4.894000000000000000e+03
588.5402209188585,4.898000000000000000e+03
588.6155404075857,4.888000000000000000e+03
588.690858383657,4.919000000000000000e+03
588.7661713720535,4.920000000000000000e+03
588.8414897635765,4.912000000000000000e+03
588.9167476586122,4.947000000000000000e+03
588.9920664224305,4.929000000000000000e+03
589.0673836342858,4.934000000000000000e+03
589.1426992855957,4.975000000000000000e+03
589.218016839552,4.947000000000000000e+03
589.2932737822392,4.959000000000000000e+03
589.3685916341684,4.958000000000000000e+03
589.4439113691725,4.949000000000000000e+03
589.5192260306546,4.951000000000000000e+03
589.5944834640918,4.960000000000000000e+03
589.6698018398133,4.958000000000000000e+03
589.7451151152937,4.993000000000000000e+03
589.8203745749156,4.965000000000000000e+03
589.8956915227002,4.996000000000000000e+03
589.9710103048042,4.961000000000000000e+03
590.0462647658838,4.974000000000000000e+03
590.1215802169737,4.955000000000000000e+03
590.1969009642476,4.974000000000000000e+03
590.2721573201462,4.955000000000000000e+03
590.3474712065699,4.960000000000000000e+03
590.4227276225253,4.976000000000000000e+03
590.4980485574569,4.992000000000000000e+03
590.5733642980202,4.974000000000000000e+03
590.6486190143539,4.958000000000000000e+03
590.7239382761438,4.971000000000000000e+03
590.7991929792477,4.983000000000000000e+03
590.8745122460406,4.971000000000000000e+03
590.949766906547,4.995000000000000000e+03
591.0250861489686,4.955000000000000000e+03
591.1003407374803,4.936000000000000000e+03
591.1756599261265,4.945000000000000000e+03
591.2509179089925,4.974000000000000000e+03
591.3262300219859,4.945000000000000000e+03
591.4014878748632,4.951000000000000000e+03
591.4767473940146,4.957000000000000000e+03
591.5520645628086,4.935000000000000000e+03
591.6273204101701,4.960000000000000000e+03
591.7026374211463,4.959000000000000000e+03
591.7778930647432,4.941000000000000000e+03
591.8531503390309,4.971000000000000000e+03
591.9284652986332,4.957000000000000000e+03
592.0037223256917,4.943000000000000000e+03
592.078980963471,4.964000000000000000e+03
592.1542973093693,4.934000000000000000e+03
592.2295556572795,4.967000000000000000e+03
592.3048120876588,4.996000000000000000e+03
592.3800630826099,4.979000000000000000e+03
592.4553858514331,4.982000000000000000e+03
592.5306400045375,4.993000000000000000e+03
592.605895718667,4.967000000000000000e+03
592.6811529877263,4.976000000000000000e+03
592.7564680232479,4.959000000000000000e+03
592.8317248836482,5.000000000000000000e+03
592.9069797635018,4.998000000000000000e+03
592.9822361703012,5.029000000000000000e+03
593.0574940979332,4.989000000000000000e+03
593.1327535402811,5.002000000000000000e+03
593.2080707945502,5.019000000000000000e+03
593.2833262225523,5.012000000000000000e+03
593.3585831433304,5.000000000000000000e+03
593.4338380291163,5.049000000000000000e+03
593.5090943936262,5.030000000000000000e+03
593.5843487072985,5.050000000000000000e+03
593.659608009946,5.028000000000000000e+03
593.7348652476825,5.037000000000000000e+03
593.8101204116787,5.046000000000000000e+03
593.8853734931009,5.072000000000000000e+03
593.9606350667892,5.067000000000000000e+03
594.0358874880162,5.080000000000000000e+03
594.1111448612946,5.091000000000000000e+03
594.1864036525659,5.064000000000000000e+03
594.261656792722,5.103000000000000000e+03
594.3369113349503,5.062000000000000000e+03
594.412170806332,5.112000000000000000e+03
594.4874246009118,5.066000000000000000e+03
594.5626833122808,5.095000000000000000e+03
594.6379398650504,5.074000000000000000e+03
594.713137660945,5.123000000000000000e+03
594.7883898555625,5.078000000000000000e+03
594.8636469421946,5.112000000000000000e+03
594.9389018382798,5.134000000000000000e+03
595.0141616157636,5.132000000000000000e+03
595.089419188496,5.124000000000000000e+03
595.1646107878064,5.111000000000000000e+03
595.2398674513149,5.143000000000000000e+03
595.3151254291543,5.145000000000000000e+03
595.3903847151016,5.117000000000000000e+03
595.4656382113445,5.141000000000000000e+03
595.5408327059386,5.130000000000000000e+03
595.6160887648438,5.146000000000000000e+03
595.6913461033438,5.180000000000000000e+03
595.766537277015,5.146000000000000000e+03
595.8417935886669,5.121000000000000000e+03
595.9170511593863,5.141000000000000000e+03
595.9922460456994,5.134000000000000000e+03
596.0675025466851,5.126000000000000000e+03
596.1427638400409,5.130000000000000000e+03
596.2179588270185,5.156000000000000000e+03
596.2932154538282,5.153000000000000000e+03
596.3684092805976,5.127000000000000000e+03
596.4436647633602,5.130000000000000000e+03
596.5189214496943,5.127000000000000000e+03
596.5941188261428,5.135000000000000000e+03
596.66937432537,5.136000000000000000e+03
596.7445669087822,5.159000000000000000e+03
596.8198211894645,5.129000000000000000e+03
596.8950196332996,5.122000000000000000e+03
596.970276230399,5.153000000000000000e+03
597.0454733846776,5.142000000000000000e+03
597.1207287065554,5.138000000000000000e+03
597.1959245406573,5.129000000000000000e+03
597.2711821240141,5.130000000000000000e+03
597.346376608188,5.112000000000000000e+03
597.4215686134714,5.110000000000000000e+03
597.4968295313251,5.119000000000000000e+03
597.5720201406484,5.095000000000000000e+03
597.6472761104219,5.127000000000000000e+03
597.7224724376053,5.116000000000000000e+03
597.7976698215576,5.105000000000000000e+03
597.8729290227747,5.120000000000000000e+03
597.9481177902557,5.126000000000000000e+03
598.0233111663857,5.117000000000000000e+03
598.0985055702889,5.117000000000000000e+03
598.1737618236143,5.130000000000000000e+03
598.2489618582954,5.094000000000000000e+03
598.3241593235456,5.119000000000000000e+03
598.3994115033879,5.121000000000000000e+03
598.474610980403,5.102000000000000000e+03
598.5498078643709,5.114000000000000000e+03
598.6250021462114,5.130000000000000000e+03
598.7001974012594,5.120000000000000000e+03
598.7754509882492,5.111000000000000000e+03
598.8506481849574,5.101000000000000000e+03
598.9258427485826,5.115000000000000000e+03
599.0010346700252,5.120000000000000000e+03
599.0762311180282,5.119000000000000000e+03
599.1514249092414,5.113000000000000000e+03
599.2266232160047,5.121000000000000000e+03
599.3018152597305,5.099000000000000000e+03
599.377015398708,5.097000000000000000e+03
599.4522092582096,5.148000000000000000e+03
599.5274004207358,5.114000000000000000e+03
599.6026571865846,5.125000000000000000e+03
599.6778573294381,5.147000000000000000e+03
599.75305475513,5.112000000000000000e+03
599.8281846916185,5.127000000000000000e+03
599.9033838370023,5.145000000000000000e+03
599.9785766416528,5.147000000000000000e+03
600.053770295001,5.123000000000000000e+03
600.1289683921447,5.168000000000000000e+03
600.2041637244379,5.173000000000000000e+03
600.2793526793631,5.170000000000000000e+03
600.3545532663233,5.171000000000000000e+03
600.4297438560275,5.184000000000000000e+03
600.5049460702534,5.169000000000000000e+03
600.5801418758335,5.180000000000000000e+03
600.6552771428559,5.190000000000000000e+03
600.7304709082258,5.175000000000000000e+03
600.8056618443525,5.199000000000000000e+03
600.8808607737748,5.203000000000000000e+03
600.9560532494999,5.196000000000000000e+03
601.0311922986062,5.179000000000000000e+03
601.1063862725979,5.204000000000000000e+03
601.1815809927549,5.179000000000000000e+03
601.2567764525755,5.200000000000000000e+03
601.3319147895378,5.212000000000000000e+03
601.4071044608863,5.215000000000000000e+03
601.4823020843723,5.212000000000000000e+03
601.5574316659164,5.220000000000000000e+03
601.6326270733168,5.220000000000000000e+03
601.7078304205318,5.232000000000000000e+03
601.7829620350541,5.217000000000000000e+03
601.8581486377003,5.235000000000000000e+03
601.933346783807,5.246000000000000000e+03
602.0084839921338,5.248000000000000000e+03
602.083676211499,5.231000000000000000e+03
602.1588146975101,5.239000000000000000e+03
602.2340082086174,5.258000000000000000e+03
602.3091406905852,5.204000000000000000e+03
602.3843354654153,5.242000000000000000e+03
602.4594691672044,5.218000000000000000e+03
602.5346651795211,5.217000000000000000e+03
602.6098000748738,5.242000000000000000e+03
602.6850009307062,5.245000000000000000e+03
602.7601297278479,5.249000000000000000e+03
602.835324501311,5.213000000000000000e+03
602.9104617030976,5.248000000000000000e+03
602.9856576324572,5.234000000000000000e+03
603.0607923111419,5.205000000000000000e+03
603.1359238900089,5.212000000000000000e+03
603.2111214938288,5.237000000000000000e+03
603.286257780958,5.225000000000000000e+03
603.3613873052992,5.213000000000000000e+03
603.4365865232959,5.214000000000000000e+03
603.5117170740094,5.226000000000000000e+03
603.5868590488889,5.200000000000000000e+03
603.662052534344,5.207000000000000000e+03
603.7371845673017,5.209000000000000000e+03
603.81231707505,5.238000000000000000e+03
603.887453697761,5.205000000000000000e+03
603.9626491471525,5.201000000000000000e+03
604.0377794072089,5.220000000000000000e+03
604.1129174127565,5.207000000000000000e+03
604.1880449104403,5.215000000000000000e+03
604.2631837934832,5.198000000000000000e+03
604.3383778903907,5.225000000000000000e+03
604.4135103343683,5.210000000000000000e+03
604.4886504996763,5.171000000000000000e+03
604.563783765211,5.183000000000000000e+03
604.638917430624,5.203000000000000000e+03
604.7140551460399,5.185000000000000000e+03
604.7891822767169,5.196000000000000000e+03
604.8643171008456,5.207000000000000000e+03
604.9394559576849,5.177000000000000000e+03
605.0145842015769,5.202000000000000000e+03
605.0897237856702,5.224000000000000000e+03
605.1648564002364,5.179000000000000000e+03
605.2399856962843,5.213000000000000000e+03
605.3151189925194,5.224000000000000000e+03
605.3902636149207,5.192000000000000000e+03
605.4653975696758,5.215000000000000000e+03
605.5405318422726,5.204000000000000000e+03
605.6156590905977,5.239000000000000000e+03
605.6907939769335,5.252000000000000000e+03
605.7659328305035,5.235000000000000000e+03
605.8410609655854,5.227000000000000000e+03
605.9162003953313,5.212000000000000000e+03
605.9913290876823,5.230000000000000000e+03
606.0664066228989,5.224000000000000000e+03
606.1415395042012,5.233000000000000000e+03
606.2166799910092,5.225000000000000000e+03
606.2918133784608,5.242000000000000000e+03
606.3669470079659,5.220000000000000000e+03
606.4420183515472,5.215000000000000000e+03
606.5171524294295,5.233000000000000000e+03
606.5922867291196,5.238000000000000000e+03
606.6674138829553,5.222000000000000000e+03
606.7424897023321,5.241000000000000000e+03
606.8176282927667,5.238000000000000000e+03
606.892763396603,5.247000000000000000e+03
606.967832374639,5.255000000000000000e+03
607.0429715162923,5.294000000000000000e+03
607.1181034623711,5.281000000000000000e+03
607.1931802717572,5.279000000000000000e+03
607.2683125290589,5.267000000000000000e+03
607.3433822314132,5.278000000000000000e+03
607.4185147709629,5.282000000000000000e+03
607.4936474492058,5.238000000000000000e+03
607.568728579775,5.280000000000000000e+03
607.6438651945415,5.242000000000000000e+03
607.7189354514061,5.312000000000000000e+03
607.7940648948955,5.295000000000000000e+03
607.8691390154966,5.274000000000000000e+03
607.9442760360965,5.290000000000000000e+03
608.0193503026833,5.299000000000000000e+03
608.0944763933102,5.261000000000000000e+03
608.1695544745533,5.276000000000000000e+03
608.2446288993489,5.296000000000000000e+03
608.3197588665847,5.297000000000000000e+03
608.3948370686987,5.275000000000000000e+03
608.4699671264611,5.284000000000000000e+03
608.5450453798318,5.325000000000000000e+03
608.6201162337966,5.262000000000000000e+03
608.6952500728952,5.282000000000000000e+03
608.7703283444799,5.279000000000000000e+03
608.8453991906096,5.281000000000000000e+03
608.9205330479303,5.284000000000000000e+03
608.9956038584991,5.266000000000000000e+03
609.0706746332155,5.290000000000000000e+03
609.1457490757923,5.309000000000000000e+03
609.2208828546053,5.286000000000000000e+03
609.2959572093966,5.237000000000000000e+03
609.3710315026567,5.280000000000000000e+03
609.4461020132543,5.236000000000000000e+03
609.5211761618758,5.289000000000000000e+03
609.596313401595,5.272000000000000000e+03
609.6713911114757,5.260000000000000000e+03
609.7464575734725,5.246000000000000000e+03
609.8215313665582,5.263000000000000000e+03
609.8966087695813,5.254000000000000000e+03
609.9716823370709,5.286000000000000000e+03
610.0467520593664,5.287000000000000000e+03
610.1218253717766,5.280000000000000000e+03
610.1969022701301,5.261000000000000000e+03
610.2719715772956,5.271000000000000000e+03
610.3470481817901,5.239000000000000000e+03
610.4221171775756,5.251000000000000000e+03
610.497197187561,5.273000000000000000e+03
610.57226584515,5.254000000000000000e+03
610.6473343218574,5.305000000000000000e+03
610.7224138001953,5.269000000000000000e+03
610.797485627792,5.281000000000000000e+03
610.8725535238477,5.270000000000000000e+03
610.9476324089377,5.282000000000000000e+03
611.0227036169238,5.263000000000000000e+03
611.0977746041515,5.248000000000000000e+03
611.1727930691471,5.274000000000000000e+03
611.2478635811165,5.260000000000000000e+03
611.322933851425,5.282000000000000000e+03
611.3980076111742,5.295000000000000000e+03
611.4730885951344,5.267000000000000000e+03
611.5480945237883,5.279000000000000000e+03
611.6231674865746,5.269000000000000000e+03
611.6982401746329,5.268000000000000000e+03
611.7733125809731,5.284000000000000000e+03
611.8483322884233,5.269000000000000000e+03
611.9234040974807,5.299000000000000000e+03
611.9984756038272,5.268000000000000000e+03
612.0734868590204,5.281000000000000000e+03
612.1485577242255,5.287000000000000000e+03
612.2236320138743,5.288000000000000000e+03
612.29864223997,5.284000000000000000e+03
612.3737158491524,5.304000000000000000e+03
612.4487891153859,5.306000000000000000e+03
612.5238057538297,5.319000000000000000e+03
612.5988820520686,5.264000000000000000e+03
612.6738904216345,5.299000000000000000e+03
612.7489659718954,5.316000000000000000e+03
612.823973546304,5.309000000000000000e+03
612.8990483204313,5.284000000000000000e+03
612.9740588288777,5.310000000000000000e+03
613.0491327996091,5.339000000000000000e+03
613.1241424592772,5.297000000000000000e+03
613.1992155984035,5.314000000000000000e+03
613.2742356642218,5.305000000000000000e+03
613.3493004223218,5.337000000000000000e+03
613.4243195893181,5.290000000000000000e+03
613.4993307631479,5.307000000000000000e+03
613.5744016964444,5.325000000000000000e+03
613.649411925334,5.309000000000000000e+03
613.7244216637683,5.316000000000000000e+03
613.7994949521243,5.329000000000000000e+03
613.8745150092991,5.314000000000000000e+03
613.9495232522579,5.360000000000000000e+03
614.0245988411093,5.311000000000000000e+03
614.0996098270987,5.301000000000000000e+03
614.1746165098081,5.320000000000000000e+03
614.249637744498,5.326000000000000000e+03
614.3247112746017,5.332000000000000000e+03
614.3997201107526,5.342000000000000000e+03
614.4747283872863,5.322000000000000000e+03
614.5497436505112,5.337000000000000000e+03
614.6247545659288,5.334000000000000000e+03
614.6997724593214,5.383000000000000000e+03
614.7748464623442,5.309000000000000000e+03
614.849851856068,5.348000000000000000e+03
614.9248717727137,5.346000000000000000e+03
614.9998797404727,5.333000000000000000e+03
615.074887093413,5.337000000000000000e+03
615.1499013925762,5.349000000000000000e+03
615.2249112812997,5.332000000000000000e+03
615.2999281074821,5.333000000000000000e+03
615.37494429578,5.297000000000000000e+03
615.4499484756757,5.329000000000000000e+03
615.5249671526651,5.340000000000000000e+03
615.5999700135978,5.303000000000000000e+03
615.674987364677,5.316000000000000000e+03
615.7500040438919,5.354000000000000000e+03
615.8250086668538,5.319000000000000000e+03
615.9000239780391,5.349000000000000000e+03
615.9750385958242,5.290000000000000000e+03
616.0499879950269,5.313000000000000000e+03
616.125001188739,5.304000000000000000e+03
616.2000136674831,5.347000000000000000e+03
616.2750254240636,5.340000000000000000e+03
616.3500402501554,5.342000000000000000e+03
616.424989744965,5.290000000000000000e+03
616.4999992779765,5.327000000000000000e+03
616.5750118616551,5.346000000000000000e+03
616.6500236889908,5.310000000000000000e+03
616.7249700933148,5.301000000000000000e+03
616.7999917838531,5.331000000000000000e+03
616.8750012859002,5.302000000000000000e+03
616.9500138089951,5.321000000000000000e+03
617.0249684335095,5.316000000000000000e+03
617.0999755461561,5.300000000000000000e+03
617.1749323342385,5.297000000000000000e+03
617.2499416237376,5.308000000000000000e+03
617.3249500936826,5.295000000000000000e+03
617.3999005594274,5.287000000000000000e+03
617.4749187928894,5.318000000000000000e+03
617.5498713580679,5.304000000000000000e+03
617.6248764532221,5.318000000000000000e+03
617.6998272751239,5.307000000000000000e+03
617.774842087781,5.331000000000000000e+03
617.8497949575078,5.317000000000000000e+03
617.9248080184943,5.283000000000000000e+03
617.9997552731191,5.289000000000000000e+03
618.0747703725801,5.299000000000000000e+03
618.1497196214651,5.277000000000000000e+03
618.2247329138257,5.294000000000000000e+03
618.2996803095217,5.314000000000000000e+03
618.3746344075533,5.291000000000000000e+03
618.4496449285776,5.298000000000000000e+03
618.5246009609511,5.325000000000000000e+03
618.5996134313992,5.323000000000000000e+03
618.6745560641473,5.320000000000000000e+03
618.7495092005038,5.331000000000000000e+03
618.8244613531926,5.315000000000000000e+03
618.8994699703757,5.332000000000000000e+03
618.9744239789885,5.298000000000000000e+03
619.0493731516125,5.319000000000000000e+03
619.1243251444364,5.291000000000000000e+03
619.1993412981616,5.300000000000000000e+03
619.2742912625894,5.329000000000000000e+03
619.3492401939288,5.316000000000000000e+03
619.4241957585679,5.342000000000000000e+03
619.49914644136,5.303000000000000000e+03
619.574092232174,5.328000000000000000e+03
619.6491060742194,5.349000000000000000e+03
619.7240612712098,5.369000000000000000e+03
619.7990153966044,5.342000000000000000e+03
619.8739607581703,5.353000000000000000e+03
619.9489127164364,5.339000000000000000e+03
620.0238674253178,5.347000000000000000e+03
620.0988171897836,5.351000000000000000e+03
620.1737696919839,5.338000000000000000e+03
620.2487210802482,5.352000000000000000e+03
620.3236713471981,5.324000000000000000e+03
620.3986204854525,5.327000000000000000e+03
620.4735684876265,5.335000000000000000e+03
620.5485268987461,5.354000000000000000e+03
620.6234726093822,5.335000000000000000e+03
620.6983632244552,5.366000000000000000e+03
620.7733181589438,5.370000000000000000e+03
620.8482642169087,5.340000000000000000e+03
620.9232206626439,5.340000000000000000e+03
620.9981720715697,5.347000000000000000e+03
621.0731261481193,5.304000000000000000e+03
621.1480095809419,5.355000000000000000e+03
621.2229612428204,5.327000000000000000e+03
621.297911694613,5.334000000000000000e+03
621.3728609288961,5.351000000000000000e+03
621.4477548706138,5.338000000000000000e+03
621.5227016345505,5.294000000000000000e+03
621.5976587501937,5.363000000000000000e+03
621.6726030298828,5.321000000000000000e+03
621.7474919350946,5.344000000000000000e+03
621.8224452848259,5.361000000000000000e+03
621.8974012381406,5.350000000000000000e+03
621.9722862889673,5.315000000000000000e+03
622.0472396789139,5.360000000000000000e+03
622.1221337289863,5.343000000000000000e+03
622.1970845285309,5.315000000000000000e+03
622.2719759453078,5.325000000000000000e+03
622.3469241245926,5.324000000000000000e+03
622.4218128781972,5.331000000000000000e+03
622.4967622823602,5.343000000000000000e+03
622.5716599716851,5.363000000000000000e+03
622.6466028245032,5.327000000000000000e+03
622.7215016770383,5.336000000000000000e+03
622.7964418235973,5.330000000000000000e+03
622.871337934366,5.317000000000000000e+03
622.9462869865647,5.376000000000000000e+03
623.0211803283856,5.330000000000000000e+03
623.0960722679492,5.315000000000000000e+03
623.171021049062,5.345000000000000000e+03
623.2459101755901,5.341000000000000000e+03
623.3208017626214,5.317000000000000000e+03
623.395754098775,5.314000000000000000e+03
623.4706428323591,5.330000000000000000e+03
623.5455262323782,5.312000000000000000e+03
623.620478179971,5.340000000000000000e+03
623.6953742393713,5.324000000000000000e+03
623.770264945422,5.339000000000000000e+03
623.8451580714401,5.320000000000000000e+03
623.9200497199279,5.345000000000000000e+03
623.9949943951041,5.322000000000000000e+03
624.0698830789871,5.324000000000000000e+03
624.1447780538391,5.317000000000000000e+03
624.2196676282117,5.336000000000000000e+03
624.294551791745,5.323000000000000000e+03
624.3694461275634,5.318000000000000000e+03
624.4443389386003,5.361000000000000000e+03
624.5192302172907,5.335000000000000000e+03
624.594119956067,5.318000000000000000e+03
624.6690081473579,5.320000000000000000e+03
624.7438986866382,5.340000000000000000e+03
624.8187876651521,5.334000000000000000e+03
624.8936828851607,5.336000000000000000e+03
624.9685648154103,5.307000000000000000e+03
625.0434607874414,5.321000000000000000e+03
625.118343450791,5.336000000000000000e+03
625.1932323327678,5.323000000000000000e+03
625.2681235217902,5.329000000000000000e+03
625.3430131025287,5.308000000000000000e+03
625.4179088903309,5.322000000000000000e+03
625.4927952335612,5.309000000000000000e+03
625.5676916857351,5.312000000000000000e+03
625.6425199619503,5.336000000000000000e+03
625.7174131243843,5.321000000000000000e+03
625.7922928900053,5.313000000000000000e+03
625.8671827453387,5.349000000000000000e+03
625.9420160846083,5.325000000000000000e+03
626.0169025920226,5.319000000000000000e+03
626.0917991803195,5.306000000000000000e+03
626.1666862460672,5.318000000000000000e+03
626.2415206363681,5.306000000000000000e+03
626.3164042977897,5.298000000000000000e+03
626.3912940989977,5.311000000000000000e+03
626.4661272443966,5.325000000000000000e+03
626.5410175274903,5.335000000000000000e+03
626.615847188603,5.329000000000000000e+03
626.690730072822,5.305000000000000000e+03
626.7656269283852,5.323000000000000000e+03
626.840451314513,5.317000000000000000e+03
626.9153446610744,5.302000000000000000e+03
626.9901772825715,5.315000000000000000e+03
627.0650670922585,5.305000000000000000e+03
627.139896133363,5.342000000000000000e+03
627.2147823754598,5.333000000000000000e+03
627.2896117403598,5.306000000000000000e+03
627.3644353471379,5.325000000000000000e+03
627.439327984495,5.306000000000000000e+03
627.5141636877709,5.336000000000000000e+03
627.5890526928466,5.340000000000000000e+03
627.663880782514,5.296000000000000000e+03
627.7387109557335,5.285000000000000000e+03
627.8135983885963,5.316000000000000000e+03
627.888432727397,5.319000000000000000e+03
627.9632573049314,5.329000000000000000e+03
628.0380918294328,5.317000000000000000e+03
628.112979699485,5.330000000000000000e+03
628.1878104532764,5.316000000000000000e+03
628.2626393035407,5.319000000000000000e+03
628.3374662425448,5.296000000000000000e+03
628.4123504978592,5.331000000000000000e+03
628.4871815051602,5.306000000000000000e+03
628.5620145326476,5.303000000000000000e+03
628.63683771987,5.349000000000000000e+03
628.7116668645676,5.334000000000000000e+03
628.7864940571845,5.312000000000000000e+03
628.861331153962,5.313000000000000000e+03
628.936154421971,5.315000000000000000e+03
629.0110469324966,5.302000000000000000e+03
629.0858781314407,5.334000000000000000e+03
629.1607073451441,5.318000000000000000e+03
629.2355385252092,5.308000000000000000e+03
629.3103637460557,5.314000000000000000e+03
629.3851909195948,5.342000000000000000e+03
629.4599566456909,5.320000000000000000e+03
629.5347876946724,5.366000000000000000e+03
629.6096206814701,5.334000000000000000e+03
629.6844476710704,5.343000000000000000e+03
629.7592765847875,5.314000000000000000e+03
629.8341034507418,5.297000000000000000e+03
629.9089361968385,5.292000000000000000e+03
629.9837668833397,5.325000000000000000e+03
630.0585319866323,5.288000000000000000e+03
630.1333585154333,5.339000000000000000e+03
630.2081869328323,5.320000000000000000e+03
630.2830212064096,5.355000000000000000e+03
630.357845439965,5.321000000000000000e+03
630.4326198754851,5.323000000000000000e+03
630.5074438560955,5.372000000000000000e+03
630.5822696946797,5.347000000000000000e+03
630.6570417042689,5.357000000000000000e+03
630.731875208807,5.338000000000000000e+03
630.8066986206805,5.358000000000000000e+03
630.8814721252387,5.335000000000000000e+03
630.9562952071166,5.344000000000000000e+03
631.0310643632178,5.360000000000000000e+03
631.105891071369,5.358000000000000000e+03
631.180727559518,5.377000000000000000e+03
631.2554901467649,5.332000000000000000e+03
631.3303222623172,5.345000000000000000e+03
631.405096374139,5.360000000000000000e+03
631.4799240894147,5.351000000000000000e+03
631.5546897701579,5.355000000000000000e+03
631.6295170422857,5.377000000000000000e+03
631.7042902186802,5.354000000000000000e+03
631.7790531605395,5.346000000000000000e+03
631.8538817097726,5.360000000000000000e+03
631.92864811987,5.374000000000000000e+03
632.0034761631966,5.373000000000000000e+03
632.0782500155915,5.362000000000000000e+03
632.1530135902073,5.383000000000000000e+03
632.2278428187498,5.362000000000000000e+03
632.302613801501,5.347000000000000000e+03
632.3773784779866,5.334000000000000000e+03
632.4521448373721,5.343000000000000000e+03
632.5269768890333,5.355000000000000000e+03
632.6017506159666,5.339000000000000000e+03
632.676510001269,5.378000000000000000e+03
632.7512790509523,5.356000000000000000e+03
632.8260537609164,5.354000000000000000e+03
632.9008781908929,5.360000000000000000e+03
632.9756481987458,5.352000000000000000e+03
633.0504118299601,5.383000000000000000e+03
633.1251770907054,5.348000000000000000e+03
633.1999560041435,5.368000000000000000e+03
633.2747205011095,5.384000000000000000e+03
633.3494906217101,5.365000000000000000e+03
633.424254326886,5.353000000000000000e+03
633.4990196322598,5.354000000000000000e+03
633.5737865327139,5.350000000000000000e+03
633.648563053338,5.383000000000000000e+03
633.7233250983792,5.393000000000000000e+03
633.7980967533418,5.364000000000000000e+03
633.8728659649396,5.363000000000000000e+03
633.9476287063017,5.344000000000000000e+03
634.0223970261379,5.342000000000000000e+03
634.0971669013632,5.379000000000000000e+03
634.1719383268377,5.357000000000000000e+03
634.2466469344034,5.350000000000000000e+03
634.3214133824966,5.383000000000000000e+03
634.3961773370226,5.370000000000000000e+03
634.4709508665852,5.364000000000000000e+03
634.5457098128275,5.392000000000000000e+03
634.6204179123285,5.353000000000000000e+03
634.6951838891794,5.358000000000000000e+03
634.7699594261242,5.383000000000000000e+03
634.8446639181344,5.374000000000000000e+03
634.9194303392767,5.382000000000000000e+03
634.9941982444507,5.388000000000000000e+03
635.0689071315994,5.372000000000000000e+03
635.1436779750669,5.329000000000000000e+03
635.2184422169859,5.348000000000000000e+03
635.2931514147849,5.353000000000000000e+03
635.3679185572572,5.332000000000000000e+03
635.4426225428958,5.352000000000000000e+03
635.5173966020865,5.394000000000000000e+03
635.5920953462391,5.357000000000000000e+03
635.6668641820465,5.396000000000000000e+03
635.7415738192077,5.394000000000000000e+03
635.8163454884761,5.389000000000000000e+03
635.8910498330289,5.349000000000000000e+03
635.965820268507,5.396000000000000000e+03
636.040527380104,5.392000000000000000e+03
636.1152925097643,5.374000000000000000e+03
636.1900064130152,5.411000000000000000e+03
636.264705482508,5.396000000000000000e+03
636.3394747364619,5.418000000000000000e+03
636.4141805605591,5.397000000000000000e+03
636.4888958251801,5.396000000000000000e+03
636.5636569999903,5.412000000000000000e+03
636.638366837131,5.412000000000000000e+03
636.713077996721,5.427000000000000000e+03
636.7877823635431,5.420000000000000000e+03
636.8624839825806,5.397000000000000000e+03
636.9372558697529,5.424000000000000000e+03
637.0119641595608,5.406000000000000000e+03
637.0866696829735,5.393000000000000000e+03
637.1613724318777,5.375000000000000000e+03
637.2360845802513,5.339000000000000000e+03
637.3107939435926,5.345000000000000000e+03
637.3855005137792,5.345000000000000000e+03
637.4602652360181,5.389000000000000000e+03
637.5349702743098,5.400000000000000000e+03
637.609680627888,5.424000000000000000e+03
637.684388161506,5.466000000000000000e+03
637.7590928670257,5.440000000000000000e+03
637.8338028729448,5.459000000000000000e+03
637.9085059690191,5.476000000000000000e+03
637.9832143549187,5.444000000000000000e+03
638.0578588181736,5.472000000000000000e+03
638.1325736880859,5.454000000000000000e+03
638.2072734731871,5.446000000000000000e+03
638.2819826009681,5.471000000000000000e+03
638.3566888468711,5.465000000000000000e+03
638.4313922027295,5.467000000000000000e+03
638.5061048910752,5.472000000000000000e+03
638.5807535109456,5.489000000000000000e+03
638.6554603754779,5.460000000000000000e+03
638.7301643229926,5.474000000000000000e+03
638.8048735067408,5.503000000000000000e+03
638.8795144541899,5.481000000000000000e+03
638.9542177553427,5.488000000000000000e+03
639.0289344448668,5.490000000000000000e+03
639.1035746662708,5.513000000000000000e+03
639.1782854374011,5.496000000000000000e+03
639.2529891591856,5.466000000000000000e+03
639.3276367717727,5.493000000000000000e+03
639.4023467919625,5.516000000000000000e+03
639.4770538284506,5.533000000000000000e+03
639.5516924287989,5.541000000000000000e+03
639.6264057316112,5.507000000000000000e+03
639.7010464648362,5.530000000000000000e+03
639.7757578310734,5.543000000000000000e+03
639.8504047688706,5.549000000000000000e+03
639.9251059831907,5.543000000000000000e+03
639.9997591060155,5.547000000000000000e+03
640.0744050670974,5.528000000000000000e+03
640.1491135197724,5.534000000000000000e+03
640.2237574368812,5.514000000000000000e+03
640.2984556619596,5.528000000000000000e+03
640.3731057074891,5.539000000000000000e+03
640.4477526527309,5.532000000000000000e+03
640.5224621324655,5.568000000000000000e+03
640.5971028676591,5.576000000000000000e+03
640.671752791596,5.555000000000000000e+03
640.7463954823808,5.562000000000000000e+03
640.8211089526874,5.572000000000000000e+03
640.895749484344,5.577000000000000000e+03
640.9703950804545,5.583000000000000000e+03
641.0450416290943,5.544000000000000000e+03
641.1197548903732,5.580000000000000000e+03
641.1943910092469,5.563000000000000000e+03
641.2690403954497,5.579000000000000000e+03
641.3436948257445,5.602000000000000000e+03
641.418333726709,5.580000000000000000e+03
641.4929817722232,5.572000000000000000e+03
641.567626614336,5.584000000000000000e+03
641.6422723617926,5.617000000000000000e+03
641.7169231271671,5.596000000000000000e+03
641.7915706699706,5.602000000000000000e+03
641.8662149818913,5.596000000000000000e+03
641.9408560546143,5.607000000000000000e+03
642.0155062453381,5.633000000000000000e+03
642.0901531859752,5.607000000000000000e+03
642.1647968682013,5.586000000000000000e+03
642.239437283689,5.638000000000000000e+03
642.3140868011292,5.645000000000000000e+03
642.3887289142871,5.662000000000000000e+03
642.4633223360346,5.636000000000000000e+03
642.5379619830452,5.656000000000000000e+03
642.6126107159151,5.665000000000000000e+03
642.6872561435255,5.659000000000000000e+03
642.7619065203844,5.663000000000000000e+03
642.8364833285272,5.672000000000000000e+03
642.9111311778188,5.658000000000000000e+03
642.985783962808,5.670000000000000000e+03
643.0603631108244,5.680000000000000000e+03
643.135009196252,5.638000000000000000e+03
643.209656064696,5.642000000000000000e+03
643.2842457766144,5.673000000000000000e+03
643.3588859029596,5.674000000000000000e+03
643.4335309320675,5.699000000000000000e+03
643.5081228869376,5.704000000000000000e+03
643.5827611323161,5.700000000000000000e+03
643.6573504065863,5.682000000000000000e+03
643.7319942673752,5.722000000000000000e+03
643.8065766902959,5.719000000000000000e+03
643.8812220015031,5.704000000000000000e+03
643.9558099817795,5.726000000000000000e+03
644.0304608700544,5.757000000000000000e+03
644.1050419452306,5.735000000000000000e+03
644.1796278469061,5.738000000000000000e+03
644.2542725306924,5.749000000000000000e+03
644.3288597867236,5.756000000000000000e+03
644.4034393997881,5.791000000000000000e+03
644.478081968412,5.810000000000000000e+03
644.5526753593308,5.799000000000000000e+03
644.627252775928,5.821000000000000000e+03
644.7019014856205,5.807000000000000000e+03
644.7764926535398,5.848000000000000000e+03
644.8510719753529,5.787000000000000000e+03
644.9256560740118,5.856000000000000000e+03
645.0003031903943,5.868000000000000000e+03
645.0748926869838,5.858000000000000000e+03
645.1494703017615,5.880000000000000000e+03
645.2240651624862,5.864000000000000000e+03
645.2986439623119,5.894000000000000000e+03
645.3732358395787,5.925000000000000000e+03
645.4478199672328,5.908000000000000000e+03
645.5224005009125,5.948000000000000000e+03
645.596981600104,5.919000000000000000e+03
645.6715674281425,5.968000000000000000e+03
645.7461496425705,5.958000000000000000e+03
645.8207407474433,6.001000000000000000e+03
645.895328227528,6.002000000000000000e+03
645.9699120743411,5.981000000000000000e+03
646.0444922793964,5.958000000000000000e+03
646.1190771836012,6.018000000000000000e+03
646.1936626085833,6.017000000000000000e+03
646.2682443721119,6.034000000000000000e+03
646.3428308208696,6.038000000000000000e+03
646.4174177735846,6.086000000000000000e+03
646.4919383523458,6.091000000000000000e+03
646.5665262807054,6.120000000000000000e+03
646.6411146961769,6.119000000000000000e+03
646.7156952283162,6.102000000000000000e+03
646.7902260319503,6.124000000000000000e+03
646.864811675247,6.113000000000000000e+03
646.9393935959221,6.166000000000000000e+03
647.0139131776634,6.179000000000000000e+03
647.0885001757083,6.173000000000000000e+03
647.1630834313339,6.196000000000000000e+03
647.2376126660181,6.216000000000000000e+03
647.3121967798731,6.217000000000000000e+03
647.3867813206517,6.236000000000000000e+03
647.4613034017796,6.249000000000000000e+03
647.5358887649725,6.229000000000000000e+03
647.6104116282444,6.288000000000000000e+03
647.6849935962756,6.270000000000000000e+03
647.7595214140151,6.315000000000000000e+03
647.8341041572728,6.336000000000000000e+03
647.9086327137967,6.343000000000000000e+03
647.9831490284671,6.331000000000000000e+03
648.0577370826742,6.349000000000000000e+03
648.1322666966365,6.347000000000000000e+03
648.2068428671124,6.370000000000000000e+03
648.281368958504,6.405000000000000000e+03
648.3558953741831,6.439000000000000000e+03
648.4304851777703,6.437000000000000000e+03
648.5050080338709,6.420000000000000000e+03
648.5795311952579,6.433000000000000000e+03
648.6540546562356,6.465000000000000000e+03
648.7286415384275,6.488000000000000000e+03
648.8031613865388,6.499000000000000000e+03
648.877689936051,6.518000000000000000e+03
648.9522145528916,6.553000000000000000e+03
649.0267310160931,6.537000000000000000e+03
649.1013193673095,6.561000000000000000e+03
649.175844792816,6.562000000000000000e+03
649.250366256996,6.584000000000000000e+03
649.3248921836831,6.600000000000000000e+03
649.3994141356663,6.640000000000000000e+03
649.4739363224811,6.644000000000000000e+03
649.5484629575313,6.660000000000000000e+03
649.6229855977908,6.700000000000000000e+03
649.6975042346218,6.709000000000000000e+03
649.7720315254938,6.733000000000000000e+03
649.8465548014631,6.751000000000000000e+03
649.921082501831,6.784000000000000000e+03
649.9956103988171,6.787000000000000000e+03
650.0700708720927,6.796000000000000000e+03
650.1445906758098,6.821000000000000000e+03
650.2191148828695,6.848000000000000000e+03
650.2936392616062,6.821000000000000000e+03
650.3681680360504,6.836000000000000000e+03
650.4426927418366,6.860000000000000000e+03
650.5171541261292,6.891000000000000000e+03
650.5916706550105,6.930000000000000000e+03
650.6661957902058,6.904000000000000000e+03
650.740666012245,6.958000000000000000e+03
650.815182932034,6.974000000000000000e+03
650.8897084466328,7.016000000000000000e+03
650.964178992923,7.054000000000000000e+03
651.0386962516251,7.007000000000000000e+03
651.1132178541268,7.048000000000000000e+03
651.1876886716447,7.070000000000000000e+03
651.2622019747984,7.092000000000000000e+03
651.3366644542174,7.120000000000000000e+03
651.4111948833951,7.150000000000000000e+03
651.4856574843718,7.186000000000000000e+03
651.5601838092566,7.184000000000000000e+03
651.6346380150544,7.212000000000000000e+03
651.7091644528816,7.252000000000000000e+03
651.7836357198714,7.227000000000000000e+03
651.8581537529072,7.252000000000000000e+03
651.9326165743445,7.277000000000000000e+03
652.0070751540826,7.331000000000000000e+03
652.0816017691477,7.328000000000000000e+03
652.156064615008,7.420000000000000000e+03
652.2305317068713,7.378000000000000000e+03
652.3049860217482,7.464000000000000000e+03
652.3795211768377,7.454000000000000000e+03
652.4539797141078,7.470000000000000000e+03
652.5284424759848,7.522000000000000000e+03
652.6029009417302,7.543000000000000000e+03
652.6774317803844,7.592000000000000000e+03
652.7518944276276,7.621000000000000000e+03
652.8263527582819,7.636000000000000000e+03
652.900819551962,7.648000000000000000e+03
652.9752820173449,7.670000000000000000e+03
653.0497486751349,7.732000000000000000e+03
653.1242024595398,7.762000000000000000e+03
653.198673222737,7.756000000000000000e+03
653.2731310969292,7.794000000000000000e+03
653.3475931420147,7.823000000000000000e+03
653.4220636246453,7.860000000000000000e+03
653.4965169213231,7.905000000000000000e+03
653.570978643795,7.889000000000000000e+03
653.6454487920213,7.908000000000000000e+03
653.7199145454692,7.948000000000000000e+03
653.7943758953342,7.987000000000000000e+03
653.8688328328077,7.969000000000000000e+03
653.9432939019151,8.019000000000000000e+03
653.9927330350457,8.058988900030622972e+03
654.0177034935903,8.067000000000000000e+03
654.0673848929049,8.110804087986241939e+03
654.0921599692895,8.154000000000000000e+03
654.1419639360352,8.129227265926017026e+03
654.1666291205352,8.131000000000000000e+03
654.2166156285444,8.179891005260400561e+03
654.2410895486252,8.167000000000000000e+03
654.2911987423258,8.170679416290512563e+03
654.3658416830104,8.208677220791299987e+03
654.4404288467964,8.261643857368155295e+03
654.5150758549863,8.272006894959278725e+03
654.5897184695584,8.231706193216019528e+03
654.664305251433,8.352608298445797118e+03
654.7389476142009,8.344548158097146370e+03
654.8135383948625,8.344548158097146370e+03
654.888184771955,8.390606102946585452e+03
654.9627666643294,8.451632879872091507e+03
655.0373526739268,8.474661852296811048e+03
655.1119985900768,8.466601711948160300e+03
655.1865885451579,8.548354564055913215e+03
655.2612255432555,8.558717601647038464e+03
655.3358194230502,8.590958163041645093e+03
655.4104603574718,8.586352368556701549e+03
655.4850452543039,8.660045080315803716e+03
655.5596986994234,8.691134193089175824e+03
655.634274582699,8.699194333437826572e+03
655.7088674352764,8.755615315878390902e+03
655.7835073665872,8.799370363485357302e+03
655.8580911670134,8.789007325894233873e+03
655.9327392618014,8.828156579016256728e+03
656.0073268888157,8.893789150426708147e+03
656.0819099586474,8.909909431124011462e+03
656.1565530436084,8.907606533881540599e+03
656.2311355998527,8.991662283231766196e+03
656.3057308056235,8.965178964943339452e+03
656.3803688222278,9.006631115307833170e+03
656.454954867795,9.099898453627947674e+03
656.5295449351327,9.081475275688173497e+03
656.6041821341065,9.156319436068512005e+03
656.6787759333997,9.208134624024130972e+03
656.7533564903902,9.232315045070086853e+03
656.8279410471957,9.261101260600986279e+03
656.9025856984958,9.304856308207952679e+03
656.9771696261503,9.333642523738852105e+03
657.0517532233856,9.393517852043123639e+03
657.1264055746188,9.413092478604134158e+03
657.2009928278474,9.479876498635821918e+03
657.2755710944062,9.482179395878292780e+03
657.3501576467798,9.515571405894137570e+03
657.4247438407015,9.551266313152453222e+03
657.4993858698668,9.551266313152453222e+03
657.573971341612,9.659502483548634700e+03
657.6485607618943,9.666411175276050926e+03
657.7231498016442,9.659502483548634700e+03
657.7977341278665,9.723983606337849778e+03
657.87237432304,9.761981410838636293e+03
657.9469621958759,9.799979215339424627e+03
658.0215410042488,9.889792207795830109e+03
658.0961280598617,9.857551646401223479e+03
658.1707146988002,9.928941460917852964e+03
658.2453009150308,1.000378562129819329e+04
658.3198867025178,1.000033127543448427e+04
658.3945327428875,1.007747833305729546e+04
658.4691220043352,1.010396165134572220e+04
658.5437021472852,1.012353627790673454e+04
658.6182818353581,1.017535146586235351e+04
658.69286974003,1.018916884931718596e+04
658.767461521399,1.027667894453112058e+04
658.8420354727173,1.027552749590988424e+04
658.9166306515345,1.038721801216977292e+04
658.9912079822875,1.042521581667056125e+04
659.0657935091809,1.043788175150415736e+04
659.140382887388,1.050696866877831599e+04
659.2149717681472,1.054957226776404605e+04
659.289551452134,1.055072371638528239e+04
659.3641306225966,1.060253890434090135e+04
659.438717970647,1.068774610231236511e+04
659.5133047969533,1.072459245819191528e+04
659.5878910954348,1.073840984164674774e+04
659.6624768600082,1.083973732031551299e+04
659.7370620845874,1.083973732031551299e+04
659.8116467630838,1.089385540551360464e+04
659.8862265349078,1.095948797692405606e+04
659.9608101019778,1.101015171625843868e+04
660.0354018176174,1.103548358592563090e+04
660.1099798943757,1.112299368113956552e+04
660.1845748263452,1.123007840291451066e+04
660.259151743867,1.124850158085428666e+04
660.333684466581,1.130722546053732185e+04
660.4082645480388,1.134292036779563750e+04
660.4828527532469,1.142237032266091956e+04
660.5574316285567,1.144194494922193189e+04
660.6320229836718,1.150527462338991063e+04
660.7066049946801,1.157436154066406925e+04
660.7811820158635,1.162617672861968822e+04
660.8557147324121,1.165841729001429485e+04
660.9302992109782,1.166187163587800387e+04
661.0048830496228,1.176895635765294901e+04
661.0794662422122,1.178277374110778146e+04
661.1540575251042,1.188525266839778305e+04
661.2285781978873,1.192209902427733505e+04
661.3031681500861,1.201306346535497687e+04
661.3777399387936,1.208790762573531538e+04
661.452332922751,1.210172500919014783e+04
661.5269208535378,1.214202571093340703e+04
661.6014380645663,1.218002351543419354e+04
661.6760289813253,1.223414160063228519e+04
661.7506148234904,1.229516837755779306e+04
661.8251298800592,1.236310384621071535e+04
661.8997142930884,1.239304151036285111e+04
661.9743067544003,1.247940015695554939e+04
662.0488853483158,1.250588347524397614e+04
662.1234149871826,1.261757399150386664e+04
662.198000873726,1.262333123461004652e+04
662.2725860216412,1.269011525464173246e+04
662.347104619191,1.278913983606802685e+04
662.4216882564932,1.285016661299353473e+04
662.4962184684717,1.287204413679701793e+04
662.570804963388,1.297106871822331232e+04
662.6453862997457,1.298949189616308831e+04
662.7199097646629,1.308851647758938270e+04
662.7944939234665,1.310118241242297881e+04
662.869086084027,1.311615124449904579e+04
662.9436071371093,1.327274825698713903e+04
663.0181889069928,1.335565255771613010e+04
663.0927083152421,1.332341199632152166e+04
663.1673016492832,1.339710470808062564e+04
663.2418237897235,1.345352569052118815e+04
663.3164110793576,1.351455246744669421e+04
663.3909359310869,1.356982200126602220e+04
663.4655171474956,1.362969732957029373e+04
663.5400358838839,1.374253929445141875e+04
663.6146198039338,1.376902261273984732e+04
663.6891500154543,1.381853490345299360e+04
663.763736622158,1.393137686833412045e+04
663.8382518588492,1.394173990592524387e+04
663.9128411292601,1.402118986079052593e+04
663.9873589874919,1.406149056253378512e+04
664.0619509026042,1.409027677806468455e+04
664.136471363353,1.420311874294581139e+04
664.211061492379,1.424572234193154145e+04
664.285584535613,1.436086720405513915e+04
664.3601640270679,1.433208098852423973e+04
664.4346852160202,1.447140627169379331e+04
664.5092142934612,1.452552435689188496e+04
664.5838042596656,1.456006781552896427e+04
664.6583226187805,1.461764024659076313e+04
664.7328488535421,1.471436193077458665e+04
664.8074315802052,1.481568940944335191e+04
664.881960314152,1.485944445705032012e+04
664.9565455552175,1.495271179537043281e+04
665.031072346548,1.501834436678088423e+04
665.1055937270582,1.507706824646391942e+04
665.1801096874939,1.515076095822302159e+04
665.2546998800744,1.523711960481571987e+04
665.3292271235769,1.521754497825470935e+04
665.4037489291384,1.538220213109145334e+04
665.4783361453115,1.544438035663819755e+04
665.5528603518749,1.549964989045752372e+04
665.6273790986409,1.552843610598842315e+04
665.7019056711048,1.561249185533865057e+04
665.7764932599148,1.574721134402326061e+04
665.8510088931856,1.578405769990281078e+04
665.9255412083346,1.583356999061595889e+04
666.0000591620371,1.584969027131326220e+04
666.0746470335703,1.594756340411832025e+04
666.1491717378727,1.598556120861910676e+04
666.2236953664843,1.610876621109135704e+04
666.2982179130853,1.617900457698675200e+04
666.3727393713534,1.621700238148754033e+04
666.4472686180028,1.633214724361113804e+04
666.5218500778012,1.635517621603585758e+04
666.5963682490049,1.645880659194709369e+04
666.670894195563,1.647953266712934419e+04
666.7454190261132,1.658316304304058212e+04
666.8199427343175,1.664188692272361732e+04
666.8944653138359,1.673745715828620087e+04
666.9689912068017,1.683417884247002439e+04
667.043515960381,1.683417884247002439e+04
667.1180440186909,1.697580702288205066e+04
667.1925664754452,1.697465557426081432e+04
667.2671501081187,1.702071351911025340e+04
667.3416747090137,1.710592071708171716e+04
667.4162025951904,1.720033950402306800e+04
667.4907159415177,1.724409455163003440e+04
667.5652459277131,1.734311913305632697e+04
667.6397747296355,1.740299446136059851e+04
667.7142934240692,1.751353352899925449e+04
667.7888198363478,1.750086759416565837e+04
667.8633405848258,1.760910376456183803e+04
667.9378645829604,1.768855371942712009e+04
668.0123873649534,1.776685222567116944e+04
668.0868509002132,1.781291017052060852e+04
668.1613801466233,1.787278549882488005e+04
668.235899230937,1.797871877197858703e+04
668.3104215399541,1.803744265166162222e+04
668.3849470702704,1.808004625064735592e+04
668.4594713500996,1.816640489724005238e+04
668.533998842422,1.817561648620993947e+04
668.6085250734534,1.820670559898331339e+04
668.683041094052,1.827924686212118104e+04
668.7575647813001,1.832875915283432550e+04
668.8320290343215,1.840360331321466583e+04
668.9065546155499,1.845887284703399200e+04
668.9810833808008,1.856710901743017530e+04
669.0555974212344,1.868225387955377300e+04
669.130128062917,1.866958794472017689e+04
669.2046529196529,1.876976397476770580e+04
669.2791182298785,1.882963930307197734e+04
669.3536314765041,1.889296897723995789e+04
669.4281657979723,1.891599794966467744e+04
669.5026898264498,1.903229426040951148e+04
669.57714526615,1.907604930801647788e+04
669.65167108008,1.915665071150299627e+04
669.7261910590614,1.917507388944277045e+04
669.8007186526492,1.924646370395940176e+04
669.8751865504684,1.927064412500535764e+04
669.949711403622,1.930403613502120061e+04
670.0242348833766,1.940881795955367488e+04
670.0987480026345,1.941687809990232563e+04
670.1732193096983,1.945717880164558665e+04
670.2477431098745,1.952165992443479990e+04
670.3222655128286,1.953662875651086870e+04
670.396728085964,1.960456422516379098e+04
670.471252157415,1.965983375898312079e+04
670.5457118658269,1.968977142313525474e+04
670.6202330875843,1.972776922763604307e+04
670.6947618784129,1.976922137800053679e+04
670.7692307481261,1.974619240557581725e+04
670.8437476587868,1.987285175391177472e+04
670.918213608017,1.991890969876121380e+04
670.9927321095302,1.998339082155043070e+04
671.0672536563986,1.996266474636818020e+04
671.1417196890736,2.003175166364233883e+04
671.216251808498,2.006284077641571275e+04
671.290714863808,2.008817264608290498e+04
671.3652395155675,2.015380521749335458e+04
671.4396995665256,2.020331750820650268e+04
671.5142212289395,2.023210372373740029e+04
671.5886872701645,2.032767395929998747e+04
671.6632104305353,2.030349353825403159e+04
671.7376734223737,2.031385657584515502e+04
671.812193546355,2.038639783898302267e+04
671.8866579770747,2.041633550313515661e+04
671.9611795549314,2.036912610966448119e+04
672.0356408881489,2.049693690662167501e+04
672.1101096909673,2.049693690662167501e+04
672.1846266277597,2.051996587904639455e+04
672.2590968192625,2.056372092665336459e+04
672.3336151557181,2.062244480633639978e+04
672.4080821944679,2.058559845045684779e+04
672.482543119204,2.065468536773100641e+04
672.5570657703272,2.065353391910977007e+04
672.63152802642,2.074795270605112091e+04
672.705997721871,2.069153172361055840e+04
672.7805155931686,2.073183242535381578e+04
672.854982065397,2.073298387397505212e+04
672.9294423823377,2.082625121229516662e+04
673.0039644745739,2.075255850053606264e+04
673.0784260583234,2.078710195917314195e+04
673.152895058153,2.084697728747741348e+04
673.2274213293804,2.086655191403842764e+04
673.3018779706365,2.085043163334112251e+04
673.3763374799411,2.092297289647899015e+04
673.4508043890924,2.091836710199404479e+04
673.5252650884476,2.088036929749325645e+04
673.5997967036512,2.089073233508437988e+04
673.6742585868221,2.089418668094808891e+04
673.748714237457,2.091491275613033577e+04
673.823186347847,2.096787939270719289e+04
673.8976385924067,2.093333593407011358e+04
673.9721663425748,2.095636490649483312e+04
674.0466287979216,2.101854313204157370e+04
674.1210895311846,2.101508878617786831e+04
674.1955530811653,2.100587719720798123e+04
674.2700239906791,2.100933154307168661e+04
674.3444795221271,2.095636490649483312e+04
674.4189469503236,2.096557649546472021e+04
674.49346722243,2.091836710199404479e+04
674.567935708377,2.097824243029831632e+04
674.6424024340591,2.097478808443460730e+04
674.7168582880072,2.103005761825393347e+04
674.7913214713103,2.098745401926820341e+04
674.8657783200656,2.098860546788943975e+04
674.940251601854,2.104848079619371129e+04
675.0147094269751,2.094945621476741508e+04
675.0891700095718,2.098975691651067609e+04
675.1636379044918,2.092642724234269554e+04
675.2380994327431,2.085964322231100959e+04
675.312554584676,2.086540046541719130e+04
675.3870261580195,2.086079467093224594e+04
675.4614822208301,2.088727798922067450e+04
675.5359547018315,2.083776569850752639e+04
675.610407090499,2.085618887644730057e+04
675.6848804576179,2.082049396918898492e+04
675.7593337130725,2.079976789400673806e+04
675.8338033782419,2.075831574364224434e+04
675.9082026566803,2.066389695670089350e+04
675.9826594431638,2.063050494668505053e+04
676.0571234944312,2.066274550807965716e+04
676.1315948098625,2.064086798427617396e+04
676.2060550986515,2.055681223492594654e+04
676.2805134951972,2.064317088151864664e+04
676.3549745673919,2.055681223492594654e+04
676.4293879803434,2.057408396424448802e+04
676.5038498052293,2.054529774871358677e+04
676.5783051376296,2.042324419486257466e+04
676.6527677036122,2.036106596931583044e+04
676.7272329229447,2.037718625001313558e+04
676.8016366634976,2.032652251067875113e+04
676.8761025828228,2.027585877134436669e+04
676.9505619772531,2.028852470617796280e+04
677.0250240043307,2.021943778890380418e+04
677.0994290601088,2.020677185407020806e+04
677.1738917427178,2.020101461096403000e+04
677.2483524582894,2.009392988918908304e+04
677.3227561481843,2.005478063606705837e+04
677.3972128974716,1.995805895188323848e+04
677.4716768389669,1.990163796944267597e+04
677.5461433813275,1.990394086668514501e+04
677.6205482371186,1.988206334288166181e+04
677.6950015852051,1.975885834040941336e+04
677.7694069841688,1.974273805971210822e+04
677.8438746703705,1.971049749831750160e+04
677.9183311477581,1.969092287175649108e+04
677.9927396296163,1.965983375898312079e+04
678.0672012294622,1.949863095201008036e+04
678.1416056066512,1.947445053096412812e+04
678.2160631125909,1.938694043575019168e+04
678.2905277690969,1.935239697711311237e+04
678.3649259468506,1.922228328291344587e+04
678.4393864750938,1.922573762877715490e+04
678.513798898065,1.918083113254895216e+04
678.5882598799376,1.913362173907827673e+04
678.6626543015428,1.906338337318288177e+04
678.7371249257566,1.898508486693883606e+04
678.8115243461227,1.892060374414961916e+04
678.8859815585386,1.891369505242220475e+04
678.9603905685974,1.876170383441905506e+04
679.0348481677615,1.874443210510051358e+04
679.1092529209583,1.865231621540163542e+04
679.1836509171139,1.858438074674871314e+04
679.2581113551571,1.850838513774714011e+04
679.3325235125415,1.847038733324635177e+04
679.4069842868593,1.849687065153478034e+04
679.481378280968,1.831033597489455133e+04
679.5557839509504,1.827579251625747202e+04
679.6302474888498,1.826082368418140322e+04
679.704648807749,1.821937153381690950e+04
679.7790525553501,1.818367662655859385e+04
679.8535234360058,1.801095933337319730e+04
679.9279135518302,1.799944484716083753e+04
680.0023245731195,1.792575213540173354e+04
680.076784258521,1.785781666674881126e+04
680.1511816092886,1.779678988982330338e+04
680.2255859851732,1.772655152392790842e+04
680.3000482943368,1.761946680215296146e+04
680.374448213023,1.754922843625756650e+04
680.4488412562114,1.748359586484711690e+04
680.5232552007656,1.745711254655868834e+04
680.5976576301395,1.741566039619419462e+04
680.6721226617578,1.728669815061576446e+04
680.7465159407645,1.724870034611497613e+04
680.8209254830051,1.719803660678059532e+04
680.8953281128896,1.710707216570295350e+04
680.969723820552,1.704719683739868196e+04
681.0441775310805,1.701725917324654438e+04
681.118582574998,1.692399183492642987e+04
681.1929806772104,1.690096286250171033e+04
681.2673996753556,1.679963538383294508e+04
681.3418070819359,1.668909631619429274e+04
681.4162075273074,1.671673108310395401e+04
681.4906056458781,1.658776883752552385e+04
681.5649921401839,1.654171089267608477e+04
681.6393995215485,1.646801818091698442e+04
681.7137999143118,1.640929430123394923e+04
681.7882165503345,1.632408710326248547e+04
681.8626680324036,1.635517621603585758e+04
681.9370706711479,1.622851686769990010e+04
682.0114662918298,1.617439878250180845e+04
682.0858781465969,1.611567490281877326e+04
682.1602876270566,1.600513583518011910e+04
682.234615600839,1.598901555448281579e+04
682.3090342611832,1.592453443169360071e+04
682.3834179373963,1.588538517857157785e+04
682.4578224911205,1.574721134402326061e+04
682.5322153211919,1.575527148437191136e+04
682.6066290312607,1.571266788538617948e+04
682.6810356664762,1.565509545432438063e+04
682.7554352169042,1.560788606085370702e+04
682.8298276726078,1.547316657216909698e+04
682.9042363415565,1.541674558972853265e+04
682.9786379060591,1.536493040177291368e+04
683.052985700029,1.523596815619448535e+04
683.1273776822683,1.525208843689178866e+04
683.2017812028357,1.515651820132920147e+04
683.2761822579863,1.512082329407088582e+04
683.3505948498541,1.504022189058436743e+04
683.4249816151049,1.498149801090133224e+04
683.4993378598623,1.493428861743065863e+04
683.5737336498651,1.489283646706616310e+04
683.6481222681783,1.486635314877773453e+04
683.7225270786547,1.469363585559233798e+04
683.7968779498492,1.467406122903132564e+04
683.8712683772519,1.459000547968110004e+04
683.9456749923205,1.454509898345289730e+04
684.0200089024875,1.449788958998222188e+04
684.0944244901342,1.446104323410266989e+04
684.1688141432852,1.446564902858761343e+04
684.2431731578488,1.429638608126592590e+04
684.3175670692367,1.429753752988716042e+04
684.3919584235521,1.428141724918985710e+04
684.4662956794946,1.418239266776356271e+04
684.5407193753053,1.405688476804884158e+04
684.6151123876289,1.393367976557659131e+04
684.689455939193,1.385998705381748914e+04
684.7638578398391,1.373563060272400253e+04
684.8382055615216,1.372411611651164276e+04
684.9125975757681,1.366654368544984391e+04
684.9870010616816,1.357673069299343842e+04
685.0613315458365,1.348691770053703112e+04
685.1357438810281,1.341437643739916530e+04
685.2100831760683,1.330153447251803846e+04
685.2844855664139,1.325547652766859937e+04
685.3588336587155,1.320711568557668761e+04
685.4332213760933,1.316336063796972121e+04
685.5075782509971,1.310003096380174247e+04
685.5819089583205,1.309197082345308991e+04
685.6563216044284,1.309081937483185357e+04
685.7306563603778,1.308736502896814636e+04
685.8050589720733,1.298258320443567209e+04
685.8794024621719,1.303554984101252739e+04
685.9537903041233,1.296761437235960511e+04
686.0281472199982,1.289507310922173747e+04
686.1024731844336,1.286974123955454706e+04
686.1768811733403,1.277877679847690342e+04
686.2512158243778,1.265557179600465315e+04
686.3255665827462,1.262793702909499007e+04
686.3999617223745,1.256575880354824767e+04
686.4742975925424,1.247479436247060585e+04
686.5486495653337,1.242413062313622140e+04
686.6230412185406,1.238037557552925500e+04
686.6973829775881,1.229171403169408404e+04
686.7717408365776,1.220765828234385845e+04
686.8460676249846,1.212475398161486737e+04
686.920476563722,1.208099893400789915e+04
686.9948119535088,1.209021052297778806e+04
687.0691634335083,1.200039753052138076e+04
687.1434837923248,1.191979612703486237e+04
687.2178910716232,1.188179832253407585e+04
687.2922436114384,1.180349981629002832e+04
687.3665697193694,1.178737953559272501e+04
687.4409071790424,1.171253537521238650e+04
687.5152607193801,1.168144626243901439e+04
687.5896114344212,1.160890499930114856e+04
687.6639309442114,1.156284705445170948e+04
687.7383327394424,1.151909200684474126e+04
687.8126844041321,1.144885364094934630e+04
687.8870284875072,1.136594934022035704e+04
687.9613649794371,1.129801387156743294e+04
688.0357175394452,1.129686242294619842e+04
688.1100388231959,1.126462186155158997e+04
688.1843761649789,1.117826321495889169e+04
688.2587343070002,1.111608498941214930e+04
688.3330800913666,1.109190456836619342e+04
688.4074182439083,1.101130316487967502e+04
688.4817534945465,1.097560825762135937e+04
688.556104800579,1.096639666865147228e+04
688.6304200038998,1.088924961102866109e+04
688.7047797093452,1.083398007720933310e+04
688.7791080338786,1.079022502960236670e+04
688.8534524038824,1.073150114991933151e+04
688.9277890934775,1.072919825267686065e+04
689.0021418286908,1.064859684919034044e+04
689.0764868733971,1.057260124018876559e+04
689.1507577273879,1.057490413743123827e+04
689.2250873462091,1.052999764120303553e+04
689.2994377520117,1.047357665876247302e+04
689.3737756865256,1.041600422770067235e+04
689.4481106432635,1.038146076906359303e+04
689.5224616327603,1.029049632798595121e+04
689.5968001275772,1.028819343074348035e+04
689.6710880627454,1.025134707486392836e+04
689.745415792651,1.024789272900021933e+04
689.8197595452868,1.018341160621100607e+04
689.8941002876792,1.016613987689246642e+04
689.968380885931,1.008208412754223900e+04
690.0427250973174,1.005790370649628312e+04
690.1170662811704,1.004293487442021615e+04
690.1913949030705,9.999179826813247928e+03
690.2656966557213,9.940455947130212735e+03
690.3400334706062,9.923184217811673079e+03
690.4143672314507,9.918578423326729535e+03
690.4886454859029,9.915124077463022331e+03
690.5629874122526,9.783858934642119493e+03
690.6373214994773,9.801130663960659149e+03
690.7116000290887,9.775798794293468745e+03
690.7859422563533,9.712469120125490008e+03
690.8602336681432,9.619201781805375504e+03
690.9345601567937,9.616898884562902822e+03
691.0089026400582,9.568538042470992877e+03
691.0831942596561,9.547811967288744199e+03
691.157520963373,9.575446734198407285e+03
691.2318206545044,9.472967806908405692e+03
691.3061602170517,9.497148227954361573e+03
691.380444070193,9.405032338255483410e+03
691.45476779478,9.403880889634247069e+03
691.5290596795087,9.379700468588291187e+03
691.6033914459812,9.340551215466268332e+03
691.6776674311591,9.320976588905255994e+03
691.7520072241363,9.248435325767390168e+03
691.8262959912287,9.253041120252333712e+03
691.900643801485,9.218497661615254401e+03
691.9749166156074,9.188559997463118634e+03
692.0492005879099,9.157470884689746526e+03
692.123529252891,9.124078874673903556e+03
692.1978259721524,9.088383967415587904e+03
692.2721578136724,9.078020929824464474e+03
692.3464385130854,9.028508639111318189e+03
692.4207159769667,8.981299245640642766e+03
692.4950525395182,8.959421721837159566e+03
692.56933311711,8.982450694261879107e+03
692.6436056440851,8.946755787003563455e+03
692.7179660817585,8.889183355941764603e+03
692.7922272967613,8.833913822122436613e+03
692.8665236380322,8.808581952455246210e+03
692.9407927013435,8.805127606591537187e+03
693.0151497288059,8.765978353469514332e+03
693.089421837627,8.762524007605807128e+03
693.1636906489606,8.769432699333221535e+03
693.2379753787236,8.726829100347491476e+03
693.3122568047582,8.660045080315803716e+03
693.3865926140129,8.641621902376027720e+03
693.4608818498604,8.623198724436253542e+03
693.5351581466051,8.578292228208048982e+03
693.6094263017561,8.577140779586812641e+03
693.6837151767944,8.549506012677149556e+03
693.7579910889119,8.517265451282542926e+03
693.8322636527323,8.485024889887934478e+03
693.906552121247,8.502296619206474134e+03
693.9808998444166,8.450481431250855167e+03
694.0551719756728,8.405574935022652426e+03
694.1294600063287,8.455087225735800530e+03
694.2037398455482,8.360668438794449685e+03
694.2780114829652,8.295035867383998266e+03
694.3522990144666,8.324973531536134033e+03
694.426583156023,8.291581521520291062e+03
694.5008542537265,8.251280819777031866e+03
694.5751412401826,8.243220679428379299e+03
694.6494248189764,8.214434463897479873e+03
694.723700156412,8.219040258382423417e+03
694.7979624146619,8.156862032835681021e+03
694.8721970948218,8.172982313532984335e+03
694.9464717871994,8.148801892487029363e+03
695.0207623596758,8.084320769697814285e+03
695.0950205016327,8.087775115561522398e+03
695.1693186762369,7.991053431377699781e+03
695.2435843995215,8.012930955181182981e+03
695.3178708269531,8.009476609317475777e+03
695.3921441168008,7.972630253437923784e+03
695.4663655616765,7.920815065482304817e+03
695.5406463919401,7.942692589285788927e+03
695.6149237361514,7.925420859967249271e+03
695.6892121064967,7.859788288556797852e+03
695.7634969823528,7.864394083041742306e+03
695.8377008859716,7.862091185799269624e+03
695.9119932631442,7.805670203358707113e+03
695.9862772860863,7.764218052994211575e+03
696.06048026933,7.773429641964099574e+03
696.134771767185,7.760763707130503462e+03
696.2090548898484,7.698585481583761066e+03
696.2833296268801,7.731977491599604036e+03
696.3575523255896,7.688222443992636727e+03
696.4318151008928,7.677859406401513297e+03
696.5060403540568,7.691676789856344840e+03
696.58033480532,7.655981882598030097e+03
696.6545965750922,7.614529732233534560e+03
696.7288256373972,7.649073190870613871e+03
696.8030899410923,7.575380479111510795e+03
696.8773263707111,7.546594263580611369e+03
696.9516029071826,7.535079777368251598e+03
697.0258758450395,7.556957301171735708e+03
697.1000868630892,7.493627627003756970e+03
697.1743865928445,7.497081972867464174e+03
697.248609793035,7.483264589412632631e+03
697.3228682493078,7.417632018002182122e+03
697.3970987519848,7.430297952835777323e+03
697.4713645187727,7.396905942819934353e+03
697.5456023130668,7.369271175910270358e+03
697.6198072452165,7.368119727289034927e+03
697.6941009834452,7.341636409000607273e+03
697.7683131711979,7.343939306243079045e+03
697.8425898466292,7.293275566908696419e+03
697.9168092738975,7.326667576924539389e+03
697.9910201305657,7.276003837590156763e+03
698.0653003733468,7.255277762407908995e+03
698.1395184438109,7.286366875181280193e+03
698.2138010478819,7.218431406528357002e+03
698.2880311962213,7.225340098255773228e+03
698.3622527442063,7.196553882724873802e+03
698.4364656813189,7.243763276195549224e+03
698.510738305446,7.174676358921389692e+03
698.5849584048053,7.175827807542626033e+03
698.6591698720874,7.183887947891277690e+03
698.7334703424422,7.160858975466558149e+03
698.8076889513259,7.095226404056107640e+03
698.8818989069066,7.117103927859590840e+03
698.9561050840433,7.098680749919815753e+03
699.030322134609,7.065288739903971873e+03
699.1046038227042,7.048017010585432217e+03
699.1788328602486,7.066440188525208214e+03
699.2530532146016,7.042259767479252332e+03
699.3272599846256,7.013473551948352906e+03
699.4014873980228,7.039956870236780560e+03
699.4757061069474,7.023836589539476336e+03
699.5499161008405,7.006564860220936680e+03
699.6241418428359,7.020382243675769132e+03
699.6983588590565,6.976627196068801823e+03
699.7726405911895,6.967415607098913824e+03
699.8468646290141,6.953598223644082282e+03
699.9210848186354,6.962809812613970280e+03
699.9952913527262,6.950143877780374169e+03
700.0695185244031,6.916751867764530289e+03
700.1437320277023,6.923660559491946515e+03
700.2179661702849,6.876451166021271092e+03
700.2921670152689,6.920206213628238402e+03
700.3663345364773,6.868391025672619435e+03
700.4405423002715,6.859179436702731437e+03
700.5147657911945,6.858027988081496005e+03
700.5889804729994,6.829241772550596579e+03
700.6632108815323,6.820030183580708581e+03
700.7374324701444,6.813121491853292355e+03
700.81164522823,6.791243968049809155e+03
700.8858540575908,6.792395416671044586e+03
700.9600736910871,6.800455557019696244e+03
701.034240242214,6.822333080823180353e+03
701.1084716450022,6.771669341488796817e+03
701.1826646876575,6.756700509412729843e+03
701.2569029402329,6.708339667320818080e+03
701.3311077280009,6.726762845260594077e+03
701.4052790247227,6.737125882851717506e+03
701.4794906151762,6.687613592138570311e+03
701.5537179110803,6.703733872835874536e+03
701.6278673838922,6.699128078350930082e+03
701.7020768472739,6.704885321457109967e+03
701.776302010223,6.662281722471378998e+03
701.8505182480137,6.642707095910367570e+03
701.9246812071539,6.683007797653626767e+03
701.9989091214585,6.635798404182951344e+03
702.0730492261018,6.626586815213063346e+03
702.147283874415,6.627738263834299687e+03
702.2215095672381,6.616223777621939917e+03
702.2956523110257,6.596649151060928489e+03
702.3698847114229,6.592043356575984035e+03
702.4440341206173,6.604709291409580146e+03
702.5182485406029,6.548288308969016725e+03
702.5924786440079,6.609315085894523691e+03
702.6666306251165,6.574771627257444379e+03
702.7408427059752,6.554045552075196611e+03
702.8150013114393,6.534470925514185183e+03
702.8892200349155,6.529865131029241638e+03
702.9633852532902,6.510290504468230210e+03
703.0375414112833,6.511441953089465642e+03
703.1117577094595,6.484958634801037988e+03
703.1859204527385,6.502230364119577644e+03
703.2601235714659,6.522956439301825412e+03
703.3342928843769,6.519502093438117299e+03
703.4085025826428,6.455020970648903130e+03
703.482658658175,6.457323867891374903e+03
703.5568254210807,6.442355035815307019e+03
703.6310325789715,6.435446344087890793e+03
703.7052108243134,6.411265923041935821e+03
703.7793551808122,6.437749241330363475e+03
703.8535845204474,6.441203587194070678e+03
703.9277353723147,6.418174614769351138e+03
704.0019018493869,6.364056529571260398e+03
704.0760542132163,6.368662324056203943e+03
704.1502767406283,6.405508679935755936e+03
704.2244157321018,6.355996389222608741e+03
704.2985752975638,6.345633351631484402e+03
704.3727455222629,6.337573211282832744e+03
704.4469065581811,6.374419567162383828e+03
704.5211080295742,6.317998584721821317e+03
704.5952804534251,6.305332649888225205e+03
704.6694387032167,6.330664519555416518e+03
704.7435926983363,6.307635547130696978e+03
704.8177573342106,6.301878304024517092e+03
704.891917706452,6.327210173691709315e+03
704.9660688376695,6.276546434357325779e+03
705.0402107171044,6.277697882978562120e+03
705.114442771257,6.259274705038786124e+03
705.1885910002947,6.252366013311369898e+03
705.2627548254902,6.247760218826426353e+03
705.3369093767561,6.244305872962718240e+03
705.4110795235591,6.258123256417549783e+03
705.485220476971,6.233942835371594811e+03
705.5593969294841,6.299575406782045320e+03
705.6335441691415,6.225882695022943153e+03
705.7077020144703,6.201702273976987271e+03
705.7818057106044,6.193642133628335614e+03
705.8559498827009,6.176370404309795958e+03
705.9301096345012,6.170613161203616073e+03
706.0042849709166,6.205156619840695384e+03
706.0784260421825,6.199399376734515499e+03
706.1525826869397,6.166007366718671619e+03
706.2267549100956,6.169461712582379732e+03
706.3008928304606,6.155644329127548190e+03
706.3750014111765,6.144129842915188419e+03
706.4491704615375,6.164855918097436188e+03
706.5233051714449,6.159098674991256303e+03
706.5974853991634,6.137221151187772193e+03
706.6716262730434,6.162553020854963506e+03
706.745737753195,6.170613161203616073e+03
706.8198897594285,6.145281291536423851e+03
706.8940323424436,6.116495076005524425e+03
706.9681405012132,6.154492880506311849e+03
707.0422891955021,6.147584188778896532e+03
707.1164534452462,6.109586384278109108e+03
707.19055823756,6.153341431885076418e+03
707.2647035748213,6.083103065989681454e+03
707.3388694645195,6.136069702566536762e+03
707.4129708410553,6.162553020854963506e+03
707.4871177773351,6.083103065989681454e+03
707.5612752521206,6.111889281520580880e+03
707.6353781699282,6.095769000823276656e+03
707.7095466962406,6.110737832899344539e+03
707.7836305801062,6.103829141171929223e+03
707.857775071609,6.092314654959569452e+03
707.9318899937977,6.045105261488894030e+03
708.0060455013667,6.100374795308221110e+03
708.080146353211,6.088860309095861339e+03
708.1543078510902,6.100374795308221110e+03
708.2283845678539,6.088860309095861339e+03
708.3025520377458,6.096920449444512997e+03
708.3766397017445,6.054316850458782028e+03
708.4508131326904,6.092314654959569452e+03
708.5249067170731,6.047408158731365802e+03
708.5989906956581,6.066982785292377230e+03
708.673160478897,6.086557411853389567e+03
708.7472503492967,6.071588579777321684e+03
708.8213557131089,6.073891477019793456e+03
708.8955017018351,6.034742223897769691e+03
708.9696129404151,6.032439326655297918e+03
709.0436944296144,6.038196569761477804e+03
709.1178618009762,6.077345822883501569e+03
709.1919440994113,6.058922644943725572e+03
709.266041878377,6.047408158731365802e+03
709.3401601743607,6.046256710110129461e+03
709.4143140934323,6.018621943200466376e+03
709.4884130457813,6.014016148715522831e+03
709.5625023052012,6.026682083549118033e+03
709.6366020041326,5.993290073533275063e+03
709.71069703359,6.039348018382714145e+03
709.7848579170291,6.011713251473050150e+03
709.8589587159314,5.990987176290803291e+03
709.9330497882937,6.005956008366870265e+03
710.0071361642808,6.019773391821702717e+03
710.0812329625695,5.974866895593499066e+03
710.1553452280508,5.979472690078443520e+03
710.2294275672397,5.981775587320915292e+03
710.3035203190468,5.996744419396983176e+03
710.3776335778801,5.962200960759902955e+03
710.4517320198205,5.986381381805858837e+03
710.5258257276931,5.943777782820127868e+03
710.599909644176,5.970261101108555522e+03
710.6740090111854,5.972563998351027294e+03
710.7480985754111,5.946080680062599640e+03
710.8222035892967,5.950686474547543185e+03
710.8962987889969,5.969109652487319181e+03
710.9704094374856,5.921900259016643759e+03
711.0444849811654,5.933414745229003529e+03
711.1186012467011,5.954140820411251298e+03
711.1926874434225,5.910385772804283988e+03
711.2667840197356,5.940323436956419755e+03
711.3408251965476,5.904628529698104103e+03
711.4149070955419,5.921900259016643759e+03
711.4890246751831,5.933414745229003529e+03
711.5631121310784,5.904628529698104103e+03
711.6372150180558,5.901174183834396899e+03
711.7112320343467,5.918445913152936555e+03
711.7853404449295,5.886205351758329016e+03
711.8594389533098,5.886205351758329016e+03
711.9335275484821,5.871236519682261132e+03
712.0075605935059,5.896568389349452445e+03
712.0816546727544,5.866630725197316679e+03
712.1557641746032,5.857419136227429590e+03
712.2297927223119,5.874690865545969245e+03
712.3038823260575,5.850510444500013364e+03
712.377992420552,5.855116238984956908e+03
712.4520164203059,5.863176379333609475e+03
712.5261268825731,5.832087266560237367e+03
712.6001562828156,5.849358995878777023e+03
712.6742518579922,5.810209742756754167e+03
712.7483628435643,5.834390163802710049e+03
712.8223876211747,5.836693061045181821e+03
712.8964785986809,5.844753201393833479e+03
712.9705138140855,5.803301051029337941e+03
713.0446101673241,5.840147406908889934e+03
713.1186507279195,5.805603948271809713e+03
713.19275244439,5.815966985862934052e+03
713.2667983376626,5.803301051029337941e+03
713.3408290765726,5.787180770332034626e+03
713.4149057221886,5.795240910680686284e+03
713.4889468476811,5.782574975847090172e+03
713.5630542605719,5.767606143771023198e+03
713.6370752139885,5.763000349286078745e+03
713.71111152602,5.761848900664843313e+03
713.7852141503761,5.774514835498438515e+03
713.8592557248019,5.775666284119674856e+03
713.93328717658,5.790635116195742739e+03
714.0073900636712,5.764151797907315085e+03
714.0814267494405,5.783726424468326513e+03
714.1554583900697,5.736517030997651091e+03
714.2295512937391,5.730759787891471206e+03
714.3035881409775,5.771060489634730402e+03
714.3776148223176,5.736517030997651091e+03
714.451651744311,5.731911236512707546e+03
714.5256835921462,5.752637311694955315e+03
714.5997818492889,5.735365582376415659e+03
714.6738188625989,5.739971376861359204e+03
714.7478712188952,5.738819928240122863e+03
714.8218929356141,5.726153993406527661e+03
714.8959248750398,5.708882264087988005e+03
714.9699721505816,5.713488058572931550e+03
715.044014315487,5.710033712709223437e+03
715.1180411339378,5.695064880633156463e+03
715.1920883966163,5.749182965831247202e+03
715.2661714596333,5.705427918224279892e+03
715.3402238179556,5.722699647542819548e+03
715.4142403295658,5.718093853057876004e+03
715.488267040557,5.690459086148212009e+03
715.5623141930947,5.699670675118100007e+03
715.6363510669913,5.685853291663268465e+03
715.7103315493897,5.677793151314616807e+03
715.784373440411,5.700822123739336348e+03
715.8584050299637,5.688156188905740237e+03
715.932426306901,5.699670675118100007e+03
716.0064680199878,5.711185161330459778e+03
716.080494283165,5.672035908208436922e+03
716.1545409835085,5.695064880633156463e+03
716.2285722201125,5.721548198921583207e+03
716.3025469314863,5.673187356829672353e+03
716.3765882447348,5.647855487162481040e+03
716.4506192011959,5.710033712709223437e+03
716.5246654600803,5.703125020981808120e+03
716.5987013504475,5.692761983390683781e+03
716.6726754991479,5.659369973374840811e+03
716.7467162946405,5.680096048557088579e+03
716.8207466986998,5.659369973374840811e+03
716.8947667001454,5.678944599935852239e+03
716.9687557260248,5.693913432011920122e+03
717.0427805919613,5.695064880633156463e+03
717.116825887731,5.642098244056301155e+03
717.1908093232216,5.621372168874053386e+03
717.2648286044712,5.685853291663268465e+03
717.3388168541977,5.681247497178324011e+03
717.4128461038251,5.643249692677536586e+03
717.4868906346427,5.646704038541244699e+03
717.5608474726536,5.668581562344728809e+03
717.6348968087937,5.654764178889896357e+03
717.7088584084709,5.669733010965964240e+03
717.7828867763504,5.642098244056301155e+03
717.8568840385082,5.666278665102256127e+03
717.9309171761972,5.654764178889896357e+03
718.0048882559898,5.625977963358996931e+03
718.0789313004857,5.642098244056301155e+03
718.1528864689565,5.644401141298772927e+03
718.2268775063203,5.661672870617312583e+03
718.300914749167,5.646704038541244699e+03
718.3748898482226,5.642098244056301155e+03
718.4489059941204,5.634038103707649498e+03
718.5228857662477,5.628280860601469612e+03
718.5968549564894,5.612160579904165388e+03
718.6708910267723,5.640946795435064814e+03
718.7448648651658,5.646704038541244699e+03
718.8188539335962,5.631735206465176816e+03
718.8928117241455,5.624826514737761499e+03
718.9668571028507,5.620220720252817046e+03
719.040845353585,5.635189552328884929e+03
719.1148178064504,5.655915627511132698e+03
719.1887847916446,5.615614925767873501e+03
719.2628187285492,5.584525812994502303e+03
719.3367851179871,5.632886655086413157e+03
719.4107718973806,5.613312028525401729e+03
719.4847480151196,5.611009131282929957e+03
719.55871345993,5.609857682661693616e+03
719.6326941140954,5.578768569888322418e+03
719.7066692631995,5.554588148842366536e+03
719.780706250103,5.615614925767873501e+03
719.8546807424774,5.575314224024614305e+03
719.9286497097812,5.599494645070570186e+03
720.0026286960333,5.593737401964390301e+03
720.0766021474149,5.560345391948546421e+03
720.1505856143327,5.584525812994502303e+03
720.2245376004026,5.566102635054726306e+03
720.298530717732,5.577617121267086077e+03
720.3725079039693,5.591434504721917619e+03
720.446479525475,5.562648289191018193e+03
720.5204403826414,5.558042494706074649e+03
720.5943696939084,5.577617121267086077e+03
720.6683349523433,5.540770765387534993e+03
720.7423153966341,5.552285251599894764e+03
720.816285052651,5.551133802978658423e+03
720.890249105901,5.522347587447758997e+03
720.9642231419422,5.576465672645849736e+03
721.0382175601698,5.546528008493714879e+03
721.1121179678518,5.533862073660118767e+03
721.1860907374653,5.564951186433489966e+03
721.2600786851124,5.522347587447758997e+03
721.334050596095,5.516590344341579112e+03
721.4079648215145,5.506227306750455682e+03
721.4819202230957,5.495864269159331343e+03
721.5559168215076,5.497015717780567684e+03
721.6298296575088,5.508530203992927454e+03
721.7038045147077,5.509681652614162886e+03
721.777768491748,5.522347587447758997e+03
721.8516746809869,5.497015717780567684e+03
721.9256689717006,5.500470063644275797e+03
721.9996263053706,5.500470063644275797e+03
722.0735518685187,5.459017913279780259e+03
722.1475134315792,5.437140389476296150e+03
722.221443203523,5.434837492233824378e+03
722.2954141996532,5.399142584975509635e+03
722.369322077151,5.432534594991352606e+03
722.4432972736668,5.457866464658543919e+03
722.5172093181159,5.435988940855060719e+03
722.5911887015628,5.452109221552364033e+03
722.665104899496,5.439443286718768832e+03
722.7390623388185,5.406051276702924952e+03
722.8129878959985,5.415262865672812950e+03
722.8869756086152,5.418717211536521063e+03
722.9608791618889,5.386476650141913524e+03
723.0347925998112,5.387628098763149865e+03
723.1087786701618,5.394536790490565181e+03
723.1826700550422,5.357690434611014098e+03
723.2565817737539,5.372659266687081981e+03
723.3305609227724,5.400294033596745066e+03
723.4044767103132,5.372659266687081981e+03
723.4783814349788,5.381870855656969979e+03
723.5523797909511,5.334661462186294557e+03
723.6262885587613,5.385325201520677183e+03
723.7001862401456,5.347327397019889759e+03
723.7741042546204,5.321995527352698446e+03
723.8480321309023,5.373810715308317413e+03
723.9220013141903,5.335812910807529988e+03
723.9959122328532,5.349630294262362440e+03
724.0698330025856,5.311632489761575016e+03
724.1437478932739,5.297815106306743473e+03
724.2176516517817,5.328904219080114672e+03
724.2915652506016,5.328904219080114672e+03
724.3654729499798,5.293209311821799020e+03
724.4393957341822,5.312783938382810447e+03
724.51330736185,5.324298424595170218e+03
724.587207821535,5.283997722851911021e+03
724.6611286098097,5.311632489761575016e+03
724.7350592296857,5.283997722851911021e+03
724.80895240124,5.303572349412923359e+03
724.882865897012,5.287452068715619134e+03
724.9567892135801,5.269028890775843138e+03
725.0307013255602,5.307026695276630562e+03
725.1046074792529,5.265574544912135934e+03
725.1785287017594,5.273634685260787592e+03
725.2524334382222,5.272483236639551251e+03
725.326358500832,5.267877442154607706e+03
725.4002723250796,5.288603517336855475e+03
725.4741222682113,5.244848469729888166e+03
725.5480398915687,5.236788329381236508e+03
725.6219462528422,5.247151366972359938e+03
725.6958676722687,5.259817301805956049e+03
725.769783084779,5.219516600062696853e+03
725.8436292602167,5.222970945926404056e+03
725.9175431603215,5.197639076259212743e+03
725.9914510329734,5.240242675244943712e+03
726.0653686850188,5.250605712836068051e+03
726.1392275716657,5.243697021108651825e+03
726.2131278556831,5.221819497305168625e+03
726.2870379081896,5.193033281774269199e+03
726.3608891425325,5.188427487289324745e+03
726.4348081680206,5.194184730395504630e+03
726.50866306773,5.198790524880449084e+03
726.5825857784921,5.170004309349549658e+03
726.6564232085193,5.222970945926404056e+03
726.730349586392,5.183821692804381200e+03
726.8042645953695,5.173458655213256861e+03
726.8781153887404,5.163095617622133432e+03
726.9520393221525,5.153884028652245433e+03
727.0258672943038,5.170004309349549658e+03
727.0997948515045,5.155035477273481774e+03
727.1736528398144,5.144672439682357435e+03
727.2475046789152,5.152732580031010002e+03
727.3214244199837,5.100917392075390126e+03
727.3952533686669,5.141218093818650232e+03
727.4691766890326,5.119340570015166122e+03
727.5430356383624,5.113583326908986237e+03
727.6168831154938,5.119340570015166122e+03
727.6907985389481,5.087100008620558583e+03
727.7646495352022,5.104371737939098239e+03
727.838494332822,5.115886224151458009e+03
727.9123488191613,5.103220289317862807e+03
727.986271291593,5.069828279302018927e+03
728.0601080662049,5.079039868271906926e+03
728.1339810274446,5.072131176544490700e+03
728.2078212555151,5.072131176544490700e+03
728.2817295008361,5.058313793089659157e+03
728.3555996998778,5.019164539967636301e+03
728.429453049297,5.023770334452579846e+03
728.5033054557948,5.024921783073816187e+03
728.577140989502,5.057162344468422816e+03
728.6509914915385,5.050253652741007500e+03
728.7248569664563,5.006498605134040190e+03
728.7987108614303,5.003044259270332077e+03
728.872558477417,4.997287016164152192e+03
728.9464688832253,4.988075427194264194e+03
729.0203145595359,5.026073231695051618e+03
729.0941805149681,4.973106595118196310e+03
729.1680295392798,4.968500800633252766e+03
729.2418722535059,4.973106595118196310e+03
729.3156767351837,4.937411687859881567e+03
729.3895227579071,4.963895006148309221e+03
729.4633837365335,4.945471828208533225e+03
729.5372330643772,4.935108790617409795e+03
729.6110920231105,4.961592108905836540e+03
729.6849499652391,4.914382715435162027e+03
729.7587909091665,4.907474023707745800e+03
729.832646799371,4.922442855783813684e+03
729.9064377258716,4.905171126465274028e+03
729.9802755476569,4.918988509920105571e+03
730.0541496290818,4.909776920950217573e+03
730.1279906863275,4.875233462313138261e+03
730.2018413503896,4.875233462313138261e+03
730.2756322932343,4.864870424722014832e+03
730.3494914925877,4.854507387130890493e+03
730.4233389576001,4.834932760569879065e+03
730.497121314011,4.838387106433587178e+03
730.5709933006522,4.809600890902687752e+03
730.6448321837362,4.791177712962911755e+03
730.7186379386568,4.826872620221227407e+03
730.7924799682986,4.794632058826619868e+03
730.8662835069548,4.792329161584148096e+03
730.940128667791,4.784269021235496439e+03
731.0139673771906,4.778511778129316554e+03
731.0877622124666,4.731302384658641131e+03
731.1616307539186,4.748574113977180787e+03
731.2354072830598,4.716333552582573247e+03
731.3092735761231,4.715182103961336907e+03
731.3830531589755,4.710576309476393362e+03
731.4569011330443,4.718636449825045020e+03
731.5307105078027,4.707121963612685249e+03
731.6044812553652,4.687547337051673821e+03
731.6783471861277,4.659912570142009827e+03
731.7521477148499,4.659912570142009827e+03
731.8259899112759,4.653003878414594510e+03
731.899766660658,4.663366916005717940e+03
731.9735636445379,4.609248830807627201e+03
732.0473701527895,4.611551728050098973e+03
732.1212183467612,4.620763317019986971e+03
732.195006386356,4.610400279428863541e+03
732.2688093011474,4.575856820791783321e+03
732.3426485486638,4.595431447352795658e+03
732.4164544099781,4.563190885958188119e+03
732.4902214949792,4.575856820791783321e+03
732.5640302732379,4.547070605260883895e+03
732.6378270896475,4.528647427321108808e+03
732.7116656191168,4.553979296988300121e+03
732.7854653361854,4.515981492487512696e+03
732.8592530670325,4.495255417305264928e+03
732.9330341718326,4.492952520062793155e+03
733.0068247610646,4.497558314547736700e+03
733.0806302100424,4.465317753153130070e+03
733.1544290226378,4.491801071441556815e+03
733.2282104378809,4.466469201774365501e+03
733.3020120820065,4.481438033850433385e+03
733.3758016923423,4.433077191758522531e+03
733.4495738776542,4.463014855910657388e+03
733.5233662868974,4.458409061425713844e+03
733.5971735461529,4.420411256924926420e+03
733.6709687462483,4.480286585229197044e+03
733.7447518754218,4.390473592772790653e+03
733.818549846392,4.374353312075487338e+03
733.8923357337387,4.411199667955038421e+03
733.9660610421337,4.370898966211779225e+03
734.039849657903,4.403139527606386764e+03
734.113653111708,4.337506956195936255e+03
734.1874498467755,4.362838825863127568e+03
734.2612290717857,4.331749713089756369e+03
734.3349476318791,4.336355507574699914e+03
734.4087618993168,4.330598264468520028e+03
734.4825316665394,4.325992469983576484e+03
734.5563216510071,4.319083778256160258e+03
734.6300724954872,4.317932329634923917e+03
734.7038651403906,4.276480179270429289e+03
734.7776456166251,4.309872189286272260e+03
734.8513869120628,4.292600459967732604e+03
734.9251700158896,4.293751908588968945e+03
734.99889230638,4.253451206845709748e+03
735.0727050353661,4.262662795815596837e+03
735.1464785471829,4.237330926148405524e+03
735.220218219237,4.253451206845709748e+03
735.2939943121419,4.237330926148405524e+03
735.367736543824,4.216604850966157755e+03
735.4415206118363,4.206241813375034326e+03
735.5152599796714,4.201636018890089872e+03
735.5890466014831,4.170546906116718674e+03
735.662766849309,4.184364289571550216e+03
735.7365830712438,4.180909943707843013e+03
735.8103058246913,4.185515738192786557e+03
735.8840433540496,4.178607046465370331e+03
735.957822745456,4.206241813375034326e+03
736.0315681756952,4.167092560253010561e+03
736.1052958754302,4.141760690585819248e+03
736.1790654451154,4.138306344722111135e+03
736.252801015933,4.141760690585819248e+03
736.326545937147,4.149820830934470905e+03
736.4003381699183,4.145215036449527361e+03
736.4740584115469,4.115277372297391594e+03
736.5477988397872,4.130246204373459477e+03
736.6215269056551,4.099157091600088279e+03
736.6952425972906,4.102611437463796392e+03
736.7690544685436,4.094551297115144280e+03
736.8427725447069,4.084188259524020395e+03
736.9165053742005,4.055402043993120969e+03
736.9902258037228,4.083036810902784509e+03
737.0639609845649,4.046190455023232971e+03
737.137689186275,4.048493352265704743e+03
737.2114267046566,4.045039006401997085e+03
737.2851517972983,4.046190455023232971e+03
737.358897074205,4.046190455023232971e+03
737.4326244765816,4.008192650522445547e+03
737.5063448675909,4.001283958795029776e+03
737.5800799995792,3.990920921203905891e+03
737.6538026703106,3.996678164310085776e+03
737.7275346375662,4.007041201901209661e+03
737.8012595719805,3.982860780855254234e+03
737.8749992432967,3.987466575340198233e+03
737.9487264275168,3.956377462566826580e+03
738.022468346593,3.944862976354466809e+03
738.0961977656417,3.919531106687275042e+03
738.169865632222,3.931045592899634812e+03
738.2435972558687,3.937954284627051038e+03
738.3173218057595,3.918379658066039156e+03
738.3910556298822,3.919531106687275042e+03
738.4647823694751,3.902259377368735386e+03
738.5384638351453,3.860807227004240303e+03
738.612192738524,3.876927507701544073e+03
738.685909081362,3.855049983898060418e+03
738.7595855634423,3.883836199428959844e+03
738.8332985789483,3.852747086655588191e+03
738.9070317658445,3.840081151821992535e+03
738.9807032179243,3.851595638034352305e+03
739.0544385201678,3.819355076639744766e+03
739.1281065918952,3.823960871124688765e+03
739.2018439933116,3.817052179397272994e+03
739.2755687822585,3.802083347321205110e+03
739.3492317494262,3.779054374896485569e+03
739.4229859424029,3.802083347321205110e+03
739.4966509491076,3.770994234547833912e+03
739.5703798618135,3.752571056608058370e+03
739.6440468874771,3.737602224531990487e+03
739.7177778366447,3.715724700728506832e+03
739.791446866122,3.724936289698394830e+03
739.8651032005454,3.693847176925023177e+03
739.9388289543585,3.689241382440079178e+03
740.0125146409633,3.690392831061315064e+03
740.086187618405,3.667363858636595523e+03
740.1599026583724,3.660455166909179752e+03
740.2335830692062,3.667363858636595523e+03
740.3072452674804,3.658152269666707980e+03
740.3809769441689,3.644334886211875983e+03
740.4546465508478,3.639729091726931983e+03
740.5283253357537,3.595974044119965129e+03
740.6019968452496,3.600579838604908673e+03
740.6757323886792,3.591368249635021130e+03
740.7493783611862,3.585611006528841244e+03
740.8230664214437,3.567187828589065248e+03
740.8967416974003,3.591368249635021130e+03
740.9704041770528,3.561430585482885363e+03
741.0440813057113,3.569490725831537475e+03
741.1177456249695,3.556824790997941818e+03
741.1914740338814,3.538401613058165822e+03
741.265145682029,3.534947267194458163e+03
741.3387990020083,3.494646565451198512e+03
741.4124669600711,3.513069743390974509e+03
741.4861550585991,3.503858154421086510e+03
741.5598248114671,3.486586425102546855e+03
741.6334872037764,3.490040770966254968e+03
741.7070817125386,3.437074134389399660e+03
741.7807678621677,3.471617593026478971e+03
741.8544191228816,3.434771237146927888e+03
741.9281125335501,3.435922685768163774e+03
742.0017600242695,3.445134274738051772e+03
742.0754276444354,3.426711096798275776e+03
742.1491098938311,3.410590816100972006e+03
742.2227792320809,3.415196610585916005e+03
742.2963860567804,3.400227778509848122e+03
742.3700570824167,3.400227778509848122e+03
742.4437151716932,3.349564039175465041e+03
742.5173878791576,3.384107497812544807e+03
742.5909980073593,3.351866936417937268e+03
742.6646723713906,3.346109693311757383e+03
742.7383392893086,3.346109693311757383e+03
742.8119656461523,3.324232169508273728e+03
742.8856286765096,3.348412590554229155e+03
742.9592842387771,3.340352450205577497e+03
743.0328991982909,3.305808991568498186e+03
743.1065563576633,3.317323477780857957e+03
743.1801728901319,3.300051748462318301e+03
743.2538592524501,3.297748851219846074e+03
743.3274497210764,3.285082916386250417e+03
743.4011100282263,3.252842354991642878e+03
743.4747296601421,3.264356841204002649e+03
743.5483970465806,3.236722074294339109e+03
743.6220182060574,3.277022776037598305e+03
743.6956816000841,3.243630766021754880e+03
743.7692821427946,3.239024971536811336e+03
743.8429470520473,3.243630766021754880e+03
743.916576747615,3.237873522915574995e+03
743.990165669035,3.252842354991642878e+03
744.0638466591978,3.199875718414788025e+03
744.1374370340701,3.199875718414788025e+03
744.2110696595498,3.217147447733327681e+03
744.284716858413,3.175695297368832144e+03
744.3583232280512,3.213693101869619568e+03
744.4319496995879,3.179149643232540257e+03
744.5055574804348,3.161877913914000601e+03
744.5791520991629,3.175695297368832144e+03
744.6528444452033,3.169938054262652258e+03
744.7264460022811,3.167635157020180486e+03
744.8000565630955,3.136546044246808833e+03
744.8736594835683,3.133091698383101175e+03
744.9472714032472,3.137697492868044719e+03
745.0208756714717,3.135394595625572947e+03
745.094494486024,3.114668520443325178e+03
745.168100087441,3.130788801140628948e+03
745.2416924635781,3.111214174579617520e+03
745.3152993770332,3.123880109413213177e+03
745.3889152760675,3.099699688367257750e+03
745.4625290474098,3.112365623200853406e+03
745.5361240107667,3.069762024215121983e+03
745.609733506721,3.088185202154897979e+03
745.6833575395775,3.089336650776133865e+03
745.7569683059694,3.069762024215121983e+03
745.8305713563644,3.090488099397369751e+03
745.9041833730809,3.064004781108942097e+03
745.9777876626403,3.060550435245234439e+03
746.0514009139459,3.046733051790402442e+03
746.1249507566789,3.043278705926694784e+03
746.1985429433485,3.022552630744447015e+03
746.2721496486159,3.027158425229391014e+03
746.3457708767787,3.017946836259503016e+03
746.4193230608547,3.019098284880738902e+03
746.4929176060401,3.037521462820514898e+03
746.5665266650274,3.038672911441750784e+03
746.640066621393,3.022552630744447015e+03
746.7136768253059,2.998372209698491588e+03
746.7873015449047,3.006432350047143245e+03
746.8608348022583,2.999523658319727474e+03
746.934460649653,2.990312069349839476e+03
747.0080507927156,2.988009172107367704e+03
747.0815940434294,2.968434545546355821e+03
747.1552131827909,2.961525853818940050e+03
747.2287630801482,2.962677302440175936e+03
747.3023777208953,2.952314264849052051e+03
747.3759007391845,2.976494685895007933e+03
747.4495220280663,2.973040340031299820e+03
747.5230740040879,2.946557021742872166e+03
747.5966125121065,2.913165011727028741e+03
747.6702213915038,2.925830946560624852e+03
747.7437608993716,2.923528049318152625e+03
747.8173763904779,2.924679497939388511e+03
747.8909168833824,2.894741833787253199e+03
747.9644718416794,2.897044731029724971e+03
748.0380188872018,2.882075898953657543e+03
748.111630768237,2.883227347574893429e+03
748.1851787691317,2.898196179650961312e+03
748.2587356337701,2.857895477907701661e+03
748.3322845630789,2.877470104468713544e+03
748.405875958131,2.863652721013881546e+03
748.4794258064913,2.849835337559050004e+03
748.5529901125466,2.847532440316578231e+03
748.626540858474,2.827957813755566349e+03
748.7000780320159,2.840623748589162005e+03
748.7736296540094,2.811837533058262579e+03
748.8471676901079,2.823352019270622350e+03
748.920776260387,2.829109262376802235e+03
748.994315154041,2.812988981679498465e+03
749.0678741021718,2.811837533058262579e+03
749.1414138274398,2.774991177178711496e+03
749.2149736068789,2.794565803739722924e+03
749.2885141477188,2.801474495467138695e+03
749.362046665244,2.770385382693767497e+03
749.4355374512597,2.778445523042419154e+03
749.5090988297237,2.774991177178711496e+03
749.5826465568359,2.780748420284891381e+03
749.656175000463,2.777294074421183268e+03
749.7297234916311,2.764628139587587611e+03
749.803286415846,2.742750615784103957e+03
749.8768356615918,2.742750615784103957e+03
749.9503205982728,2.751962204753991500e+03
750.0238705670453,2.731236129571744186e+03
750.0974068314757,2.717418746116912189e+03
750.170963144645,2.711661503010732304e+03
750.2444438267519,2.678269492994888878e+03
750.318000832892,2.719721643359384416e+03
750.3915384788514,2.677118044373652992e+03
750.4650398530696,2.680572390237361105e+03
750.5385837931271,2.675966595752417106e+03
750.6121083437756,2.678269492994888878e+03
750.6855965835151,2.670209352646237221e+03
750.7591555782365,2.657543417812641565e+03
750.8326444278694,2.646028931600281794e+03
750.9061758589805,2.637968791251629682e+03
750.9796652967866,2.627605753660505798e+03
751.053225528571,2.634514445387921569e+03
751.1267211857668,2.626454305039269912e+03
751.2002538005404,2.641423137115337795e+03
751.2737443726544,2.701298465419608419e+03
751.347283196831,2.625302856418034025e+03
751.4207743095347,2.599970986750842258e+03
751.4942572105898,2.591910846402190600e+03
751.567805321994,2.581547808811066716e+03
751.641288735935,2.561973182250054833e+03
751.7147865207419,2.578093462947358603e+03
751.7883269399143,2.553913041901403176e+03
751.8618252198199,2.568881873977471059e+03
751.9353096018531,2.550458696037695063e+03
752.0087800736492,2.550458696037695063e+03
752.082349748397,2.553913041901403176e+03
752.1558206716313,2.510157994294435866e+03
752.2293059510168,2.536641312582863520e+03
752.3028112503567,2.523975377749267864e+03
752.3762686487676,2.519369583264323865e+03
752.4497687028702,2.515915237400615752e+03
752.5232604672466,2.506703648430728208e+03
752.5967892449822,2.515915237400615752e+03
752.6702814069297,2.521672480506795637e+03
752.74378792351,2.484826124627244553e+03
752.8172521255437,2.481371778763536440e+03
752.890753342267,2.465251498066232671e+03
752.9642462347487,2.475614535657356555e+03
753.0377251232514,2.481371778763536440e+03
753.111218354199,2.461797152202525012e+03
753.1846408387155,2.462948600823760898e+03
753.2581116847355,2.460645703581288672e+03
753.331591190779,2.441071077020277244e+03
753.4050850339123,2.442222525641513130e+03
753.4785648318334,2.441071077020277244e+03
753.552064642568,2.441071077020277244e+03
753.6254879218887,2.458342806338816899e+03
753.698987997613,2.433010936671625132e+03
753.7724683210844,2.409981964246905591e+03
753.845940242228,2.409981964246905591e+03
753.9193696482735,2.419193553216793589e+03
753.9928702112186,2.431859488050389245e+03
754.0663566760842,2.397316029413309934e+03
754.1397721577508,2.377741402852298506e+03
754.2132588199502,2.388104440443421936e+03
754.286731357841,2.406527618383197932e+03
754.3601613060175,2.392710234928365935e+03
754.433662469434,2.384650094579714278e+03
754.5070697940439,2.363924019397466509e+03
754.580571120139,2.374287056988590393e+03
754.6540013426822,2.342046495593982854e+03
754.7274800348059,2.368529813882410508e+03
754.8009103674891,2.353560981806342625e+03
754.8743891803196,2.377741402852298506e+03
754.9478196065738,2.350106635942634966e+03
755.0212985235391,2.345500841457690967e+03
755.0947347284628,2.321320420411735086e+03
755.1681567061893,2.319017523169263313e+03
755.2416500027333,2.332834906624094856e+03
755.3150720303312,2.331683458002858970e+03
755.3884798044081,2.319017523169263313e+03
755.4619874570354,2.309805934199375315e+03
755.535395250506,2.319017523169263313e+03
755.6088173113466,2.316714625926791541e+03
755.6822593542736,2.309805934199375315e+03
755.7557385217809,2.290231307638363887e+03
755.8291520013627,2.294837102123307886e+03
755.9025740310907,2.304048691093195430e+03
755.9760160417866,2.300594345229487772e+03
756.0494380281855,2.292534204880835659e+03
756.122851408895,2.302897242471959544e+03
756.196279048058,2.278716821426004117e+03
756.2697209498288,2.294837102123307886e+03
756.3431485156143,2.277565372804768231e+03
756.4166132278519,2.276413924183531890e+03
756.490046430767,2.260293643486228120e+03
756.563402310791,2.253384951758812349e+03
756.6368296685728,2.252233503137576463e+03
756.710271280547,2.252233503137576463e+03
756.7836985147853,2.234961773819036807e+03
756.8571170870929,2.234961773819036807e+03
756.9305441765948,2.214235698636789039e+03
757.0039625924522,2.254536400380048235e+03
757.0773895204559,2.221144390364204810e+03
757.1508077630942,2.232658876576565035e+03
757.2241829078598,2.223447287606677037e+03
757.2975952154935,2.203872661045665154e+03
757.3710274951507,2.216538595879261266e+03
757.4444453309834,2.195812520697013497e+03
757.5178200187852,2.205024109666901495e+03
757.5912376210018,2.213084250015553152e+03
757.664669455667,2.208478455530609153e+03
757.7380294018718,2.205024109666901495e+03
757.8114609832415,2.187752380348361839e+03
757.884883822762,2.181995137242181499e+03
757.9582576961611,2.160117613438698299e+03
758.0316745087733,2.165874856544878185e+03
758.1050538201592,2.165874856544878185e+03
758.1784703328954,2.180843688620945613e+03
758.2518205742088,2.137088641013978304e+03
758.3252712680576,2.157814716196226072e+03
758.3986211596865,2.148603127226338074e+03
758.4720370175761,2.140542986877686417e+03
758.545415305501,2.130179949286562533e+03
758.6187790176235,2.156663267574990186e+03
758.692185702744,2.146300229983866302e+03
758.7655490229096,2.116362565831730990e+03
758.8389841161411,2.146300229983866302e+03
758.9123470329839,2.111756771346786991e+03
758.985729896929,2.108302425483078878e+03
759.0590923834825,2.118665463074202762e+03
759.1324978677417,2.109453874104314764e+03
759.2058656754364,2.107150976861842992e+03
759.2792419009955,2.095636490649483221e+03
759.3526092466964,2.081819107194651679e+03
759.4259619360007,2.099090836513191334e+03
759.4993807137987,2.084122004437123451e+03
759.5727617631621,2.070304620982291453e+03
759.6461281405926,2.078364761330943566e+03
759.7194798334775,2.063395929254875682e+03
759.79284569346,2.092182144785775108e+03
759.8662199506782,2.065698826497347909e+03
759.9395910557283,2.048427097178808253e+03
760.0129416740881,2.036912610966448256e+03
760.0863064536592,2.050729994421280026e+03
760.1596565064068,2.041518405451392255e+03
760.2330264969562,2.051881443042515912e+03
760.3064048714377,2.049578545800044139e+03
760.3797685035091,2.050729994421280026e+03
760.4531231634235,2.026549573375324371e+03
760.5264341378603,2.019640881647908600e+03
760.5997823891312,2.033458265102740370e+03
760.6731505760081,2.028852470617796371e+03
760.7465329185825,2.017337984405436600e+03
760.8198946901349,2.004672049571840716e+03
760.893195347572,2.005823498193076830e+03
760.9665564561759,2.011580741299256715e+03
761.039908545017,1.998914806465660831e+03
761.1132805694576,1.998914806465660831e+03
761.186574038077,1.966674245071053519e+03
761.2599395757078,1.992006114738245060e+03
761.3332612942629,1.985097423010829061e+03
761.4066319227295,1.973582936798469291e+03
761.4799819030882,1.968977142313525519e+03
761.5532938204132,1.956311207479929635e+03
761.6266430583955,1.958614104722401635e+03
761.6999542102297,1.935585132297682094e+03
761.7733026886444,1.951705412994985863e+03
761.8466130577877,1.943645272646333979e+03
761.9199955907541,1.909101814009254440e+03
761.9932761350078,1.936736580918917980e+03
762.0665998139598,1.928676440570266095e+03
762.1399666484456,1.934433683676445980e+03
762.2132604654904,1.919464851600378324e+03
762.2866264890819,1.916010505736670439e+03
762.3599194586624,1.907950365388018554e+03
762.4332265236651,1.914859057115434325e+03
762.5065244315081,1.898738776418130783e+03
762.5798887714861,1.917161954357906325e+03
762.653209066283,1.892981533311950898e+03
762.726491103933,1.879164149857119128e+03
762.7998163192037,1.881467047099590900e+03
762.8731789131846,1.880315598478355014e+03
762.9464741276457,1.882618495720827013e+03
763.0197834275534,1.874558355372175129e+03
763.0930777014148,1.865346766402287358e+03
763.1663802334256,1.889527187448242785e+03
763.2396735482423,1.858438074674871359e+03
763.312980942364,1.843469242598803703e+03
763.3863024198473,1.840014896735095817e+03
763.4595855263992,1.841166345356331703e+03
763.5329060235777,1.838863448113859704e+03
763.6062114503713,1.848075037083747475e+03
763.6795017940418,1.852680831568691474e+03
763.7528120409493,1.830803307765207819e+03
763.8261013583818,1.828500410522735820e+03
763.8994105781957,1.821591718795320048e+03
763.9727280347157,1.823894616037792048e+03
764.0459486507003,1.812380129825432277e+03
764.1192708849686,1.804319989476780393e+03
764.1925721540134,1.814683027067904050e+03
764.265864123763,1.777836671188352739e+03
764.339170153393,1.808925783961724164e+03
764.4124025979912,1.791654054643184509e+03
764.4857075207827,1.811228681204196164e+03
764.5590265043799,1.787048260158240737e+03
764.6322718534416,1.785896811537004623e+03
764.7055663242454,1.792805503264420622e+03
764.7788689989354,1.772079428082172853e+03
764.8520979783581,1.766322184975992968e+03
764.9254053449329,1.773230876703408967e+03
764.9986623906358,1.785896811537004623e+03
765.0719685894694,1.764019287733520969e+03
765.1451951672625,1.773230876703408967e+03
765.2185001752471,1.774382325324644853e+03
765.2917606634498,1.753656250142397312e+03
765.3650586119669,1.757110596006105197e+03
765.438288577042,1.732930174960149543e+03
765.5115911575078,1.766322184975992968e+03
765.5848491670143,1.755959147384869084e+03
765.6580918875516,1.759413493248577197e+03
765.7313779407682,1.747899007036217427e+03
765.8046193790093,1.747899007036217427e+03
765.8778806952203,1.745596109793745427e+03
765.9511794972256,1.745596109793745427e+03
766.0244043117671,1.738687418066329428e+03
766.0976489972652,1.753656250142397312e+03
766.1709018207467,1.750201904278689199e+03
766.2441451689594,1.732930174960149543e+03
766.31745537396,1.723718585990261772e+03
766.3906973785047,1.723718585990261772e+03
766.4639240114803,1.732930174960149543e+03
766.5371587632285,1.713355548399137888e+03
766.610413388223,1.707598305292958003e+03
766.6836526256157,1.708749753914194116e+03
766.7569058583788,1.706446856671722117e+03
766.8301436890999,1.699538164944306118e+03
766.9033661049401,1.704143959429250117e+03
766.9766319183701,1.681114987004530576e+03
767.049858779082,1.704143959429250117e+03
767.1230937389751,1.683417884247002576e+03
767.196342684586,1.689175127353182461e+03
767.2695820718163,1.696083819080598232e+03
767.3427706741372,1.678812089762058577e+03
767.4160085761127,1.689175127353182461e+03
767.4892545691928,1.674206295277114577e+03
767.5624909794419,1.676509192519586577e+03
767.6357413679548,1.670751949413406692e+03
767.7089173321764,1.658086014579810808e+03
767.7821603029794,1.653480220094867036e+03
767.8553936664732,1.654631668716102922e+03
767.928641001735,1.651177322852395037e+03
768.001843330076,1.638511388018799153e+03
768.0750596156819,1.647722976988687151e+03
768.1482662604737,1.638511388018799153e+03
768.2215104680862,1.650025874231159150e+03
768.2947391311019,1.651177322852395037e+03
768.3679227171707,1.637359939397563267e+03
768.441155676817,1.631602696291383381e+03
768.5143376298478,1.636208490776327380e+03
768.5875985030231,1.620088210079023611e+03
768.6607551772538,1.625845453185203496e+03
768.7340085126597,1.643117182503743152e+03
768.8071930624363,1.624694004563967383e+03
768.8803619892306,1.633905593533855381e+03
768.9535980606818,1.641965733882507266e+03
769.0267948587721,1.615482415594079612e+03
769.0999760176759,1.633905593533855381e+03
769.1732302685929,1.605119378002955727e+03
769.2464097142773,1.623542555942731497e+03
769.3195794118245,1.610876621109135840e+03
769.3928163071785,1.609725172487899727e+03
769.4660079399233,1.609725172487899727e+03
769.5391838897698,1.608573723866663840e+03
769.6123796819868,1.609725172487899727e+03
769.6855538548153,1.618936761457787497e+03
769.7587182425186,1.609725172487899727e+03
769.8319202468393,1.597059237654304070e+03
769.9051421026546,1.593604891790595957e+03
769.97834824532,1.574030265229584302e+03
770.0515030831361,1.574030265229584302e+03
770.1247074085248,1.582090405578236187e+03
770.1978663329771,1.588999097305652185e+03
770.2710688242653,1.584393302820708186e+03
770.3442258887268,1.587847648684416072e+03
770.4173671736539,1.576333162472056301e+03
770.4905282854356,1.568273022123404417e+03
770.5637270444658,1.538335357971269104e+03
770.6369100189285,1.559061433153516646e+03
770.7100771958651,1.560212881774752532e+03
770.7832642087253,1.548698395562392761e+03
770.856459180459,1.559061433153516646e+03
770.9295551317979,1.533729563486325105e+03
771.0027481693259,1.539486806592504990e+03
771.0759313239301,1.526820871758909107e+03
771.1490926926053,1.533729563486325105e+03
771.2222144154819,1.523366525895201221e+03
771.2954094963922,1.521063628652729221e+03
771.368588721728,1.521063628652729221e+03
771.4417223223901,1.522215077273965335e+03
771.5148995537488,1.507246245197897451e+03
771.5880013670636,1.534881012107560991e+03
771.6612063537742,1.499186104849245794e+03
771.734306117772,1.487671618636885796e+03
771.8074852581613,1.504943347955425679e+03
771.8806127402132,1.491125964500593909e+03
771.953783876625,1.484217272773177910e+03
772.0269152446992,1.479611478288234139e+03
772.1000843158894,1.496883207606773794e+03
772.1732135949969,1.481914375530705911e+03
772.2463209463975,1.487671618636885796e+03
772.3195077548475,1.494580310364301795e+03
