X,Y
534.0051269287335,1.683000000000000000e+03
534.0808105837979,1.696000000000000000e+03
534.1564941245075,1.686000000000000000e+03
534.2322387608131,1.678000000000000000e+03
534.3079223194351,1.695000000000000000e+03
534.3836059646314,1.687000000000000000e+03
534.459289487409,1.696000000000000000e+03
534.534973107135,1.691000000000000000e+03
534.6106567862021,1.684000000000000000e+03
534.6863402868432,1.708000000000000000e+03
534.7620238571769,1.697000000000000000e+03
534.8377074881613,1.713000000000000000e+03
534.9134522313972,1.727000000000000000e+03
534.9891358020897,1.732000000000000000e+03
535.0648193202943,1.727000000000000000e+03
535.140502776876,1.734000000000000000e+03
535.2161864491509,1.742000000000000000e+03
535.2918700416792,1.760000000000000000e+03
535.367553831929,1.753000000000000000e+03
535.4432372375885,1.768000000000000000e+03
535.5189208228152,1.782000000000000000e+03
535.594604578686,1.768000000000000000e+03
535.6702882093306,1.786000000000000000e+03
535.745971418549,1.782000000000000000e+03
535.8216553453357,1.775000000000000000e+03
535.8973391196765,1.795000000000000000e+03
535.9730227323798,1.796000000000000000e+03
536.0487061742487,1.794000000000000000e+03
536.1243894360814,1.802000000000000000e+03
536.2000730836918,1.801000000000000000e+03
536.275756820763,1.802000000000000000e+03
536.3514406383212,1.800000000000000000e+03
536.4271239518794,1.825000000000000000e+03
536.5028079033076,1.839000000000000000e+03
536.5784913324379,1.818000000000000000e+03
536.6541748057845,1.840000000000000000e+03
536.7298583143477,1.838000000000000000e+03
536.8055421372837,1.836000000000000000e+03
536.8812254011024,1.845000000000000000e+03
536.9569092495924,1.859000000000000000e+03
537.0325928090099,1.853000000000000000e+03
537.1082763585715,1.851000000000000000e+03
537.1839598892475,1.868000000000000000e+03
537.2596436806508,1.873000000000000000e+03
537.3353268577979,1.867000000000000000e+03
537.411010566398,1.874000000000000000e+03
537.4866335528031,1.885000000000000000e+03
537.5623168365025,1.901000000000000000e+03
537.6380003360828,1.888000000000000000e+03
537.7136843318589,1.895000000000000000e+03
537.7893676583791,1.911000000000000000e+03
537.8650511739759,1.905000000000000000e+03
537.940734869813,1.922000000000000000e+03
538.0164184475874,1.915000000000000000e+03
538.0920408046188,1.921000000000000000e+03
538.1677246810524,1.935000000000000000e+03
538.2434084124591,1.933000000000000000e+03
538.3190919897331,1.937000000000000000e+03
538.3947756936324,1.937000000000000000e+03
538.4704589353845,1.943000000000000000e+03
538.5461425757196,1.939000000000000000e+03
538.6217653920648,1.942000000000000000e+03
538.6974486256656,1.955000000000000000e+03
538.7731322312683,1.960000000000000000e+03
538.8488156195046,1.963000000000000000e+03
538.9244993621073,1.984000000000000000e+03
539.0001221504488,1.953000000000000000e+03
539.0758056867688,1.984000000000000000e+03
539.1514895509623,1.986000000000000000e+03
539.2271725712882,1.985000000000000000e+03
539.3027954051873,2.005000000000000000e+03
539.378479310497,2.002000000000000000e+03
539.4541629264281,1.995000000000000000e+03
539.5298462437939,2.016000000000000000e+03
539.6054689803647,2.021000000000000000e+03
539.6811522386217,2.003000000000000000e+03
539.7568363363963,2.034000000000000000e+03
539.832519225528,2.029000000000000000e+03
539.9081423044014,2.048000000000000000e+03
539.9838259373797,2.037000000000000000e+03
540.0595095003099,2.049000000000000000e+03
540.1351320092971,2.035000000000000000e+03
540.2108150962631,2.063000000000000000e+03
540.2864989617823,2.067000000000000000e+03
540.362121111465,2.055000000000000000e+03
540.4378056155781,2.085000000000000000e+03
540.5134888278695,2.077000000000000000e+03
540.5891111220752,2.072000000000000000e+03
540.6647949195459,2.085000000000000000e+03
540.7404782741969,2.068000000000000000e+03
540.8161009254455,2.062000000000000000e+03
540.8917848125893,2.102000000000000000e+03
540.9674685225426,2.087000000000000000e+03
541.0430911589102,2.109000000000000000e+03
541.1187741775063,2.104000000000000000e+03
541.194457870279,2.123000000000000000e+03
541.2700807045082,2.099000000000000000e+03
541.3457636520761,2.138000000000000000e+03
541.4213865683067,2.127000000000000000e+03
541.497070200242,2.130000000000000000e+03
541.5727541699249,2.128000000000000000e+03
541.648376858336,2.145000000000000000e+03
541.7240599931954,2.180000000000000000e+03
541.7996829685276,2.154000000000000000e+03
541.8753664065381,2.167000000000000000e+03
541.950988459017,2.175000000000000000e+03
542.0266721649095,2.188000000000000000e+03
542.1022953150494,2.171000000000000000e+03
542.1779780782617,2.204000000000000000e+03
542.2536014098382,2.198000000000000000e+03
542.329284076073,2.232000000000000000e+03
542.4049075539548,2.215000000000000000e+03
542.4805912648831,2.224000000000000000e+03
542.5562136767595,2.248000000000000000e+03
542.631897220388,2.235000000000000000e+03
542.7075197075332,2.252000000000000000e+03
542.7832033429272,2.230000000000000000e+03
542.8588255754784,2.255000000000000000e+03
542.9345092673785,2.261000000000000000e+03
543.0101320942985,2.265000000000000000e+03
543.0858158076525,2.262000000000000000e+03
543.1614377193954,2.276000000000000000e+03
543.2371220089141,2.272000000000000000e+03
543.3127444450705,2.264000000000000000e+03
543.3884278000902,2.291000000000000000e+03
543.4640501352047,2.296000000000000000e+03
543.5396728412053,2.305000000000000000e+03
543.6153561952086,2.317000000000000000e+03
543.6909787475163,2.298000000000000000e+03
543.7666625552929,2.326000000000000000e+03
543.8422846228852,2.334000000000000000e+03
543.917907905318,2.332000000000000000e+03
543.9935909887698,2.321000000000000000e+03
544.0692140297832,2.332000000000000000e+03
544.1448361882029,2.332000000000000000e+03
544.220519947648,2.354000000000000000e+03
544.2961426997966,2.368000000000000000e+03
544.3718261809979,2.346000000000000000e+03
544.4474486032625,2.364000000000000000e+03
544.5230709870222,2.375000000000000000e+03
544.5987550137446,2.388000000000000000e+03
544.6743770145879,2.389000000000000000e+03
544.7500001373947,2.393000000000000000e+03
544.8256222965063,2.392000000000000000e+03
544.9013064288619,2.402000000000000000e+03
544.976929025401,2.419000000000000000e+03
545.0525518192319,2.411000000000000000e+03
545.1282345318966,2.402000000000000000e+03
545.2038574139079,2.463000000000000000e+03
545.27947957532,2.461000000000000000e+03
545.3551027912747,2.458000000000000000e+03
545.4307859578726,2.454000000000000000e+03
545.5064085974922,2.458000000000000000e+03
545.582031075963,2.464000000000000000e+03
545.6576539799133,2.491000000000000000e+03
545.7333374615957,2.464000000000000000e+03
545.8089603143547,2.498000000000000000e+03
545.8845823750287,2.498000000000000000e+03
545.9602051246089,2.506000000000000000e+03
546.0358279586479,2.538000000000000000e+03
546.1115111125337,2.515000000000000000e+03
546.1871341062584,2.544000000000000000e+03
546.2627559649052,2.536000000000000000e+03
546.3383790667153,2.540000000000000000e+03
546.4140010154777,2.544000000000000000e+03
546.4896238920949,2.561000000000000000e+03
546.5653080328324,2.543000000000000000e+03
546.6409297699242,2.571000000000000000e+03
546.7165527083374,2.575000000000000000e+03
546.7921753454747,2.572000000000000000e+03
546.8677979714669,2.607000000000000000e+03
546.9434205776232,2.581000000000000000e+03
547.0190431552487,2.588000000000000000e+03
547.0946647977053,2.599000000000000000e+03
547.1703492667542,2.610000000000000000e+03
547.2459723224066,2.607000000000000000e+03
547.3215944163495,2.611000000000000000e+03
547.3972173369806,2.620000000000000000e+03
547.4728389782355,2.613000000000000000e+03
547.5484617288662,2.617000000000000000e+03
547.6240849813485,2.614000000000000000e+03
547.6997072275658,2.649000000000000000e+03
547.7753302583766,2.658000000000000000e+03
547.8509522649341,2.668000000000000000e+03
547.9265750390812,2.655000000000000000e+03
548.0021964706609,2.663000000000000000e+03
548.0778207553666,2.659000000000000000e+03
548.1534418774738,2.681000000000000000e+03
548.2290652357153,2.667000000000000000e+03
548.3046878169241,2.703000000000000000e+03
548.3803093111,2.677000000000000000e+03
548.4559330175531,2.695000000000000000e+03
548.5315556197277,2.701000000000000000e+03
548.6071771080813,2.700000000000000000e+03
548.6828010856999,2.720000000000000000e+03
548.7584221255744,2.697000000000000000e+03
548.834045337373,2.741000000000000000e+03
548.9096673999533,2.713000000000000000e+03
548.9852904134418,2.736000000000000000e+03
549.0609137670749,2.742000000000000000e+03
549.1364750314843,2.741000000000000000e+03
549.2120978166789,2.752000000000000000e+03
549.2877191060418,2.762000000000000000e+03
549.3633428131332,2.743000000000000000e+03
549.4389653087501,2.769000000000000000e+03
549.5145865832915,2.765000000000000000e+03
549.590210251744,2.781000000000000000e+03
549.665832681899,2.809000000000000000e+03
549.7413946298766,2.793000000000000000e+03
549.8170160497809,2.802000000000000000e+03
549.8926398319383,2.807000000000000000e+03
549.9682623401311,2.797000000000000000e+03
550.0438835647246,2.834000000000000000e+03
550.1195068250248,2.844000000000000000e+03
550.1950679386268,2.834000000000000000e+03
550.2706906900269,2.837000000000000000e+03
550.3463136366366,2.846000000000000000e+03
550.421935255224,2.862000000000000000e+03
550.4975591726949,2.871000000000000000e+03
550.5731205123872,2.859000000000000000e+03
550.6487432287166,2.883000000000000000e+03
550.7243648844632,2.891000000000000000e+03
550.7999885039992,2.872000000000000000e+03
550.8755494425731,2.895000000000000000e+03
550.951172094361,2.918000000000000000e+03
551.0267951682852,2.925000000000000000e+03
551.1024165301448,2.916000000000000000e+03
551.1779790561093,2.927000000000000000e+03
551.2536012026161,2.936000000000000000e+03
551.3292237372492,2.960000000000000000e+03
551.4047855382855,2.928000000000000000e+03
551.4804066788231,2.948000000000000000e+03
551.5560303111364,2.982000000000000000e+03
551.6315910047903,2.958000000000000000e+03
551.7072150175466,2.970000000000000000e+03
551.7828375420726,2.996000000000000000e+03
551.8583991818102,2.976000000000000000e+03
551.9340205121266,2.998000000000000000e+03
552.0096436778041,2.985000000000000000e+03
552.0852040546326,3.010000000000000000e+03
552.1608281083562,3.013000000000000000e+03
552.2363887123648,3.000000000000000000e+03
552.3120111809802,3.032000000000000000e+03
552.3876339198484,3.028000000000000000e+03
552.4631955723437,3.039000000000000000e+03
552.5388185047575,3.026000000000000000e+03
552.614380300461,3.035000000000000000e+03
552.6900021708618,3.042000000000000000e+03
552.765564075718,3.061000000000000000e+03
552.8411860712373,3.051000000000000000e+03
552.9168082777293,3.054000000000000000e+03
552.9923707499584,3.053000000000000000e+03
553.0679933370403,3.079000000000000000e+03
553.1435543046211,3.057000000000000000e+03
553.2191769324178,3.055000000000000000e+03
553.2947381962192,3.089000000000000000e+03
553.3703611371725,3.102000000000000000e+03
553.4459223575054,3.100000000000000000e+03
553.521545578136,3.077000000000000000e+03
553.5971070276289,3.112000000000000000e+03
553.6727301879512,3.112000000000000000e+03
553.74829183306,3.109000000000000000e+03
553.823851714682,3.120000000000000000e+03
553.8994751723073,3.126000000000000000e+03
553.9750367322185,3.126000000000000000e+03
554.050658510177,3.138000000000000000e+03
554.1262201811371,3.151000000000000000e+03
554.2018439290302,3.145000000000000000e+03
554.2774053707294,3.165000000000000000e+03
554.3529671374815,3.178000000000000000e+03
554.4285888549837,3.152000000000000000e+03
554.5041506486573,3.173000000000000000e+03
554.579712127434,3.177000000000000000e+03
554.6553335805664,3.168000000000000000e+03
554.7308950353918,3.191000000000000000e+03
554.8065186350868,3.205000000000000000e+03
554.8820800328116,3.194000000000000000e+03
554.9576410728757,3.224000000000000000e+03
555.0332642831411,3.248000000000000000e+03
555.108825215094,3.254000000000000000e+03
555.1843863800646,3.244000000000000000e+03
555.2599490030949,3.239000000000000000e+03
555.3355716725129,3.268000000000000000e+03
555.4111322702728,3.280000000000000000e+03
555.486694610333,3.286000000000000000e+03
555.5623170204691,3.270000000000000000e+03
555.6378788265472,3.317000000000000000e+03
555.7134408077316,3.309000000000000000e+03
555.7890023379755,3.321000000000000000e+03
555.8646239696742,3.313000000000000000e+03
555.9401852063803,3.323000000000000000e+03
556.0157462753666,3.327000000000000000e+03
556.0913090235443,3.363000000000000000e+03
556.1668694227267,3.369000000000000000e+03
556.2424921284115,3.366000000000000000e+03
556.3180540060974,3.328000000000000000e+03
556.3936159838638,3.371000000000000000e+03
556.46917743411,3.411000000000000000e+03
556.544738657784,3.369000000000000000e+03
556.6202993365139,3.407000000000000000e+03
556.6959226832005,3.401000000000000000e+03
556.7714847427467,3.434000000000000000e+03
556.8470468524312,3.425000000000000000e+03
556.9226065226395,3.452000000000000000e+03
556.9981696377276,3.407000000000000000e+03
557.0737306061917,3.439000000000000000e+03
557.1492912804306,3.435000000000000000e+03
557.2248535148585,3.441000000000000000e+03
557.3004154389016,3.451000000000000000e+03
557.3759767333004,3.463000000000000000e+03
557.451598607399,3.457000000000000000e+03
557.5271614300829,3.455000000000000000e+03
557.6027217325554,3.488000000000000000e+03
557.6782835475029,3.480000000000000000e+03
557.7538450012918,3.481000000000000000e+03
557.8294060853028,3.488000000000000000e+03
557.9049686584602,3.491000000000000000e+03
557.9805305342576,3.524000000000000000e+03
558.0560904581027,3.502000000000000000e+03
558.1316534042687,3.505000000000000000e+03
558.2072143813721,3.506000000000000000e+03
558.2827764962979,3.549000000000000000e+03
558.3583381828406,3.520000000000000000e+03
558.4338994323449,3.513000000000000000e+03
558.5094602361507,3.533000000000000000e+03
558.5850224576968,3.534000000000000000e+03
558.6605230453073,3.524000000000000000e+03
558.7360843175928,3.542000000000000000e+03
558.8116447982349,3.560000000000000000e+03
558.8872066647817,3.557000000000000000e+03
558.9627683478695,3.603000000000000000e+03
559.0383292140123,3.584000000000000000e+03
559.1138914425185,3.571000000000000000e+03
559.1894531500513,3.587000000000000000e+03
559.2650140151281,3.583000000000000000e+03
559.3405155236203,3.602000000000000000e+03
559.4160774775995,3.602000000000000000e+03
559.491638563738,3.616000000000000000e+03
559.5671990861741,3.640000000000000000e+03
559.6427612285802,3.628000000000000000e+03
559.7183224777227,3.634000000000000000e+03
559.7938239112091,3.652000000000000000e+03
559.8693855251184,3.631000000000000000e+03
559.9449468470373,3.666000000000000000e+03
560.0205075548458,3.660000000000000000e+03
560.0960695220344,3.664000000000000000e+03
560.1715693553381,3.688000000000000000e+03
560.2471316053342,3.683000000000000000e+03
560.3226935219939,3.699000000000000000e+03
560.3982544687057,3.699000000000000000e+03
560.4737553798353,3.700000000000000000e+03
560.549316857351,3.725000000000000000e+03
560.6248776534629,3.727000000000000000e+03
560.70037802624,3.740000000000000000e+03
560.7759393038835,3.778000000000000000e+03
560.8515017620771,3.777000000000000000e+03
560.9270018364357,3.777000000000000000e+03
561.0025625253518,3.770000000000000000e+03
561.0781246855694,3.766000000000000000e+03
561.1536262760454,3.799000000000000000e+03
561.2291866163674,3.798000000000000000e+03
561.304748089255,3.817000000000000000e+03
561.3802492335784,3.833000000000000000e+03
561.4558107265045,3.829000000000000000e+03
561.5313717522904,3.867000000000000000e+03
561.6068723759059,3.843000000000000000e+03
561.6824333719698,3.872000000000000000e+03
561.7579339169324,3.887000000000000000e+03
561.8334954817075,3.850000000000000000e+03
561.9089955995389,3.865000000000000000e+03
561.9845564375671,3.882000000000000000e+03
562.0601218043322,3.901000000000000000e+03
562.1356190160956,3.903000000000000000e+03
562.2111807638972,3.905000000000000000e+03
562.2866837867199,3.892000000000000000e+03
562.3622450420103,3.932000000000000000e+03
562.4377443607594,3.914000000000000000e+03
562.5133050891404,3.948000000000000000e+03
562.5888069961169,3.926000000000000000e+03
562.6643671648543,3.920000000000000000e+03
562.739868463935,3.938000000000000000e+03
562.8154280394092,3.968000000000000000e+03
562.8909286969488,3.947000000000000000e+03
562.9664305978828,3.963000000000000000e+03
563.0419939681478,3.978000000000000000e+03
563.1174920085415,3.969000000000000000e+03
563.19305470474,3.968000000000000000e+03
563.2685551920358,3.969000000000000000e+03
563.3440568835294,3.987000000000000000e+03
563.419616911542,4.003000000000000000e+03
563.4951146546897,4.002000000000000000e+03
563.5706770994776,3.982000000000000000e+03
563.6461803879624,4.003000000000000000e+03
563.7216816652208,3.989000000000000000e+03
563.7972413162915,4.012000000000000000e+03
563.8727417375509,4.021000000000000000e+03
563.948243300408,4.016000000000000000e+03
564.0238032597638,4.027000000000000000e+03
564.0993039174446,4.047000000000000000e+03
564.1748025104577,4.022000000000000000e+03
564.2503658884998,4.043000000000000000e+03
564.3258667100131,4.072000000000000000e+03
564.4013686264184,4.082000000000000000e+03
564.4768684441426,4.065000000000000000e+03
564.5524298972744,4.064000000000000000e+03
564.6279318813953,4.064000000000000000e+03
564.7034317408531,4.083000000000000000e+03
564.7789326555933,4.115000000000000000e+03
564.8544314277575,4.119000000000000000e+03
564.9299918767013,4.133000000000000000e+03
565.005495928257,4.128000000000000000e+03
565.0809946197296,4.145000000000000000e+03
565.1564943267665,4.134000000000000000e+03
565.2319918472216,4.164000000000000000e+03
565.3075574772264,4.150000000000000000e+03
565.3830570069348,4.146000000000000000e+03
565.4585575213804,4.171000000000000000e+03
565.5340558149843,4.182000000000000000e+03
565.6095582761728,4.211000000000000000e+03
565.6850585002172,4.196000000000000000e+03
565.760556477251,4.190000000000000000e+03
565.8360618025167,4.199000000000000000e+03
565.9116225122199,4.216000000000000000e+03
565.9871233197282,4.236000000000000000e+03
566.0626218458439,4.270000000000000000e+03
566.1381244909254,4.287000000000000000e+03
566.2136216322725,4.293000000000000000e+03
566.289126084757,4.334000000000000000e+03
566.3646250154166,4.318000000000000000e+03
566.4401248288668,4.341000000000000000e+03
566.5156223083626,4.371000000000000000e+03
566.5911238644974,4.366000000000000000e+03
566.666626281373,4.354000000000000000e+03
566.7421263396649,4.342000000000000000e+03
566.8176240294433,4.393000000000000000e+03
566.8931289818083,4.389000000000000000e+03
566.9686283363882,4.382000000000000000e+03
567.044128511452,4.422000000000000000e+03
567.1196262833736,4.382000000000000000e+03
567.1951280764068,4.391000000000000000e+03
567.2706306677735,4.407000000000000000e+03
567.3460696737624,4.414000000000000000e+03
567.4215706028087,4.438000000000000000e+03
567.4970690857559,4.408000000000000000e+03
567.5725715554013,4.403000000000000000e+03
567.6480715624202,4.424000000000000000e+03
567.7235723199296,4.444000000000000000e+03
567.7990705965543,4.415000000000000000e+03
567.8745728319317,4.438000000000000000e+03
567.9500112820856,4.446000000000000000e+03
568.0255117228037,4.456000000000000000e+03
568.1010128751681,4.429000000000000000e+03
568.1765115034954,4.454000000000000000e+03
568.2520140559766,4.451000000000000000e+03
568.327455928513,4.440000000000000000e+03
568.4029533742392,4.466000000000000000e+03
568.478454722623,4.454000000000000000e+03
568.5539535037092,4.475000000000000000e+03
568.6293947397575,4.426000000000000000e+03
568.7048948100362,4.475000000000000000e+03
568.7803955214323,4.449000000000000000e+03
568.8558968664703,4.441000000000000000e+03
568.9313373379196,4.478000000000000000e+03
569.0068366737867,4.482000000000000000e+03
569.0823366191238,4.469000000000000000e+03
569.1577756177235,4.478000000000000000e+03
569.2332767431898,4.485000000000000000e+03
569.3087752145101,4.478000000000000000e+03
569.3842159078702,4.472000000000000000e+03
569.4597155117148,4.504000000000000000e+03
569.5352189219938,4.524000000000000000e+03
569.6106547533757,4.501000000000000000e+03
569.6861592519366,4.498000000000000000e+03
569.7615961204366,4.498000000000000000e+03
569.8370951828829,4.541000000000000000e+03
569.9125980167112,4.536000000000000000e+03
569.9880363908212,4.556000000000000000e+03
570.063540235015,4.502000000000000000e+03
570.1389763193972,4.541000000000000000e+03
570.2144778914571,4.557000000000000000e+03
570.2899149030349,4.557000000000000000e+03
570.3654174215969,4.569000000000000000e+03
570.4408585841445,4.607000000000000000e+03
570.516355510032,4.613000000000000000e+03
570.5917975400971,4.622000000000000000e+03
570.6672953476274,4.610000000000000000e+03
570.7427349574187,4.628000000000000000e+03
570.8182368737373,4.642000000000000000e+03
570.8936740294567,4.655000000000000000e+03
570.9691767675921,4.676000000000000000e+03
571.044617956385,4.672000000000000000e+03
571.120118225025,4.679000000000000000e+03
571.1955568946336,4.688000000000000000e+03
571.2709959150741,4.720000000000000000e+03
571.3464973017159,4.701000000000000000e+03
571.4219370173379,4.726000000000000000e+03
571.4974358505949,4.745000000000000000e+03
571.5728729630794,4.769000000000000000e+03
571.6483169221735,4.756000000000000000e+03
571.7238167556269,4.756000000000000000e+03
571.7992547962239,4.777000000000000000e+03
571.874696395271,4.759000000000000000e+03
571.9501938880238,4.771000000000000000e+03
572.0256327861869,4.805000000000000000e+03
572.1010752224225,4.778000000000000000e+03
572.1765735734161,4.817000000000000000e+03
572.2520132602132,4.835000000000000000e+03
572.3274531890821,4.806000000000000000e+03
572.4028933523459,4.835000000000000000e+03
572.4783960113044,4.816000000000000000e+03
572.5538333585442,4.845000000000000000e+03
572.6292741944405,4.839000000000000000e+03
572.7047119540778,4.864000000000000000e+03
572.780212242593,4.856000000000000000e+03
572.8556503993934,4.843000000000000000e+03
572.9310920175104,4.867000000000000000e+03
573.0065305250978,4.864000000000000000e+03
573.0819691960772,4.862000000000000000e+03
573.1574080227304,4.831000000000000000e+03
573.232909430562,4.880000000000000000e+03
573.3083485618251,4.869000000000000000e+03
573.3837911132744,4.858000000000000000e+03
573.4592305026606,4.873000000000000000e+03
573.5346700090696,4.875000000000000000e+03
573.6101096247586,4.854000000000000000e+03
573.6855493419805,4.890000000000000000e+03
573.7609858609676,4.867000000000000000e+03
573.8364257571322,4.843000000000000000e+03
573.9118624378157,4.871000000000000000e+03
573.9873057764995,4.884000000000000000e+03
574.0627425886909,4.874000000000000000e+03
574.1382453810519,4.887000000000000000e+03
574.2136823092575,4.885000000000000000e+03
574.2891225732211,4.878000000000000000e+03
574.3645628688121,4.873000000000000000e+03
574.4399404917988,4.907000000000000000e+03
574.5153808108072,4.893000000000000000e+03
574.5908178365182,4.897000000000000000e+03
574.6662581633567,4.909000000000000000e+03
574.7416984828392,4.909000000000000000e+03
574.8171387871569,4.885000000000000000e+03
574.8925790684976,4.911000000000000000e+03
574.9680160131622,4.939000000000000000e+03
575.0434562242268,4.889000000000000000e+03
575.1188930812343,4.938000000000000000e+03
575.1943364992081,4.938000000000000000e+03
575.2697765474628,4.916000000000000000e+03
575.3451536315831,4.932000000000000000e+03
575.4205935156243,4.948000000000000000e+03
575.4960333140378,4.984000000000000000e+03
575.5714730189743,4.969000000000000000e+03
575.6469093088864,4.971000000000000000e+03
575.7223521169975,4.957000000000000000e+03
575.7977285011834,5.006000000000000000e+03
575.8731677371276,4.993000000000000000e+03
575.9486101574518,5.029000000000000000e+03
576.0240491208147,5.053000000000000000e+03
576.0994281953324,5.009000000000000000e+03
576.1748668380864,5.039000000000000000e+03
576.2503053165299,5.032000000000000000e+03
576.3257436227722,5.067000000000000000e+03
576.401121946027,5.103000000000000000e+03
576.4765631917769,5.063000000000000000e+03
576.5520009192454,5.064000000000000000e+03
576.627378593058,5.105000000000000000e+03
576.7028192152051,5.103000000000000000e+03
576.7782596194585,5.100000000000000000e+03
576.8536365734708,5.120000000000000000e+03
576.9290798301113,5.113000000000000000e+03
577.0045161881444,5.134000000000000000e+03
577.0798956812308,5.113000000000000000e+03
577.1553348449369,5.121000000000000000e+03
577.2307737431714,5.158000000000000000e+03
577.3061523771543,5.144000000000000000e+03
577.3815940386273,5.155000000000000000e+03
577.4569687212091,5.148000000000000000e+03
577.5324097821534,5.163000000000000000e+03
577.6077871497567,5.184000000000000000e+03
577.6832275791974,5.187000000000000000e+03
577.7586042662564,5.181000000000000000e+03
577.8340473712362,5.213000000000000000e+03
577.9094233467189,5.227000000000000000e+03
577.9848624183549,5.209000000000000000e+03
578.06024099099,5.207000000000000000e+03
578.1356826786689,5.221000000000000000e+03
578.2110604784385,5.217000000000000000e+03
578.2865014103915,5.232000000000000000e+03
578.3618750602704,5.242000000000000000e+03
578.4373152036164,5.254000000000000000e+03
578.5126947075182,5.234000000000000000e+03
578.5880737744064,5.251000000000000000e+03
578.6635160180301,5.256000000000000000e+03
578.7388908540094,5.262000000000000000e+03
578.8143322323514,5.250000000000000000e+03
578.8897095032095,5.265000000000000000e+03
578.9650862969057,5.226000000000000000e+03
579.0405296629765,5.282000000000000000e+03
579.1159054956761,5.262000000000000000e+03
579.1912841817008,5.249000000000000000e+03
579.2667227590988,5.270000000000000000e+03
579.3421004375672,5.240000000000000000e+03
579.4174809495532,5.228000000000000000e+03
579.4928575733711,5.278000000000000000e+03
579.5682974782039,5.272000000000000000e+03
579.6436763906835,5.284000000000000000e+03
579.7190547488921,5.247000000000000000e+03
579.7944325447469,5.259000000000000000e+03
579.8698736574771,5.277000000000000000e+03
579.9452503209693,5.277000000000000000e+03
580.0206297620755,5.252000000000000000e+03
580.0960086102061,5.253000000000000000e+03
580.1713868572579,5.287000000000000000e+03
580.2467678619868,5.249000000000000000e+03
580.3222055027192,5.267000000000000000e+03
580.3975819144985,5.275000000000000000e+03
580.472964431725,5.273000000000000000e+03
580.5483361997073,5.289000000000000000e+03
580.6237208011142,5.275000000000000000e+03
580.6990980056318,5.275000000000000000e+03
580.774474545852,5.253000000000000000e+03
580.8498537875009,5.266000000000000000e+03
580.9252289755794,5.308000000000000000e+03
581.0006743628959,5.287000000000000000e+03
581.0760481837603,5.286000000000000000e+03
581.1514280543308,5.301000000000000000e+03
581.2268072152121,5.329000000000000000e+03
581.3021822791188,5.315000000000000000e+03
581.3775633752501,5.312000000000000000e+03
581.4529437389426,5.298000000000000000e+03
581.5283199802694,5.312000000000000000e+03
581.6036988536778,5.300000000000000000e+03
581.6790160670166,5.357000000000000000e+03
581.7543934024975,5.358000000000000000e+03
581.8297699646201,5.361000000000000000e+03
581.9051525174606,5.367000000000000000e+03
581.9805308970429,5.384000000000000000e+03
582.0559084804219,5.376000000000000000e+03
582.1312852593902,5.380000000000000000e+03
582.206668005028,5.395000000000000000e+03
582.2820397617667,5.406000000000000000e+03
582.3574242532981,5.417000000000000000e+03
582.4327366749485,5.434000000000000000e+03
582.508116082625,5.496000000000000000e+03
582.5834946400697,5.444000000000000000e+03
582.658872339047,5.441000000000000000e+03
582.7342525671091,5.455000000000000000e+03
582.8095673852416,5.459000000000000000e+03
582.8849492395216,5.479000000000000000e+03
582.9603268074364,5.478000000000000000e+03
583.0357068767066,5.483000000000000000e+03
583.1110214380087,5.478000000000000000e+03
583.1864030744695,5.504000000000000000e+03
583.2617769878166,5.504000000000000000e+03
583.3371601786139,5.510000000000000000e+03
583.4124743613642,5.534000000000000000e+03
583.4878556582576,5.527000000000000000e+03
583.5632325991093,5.539000000000000000e+03
583.6385472652148,5.536000000000000000e+03
583.7139290751193,5.566000000000000000e+03
583.7893065032263,5.535000000000000000e+03
583.8646249949269,5.582000000000000000e+03
583.9400004322508,5.556000000000000000e+03
584.0153168866366,5.554000000000000000e+03
584.0907005347968,5.554000000000000000e+03
584.1660763462396,5.568000000000000000e+03
584.2413965200363,5.571000000000000000e+03
584.3167736762043,5.579000000000000000e+03
584.3920917365156,5.562000000000000000e+03
584.4674702084938,5.560000000000000000e+03
584.5427861228587,5.578000000000000000e+03
584.6181658817017,5.584000000000000000e+03
584.6934796176279,5.563000000000000000e+03
584.7688572148127,5.613000000000000000e+03
584.8441755797492,5.558000000000000000e+03
584.919554404934,5.597000000000000000e+03
584.9948739529473,5.570000000000000000e+03
585.0702539779767,5.566000000000000000e+03
585.145567832981,5.587000000000000000e+03
585.2208873808705,5.589000000000000000e+03
585.2962674300239,5.595000000000000000e+03
585.3715812355221,5.585000000000000000e+03
585.446962410467,5.576000000000000000e+03
585.522277293224,5.592000000000000000e+03
585.5975978392732,5.565000000000000000e+03
585.6729720672993,5.611000000000000000e+03
585.7482902189189,5.572000000000000000e+03
585.8236071536562,5.581000000000000000e+03
585.8989880858402,5.559000000000000000e+03
585.9743025783406,5.588000000000000000e+03
586.0496192632522,5.570000000000000000e+03
586.1249381347992,5.610000000000000000e+03
586.200317604434,5.583000000000000000e+03
586.2756374097312,5.591000000000000000e+03
586.3509525064017,5.587000000000000000e+03
586.4262697612708,5.618000000000000000e+03
586.5016510856912,5.590000000000000000e+03
586.576965774025,5.581000000000000000e+03
586.6522825996321,5.524000000000000000e+03
586.7275981142149,5.616000000000000000e+03
586.8029157526896,5.585000000000000000e+03
586.878297505942,5.577000000000000000e+03
586.9536125003841,5.616000000000000000e+03
587.0289295977367,5.616000000000000000e+03
587.1042487921765,5.635000000000000000e+03
587.1795666300785,5.628000000000000000e+03
587.2548831029591,5.605000000000000000e+03
587.3301982023304,5.604000000000000000e+03
587.4055153701529,5.639000000000000000e+03
587.4808346005856,5.648000000000000000e+03
587.5561558877838,5.644000000000000000e+03
587.631468866577,5.658000000000000000e+03
587.7067838851247,5.663000000000000000e+03
587.78216658026,5.643000000000000000e+03
587.8574856775697,5.701000000000000000e+03
587.9328033404089,5.729000000000000000e+03
588.0080538670875,5.714000000000000000e+03
588.0833720770029,5.685000000000000000e+03
588.1586888286358,5.707000000000000000e+03
588.234007573644,5.745000000000000000e+03
588.3093248450679,5.729000000000000000e+03
588.3846440963296,5.733000000000000000e+03
588.4599618586897,5.765000000000000000e+03
588.5352781235977,5.725000000000000000e+03
588.6105963471232,5.750000000000000000e+03
588.6859130578563,5.769000000000000000e+03
588.761231713632,5.758000000000000000e+03
588.8364864301399,5.789000000000000000e+03
588.9118020050827,5.794000000000000000e+03
588.9871195037894,5.757000000000000000e+03
589.0624389203426,5.819000000000000000e+03
589.1377567779897,5.829000000000000000e+03
589.2130730681441,5.814000000000000000e+03
589.2883287478853,5.829000000000000000e+03
589.3636453356847,5.868000000000000000e+03
589.4389638063658,5.838000000000000000e+03
589.5142806787193,5.850000000000000000e+03
589.5895403256021,5.847000000000000000e+03
589.6648574383153,5.817000000000000000e+03
589.740176406581,5.861000000000000000e+03
589.8154276479908,5.849000000000000000e+03
589.8907468120178,5.865000000000000000e+03
589.9660643313503,5.870000000000000000e+03
590.0413210120631,5.889000000000000000e+03
590.1166352010036,5.846000000000000000e+03
590.1919546858783,5.875000000000000000e+03
590.2672132644499,5.873000000000000000e+03
590.3425293741994,5.879000000000000000e+03
590.4177880160598,5.851000000000000000e+03
590.4931042037921,5.870000000000000000e+03
590.568418683014,5.901000000000000000e+03
590.643675627467,5.867000000000000000e+03
590.7189936284246,5.866000000000000000e+03
590.7942505619948,5.861000000000000000e+03
590.8695685685237,5.861000000000000000e+03
590.9448219696872,5.874000000000000000e+03
591.0201399515241,5.867000000000000000e+03
591.0953967743105,5.893000000000000000e+03
591.1707147029425,5.885000000000000000e+03
591.2459714266577,5.867000000000000000e+03
591.3212892726514,5.871000000000000000e+03
591.3965458678394,5.888000000000000000e+03
591.4718006307248,5.888000000000000000e+03
591.547116539627,5.870000000000000000e+03
591.6223746281325,5.855000000000000000e+03
591.6976903797901,5.855000000000000000e+03
591.7729482668865,5.868000000000000000e+03
591.8482042834247,5.866000000000000000e+03
591.9235214878881,5.837000000000000000e+03
591.9987807623979,5.853000000000000000e+03
592.0740346381908,5.844000000000000000e+03
592.1493532320127,5.863000000000000000e+03
592.2246103231383,5.836000000000000000e+03
592.2998654966053,5.856000000000000000e+03
592.3751222527409,5.877000000000000000e+03
592.4504402550338,5.872000000000000000e+03
592.5256966625434,5.851000000000000000e+03
592.6009511209176,5.879000000000000000e+03
592.6762106466866,5.910000000000000000e+03
592.7515244260364,5.884000000000000000e+03
592.8267835455117,5.869000000000000000e+03
592.9020371707703,5.873000000000000000e+03
592.9772958390107,5.862000000000000000e+03
593.0525489954576,5.902000000000000000e+03
593.1278071826566,5.909000000000000000e+03
593.2031266995527,5.885000000000000000e+03
593.2783808730474,5.923000000000000000e+03
593.3536365391337,5.922000000000000000e+03
593.4288936916811,5.934000000000000000e+03
593.5041488020836,5.944000000000000000e+03
593.5794089082539,5.943000000000000000e+03
593.6546634339551,5.933000000000000000e+03
593.729919417986,5.937000000000000000e+03
593.8051733281523,5.970000000000000000e+03
593.8804322095,5.974000000000000000e+03
593.955689002888,5.966000000000000000e+03
594.0309472282032,5.969000000000000000e+03
594.1061998200399,5.967000000000000000e+03
594.1814573584147,6.009000000000000000e+03
594.2567163084306,6.027000000000000000e+03
594.3319695993049,5.984000000000000000e+03
594.4072278190921,5.997000000000000000e+03
594.4824803620132,5.994000000000000000e+03
594.5577413564724,6.015000000000000000e+03
594.6329931222317,6.020000000000000000e+03
594.7082533289405,5.985000000000000000e+03
594.7834441469494,6.020000000000000000e+03
594.85870352054,6.054000000000000000e+03
594.9339607052526,6.014000000000000000e+03
595.0092192325558,6.064000000000000000e+03
595.0844720137306,6.056000000000000000e+03
595.1596694470827,6.039000000000000000e+03
595.2349248608839,6.058000000000000000e+03
595.310178044894,6.046000000000000000e+03
595.3854360798784,6.064000000000000000e+03
595.4606918708308,6.103000000000000000e+03
595.5358886627483,6.043000000000000000e+03
595.611147019589,6.099000000000000000e+03
595.6864031092157,6.075000000000000000e+03
595.7615965842728,6.139000000000000000e+03
595.836855197865,6.074000000000000000e+03
595.9121115210278,6.102000000000000000e+03
595.9873051606659,6.098000000000000000e+03
596.0625604137975,6.077000000000000000e+03
596.1378169052595,6.096000000000000000e+03
596.2130106441916,6.103000000000000000e+03
596.2882695773723,6.118000000000000000e+03
596.3635261735925,6.069000000000000000e+03
596.4387199482267,6.090000000000000000e+03
596.5139753866564,6.071000000000000000e+03
596.5891715160268,6.022000000000000000e+03
596.6644293271388,6.079000000000000000e+03
596.739624225117,6.049000000000000000e+03
596.8148808209818,6.059000000000000000e+03
596.8900744570072,6.086000000000000000e+03
596.9653333707323,6.088000000000000000e+03
597.0405257151125,6.088000000000000000e+03
597.115786920592,6.080000000000000000e+03
597.1909779436049,6.078000000000000000e+03
597.2662342801653,6.074000000000000000e+03
597.3414275184313,6.038000000000000000e+03
597.4166254158234,6.045000000000000000e+03
597.491885088153,6.065000000000000000e+03
597.5670780238231,6.029000000000000000e+03
597.6423327487403,6.079000000000000000e+03
597.7175242592349,6.069000000000000000e+03
597.792720398088,6.043000000000000000e+03
597.8679783530253,6.069000000000000000e+03
597.9431801766776,6.034000000000000000e+03
598.0183687346421,6.041000000000000000e+03
598.0936227072775,6.042000000000000000e+03
598.1688204827943,6.044000000000000000e+03
598.2440156960317,6.031000000000000000e+03
598.3192119177841,6.042000000000000000e+03
598.3944735953452,6.082000000000000000e+03
598.4696646678975,6.057000000000000000e+03
598.5448638913675,6.043000000000000000e+03
598.6200605143976,6.081000000000000000e+03
598.6952545279034,6.030000000000000000e+03
598.7705032869707,6.040000000000000000e+03
598.845702827054,6.057000000000000000e+03
598.9209033228055,6.053000000000000000e+03
598.9960940039387,6.076000000000000000e+03
599.0712892114018,6.071000000000000000e+03
599.1464853517283,6.071000000000000000e+03
599.2216788278446,6.043000000000000000e+03
599.2968768137707,6.069000000000000000e+03
599.3720685283897,6.059000000000000000e+03
599.4472683333562,6.059000000000000000e+03
599.5225229531976,6.066000000000000000e+03
599.5977173765003,6.097000000000000000e+03
599.6729126841367,6.067000000000000000e+03
599.7481088696748,6.051000000000000000e+03
599.8232987309193,6.076000000000000000e+03
599.8985002499289,6.058000000000000000e+03
599.9736306356483,6.083000000000000000e+03
600.0488302503571,6.090000000000000000e+03
600.1240271092662,6.098000000000000000e+03
600.1992212032151,6.098000000000000000e+03
600.274408919746,6.100000000000000000e+03
600.3496082679649,6.113000000000000000e+03
600.4248084342357,6.149000000000000000e+03
600.499998594085,6.136000000000000000e+03
600.5751931605373,6.085000000000000000e+03
600.6503235814662,6.122000000000000000e+03
600.7255197152398,6.154000000000000000e+03
600.8007166310834,6.131000000000000000e+03
600.875914322513,6.171000000000000000e+03
600.9511163944641,6.148000000000000000e+03
601.0262433719869,6.163000000000000000e+03
601.1014361076029,6.130000000000000000e+03
601.1766404316174,6.168000000000000000e+03
601.2518346554406,6.174000000000000000e+03
601.3269681412486,6.134000000000000000e+03
601.4021565754814,6.204000000000000000e+03
601.4773565793163,6.188000000000000000e+03
601.55249578129,6.197000000000000000e+03
601.6276863350764,6.189000000000000000e+03
601.7028775856559,6.198000000000000000e+03
601.7780115846128,6.176000000000000000e+03
601.8532078169892,6.189000000000000000e+03
601.9284011052009,6.218000000000000000e+03
602.0035370787526,6.213000000000000000e+03
602.0787353122603,6.194000000000000000e+03
602.1538653131911,6.213000000000000000e+03
602.2290648417321,6.181000000000000000e+03
602.3041960901958,6.204000000000000000e+03
602.3793896303448,6.220000000000000000e+03
602.4545329868457,6.189000000000000000e+03
602.52972050603,6.188000000000000000e+03
602.6048541681286,6.215000000000000000e+03
602.6800537894703,6.215000000000000000e+03
602.7551886194266,6.203000000000000000e+03
602.8303821600039,6.207000000000000000e+03
602.9055217646458,6.233000000000000000e+03
602.9807128258426,6.218000000000000000e+03
603.055846272166,6.203000000000000000e+03
603.1309766185691,6.197000000000000000e+03
603.2061729886882,6.192000000000000000e+03
603.281308042969,6.220000000000000000e+03
603.3564436151993,6.170000000000000000e+03
603.4316452421198,6.174000000000000000e+03
603.5067745623387,6.216000000000000000e+03
603.5819116632719,6.183000000000000000e+03
603.6571039159869,6.170000000000000000e+03
603.732238361985,6.202000000000000000e+03
603.8073696385936,6.193000000000000000e+03
603.8825123234259,6.200000000000000000e+03
603.9576992468579,6.192000000000000000e+03
604.0328355724649,6.163000000000000000e+03
604.1079723479853,6.186000000000000000e+03
604.1831095667776,6.166000000000000000e+03
604.2582983401253,6.183000000000000000e+03
604.3334364382367,6.173000000000000000e+03
604.4085676534826,6.145000000000000000e+03
604.4836992817685,6.166000000000000000e+03
604.5588422811774,6.162000000000000000e+03
604.6339747182885,6.209000000000000000e+03
604.7091075484526,6.192000000000000000e+03
604.7842444226404,6.189000000000000000e+03
604.859378019808,6.160000000000000000e+03
604.9345046710955,6.183000000000000000e+03
605.009704892442,6.158000000000000000e+03
605.0848359419433,6.204000000000000000e+03
605.1599746669862,6.188000000000000000e+03
605.23510275086,6.164000000000000000e+03
605.310245826721,6.182000000000000000e+03
605.3853159408447,6.148000000000000000e+03
605.4604486674336,6.187000000000000000e+03
605.535581711707,6.178000000000000000e+03
605.6107150669574,6.176000000000000000e+03
605.6858487264751,6.233000000000000000e+03
605.7609863530097,6.174000000000000000e+03
605.8361242722013,6.183000000000000000e+03
605.9112514634761,6.193000000000000000e+03
605.9863899450862,6.158000000000000000e+03
606.0615286991821,6.200000000000000000e+03
606.1365942387108,6.216000000000000000e+03
606.2117261495124,6.195000000000000000e+03
606.2868656606279,6.179000000000000000e+03
606.3619980637881,6.225000000000000000e+03
606.4370718595482,6.227000000000000000e+03
606.5122047116855,6.198000000000000000e+03
606.5873377854751,6.246000000000000000e+03
606.6624747545558,6.216000000000000000e+03
606.7375456701113,6.233000000000000000e+03
606.8126830359437,6.245000000000000000e+03
606.8878205982112,6.234000000000000000e+03
606.9628957214667,6.239000000000000000e+03
607.0380225859356,6.285000000000000000e+03
607.1131606786419,6.224000000000000000e+03
607.1882288919476,6.256000000000000000e+03
607.2633709869046,6.252000000000000000e+03
607.3385021736576,6.272000000000000000e+03
607.4135707840262,6.250000000000000000e+03
607.4887096199877,6.233000000000000000e+03
607.5637821472627,6.229000000000000000e+03
607.6389138462803,6.272000000000000000e+03
607.7139865728267,6.256000000000000000e+03
607.7891221807843,6.246000000000000000e+03
607.8641950802765,6.268000000000000000e+03
607.9393308785938,6.268000000000000000e+03
608.0144039237675,6.284000000000000000e+03
608.089539885174,6.254000000000000000e+03
608.1646130487377,6.261000000000000000e+03
608.2397417468239,6.282000000000000000e+03
608.3148187001017,6.274000000000000000e+03
608.3898956827247,6.257000000000000000e+03
608.4650245200035,6.269000000000000000e+03
608.5401015535813,6.295000000000000000e+03
608.6151785959717,6.304000000000000000e+03
608.6903112159022,6.271000000000000000e+03
608.7653771512115,6.254000000000000000e+03
608.8404578967535,6.276000000000000000e+03
608.9155905344547,6.247000000000000000e+03
608.990660126277,6.297000000000000000e+03
609.0657296820973,6.286000000000000000e+03
609.1408659845031,6.241000000000000000e+03
609.2159465984835,6.284000000000000000e+03
609.2910160242585,6.275000000000000000e+03
609.3660890997941,6.252000000000000000e+03
609.4411621067635,6.281000000000000000e+03
609.5162981949915,6.262000000000000000e+03
609.591371059717,6.274000000000000000e+03
609.6664438352011,6.246000000000000000e+03
609.7415165145444,6.271000000000000000e+03
609.8165928096073,6.265000000000000000e+03
609.8916652768738,6.270000000000000000e+03
609.9667339066874,6.276000000000000000e+03
610.041806132408,6.264000000000000000e+03
610.1168819498673,6.244000000000000000e+03
610.1919576315516,6.263000000000000000e+03
610.2670257220219,6.303000000000000000e+03
610.3421011095528,6.261000000000000000e+03
610.4171800666223,6.269000000000000000e+03
610.4922476810158,6.279000000000000000e+03
610.5673225771701,6.248000000000000000e+03
610.6423935671218,6.281000000000000000e+03
610.7174681006938,6.246000000000000000e+03
610.7925387123403,6.278000000000000000e+03
610.8676165871373,6.274000000000000000e+03
610.9426867935962,6.270000000000000000e+03
611.0177642529652,6.255000000000000000e+03
611.0928340264109,6.254000000000000000e+03
611.1679035719891,6.272000000000000000e+03
611.2429205762214,6.273000000000000000e+03
611.3179896323122,6.260000000000000000e+03
611.3930696536677,6.305000000000000000e+03
611.4681382079762,6.283000000000000000e+03
611.543210239399,6.283000000000000000e+03
611.6182258914046,6.316000000000000000e+03
611.6932973662973,6.257000000000000000e+03
611.7683685593274,6.279000000000000000e+03
611.8434394635015,6.294000000000000000e+03
611.91845764963,6.306000000000000000e+03
611.9935279422344,6.287000000000000000e+03
612.06860167126,6.269000000000000000e+03
612.1436188772811,6.314000000000000000e+03
612.2186919554537,6.278000000000000000e+03
612.2937609555369,6.270000000000000000e+03
612.368769618424,6.296000000000000000e+03
612.443841671833,6.305000000000000000e+03
612.518860850012,6.310000000000000000e+03
612.5939321832865,6.284000000000000000e+03
612.668943094263,6.286000000000000000e+03
612.7440136774355,6.324000000000000000e+03
612.8190876378331,6.306000000000000000e+03
612.8941048689004,6.289000000000000000e+03
612.9691780415548,6.344000000000000000e+03
613.0441869267229,6.321000000000000000e+03
613.1192028943198,6.325000000000000000e+03
613.1942785838127,6.316000000000000000e+03
613.2692861585759,6.313000000000000000e+03
613.3443572287938,6.320000000000000000e+03
613.4193751865103,6.305000000000000000e+03
613.4944491348593,6.339000000000000000e+03
613.5694586386024,6.317000000000000000e+03
613.644467658833,6.345000000000000000e+03
613.7195402192466,6.308000000000000000e+03
613.794555801729,6.324000000000000000e+03
613.8695671147681,6.337000000000000000e+03
613.9446382262654,6.329000000000000000e+03
614.0196560673113,6.329000000000000000e+03
614.0946658455853,6.372000000000000000e+03
614.1696826366328,6.385000000000000000e+03
614.2447554874341,6.357000000000000000e+03
614.3197636679537,6.346000000000000000e+03
614.3947788454523,6.349000000000000000e+03
614.4697859154201,6.371000000000000000e+03
614.5448037484722,6.359000000000000000e+03
614.619873899117,6.353000000000000000e+03
614.694883044028,6.343000000000000000e+03
614.769899161373,6.328000000000000000e+03
614.8449071281832,6.350000000000000000e+03
614.9199220568489,6.380000000000000000e+03
614.994936381391,6.353000000000000000e+03
615.0699463115571,6.392000000000000000e+03
615.1449594055,6.362000000000000000e+03
615.219968088927,6.340000000000000000e+03
615.2949799236752,6.343000000000000000e+03
615.3699949053583,6.362000000000000000e+03
615.4450130295872,6.347000000000000000e+03
615.5200153487256,6.396000000000000000e+03
615.5950321611059,6.353000000000000000e+03
615.6700445181616,6.366000000000000000e+03
615.7450599927896,6.384000000000000000e+03
615.8200634112113,6.372000000000000000e+03
615.8950775175382,6.375000000000000000e+03
615.9700909303292,6.343000000000000000e+03
616.045103642399,6.323000000000000000e+03
616.1200587059649,6.375000000000000000e+03
616.1950737781215,6.355000000000000000e+03
616.2700843319404,6.344000000000000000e+03
616.3450979550751,6.357000000000000000e+03
616.4201070436227,6.339000000000000000e+03
616.4950545776754,6.350000000000000000e+03
616.5700659579935,6.343000000000000000e+03
616.6450765818348,6.304000000000000000e+03
616.720097852294,6.355000000000000000e+03
616.7950422701603,6.342000000000000000e+03
616.8700581788843,6.348000000000000000e+03
616.9450694997388,6.334000000000000000e+03
617.0200229227949,6.348000000000000000e+03
617.0950326410584,6.324000000000000000e+03
617.1700377451283,6.349000000000000000e+03
617.2449925060192,6.313000000000000000e+03
617.3200073947381,6.323000000000000000e+03
617.395013836697,6.322000000000000000e+03
617.4699660667885,6.342000000000000000e+03
617.5449822610196,6.299000000000000000e+03
617.6199327648687,6.337000000000000000e+03
617.6949472498279,6.315000000000000000e+03
617.7698959983896,6.336000000000000000e+03
617.8449087450254,6.335000000000000000e+03
617.9198595274773,6.334000000000000000e+03
617.9948705076381,6.304000000000000000e+03
618.069827119618,6.332000000000000000e+03
618.144840127084,6.323000000000000000e+03
618.2197872618343,6.313000000000000000e+03
618.2947411041071,6.352000000000000000e+03
618.3697513617161,6.316000000000000000e+03
618.44469567746,6.356000000000000000e+03
618.5196505100681,6.326000000000000000e+03
618.5946694328892,6.344000000000000000e+03
618.6696146951708,6.362000000000000000e+03
618.7445666341545,6.345000000000000000e+03
618.8195826887393,6.340000000000000000e+03
618.8945326685835,6.364000000000000000e+03
618.9694854812299,6.364000000000000000e+03
619.0444334578197,6.377000000000000000e+03
619.1194494169247,6.341000000000000000e+03
619.1943992107521,6.319000000000000000e+03
619.2693479786984,6.361000000000000000e+03
619.3442957134283,6.349000000000000000e+03
619.4192500812071,6.338000000000000000e+03
619.4942648084996,6.379000000000000000e+03
619.5692094181061,6.370000000000000000e+03
619.6441644838893,6.409000000000000000e+03
619.7191184853039,6.376000000000000000e+03
619.7940637321011,6.376000000000000000e+03
619.8690155808523,6.353000000000000000e+03
619.9439663431604,6.395000000000000000e+03
620.0189198558951,6.376000000000000000e+03
620.0938722693128,6.397000000000000000e+03
620.1688197299484,6.368000000000000000e+03
620.2437699216852,6.368000000000000000e+03
620.3187305358406,6.347000000000000000e+03
620.393678480104,6.372000000000000000e+03
620.4686252881608,6.384000000000000000e+03
620.543582504853,6.398000000000000000e+03
620.61852702112,6.369000000000000000e+03
620.6934819368186,6.404000000000000000e+03
620.7684356923214,6.401000000000000000e+03
620.8433227543279,6.378000000000000000e+03
620.9182780068074,6.405000000000000000e+03
620.9932282224137,6.376000000000000000e+03
621.0681811054573,6.407000000000000000e+03
621.1431327931294,6.366000000000000000e+03
621.2180794188941,6.389000000000000000e+03
621.2929746519387,6.402000000000000000e+03
621.3679226950109,6.373000000000000000e+03
621.4428695130218,6.355000000000000000e+03
621.5177610187308,6.418000000000000000e+03
621.5927130788318,6.393000000000000000e+03
621.6676600305892,6.379000000000000000e+03
621.7426134606835,6.408000000000000000e+03
621.8174999024244,6.394000000000000000e+03
621.8924507959133,6.398000000000000000e+03
621.9673462597708,6.403000000000000000e+03
622.0422984590124,6.371000000000000000e+03
622.1172493736544,6.388000000000000000e+03
622.1921409277729,6.368000000000000000e+03
622.2670892368434,6.377000000000000000e+03
622.3419781424883,6.380000000000000000e+03
622.4169354382018,6.356000000000000000e+03
622.4918216682801,6.387000000000000000e+03
622.5667763070498,6.372000000000000000e+03
622.6416637084727,6.378000000000000000e+03
622.7166156613104,6.387000000000000000e+03
622.791500330108,6.368000000000000000e+03
622.8664495670652,6.339000000000000000e+03
622.9413431149467,6.414000000000000000e+03
623.0162352679529,6.358000000000000000e+03
623.0911842549693,6.415000000000000000e+03
623.1660736097131,6.374000000000000000e+03
623.2409693156505,6.370000000000000000e+03
623.3159141083677,6.366000000000000000e+03
623.3908108627464,6.367000000000000000e+03
623.4656984085988,6.385000000000000000e+03
623.54065060535,6.373000000000000000e+03
623.6155430462911,6.347000000000000000e+03
623.6904262505253,6.368000000000000000e+03
623.7653157682421,6.379000000000000000e+03
623.8402738657751,6.352000000000000000e+03
623.9151643415145,6.375000000000000000e+03
623.9900494384281,6.379000000000000000e+03
624.0649369353079,6.418000000000000000e+03
624.1398346184196,6.381000000000000000e+03
624.2147191099846,6.408000000000000000e+03
624.2896137782844,6.394000000000000000e+03
624.3645615055957,6.362000000000000000e+03
624.4394531447507,6.401000000000000000e+03
624.5143432514428,6.405000000000000000e+03
624.5892357192214,6.379000000000000000e+03
624.6641227392169,6.366000000000000000e+03
624.739008204036,6.398000000000000000e+03
624.8139077217978,6.362000000000000000e+03
624.8887900572714,6.421000000000000000e+03
624.9636825322137,6.409000000000000000e+03
625.0385773339976,6.362000000000000000e+03
625.1134666425047,6.398000000000000000e+03
625.1883582645422,6.399000000000000000e+03
625.263181823586,6.393000000000000000e+03
625.3380780414589,6.404000000000000000e+03
625.4129648242472,6.354000000000000000e+03
625.4878578081264,6.407000000000000000e+03
625.5627413379577,6.398000000000000000e+03
625.6376349716288,6.369000000000000000e+03
625.7124604067309,6.382000000000000000e+03
625.7873507351937,6.387000000000000000e+03
625.8622394075853,6.420000000000000000e+03
625.9371381701984,6.391000000000000000e+03
626.0119647267263,6.353000000000000000e+03
626.0868522937308,6.384000000000000000e+03
626.1617460175852,6.389000000000000000e+03
626.2366380528313,6.370000000000000000e+03
626.3114617065921,6.386000000000000000e+03
626.3863503257447,6.366000000000000000e+03
626.4611822898413,6.378000000000000000e+03
626.5360713905895,6.345000000000000000e+03
626.6109666191869,6.393000000000000000e+03
626.6857933539325,6.350000000000000000e+03
626.7606772445703,6.356000000000000000e+03
626.8355122365108,6.367000000000000000e+03
626.9104044027886,6.367000000000000000e+03
626.985224051504,6.389000000000000000e+03
627.0601205419518,6.400000000000000000e+03
627.1349523354077,6.401000000000000000e+03
627.2098373967692,6.396000000000000000e+03
627.2846616468294,6.406000000000000000e+03
627.3595549170336,6.375000000000000000e+03
627.4343873380152,6.395000000000000000e+03
627.5092769901677,6.380000000000000000e+03
627.5841096881397,6.371000000000000000e+03
627.6589365990222,6.350000000000000000e+03
627.7338247007415,6.405000000000000000e+03
627.8086518461457,6.385000000000000000e+03
627.8834850056414,6.409000000000000000e+03
627.9583754402697,6.406000000000000000e+03
628.0332088011603,6.386000000000000000e+03
628.1080284382782,6.410000000000000000e+03
628.182858012259,6.433000000000000000e+03
628.2577527829216,6.364000000000000000e+03
628.3325785578783,6.400000000000000000e+03
628.4074142606058,6.434000000000000000e+03
628.4822361924339,6.420000000000000000e+03
628.5570680421939,6.413000000000000000e+03
628.6318979552647,6.424000000000000000e+03
628.706785214725,6.433000000000000000e+03
628.7816191526078,6.415000000000000000e+03
628.8564471797065,6.378000000000000000e+03
628.9312811520758,6.431000000000000000e+03
629.0061012851678,6.422000000000000000e+03
629.0809313073146,6.412000000000000000e+03
629.155759344112,6.411000000000000000e+03
629.2305893470999,6.417000000000000000e+03
629.3054252715824,6.387000000000000000e+03
629.380247309458,6.418000000000000000e+03
629.4550831794276,6.403000000000000000e+03
629.5299011803792,6.426000000000000000e+03
629.6047330053896,6.407000000000000000e+03
629.6795707280481,6.408000000000000000e+03
629.7543389940075,6.374000000000000000e+03
629.8291607196976,6.386000000000000000e+03
629.9039962589939,6.396000000000000000e+03
629.9788178342736,6.432000000000000000e+03
630.0536452776254,6.409000000000000000e+03
630.1284746162776,6.403000000000000000e+03
630.2032423002603,6.418000000000000000e+03
630.2780753994684,6.397000000000000000e+03
630.3529103790165,6.432000000000000000e+03
630.4277313363475,6.436000000000000000e+03
630.5025024771371,6.429000000000000000e+03
630.5773311190919,6.433000000000000000e+03
630.6521576385172,6.428000000000000000e+03
630.7269342895984,6.443000000000000000e+03
630.8017565291294,6.451000000000000000e+03
630.8765845827202,6.428000000000000000e+03
630.9513587332427,6.480000000000000000e+03
631.0261864484233,6.442000000000000000e+03
631.1009522564115,6.438000000000000000e+03
631.175787573207,6.423000000000000000e+03
631.2506087617126,6.475000000000000000e+03
631.3253799341081,6.458000000000000000e+03
631.400208688403,6.503000000000000000e+03
631.4749754310345,6.476000000000000000e+03
631.5498037567131,6.465000000000000000e+03
631.6245780075234,6.476000000000000000e+03
631.6993420335924,6.464000000000000000e+03
631.7741716576955,6.485000000000000000e+03
631.8489391655564,6.470000000000000000e+03
631.923764305041,6.476000000000000000e+03
631.9985312783703,6.487000000000000000e+03
632.0733039606179,6.498000000000000000e+03
632.1481342990165,6.499000000000000000e+03
632.2228944223607,6.498000000000000000e+03
632.2976642345945,6.509000000000000000e+03
632.3724997216107,6.482000000000000000e+03
632.4472649272958,6.539000000000000000e+03
632.5220358114818,6.498000000000000000e+03
632.5968083701387,6.525000000000000000e+03
632.6716346337209,6.520000000000000000e+03
632.746402531009,6.492000000000000000e+03
632.8211640744752,6.498000000000000000e+03
632.895939281213,6.515000000000000000e+03
632.9707001090119,6.483000000000000000e+03
633.0454705862102,6.517000000000000000e+03
633.1202346797379,6.507000000000000000e+03
633.1950124256075,6.525000000000000000e+03
633.2698318993826,6.491000000000000000e+03
633.3446048767886,6.502000000000000000e+03
633.4193754528278,6.524000000000000000e+03
633.4941436195448,6.518000000000000000e+03
633.5689053548851,6.509000000000000000e+03
633.6436807232593,6.497000000000000000e+03
633.718441616138,6.532000000000000000e+03
633.7932121186539,6.479000000000000000e+03
633.8679199094199,6.487000000000000000e+03
633.9426855028164,6.493000000000000000e+03
634.0174606961399,6.497000000000000000e+03
634.0922213655654,6.482000000000000000e+03
634.1669876029633,6.534000000000000000e+03
634.2417553834099,6.497000000000000000e+03
634.3165327489089,6.492000000000000000e+03
634.3912351850232,6.546000000000000000e+03
634.4660075495017,6.527000000000000000e+03
634.5407774100094,6.549000000000000000e+03
634.6155447585436,6.543000000000000000e+03
634.6902491623354,6.521000000000000000e+03
634.7650114486645,6.483000000000000000e+03
634.8397832896367,6.534000000000000000e+03
634.9145525922855,6.503000000000000000e+03
634.9892588668829,6.561000000000000000e+03
635.0640230545828,6.553000000000000000e+03
635.1387362717429,6.502000000000000000e+03
635.2135074201229,6.570000000000000000e+03
635.2882719598388,6.542000000000000000e+03
635.362981437668,6.528000000000000000e+03
635.4377448294332,6.520000000000000000e+03
635.512457159198,6.578000000000000000e+03
635.5872153377827,6.545000000000000000e+03
635.6619224154749,6.536000000000000000e+03
635.7366995983534,6.569000000000000000e+03
635.8114013974615,6.546000000000000000e+03
635.8861733198535,6.527000000000000000e+03
635.960881941529,6.557000000000000000e+03
636.0356485740448,6.573000000000000000e+03
636.1103518611941,6.558000000000000000e+03
636.1850565091609,6.547000000000000000e+03
636.2598232366993,6.570000000000000000e+03
636.3345306048863,6.562000000000000000e+03
636.4092393182117,6.558000000000000000e+03
636.4840101382218,6.555000000000000000e+03
636.5587134362514,6.605000000000000000e+03
636.6334221129331,6.595000000000000000e+03
636.7081848135534,6.577000000000000000e+03
636.78290019687,6.616000000000000000e+03
636.857604726266,6.595000000000000000e+03
636.9323146152394,6.578000000000000000e+03
637.0070217458345,6.562000000000000000e+03
637.0817261099415,6.523000000000000000e+03
637.1564967140678,6.552000000000000000e+03
637.2311995976745,6.523000000000000000e+03
637.3059078155254,6.496000000000000000e+03
637.3806132401302,6.557000000000000000e+03
637.4553280538418,6.565000000000000000e+03
637.5300278704315,6.589000000000000000e+03
637.6047370655823,6.617000000000000000e+03
637.679443440681,6.685000000000000000e+03
637.7541469875897,6.649000000000000000e+03
637.8288599029363,6.656000000000000000e+03
637.9035659103154,6.665000000000000000e+03
637.978273139046,6.684000000000000000e+03
638.052977512721,6.669000000000000000e+03
638.1276830952562,6.658000000000000000e+03
638.2023898813551,6.664000000000000000e+03
638.2770978657181,6.675000000000000000e+03
638.3517418441655,6.665000000000000000e+03
638.4264562697699,6.697000000000000000e+03
638.5011555722814,6.673000000000000000e+03
638.5758642016897,6.701000000000000000e+03
638.6505699221697,6.736000000000000000e+03
638.7252237691496,6.698000000000000000e+03
638.7999236357822,6.725000000000000000e+03
638.874628732156,6.709000000000000000e+03
638.9493472209352,6.724000000000000000e+03
639.0239892680094,6.737000000000000000e+03
639.098689601196,6.778000000000000000e+03
639.173395144716,6.783000000000000000e+03
639.2480405140027,6.717000000000000000e+03
639.3227564554909,6.742000000000000000e+03
639.3973958340758,6.790000000000000000e+03
639.4721058028182,6.797000000000000000e+03
639.5468086912668,6.813000000000000000e+03
639.6214635767756,6.790000000000000000e+03
639.6961604460553,6.810000000000000000e+03
639.7708092749344,6.796000000000000000e+03
639.8455164682429,6.798000000000000000e+03
639.9201674013606,6.806000000000000000e+03
639.9948767149377,6.829000000000000000e+03
640.0695174401586,6.818000000000000000e+03
640.1441591862857,6.831000000000000000e+03
640.2188716275688,6.782000000000000000e+03
640.2935236151387,6.841000000000000000e+03
640.3681602084457,6.813000000000000000e+03
640.4428757290473,6.849000000000000000e+03
640.5175143262505,6.863000000000000000e+03
640.592166218985,6.865000000000000000e+03
640.6668724558668,6.875000000000000000e+03
640.7415181149009,6.884000000000000000e+03
640.8161565315354,6.861000000000000000e+03
640.8908041242695,6.831000000000000000e+03
640.9655143022176,6.905000000000000000e+03
641.0401638233027,6.863000000000000000e+03
641.1148060727106,6.887000000000000000e+03
641.1894533730033,6.934000000000000000e+03
641.2641016094406,6.913000000000000000e+03
641.3387425502967,6.922000000000000000e+03
641.4134543525283,6.927000000000000000e+03
641.488101262261,6.889000000000000000e+03
641.5627449685089,6.947000000000000000e+03
641.6373854629693,6.920000000000000000e+03
641.7120350911663,6.945000000000000000e+03
641.7866814967092,6.923000000000000000e+03
641.8613246712862,6.934000000000000000e+03
641.9359769690361,6.983000000000000000e+03
642.0106260249374,6.961000000000000000e+03
642.0852718306695,6.999000000000000000e+03
642.1598525225107,6.994000000000000000e+03
642.2344917885489,7.013000000000000000e+03
642.3091401562656,7.034000000000000000e+03
642.3837934993884,7.037000000000000000e+03
642.4584353052218,7.046000000000000000e+03
642.5330862021095,7.045000000000000000e+03
642.6077296725547,7.028000000000000000e+03
642.6823120100572,7.053000000000000000e+03
642.7569529755671,7.090000000000000000e+03
642.8315988836831,7.084000000000000000e+03
642.9062455985243,7.093000000000000000e+03
642.9808352351971,7.097000000000000000e+03
643.055475263203,7.076000000000000000e+03
643.1301243499755,7.081000000000000000e+03
643.2047163018128,7.076000000000000000e+03
643.279354524987,7.064000000000000000e+03
643.3539438476895,7.113000000000000000e+03
643.4285877299418,7.129000000000000000e+03
643.5032406530961,7.122000000000000000e+03
643.5778197789244,7.150000000000000000e+03
643.6524659081414,7.151000000000000000e+03
643.7270464782921,7.147000000000000000e+03
643.8016982163535,7.186000000000000000e+03
643.876284355504,7.178000000000000000e+03
643.9509292459394,7.191000000000000000e+03
644.0255084918365,7.210000000000000000e+03
644.1001589469886,7.220000000000000000e+03
644.1747437177227,7.208000000000000000e+03
644.2493250109602,7.195000000000000000e+03
644.3239775458864,7.233000000000000000e+03
644.3985601811679,7.292000000000000000e+03
644.4731434709971,7.312000000000000000e+03
644.5477855716856,7.301000000000000000e+03
644.6223743228242,7.318000000000000000e+03
644.6969595574612,7.332000000000000000e+03
644.7715495817692,7.356000000000000000e+03
644.8461901340061,7.383000000000000000e+03
644.9207731033271,7.386000000000000000e+03
644.9953650068094,7.376000000000000000e+03
645.0699450389038,7.407000000000000000e+03
645.1445298338459,7.438000000000000000e+03
645.219177672042,7.451000000000000000e+03
645.2937678340779,7.516000000000000000e+03
645.3683419239809,7.455000000000000000e+03
645.4429290863851,7.512000000000000000e+03
645.5175168235929,7.507000000000000000e+03
645.5921051300253,7.523000000000000000e+03
645.6666898312457,7.544000000000000000e+03
645.7412750885978,7.575000000000000000e+03
645.8158525549321,7.599000000000000000e+03
645.8904389058563,7.659000000000000000e+03
645.9650299688499,7.639000000000000000e+03
646.0396090465212,7.649000000000000000e+03
646.1141969977764,7.647000000000000000e+03
646.1887812959989,7.700000000000000000e+03
646.2633076373747,7.722000000000000000e+03
646.3378845915109,7.752000000000000000e+03
646.4124787595719,7.741000000000000000e+03
646.4870608913304,7.778000000000000000e+03
646.5616476941717,7.810000000000000000e+03
646.6361722632304,7.811000000000000000e+03
646.7107558375826,7.815000000000000000e+03
646.7853440690486,7.876000000000000000e+03
646.859928586342,7.887000000000000000e+03
646.9344466023072,7.954000000000000000e+03
647.0090362098298,7.950000000000000000e+03
647.083622083392,7.973000000000000000e+03
647.1581413924066,7.989000000000000000e+03
647.2327239470708,7.989000000000000000e+03
647.307306934167,8.040000000000000000e+03
647.3818400556567,8.033000000000000000e+03
647.456419687093,8.036000000000000000e+03
647.5309452235595,8.129000000000000000e+03
647.6055298578293,8.155000000000000000e+03
647.6800561677495,8.110000000000000000e+03
647.7546415911931,8.152000000000000000e+03
647.829164455096,8.184000000000000000e+03
647.9037464463057,8.220000000000000000e+03
647.9782700344881,8.232000000000000000e+03
648.0527939695423,8.295000000000000000e+03
648.1273854568424,8.293000000000000000e+03
648.2019100840658,8.289000000000000000e+03
648.2764938778582,8.306000000000000000e+03
648.3510107654179,8.384000000000000000e+03
648.425536376692,8.435000000000000000e+03
648.5000623007427,8.424000000000000000e+03
648.5746432162518,8.437000000000000000e+03
648.6491655538866,8.457000000000000000e+03
648.7236881852804,8.511000000000000000e+03
648.7982195235151,8.501000000000000000e+03
648.8728058826379,8.573000000000000000e+03
648.9473293775359,8.558000000000000000e+03
649.0218489310823,8.621000000000000000e+03
649.0963729611857,8.630000000000000000e+03
649.1708972508054,8.649000000000000000e+03
649.2454260094211,8.672000000000000000e+03
649.3199508018886,8.708000000000000000e+03
649.3944716195824,8.782000000000000000e+03
649.4689926719741,8.757000000000000000e+03
649.5435181724034,8.782000000000000000e+03
649.6180396779724,8.811000000000000000e+03
649.6925698430567,8.867000000000000000e+03
649.7670917798398,8.900000000000000000e+03
649.8416139226556,8.967000000000000000e+03
649.9161320418531,8.982000000000000000e+03
649.9906588034178,9.045000000000000000e+03
650.0651815298742,9.017000000000000000e+03
650.1397086661992,9.088000000000000000e+03
650.2142317539774,9.114000000000000000e+03
650.2887550133019,9.121000000000000000e+03
650.3632192222857,9.157000000000000000e+03
650.4377470245496,9.197000000000000000e+03
650.5122665196939,9.213000000000000000e+03
650.5867946266628,9.257000000000000000e+03
650.6612551406859,9.266000000000000000e+03
650.7357750465694,9.369000000000000000e+03
650.8103035527816,9.387000000000000000e+03
650.8847644021826,9.362000000000000000e+03
650.9592931417967,9.390000000000000000e+03
651.0338092818513,9.448000000000000000e+03
651.1082704136296,9.496000000000000000e+03
651.182799464824,9.546000000000000000e+03
651.2572649940395,9.590000000000000000e+03
651.3317857370804,9.634000000000000000e+03
651.4062556434649,9.680000000000000000e+03
651.4807807792504,9.689000000000000000e+03
651.5552380644563,9.779000000000000000e+03
651.6297548330812,9.748000000000000000e+03
651.7042206933047,9.808000000000000000e+03
651.7787503045504,9.864000000000000000e+03
651.8532162309156,9.925000000000000000e+03
651.9277374256133,9.986000000000000000e+03
652.0021948907765,9.982000000000000000e+03
652.0766608615594,1.006000000000000000e+04
652.1511863740992,1.008800000000000000e+04
652.2256523518495,1.015700000000000000e+04
652.3001055526772,1.020000000000000000e+04
652.3745757534864,1.025500000000000000e+04
652.4490927583861,1.024700000000000000e+04
652.523554404734,1.035600000000000000e+04
652.5980245314129,1.038200000000000000e+04
652.6724818393412,1.045600000000000000e+04
652.7469518786384,1.049600000000000000e+04
652.8214730080308,1.052500000000000000e+04
652.8959386884019,1.058600000000000000e+04
652.9703957767102,1.065800000000000000e+04
653.0448655846427,1.066400000000000000e+04
653.1193267868492,1.075300000000000000e+04
653.1937879048733,1.081900000000000000e+04
653.268253200443,1.086300000000000000e+04
653.3427141334746,1.091500000000000000e+04
653.417174964718,1.101900000000000000e+04
653.4916399588126,1.102700000000000000e+04
653.5661005698283,1.104300000000000000e+04
653.640569606346,1.110800000000000000e+04
653.7150299745911,1.109300000000000000e+04
653.7894902116518,1.117400000000000000e+04
653.8638947316973,1.125400000000000000e+04
653.938354676066,1.132600000000000000e+04
653.9927330350457,1.138353868682405664e+04
654.0128144715792,1.139700000000000000e+04
654.0673848929049,1.147091479561880988e+04
654.0872783906434,1.141000000000000000e+04
654.1419639360352,1.150228057826308032e+04
654.1617421510075,1.153700000000000000e+04
654.2166156285444,1.149667954564803222e+04
654.2361458232748,1.154000000000000000e+04
654.2911987423258,1.162774370884016025e+04
654.3658416830104,1.168151362194462308e+04
654.4404288467964,1.175768766550928012e+04
654.5150758549863,1.176440890464733820e+04
654.5897184695584,1.182153943732083098e+04
654.664305251433,1.182377985036684913e+04
654.7389476142009,1.187530935042529381e+04
654.8135383948625,1.201757557884751805e+04
654.888184771955,1.201981599189353801e+04
654.9627666643294,1.211391333982634933e+04
655.0373526739268,1.209486982893518507e+04
655.1119985900768,1.220240965514411073e+04
655.1865885451579,1.223937647040342927e+04
655.2612255432555,1.230882927483002823e+04
655.3358194230502,1.239620538362477964e+04
655.4104603574718,1.240964786190089580e+04
655.4850452543039,1.248918252503458098e+04
655.5596986994234,1.253063016638593763e+04
655.634274582699,1.262584772084175893e+04
655.7088674352764,1.264601143825593135e+04
655.7835073665872,1.270986321006748221e+04
655.8580911670134,1.278603725363213744e+04
655.9327392618014,1.284316778630563022e+04
656.0073268888157,1.286669212328883259e+04
656.0819099586474,1.296190967774465389e+04
656.1565530436084,1.301007855823406862e+04
656.2311355998527,1.308177177570668573e+04
656.3057308056235,1.314562354751823659e+04
656.3803688222278,1.320387428671473754e+04
656.454954867795,1.324420172154308420e+04
656.5295449351327,1.338646794996531025e+04
656.6041821341065,1.336294361298210788e+04
656.6787759333997,1.347720467832909162e+04
656.7533564903902,1.352649376534151634e+04
656.8279410471957,1.360154760238316339e+04
656.9025856984958,1.362171131979733764e+04
656.9771696261503,1.376509775474257185e+04
657.0517532233856,1.386591634181343943e+04
657.1264055746188,1.389056088531965179e+04
657.2009928278474,1.396225410279227071e+04
657.2755710944062,1.405187062463304210e+04
657.3501576467798,1.406979392900119637e+04
657.4247438407015,1.411796280949061111e+04
657.4993858698668,1.419861767914730626e+04
657.573971341612,1.428375337489603953e+04
657.6485607618943,1.437785072282885085e+04
657.7231498016442,1.445178435334748610e+04
657.7977341278665,1.445962579900855417e+04
657.87237432304,1.459629099481573212e+04
657.9469621958759,1.463101739702903069e+04
658.0215410042488,1.473855722323795635e+04
658.0961280598617,1.480913023418756529e+04
658.1707146988002,1.487970324513717242e+04
658.2453009150308,1.495699749522483944e+04
658.3198867025178,1.496819956045493564e+04
658.3945327428875,1.510598496278512175e+04
658.4691220043352,1.520232272376395122e+04
658.5437021472852,1.526617449557550208e+04
658.6182818353581,1.534682936523219723e+04
658.69286974003,1.539835886529064010e+04
658.767461521399,1.551486034368364380e+04
658.8420354727173,1.557087066983412660e+04
658.9166306515345,1.563136182207664751e+04
658.9912079822875,1.577250784397586358e+04
659.0657935091809,1.584980209406352878e+04
659.140382887388,1.589797097455294352e+04
659.2149717681472,1.595622171374944628e+04
659.289551452134,1.611529104001681662e+04
659.3641306225966,1.612985372481594095e+04
659.438717970647,1.628892305108331129e+04
659.5133047969533,1.640766494252233315e+04
659.5878910954348,1.640206390990728687e+04
659.6624768600082,1.661042232318708193e+04
659.7370620845874,1.666307202976853659e+04
659.8116467630838,1.671348132330396766e+04
659.8862265349078,1.682326156255891328e+04
659.9608101019778,1.696440758445813117e+04
660.0354018176174,1.700137439971744971e+04
660.1099798943757,1.715932351946181006e+04
660.1845748263452,1.720525198690520483e+04
660.259151743867,1.728590685656189817e+04
660.333684466581,1.739008606320179751e+04
660.4082645480388,1.753907353076208165e+04
660.4828527532469,1.761188695475770874e+04
660.5574316285567,1.770150347659847830e+04
660.6320229836718,1.790314065074021710e+04
660.7066049946801,1.795691056384467811e+04
660.7811820158635,1.804540687916244133e+04
660.8557147324121,1.815182649884836064e+04
660.9302992109782,1.824368343373515017e+04
661.0048830496228,1.833554036862193971e+04
661.0794662422122,1.844420040135387899e+04
661.1540575251042,1.850469155359639990e+04
661.2285781978873,1.862007282546639181e+04
661.3031681500861,1.881610896699308068e+04
661.3777399387936,1.893933168452414247e+04
661.452332922751,1.910288183688355275e+04
661.5269208535378,1.914208906518888762e+04
661.6014380645663,1.923954703269072706e+04
661.6760289813253,1.937957284806693497e+04
661.7506148234904,1.943222255464838963e+04
661.8251298800592,1.951959866344313923e+04
661.8997142930884,1.963946076140517471e+04
661.9743067544003,1.978956843548846518e+04
662.0488853483158,1.989374764212836453e+04
662.1234149871826,2.002593201184350255e+04
662.198000873726,2.014579410980553439e+04
662.2725860216412,2.029142095779678857e+04
662.347104619191,2.035303231656231947e+04
662.4216882564932,2.043368718621901644e+04
662.4962184684717,2.051322184935269979e+04
662.570804963388,2.070925799087938867e+04
662.6453862997457,2.082912008884142051e+04
662.7199097646629,2.094114074114238610e+04
662.7944939234665,2.110021006740975645e+04
662.869086084027,2.115622039356023743e+04
662.9436071371093,2.130968868721256149e+04
663.0181889069928,2.142843057865158335e+04
663.0927083152421,2.153260978529147906e+04
663.1673016492832,2.166367394848361073e+04
663.2418237897235,2.180257955733680501e+04
663.3164110793576,2.197957218797233145e+04
663.3909359310869,2.205238561196795854e+04
663.4655171474956,2.223385906869552127e+04
663.5400358838839,2.227306629700085978e+04
663.6146198039338,2.248478532984968115e+04
663.6891500154543,2.264385465611705149e+04
663.763736622158,2.274131262361889094e+04
663.8382518588492,2.278500067801626938e+04
663.9128411292601,2.297767619997392831e+04
663.9873589874919,2.314346676537935491e+04
664.0619509026042,2.324092473288119436e+04
664.136471363353,2.336638786345827612e+04
664.211061492379,2.357586648326108116e+04
664.285584535613,2.362515557027350587e+04
664.3601640270679,2.379094613567893248e+04
664.4346852160202,2.384695646182941709e+04
664.5092142934612,2.401946826637290360e+04
664.5838042596656,2.412252726648978933e+04
664.6583226187805,2.427599556014211339e+04
664.7328488535421,2.449219541908297469e+04
664.8074315802052,2.467814970190257736e+04
664.881960314152,2.475320353894422442e+04
664.9565455552175,2.489658997388945863e+04
665.031072346548,2.509150590889313753e+04
665.1055937270582,2.518448305030293704e+04
665.1801096874939,2.538948084401370215e+04
665.2546998800744,2.551046314849874761e+04
665.3292271235769,2.556311285508019864e+04
665.4037489291384,2.573226404005465520e+04
665.4783361453115,2.594734369247251016e+04
665.5528603518749,2.606496537738852203e+04
665.6273790986409,2.621171243190278619e+04
665.7019056711048,2.639878692124539884e+04
665.7764932599148,2.655225521489771927e+04
665.8510088931856,2.670908412811906965e+04
665.9255412083346,2.680430168257488913e+04
666.0000591620371,2.699921761757857166e+04
666.0746470335703,2.720981644390438305e+04
666.1491717378727,2.732967854186641489e+04
666.2236953664843,2.741817485718417811e+04
666.2982179130853,2.756380170517543229e+04
666.3727393713534,2.770382752055164019e+04
666.4472686180028,2.791218593383143525e+04
666.5218500778012,2.807013505357579561e+04
666.5963682490049,2.815191012975549893e+04
666.670894195563,2.834682606475917783e+04
666.7454190261132,2.847452960838227955e+04
666.8199427343175,2.868624864123110092e+04
666.8944653138359,2.890020808712594589e+04
666.9689912068017,2.903239245684108391e+04
667.043515960381,2.909624422865263477e+04
667.1180440186909,2.932812697891563221e+04
667.1925664754452,2.939421916377319940e+04
667.2671501081187,2.964738583797338288e+04
667.3416747090137,2.975828628375133485e+04
667.4162025951904,2.993863953395589124e+04
667.4907159415177,3.006410266453296936e+04
667.5652459277131,3.019852744729412734e+04
667.6397747296355,3.039008276272877993e+04
667.7142934240692,3.054803188247314029e+04
667.7888198363478,3.076087112184497164e+04
667.8633405848258,3.095690726337166052e+04
667.9378645829604,3.099499428515398904e+04
668.0123873649534,3.121903558975592023e+04
668.0868509002132,3.133105624205688582e+04
668.1613801466233,3.142627379651270530e+04
668.235899230937,3.160102601410220814e+04
668.3104215399541,3.189115950356171015e+04
668.3849470702704,3.190012115574578638e+04
668.4594713500996,3.216673030822208239e+04
668.533998842422,3.214992721037693627e+04
668.6085250734534,3.242213739546828219e+04
668.683041094052,3.252407618906216157e+04
668.7575647813001,3.274027604800302288e+04
668.8320290343215,3.291278785254650575e+04
668.9065546155499,3.300912561352534249e+04
668.9810833808008,3.304497222226164740e+04
669.0555974212344,3.337991397264153056e+04
669.130128062917,3.356250763589210692e+04
669.2046529196529,3.373165882086656347e+04
669.2791182298785,3.370589407083734113e+04
669.3536314765041,3.400610941900392936e+04
669.4281657979723,3.405315809297033411e+04
669.5026898264498,3.428168022366429796e+04
669.57714526615,3.433993096286080254e+04
669.65167108008,3.450012049565117923e+04
669.7261910590614,3.465918982191855321e+04
669.8007186526492,3.489107257218154700e+04
669.8751865504684,3.494484248528601165e+04
669.949711403622,3.514423924638173048e+04
670.0242348833766,3.528762568132696470e+04
670.0987480026345,3.540636757276598655e+04
670.1732193096983,3.549710430112977338e+04
670.2477431098745,3.562032701866083517e+04
670.3222655128286,3.573122746443878714e+04
670.396728085964,3.587461389938402135e+04
670.471252157415,3.598999517125401326e+04
670.5457118658269,3.606616921481867030e+04
670.6202330875843,3.624988308459225664e+04
670.6947618784129,3.636638456298525853e+04
670.7692307481261,3.644367881307292555e+04
670.8437476587868,3.665875846549077687e+04
670.918213608017,3.678086097649882868e+04
670.9927321095302,3.680326510695902107e+04
671.0672536563986,3.693993030276619538e+04
671.1417196890736,3.698361835716357746e+04
671.216251808498,3.711916334644774179e+04
671.290714863808,3.732416114015851053e+04
671.3652395155675,3.746642736858073476e+04
671.4396995665256,3.759973194481887913e+04
671.5142212289395,3.773303652105703077e+04
671.5886872701645,3.774087796671810065e+04
671.6632104305353,3.774535879281013331e+04
671.7376734223737,3.798620319525721425e+04
671.812193546355,3.811502694540331868e+04
671.8866579770747,3.825169214121050027e+04
671.9611795549314,3.826625482600962278e+04
672.0356408881489,3.838723713049466460e+04
672.1101096909673,3.847013241319738154e+04
672.1846266277597,3.854966707633106125e+04
672.2590968192625,3.860791781552756584e+04
672.3336151557181,3.872553950044357771e+04
672.4080821944679,3.876586693527192983e+04
672.482543119204,3.889133006584900431e+04
672.5570657703272,3.900671133771900350e+04
672.63152802642,3.908064496823764057e+04
672.705997721871,3.917362210964744008e+04
672.7805155931686,3.927332049019529950e+04
672.854982065397,3.934277329462189664e+04
672.9294423823377,3.942118775123257365e+04
673.0039644745739,3.949176076218218077e+04
673.0784260583234,3.956793480574683781e+04
673.152895058153,3.963178657755838503e+04
673.2274213293804,3.971356165373809199e+04
673.3018779706365,3.980653879514789151e+04
673.3763374799411,3.989727552351167105e+04
673.4508043890924,3.995888688227720559e+04
673.5252650884476,3.999473349101351050e+04
673.5997967036512,4.003842154541088530e+04
673.6742585868221,4.008995104546932998e+04
673.748714237457,4.013699971943573473e+04
673.823186347847,4.020533231733932917e+04
673.8976385924067,4.025126078478272393e+04
673.9721663425748,4.028038615438097622e+04
674.0466287979216,4.029942966527213866e+04
674.1210895311846,4.032855503487039095e+04
674.1955530811653,4.032295400225534104e+04
674.2700239906791,4.035431978489961330e+04
674.3444795221271,4.038680577406688826e+04
674.4189469503236,4.040360887191203801e+04
674.49346722243,4.042601300237223040e+04
674.567935708377,4.043721506760232296e+04
674.6424024340591,4.045177775240145274e+04
674.7168582880072,4.044953733935543278e+04
674.7913214713103,4.044057568717135291e+04
674.8657783200656,4.043385444803329301e+04
674.940251601854,4.039576742625096813e+04
675.0147094269751,4.039464721972795815e+04
675.0891700095718,4.038568556754387828e+04
675.1636379044918,4.036104102403766592e+04
675.2380994327431,4.035543999142262328e+04
675.312554584676,4.033639648053145356e+04
675.3870261580195,4.032967524139340094e+04
675.4614822208301,4.031735296964029112e+04
675.5359547018315,4.028934780656504881e+04
675.610407090499,4.024453954564466403e+04
675.6848804576179,4.022437582823049161e+04
675.7593337130725,4.018964942601718940e+04
675.8338033782419,4.015940384989593440e+04
675.9082026566803,4.012691786072865216e+04
675.9826594431638,4.011683600202156231e+04
676.0571234944312,4.006418629544010764e+04
676.1315948098625,4.003842154541088530e+04
676.2060550986515,3.999697390405953047e+04
676.2805134951972,3.995328584966215567e+04
676.3549745673919,3.990735738221876090e+04
676.4293879803434,3.985470767563730624e+04
676.5038498052293,3.980317817557886156e+04
676.5783051376296,3.976621136031954666e+04
676.6527677036122,3.971468186026110197e+04
676.7272329229447,3.965979174063362734e+04
676.8016366634976,3.960154100143712276e+04
676.8761025828228,3.953432861005654559e+04
676.9505619772531,3.949400117522820074e+04
677.0250240043307,3.940886547947946383e+04
677.0994290601088,3.935957639246703911e+04
677.1738917427178,3.932709040329976415e+04
677.2483524582894,3.923299305536694737e+04
677.3227561481843,3.916354025094035023e+04
677.3972128974716,3.913889570743413788e+04
677.4716768389669,3.905488021820841823e+04
677.5461433813275,3.899438906596589368e+04
677.6205482371186,3.890925337021716405e+04
677.6950015852051,3.886668552234279923e+04
677.7694069841688,3.877258817440998246e+04
677.8438746703705,3.866392814167805045e+04
677.9183311477581,3.852278211977883620e+04
677.9927396296163,3.843652621750708931e+04
678.0672012294622,3.833122680434417998e+04
678.1416056066512,3.823600924988836050e+04
678.2160631125909,3.810270467365021614e+04
678.2905277690969,3.808030054319002375e+04
678.3649259468506,3.797388092350410443e+04
678.4393864750938,3.787306233643323503e+04
678.513798898065,3.780921056462168781e+04
678.5882598799376,3.769831011884372856e+04
678.6626543015428,3.754932265128344443e+04
678.7371249257566,3.743954241202850244e+04
678.8115243461227,3.736336836846384540e+04
678.8859815585386,3.724686689007084351e+04
678.9603905685974,3.714380788995395415e+04
679.0348481677615,3.704522971592910471e+04
679.1092529209583,3.693993030276619538e+04
679.1836509171139,3.676853870474571886e+04
679.2581113551571,3.665987867201378685e+04
679.3325235125415,3.650080934574641287e+04
679.4069842868593,3.634174001947904617e+04
679.481378280968,3.626444576939137914e+04
679.5557839509504,3.611769871487711498e+04
679.6302474888498,3.593958587771857856e+04
679.704648807749,3.591830195378139615e+04
679.7790525553501,3.578163675797422184e+04
679.8535234360058,3.560240371429267543e+04
679.9279135518302,3.551278719245190587e+04
680.0023245731195,3.545677686630142125e+04
680.076784258521,3.527642361609687214e+04
680.1511816092886,3.515544131161183032e+04
680.2255859851732,3.499413157229843637e+04
680.3000482943368,3.489891401784261689e+04
680.374448213023,3.476448923508146254e+04
680.4488412562114,3.457965515878486622e+04
680.5232552007656,3.438922004987322725e+04
680.5976576301395,3.429288228889439779e+04
680.6721226617578,3.410020676693673886e+04
680.7465159407645,3.401507107118800195e+04
680.8209254830051,3.395009909285344474e+04
680.8953281128896,3.378430852744801814e+04
680.969723820552,3.366332622296297632e+04
681.0441775310805,3.350089627712657239e+04
681.118582574998,3.339223624439464038e+04
681.1929806772104,3.323204671160425642e+04
681.2673996753556,3.311666543973426451e+04
681.3418070819359,3.291726867863854568e+04
681.4162075273074,3.286909979814913095e+04
681.4906056458781,3.263385642831710720e+04
681.5649921401839,3.253415804776924779e+04
681.6393995215485,3.242885863460634209e+04
681.7137999143118,3.230227529750625035e+04
681.7882165503345,3.207151275376626290e+04
681.8626680324036,3.206591172115121299e+04
681.9370706711479,3.192924652534403867e+04
682.0114662918298,3.178361967735278085e+04
682.0858781465969,3.168952232941997136e+04
682.1602876270566,3.148564474223221623e+04
682.234615600839,3.136130181817814446e+04
682.3090342611832,3.124368013326213259e+04
682.3834179373963,3.106332688305757620e+04
682.4578224911205,3.100059531776903896e+04
682.5322153211919,3.083816537193263866e+04
682.6066290312607,3.069925976307944075e+04
682.6810356664762,3.054915208899615027e+04
682.7554352169042,3.049314176284566565e+04
682.8298276726078,3.027022066476674445e+04
682.9042363415565,3.016492125160383875e+04
682.9786379060591,2.998904882749132594e+04
683.052985700029,2.987926858823638031e+04
683.1273776822683,2.980085413162570330e+04
683.2017812028357,2.954096621828746356e+04
683.2761822579863,2.953424497914940730e+04
683.3505948498541,2.937853627245106691e+04
683.4249816151049,2.922058715270670291e+04
683.4993378598623,2.908728257646855491e+04
683.5737336498651,2.899542564158176538e+04
683.6481222681783,2.881843301094623894e+04
683.7225270786547,2.862351707594256004e+04
683.7968779498492,2.857534819545314531e+04
683.8712683772519,2.838379288001849636e+04
683.9456749923205,2.826281057553345454e+04
684.0200089024875,2.815415054280151890e+04
684.0944244901342,2.797715791216599246e+04
684.1688141432852,2.792898903167657772e+04
684.2431731578488,2.777552073802425730e+04
684.3175670692367,2.762429285741795320e+04
684.3919584235521,2.763661512917105938e+04
684.4662956794946,2.737224638974078334e+04
684.5407193753053,2.716052735689195833e+04
684.6151123876289,2.703842484588390653e+04
684.689455939193,2.680542188909789911e+04
684.7638578398391,2.656457748665082545e+04
684.8382055615216,2.648392261699413211e+04
684.9125975757681,2.625091966020812470e+04
684.9870010616816,2.616690417098240141e+04
685.0613315458365,2.601343587733007735e+04
685.1357438810281,2.586780902933882317e+04
685.2100831760683,2.569865784436436661e+04
685.2844855664139,2.560456049643155711e+04
685.3588336587155,2.550486211588369770e+04
685.4332213760933,2.534467258309331737e+04
685.5075782509971,2.525617626777555415e+04
685.5819089583205,2.518224263725691708e+04
685.6563216044284,2.514191520242857223e+04
685.7306563603778,2.517888201768789077e+04
685.8050589720733,2.502541372403556670e+04
685.8794024621719,2.496044174570100949e+04
685.9537903041233,2.481705531075577164e+04
686.0281472199982,2.472407816934597213e+04
686.1024731844336,2.452468140825025330e+04
686.1768811733403,2.440930013638026139e+04
686.2512158243778,2.427935617971113970e+04
686.3255665827462,2.413596974476590549e+04
686.3999617223745,2.395225587499232279e+04
686.4742975925424,2.383351398355330093e+04
686.5486495653337,2.375397932041961394e+04
686.6230412185406,2.353217842886370636e+04
686.6973829775881,2.345040335268399940e+04
686.7717408365776,2.334734435256711367e+04
686.8460676249846,2.311770201535013621e+04
686.920476563722,2.305273003701557536e+04
686.9948119535088,2.300904198261819693e+04
687.0691634335083,2.277939964540121946e+04
687.1434837923248,2.265281630830113136e+04
687.2178910716232,2.257776247125948430e+04
687.2922436114384,2.243997706892929637e+04
687.3665697193694,2.236716364493366927e+04
687.4409071790424,2.218793060125212651e+04
687.5152607193801,2.210391511202640322e+04
687.5896114344212,2.197957218797233145e+04
687.6639309442114,2.181154120952088488e+04
687.7383327394424,2.167599622023671691e+04
687.8126844041321,2.158525949187293372e+04
687.8870284875072,2.148332069827905798e+04
687.9613649794371,2.143067099169760331e+04
688.0357175394452,2.123799546973994438e+04
688.1100388231959,2.114053750223810493e+04
688.1843761649789,2.104195932821325550e+04
688.2587343070002,2.090417392588306757e+04
688.3330800913666,2.084368277364054666e+04
688.4074182439083,2.074286418656967726e+04
688.4817534945465,2.059723733857842308e+04
688.556104800579,2.052442391458279599e+04
688.6304200038998,2.039447995791367794e+04
688.7047797093452,2.023541063164630759e+04
688.7791080338786,2.015699617503563059e+04
688.8534524038824,2.005617758796476119e+04
688.9277890934775,1.994079631609476928e+04
689.0021418286908,1.985902123991506596e+04
689.0764868733971,1.978060678330438896e+04
689.1507577273879,1.966970633752643334e+04
689.2250873462091,1.953864217433430531e+04
689.2994377520117,1.956776754393255396e+04
689.3737756865256,1.938853450025101120e+04
689.4481106432635,1.928883611970315178e+04
689.5224616327603,1.916897402174111994e+04
689.5968001275772,1.914208906518888762e+04
689.6710880627454,1.903342903245695197e+04
689.745415792651,1.893149023886307623e+04
689.8197595452868,1.887099908662055532e+04
689.8941002876792,1.880490690176298449e+04
689.968380885931,1.870520852121512507e+04
690.0427250973174,1.859318786891415948e+04
690.1170662811704,1.853045630362561860e+04
690.1913949030705,1.845876308615300150e+04
690.2656966557213,1.832657871643786348e+04
690.3400334706062,1.830753520554670104e+04
690.4143672314507,1.818431248801563925e+04
690.4886454859029,1.815406691189437697e+04
690.5629874122526,1.804764729220846129e+04
690.6373214994773,1.797707428125885417e+04
690.7116000290887,1.789753961812516718e+04
690.7859422563533,1.783032722674459001e+04
690.8602336681432,1.776759566145604913e+04
690.9345601567937,1.765669521567809352e+04
691.0089026400582,1.754243415033110796e+04
691.0831942596561,1.750546733507178942e+04
691.157520963373,1.743937515021422223e+04
691.2318206545044,1.733519594357432288e+04
691.3061602170517,1.725454107391762955e+04
691.380444070193,1.719741054124413859e+04
691.45476779478,1.720077116081316490e+04
691.5290596795087,1.706410596500599058e+04
691.6033914459812,1.697112882359618743e+04
691.6776674311591,1.694648428008997507e+04
691.7520072241363,1.683558383431201946e+04
691.8262959912287,1.678405433425357842e+04
691.900643801485,1.672916421462610379e+04
691.9749166156074,1.666867306238358287e+04
692.0492005879099,1.665299017106144674e+04
692.123529252891,1.652192600786931871e+04
692.1978259721524,1.642446804036747926e+04
692.2721578136724,1.639870329033825692e+04
692.3464385130854,1.631356759458952365e+04
692.4207159769667,1.630348573588243744e+04
692.4950525395182,1.621050859447263610e+04
692.56933311711,1.617466198573632755e+04
692.6436056440851,1.611753145306283477e+04
692.7179660817585,1.604135740949817955e+04
692.7922272967613,1.599206832248575483e+04
692.8665236380322,1.592933675719721396e+04
692.9407927013435,1.584532126797149067e+04
693.0151497288059,1.578931094182100787e+04
693.089421837627,1.572993999610149694e+04
693.1636906489606,1.563808306121470559e+04
693.2379753787236,1.560671727857043516e+04
693.3122568047582,1.560895769161645512e+04
693.3865926140129,1.551486034368364380e+04
693.4608818498604,1.546109043057918097e+04
693.5351581466051,1.542188320227384247e+04
693.6094263017561,1.540844072399772813e+04
693.6837151767944,1.533338688695608107e+04
693.7579910889119,1.519448127810288497e+04
693.8322636527323,1.516087508241259457e+04
693.906552121247,1.516199528893560455e+04
693.9808998444166,1.510598496278512175e+04
694.0551719756728,1.502645029965143658e+04
694.1294600063287,1.502196947355939847e+04
694.2037398455482,1.491779026691950094e+04
694.2780114829652,1.492115088648853089e+04
694.3522990144666,1.482929395160173954e+04
694.426583156023,1.471727329930077394e+04
694.5008542537265,1.469150854927155160e+04
694.5751412401826,1.464445987530514685e+04
694.6494248189764,1.466126297315029115e+04
694.723700156412,1.454812211432631739e+04
694.7979624146619,1.446634703814661225e+04
694.8721970948218,1.451227550559000883e+04
694.9464717871994,1.444954394030146796e+04
695.0207623596758,1.435544659236865664e+04
695.0950205016327,1.428039275532701140e+04
695.1693186762369,1.422438242917652860e+04
695.2435843995215,1.416277107041099771e+04
695.3178708269531,1.416501148345701586e+04
695.3921441168008,1.411460218992158298e+04
695.4663655616765,1.404290897244896405e+04
695.5406463919401,1.402722608112682974e+04
695.6149237361514,1.394657121147013459e+04
695.6892121064967,1.390176295054974980e+04
695.7634969823528,1.390176295054974980e+04
695.8377008859716,1.380542518957091852e+04
695.9119932631442,1.376733816778859182e+04
695.9862772860863,1.374717445037441757e+04
696.06048026933,1.369116412422393478e+04
696.134771767185,1.358026367844597917e+04
696.2090548898484,1.361162946109024961e+04
696.2833296268801,1.355673934146277679e+04
696.3575523255896,1.351193108054239019e+04
696.4318151008928,1.348056529789812157e+04
696.5060403540568,1.342567517827064876e+04
696.58033480532,1.336742443907414599e+04
696.6545965750922,1.332149597163075123e+04
696.7288256373972,1.329573122160152889e+04
696.8030899410923,1.321619655846784372e+04
696.8773263707111,1.324532192806609419e+04
696.9516029071826,1.315346499317930284e+04
697.0258758450395,1.313554168881114856e+04
697.1000868630892,1.311873859096600427e+04
697.1743865928445,1.311761838444299428e+04
697.248609793035,1.296639050383669201e+04
697.3228682493078,1.297199153645174010e+04
697.3970987519848,1.295070761251455588e+04
697.4713645187727,1.293054389510038345e+04
697.5456023130668,1.287565377547291064e+04
697.6198072452165,1.281516262323038973e+04
697.6941009834452,1.275579167751087698e+04
697.7683131711979,1.274234919923476264e+04
697.8425898466292,1.272218548182058839e+04
697.9168092738975,1.270426217745243412e+04
697.9910201305657,1.265497309044000940e+04
698.0653003733468,1.264377102520991320e+04
698.1395184438109,1.256983739469127613e+04
698.2138010478819,1.260792441647360465e+04
698.2880311962213,1.258776069905943041e+04
698.3622527442063,1.252390892724787955e+04
698.4364656813189,1.243205199236108820e+04
698.510738305446,1.244997529672924429e+04
698.5849584048053,1.242981157931507005e+04
698.6591698720874,1.232899299224420065e+04
698.7334703424422,1.237716187273361538e+04
698.8076889513259,1.234243547052031681e+04
698.8818989069066,1.234019505747429866e+04
698.9561050840433,1.220801068775915883e+04
699.030322134609,1.231106968787604637e+04
699.1046038227042,1.222593399212731310e+04
699.1788328602486,1.213295685071751177e+04
699.2530532146016,1.217328428554586026e+04
699.3272599846256,1.214303870942459980e+04
699.4014873980228,1.213295685071751177e+04
699.4757061069474,1.213743767680955170e+04
699.5499161008405,1.208814858979712699e+04
699.6241418428359,1.203325847016965417e+04
699.6983588590565,1.198845020924926757e+04
699.7726405911895,1.202429681798557613e+04
699.8468646290141,1.196940669835810331e+04
699.9210848186354,1.196940669835810331e+04
699.9952913527262,1.192347823091470855e+04
700.0695185244031,1.184842439387306149e+04
700.1437320277023,1.185626583953412955e+04
700.2179661702849,1.183274150255092718e+04
700.2921670152689,1.181369799165976292e+04
700.3663345364773,1.182265964384383915e+04
700.4405423002715,1.177785138292345437e+04
700.5147657911945,1.179241406772257869e+04
700.5889804729994,1.174200477418714581e+04
700.6632108815323,1.171736023068093346e+04
700.7374324701444,1.174536539375617394e+04
700.81164522823,1.166583073062248877e+04
700.8858540575908,1.161206081751802594e+04
700.9600736910871,1.161094061099501596e+04
701.034240242214,1.157957482835074552e+04
701.1084716450022,1.158517586096579362e+04
701.1826646876575,1.152580491524628269e+04
701.2569029402329,1.153028574133832080e+04
701.3311077280009,1.153700698047637889e+04
701.4052790247227,1.153252615438434077e+04
701.4794906151762,1.145747231734269371e+04
701.5537179110803,1.143954901297453944e+04
701.6278673838922,1.142610653469842327e+04
701.7020768472739,1.145747231734269371e+04
701.776302010223,1.138353868682405664e+04
701.8505182480137,1.141826508903735703e+04
701.9246812071539,1.135329311070279618e+04
701.9989091214585,1.132864856719658383e+04
702.0730492261018,1.134993249113376805e+04
702.147283874415,1.134321125199570997e+04
702.2215095672381,1.128384030627619904e+04
702.2956523110257,1.124575328449387052e+04
702.3698847114229,1.125359473015493859e+04
702.4440341206173,1.123119059969474438e+04
702.5182485406029,1.119310357791241768e+04
702.5924786440079,1.118190151268231966e+04
702.6666306251165,1.116285800179115540e+04
702.7408427059752,1.117630048006727156e+04
702.8150013114393,1.115949738222212727e+04
702.8892200349155,1.105643838210523973e+04
702.9633852532902,1.112925180610086682e+04
703.0375414112833,1.108780416474951016e+04
703.1117577094595,1.107100106690436587e+04
703.1859204527385,1.108668395822650018e+04
703.2601235714659,1.107100106690436587e+04
703.3342928843769,1.105867879515125969e+04
703.4085025826428,1.097914413201757452e+04
703.482658658175,1.096010062112641026e+04
703.5568254210807,1.094553793632728411e+04
703.6310325789715,1.092425401239010171e+04
703.7052108243134,1.091753277325204363e+04
703.7793551808122,1.088616699060777319e+04
703.8535845204474,1.087944575146971511e+04
703.9277353723147,1.086376286014758080e+04
704.0019018493869,1.078534840353690379e+04
704.0760542132163,1.084247893621039657e+04
704.1502767406283,1.080327170790505807e+04
704.2244157321018,1.075286241436962518e+04
704.2985752975638,1.081783439270418421e+04
704.3727455222629,1.077414633830680759e+04
704.4469065581811,1.071589559911030665e+04
704.5211080295742,1.073045828390943097e+04
704.5952804534251,1.072149663172535475e+04
704.6694387032167,1.071477539258729666e+04
704.7435926983363,1.062963969683856340e+04
704.8177573342106,1.066436609905186197e+04
704.891917706452,1.064308217511467956e+04
704.9660688376695,1.064980341425273764e+04
705.0402107171044,1.061171639247040912e+04
705.114442771257,1.060499515333235104e+04
705.1885910002947,1.057250916416507062e+04
705.2627548254902,1.056802833807303250e+04
705.3369093767561,1.051873925106060778e+04
705.4110795235591,1.050529677278449162e+04
705.485220476971,1.053330193585973393e+04
705.5593969294841,1.048737346841633735e+04
705.6335441691415,1.051313821844555969e+04
705.7077020144703,1.048513305537031920e+04
705.7818057106044,1.047281078361721302e+04
705.8559498827009,1.045376727272604876e+04
705.9301096345012,1.045488747924905874e+04
706.0042849709166,1.042352169660478830e+04
706.0784260421825,1.041456004442071026e+04
706.1525826869397,1.041680045746673022e+04
706.2267549100956,1.041456004442071026e+04
706.3008928304606,1.037871343568440170e+04
706.3750014111765,1.037311240306935360e+04
706.4491704615375,1.034286682694809315e+04
706.5233051714449,1.035294868565517936e+04
706.5974853991634,1.032382331605692889e+04
706.6716262730434,1.034734765304013126e+04
706.745737753195,1.032942434867197699e+04
706.8198897594285,1.036975178350032365e+04
706.8940323424436,1.029469794645867842e+04
706.9681405012132,1.028573629427460037e+04
707.0422891955021,1.033726579433304505e+04
707.1164534452462,1.032382331605692889e+04
707.19055823756,1.025773113119935988e+04
707.2647035748213,1.028909691384363032e+04
707.3388694645195,1.025100989206130180e+04
707.4129708410553,1.026221195729139799e+04
707.4871177773351,1.021964410941703136e+04
707.5612752521206,1.027565443556751416e+04
707.6353781699282,1.026221195729139799e+04
707.7095466962406,1.025437051163032993e+04
707.7836305801062,1.026557257686042794e+04
707.857775071609,1.018715812024975094e+04
707.9318899937977,1.021852390289402138e+04
708.0060455013667,1.017483584849664476e+04
708.080146353211,1.024540885944625370e+04
708.1543078510902,1.021516328332499324e+04
708.2283845678539,1.022860576160110941e+04
708.3025520377458,1.015243171803645237e+04
708.3766397017445,1.018603791372674277e+04
708.4508131326904,1.016587419631256853e+04
708.5249067170731,1.020060059852586710e+04
708.5989906956581,1.016811460935858850e+04
708.673160478897,1.010762345711606577e+04
708.7472503492967,1.015131151151344238e+04
708.8213557131089,1.015467213108247233e+04
708.8955017018351,1.018267729415771282e+04
708.9696129404151,1.007849808751781529e+04
709.0436944296144,1.017035502240460664e+04
709.1178618009762,1.015915295717451045e+04
709.1919440994113,1.015915295717451045e+04
709.266041878377,1.014907109846742424e+04
709.3401601743607,1.005833437010364287e+04
709.4143140934323,1.010986387016208573e+04
709.4884130457813,1.009530118536295959e+04
709.5625023052012,1.009754159840897955e+04
709.6366020041326,1.009082035927092147e+04
709.71069703359,1.008185870708684524e+04
709.7848579170291,1.008857994622490332e+04
709.8589587159314,1.007289705490276720e+04
709.9330497882937,1.008857994622490332e+04
710.0071361642808,1.005609395705762290e+04
710.0812329625695,1.002808879398238059e+04
710.1553452280508,1.006281519619568098e+04
710.2294275672397,1.002248776136733250e+04
710.3035203190468,1.006057478314966102e+04
710.3776335778801,1.004153127225849676e+04
710.4517320198205,1.000568466352218820e+04
710.5258257276931,1.000456445699917822e+04
710.599909644176,1.000344425047617005e+04
710.6740090111854,9.972078467831899616e+03
710.7480985754111,9.973198674354907780e+03
710.8222035892967,9.986641152631023942e+03
710.8962987889969,9.969838054785879649e+03
710.9704094374856,9.950794543894715389e+03
711.0444849811654,9.972078467831899616e+03
711.1186012467011,9.897024630790252559e+03
711.1926874434225,9.967597641739859682e+03
711.2667840197356,9.928390413434522998e+03
711.3408251965476,9.925029793865493048e+03
711.4149070955419,9.956395576509763487e+03
711.4890246751831,9.935111652572581079e+03
711.5631121310784,9.876860913376078315e+03
711.6372150180558,9.874620500330060167e+03
711.7112320343467,9.900385250359280690e+03
711.7853404449295,9.872380087284040201e+03
711.8594389533098,9.881341739468118249e+03
711.9335275484821,9.880221532945108265e+03
712.0075605935059,9.841014304639769762e+03
712.0816546727544,9.839894098116759778e+03
712.1557641746032,9.873500293807050184e+03
712.2297927223119,9.819730380702587354e+03
712.3038823260575,9.852216369869865957e+03
712.377992420552,9.821970793748605502e+03
712.4520164203059,9.824211206794625468e+03
712.5261268825731,9.824211206794625468e+03
712.6001562828156,9.783883771966276981e+03
712.6742518579922,9.786124185012296948e+03
712.7483628435643,9.862298228576953989e+03
712.8223876211747,9.728993652338804168e+03
712.8964785986809,9.783883771966276981e+03
712.9705138140855,9.735714891476862249e+03
713.0446101673241,9.746916956706960264e+03
713.1186507279195,9.744676543660940297e+03
713.19275244439,9.781643358920258834e+03
713.2667983376626,9.718911793631717956e+03
713.3408290765726,9.755878608891036492e+03
713.4149057221886,9.705469315355601793e+03
713.4889468476811,9.661781260958226994e+03
713.5630542605719,9.720032000154727939e+03
713.6370752139885,9.685305597941429369e+03
713.71111152602,9.698748076217543712e+03
713.7852141503761,9.713310761016669858e+03
713.8592557248019,9.665141880527255125e+03
713.93328717658,9.637136717452014636e+03
714.0073900636712,9.666262087050265109e+03
714.0814267494405,9.634896304405994670e+03
714.1554583900697,9.639377130498032784e+03
714.2295512937391,9.703228902309583646e+03
714.3035881409775,9.590088043485608068e+03
714.3776148223176,9.639377130498032784e+03
714.451651744311,9.662901467481235159e+03
714.5256835921462,9.630415478313956555e+03
714.5997818492889,9.586727423916579937e+03
714.6738188625989,9.620333619606868524e+03
714.7478712188952,9.556481847795319482e+03
714.8218929356141,9.559842467364347613e+03
714.8959248750398,9.543039369519203319e+03
714.9699721505816,9.556481847795319482e+03
715.044014315487,9.574405152163473758e+03
715.1180411339378,9.630415478313956555e+03
715.1920883966163,9.563203086933377563e+03
715.2661714596333,9.567683913025415677e+03
715.3402238179556,9.552001021703279548e+03
715.4142403295658,9.516154412966970995e+03
715.488267040557,9.587847630439589921e+03
715.5623141930947,9.553121228226289531e+03
715.6363510669913,9.498231108598816718e+03
715.7103315493897,9.568804119548425660e+03
715.784373440411,9.549760608657261400e+03
715.8584050299637,9.532957510812117107e+03
715.932426306901,9.568804119548425660e+03
716.0064680199878,9.535197923858135255e+03
716.080494283165,9.500471521644836685e+03
716.1545409835085,9.539678749950175188e+03
716.2285722201125,9.520635239059010928e+03
716.3025469314863,9.520635239059010928e+03
716.3765882447348,9.558722260841337629e+03
716.4506192011959,9.510553380351922897e+03
716.5246654600803,9.502711934690856651e+03
716.5987013504475,9.509433173828912913e+03
716.6726754991479,9.508312967305904749e+03
716.7467162946405,9.554241434749299515e+03
716.8207466986998,9.538558543427165205e+03
716.8947667001454,9.493750282506778603e+03
716.9687557260248,9.513913999920952847e+03
717.0427805919613,9.527356478197069009e+03
717.116825887731,9.527356478197069009e+03
717.1908093232216,9.528476684720077174e+03
717.2648286044712,9.503832141213864816e+03
717.3388168541977,9.480307804230662441e+03
717.4128461038251,9.504952347736874799e+03
717.4868906346427,9.474706771615614343e+03
717.5608474726536,9.506072554259884782e+03
717.6348968087937,9.531837304289107124e+03
717.7088584084709,9.508312967305904749e+03
717.7828867763504,9.484788630322702375e+03
717.8568840385082,9.495990695552798570e+03
717.9309171761972,9.494870489029788587e+03
718.0048882559898,9.487029043368720522e+03
718.0789313004857,9.525116065151049042e+03
718.1528864689565,9.476947184661634310e+03
718.2268775063203,9.504952347736874799e+03
718.300914749167,9.466865325954546279e+03
718.3748898482226,9.491509869460758637e+03
718.4489059941204,9.529596891243087157e+03
718.5228857662477,9.460144086816490017e+03
718.5968549564894,9.469105739000566246e+03
718.6708910267723,9.476947184661634310e+03
718.7448648651658,9.509433173828912913e+03
718.8188539335962,9.489269456414740489e+03
718.8928117241455,9.538558543427165205e+03
718.9668571028507,9.446701608540373854e+03
719.040845353585,9.537438336904155221e+03
719.1148178064504,9.467985532477556262e+03
719.1887847916446,9.462384499862508164e+03
719.2628187285492,9.432138923741247709e+03
719.3367851179871,9.455663260724450083e+03
719.4107718973806,9.434379336787267675e+03
719.4847480151196,9.453422847678431935e+03
719.55871345993,9.481428010753672424e+03
719.6326941140954,9.425417684603189628e+03
719.7066692631995,9.438860162879305790e+03
719.780706250103,9.408614586758045334e+03
719.8546807424774,9.413095412850083449e+03
719.9286497097812,9.466865325954546279e+03
720.0026286960333,9.361565912791640585e+03
720.0766021474149,9.422057065034161496e+03
720.1505856143327,9.429898510695229561e+03
720.2245376004026,9.391811488912901041e+03
720.298530717732,9.447821815063383838e+03
720.3725079039693,9.382849836728822993e+03
720.446479525475,9.434379336787267675e+03
720.5204403826414,9.396292315004939155e+03
720.5943696939084,9.406374173712025367e+03
720.6683349523433,9.364926532360668716e+03
720.7423153966341,9.392931695435911024e+03
720.816285052651,9.399652934573967286e+03
720.890249105901,9.404133760666007220e+03
720.9642231419422,9.386210456297852943e+03
721.0382175601698,9.379489217159794862e+03
721.1121179678518,9.455663260724450083e+03
721.1860907374653,9.391811488912901041e+03
721.2600786851124,9.353724467130572521e+03
721.334050596095,9.360445706268630602e+03
721.4079648215145,9.321238477963292098e+03
721.4819202230957,9.326839510578340196e+03
721.5559168215076,9.351484054084552554e+03
721.6298296575088,9.265228151812809301e+03
721.7038045147077,9.325719304055332032e+03
721.777768491748,9.370527564975716814e+03
721.8516746809869,9.258506912674753039e+03
721.9256689717006,9.334680956239408260e+03
721.9996263053706,9.282031249657955414e+03
722.0735518685187,9.243944227875626893e+03
722.1475134315792,9.289872695319021659e+03
722.221443203523,9.254026086582713106e+03
722.2954141996532,9.232742162645530698e+03
722.369322077151,9.252905880059704941e+03
722.4432972736668,9.208097619139318340e+03
722.5172093181159,9.191294521294174046e+03
722.5911887015628,9.227141130030482600e+03
722.665104899496,9.202496586524270242e+03
722.7390623388185,9.212578445231356454e+03
722.8129878959985,9.200256173478250275e+03
722.8869756086152,9.168890390833979836e+03
722.9608791618889,9.170010597356989820e+03
723.0347925998112,9.149846879942815576e+03
723.1087786701618,9.173371216926019770e+03
723.1826700550422,9.186813695202134113e+03
723.2565817737539,9.186813695202134113e+03
723.3305609227724,9.144245847327767478e+03
723.4044767103132,9.134163988620681266e+03
723.4783814349788,9.077033455947188486e+03
723.5523797909511,9.109519445114468908e+03
723.6262885587613,9.110639651637478892e+03
723.7001862401456,9.087115314654276517e+03
723.7741042546204,9.107279032068448942e+03
723.8480321309023,9.106158825545440777e+03
723.9220013141903,9.054629325486996095e+03
723.9959122328532,9.100557792930390860e+03
724.0698330025856,9.034465608072821851e+03
724.1437478932739,9.052388912440976128e+03
724.2176516517817,9.078153662470198469e+03
724.2915652506016,9.081514282039228419e+03
724.3654729499798,9.033345401549813687e+03
724.4393957341822,9.005340238474571379e+03
724.51330736185,8.988537140629427086e+03
724.587207821535,9.021023129796707508e+03
724.6611286098097,9.024383749365735639e+03
724.7350592296857,8.990777553675445233e+03
724.80895240124,9.017662510227677558e+03
724.882865897012,8.978455281922339054e+03
724.9567892135801,8.981815901491369004e+03
725.0307013255602,9.000859412382533264e+03
725.1046074792529,8.966133010169234694e+03
725.1785287017594,8.966133010169234694e+03
725.2524334382222,8.988537140629427086e+03
725.326358500832,8.939248053617002370e+03
725.4002723250796,9.010941271089619477e+03
725.4741222682113,8.928045988386906174e+03
725.5480398915687,8.950450118847098565e+03
725.6219462528422,8.947089499278070434e+03
725.6958676722687,8.910122684018751897e+03
725.769783084779,8.904521651403703800e+03
725.8436292602167,8.956051151462146663e+03
725.9175431603215,8.930286401432924322e+03
725.9914510329734,8.958291564508166630e+03
726.0653686850188,8.903401444880693816e+03
726.1392275716657,8.897800412265645718e+03
726.2131278556831,8.909002477495741914e+03
726.2870379081896,8.857472977437297232e+03
726.3608891425325,8.872035662236423377e+03
726.4348081680206,8.866434629621375279e+03
726.50866306773,8.840669879592152938e+03
726.5825857784921,8.872035662236423377e+03
726.6564232085193,8.874276075282443344e+03
726.730349586392,8.831708227408076709e+03
726.8042645953695,8.880997314420499606e+03
726.8781153887404,8.798102031717786303e+03
726.9520393221525,8.840669879592152938e+03
727.0258672943038,8.831708227408076709e+03
727.0997948515045,8.811544509993902466e+03
727.1736528398144,8.779058520826622043e+03
727.2475046789152,8.788020173010700091e+03
727.3214244199837,8.776818107780603896e+03
727.3952533686669,8.766736249073515864e+03
727.4691766890326,8.746572531659341621e+03
727.5430356383624,8.807063683901864351e+03
727.6168831154938,8.737610879475265392e+03
727.6907985389481,8.656956009818570237e+03
727.7646495352022,8.726408814245169197e+03
727.838494332822,8.752173564274391538e+03
727.9123488191613,8.677119727232744481e+03
727.986271291593,8.704004683784974986e+03
728.0601080662049,8.706245096830994953e+03
728.1339810274446,8.644633738065464058e+03
728.2078212555151,8.633431672835367863e+03
728.2817295008361,8.603186096714107407e+03
728.3555996998778,8.608787129329155505e+03
728.429453049297,8.647994357634494008e+03
728.5033054557948,8.604306303237117390e+03
728.577140989502,8.628950846743329748e+03
728.6509914915385,8.566219281454788870e+03
728.7248569664563,8.579661759730905032e+03
728.7987108614303,8.572940520592846951e+03
728.872558477417,8.555017216224692675e+03
728.9464688832253,8.525891846626442202e+03
729.0203145595359,8.542694944471586496e+03
729.0941805149681,8.460919868291881357e+03
729.1680295392798,8.503487716166247992e+03
729.2418722535059,8.474362346567997520e+03
729.3156767351837,8.506848335735277942e+03
729.3895227579071,8.474362346567997520e+03
729.4633837365335,8.476602759614017486e+03
729.5372330643772,8.456439042199843243e+03
729.6110920231105,8.483323998752075568e+03
729.6849499652391,8.402669129095380413e+03
729.7587909091665,8.403789335618390396e+03
729.832646799371,8.385866031250236119e+03
729.9064377258716,8.356740661651983828e+03
729.9802755476569,8.381385205158196186e+03
730.0541496290818,8.352259835559945714e+03
730.1279906863275,8.360101281221013778e+03
730.2018413503896,8.382505411681206169e+03
730.2756322932343,8.297369715932472900e+03
730.3494914925877,8.365702313836061876e+03
730.4233389576001,8.302970748547520998e+03
730.497121314011,8.259282694150144380e+03
730.5709933006522,8.214474433229759597e+03
730.6448321837362,8.259282694150144380e+03
730.7186379386568,8.240239183258980120e+03
730.7924799682986,8.250321041966068151e+03
730.8662835069548,8.190950096246556313e+03
730.940128667791,8.190950096246556313e+03
731.0139673771906,8.117016465727919240e+03
731.0877622124666,8.141661009234131598e+03
731.1616307539186,8.108054813543842101e+03
731.2354072830598,8.058765726531417386e+03
731.3092735761231,8.099093161359764963e+03
731.3830531589755,8.082290063514620670e+03
731.4569011330443,8.065486965669475467e+03
731.5307105078027,8.012837259088022620e+03
731.6044812553652,7.984832096012781221e+03
731.6783471861277,8.025159530841127889e+03
731.7521477148499,7.936663215523365579e+03
731.8259899112759,7.962427965552587921e+03
731.899766660658,7.938903628569385546e+03
731.9735636445379,7.885133715464921806e+03
732.0473701527895,7.909778258971134164e+03
732.1212183467612,7.895215574172008928e+03
732.195006386356,7.832484008883468960e+03
732.2688093011474,7.859368965435700375e+03
732.3426485486638,7.858248758912690391e+03
732.4164544099781,7.778714095779005220e+03
732.4902214949792,7.819041530607352797e+03
732.5640302732379,7.760790791410850943e+03
732.6378270896475,7.770872650117938065e+03
732.7116656191168,7.767512030548909024e+03
732.7854653361854,7.737266454427648569e+03
732.8592530670325,7.732785628335609545e+03
732.9330341718326,7.723823976151532406e+03
733.0068247610646,7.704780465260368146e+03
733.0806302100424,7.689097573938233836e+03
733.1544290226378,7.654371171724934356e+03
733.2282104378809,7.615163943419596762e+03
733.3020120820065,7.633087247787751039e+03
733.3758016923423,7.591639606436394388e+03
733.4495738776542,7.630846834741731982e+03
733.5233662868974,7.566995062930182030e+03
733.5971735461529,7.559153617269113965e+03
733.6709687462483,7.549071758562027753e+03
733.7447518754218,7.534509073762901608e+03
733.818549846392,7.504263497641641152e+03
733.8923357337387,7.509864530256689250e+03
733.9660610421337,7.460575443244265443e+03
734.039849657903,7.514345356348728274e+03
734.113653111708,7.386641812725628370e+03
734.1874498467755,7.396723671432714582e+03
734.2612290717857,7.410166149708830744e+03
734.3349476318791,7.392242845340676467e+03
734.4087618993168,7.365357888788445052e+03
734.4825316665394,7.356396236604367914e+03
734.5563216510071,7.359756856173396955e+03
734.6300724954872,7.341833551805241768e+03
734.7038651403906,7.316068801776020337e+03
734.7776456166251,7.332871899621164630e+03
734.8513869120628,7.309347562637962255e+03
734.9251700158896,7.261178682148547523e+03
734.99889230638,7.265659508240585637e+03
735.0727050353661,7.225332073412238969e+03
735.1464785471829,7.214130008182141864e+03
735.220218219237,7.177163192922823328e+03
735.2939943121419,7.154759062462630936e+03
735.367736543824,7.159239888554669051e+03
735.4415206118363,7.145797410278553798e+03
735.5152599796714,7.170441953784766156e+03
735.5890466014831,7.107710388496225278e+03
735.662766849309,7.064022334098849569e+03
735.7365830712438,7.139076171140495717e+03
735.8103058246913,7.078585018897974805e+03
735.8840433540496,7.064022334098849569e+03
735.957822745456,7.081945638467003846e+03
736.0315681756952,7.057301094960791488e+03
736.1052958754302,7.034896964500598187e+03
736.1790654451154,7.004651388379337732e+03
736.252801015933,7.003531181856327748e+03
736.326545937147,7.037137377546617245e+03
736.4003381699183,6.980006844873125374e+03
736.4740584115469,6.964323953550990154e+03
736.5477988397872,6.966564366597009212e+03
736.6215269056551,6.965444160074000138e+03
736.6952425972906,6.952001681797883975e+03
736.7690544685436,6.895991355647402088e+03
736.8427725447069,6.871346812141189730e+03
736.9165053742005,6.876947844756237828e+03
736.9902258037228,6.873587225187208787e+03
737.0639609845649,6.850062888204006413e+03
737.137689186275,6.852303301250025470e+03
737.2114267046566,6.785090909869446477e+03
737.2851517972983,6.819817312082745957e+03
737.358897074205,6.775009051162359356e+03
737.4326244765816,6.751484714179156981e+03
737.5063448675909,6.759326159840224136e+03
737.5800799995792,6.739162442426050802e+03
737.6538026703106,6.712277485873819387e+03
737.7275346375662,6.687632942367607029e+03
737.8012595719805,6.702195627166732265e+03
737.8749992432967,6.659627779292365631e+03
737.9487264275168,6.633863029263144199e+03
738.022468346593,6.667469224953432786e+03
738.0961977656417,6.630502409694115158e+03
738.169865632222,6.627141790125086118e+03
738.2435972558687,6.605857866187902800e+03
738.3173218057595,6.605857866187902800e+03
738.3910556298822,6.572251670497613304e+03
738.4647823694751,6.585694148773728557e+03
738.5384638351453,6.561049605267516199e+03
738.612192738524,6.546486920468390963e+03
738.685909081362,6.518481757393149564e+03
738.7595855634423,6.512880724778101467e+03
738.8332985789483,6.489356387794899092e+03
738.9070317658445,6.422143996414320100e+03
738.9807032179243,6.432225855121407221e+03
739.0544385201678,6.417663170322281076e+03
739.1281065918952,6.422143996414320100e+03
739.2018439933116,6.426624822506358214e+03
739.2755687822585,6.375095322447914441e+03
739.3492317494262,6.380696355062962539e+03
739.4229859424029,6.324686028912480651e+03
739.4966509491076,6.325806235435489725e+03
739.5703798618135,6.334767887619567773e+03
739.6440468874771,6.287719213653162114e+03
739.7177778366447,6.269795909285007838e+03
739.791446866122,6.249632191870833594e+03
739.8651032005454,6.212665376611515967e+03
739.9388289543585,6.247391778824814537e+03
740.0125146409633,6.171217735260158406e+03
740.086187618405,6.195862278766370764e+03
740.1599026583724,6.163376289599091251e+03
740.2335830692062,6.116327615632685593e+03
740.3072452674804,6.126409474339772714e+03
740.3809769441689,6.102885137356570340e+03
740.4546465508478,6.109606376494627511e+03
740.5283253357537,6.086082039511425137e+03
740.6019968452496,6.042393985114048519e+03
740.6757323886792,6.037913159022010404e+03
740.7493783611862,6.004306963331720908e+03
740.8230664214437,6.008787789423759023e+03
740.8967416974003,5.976301800256479510e+03
740.9704041770528,5.975181593733469526e+03
741.0440813057113,5.956138082842306176e+03
741.1177456249695,5.914690441490948615e+03
741.1914740338814,5.891166104507746240e+03
741.265145682029,5.873242800139591964e+03
741.3387990020083,5.857559908817456744e+03
741.4124669600711,5.875483213185611021e+03
741.4861550585991,5.849718463156389589e+03
741.5598248114671,5.802669789189983931e+03
741.6334872037764,5.799309169620954890e+03
741.7070817125386,5.744419049993482076e+03
741.7807678621677,5.785866691344838728e+03
741.8544191228816,5.758981734792607313e+03
741.9281125335501,5.750020082608530174e+03
742.0017600242695,5.732096778240375897e+03
742.0754276444354,5.716413886918240678e+03
742.1491098938311,5.690649136889019246e+03
742.2227792320809,5.680567278181932124e+03
742.2963860567804,5.666004593382806888e+03
742.3700570824167,5.680567278181932124e+03
742.4437151716932,5.597671995479217912e+03
742.5173878791576,5.612234680278343149e+03
742.5909980073593,5.564065799788928416e+03
742.6646723713906,5.549503114989803180e+03
742.7383392893086,5.558464767173880318e+03
742.8119656461523,5.571907245449996481e+03
742.8856286765096,5.521497951914561781e+03
742.9592842387771,5.521497951914561781e+03
743.0328991982909,5.491252375793301326e+03
743.1065563576633,5.487891756224272285e+03
743.1801728901319,5.466607832287088968e+03
743.2538592524501,5.424039984412722333e+03
743.3274497210764,5.403876266998548999e+03
743.4011100282263,5.431881430073790398e+03
743.4747296601421,5.422919777889712350e+03
743.5483970465806,5.376991310446317584e+03
743.6220182060574,5.443083495303886593e+03
743.6956816000841,5.350106353894085260e+03
743.7692821427946,5.364669038693211405e+03
743.8429470520473,5.326582016910882885e+03
743.916576747615,5.328822429956901942e+03
743.990165669035,5.316500158203795763e+03
744.0638466591978,5.296336440789622429e+03
744.1374370340701,5.292975821220593389e+03
744.2110696595498,5.275052516852439112e+03
744.284716858413,5.232484668978072477e+03
744.3583232280512,5.253768592915255795e+03
744.4319496995879,5.240326114639139632e+03
744.5055574804348,5.233604875501081551e+03
744.5791520991629,5.213441158086908217e+03
744.6528444452033,5.166392484120503468e+03
744.7264460022811,5.189916821103705843e+03
744.8000565630955,5.179834962396618721e+03
744.8736594835683,5.194397647195743957e+03
744.9472714032472,5.136146907999242103e+03
745.0208756714717,5.148469179752348282e+03
745.094494486024,5.128305462338174948e+03
745.168100087441,5.107021538400991631e+03
745.2416924635781,5.093579060124875468e+03
745.3152993770332,5.111502364493030655e+03
745.3889152760675,5.055492038342547858e+03
745.4625290474098,5.103660918831962590e+03
745.5361240107667,5.055492038342547858e+03
745.609733506721,5.027486875267306459e+03
745.6833575395775,5.045410179635460736e+03
745.7569683059694,5.029727288313325516e+03
745.8305713563644,5.038688940497402655e+03
745.9041833730809,4.997241299146046003e+03
745.9777876626403,5.012924190468181223e+03
746.0514009139459,4.995000886100026946e+03
746.1249507566789,4.971476549116823662e+03
746.1985429433485,4.988279646961968865e+03
746.2721496486159,4.970356342593814588e+03
746.3457708767787,4.936750146903525092e+03
746.4193230608547,4.945711799087602230e+03
746.4929176060401,4.899783331644206555e+03
746.5665266650274,4.916586429489350849e+03
746.640066621393,4.877379201184013255e+03
746.7136768253059,4.912105603397312734e+03
746.7873015449047,4.871778168568965157e+03
746.8608348022583,4.876258994661004181e+03
746.934460649653,4.880739820753042295e+03
747.0080507927156,4.842652798970714684e+03
747.0815940434294,4.843773005493723758e+03
747.1552131827909,4.833691146786637546e+03
747.2287630801482,4.819128461987511400e+03
747.3023777208953,4.824729494602560408e+03
747.3759007391845,4.778801027159164732e+03
747.4495220280663,4.797844538050328083e+03
747.5230740040879,4.791123298912270911e+03
747.5966125121065,4.790003092389260928e+03
747.6702213915038,4.739593798853826229e+03
747.7437608993716,4.737353385807807172e+03
747.8173763904779,4.754156483652952375e+03
747.8909168833824,4.745194831468875236e+03
747.9644718416794,4.737353385807807172e+03
748.0380188872018,4.709348222732565773e+03
748.111630768237,4.707107809686546716e+03
748.1851787691317,4.677982440088296244e+03
748.2587356337701,4.656698516151112926e+03
748.3322845630789,4.707107809686546716e+03
748.405875958131,4.664539961812180081e+03
748.4794258064913,4.665660168335190065e+03
748.5529901125466,4.634294385690919626e+03
748.626540858474,4.618611494368784406e+03
748.7000780320159,4.614130668276746292e+03
748.7736296540094,4.591726537816552991e+03
748.8471676901079,4.608529635661697284e+03
748.920776260387,4.581644679109465869e+03
748.994315154041,4.582764885632475853e+03
749.0678741021718,4.577163853017427755e+03
749.1414138274398,4.539076831235099235e+03
749.2149736068789,4.564841581264321576e+03
749.2885141477188,4.526754559481993056e+03
749.362046665244,4.516672700774906843e+03
749.4355374512597,4.513312081205877803e+03
749.5090988297237,4.481946298561607364e+03
749.5826465568359,4.494268570314713543e+03
749.656175000463,4.470744233331511168e+03
749.7297234916311,4.456181548532385023e+03
749.803286415846,4.451700722440346908e+03
749.8768356615918,4.414733907181028371e+03
749.9503205982728,4.461782581147433120e+03
750.0238705670453,4.401291428904912209e+03
750.0974068314757,4.400171222381903135e+03
750.170963144645,4.405772254996951233e+03
750.2444438267519,4.356483167984526517e+03
750.318000832892,4.360963994076565541e+03
750.3915384788514,4.345281102754430322e+03
750.4650398530696,4.352002341892487493e+03
750.5385837931271,4.325117385340256078e+03
750.6121083437756,4.335199244047343200e+03
750.6855965835151,4.304953667926082744e+03
750.7591555782365,4.282549537465889443e+03
750.8326444278694,4.273587885281812305e+03
750.9061758589805,4.259025200482687069e+03
750.9796652967866,4.260145407005697052e+03
751.053225528571,4.264626233097735167e+03
751.1267211857668,4.227659417838416630e+03
751.2002538005404,4.214216939562301377e+03
751.2737443726544,4.216457352608320434e+03
751.347283196831,4.192933015625118060e+03
751.4207743095347,4.191812809102108076e+03
751.4942572105898,4.169408678641914776e+03
751.567805321994,4.151485374273760499e+03
751.641288735935,4.133562069905606222e+03
751.7147865207419,4.127961037290558124e+03
751.7883269399143,4.110037732922403848e+03
751.8618252198199,4.110037732922403848e+03
751.9353096018531,4.111157939445412921e+03
752.0087800736492,4.097715461169297669e+03
752.082349748397,4.087633602462210547e+03
752.1558206716313,4.068590091571046742e+03
752.2293059510168,4.073070917663085311e+03
752.3028112503567,4.052907200248911522e+03
752.3762686487676,4.015940384989592985e+03
752.4497687028702,4.023781830650660595e+03
752.5232604672466,4.011459558897554416e+03
752.5967892449822,3.991295841483380627e+03
752.6702814069297,4.008098939328525375e+03
752.74378792351,3.989055428437361570e+03
752.8172521255437,4.005858526282506318e+03
752.890753342267,3.954329026224062545e+03
752.9642462347487,3.982334189299303489e+03
753.0377251232514,3.955449232747072074e+03
753.111218354199,3.927444069671830675e+03
753.1846408387155,3.939766341424936854e+03
753.2581116847355,3.940886547947946383e+03
753.331591190779,3.866952917429309764e+03
753.4050850339123,3.894958080504551162e+03
753.4785648318334,3.891597460935522122e+03
753.552064642568,3.865832710906300235e+03
753.6254879218887,3.879275189182415943e+03
753.698987997613,3.847909406538145504e+03
753.7724683210844,3.840067960877078349e+03
753.845940242228,3.843428580446106935e+03
753.9193696482735,3.827745689123972170e+03
753.9928702112186,3.808702178232807910e+03
754.0663566760842,3.833346721739020268e+03
754.1397721577508,3.780697015157566511e+03
754.2132588199502,3.819904243462904560e+03
754.286731357841,3.791899080387663162e+03
754.3601613060175,3.794139493433682674e+03
754.433662469434,3.777336395588537926e+03
754.5070697940439,3.753812058605335096e+03
754.580571120139,3.762773710789412235e+03
754.6540013426822,3.743730199898248429e+03
754.7274800348059,3.723566482484074641e+03
754.8009103674891,3.732528134668151779e+03
754.8743891803196,3.722446275961065112e+03
754.9478196065738,3.728047308576113210e+03
755.0212985235391,3.717965449869026543e+03
755.0947347284628,3.715725036823007031e+03
755.1681567061893,3.715725036823007031e+03
755.2416500027333,3.697801732454852754e+03
755.3150720303312,3.646272232396408981e+03
755.3884798044081,3.639550993258350900e+03
755.4619874570354,3.637310580212331388e+03
755.535395250506,3.616026656275148071e+03
755.6088173113466,3.626108514982235192e+03
755.6822593542736,3.609305417137090444e+03
755.7557385217809,3.608185210614080916e+03
755.8291520013627,3.585781080153887615e+03
755.9025740310907,3.607065004091070932e+03
755.9760160417866,3.604824591045051875e+03
756.0494380281855,3.618267069321167583e+03
756.122851408895,3.616026656275148071e+03
756.196279048058,3.620507482367186640e+03
756.2697209498288,3.560016330124665728e+03
756.3431485156143,3.562256743170685240e+03
756.4166132278519,3.591382112768936167e+03
756.490046430767,3.576819427969810476e+03
756.563402310791,3.553295090986608102e+03
756.6368296685728,3.557775917078646671e+03
756.710271280547,3.540972819233501923e+03
756.7836985147853,3.536491993141463354e+03
756.8571170870929,3.516328275727289565e+03
756.9305441765948,3.515208069204280037e+03
757.0039625924522,3.507366623543212427e+03
757.0773895204559,3.506246417020202443e+03
757.1508077630942,3.508486830066221955e+03
757.2241829078598,3.484962493083019126e+03
757.2975952154935,3.478241253944961500e+03
757.3710274951507,3.482722080037000069e+03
757.4444453309834,3.439034025639623451e+03
757.5178200187852,3.464798775668845792e+03
757.5912376210018,3.427831960409527255e+03
757.664669455667,3.422230927794478703e+03
757.7380294018718,3.408788449518362995e+03
757.8114609832415,3.402067210380305369e+03
757.884883822762,3.409908656041372979e+03
757.9582576961611,3.395345971242247288e+03
758.0316745087733,3.384143906012150637e+03
758.1050538201592,3.379663079920112068e+03
758.1784703328954,3.371821634259044913e+03
758.2518205742088,3.360619569028948263e+03
758.3252712680576,3.367340808167005889e+03
758.3986211596865,3.347177090752832555e+03
758.4720370175761,3.333734612476716393e+03
758.545415305501,3.343816471183803515e+03
758.6187790176235,3.307969862447494506e+03
758.692185702744,3.338215438568755417e+03
758.7655490229096,3.312450688539533076e+03
758.8389841161411,3.296767797217398311e+03
758.9123470329839,3.288926351556330701e+03
758.985729896929,3.295647590694388327e+03
759.0590923834825,3.288926351556330701e+03
759.1324978677417,3.253079742820021693e+03
759.2058656754364,3.286685938510311189e+03
759.2792419009955,3.257560568912060262e+03
759.3526092466964,3.251959536297012164e+03
759.4259619360007,3.241877677589925497e+03
759.4993807137987,3.218353340606722668e+03
759.5727617631621,3.248598916727983124e+03
759.6461281405926,3.226194786267790278e+03
759.7194798334775,3.211632101468665041e+03
759.79284569346,3.200430036238568391e+03
759.8662199506782,3.201550242761577920e+03
759.9395910557283,3.191468384054491253e+03
760.0129416740881,3.183626938393423643e+03
760.0863064536592,3.154501568795172716e+03
760.1596565064068,3.202670449284587448e+03
760.2330264969562,3.141059090519057008e+03
760.3064048714377,3.127616612242941301e+03
760.3797685035091,3.125376199196921789e+03
760.4531231634235,3.136578264427018439e+03
760.5264341378603,3.135458057904008456e+03
760.5997823891312,3.125376199196921789e+03
760.6731505760081,3.102972068736728943e+03
760.7465329185825,3.106332688305757983e+03
760.8198946901349,3.071606286092458504e+03
760.893195347572,3.079447731753526114e+03
760.9665564561759,3.070486079569448975e+03
761.039908545017,3.058163807816342796e+03
761.1132805694576,3.078327525230516585e+03
761.186574038077,3.046961742586246146e+03
761.2599395757078,3.039120296925178991e+03
761.3332612942629,3.035759677356149950e+03
761.4066319227295,3.034639470833140422e+03
761.4799819030882,3.001033275142850925e+03
761.5532938204132,2.989831209912754275e+03
761.6266430583955,2.993191829481783316e+03
761.6999542102297,2.988711003389744747e+03
761.7733026886444,2.989831209912754275e+03
761.8466130577877,2.953984601176445267e+03
761.9199955907541,2.956225014222464779e+03
761.9932761350078,2.962946253360522860e+03
762.0665998139598,2.967427079452561429e+03
762.1399666484456,2.927099644624213852e+03
762.2132604654904,2.956225014222464779e+03
762.2866264890819,2.908056133733050046e+03
762.3599194586624,2.920378405486155771e+03
762.4332265236651,2.904695514164021006e+03
762.5065244315081,2.922618818532175283e+03
762.5798887714861,2.896854068502953396e+03
762.653209066283,2.887892416318876258e+03
762.726491103933,2.873329731519750567e+03
762.7998163192037,2.867728698904702469e+03
762.8731789131846,2.878930764134799119e+03
762.9464741276457,2.850925601059557721e+03
763.0197834275534,2.867728698904702469e+03
763.0930777014148,2.846444774967519152e+03
763.1663802334256,2.829641677122374404e+03
763.2396735482423,2.837483122783442013e+03
763.312980942364,2.822920437984316322e+03
763.3863024198473,2.822920437984316322e+03
763.4595855263992,2.802756720570142988e+03
763.5329060235777,2.816199198846258696e+03
763.6062114503713,2.800516307524123476e+03
763.6795017940418,2.799396101001113948e+03
763.7528120409493,2.776991970540920647e+03
763.8261013583818,2.764669698787814923e+03
763.8994105781957,2.781472796632959671e+03
763.9727280347157,2.770270731402863021e+03
764.0459486507003,2.745626187896650663e+03
764.1192708849686,2.763549492264804940e+03
764.1925721540134,2.755708046603737330e+03
764.265864123763,2.714260405252380679e+03
764.339170153393,2.736664535712573525e+03
764.4124025979912,2.716500818298399736e+03
764.4857075207827,2.740025155281602565e+03
764.5590265043799,2.712019992206361167e+03
764.6322718534416,2.709779579160342109e+03
764.7055663242454,2.710899785683351638e+03
764.7788689989354,2.688495655223158792e+03
764.8520979783581,2.686255242177139280e+03
764.9254053449329,2.680654209562091182e+03
764.9986623906358,2.671692557378014044e+03
765.0719685894694,2.650408633440830272e+03
765.1451951672625,2.647048013871801686e+03
765.2185001752471,2.638086361687724548e+03
765.2917606634498,2.642567187779763117e+03
765.3650586119669,2.631365122549666467e+03
765.438288577042,2.610081198612483149e+03
765.5115911575078,2.621283263842579800e+03
765.5848491670143,2.610081198612483149e+03
765.6580918875516,2.604480165997435051e+03
765.7313779407682,2.589917481198309360e+03
765.8046193790093,2.607840785566463637e+03
765.8778806952203,2.594398307290347930e+03
765.9511794972256,2.601119546428406011e+03
766.0244043117671,2.597758926859376970e+03
766.0976489972652,2.603359959474425068e+03
766.1709018207467,2.579835622491222693e+03
766.2441451689594,2.567513350738116515e+03
766.31745537396,2.599999339905396482e+03
766.3906973785047,2.574234589876174141e+03
766.4639240114803,2.573114383353164612e+03
766.5371587632285,2.586556861629280320e+03
766.610413388223,2.575354796399184124e+03
766.6836526256157,2.549590046369962238e+03
766.7569058583788,2.557431492031029393e+03
766.8301436890999,2.568633557261126043e+03
766.9033661049401,2.522705089817730368e+03
766.9766319183701,2.549590046369962238e+03
767.049858779082,2.527185915909768937e+03
767.1230937389751,2.519344470248701327e+03
767.196342684586,2.519344470248701327e+03
767.2695820718163,2.519344470248701327e+03
767.3427706741372,2.493579720219479441e+03
767.4160085761127,2.518224263725691799e+03
767.4892545691928,2.470055383236277066e+03
767.5624909794419,2.462213937575209457e+03
767.6357413679548,2.459973524529189945e+03
767.7089173321764,2.466694763667248026e+03
767.7821603029794,2.456612904960161359e+03
767.8553936664732,2.457733111483170887e+03
767.928641001735,2.453252285391132318e+03
768.001843330076,2.434208774499968058e+03
768.0750596156819,2.459973524529189945e+03
768.1482662604737,2.452132078868122335e+03
768.2215104680862,2.425247122315890920e+03
768.2947391311019,2.420766296223852351e+03
768.3679227171707,2.419646089700842822e+03
768.441155676817,2.449891665822103278e+03
768.5143376298478,2.401722785332688545e+03
768.5875985030231,2.418525883177832839e+03
768.6607551772538,2.386039894010553326e+03
768.7340085126597,2.418525883177832839e+03
768.8071930624363,2.401722785332688545e+03
768.8803619892306,2.388280307056572383e+03
768.9535980606818,2.401722785332688545e+03
769.0267948587721,2.373717622257447147e+03
769.0999760176759,2.369236796165408578e+03
769.1732302685929,2.386039894010553326e+03
769.2464097142773,2.373717622257447147e+03
769.3195794118245,2.373717622257447147e+03
769.3928163071785,2.370357002688418106e+03
769.4660079399233,2.381559067918514756e+03
769.5391838897698,2.358034730935311927e+03
769.6123796819868,2.381559067918514756e+03
769.6855538548153,2.362515557027350496e+03
769.7587182425186,2.349073078751234789e+03
769.8319202468393,2.351313491797254301e+03
769.9051421026546,2.332269980906090041e+03
769.97834824532,2.330029567860070529e+03
770.0515030831361,2.325548741768031960e+03
770.1247074085248,2.322188122199003374e+03
770.1978663329771,2.318827502629974333e+03
770.2710688242653,2.317707296106964804e+03
770.3442258887268,2.314346676537935764e+03
770.4173671736539,2.282980893893665325e+03
770.4905282854356,2.286341513462694365e+03
770.5637270444658,2.287461719985703894e+03
770.6369100189285,2.290822339554732935e+03
770.7100771958651,2.281860687370655796e+03
770.7832642087253,2.288581926508713877e+03
770.856459180459,2.259456556910462950e+03
770.9295551317979,2.259456556910462950e+03
771.0027481693259,2.260576763433472479e+03
771.0759313239301,2.261696969956482008e+03
771.1490926926053,2.242653459065318202e+03
771.2222144154819,2.232571600358231080e+03
771.2954094963922,2.233691806881241064e+03
771.368588721728,2.224730154697163925e+03
771.4417223223901,2.218008915559105844e+03
771.5148995537488,2.211287676421047763e+03
771.5880013670636,2.207927056852019177e+03
771.6612063537742,2.201205817713961096e+03
771.734306117772,2.191123959006874429e+03
771.8074852581613,2.193364372052893486e+03
771.8806127402132,2.172080448115710169e+03
771.953783876625,2.166479415500662071e+03
772.0269152446992,2.172080448115710169e+03
772.1000843158894,2.159758176362603990e+03
772.1732135949969,2.155277350270565421e+03
772.2463209463975,2.156397556793574950e+03
772.3195077548475,2.168719828546681129e+03
