X,Y
534.0051269287335,1.729000000000000000e+03
534.0808105837979,1.698000000000000000e+03
534.1564941245075,1.716000000000000000e+03
534.2322387608131,1.715000000000000000e+03
534.3079223194351,1.722000000000000000e+03
534.3836059646314,1.709000000000000000e+03
534.459289487409,1.730000000000000000e+03
534.534973107135,1.713000000000000000e+03
534.6106567862021,1.722000000000000000e+03
534.6863402868432,1.729000000000000000e+03
534.7620238571769,1.732000000000000000e+03
534.8377074881613,1.733000000000000000e+03
534.9134522313972,1.756000000000000000e+03
534.9891358020897,1.745000000000000000e+03
535.0648193202943,1.778000000000000000e+03
535.140502776876,1.757000000000000000e+03
535.2161864491509,1.764000000000000000e+03
535.2918700416792,1.786000000000000000e+03
535.367553831929,1.767000000000000000e+03
535.4432372375885,1.789000000000000000e+03
535.5189208228152,1.787000000000000000e+03
535.594604578686,1.805000000000000000e+03
535.6702882093306,1.812000000000000000e+03
535.745971418549,1.809000000000000000e+03
535.8216553453357,1.814000000000000000e+03
535.8973391196765,1.828000000000000000e+03
535.9730227323798,1.809000000000000000e+03
536.0487061742487,1.824000000000000000e+03
536.1243894360814,1.825000000000000000e+03
536.2000730836918,1.832000000000000000e+03
536.275756820763,1.831000000000000000e+03
536.3514406383212,1.841000000000000000e+03
536.4271239518794,1.858000000000000000e+03
536.5028079033076,1.846000000000000000e+03
536.5784913324379,1.840000000000000000e+03
536.6541748057845,1.845000000000000000e+03
536.7298583143477,1.869000000000000000e+03
536.8055421372837,1.865000000000000000e+03
536.8812254011024,1.846000000000000000e+03
536.9569092495924,1.883000000000000000e+03
537.0325928090099,1.875000000000000000e+03
537.1082763585715,1.881000000000000000e+03
537.1839598892475,1.897000000000000000e+03
537.2596436806508,1.902000000000000000e+03
537.3353268577979,1.898000000000000000e+03
537.411010566398,1.886000000000000000e+03
537.4866335528031,1.915000000000000000e+03
537.5623168365025,1.917000000000000000e+03
537.6380003360828,1.905000000000000000e+03
537.7136843318589,1.946000000000000000e+03
537.7893676583791,1.919000000000000000e+03
537.8650511739759,1.925000000000000000e+03
537.940734869813,1.963000000000000000e+03
538.0164184475874,1.951000000000000000e+03
538.0920408046188,1.932000000000000000e+03
538.1677246810524,1.956000000000000000e+03
538.2434084124591,1.935000000000000000e+03
538.3190919897331,1.956000000000000000e+03
538.3947756936324,1.976000000000000000e+03
538.4704589353845,1.980000000000000000e+03
538.5461425757196,1.967000000000000000e+03
538.6217653920648,1.976000000000000000e+03
538.6974486256656,1.974000000000000000e+03
538.7731322312683,1.981000000000000000e+03
538.8488156195046,2.010000000000000000e+03
538.9244993621073,1.997000000000000000e+03
539.0001221504488,2.000000000000000000e+03
539.0758056867688,2.001000000000000000e+03
539.1514895509623,2.021000000000000000e+03
539.2271725712882,2.016000000000000000e+03
539.3027954051873,2.012000000000000000e+03
539.378479310497,2.022000000000000000e+03
539.4541629264281,2.023000000000000000e+03
539.5298462437939,2.040000000000000000e+03
539.6054689803647,2.060000000000000000e+03
539.6811522386217,2.036000000000000000e+03
539.7568363363963,2.072000000000000000e+03
539.832519225528,2.051000000000000000e+03
539.9081423044014,2.072000000000000000e+03
539.9838259373797,2.064000000000000000e+03
540.0595095003099,2.099000000000000000e+03
540.1351320092971,2.078000000000000000e+03
540.2108150962631,2.091000000000000000e+03
540.2864989617823,2.091000000000000000e+03
540.362121111465,2.093000000000000000e+03
540.4378056155781,2.094000000000000000e+03
540.5134888278695,2.094000000000000000e+03
540.5891111220752,2.100000000000000000e+03
540.6647949195459,2.110000000000000000e+03
540.7404782741969,2.115000000000000000e+03
540.8161009254455,2.103000000000000000e+03
540.8917848125893,2.128000000000000000e+03
540.9674685225426,2.124000000000000000e+03
541.0430911589102,2.134000000000000000e+03
541.1187741775063,2.133000000000000000e+03
541.194457870279,2.128000000000000000e+03
541.2700807045082,2.152000000000000000e+03
541.3457636520761,2.144000000000000000e+03
541.4213865683067,2.156000000000000000e+03
541.497070200242,2.152000000000000000e+03
541.5727541699249,2.158000000000000000e+03
541.648376858336,2.167000000000000000e+03
541.7240599931954,2.163000000000000000e+03
541.7996829685276,2.183000000000000000e+03
541.8753664065381,2.194000000000000000e+03
541.950988459017,2.197000000000000000e+03
542.0266721649095,2.224000000000000000e+03
542.1022953150494,2.215000000000000000e+03
542.1779780782617,2.209000000000000000e+03
542.2536014098382,2.233000000000000000e+03
542.329284076073,2.220000000000000000e+03
542.4049075539548,2.248000000000000000e+03
542.4805912648831,2.263000000000000000e+03
542.5562136767595,2.253000000000000000e+03
542.631897220388,2.260000000000000000e+03
542.7075197075332,2.267000000000000000e+03
542.7832033429272,2.292000000000000000e+03
542.8588255754784,2.268000000000000000e+03
542.9345092673785,2.289000000000000000e+03
543.0101320942985,2.296000000000000000e+03
543.0858158076525,2.280000000000000000e+03
543.1614377193954,2.308000000000000000e+03
543.2371220089141,2.290000000000000000e+03
543.3127444450705,2.310000000000000000e+03
543.3884278000902,2.311000000000000000e+03
543.4640501352047,2.320000000000000000e+03
543.5396728412053,2.327000000000000000e+03
543.6153561952086,2.344000000000000000e+03
543.6909787475163,2.325000000000000000e+03
543.7666625552929,2.339000000000000000e+03
543.8422846228852,2.349000000000000000e+03
543.917907905318,2.352000000000000000e+03
543.9935909887698,2.360000000000000000e+03
544.0692140297832,2.356000000000000000e+03
544.1448361882029,2.386000000000000000e+03
544.220519947648,2.373000000000000000e+03
544.2961426997966,2.389000000000000000e+03
544.3718261809979,2.393000000000000000e+03
544.4474486032625,2.404000000000000000e+03
544.5230709870222,2.409000000000000000e+03
544.5987550137446,2.407000000000000000e+03
544.6743770145879,2.417000000000000000e+03
544.7500001373947,2.401000000000000000e+03
544.8256222965063,2.416000000000000000e+03
544.9013064288619,2.426000000000000000e+03
544.976929025401,2.448000000000000000e+03
545.0525518192319,2.443000000000000000e+03
545.1282345318966,2.448000000000000000e+03
545.2038574139079,2.463000000000000000e+03
545.27947957532,2.464000000000000000e+03
545.3551027912747,2.484000000000000000e+03
545.4307859578726,2.504000000000000000e+03
545.5064085974922,2.492000000000000000e+03
545.582031075963,2.512000000000000000e+03
545.6576539799133,2.491000000000000000e+03
545.7333374615957,2.524000000000000000e+03
545.8089603143547,2.537000000000000000e+03
545.8845823750287,2.517000000000000000e+03
545.9602051246089,2.539000000000000000e+03
546.0358279586479,2.544000000000000000e+03
546.1115111125337,2.557000000000000000e+03
546.1871341062584,2.526000000000000000e+03
546.2627559649052,2.554000000000000000e+03
546.3383790667153,2.573000000000000000e+03
546.4140010154777,2.570000000000000000e+03
546.4896238920949,2.600000000000000000e+03
546.5653080328324,2.586000000000000000e+03
546.6409297699242,2.581000000000000000e+03
546.7165527083374,2.617000000000000000e+03
546.7921753454747,2.609000000000000000e+03
546.8677979714669,2.645000000000000000e+03
546.9434205776232,2.608000000000000000e+03
547.0190431552487,2.626000000000000000e+03
547.0946647977053,2.631000000000000000e+03
547.1703492667542,2.644000000000000000e+03
547.2459723224066,2.645000000000000000e+03
547.3215944163495,2.645000000000000000e+03
547.3972173369806,2.657000000000000000e+03
547.4728389782355,2.669000000000000000e+03
547.5484617288662,2.665000000000000000e+03
547.6240849813485,2.662000000000000000e+03
547.6997072275658,2.660000000000000000e+03
547.7753302583766,2.663000000000000000e+03
547.8509522649341,2.676000000000000000e+03
547.9265750390812,2.684000000000000000e+03
548.0021964706609,2.701000000000000000e+03
548.0778207553666,2.692000000000000000e+03
548.1534418774738,2.691000000000000000e+03
548.2290652357153,2.716000000000000000e+03
548.3046878169241,2.696000000000000000e+03
548.3803093111,2.721000000000000000e+03
548.4559330175531,2.721000000000000000e+03
548.5315556197277,2.737000000000000000e+03
548.6071771080813,2.731000000000000000e+03
548.6828010856999,2.722000000000000000e+03
548.7584221255744,2.754000000000000000e+03
548.834045337373,2.757000000000000000e+03
548.9096673999533,2.759000000000000000e+03
548.9852904134418,2.762000000000000000e+03
549.0609137670749,2.774000000000000000e+03
549.1364750314843,2.766000000000000000e+03
549.2120978166789,2.766000000000000000e+03
549.2877191060418,2.780000000000000000e+03
549.3633428131332,2.782000000000000000e+03
549.4389653087501,2.779000000000000000e+03
549.5145865832915,2.811000000000000000e+03
549.590210251744,2.823000000000000000e+03
549.665832681899,2.827000000000000000e+03
549.7413946298766,2.828000000000000000e+03
549.8170160497809,2.821000000000000000e+03
549.8926398319383,2.850000000000000000e+03
549.9682623401311,2.855000000000000000e+03
550.0438835647246,2.847000000000000000e+03
550.1195068250248,2.839000000000000000e+03
550.1950679386268,2.871000000000000000e+03
550.2706906900269,2.875000000000000000e+03
550.3463136366366,2.888000000000000000e+03
550.421935255224,2.904000000000000000e+03
550.4975591726949,2.895000000000000000e+03
550.5731205123872,2.900000000000000000e+03
550.6487432287166,2.906000000000000000e+03
550.7243648844632,2.925000000000000000e+03
550.7999885039992,2.916000000000000000e+03
550.8755494425731,2.926000000000000000e+03
550.951172094361,2.957000000000000000e+03
551.0267951682852,2.951000000000000000e+03
551.1024165301448,2.967000000000000000e+03
551.1779790561093,2.948000000000000000e+03
551.2536012026161,2.959000000000000000e+03
551.3292237372492,2.973000000000000000e+03
551.4047855382855,2.989000000000000000e+03
551.4804066788231,2.971000000000000000e+03
551.5560303111364,2.987000000000000000e+03
551.6315910047903,3.008000000000000000e+03
551.7072150175466,3.004000000000000000e+03
551.7828375420726,3.018000000000000000e+03
551.8583991818102,3.023000000000000000e+03
551.9340205121266,3.021000000000000000e+03
552.0096436778041,3.056000000000000000e+03
552.0852040546326,3.045000000000000000e+03
552.1608281083562,3.043000000000000000e+03
552.2363887123648,3.061000000000000000e+03
552.3120111809802,3.050000000000000000e+03
552.3876339198484,3.066000000000000000e+03
552.4631955723437,3.062000000000000000e+03
552.5388185047575,3.081000000000000000e+03
552.614380300461,3.087000000000000000e+03
552.6900021708618,3.084000000000000000e+03
552.765564075718,3.090000000000000000e+03
552.8411860712373,3.086000000000000000e+03
552.9168082777293,3.110000000000000000e+03
552.9923707499584,3.093000000000000000e+03
553.0679933370403,3.097000000000000000e+03
553.1435543046211,3.115000000000000000e+03
553.2191769324178,3.102000000000000000e+03
553.2947381962192,3.109000000000000000e+03
553.3703611371725,3.100000000000000000e+03
553.4459223575054,3.114000000000000000e+03
553.521545578136,3.117000000000000000e+03
553.5971070276289,3.142000000000000000e+03
553.6727301879512,3.162000000000000000e+03
553.74829183306,3.146000000000000000e+03
553.823851714682,3.168000000000000000e+03
553.8994751723073,3.167000000000000000e+03
553.9750367322185,3.184000000000000000e+03
554.050658510177,3.174000000000000000e+03
554.1262201811371,3.164000000000000000e+03
554.2018439290302,3.177000000000000000e+03
554.2774053707294,3.204000000000000000e+03
554.3529671374815,3.197000000000000000e+03
554.4285888549837,3.158000000000000000e+03
554.5041506486573,3.225000000000000000e+03
554.579712127434,3.228000000000000000e+03
554.6553335805664,3.225000000000000000e+03
554.7308950353918,3.230000000000000000e+03
554.8065186350868,3.230000000000000000e+03
554.8820800328116,3.233000000000000000e+03
554.9576410728757,3.247000000000000000e+03
555.0332642831411,3.266000000000000000e+03
555.108825215094,3.267000000000000000e+03
555.1843863800646,3.277000000000000000e+03
555.2599490030949,3.278000000000000000e+03
555.3355716725129,3.296000000000000000e+03
555.4111322702728,3.290000000000000000e+03
555.486694610333,3.317000000000000000e+03
555.5623170204691,3.319000000000000000e+03
555.6378788265472,3.317000000000000000e+03
555.7134408077316,3.346000000000000000e+03
555.7890023379755,3.354000000000000000e+03
555.8646239696742,3.347000000000000000e+03
555.9401852063803,3.369000000000000000e+03
556.0157462753666,3.402000000000000000e+03
556.0913090235443,3.374000000000000000e+03
556.1668694227267,3.412000000000000000e+03
556.2424921284115,3.393000000000000000e+03
556.3180540060974,3.401000000000000000e+03
556.3936159838638,3.407000000000000000e+03
556.46917743411,3.407000000000000000e+03
556.544738657784,3.446000000000000000e+03
556.6202993365139,3.430000000000000000e+03
556.6959226832005,3.447000000000000000e+03
556.7714847427467,3.445000000000000000e+03
556.8470468524312,3.464000000000000000e+03
556.9226065226395,3.462000000000000000e+03
556.9981696377276,3.476000000000000000e+03
557.0737306061917,3.461000000000000000e+03
557.1492912804306,3.492000000000000000e+03
557.2248535148585,3.505000000000000000e+03
557.3004154389016,3.505000000000000000e+03
557.3759767333004,3.499000000000000000e+03
557.451598607399,3.482000000000000000e+03
557.5271614300829,3.512000000000000000e+03
557.6027217325554,3.531000000000000000e+03
557.6782835475029,3.516000000000000000e+03
557.7538450012918,3.532000000000000000e+03
557.8294060853028,3.535000000000000000e+03
557.9049686584602,3.560000000000000000e+03
557.9805305342576,3.536000000000000000e+03
558.0560904581027,3.523000000000000000e+03
558.1316534042687,3.536000000000000000e+03
558.2072143813721,3.557000000000000000e+03
558.2827764962979,3.526000000000000000e+03
558.3583381828406,3.551000000000000000e+03
558.4338994323449,3.557000000000000000e+03
558.5094602361507,3.559000000000000000e+03
558.5850224576968,3.587000000000000000e+03
558.6605230453073,3.565000000000000000e+03
558.7360843175928,3.605000000000000000e+03
558.8116447982349,3.590000000000000000e+03
558.8872066647817,3.596000000000000000e+03
558.9627683478695,3.611000000000000000e+03
559.0383292140123,3.616000000000000000e+03
559.1138914425185,3.613000000000000000e+03
559.1894531500513,3.604000000000000000e+03
559.2650140151281,3.625000000000000000e+03
559.3405155236203,3.631000000000000000e+03
559.4160774775995,3.645000000000000000e+03
559.491638563738,3.658000000000000000e+03
559.5671990861741,3.668000000000000000e+03
559.6427612285802,3.681000000000000000e+03
559.7183224777227,3.679000000000000000e+03
559.7938239112091,3.654000000000000000e+03
559.8693855251184,3.665000000000000000e+03
559.9449468470373,3.708000000000000000e+03
560.0205075548458,3.709000000000000000e+03
560.0960695220344,3.704000000000000000e+03
560.1715693553381,3.729000000000000000e+03
560.2471316053342,3.722000000000000000e+03
560.3226935219939,3.737000000000000000e+03
560.3982544687057,3.750000000000000000e+03
560.4737553798353,3.747000000000000000e+03
560.549316857351,3.768000000000000000e+03
560.6248776534629,3.771000000000000000e+03
560.70037802624,3.746000000000000000e+03
560.7759393038835,3.817000000000000000e+03
560.8515017620771,3.815000000000000000e+03
560.9270018364357,3.814000000000000000e+03
561.0025625253518,3.811000000000000000e+03
561.0781246855694,3.835000000000000000e+03
561.1536262760454,3.827000000000000000e+03
561.2291866163674,3.847000000000000000e+03
561.304748089255,3.864000000000000000e+03
561.3802492335784,3.866000000000000000e+03
561.4558107265045,3.869000000000000000e+03
561.5313717522904,3.875000000000000000e+03
561.6068723759059,3.903000000000000000e+03
561.6824333719698,3.883000000000000000e+03
561.7579339169324,3.901000000000000000e+03
561.8334954817075,3.918000000000000000e+03
561.9089955995389,3.921000000000000000e+03
561.9845564375671,3.938000000000000000e+03
562.0601218043322,3.939000000000000000e+03
562.1356190160956,3.930000000000000000e+03
562.2111807638972,3.957000000000000000e+03
562.2866837867199,3.945000000000000000e+03
562.3622450420103,3.962000000000000000e+03
562.4377443607594,3.947000000000000000e+03
562.5133050891404,3.957000000000000000e+03
562.5888069961169,3.986000000000000000e+03
562.6643671648543,3.973000000000000000e+03
562.739868463935,3.987000000000000000e+03
562.8154280394092,3.997000000000000000e+03
562.8909286969488,3.986000000000000000e+03
562.9664305978828,3.984000000000000000e+03
563.0419939681478,4.005000000000000000e+03
563.1174920085415,4.010000000000000000e+03
563.19305470474,4.034000000000000000e+03
563.2685551920358,4.040000000000000000e+03
563.3440568835294,4.017000000000000000e+03
563.419616911542,4.034000000000000000e+03
563.4951146546897,4.038000000000000000e+03
563.5706770994776,4.031000000000000000e+03
563.6461803879624,4.054000000000000000e+03
563.7216816652208,4.046000000000000000e+03
563.7972413162915,4.066000000000000000e+03
563.8727417375509,4.061000000000000000e+03
563.948243300408,4.075000000000000000e+03
564.0238032597638,4.044000000000000000e+03
564.0993039174446,4.056000000000000000e+03
564.1748025104577,4.088000000000000000e+03
564.2503658884998,4.111000000000000000e+03
564.3258667100131,4.100000000000000000e+03
564.4013686264184,4.102000000000000000e+03
564.4768684441426,4.121000000000000000e+03
564.5524298972744,4.118000000000000000e+03
564.6279318813953,4.133000000000000000e+03
564.7034317408531,4.148000000000000000e+03
564.7789326555933,4.159000000000000000e+03
564.8544314277575,4.160000000000000000e+03
564.9299918767013,4.178000000000000000e+03
565.005495928257,4.143000000000000000e+03
565.0809946197296,4.215000000000000000e+03
565.1564943267665,4.182000000000000000e+03
565.2319918472216,4.184000000000000000e+03
565.3075574772264,4.188000000000000000e+03
565.3830570069348,4.190000000000000000e+03
565.4585575213804,4.230000000000000000e+03
565.5340558149843,4.192000000000000000e+03
565.6095582761728,4.232000000000000000e+03
565.6850585002172,4.219000000000000000e+03
565.760556477251,4.241000000000000000e+03
565.8360618025167,4.246000000000000000e+03
565.9116225122199,4.246000000000000000e+03
565.9871233197282,4.273000000000000000e+03
566.0626218458439,4.303000000000000000e+03
566.1381244909254,4.301000000000000000e+03
566.2136216322725,4.364000000000000000e+03
566.289126084757,4.383000000000000000e+03
566.3646250154166,4.371000000000000000e+03
566.4401248288668,4.374000000000000000e+03
566.5156223083626,4.397000000000000000e+03
566.5911238644974,4.411000000000000000e+03
566.666626281373,4.423000000000000000e+03
566.7421263396649,4.412000000000000000e+03
566.8176240294433,4.416000000000000000e+03
566.8931289818083,4.416000000000000000e+03
566.9686283363882,4.445000000000000000e+03
567.044128511452,4.458000000000000000e+03
567.1196262833736,4.435000000000000000e+03
567.1951280764068,4.459000000000000000e+03
567.2706306677735,4.439000000000000000e+03
567.3460696737624,4.432000000000000000e+03
567.4215706028087,4.491000000000000000e+03
567.4970690857559,4.489000000000000000e+03
567.5725715554013,4.484000000000000000e+03
567.6480715624202,4.462000000000000000e+03
567.7235723199296,4.521000000000000000e+03
567.7990705965543,4.466000000000000000e+03
567.8745728319317,4.482000000000000000e+03
567.9500112820856,4.477000000000000000e+03
568.0255117228037,4.489000000000000000e+03
568.1010128751681,4.476000000000000000e+03
568.1765115034954,4.535000000000000000e+03
568.2520140559766,4.517000000000000000e+03
568.327455928513,4.505000000000000000e+03
568.4029533742392,4.491000000000000000e+03
568.478454722623,4.507000000000000000e+03
568.5539535037092,4.505000000000000000e+03
568.6293947397575,4.488000000000000000e+03
568.7048948100362,4.510000000000000000e+03
568.7803955214323,4.535000000000000000e+03
568.8558968664703,4.530000000000000000e+03
568.9313373379196,4.515000000000000000e+03
569.0068366737867,4.494000000000000000e+03
569.0823366191238,4.537000000000000000e+03
569.1577756177235,4.530000000000000000e+03
569.2332767431898,4.548000000000000000e+03
569.3087752145101,4.547000000000000000e+03
569.3842159078702,4.510000000000000000e+03
569.4597155117148,4.543000000000000000e+03
569.5352189219938,4.549000000000000000e+03
569.6106547533757,4.568000000000000000e+03
569.6861592519366,4.574000000000000000e+03
569.7615961204366,4.553000000000000000e+03
569.8370951828829,4.578000000000000000e+03
569.9125980167112,4.585000000000000000e+03
569.9880363908212,4.594000000000000000e+03
570.063540235015,4.573000000000000000e+03
570.1389763193972,4.604000000000000000e+03
570.2144778914571,4.615000000000000000e+03
570.2899149030349,4.630000000000000000e+03
570.3654174215969,4.631000000000000000e+03
570.4408585841445,4.638000000000000000e+03
570.516355510032,4.636000000000000000e+03
570.5917975400971,4.646000000000000000e+03
570.6672953476274,4.662000000000000000e+03
570.7427349574187,4.690000000000000000e+03
570.8182368737373,4.705000000000000000e+03
570.8936740294567,4.705000000000000000e+03
570.9691767675921,4.736000000000000000e+03
571.044617956385,4.725000000000000000e+03
571.120118225025,4.744000000000000000e+03
571.1955568946336,4.770000000000000000e+03
571.2709959150741,4.781000000000000000e+03
571.3464973017159,4.766000000000000000e+03
571.4219370173379,4.790000000000000000e+03
571.4974358505949,4.767000000000000000e+03
571.5728729630794,4.789000000000000000e+03
571.6483169221735,4.800000000000000000e+03
571.7238167556269,4.828000000000000000e+03
571.7992547962239,4.809000000000000000e+03
571.874696395271,4.858000000000000000e+03
571.9501938880238,4.834000000000000000e+03
572.0256327861869,4.847000000000000000e+03
572.1010752224225,4.883000000000000000e+03
572.1765735734161,4.858000000000000000e+03
572.2520132602132,4.871000000000000000e+03
572.3274531890821,4.867000000000000000e+03
572.4028933523459,4.875000000000000000e+03
572.4783960113044,4.897000000000000000e+03
572.5538333585442,4.922000000000000000e+03
572.6292741944405,4.922000000000000000e+03
572.7047119540778,4.926000000000000000e+03
572.780212242593,4.899000000000000000e+03
572.8556503993934,4.924000000000000000e+03
572.9310920175104,4.938000000000000000e+03
573.0065305250978,4.931000000000000000e+03
573.0819691960772,4.927000000000000000e+03
573.1574080227304,4.939000000000000000e+03
573.232909430562,4.920000000000000000e+03
573.3083485618251,4.939000000000000000e+03
573.3837911132744,4.950000000000000000e+03
573.4592305026606,4.937000000000000000e+03
573.5346700090696,4.920000000000000000e+03
573.6101096247586,4.930000000000000000e+03
573.6855493419805,4.925000000000000000e+03
573.7609858609676,4.926000000000000000e+03
573.8364257571322,4.901000000000000000e+03
573.9118624378157,4.925000000000000000e+03
573.9873057764995,4.938000000000000000e+03
574.0627425886909,4.951000000000000000e+03
574.1382453810519,4.952000000000000000e+03
574.2136823092575,4.938000000000000000e+03
574.2891225732211,4.933000000000000000e+03
574.3645628688121,4.925000000000000000e+03
574.4399404917988,4.938000000000000000e+03
574.5153808108072,4.947000000000000000e+03
574.5908178365182,4.965000000000000000e+03
574.6662581633567,4.963000000000000000e+03
574.7416984828392,4.988000000000000000e+03
574.8171387871569,4.942000000000000000e+03
574.8925790684976,4.947000000000000000e+03
574.9680160131622,4.971000000000000000e+03
575.0434562242268,5.002000000000000000e+03
575.1188930812343,5.001000000000000000e+03
575.1943364992081,4.989000000000000000e+03
575.2697765474628,5.016000000000000000e+03
575.3451536315831,5.013000000000000000e+03
575.4205935156243,5.040000000000000000e+03
575.4960333140378,5.016000000000000000e+03
575.5714730189743,5.040000000000000000e+03
575.6469093088864,5.025000000000000000e+03
575.7223521169975,5.039000000000000000e+03
575.7977285011834,5.032000000000000000e+03
575.8731677371276,5.048000000000000000e+03
575.9486101574518,5.088000000000000000e+03
576.0240491208147,5.076000000000000000e+03
576.0994281953324,5.075000000000000000e+03
576.1748668380864,5.104000000000000000e+03
576.2503053165299,5.117000000000000000e+03
576.3257436227722,5.096000000000000000e+03
576.401121946027,5.127000000000000000e+03
576.4765631917769,5.130000000000000000e+03
576.5520009192454,5.151000000000000000e+03
576.627378593058,5.132000000000000000e+03
576.7028192152051,5.158000000000000000e+03
576.7782596194585,5.164000000000000000e+03
576.8536365734708,5.146000000000000000e+03
576.9290798301113,5.214000000000000000e+03
577.0045161881444,5.183000000000000000e+03
577.0798956812308,5.185000000000000000e+03
577.1553348449369,5.192000000000000000e+03
577.2307737431714,5.201000000000000000e+03
577.3061523771543,5.250000000000000000e+03
577.3815940386273,5.234000000000000000e+03
577.4569687212091,5.251000000000000000e+03
577.5324097821534,5.201000000000000000e+03
577.6077871497567,5.290000000000000000e+03
577.6832275791974,5.261000000000000000e+03
577.7586042662564,5.275000000000000000e+03
577.8340473712362,5.259000000000000000e+03
577.9094233467189,5.267000000000000000e+03
577.9848624183549,5.312000000000000000e+03
578.06024099099,5.287000000000000000e+03
578.1356826786689,5.304000000000000000e+03
578.2110604784385,5.282000000000000000e+03
578.2865014103915,5.331000000000000000e+03
578.3618750602704,5.290000000000000000e+03
578.4373152036164,5.306000000000000000e+03
578.5126947075182,5.297000000000000000e+03
578.5880737744064,5.302000000000000000e+03
578.6635160180301,5.303000000000000000e+03
578.7388908540094,5.335000000000000000e+03
578.8143322323514,5.314000000000000000e+03
578.8897095032095,5.313000000000000000e+03
578.9650862969057,5.327000000000000000e+03
579.0405296629765,5.322000000000000000e+03
579.1159054956761,5.372000000000000000e+03
579.1912841817008,5.324000000000000000e+03
579.2667227590988,5.330000000000000000e+03
579.3421004375672,5.332000000000000000e+03
579.4174809495532,5.322000000000000000e+03
579.4928575733711,5.328000000000000000e+03
579.5682974782039,5.310000000000000000e+03
579.6436763906835,5.320000000000000000e+03
579.7190547488921,5.337000000000000000e+03
579.7944325447469,5.322000000000000000e+03
579.8698736574771,5.315000000000000000e+03
579.9452503209693,5.342000000000000000e+03
580.0206297620755,5.316000000000000000e+03
580.0960086102061,5.339000000000000000e+03
580.1713868572579,5.322000000000000000e+03
580.2467678619868,5.341000000000000000e+03
580.3222055027192,5.332000000000000000e+03
580.3975819144985,5.320000000000000000e+03
580.472964431725,5.333000000000000000e+03
580.5483361997073,5.383000000000000000e+03
580.6237208011142,5.367000000000000000e+03
580.6990980056318,5.362000000000000000e+03
580.774474545852,5.353000000000000000e+03
580.8498537875009,5.324000000000000000e+03
580.9252289755794,5.334000000000000000e+03
581.0006743628959,5.366000000000000000e+03
581.0760481837603,5.362000000000000000e+03
581.1514280543308,5.376000000000000000e+03
581.2268072152121,5.357000000000000000e+03
581.3021822791188,5.353000000000000000e+03
581.3775633752501,5.388000000000000000e+03
581.4529437389426,5.403000000000000000e+03
581.5283199802694,5.389000000000000000e+03
581.6036988536778,5.396000000000000000e+03
581.6790160670166,5.410000000000000000e+03
581.7543934024975,5.393000000000000000e+03
581.8297699646201,5.427000000000000000e+03
581.9051525174606,5.432000000000000000e+03
581.9805308970429,5.464000000000000000e+03
582.0559084804219,5.456000000000000000e+03
582.1312852593902,5.478000000000000000e+03
582.206668005028,5.455000000000000000e+03
582.2820397617667,5.481000000000000000e+03
582.3574242532981,5.495000000000000000e+03
582.4327366749485,5.481000000000000000e+03
582.508116082625,5.492000000000000000e+03
582.5834946400697,5.520000000000000000e+03
582.658872339047,5.536000000000000000e+03
582.7342525671091,5.542000000000000000e+03
582.8095673852416,5.554000000000000000e+03
582.8849492395216,5.558000000000000000e+03
582.9603268074364,5.570000000000000000e+03
583.0357068767066,5.549000000000000000e+03
583.1110214380087,5.548000000000000000e+03
583.1864030744695,5.587000000000000000e+03
583.2617769878166,5.593000000000000000e+03
583.3371601786139,5.562000000000000000e+03
583.4124743613642,5.602000000000000000e+03
583.4878556582576,5.598000000000000000e+03
583.5632325991093,5.613000000000000000e+03
583.6385472652148,5.607000000000000000e+03
583.7139290751193,5.609000000000000000e+03
583.7893065032263,5.626000000000000000e+03
583.8646249949269,5.636000000000000000e+03
583.9400004322508,5.641000000000000000e+03
584.0153168866366,5.631000000000000000e+03
584.0907005347968,5.653000000000000000e+03
584.1660763462396,5.650000000000000000e+03
584.2413965200363,5.646000000000000000e+03
584.3167736762043,5.631000000000000000e+03
584.3920917365156,5.622000000000000000e+03
584.4674702084938,5.636000000000000000e+03
584.5427861228587,5.640000000000000000e+03
584.6181658817017,5.680000000000000000e+03
584.6934796176279,5.688000000000000000e+03
584.7688572148127,5.654000000000000000e+03
584.8441755797492,5.655000000000000000e+03
584.919554404934,5.646000000000000000e+03
584.9948739529473,5.666000000000000000e+03
585.0702539779767,5.646000000000000000e+03
585.145567832981,5.654000000000000000e+03
585.2208873808705,5.666000000000000000e+03
585.2962674300239,5.642000000000000000e+03
585.3715812355221,5.670000000000000000e+03
585.446962410467,5.642000000000000000e+03
585.522277293224,5.658000000000000000e+03
585.5975978392732,5.672000000000000000e+03
585.6729720672993,5.638000000000000000e+03
585.7482902189189,5.649000000000000000e+03
585.8236071536562,5.647000000000000000e+03
585.8989880858402,5.649000000000000000e+03
585.9743025783406,5.636000000000000000e+03
586.0496192632522,5.636000000000000000e+03
586.1249381347992,5.659000000000000000e+03
586.200317604434,5.636000000000000000e+03
586.2756374097312,5.681000000000000000e+03
586.3509525064017,5.631000000000000000e+03
586.4262697612708,5.656000000000000000e+03
586.5016510856912,5.666000000000000000e+03
586.576965774025,5.661000000000000000e+03
586.6522825996321,5.662000000000000000e+03
586.7275981142149,5.673000000000000000e+03
586.8029157526896,5.643000000000000000e+03
586.878297505942,5.668000000000000000e+03
586.9536125003841,5.690000000000000000e+03
587.0289295977367,5.677000000000000000e+03
587.1042487921765,5.704000000000000000e+03
587.1795666300785,5.695000000000000000e+03
587.2548831029591,5.705000000000000000e+03
587.3301982023304,5.721000000000000000e+03
587.4055153701529,5.706000000000000000e+03
587.4808346005856,5.712000000000000000e+03
587.5561558877838,5.764000000000000000e+03
587.631468866577,5.737000000000000000e+03
587.7067838851247,5.709000000000000000e+03
587.78216658026,5.761000000000000000e+03
587.8574856775697,5.748000000000000000e+03
587.9328033404089,5.758000000000000000e+03
588.0080538670875,5.791000000000000000e+03
588.0833720770029,5.811000000000000000e+03
588.1586888286358,5.801000000000000000e+03
588.234007573644,5.775000000000000000e+03
588.3093248450679,5.799000000000000000e+03
588.3846440963296,5.810000000000000000e+03
588.4599618586897,5.809000000000000000e+03
588.5352781235977,5.859000000000000000e+03
588.6105963471232,5.859000000000000000e+03
588.6859130578563,5.832000000000000000e+03
588.761231713632,5.869000000000000000e+03
588.8364864301399,5.851000000000000000e+03
588.9118020050827,5.880000000000000000e+03
588.9871195037894,5.871000000000000000e+03
589.0624389203426,5.874000000000000000e+03
589.1377567779897,5.884000000000000000e+03
589.2130730681441,5.888000000000000000e+03
589.2883287478853,5.901000000000000000e+03
589.3636453356847,5.892000000000000000e+03
589.4389638063658,5.924000000000000000e+03
589.5142806787193,5.915000000000000000e+03
589.5895403256021,5.946000000000000000e+03
589.6648574383153,5.907000000000000000e+03
589.740176406581,5.921000000000000000e+03
589.8154276479908,5.944000000000000000e+03
589.8907468120178,5.945000000000000000e+03
589.9660643313503,5.949000000000000000e+03
590.0413210120631,5.974000000000000000e+03
590.1166352010036,5.935000000000000000e+03
590.1919546858783,5.942000000000000000e+03
590.2672132644499,5.935000000000000000e+03
590.3425293741994,5.969000000000000000e+03
590.4177880160598,5.917000000000000000e+03
590.4931042037921,5.978000000000000000e+03
590.568418683014,5.922000000000000000e+03
590.643675627467,5.937000000000000000e+03
590.7189936284246,5.980000000000000000e+03
590.7942505619948,5.952000000000000000e+03
590.8695685685237,5.945000000000000000e+03
590.9448219696872,5.925000000000000000e+03
591.0201399515241,5.934000000000000000e+03
591.0953967743105,5.951000000000000000e+03
591.1707147029425,5.933000000000000000e+03
591.2459714266577,5.961000000000000000e+03
591.3212892726514,5.914000000000000000e+03
591.3965458678394,5.944000000000000000e+03
591.4718006307248,5.949000000000000000e+03
591.547116539627,5.907000000000000000e+03
591.6223746281325,5.924000000000000000e+03
591.6976903797901,5.942000000000000000e+03
591.7729482668865,5.891000000000000000e+03
591.8482042834247,5.919000000000000000e+03
591.9235214878881,5.960000000000000000e+03
591.9987807623979,5.919000000000000000e+03
592.0740346381908,5.953000000000000000e+03
592.1493532320127,5.934000000000000000e+03
592.2246103231383,5.955000000000000000e+03
592.2998654966053,5.934000000000000000e+03
592.3751222527409,5.931000000000000000e+03
592.4504402550338,5.935000000000000000e+03
592.5256966625434,5.965000000000000000e+03
592.6009511209176,5.973000000000000000e+03
592.6762106466866,5.948000000000000000e+03
592.7515244260364,5.957000000000000000e+03
592.8267835455117,5.989000000000000000e+03
592.9020371707703,5.947000000000000000e+03
592.9772958390107,5.982000000000000000e+03
593.0525489954576,5.963000000000000000e+03
593.1278071826566,6.000000000000000000e+03
593.2031266995527,5.991000000000000000e+03
593.2783808730474,6.000000000000000000e+03
593.3536365391337,5.999000000000000000e+03
593.4288936916811,5.999000000000000000e+03
593.5041488020836,6.027000000000000000e+03
593.5794089082539,6.026000000000000000e+03
593.6546634339551,5.985000000000000000e+03
593.729919417986,6.041000000000000000e+03
593.8051733281523,6.016000000000000000e+03
593.8804322095,6.054000000000000000e+03
593.955689002888,6.042000000000000000e+03
594.0309472282032,6.044000000000000000e+03
594.1061998200399,6.057000000000000000e+03
594.1814573584147,6.076000000000000000e+03
594.2567163084306,6.070000000000000000e+03
594.3319695993049,6.118000000000000000e+03
594.4072278190921,6.104000000000000000e+03
594.4824803620132,6.084000000000000000e+03
594.5577413564724,6.078000000000000000e+03
594.6329931222317,6.102000000000000000e+03
594.7082533289405,6.079000000000000000e+03
594.7834441469494,6.129000000000000000e+03
594.85870352054,6.136000000000000000e+03
594.9339607052526,6.148000000000000000e+03
595.0092192325558,6.149000000000000000e+03
595.0844720137306,6.128000000000000000e+03
595.1596694470827,6.136000000000000000e+03
595.2349248608839,6.125000000000000000e+03
595.310178044894,6.150000000000000000e+03
595.3854360798784,6.142000000000000000e+03
595.4606918708308,6.149000000000000000e+03
595.5358886627483,6.163000000000000000e+03
595.611147019589,6.169000000000000000e+03
595.6864031092157,6.145000000000000000e+03
595.7615965842728,6.127000000000000000e+03
595.836855197865,6.155000000000000000e+03
595.9121115210278,6.133000000000000000e+03
595.9873051606659,6.201000000000000000e+03
596.0625604137975,6.159000000000000000e+03
596.1378169052595,6.162000000000000000e+03
596.2130106441916,6.176000000000000000e+03
596.2882695773723,6.151000000000000000e+03
596.3635261735925,6.153000000000000000e+03
596.4387199482267,6.162000000000000000e+03
596.5139753866564,6.176000000000000000e+03
596.5891715160268,6.175000000000000000e+03
596.6644293271388,6.156000000000000000e+03
596.739624225117,6.195000000000000000e+03
596.8148808209818,6.139000000000000000e+03
596.8900744570072,6.184000000000000000e+03
596.9653333707323,6.155000000000000000e+03
597.0405257151125,6.165000000000000000e+03
597.115786920592,6.161000000000000000e+03
597.1909779436049,6.174000000000000000e+03
597.2662342801653,6.185000000000000000e+03
597.3414275184313,6.156000000000000000e+03
597.4166254158234,6.123000000000000000e+03
597.491885088153,6.161000000000000000e+03
597.5670780238231,6.141000000000000000e+03
597.6423327487403,6.163000000000000000e+03
597.7175242592349,6.151000000000000000e+03
597.792720398088,6.155000000000000000e+03
597.8679783530253,6.113000000000000000e+03
597.9431801766776,6.112000000000000000e+03
598.0183687346421,6.153000000000000000e+03
598.0936227072775,6.154000000000000000e+03
598.1688204827943,6.117000000000000000e+03
598.2440156960317,6.154000000000000000e+03
598.3192119177841,6.131000000000000000e+03
598.3944735953452,6.158000000000000000e+03
598.4696646678975,6.138000000000000000e+03
598.5448638913675,6.148000000000000000e+03
598.6200605143976,6.139000000000000000e+03
598.6952545279034,6.129000000000000000e+03
598.7705032869707,6.134000000000000000e+03
598.845702827054,6.111000000000000000e+03
598.9209033228055,6.148000000000000000e+03
598.9960940039387,6.136000000000000000e+03
599.0712892114018,6.137000000000000000e+03
599.1464853517283,6.156000000000000000e+03
599.2216788278446,6.188000000000000000e+03
599.2968768137707,6.137000000000000000e+03
599.3720685283897,6.128000000000000000e+03
599.4472683333562,6.145000000000000000e+03
599.5225229531976,6.159000000000000000e+03
599.5977173765003,6.165000000000000000e+03
599.6729126841367,6.140000000000000000e+03
599.7481088696748,6.150000000000000000e+03
599.8232987309193,6.131000000000000000e+03
599.8985002499289,6.185000000000000000e+03
599.9736306356483,6.172000000000000000e+03
600.0488302503571,6.171000000000000000e+03
600.1240271092662,6.188000000000000000e+03
600.1992212032151,6.178000000000000000e+03
600.274408919746,6.163000000000000000e+03
600.3496082679649,6.188000000000000000e+03
600.4248084342357,6.196000000000000000e+03
600.499998594085,6.234000000000000000e+03
600.5751931605373,6.226000000000000000e+03
600.6503235814662,6.200000000000000000e+03
600.7255197152398,6.226000000000000000e+03
600.8007166310834,6.248000000000000000e+03
600.875914322513,6.229000000000000000e+03
600.9511163944641,6.240000000000000000e+03
601.0262433719869,6.239000000000000000e+03
601.1014361076029,6.250000000000000000e+03
601.1766404316174,6.237000000000000000e+03
601.2518346554406,6.244000000000000000e+03
601.3269681412486,6.290000000000000000e+03
601.4021565754814,6.293000000000000000e+03
601.4773565793163,6.260000000000000000e+03
601.55249578129,6.279000000000000000e+03
601.6276863350764,6.277000000000000000e+03
601.7028775856559,6.289000000000000000e+03
601.7780115846128,6.282000000000000000e+03
601.8532078169892,6.265000000000000000e+03
601.9284011052009,6.294000000000000000e+03
602.0035370787526,6.304000000000000000e+03
602.0787353122603,6.281000000000000000e+03
602.1538653131911,6.280000000000000000e+03
602.2290648417321,6.298000000000000000e+03
602.3041960901958,6.302000000000000000e+03
602.3793896303448,6.289000000000000000e+03
602.4545329868457,6.298000000000000000e+03
602.52972050603,6.279000000000000000e+03
602.6048541681286,6.266000000000000000e+03
602.6800537894703,6.293000000000000000e+03
602.7551886194266,6.306000000000000000e+03
602.8303821600039,6.283000000000000000e+03
602.9055217646458,6.285000000000000000e+03
602.9807128258426,6.292000000000000000e+03
603.055846272166,6.324000000000000000e+03
603.1309766185691,6.280000000000000000e+03
603.2061729886882,6.275000000000000000e+03
603.281308042969,6.294000000000000000e+03
603.3564436151993,6.264000000000000000e+03
603.4316452421198,6.270000000000000000e+03
603.5067745623387,6.277000000000000000e+03
603.5819116632719,6.294000000000000000e+03
603.6571039159869,6.279000000000000000e+03
603.732238361985,6.271000000000000000e+03
603.8073696385936,6.264000000000000000e+03
603.8825123234259,6.266000000000000000e+03
603.9576992468579,6.259000000000000000e+03
604.0328355724649,6.237000000000000000e+03
604.1079723479853,6.257000000000000000e+03
604.1831095667776,6.251000000000000000e+03
604.2582983401253,6.241000000000000000e+03
604.3334364382367,6.270000000000000000e+03
604.4085676534826,6.241000000000000000e+03
604.4836992817685,6.259000000000000000e+03
604.5588422811774,6.237000000000000000e+03
604.6339747182885,6.233000000000000000e+03
604.7091075484526,6.264000000000000000e+03
604.7842444226404,6.257000000000000000e+03
604.859378019808,6.241000000000000000e+03
604.9345046710955,6.235000000000000000e+03
605.009704892442,6.245000000000000000e+03
605.0848359419433,6.250000000000000000e+03
605.1599746669862,6.293000000000000000e+03
605.23510275086,6.274000000000000000e+03
605.310245826721,6.257000000000000000e+03
605.3853159408447,6.251000000000000000e+03
605.4604486674336,6.267000000000000000e+03
605.535581711707,6.276000000000000000e+03
605.6107150669574,6.267000000000000000e+03
605.6858487264751,6.248000000000000000e+03
605.7609863530097,6.260000000000000000e+03
605.8361242722013,6.297000000000000000e+03
605.9112514634761,6.254000000000000000e+03
605.9863899450862,6.286000000000000000e+03
606.0615286991821,6.256000000000000000e+03
606.1365942387108,6.283000000000000000e+03
606.2117261495124,6.296000000000000000e+03
606.2868656606279,6.280000000000000000e+03
606.3619980637881,6.294000000000000000e+03
606.4370718595482,6.301000000000000000e+03
606.5122047116855,6.315000000000000000e+03
606.5873377854751,6.274000000000000000e+03
606.6624747545558,6.299000000000000000e+03
606.7375456701113,6.299000000000000000e+03
606.8126830359437,6.319000000000000000e+03
606.8878205982112,6.347000000000000000e+03
606.9628957214667,6.319000000000000000e+03
607.0380225859356,6.336000000000000000e+03
607.1131606786419,6.334000000000000000e+03
607.1882288919476,6.339000000000000000e+03
607.2633709869046,6.368000000000000000e+03
607.3385021736576,6.342000000000000000e+03
607.4135707840262,6.291000000000000000e+03
607.4887096199877,6.337000000000000000e+03
607.5637821472627,6.326000000000000000e+03
607.6389138462803,6.361000000000000000e+03
607.7139865728267,6.341000000000000000e+03
607.7891221807843,6.336000000000000000e+03
607.8641950802765,6.345000000000000000e+03
607.9393308785938,6.358000000000000000e+03
608.0144039237675,6.351000000000000000e+03
608.089539885174,6.345000000000000000e+03
608.1646130487377,6.372000000000000000e+03
608.2397417468239,6.350000000000000000e+03
608.3148187001017,6.328000000000000000e+03
608.3898956827247,6.319000000000000000e+03
608.4650245200035,6.357000000000000000e+03
608.5401015535813,6.364000000000000000e+03
608.6151785959717,6.365000000000000000e+03
608.6903112159022,6.365000000000000000e+03
608.7653771512115,6.361000000000000000e+03
608.8404578967535,6.350000000000000000e+03
608.9155905344547,6.331000000000000000e+03
608.990660126277,6.371000000000000000e+03
609.0657296820973,6.347000000000000000e+03
609.1408659845031,6.347000000000000000e+03
609.2159465984835,6.374000000000000000e+03
609.2910160242585,6.357000000000000000e+03
609.3660890997941,6.361000000000000000e+03
609.4411621067635,6.339000000000000000e+03
609.5162981949915,6.330000000000000000e+03
609.591371059717,6.353000000000000000e+03
609.6664438352011,6.316000000000000000e+03
609.7415165145444,6.341000000000000000e+03
609.8165928096073,6.328000000000000000e+03
609.8916652768738,6.348000000000000000e+03
609.9667339066874,6.372000000000000000e+03
610.041806132408,6.355000000000000000e+03
610.1168819498673,6.342000000000000000e+03
610.1919576315516,6.337000000000000000e+03
610.2670257220219,6.372000000000000000e+03
610.3421011095528,6.327000000000000000e+03
610.4171800666223,6.319000000000000000e+03
610.4922476810158,6.362000000000000000e+03
610.5673225771701,6.331000000000000000e+03
610.6423935671218,6.325000000000000000e+03
610.7174681006938,6.333000000000000000e+03
610.7925387123403,6.359000000000000000e+03
610.8676165871373,6.346000000000000000e+03
610.9426867935962,6.372000000000000000e+03
611.0177642529652,6.326000000000000000e+03
611.0928340264109,6.377000000000000000e+03
611.1679035719891,6.315000000000000000e+03
611.2429205762214,6.357000000000000000e+03
611.3179896323122,6.385000000000000000e+03
611.3930696536677,6.346000000000000000e+03
611.4681382079762,6.324000000000000000e+03
611.543210239399,6.370000000000000000e+03
611.6182258914046,6.324000000000000000e+03
611.6932973662973,6.339000000000000000e+03
611.7683685593274,6.353000000000000000e+03
611.8434394635015,6.387000000000000000e+03
611.91845764963,6.361000000000000000e+03
611.9935279422344,6.379000000000000000e+03
612.06860167126,6.390000000000000000e+03
612.1436188772811,6.369000000000000000e+03
612.2186919554537,6.368000000000000000e+03
612.2937609555369,6.404000000000000000e+03
612.368769618424,6.383000000000000000e+03
612.443841671833,6.362000000000000000e+03
612.518860850012,6.377000000000000000e+03
612.5939321832865,6.392000000000000000e+03
612.668943094263,6.401000000000000000e+03
612.7440136774355,6.404000000000000000e+03
612.8190876378331,6.404000000000000000e+03
612.8941048689004,6.384000000000000000e+03
612.9691780415548,6.377000000000000000e+03
613.0441869267229,6.391000000000000000e+03
613.1192028943198,6.405000000000000000e+03
613.1942785838127,6.385000000000000000e+03
613.2692861585759,6.408000000000000000e+03
613.3443572287938,6.386000000000000000e+03
613.4193751865103,6.394000000000000000e+03
613.4944491348593,6.394000000000000000e+03
613.5694586386024,6.396000000000000000e+03
613.644467658833,6.413000000000000000e+03
613.7195402192466,6.383000000000000000e+03
613.794555801729,6.392000000000000000e+03
613.8695671147681,6.392000000000000000e+03
613.9446382262654,6.423000000000000000e+03
614.0196560673113,6.428000000000000000e+03
614.0946658455853,6.426000000000000000e+03
614.1696826366328,6.437000000000000000e+03
614.2447554874341,6.383000000000000000e+03
614.3197636679537,6.436000000000000000e+03
614.3947788454523,6.442000000000000000e+03
614.4697859154201,6.466000000000000000e+03
614.5448037484722,6.462000000000000000e+03
614.619873899117,6.403000000000000000e+03
614.694883044028,6.440000000000000000e+03
614.769899161373,6.464000000000000000e+03
614.8449071281832,6.446000000000000000e+03
614.9199220568489,6.448000000000000000e+03
614.994936381391,6.440000000000000000e+03
615.0699463115571,6.430000000000000000e+03
615.1449594055,6.435000000000000000e+03
615.219968088927,6.456000000000000000e+03
615.2949799236752,6.435000000000000000e+03
615.3699949053583,6.414000000000000000e+03
615.4450130295872,6.448000000000000000e+03
615.5200153487256,6.427000000000000000e+03
615.5950321611059,6.459000000000000000e+03
615.6700445181616,6.471000000000000000e+03
615.7450599927896,6.427000000000000000e+03
615.8200634112113,6.444000000000000000e+03
615.8950775175382,6.454000000000000000e+03
615.9700909303292,6.393000000000000000e+03
616.045103642399,6.399000000000000000e+03
616.1200587059649,6.464000000000000000e+03
616.1950737781215,6.436000000000000000e+03
616.2700843319404,6.442000000000000000e+03
616.3450979550751,6.433000000000000000e+03
616.4201070436227,6.426000000000000000e+03
616.4950545776754,6.413000000000000000e+03
616.5700659579935,6.463000000000000000e+03
616.6450765818348,6.429000000000000000e+03
616.720097852294,6.412000000000000000e+03
616.7950422701603,6.451000000000000000e+03
616.8700581788843,6.408000000000000000e+03
616.9450694997388,6.403000000000000000e+03
617.0200229227949,6.402000000000000000e+03
617.0950326410584,6.424000000000000000e+03
617.1700377451283,6.415000000000000000e+03
617.2449925060192,6.390000000000000000e+03
617.3200073947381,6.417000000000000000e+03
617.395013836697,6.440000000000000000e+03
617.4699660667885,6.401000000000000000e+03
617.5449822610196,6.411000000000000000e+03
617.6199327648687,6.433000000000000000e+03
617.6949472498279,6.436000000000000000e+03
617.7698959983896,6.401000000000000000e+03
617.8449087450254,6.388000000000000000e+03
617.9198595274773,6.419000000000000000e+03
617.9948705076381,6.417000000000000000e+03
618.069827119618,6.420000000000000000e+03
618.144840127084,6.377000000000000000e+03
618.2197872618343,6.410000000000000000e+03
618.2947411041071,6.436000000000000000e+03
618.3697513617161,6.375000000000000000e+03
618.44469567746,6.447000000000000000e+03
618.5196505100681,6.416000000000000000e+03
618.5946694328892,6.438000000000000000e+03
618.6696146951708,6.447000000000000000e+03
618.7445666341545,6.422000000000000000e+03
618.8195826887393,6.451000000000000000e+03
618.8945326685835,6.448000000000000000e+03
618.9694854812299,6.451000000000000000e+03
619.0444334578197,6.452000000000000000e+03
619.1194494169247,6.428000000000000000e+03
619.1943992107521,6.452000000000000000e+03
619.2693479786984,6.407000000000000000e+03
619.3442957134283,6.435000000000000000e+03
619.4192500812071,6.418000000000000000e+03
619.4942648084996,6.442000000000000000e+03
619.5692094181061,6.434000000000000000e+03
619.6441644838893,6.444000000000000000e+03
619.7191184853039,6.462000000000000000e+03
619.7940637321011,6.451000000000000000e+03
619.8690155808523,6.457000000000000000e+03
619.9439663431604,6.467000000000000000e+03
620.0189198558951,6.433000000000000000e+03
620.0938722693128,6.429000000000000000e+03
620.1688197299484,6.468000000000000000e+03
620.2437699216852,6.449000000000000000e+03
620.3187305358406,6.433000000000000000e+03
620.393678480104,6.473000000000000000e+03
620.4686252881608,6.506000000000000000e+03
620.543582504853,6.442000000000000000e+03
620.61852702112,6.461000000000000000e+03
620.6934819368186,6.499000000000000000e+03
620.7684356923214,6.480000000000000000e+03
620.8433227543279,6.450000000000000000e+03
620.9182780068074,6.453000000000000000e+03
620.9932282224137,6.462000000000000000e+03
621.0681811054573,6.445000000000000000e+03
621.1431327931294,6.468000000000000000e+03
621.2180794188941,6.444000000000000000e+03
621.2929746519387,6.452000000000000000e+03
621.3679226950109,6.451000000000000000e+03
621.4428695130218,6.473000000000000000e+03
621.5177610187308,6.447000000000000000e+03
621.5927130788318,6.455000000000000000e+03
621.6676600305892,6.505000000000000000e+03
621.7426134606835,6.512000000000000000e+03
621.8174999024244,6.500000000000000000e+03
621.8924507959133,6.483000000000000000e+03
621.9673462597708,6.486000000000000000e+03
622.0422984590124,6.478000000000000000e+03
622.1172493736544,6.472000000000000000e+03
622.1921409277729,6.499000000000000000e+03
622.2670892368434,6.437000000000000000e+03
622.3419781424883,6.445000000000000000e+03
622.4169354382018,6.458000000000000000e+03
622.4918216682801,6.435000000000000000e+03
622.5667763070498,6.442000000000000000e+03
622.6416637084727,6.478000000000000000e+03
622.7166156613104,6.486000000000000000e+03
622.791500330108,6.484000000000000000e+03
622.8664495670652,6.442000000000000000e+03
622.9413431149467,6.474000000000000000e+03
623.0162352679529,6.454000000000000000e+03
623.0911842549693,6.450000000000000000e+03
623.1660736097131,6.427000000000000000e+03
623.2409693156505,6.460000000000000000e+03
623.3159141083677,6.462000000000000000e+03
623.3908108627464,6.456000000000000000e+03
623.4656984085988,6.465000000000000000e+03
623.54065060535,6.463000000000000000e+03
623.6155430462911,6.467000000000000000e+03
623.6904262505253,6.458000000000000000e+03
623.7653157682421,6.461000000000000000e+03
623.8402738657751,6.491000000000000000e+03
623.9151643415145,6.456000000000000000e+03
623.9900494384281,6.449000000000000000e+03
624.0649369353079,6.475000000000000000e+03
624.1398346184196,6.455000000000000000e+03
624.2147191099846,6.447000000000000000e+03
624.2896137782844,6.483000000000000000e+03
624.3645615055957,6.456000000000000000e+03
624.4394531447507,6.477000000000000000e+03
624.5143432514428,6.449000000000000000e+03
624.5892357192214,6.438000000000000000e+03
624.6641227392169,6.485000000000000000e+03
624.739008204036,6.428000000000000000e+03
624.8139077217978,6.494000000000000000e+03
624.8887900572714,6.450000000000000000e+03
624.9636825322137,6.451000000000000000e+03
625.0385773339976,6.433000000000000000e+03
625.1134666425047,6.468000000000000000e+03
625.1883582645422,6.500000000000000000e+03
625.263181823586,6.460000000000000000e+03
625.3380780414589,6.435000000000000000e+03
625.4129648242472,6.435000000000000000e+03
625.4878578081264,6.460000000000000000e+03
625.5627413379577,6.451000000000000000e+03
625.6376349716288,6.501000000000000000e+03
625.7124604067309,6.444000000000000000e+03
625.7873507351937,6.444000000000000000e+03
625.8622394075853,6.487000000000000000e+03
625.9371381701984,6.483000000000000000e+03
626.0119647267263,6.454000000000000000e+03
626.0868522937308,6.437000000000000000e+03
626.1617460175852,6.474000000000000000e+03
626.2366380528313,6.465000000000000000e+03
626.3114617065921,6.445000000000000000e+03
626.3863503257447,6.433000000000000000e+03
626.4611822898413,6.433000000000000000e+03
626.5360713905895,6.490000000000000000e+03
626.6109666191869,6.477000000000000000e+03
626.6857933539325,6.432000000000000000e+03
626.7606772445703,6.453000000000000000e+03
626.8355122365108,6.452000000000000000e+03
626.9104044027886,6.446000000000000000e+03
626.985224051504,6.508000000000000000e+03
627.0601205419518,6.461000000000000000e+03
627.1349523354077,6.484000000000000000e+03
627.2098373967692,6.482000000000000000e+03
627.2846616468294,6.469000000000000000e+03
627.3595549170336,6.466000000000000000e+03
627.4343873380152,6.465000000000000000e+03
627.5092769901677,6.463000000000000000e+03
627.5841096881397,6.465000000000000000e+03
627.6589365990222,6.465000000000000000e+03
627.7338247007415,6.477000000000000000e+03
627.8086518461457,6.480000000000000000e+03
627.8834850056414,6.463000000000000000e+03
627.9583754402697,6.468000000000000000e+03
628.0332088011603,6.464000000000000000e+03
628.1080284382782,6.470000000000000000e+03
628.182858012259,6.510000000000000000e+03
628.2577527829216,6.466000000000000000e+03
628.3325785578783,6.521000000000000000e+03
628.4074142606058,6.480000000000000000e+03
628.4822361924339,6.530000000000000000e+03
628.5570680421939,6.481000000000000000e+03
628.6318979552647,6.473000000000000000e+03
628.706785214725,6.461000000000000000e+03
628.7816191526078,6.487000000000000000e+03
628.8564471797065,6.440000000000000000e+03
628.9312811520758,6.475000000000000000e+03
629.0061012851678,6.511000000000000000e+03
629.0809313073146,6.472000000000000000e+03
629.155759344112,6.451000000000000000e+03
629.2305893470999,6.495000000000000000e+03
629.3054252715824,6.496000000000000000e+03
629.380247309458,6.476000000000000000e+03
629.4550831794276,6.520000000000000000e+03
629.5299011803792,6.453000000000000000e+03
629.6047330053896,6.469000000000000000e+03
629.6795707280481,6.464000000000000000e+03
629.7543389940075,6.483000000000000000e+03
629.8291607196976,6.452000000000000000e+03
629.9039962589939,6.459000000000000000e+03
629.9788178342736,6.497000000000000000e+03
630.0536452776254,6.475000000000000000e+03
630.1284746162776,6.476000000000000000e+03
630.2032423002603,6.484000000000000000e+03
630.2780753994684,6.512000000000000000e+03
630.3529103790165,6.494000000000000000e+03
630.4277313363475,6.492000000000000000e+03
630.5025024771371,6.525000000000000000e+03
630.5773311190919,6.514000000000000000e+03
630.6521576385172,6.532000000000000000e+03
630.7269342895984,6.503000000000000000e+03
630.8017565291294,6.526000000000000000e+03
630.8765845827202,6.516000000000000000e+03
630.9513587332427,6.533000000000000000e+03
631.0261864484233,6.496000000000000000e+03
631.1009522564115,6.522000000000000000e+03
631.175787573207,6.509000000000000000e+03
631.2506087617126,6.514000000000000000e+03
631.3253799341081,6.573000000000000000e+03
631.400208688403,6.518000000000000000e+03
631.4749754310345,6.546000000000000000e+03
631.5498037567131,6.569000000000000000e+03
631.6245780075234,6.543000000000000000e+03
631.6993420335924,6.568000000000000000e+03
631.7741716576955,6.566000000000000000e+03
631.8489391655564,6.520000000000000000e+03
631.923764305041,6.575000000000000000e+03
631.9985312783703,6.541000000000000000e+03
632.0733039606179,6.546000000000000000e+03
632.1481342990165,6.543000000000000000e+03
632.2228944223607,6.577000000000000000e+03
632.2976642345945,6.576000000000000000e+03
632.3724997216107,6.590000000000000000e+03
632.4472649272958,6.559000000000000000e+03
632.5220358114818,6.564000000000000000e+03
632.5968083701387,6.562000000000000000e+03
632.6716346337209,6.554000000000000000e+03
632.746402531009,6.587000000000000000e+03
632.8211640744752,6.605000000000000000e+03
632.895939281213,6.567000000000000000e+03
632.9707001090119,6.562000000000000000e+03
633.0454705862102,6.594000000000000000e+03
633.1202346797379,6.536000000000000000e+03
633.1950124256075,6.564000000000000000e+03
633.2698318993826,6.573000000000000000e+03
633.3446048767886,6.584000000000000000e+03
633.4193754528278,6.591000000000000000e+03
633.4941436195448,6.558000000000000000e+03
633.5689053548851,6.584000000000000000e+03
633.6436807232593,6.586000000000000000e+03
633.718441616138,6.591000000000000000e+03
633.7932121186539,6.602000000000000000e+03
633.8679199094199,6.552000000000000000e+03
633.9426855028164,6.587000000000000000e+03
634.0174606961399,6.576000000000000000e+03
634.0922213655654,6.595000000000000000e+03
634.1669876029633,6.567000000000000000e+03
634.2417553834099,6.568000000000000000e+03
634.3165327489089,6.593000000000000000e+03
634.3912351850232,6.599000000000000000e+03
634.4660075495017,6.569000000000000000e+03
634.5407774100094,6.610000000000000000e+03
634.6155447585436,6.616000000000000000e+03
634.6902491623354,6.615000000000000000e+03
634.7650114486645,6.594000000000000000e+03
634.8397832896367,6.601000000000000000e+03
634.9145525922855,6.607000000000000000e+03
634.9892588668829,6.596000000000000000e+03
635.0640230545828,6.585000000000000000e+03
635.1387362717429,6.571000000000000000e+03
635.2135074201229,6.618000000000000000e+03
635.2882719598388,6.591000000000000000e+03
635.362981437668,6.594000000000000000e+03
635.4377448294332,6.600000000000000000e+03
635.512457159198,6.626000000000000000e+03
635.5872153377827,6.577000000000000000e+03
635.6619224154749,6.623000000000000000e+03
635.7366995983534,6.599000000000000000e+03
635.8114013974615,6.628000000000000000e+03
635.8861733198535,6.609000000000000000e+03
635.960881941529,6.619000000000000000e+03
636.0356485740448,6.630000000000000000e+03
636.1103518611941,6.616000000000000000e+03
636.1850565091609,6.642000000000000000e+03
636.2598232366993,6.610000000000000000e+03
636.3345306048863,6.642000000000000000e+03
636.4092393182117,6.608000000000000000e+03
636.4840101382218,6.620000000000000000e+03
636.5587134362514,6.610000000000000000e+03
636.6334221129331,6.670000000000000000e+03
636.7081848135534,6.652000000000000000e+03
636.78290019687,6.672000000000000000e+03
636.857604726266,6.644000000000000000e+03
636.9323146152394,6.657000000000000000e+03
637.0070217458345,6.634000000000000000e+03
637.0817261099415,6.622000000000000000e+03
637.1564967140678,6.588000000000000000e+03
637.2311995976745,6.567000000000000000e+03
637.3059078155254,6.572000000000000000e+03
637.3806132401302,6.627000000000000000e+03
637.4553280538418,6.644000000000000000e+03
637.5300278704315,6.680000000000000000e+03
637.6047370655823,6.684000000000000000e+03
637.679443440681,6.738000000000000000e+03
637.7541469875897,6.692000000000000000e+03
637.8288599029363,6.725000000000000000e+03
637.9035659103154,6.714000000000000000e+03
637.978273139046,6.704000000000000000e+03
638.052977512721,6.697000000000000000e+03
638.1276830952562,6.732000000000000000e+03
638.2023898813551,6.717000000000000000e+03
638.2770978657181,6.734000000000000000e+03
638.3517418441655,6.780000000000000000e+03
638.4264562697699,6.742000000000000000e+03
638.5011555722814,6.763000000000000000e+03
638.5758642016897,6.771000000000000000e+03
638.6505699221697,6.771000000000000000e+03
638.7252237691496,6.750000000000000000e+03
638.7999236357822,6.823000000000000000e+03
638.874628732156,6.765000000000000000e+03
638.9493472209352,6.801000000000000000e+03
639.0239892680094,6.793000000000000000e+03
639.098689601196,6.796000000000000000e+03
639.173395144716,6.813000000000000000e+03
639.2480405140027,6.810000000000000000e+03
639.3227564554909,6.828000000000000000e+03
639.3973958340758,6.813000000000000000e+03
639.4721058028182,6.822000000000000000e+03
639.5468086912668,6.829000000000000000e+03
639.6214635767756,6.872000000000000000e+03
639.6961604460553,6.850000000000000000e+03
639.7708092749344,6.830000000000000000e+03
639.8455164682429,6.833000000000000000e+03
639.9201674013606,6.892000000000000000e+03
639.9948767149377,6.876000000000000000e+03
640.0695174401586,6.869000000000000000e+03
640.1441591862857,6.880000000000000000e+03
640.2188716275688,6.893000000000000000e+03
640.2935236151387,6.888000000000000000e+03
640.3681602084457,6.890000000000000000e+03
640.4428757290473,6.860000000000000000e+03
640.5175143262505,6.900000000000000000e+03
640.592166218985,6.917000000000000000e+03
640.6668724558668,6.907000000000000000e+03
640.7415181149009,6.886000000000000000e+03
640.8161565315354,6.925000000000000000e+03
640.8908041242695,6.940000000000000000e+03
640.9655143022176,6.914000000000000000e+03
641.0401638233027,6.911000000000000000e+03
641.1148060727106,6.970000000000000000e+03
641.1894533730033,6.943000000000000000e+03
641.2641016094406,6.971000000000000000e+03
641.3387425502967,6.992000000000000000e+03
641.4134543525283,6.981000000000000000e+03
641.488101262261,6.967000000000000000e+03
641.5627449685089,6.989000000000000000e+03
641.6373854629693,6.979000000000000000e+03
641.7120350911663,6.956000000000000000e+03
641.7866814967092,6.983000000000000000e+03
641.8613246712862,7.010000000000000000e+03
641.9359769690361,7.025000000000000000e+03
642.0106260249374,7.013000000000000000e+03
642.0852718306695,7.044000000000000000e+03
642.1598525225107,7.052000000000000000e+03
642.2344917885489,7.052000000000000000e+03
642.3091401562656,7.032000000000000000e+03
642.3837934993884,7.062000000000000000e+03
642.4584353052218,7.024000000000000000e+03
642.5330862021095,7.094000000000000000e+03
642.6077296725547,7.060000000000000000e+03
642.6823120100572,7.103000000000000000e+03
642.7569529755671,7.087000000000000000e+03
642.8315988836831,7.121000000000000000e+03
642.9062455985243,7.082000000000000000e+03
642.9808352351971,7.132000000000000000e+03
643.055475263203,7.133000000000000000e+03
643.1301243499755,7.085000000000000000e+03
643.2047163018128,7.111000000000000000e+03
643.279354524987,7.100000000000000000e+03
643.3539438476895,7.139000000000000000e+03
643.4285877299418,7.135000000000000000e+03
643.5032406530961,7.175000000000000000e+03
643.5778197789244,7.150000000000000000e+03
643.6524659081414,7.175000000000000000e+03
643.7270464782921,7.198000000000000000e+03
643.8016982163535,7.190000000000000000e+03
643.876284355504,7.206000000000000000e+03
643.9509292459394,7.206000000000000000e+03
644.0255084918365,7.227000000000000000e+03
644.1001589469886,7.275000000000000000e+03
644.1747437177227,7.234000000000000000e+03
644.2493250109602,7.289000000000000000e+03
644.3239775458864,7.287000000000000000e+03
644.3985601811679,7.317000000000000000e+03
644.4731434709971,7.313000000000000000e+03
644.5477855716856,7.320000000000000000e+03
644.6223743228242,7.316000000000000000e+03
644.6969595574612,7.349000000000000000e+03
644.7715495817692,7.369000000000000000e+03
644.8461901340061,7.386000000000000000e+03
644.9207731033271,7.394000000000000000e+03
644.9953650068094,7.392000000000000000e+03
645.0699450389038,7.420000000000000000e+03
645.1445298338459,7.446000000000000000e+03
645.219177672042,7.472000000000000000e+03
645.2937678340779,7.459000000000000000e+03
645.3683419239809,7.477000000000000000e+03
645.4429290863851,7.492000000000000000e+03
645.5175168235929,7.542000000000000000e+03
645.5921051300253,7.536000000000000000e+03
645.6666898312457,7.560000000000000000e+03
645.7412750885978,7.579000000000000000e+03
645.8158525549321,7.586000000000000000e+03
645.8904389058563,7.642000000000000000e+03
645.9650299688499,7.625000000000000000e+03
646.0396090465212,7.646000000000000000e+03
646.1141969977764,7.666000000000000000e+03
646.1887812959989,7.684000000000000000e+03
646.2633076373747,7.713000000000000000e+03
646.3378845915109,7.764000000000000000e+03
646.4124787595719,7.766000000000000000e+03
646.4870608913304,7.791000000000000000e+03
646.5616476941717,7.805000000000000000e+03
646.6361722632304,7.802000000000000000e+03
646.7107558375826,7.820000000000000000e+03
646.7853440690486,7.844000000000000000e+03
646.859928586342,7.890000000000000000e+03
646.9344466023072,7.935000000000000000e+03
647.0090362098298,7.913000000000000000e+03
647.083622083392,7.892000000000000000e+03
647.1581413924066,7.935000000000000000e+03
647.2327239470708,8.021000000000000000e+03
647.307306934167,7.996000000000000000e+03
647.3818400556567,8.005000000000000000e+03
647.456419687093,8.053000000000000000e+03
647.5309452235595,8.098000000000000000e+03
647.6055298578293,8.099000000000000000e+03
647.6800561677495,8.111000000000000000e+03
647.7546415911931,8.145000000000000000e+03
647.829164455096,8.161000000000000000e+03
647.9037464463057,8.169000000000000000e+03
647.9782700344881,8.230000000000000000e+03
648.0527939695423,8.208000000000000000e+03
648.1273854568424,8.267000000000000000e+03
648.2019100840658,8.235000000000000000e+03
648.2764938778582,8.312000000000000000e+03
648.3510107654179,8.309000000000000000e+03
648.425536376692,8.339000000000000000e+03
648.5000623007427,8.406000000000000000e+03
648.5746432162518,8.414000000000000000e+03
648.6491655538866,8.405000000000000000e+03
648.7236881852804,8.439000000000000000e+03
648.7982195235151,8.461000000000000000e+03
648.8728058826379,8.523000000000000000e+03
648.9473293775359,8.520000000000000000e+03
649.0218489310823,8.531000000000000000e+03
649.0963729611857,8.555000000000000000e+03
649.1708972508054,8.615000000000000000e+03
649.2454260094211,8.630000000000000000e+03
649.3199508018886,8.673000000000000000e+03
649.3944716195824,8.680000000000000000e+03
649.4689926719741,8.709000000000000000e+03
649.5435181724034,8.737000000000000000e+03
649.6180396779724,8.766000000000000000e+03
649.6925698430567,8.795000000000000000e+03
649.7670917798398,8.799000000000000000e+03
649.8416139226556,8.856000000000000000e+03
649.9161320418531,8.901000000000000000e+03
649.9906588034178,8.950000000000000000e+03
650.0651815298742,8.984000000000000000e+03
650.1397086661992,8.966000000000000000e+03
650.2142317539774,8.985000000000000000e+03
650.2887550133019,9.072000000000000000e+03
650.3632192222857,9.062000000000000000e+03
650.4377470245496,9.083000000000000000e+03
650.5122665196939,9.119000000000000000e+03
650.5867946266628,9.178000000000000000e+03
650.6612551406859,9.227000000000000000e+03
650.7357750465694,9.222000000000000000e+03
650.8103035527816,9.243000000000000000e+03
650.8847644021826,9.297000000000000000e+03
650.9592931417967,9.294000000000000000e+03
651.0338092818513,9.358000000000000000e+03
651.1082704136296,9.415000000000000000e+03
651.182799464824,9.468000000000000000e+03
651.2572649940395,9.492000000000000000e+03
651.3317857370804,9.520000000000000000e+03
651.4062556434649,9.556000000000000000e+03
651.4807807792504,9.583000000000000000e+03
651.5552380644563,9.613000000000000000e+03
651.6297548330812,9.655000000000000000e+03
651.7042206933047,9.683000000000000000e+03
651.7787503045504,9.738000000000000000e+03
651.8532162309156,9.792000000000000000e+03
651.9277374256133,9.841000000000000000e+03
652.0021948907765,9.849000000000000000e+03
652.0766608615594,9.939000000000000000e+03
652.1511863740992,9.962000000000000000e+03
652.2256523518495,1.003700000000000000e+04
652.3001055526772,1.000000000000000000e+04
652.3745757534864,1.009200000000000000e+04
652.4490927583861,1.012600000000000000e+04
652.523554404734,1.014100000000000000e+04
652.5980245314129,1.024100000000000000e+04
652.6724818393412,1.028100000000000000e+04
652.7469518786384,1.035600000000000000e+04
652.8214730080308,1.036000000000000000e+04
652.8959386884019,1.042500000000000000e+04
652.9703957767102,1.044100000000000000e+04
653.0448655846427,1.053000000000000000e+04
653.1193267868492,1.054800000000000000e+04
653.1937879048733,1.065400000000000000e+04
653.268253200443,1.069800000000000000e+04
653.3427141334746,1.076600000000000000e+04
653.417174964718,1.076500000000000000e+04
653.4916399588126,1.080800000000000000e+04
653.5661005698283,1.085200000000000000e+04
653.640569606346,1.086600000000000000e+04
653.7150299745911,1.094800000000000000e+04
653.7894902116518,1.097300000000000000e+04
653.8638947316973,1.099900000000000000e+04
653.938354676066,1.107700000000000000e+04
653.9927330350457,1.114990545064610706e+04
654.0128144715792,1.112500000000000000e+04
654.0673848929049,1.117615596377299698e+04
654.0872783906434,1.121200000000000000e+04
654.1419639360352,1.119803139137873768e+04
654.1617421510075,1.121700000000000000e+04
654.2166156285444,1.130303344388629375e+04
654.2361458232748,1.131400000000000000e+04
654.2911987423258,1.135225315599920941e+04
654.3658416830104,1.135881578428093235e+04
654.4404288467964,1.147475555059135877e+04
654.5150758549863,1.150319360647882240e+04
654.5897184695584,1.151850640580284016e+04
654.664305251433,1.158194514585948855e+04
654.7389476142009,1.161585205864838827e+04
654.8135383948625,1.168694719836704462e+04
654.888184771955,1.171866656839536881e+04
654.9627666643294,1.184445027712837873e+04
655.0373526739268,1.186085684783268516e+04
655.1119985900768,1.187288833301584236e+04
655.1865885451579,1.194070215859363816e+04
655.2612255432555,1.199757827036856543e+04
655.3358194230502,1.203476649729832388e+04
655.4104603574718,1.215289380636932583e+04
655.4850452543039,1.215836266327076009e+04
655.5596986994234,1.226445848715860302e+04
655.634274582699,1.231258442789123364e+04
655.7088674352764,1.236617922552529853e+04
655.7835073665872,1.236071036862386245e+04
655.8580911670134,1.238367956760989182e+04
655.9327392618014,1.251274459048376229e+04
656.0073268888157,1.259915252952643823e+04
656.0819099586474,1.267571652614653067e+04
656.1565530436084,1.266806012648452270e+04
656.2311355998527,1.273587395206231849e+04
656.3057308056235,1.283431337628815163e+04
656.3803688222278,1.289775211634480002e+04
656.454954867795,1.291306491566881959e+04
656.5295449351327,1.302900468197924602e+04
656.6041821341065,1.305744273786670965e+04
656.6787759333997,1.313947559138823635e+04
656.7533564903902,1.317010119003627369e+04
656.8279410471957,1.326854061426210865e+04
656.9025856984958,1.331776032637502431e+04
656.9771696261503,1.338229283781195954e+04
657.0517532233856,1.343698140682631310e+04
657.1264055746188,1.353979591657329365e+04
657.2009928278474,1.355182740175645267e+04
657.2755710944062,1.360432842801023071e+04
657.3501576467798,1.370823670913749811e+04
657.4247438407015,1.377823807747586943e+04
657.4993858698668,1.380011350508161013e+04
657.573971341612,1.390292801482859250e+04
657.6485607618943,1.400136743905442563e+04
657.7231498016442,1.402652418080102871e+04
657.7977341278665,1.415449543229461233e+04
657.87237432304,1.420262137302724113e+04
657.9469621958759,1.424637222823872435e+04
658.0215410042488,1.430981096829537273e+04
658.0961280598617,1.440387530700005846e+04
658.1707146988002,1.445747010463412335e+04
658.2453009150308,1.454715935781765984e+04
658.3198867025178,1.464997386756464221e+04
658.3945327428875,1.469153718001554989e+04
658.4691220043352,1.479107037562166988e+04
658.5437021472852,1.487200945776291155e+04
658.6182818353581,1.494091705472099602e+04
658.69286974003,1.498248036717190371e+04
658.767461521399,1.509513881934146775e+04
658.8420354727173,1.513342081765151488e+04
658.9166306515345,1.520232841460959935e+04
658.9912079822875,1.531936195230031262e+04
659.0657935091809,1.541780137652614576e+04
659.140382887388,1.546592731725877638e+04
659.2149717681472,1.557311691252690616e+04
659.289551452134,1.563108679568211846e+04
659.3641306225966,1.572733867714737789e+04
659.438717970647,1.583671581517608320e+04
659.5133047969533,1.592312375421875913e+04
659.5878910954348,1.595921820976823255e+04
659.6624768600082,1.609484586092382415e+04
659.7370620845874,1.612109637405071408e+04
659.8116467630838,1.628406830971348245e+04
659.8862265349078,1.631469390836151979e+04
659.9608101019778,1.648204092954543739e+04
660.0354018176174,1.660891840965873416e+04
660.1099798943757,1.661985612346160633e+04
660.1845748263452,1.679267200154695820e+04
660.259151743867,1.681673497191327260e+04
660.333684466581,1.684407925642044938e+04
660.4082645480388,1.701142627760436517e+04
660.4828527532469,1.711861587287249495e+04
660.5574316285567,1.716455427084455368e+04
660.6320229836718,1.727065009473239479e+04
660.7066049946801,1.737455837585966583e+04
660.7811820158635,1.753862408290271924e+04
660.8557147324121,1.759112510915649909e+04
660.9302992109782,1.775737835896012984e+04
661.0048830496228,1.786456795422825962e+04
661.0794662422122,1.794769457913007500e+04
661.1540575251042,1.807347828786308310e+04
661.2285781978873,1.812160422859571554e+04
661.3031681500861,1.825504433699073343e+04
661.3777399387936,1.833926473327283384e+04
661.452332922751,1.843004775783665900e+04
661.5269208535378,1.854270621000622486e+04
661.6014380645663,1.867286500426038401e+04
661.6760289813253,1.875927294330305813e+04
661.7506148234904,1.888396288065578119e+04
661.8251298800592,1.904365350217769083e+04
661.8997142930884,1.911256109913577529e+04
661.9743067544003,1.925912646409423905e+04
662.0488853483158,1.930506486206629415e+04
662.1234149871826,1.942428594251758113e+04
662.198000873726,1.957850770713805468e+04
662.2725860216412,1.959710182060293300e+04
662.347104619191,1.978085541249115704e+04
662.4216882564932,1.984429415254780542e+04
662.4962184684717,1.991101420674531619e+04
662.570804963388,2.012320585452100204e+04
662.6453862997457,2.018008196629592567e+04
662.7199097646629,2.029274041846549153e+04
662.7944939234665,2.044258709756481767e+04
662.869086084027,2.062196560393189066e+04
662.9436071371093,2.071056108573514211e+04
663.0181889069928,2.088118942105992028e+04
663.0927083152421,2.092275273351082797e+04
663.1673016492832,2.100259804427178460e+04
663.2418237897235,2.116666375131483801e+04
663.3164110793576,2.121478969204747045e+04
663.3909359310869,2.144010659638659854e+04
663.4655171474956,2.146745088089377532e+04
663.5400358838839,2.162604773103539628e+04
663.6146198039338,2.177261309599386004e+04
663.6891500154543,2.197277325858638869e+04
663.763736622158,2.201105525689643400e+04
663.8382518588492,2.208433793937566588e+04
663.9128411292601,2.230090467267250278e+04
663.9873589874919,2.244637626625067787e+04
664.0619509026042,2.250762746354675255e+04
664.136471363353,2.259731671673028904e+04
664.211061492379,2.284122773453429909e+04
664.285584535613,2.293966715876013404e+04
664.3601640270679,2.301294984123936592e+04
664.4346852160202,2.320435983278959975e+04
664.5092142934612,2.331701828495916561e+04
664.5838042596656,2.340014490986098099e+04
664.6583226187805,2.355108536034059216e+04
664.7328488535421,2.374577666603168473e+04
664.8074315802052,2.388031054580699129e+04
664.881960314152,2.404437625285004833e+04
664.9565455552175,2.416031601916047293e+04
665.031072346548,2.430797515549922537e+04
665.1055937270582,2.446657200564084633e+04
665.1801096874939,2.459891834265557918e+04
665.2546998800744,2.470938925206456770e+04
665.3292271235769,2.489642415809365411e+04
665.4037489291384,2.496095666953058753e+04
665.4783361453115,2.516877323178512597e+04
665.5528603518749,2.522564934356005324e+04
665.6273790986409,2.539299636474396902e+04
665.7019056711048,2.558331258491391418e+04
665.7764932599148,2.577034749094300059e+04
665.8510088931856,2.591472531314089065e+04
665.9255412083346,2.607550970604308532e+04
666.0000591620371,2.617613667302949398e+04
666.0746470335703,2.628332626829762376e+04
666.1491717378727,2.643098540463637255e+04
666.2236953664843,2.669239676452497588e+04
666.2982179130853,2.679083618875081083e+04
666.3727393713534,2.693412023956841222e+04
666.4472686180028,2.706209149106199766e+04
666.5218500778012,2.719006274255557946e+04
666.5963682490049,2.739459799066925552e+04
666.670894195563,2.755866369771231257e+04
666.7454190261132,2.763413392295211816e+04
666.8199427343175,2.773476088993852682e+04
666.8944653138359,2.797976567912282553e+04
666.9689912068017,2.818539469861679027e+04
667.043515960381,2.836477320498386325e+04
667.1180440186909,2.840633651743477094e+04
667.1925664754452,2.859665273760471609e+04
667.2671501081187,2.873337416014059636e+04
667.3416747090137,2.883618866988757873e+04
667.4162025951904,2.897072254966288529e+04
667.4907159415177,2.914791351326938457e+04
667.5652459277131,2.934041727619990343e+04
667.6397747296355,2.952854595360927487e+04
667.7142934240692,2.961057880713080522e+04
667.7888198363478,2.981620782662476995e+04
667.8633405848258,2.992886627879433217e+04
667.9378645829604,3.012465135586571341e+04
668.0123873649534,3.026684163530302976e+04
668.0868509002132,3.035324957434570752e+04
668.1613801466233,3.050200248206474498e+04
668.235899230937,3.070763150155870608e+04
668.3104215399541,3.078419549817880034e+04
668.3849470702704,3.102920028736309905e+04
668.4594713500996,3.111998331192692422e+04
668.533998842422,3.130154936105457091e+04
668.6085250734534,3.145795866843561816e+04
668.683041094052,3.158702369130948864e+04
668.7575647813001,3.180468419598661058e+04
668.8320290343215,3.193265544748019602e+04
668.9065546155499,3.209562738314296439e+04
668.9810833808008,3.215578480905875040e+04
669.0555974212344,3.238328925615845583e+04
669.130128062917,3.255610513424380770e+04
669.2046529196529,3.261845010292017105e+04
669.2791182298785,3.279235975238581159e+04
669.3536314765041,3.283939192173815536e+04
669.4281657979723,3.308549048230273911e+04
669.5026898264498,3.326486898866981210e+04
669.57714526615,3.337424612669851922e+04
669.65167108008,3.353284297684014018e+04
669.7261910590614,3.369909622664377093e+04
669.8007186526492,3.392769444512375776e+04
669.8751865504684,3.399878958484241593e+04
669.949711403622,3.415410512084317452e+04
670.0242348833766,3.422738780332241004e+04
670.0987480026345,3.446582996422498400e+04
670.1732193096983,3.443629813695723715e+04
670.2477431098745,3.458286350191570091e+04
670.3222655128286,3.476442955104334396e+04
670.396728085964,3.477427349346593110e+04
670.471252157415,3.496349594225559122e+04
670.5457118658269,3.512428033515778225e+04
670.6202330875843,3.516584364760869357e+04
670.6947618784129,3.532006541222916712e+04
670.7692307481261,3.545678683476504375e+04
670.8437476587868,3.565585322597728373e+04
670.918213608017,3.565147814045613632e+04
670.9927321095302,3.577398053504828567e+04
671.0672536563986,3.591398327172502468e+04
671.1417196890736,3.597414069764081796e+04
671.216251808498,3.609117423533152760e+04
671.290714863808,3.621805171544482437e+04
671.3652395155675,3.637774233696673764e+04
671.4396995665256,3.647727553257285763e+04
671.5142212289395,3.664243501099619607e+04
671.5886872701645,3.668181078068653005e+04
671.6632104305353,3.677150003387007018e+04
671.7376734223737,3.684915780187044584e+04
671.812193546355,3.701869236581493897e+04
671.8866579770747,3.708869373415331211e+04
671.9611795549314,3.714775738868881308e+04
672.0356408881489,3.729651029640784691e+04
672.1101096909673,3.738510577821110201e+04
672.1846266277597,3.749667045900037920e+04
672.2590968192625,3.755901542767674255e+04
672.3336151557181,3.764214205257855792e+04
672.4080821944679,3.768698667917032435e+04
672.482543119204,3.779308250305816910e+04
672.5570657703272,3.788277175624170195e+04
672.63152802642,3.796808592390409467e+04
672.705997721871,3.807965060469337186e+04
672.7805155931686,3.815074574441203004e+04
672.854982065397,3.822949728379269800e+04
672.9294423823377,3.833012425077910302e+04
673.0039644745739,3.836950002046943700e+04
673.0784260583234,3.843403253190637042e+04
673.152895058153,3.851387784266733070e+04
673.2274213293804,3.860028578171000117e+04
673.3018779706365,3.867356846418923669e+04
673.3763374799411,3.873153834734444536e+04
673.4508043890924,3.879497708740109374e+04
673.5252650884476,3.886388468435918185e+04
673.5997967036512,3.892076079613410548e+04
673.6742585868221,3.894701130926099722e+04
673.748714237457,3.897544936514845904e+04
673.823186347847,3.902029399174022547e+04
673.8976385924067,3.906951370385314658e+04
673.9721663425748,3.910998324492376560e+04
674.0466287979216,3.914389015771266713e+04
674.1210895311846,3.915920295703667944e+04
674.1955530811653,3.918764101292414853e+04
674.2700239906791,3.921061021191017062e+04
674.3444795221271,3.924232958193849481e+04
674.4189469503236,3.927842403748796642e+04
674.49346722243,3.929701815095284837e+04
674.567935708377,3.931123717889658292e+04
674.6424024340591,3.932764374960088753e+04
674.7168582880072,3.932764374960088753e+04
674.7913214713103,3.931561226441773033e+04
674.8657783200656,3.930904963613600557e+04
674.940251601854,3.930686209337543551e+04
675.0147094269751,3.929373683681198600e+04
675.0891700095718,3.928608043714997621e+04
675.1636379044918,3.928936175129083858e+04
675.2380994327431,3.926420500954423915e+04
675.312554584676,3.926967386644567159e+04
675.3870261580195,3.924014203917792474e+04
675.4614822208301,3.922264169709332782e+04
675.5359547018315,3.918435969878328615e+04
675.610407090499,3.916357804255782685e+04
675.6848804576179,3.912638981562807021e+04
675.7593337130725,3.908701404593773623e+04
675.8338033782419,3.904873204762769456e+04
675.9082026566803,3.902248153450080281e+04
675.9826594431638,3.899076216447247862e+04
676.0571234944312,3.896451165134558687e+04
676.1315948098625,3.893607359545812506e+04
676.2060550986515,3.891419816785238800e+04
676.2805134951972,3.886716599850004422e+04
676.3549745673919,3.883435285709142772e+04
676.4293879803434,3.878185183083765151e+04
676.5038498052293,3.872716326182329794e+04
676.5783051376296,3.867794354971038410e+04
676.6527677036122,3.863200515173832537e+04
676.7272329229447,3.859153561066770635e+04
676.8016366634976,3.854997229821680230e+04
676.8761025828228,3.849309618644187140e+04
676.9505619772531,3.843622007466694777e+04
677.0250240043307,3.836184362080742721e+04
677.0994290601088,3.831153013731422107e+04
677.1738917427178,3.824262254035614023e+04
677.2483524582894,3.818574642858121661e+04
677.3227561481843,3.810152603229910892e+04
677.3972128974716,3.801511809325643844e+04
677.4716768389669,3.796808592390409467e+04
677.5461433813275,3.789808455556572153e+04
677.6205482371186,3.782370810170620098e+04
677.6950015852051,3.779636381719902420e+04
677.7694069841688,3.769354930745204911e+04
677.8438746703705,3.760604759702907904e+04
677.9183311477581,3.749885800176094926e+04
677.9927396296163,3.742448154790143599e+04
678.0672012294622,3.727463486880210985e+04
678.1416056066512,3.720463350046373671e+04
678.2160631125909,3.712041310418163630e+04
678.2905277690969,3.712588196108306875e+04
678.3649259468506,3.692790934125111380e+04
678.4393864750938,3.684150140220844332e+04
678.513798898065,3.673868689246146096e+04
678.5882598799376,3.660743432682700950e+04
678.6626543015428,3.656368347161552811e+04
678.7371249257566,3.639414890767104225e+04
678.8115243461227,3.621805171544482437e+04
678.8859815585386,3.622023925820540171e+04
678.9603905685974,3.609554932085267501e+04
679.0348481677615,3.597414069764081796e+04
679.1092529209583,3.584398190338665881e+04
679.1836509171139,3.572585459431565687e+04
679.2581113551571,3.558366431487834052e+04
679.3325235125415,3.548194357651164319e+04
679.4069842868593,3.539225432332811033e+04
679.481378280968,3.523912633008792181e+04
679.5557839509504,3.507287308028429106e+04
679.6302474888498,3.499740285504448548e+04
679.704648807749,3.486833783217061864e+04
679.7790525553501,3.476224200828277390e+04
679.8535234360058,3.461786418608488020e+04
679.9279135518302,3.455770676016909420e+04
680.0023245731195,3.444504830799953197e+04
680.076784258521,3.425363831644930178e+04
680.1511816092886,3.420988746123781311e+04
680.2255859851732,3.399441449932126852e+04
680.3000482943368,3.391019410303916811e+04
680.374448213023,3.376144119532012701e+04
680.4488412562114,3.358643777447420143e+04
680.5232552007656,3.352628034855841543e+04
680.5976576301395,3.330971361526157852e+04
680.6721226617578,3.323861847554292035e+04
680.7465159407645,3.313471019441565295e+04
680.8209254830051,3.296189431633030472e+04
680.8953281128896,3.280110992342810641e+04
680.969723820552,3.260860616049758755e+04
681.0441775310805,3.254188610630007679e+04
681.118582574998,3.236688268545415121e+04
681.1929806772104,3.231766297334123374e+04
681.2673996753556,3.220937960669281529e+04
681.3418070819359,3.202234470066373251e+04
681.4162075273074,3.187796687846584246e+04
681.4906056458781,3.178499631114144358e+04
681.5649921401839,3.155421054990087941e+04
681.6393995215485,3.149952198088652585e+04
681.7137999143118,3.131904970313916419e+04
681.7882165503345,3.127420507654739413e+04
681.8626680324036,3.115060891057495974e+04
681.9370706711479,3.096466777592616199e+04
682.0114662918298,3.084763423823544872e+04
682.0858781465969,3.068247475981210664e+04
682.1602876270566,3.057966025006512427e+04
682.234615600839,3.040028174369804765e+04
682.3090342611832,3.023730980803527927e+04
682.3834179373963,3.020230912386609270e+04
682.4578224911205,3.003824341682303930e+04
682.5322153211919,2.994636662087892546e+04
682.6066290312607,2.979105108487816688e+04
682.6810356664762,2.972433103068065611e+04
682.7554352169042,2.946620098493291516e+04
682.8298276726078,2.939401207383397195e+04
682.9042363415565,2.922775882403034120e+04
682.9786379060591,2.910635020081847688e+04
683.052985700029,2.894009695101484613e+04
683.1273776822683,2.886790803991590292e+04
683.2017812028357,2.870056101873198713e+04
683.2761822579863,2.855508942515380841e+04
683.3505948498541,2.844899360126596730e+04
683.4249816151049,2.833196006357525403e+04
683.4993378598623,2.820617635484224229e+04
683.5737336498651,2.808914281715152902e+04
683.6481222681783,2.798304699326368427e+04
683.7225270786547,2.776538648858656597e+04
683.7968779498492,2.767241592126216710e+04
683.8712683772519,2.761553980948723984e+04
683.9456749923205,2.744491147416246167e+04
684.0200089024875,2.733006547923232210e+04
684.0944244901342,2.718678142841472072e+04
684.1688141432852,2.712881154525950478e+04
684.2431731578488,2.701396555032936521e+04
684.3175670692367,2.680177390255367936e+04
684.3919584235521,2.679192996013109587e+04
684.4662956794946,2.658739471201741981e+04
684.5407193753053,2.638285946390374374e+04
684.6151123876289,2.617176158750834293e+04
684.689455939193,2.591581908452117568e+04
684.7638578398391,2.579112914716845262e+04
684.8382055615216,2.563362606840712033e+04
684.9125975757681,2.556143715730817348e+04
684.9870010616816,2.538971505060311029e+04
685.0613315458365,2.530768219708157994e+04
685.1357438810281,2.511955351967220849e+04
685.2100831760683,2.499267603955891173e+04
685.2844855664139,2.478267193454379958e+04
685.3588336587155,2.464813805476849302e+04
685.4332213760933,2.455626125882438282e+04
685.5075782509971,2.454422977364122562e+04
685.5819089583205,2.444250903527453193e+04
685.6563216044284,2.442500869318993864e+04
685.7306563603778,2.436594503865443767e+04
685.8050589720733,2.425547412924544551e+04
685.8794024621719,2.414937830535760440e+04
685.9537903041233,2.400500048315971435e+04
686.0281472199982,2.397546865589196386e+04
686.1024731844336,2.383655969059550989e+04
686.1768811733403,2.357514833070690656e+04
686.2512158243778,2.351170959065025818e+04
686.3255665827462,2.338701965329753511e+04
686.3999617223745,2.328639268631112645e+04
686.4742975925424,2.312342075064835808e+04
686.5486495653337,2.297138652878845824e+04
686.6230412185406,2.289591630354865265e+04
686.6973829775881,2.270560008337870750e+04
686.7717408365776,2.255684717565967003e+04
686.8460676249846,2.249997106388474276e+04
686.920476563722,2.232715518579939089e+04
686.9948119535088,2.221777804777068741e+04
687.0691634335083,2.206683759729107624e+04
687.1434837923248,2.202636805622045358e+04
687.2178910716232,2.184261446433222955e+04
687.2922436114384,2.172229961250065753e+04
687.3665697193694,2.162167264551424887e+04
687.4409071790424,2.149260762264037839e+04
687.5152607193801,2.139416819841454344e+04
687.5896114344212,2.128260351762526625e+04
687.6639309442114,2.119947689272345087e+04
687.7383327394424,2.108244335503273760e+04
687.8126844041321,2.095337833215886712e+04
687.8870284875072,2.086040776483446825e+04
687.9613649794371,2.071274862849571582e+04
688.0357175394452,2.057165212043868814e+04
688.1100388231959,2.043930578342395529e+04
688.1843761649789,2.033867881643754663e+04
688.2587343070002,2.033539750229668789e+04
688.3330800913666,2.019211345147908651e+04
688.4074182439083,2.011664322623927728e+04
688.4817534945465,1.997226540404139087e+04
688.556104800579,1.989242009328043423e+04
688.6304200038998,1.979944952595603536e+04
688.7047797093452,1.970101010173020404e+04
688.7791080338786,1.952163159536312742e+04
688.8534524038824,1.941334822871470897e+04
688.9277890934775,1.934990948865806058e+04
689.0021418286908,1.925803269271395038e+04
689.0764868733971,1.916724966815012522e+04
689.1507577273879,1.907099778668486761e+04
689.2250873462091,1.898458984764218985e+04
689.2994377520117,1.885552482476831938e+04
689.3737756865256,1.878552345642994987e+04
689.4481106432635,1.872099094499301282e+04
689.5224616327603,1.855145638104852333e+04
689.5968001275772,1.860067609316143717e+04
689.6710880627454,1.846176712786498319e+04
689.745415792651,1.837317164606173537e+04
689.8197595452868,1.828785747839934265e+04
689.8941002876792,1.821129348177925203e+04
689.968380885931,1.811504160031399078e+04
690.0427250973174,1.799691429124299248e+04
690.1170662811704,1.795753852155265849e+04
690.1913949030705,1.787222435389026941e+04
690.2656966557213,1.779675412865046383e+04
690.3400334706062,1.770597110408663866e+04
690.4143672314507,1.761737562228338720e+04
690.4886454859029,1.751456111253640483e+04
690.5629874122526,1.747299780008549715e+04
690.6373214994773,1.738221477552167198e+04
690.7116000290887,1.728924420819727311e+04
690.7859422563533,1.724111826746464430e+04
690.8602336681432,1.712299095839364600e+04
690.9345601567937,1.705189581867498782e+04
691.0089026400582,1.703439547659039454e+04
691.0831942596561,1.695564393720972657e+04
691.157520963373,1.690533045371652406e+04
691.2318206545044,1.681345365777241022e+04
691.3061602170517,1.674017097529317834e+04
691.380444070193,1.670407651974370674e+04
691.45476779478,1.662860629450390115e+04
691.5290596795087,1.652251047061606005e+04
691.6033914459812,1.649625995748916830e+04
691.6776674311591,1.644047761709452971e+04
691.7520072241363,1.630484996593893629e+04
691.8262959912287,1.628516208109377112e+04
691.900643801485,1.616265968650162176e+04
691.9749166156074,1.615390951545932512e+04
692.0492005879099,1.611234620300841743e+04
692.123529252891,1.605109500571234275e+04
692.1978259721524,1.597890609461339773e+04
692.2721578136724,1.591984244007789857e+04
692.3464385130854,1.582468432999292600e+04
692.4207159769667,1.575577673303484153e+04
692.4950525395182,1.575140164751369412e+04
692.56933311711,1.566280616571044266e+04
692.6436056440851,1.564093073810470196e+04
692.7179660817585,1.553483491421685903e+04
692.7922272967613,1.552499097179427554e+04
692.8665236380322,1.540467611996270170e+04
692.9407927013435,1.537514429269495122e+04
693.0151497288059,1.530186161021571934e+04
693.089421837627,1.522311007083505319e+04
693.1636906489606,1.520889104289132047e+04
693.2379753787236,1.511592047556692160e+04
693.3122568047582,1.508310733415831055e+04
693.3865926140129,1.502732499376367196e+04
693.4608818498604,1.497154265336903336e+04
693.5351581466051,1.496169871094644986e+04
693.6094263017561,1.485560288705860694e+04
693.6837151767944,1.480857071770626317e+04
693.7579910889119,1.476044477697363436e+04
693.8322636527323,1.472763163556502150e+04
693.906552121247,1.464778632480406850e+04
693.9808998444166,1.462809843995890151e+04
694.0551719756728,1.461716072615603116e+04
694.1294600063287,1.454825312919794669e+04
694.2037398455482,1.452200261607105858e+04
694.2780114829652,1.441043793528177957e+04
694.3522990144666,1.437324970835202112e+04
694.426583156023,1.427699782688676169e+04
694.5008542537265,1.428902931206991889e+04
694.5751412401826,1.416215183195662212e+04
694.6494248189764,1.415012034677346310e+04
694.723700156412,1.410090063466054744e+04
694.7979624146619,1.406808749325193639e+04
694.8721970948218,1.400027366767413878e+04
694.9464717871994,1.397074184040638829e+04
695.0207623596758,1.391605327139203655e+04
695.0950205016327,1.381980138992677712e+04
695.1693186762369,1.372792459398266510e+04
695.2435843995215,1.380448859060275936e+04
695.3178708269531,1.366229831116544301e+04
695.3921441168008,1.363714156941884175e+04
695.4663655616765,1.364917305460199896e+04
695.5406463919401,1.358026545764391449e+04
695.6149237361514,1.351026408930554499e+04
695.6892121064967,1.349385751860123855e+04
695.7634969823528,1.348291980479836820e+04
695.8377008859716,1.338885546609368248e+04
695.9119932631442,1.340635580817827577e+04
695.9862772860863,1.326416552874095942e+04
696.06048026933,1.328275964220583955e+04
696.134771767185,1.322588353043091411e+04
696.2090548898484,1.314931953381081985e+04
696.2833296268801,1.313510050586708894e+04
696.3575523255896,1.305306765234556042e+04
696.4318151008928,1.302791091059895916e+04
696.5060403540568,1.299072268366919889e+04
696.58033480532,1.293931542879570770e+04
696.6545965750922,1.296228462778173707e+04
696.7288256373972,1.288025177426020855e+04
696.8030899410923,1.287150160321791191e+04
696.8773263707111,1.281134417730212408e+04
696.9516029071826,1.279931269211896688e+04
697.0258758450395,1.273806149482289220e+04
697.1000868630892,1.271618606721715150e+04
697.1743865928445,1.267134144062538326e+04
697.248609793035,1.257399578777983697e+04
697.3228682493078,1.261993418575189207e+04
697.3970987519848,1.252258853290634579e+04
697.4713645187727,1.247555636355400202e+04
697.5456023130668,1.242961796558194692e+04
697.6198072452165,1.243836813662424356e+04
697.6941009834452,1.238039825346902944e+04
697.7683131711979,1.240555499521563252e+04
697.8425898466292,1.234977265482099210e+04
697.9168092738975,1.231586574203209420e+04
697.9910201305657,1.219992597572166778e+04
698.0653003733468,1.222398894608798219e+04
698.1395184438109,1.221633254642597421e+04
698.2138010478819,1.215289380636932583e+04
698.2880311962213,1.212883083600300961e+04
698.3622527442063,1.215617512051018639e+04
698.4364656813189,1.206539209594636122e+04
698.510738305446,1.208070489527038080e+04
698.5849584048053,1.200414089865028654e+04
698.6591698720874,1.201070352693200948e+04
698.7334703424422,1.193304575893163019e+04
698.8076889513259,1.196476512895995438e+04
698.8818989069066,1.195820250067823144e+04
698.9561050840433,1.185320044817067537e+04
699.030322134609,1.188054473267785215e+04
699.1046038227042,1.183679387746637076e+04
699.1788328602486,1.180398073605775789e+04
699.2530532146016,1.182694993504378726e+04
699.3272599846256,1.178210530845201720e+04
699.4014873980228,1.175804233808570280e+04
699.4757061069474,1.172304165391651804e+04
699.5499161008405,1.172413542529680490e+04
699.6241418428359,1.168475965560647091e+04
699.6983588590565,1.167929079870503665e+04
699.7726405911895,1.162788354383154547e+04
699.8468646290141,1.161366451588781274e+04
699.9210848186354,1.157210120343690505e+04
699.9952913527262,1.157428874619748058e+04
700.0695185244031,1.152944411960571051e+04
700.1437320277023,1.149772474957738632e+04
700.2179661702849,1.147038046507021136e+04
700.2921670152689,1.142553583847844129e+04
700.3663345364773,1.144959880884475751e+04
700.4405423002715,1.148788080715480282e+04
700.5147657911945,1.140037909673184004e+04
700.5889804729994,1.135990955566121920e+04
700.6632108815323,1.135006561323863571e+04
700.7374324701444,1.136209709842179291e+04
700.81164522823,1.127787670213969068e+04
700.8858540575908,1.129209573008342340e+04
700.9600736910871,1.126365767419595977e+04
701.034240242214,1.122209436174505208e+04
701.1084716450022,1.120021893413931139e+04
701.1826646876575,1.119912516275902453e+04
701.2569029402329,1.117615596377299698e+04
701.3311077280009,1.113568642270237615e+04
701.4052790247227,1.117615596377299698e+04
701.4794906151762,1.113131133718122692e+04
701.5537179110803,1.109631065301204217e+04
701.6278673838922,1.113678019408266300e+04
701.7020768472739,1.104818471227941336e+04
701.776302010223,1.106240374022314427e+04
701.8505182480137,1.104271585537797728e+04
701.9246812071539,1.100115254292706959e+04
701.9989091214585,1.098365220084247630e+04
702.0730492261018,1.093771380287042120e+04
702.147283874415,1.094099511701128176e+04
702.2215095672381,1.091255706112381995e+04
702.2956523110257,1.093771380287042120e+04
702.3698847114229,1.088083769109549576e+04
702.4440341206173,1.082286780794028164e+04
702.5182485406029,1.090490066146181016e+04
702.5924786440079,1.086552489177147618e+04
702.6666306251165,1.080536746585568835e+04
702.7408427059752,1.083271175036286513e+04
702.8150013114393,1.076489792478506934e+04
702.8892200349155,1.071895952681301242e+04
702.9633852532902,1.077911695272880024e+04
703.0375414112833,1.077692940996822654e+04
703.1117577094595,1.073099101199616962e+04
703.1859204527385,1.073208478337645647e+04
703.2601235714659,1.067411490022124417e+04
703.3342928843769,1.068942769954526193e+04
703.4085025826428,1.066755227193952123e+04
703.482658658175,1.065552078675636403e+04
703.5568254210807,1.056801907633340124e+04
703.6310325789715,1.058880073255885509e+04
703.7052108243134,1.053958102044593761e+04
703.7793551808122,1.054395610596708684e+04
703.8535845204474,1.054614364872766055e+04
703.9277353723147,1.049583016523445622e+04
704.0019018493869,1.049583016523445622e+04
704.0760542132163,1.049911147937531678e+04
704.1502767406283,1.045426685278354853e+04
704.2244157321018,1.042364125413551119e+04
704.2985752975638,1.043786028207924392e+04
704.3727455222629,1.045645439554412224e+04
704.4469065581811,1.041051599757206714e+04
704.5211080295742,1.039192188410718700e+04
704.5952804534251,1.038098417030431665e+04
704.6694387032167,1.035254611441685302e+04
704.7435926983363,1.033723331509283526e+04
704.8177573342106,1.032192051576881568e+04
704.891917706452,1.029129491712078016e+04
704.9660688376695,1.026395063261360337e+04
705.0402107171044,1.031535788748709456e+04
705.114442771257,1.023441880534585289e+04
705.1885910002947,1.022566863430355625e+04
705.2627548254902,1.022676240568384310e+04
705.3369093767561,1.017098006528920450e+04
705.4110795235591,1.021582469188097275e+04
705.485220476971,1.018301155047236171e+04
705.5593969294841,1.014582332354260325e+04
705.6335441691415,1.020816829221896478e+04
705.7077020144703,1.019504303565551891e+04
705.7818057106044,1.016113612286662101e+04
705.8559498827009,1.015238595182432437e+04
705.9301096345012,1.008566589762681542e+04
706.0042849709166,1.009550984004939892e+04
706.0784260421825,1.010644755385226927e+04
706.1525826869397,1.009879115419025948e+04
706.2267549100956,1.002332092895045389e+04
706.3008928304606,1.009222852590853836e+04
706.3750014111765,1.004629012793648144e+04
706.4491704615375,1.002878978585188997e+04
706.5233051714449,1.002113338618988018e+04
706.5974853991634,1.001894584342930648e+04
706.6716262730434,1.003425864275332424e+04
706.745737753195,9.981757616499546202e+03
706.8198897594285,1.004519635655619459e+04
706.8940323424436,9.973007445457249560e+03
706.9681405012132,1.002003961480959333e+04
707.0422891955021,1.001675830066873095e+04
707.1164534452462,9.971913674076962707e+03
707.19055823756,9.952225789231795716e+03
707.2647035748213,9.951132017851508863e+03
707.3388694645195,9.955507103372658094e+03
707.4129708410553,9.927069047485194460e+03
707.4871177773351,9.955507103372658094e+03
707.5612752521206,9.934725447147204250e+03
707.6353781699282,9.947850703710648304e+03
707.7095466962406,1.002441470033074074e+04
707.7836305801062,9.931444133006341872e+03
707.857775071609,9.880036878132850688e+03
707.9318899937977,9.924881504724620754e+03
708.0060455013667,9.907381162640027469e+03
708.080146353211,9.869099164329980340e+03
708.1543078510902,9.920506419203471523e+03
708.2283845678539,9.912850019541463553e+03
708.3025520377458,9.908474934020314322e+03
708.3766397017445,9.921600190583758376e+03
708.4508131326904,9.853786365005962580e+03
708.5249067170731,9.837379794301656148e+03
708.5989906956581,9.864724078808832928e+03
708.673160478897,9.817691909456490976e+03
708.7472503492967,9.863630307428546075e+03
708.8213557131089,9.895349677456870268e+03
708.8955017018351,9.812223052555054892e+03
708.9696129404151,9.831910937400221883e+03
709.0436944296144,9.851598822245388874e+03
709.1178618009762,9.838473565681944820e+03
709.1919440994113,9.871286707090555865e+03
709.266041878377,9.769565968723860351e+03
709.3401601743607,9.796910253231037132e+03
709.4143140934323,9.761909569061850561e+03
709.4884130457813,9.793628939090174754e+03
709.5625023052012,9.766284654582999792e+03
709.6366020041326,9.714877399709508609e+03
709.71069703359,9.773941054245007763e+03
709.7848579170291,9.755346940780129444e+03
709.8589587159314,9.763003340442137414e+03
709.9330497882937,9.740034141456109865e+03
710.0071361642808,9.713783628329221756e+03
710.0812329625695,9.712689856948934903e+03
710.1553452280508,9.742221684216683570e+03
710.2294275672397,9.674407858638887774e+03
710.3035203190468,9.719252485230656021e+03
710.3776335778801,9.715971171089795462e+03
710.4517320198205,9.658001287934581342e+03
710.5258257276931,9.722533799371516579e+03
710.599909644176,9.706127228667211966e+03
710.6740090111854,9.670032773117738543e+03
710.7480985754111,9.643782259990850434e+03
710.8222035892967,9.688626886582618681e+03
710.8962987889969,9.633938317568266939e+03
710.9704094374856,9.673314087258600921e+03
711.0444849811654,9.655813745174007636e+03
711.1186012467011,9.632844546187980086e+03
711.1926874434225,9.632844546187980086e+03
711.2667840197356,9.648157345511997846e+03
711.3408251965476,9.594562547877932957e+03
711.4149070955419,9.671126544498027215e+03
711.4890246751831,9.600031404779369041e+03
711.5631121310784,9.540967750243868068e+03
711.6372150180558,9.597843862018795335e+03
711.7112320343467,9.592375005117359251e+03
711.7853404449295,9.555186778187600794e+03
711.8594389533098,9.544249064384730445e+03
711.9335275484821,9.528936265060710866e+03
712.0075605935059,9.597843862018795335e+03
712.0816546727544,9.568312034751044848e+03
712.1557641746032,9.516904779877553665e+03
712.2297927223119,9.522373636778987930e+03
712.3038823260575,9.524561179539563454e+03
712.377992420552,9.493935580891526115e+03
712.4520164203059,9.467685067764636187e+03
712.5261268825731,9.528936265060710866e+03
712.6001562828156,9.495029352271812968e+03
712.6742518579922,9.469872610525209893e+03
712.7483628435643,9.515811008497266812e+03
712.8223876211747,9.444715868778608638e+03
712.8964785986809,9.464403753623775629e+03
712.9705138140855,9.443622097398321785e+03
713.0446101673241,9.449090954299756049e+03
713.1186507279195,9.430496840834877730e+03
713.19275244439,9.463309982243488776e+03
713.2667983376626,9.420652898412294235e+03
713.3408290765726,9.428309298074304024e+03
713.4149057221886,9.416277812891145004e+03
713.4889468476811,9.402058784947414097e+03
713.5630542605719,9.403152556327700950e+03
713.6370752139885,9.421746669792581088e+03
713.71111152602,9.355026615595072144e+03
713.7852141503761,9.382370900102247106e+03
713.8592557248019,9.382370900102247106e+03
713.93328717658,9.341901359031626271e+03
714.0073900636712,9.397683699426266685e+03
714.0814267494405,9.383464671482533959e+03
714.1554583900697,9.325494788327321658e+03
714.2295512937391,9.373620729059950463e+03
714.3035881409775,9.326588559707608511e+03
714.3776148223176,9.313463303144164456e+03
714.451651744311,9.346276444552775502e+03
714.5256835921462,9.277368847594691033e+03
714.5997818492889,9.307994446242728372e+03
714.6738188625989,9.299244275200431730e+03
714.7478712188952,9.316744617285025015e+03
714.8218929356141,9.315650845904738162e+03
714.8959248750398,9.291587875538423759e+03
714.9699721505816,9.250024563087516071e+03
715.044014315487,9.346276444552775502e+03
715.1180411339378,9.251118334467802924e+03
715.1920883966163,9.255493419988950336e+03
715.2661714596333,9.294869189679284318e+03
715.3402238179556,9.291587875538423759e+03
715.4142403295658,9.260962276890386420e+03
715.488267040557,9.271899990693256768e+03
715.5623141930947,9.263149819650960126e+03
715.6363510669913,9.224867821340912997e+03
715.7103315493897,9.243461934805793135e+03
715.784373440411,9.210648793397182089e+03
715.8584050299637,9.216117650298616354e+03
715.932426306901,9.244555706186079988e+03
716.0064680199878,9.216117650298616354e+03
716.080494283165,9.228149135481773556e+03
716.1545409835085,9.254399648608663483e+03
716.2285722201125,9.242368163425506282e+03
716.3025469314863,9.248930791707227399e+03
716.3765882447348,9.219398964439478732e+03
716.4506192011959,9.210648793397182089e+03
716.5246654600803,9.254399648608663483e+03
716.5987013504475,9.260962276890386420e+03
716.6726754991479,9.213930107538042648e+03
716.7467162946405,9.234711763763496492e+03
716.8207466986998,9.196429765453449363e+03
716.8947667001454,9.251118334467802924e+03
716.9687557260248,9.221586507200052438e+03
717.0427805919613,9.235805535143783345e+03
717.116825887731,9.210648793397182089e+03
717.1908093232216,9.237993077904357051e+03
717.2648286044712,9.206273707876032859e+03
717.3388168541977,9.213930107538042648e+03
717.4128461038251,9.227055364101486703e+03
717.4868906346427,9.176741880608284191e+03
717.5608474726536,9.224867821340912997e+03
717.6348968087937,9.210648793397182089e+03
717.7088584084709,9.169085480946274402e+03
717.7828867763504,9.199711079594311741e+03
717.8568840385082,9.212836336157755795e+03
717.9309171761972,9.173460566467421813e+03
718.0048882559898,9.200804850974598594e+03
718.0789313004857,9.198617308214024888e+03
718.1528864689565,9.200804850974598594e+03
718.2268775063203,9.210648793397182089e+03
718.300914749167,9.169085480946274402e+03
718.3748898482226,9.210648793397182089e+03
718.4489059941204,9.192054679932301951e+03
718.5228857662477,9.143928739199671327e+03
718.5968549564894,9.132991025396800978e+03
718.6708910267723,9.194242222692875657e+03
718.7448648651658,9.208461250636608384e+03
718.8188539335962,9.138459882298237062e+03
718.8928117241455,9.187679594411154540e+03
718.9668571028507,9.111115597791060281e+03
719.040845353585,9.153772681622254822e+03
719.1148178064504,9.180023194749144750e+03
719.1887847916446,9.126428397115079861e+03
719.2628187285492,9.154866453002543494e+03
719.3367851179871,9.103459198129052311e+03
719.4107718973806,9.162522852664551465e+03
719.4847480151196,9.228149135481773556e+03
719.55871345993,9.131897254016514125e+03
719.6326941140954,9.148303824720820558e+03
719.7066692631995,9.202992393735172300e+03
719.780706250103,9.099084112607903080e+03
719.8546807424774,9.149397596101107411e+03
719.9286497097812,9.127522168495366714e+03
720.0026286960333,9.163616624044838318e+03
720.0766021474149,9.170179252326561254e+03
720.1505856143327,9.132991025396800978e+03
720.2245376004026,9.053145714635847980e+03
720.298530717732,9.143928739199671327e+03
720.3725079039693,9.104552969509339164e+03
720.446479525475,9.107834283650199723e+03
720.5204403826414,9.107834283650199723e+03
720.5943696939084,9.122053311593930630e+03
720.6683349523433,9.060802114297857770e+03
720.7423153966341,9.112209369171347134e+03
720.816285052651,9.105646740889626017e+03
720.890249105901,9.069552285340152594e+03
720.9642231419422,9.087052627424745879e+03
721.0382175601698,9.032364058410394136e+03
721.1121179678518,9.131897254016514125e+03
721.1860907374653,9.075021142241588677e+03
721.2600786851124,9.052051943255561127e+03
721.334050596095,9.106740512269912870e+03
721.4079648215145,9.082677541903598467e+03
721.4819202230957,9.058614571537282245e+03
721.5559168215076,9.075021142241588677e+03
721.6298296575088,9.007207316663791062e+03
721.7038045147077,9.040020458072403926e+03
721.777768491748,9.015957487706087704e+03
721.8516746809869,9.024707658748384347e+03
721.9256689717006,8.997363374241209385e+03
721.9996263053706,9.015957487706087704e+03
722.0735518685187,8.974394175255180016e+03
722.1475134315792,8.996269602860920713e+03
722.221443203523,8.999550917001783091e+03
722.2954141996532,8.928455777283124917e+03
722.369322077151,8.997363374241209385e+03
722.4432972736668,8.930643320043698623e+03
722.5172093181159,8.912049206578818485e+03
722.5911887015628,8.917518063480254568e+03
722.665104899496,8.906580349677384220e+03
722.7390623388185,8.929549548663411770e+03
722.8129878959985,8.960175147311449109e+03
722.8869756086152,8.902205264156234989e+03
722.9608791618889,8.938299719705708412e+03
723.0347925998112,8.907674121057671073e+03
723.1087786701618,8.849704237902456953e+03
723.1826700550422,8.910955435198531632e+03
723.2565817737539,8.845329152381309541e+03
723.3305609227724,8.820172410634708285e+03
723.4044767103132,8.865017037226476532e+03
723.4783814349788,8.847516695141883247e+03
723.5523797909511,8.844235381001022688e+03
723.6262885587613,8.820172410634708285e+03
723.7001862401456,8.833297667198152340e+03
723.7741042546204,8.860641951705329120e+03
723.8480321309023,8.737045785732892909e+03
723.9220013141903,8.832203895817865487e+03
723.9959122328532,8.821266182014995138e+03
724.0698330025856,8.722826757789160183e+03
724.1437478932739,8.775327784042938219e+03
724.2176516517817,8.745795956775189552e+03
724.2915652506016,8.749077270916050111e+03
724.3654729499798,8.745795956775189552e+03
724.4393957341822,8.775327784042938219e+03
724.51330736185,8.734858242972319204e+03
724.587207821535,8.779702869564087450e+03
724.6611286098097,8.739233328493466615e+03
724.7350592296857,8.705326415704568717e+03
724.80895240124,8.764390070240067871e+03
724.882865897012,8.686732302239688579e+03
724.9567892135801,8.738139557113179762e+03
725.0307013255602,8.696576244662272074e+03
725.1046074792529,8.653919160831077534e+03
725.1785287017594,8.731576928831456826e+03
725.2524334382222,8.693294930521411516e+03
725.326358500832,8.656106703591651240e+03
725.4002723250796,8.683450988098828020e+03
725.4741222682113,8.634231275985910543e+03
725.5480398915687,8.649544075309928303e+03
725.6219462528422,8.632043733225336837e+03
725.6958676722687,8.635325047366197396e+03
725.769783084779,8.662669331873374176e+03
725.8436292602167,8.669231960155095294e+03
725.9175431603215,8.650637846690216975e+03
725.9914510329734,8.641887675647920332e+03
726.0653686850188,8.616730933901317258e+03
726.1392275716657,8.581730249732132506e+03
726.2131278556831,8.601418134577299497e+03
726.2870379081896,8.564229907647539221e+03
726.3608891425325,8.568604993168688452e+03
726.4348081680206,8.612355848380169846e+03
726.50866306773,8.595949277675863414e+03
726.5825857784921,8.641887675647920332e+03
726.6564232085193,8.548917108323521461e+03
726.730349586392,8.519385281055770974e+03
726.8042645953695,8.558761050746104956e+03
726.8781153887404,8.544542022802372230e+03
726.9520393221525,8.508447567252900626e+03
727.0258672943038,8.544542022802372230e+03
727.0997948515045,8.545635794182660902e+03
727.1736528398144,8.511728881393761185e+03
727.2475046789152,8.521572823816344680e+03
727.3214244199837,8.513916424154336710e+03
727.3952533686669,8.511728881393761185e+03
727.4691766890326,8.510635110013474332e+03
727.5430356383624,8.528135452098067617e+03
727.6168831154938,8.486572139647159929e+03
727.6907985389481,8.460321626520270001e+03
727.7646495352022,8.484384596886586223e+03
727.838494332822,8.437352427534242452e+03
727.9123488191613,8.454852769618835737e+03
727.986271291593,8.441727513055391682e+03
728.0601080662049,8.382663858519890709e+03
728.1339810274446,8.381570087139603856e+03
728.2078212555151,8.377195001618456445e+03
728.2817295008361,8.369538601956446655e+03
728.3555996998778,8.376101230238167773e+03
728.429453049297,8.382663858519890709e+03
728.5033054557948,8.320318889843529178e+03
728.577140989502,8.366257287815586096e+03
728.6509914915385,8.313756261561808060e+03
728.7248569664563,8.327975289505538967e+03
728.7987108614303,8.335631689167548757e+03
728.872558477417,8.296255919477214775e+03
728.9464688832253,8.282036891533483868e+03
729.0203145595359,8.245942435984010444e+03
729.0941805149681,8.259067692547454499e+03
729.1680295392798,8.231723408040279537e+03
729.2418722535059,8.235004722181140096e+03
729.3156767351837,8.225160779758556600e+03
729.3895227579071,8.230629636659992684e+03
729.4633837365335,8.185785010068223528e+03
729.5372330643772,8.204379123533102756e+03
729.6110920231105,8.203285352152815904e+03
729.6849499652391,8.111408556208704795e+03
729.7587909091665,8.132190212434158639e+03
729.832646799371,8.115783641729852206e+03
729.9064377258716,8.120158727251000528e+03
729.9802755476569,8.109221013448130179e+03
730.0541496290818,8.124533812772148849e+03
730.1279906863275,8.128908898293297170e+03
730.2018413503896,8.061095072715500464e+03
730.2756322932343,8.019531760264592776e+03
730.3494914925877,8.027188159926602566e+03
730.4233389576001,7.989999932996842290e+03
730.497121314011,7.963749419869954181e+03
730.5709933006522,7.999843875419425785e+03
730.6448321837362,7.956093020207944392e+03
730.7186379386568,8.010781589222296134e+03
730.7924799682986,7.992187475757416905e+03
730.8662835069548,7.911248393616176145e+03
730.940128667791,7.953905477447370686e+03
731.0139673771906,7.855466053221536640e+03
731.0877622124666,7.901404451193592649e+03
731.1616307539186,7.835778168376369649e+03
731.2354072830598,7.831403082855221328e+03
731.3092735761231,7.849997196320101466e+03
731.3830531589755,7.792027313164888255e+03
731.4569011330443,7.823746683193212448e+03
731.5307105078027,7.821559140432637832e+03
731.6044812553652,7.797496170066323430e+03
731.6783471861277,7.778902056601443292e+03
731.7521477148499,7.754839086235128889e+03
731.8259899112759,7.712182002403934348e+03
731.899766660658,7.726401030347665255e+03
731.9735636445379,7.673900004093887219e+03
732.0473701527895,7.659680976150156312e+03
732.1212183467612,7.691400346178480504e+03
732.195006386356,7.612648806797813450e+03
732.2688093011474,7.613742578178100302e+03
732.3426485486638,7.613742578178100302e+03
732.4164544099781,7.539366124318581569e+03
732.4902214949792,7.559054009163748560e+03
732.5640302732379,7.562335323304609119e+03
732.6378270896475,7.541553667079155275e+03
732.7116656191168,7.549210066741165065e+03
732.7854653361854,7.477021155642220037e+03
732.8592530670325,7.456239499416766193e+03
732.9330341718326,7.457333270797053046e+03
733.0068247610646,7.475927384261933184e+03
733.0806302100424,7.459520813557627662e+03
733.1544290226378,7.442020471473034377e+03
733.2282104378809,7.421238815247580533e+03
733.3020120820065,7.416863729726433121e+03
733.3758016923423,7.373112874514950818e+03
733.4495738776542,7.387331902458682634e+03
733.5233662868974,7.267017050627107892e+03
733.5971735461529,7.345768590007774947e+03
733.6709687462483,7.333737104824617745e+03
733.7447518754218,7.265923279246821039e+03
733.818549846392,7.302017734796293553e+03
733.8923357337387,7.282329849951126562e+03
733.9660610421337,7.201390767809885801e+03
734.039849657903,7.261548193725672718e+03
734.113653111708,7.192640596767589159e+03
734.1874498467755,7.230922595077635378e+03
734.2612290717857,7.214516024373329856e+03
734.3349476318791,7.143420884654671681e+03
734.4087618993168,7.169671397781560700e+03
734.4825316665394,7.176234026063283636e+03
734.5563216510071,7.119357914288357279e+03
734.6300724954872,7.164202540880125525e+03
734.7038651403906,7.044981460428838545e+03
734.7776456166251,7.081075915978311059e+03
734.8513869120628,7.047169003189412251e+03
734.9251700158896,7.040606374907690224e+03
734.99889230638,7.027481118344245260e+03
735.0727050353661,6.964042378287596875e+03
735.1464785471829,7.034043746625968197e+03
735.220218219237,6.993574205555347362e+03
735.2939943121419,6.970605006569319812e+03
735.367736543824,7.005605690738504563e+03
735.4415206118363,6.925760379977550656e+03
735.5152599796714,6.906072495132383665e+03
735.5890466014831,6.930135465498698977e+03
735.662766849309,6.901697409611236253e+03
735.7365830712438,6.901697409611236253e+03
735.8103058246913,6.879821982005494647e+03
735.8840433540496,6.885290838906929821e+03
735.957822745456,6.879821982005494647e+03
736.0315681756952,6.793414042962818712e+03
736.1052958754302,6.820758327469994583e+03
736.1790654451154,6.796695357103680180e+03
736.252801015933,6.809820613667124235e+03
736.326545937147,6.782476329159948364e+03
736.4003381699183,6.785757643300808923e+03
736.4740584115469,6.752944501892197877e+03
736.5477988397872,6.754038273272484730e+03
736.6215269056551,6.727787760145595712e+03
736.6952425972906,6.698255932877846135e+03
736.7690544685436,6.667630334229808795e+03
736.8427725447069,6.649036220764928657e+03
736.9165053742005,6.669817876990382501e+03
736.9902258037228,6.612941765215457053e+03
737.0639609845649,6.635910964201484603e+03
737.137689186275,6.626067021778901108e+03
737.2114267046566,6.582316166567419714e+03
737.2851517972983,6.607472908314021879e+03
737.358897074205,6.562628281722252723e+03
737.4326244765816,6.579034852426558245e+03
737.5063448675909,6.552784339299669227e+03
737.5800799995792,6.537471539975650558e+03
737.6538026703106,6.530908911693928530e+03
737.7275346375662,6.495908227524742870e+03
737.8012595719805,6.499189541665604338e+03
737.8749992432967,6.481689199581011962e+03
737.9487264275168,6.425906859186372458e+03
738.022468346593,6.463095086116131824e+03
738.0961977656417,6.435750801608955953e+03
738.169865632222,6.410594059862353788e+03
738.2435972558687,6.428094401946946164e+03
738.3173218057595,6.356999262228288899e+03
738.3910556298822,6.398562574679196587e+03
738.4647823694751,6.359186804988862605e+03
738.5384638351453,6.353717948087427430e+03
738.612192738524,6.364655661890297779e+03
738.685909081362,6.296841836312501982e+03
738.7595855634423,6.309967092875946037e+03
738.8332985789483,6.272778865946186670e+03
738.9070317658445,6.259653609382741706e+03
738.9807032179243,6.249809666960159120e+03
739.0544385201678,6.188558469664084441e+03
739.1281065918952,6.248715895579871358e+03
739.2018439933116,6.198402412086667937e+03
739.2755687822585,6.192933555185232763e+03
739.3492317494262,6.174339441720352625e+03
739.4229859424029,6.190746012424658147e+03
739.4966509491076,6.111994473043991093e+03
739.5703798618135,6.133869900649732699e+03
739.6440468874771,6.105431844762269066e+03
739.7177778366447,6.081368874395954663e+03
739.791446866122,6.012461277437870194e+03
739.8651032005454,6.049649504367629561e+03
739.9388289543585,6.035430476423898654e+03
740.0125146409633,5.994960935353277819e+03
740.086187618405,6.000429792254712993e+03
740.1599026583724,5.986210764310981176e+03
740.2335830692062,5.962147793944666773e+03
740.3072452674804,5.967616650846101948e+03
740.3809769441689,5.955585165662944746e+03
740.4546465508478,5.918396938733185380e+03
740.5283253357537,5.886677568704860278e+03
740.6019968452496,5.846208027634240352e+03
740.6757323886792,5.854958198676536085e+03
740.7493783611862,5.845114256253953499e+03
740.8230664214437,5.822145057267925040e+03
740.8967416974003,5.816676200366489866e+03
740.9704041770528,5.758706317211276655e+03
741.0440813057113,5.770737802394433857e+03
741.1177456249695,5.720424318901230436e+03
741.1914740338814,5.677767235070035895e+03
741.265145682029,5.688704948872906243e+03
741.3387990020083,5.658079350224868904e+03
741.4124669600711,5.712767919239220646e+03
741.4861550585991,5.627453751576831564e+03
741.5598248114671,5.656985578844582051e+03
741.6334872037764,5.639485236759988766e+03
741.7070817125386,5.612140952252812895e+03
741.7807678621677,5.586984210506211639e+03
741.8544191228816,5.565108782900470032e+03
741.9281125335501,5.551983526337025978e+03
742.0017600242695,5.545420898055303951e+03
742.0754276444354,5.522451699069275492e+03
742.1491098938311,5.510420213886118290e+03
742.2227792320809,5.483075929378942419e+03
742.2963860567804,5.476513301097219482e+03
742.3700570824167,5.466669358674636896e+03
742.4437151716932,5.426199817604016062e+03
742.5173878791576,5.419637189322294034e+03
742.5909980073593,5.420730960702580887e+03
742.6646723713906,5.418543417942006272e+03
742.7383392893086,5.385730276533395227e+03
742.8119656461523,5.414168332420858860e+03
742.8856286765096,5.343073192702200686e+03
742.9592842387771,5.317916450955598521e+03
743.0328991982909,5.358385992026219355e+03
743.1065563576633,5.280728224025839154e+03
743.1801728901319,5.303697423011867613e+03
743.2538592524501,5.287290852307562091e+03
743.3274497210764,5.273071824363830274e+03
743.4011100282263,5.252290168138376430e+03
743.4747296601421,5.269790510222968805e+03
743.5483970465806,5.238071140194644613e+03
743.6220182060574,5.234789826053784054e+03
743.6956816000841,5.196507827743736925e+03
743.7692821427946,5.194320284983163219e+03
743.8429470520473,5.168069771856274201e+03
743.916576747615,5.144006801489958889e+03
743.990165669035,5.149475658391394063e+03
744.0638466591978,5.148381887011107210e+03
744.1374370340701,5.119943831123644486e+03
744.2110696595498,5.100255946278477495e+03
744.284716858413,5.115568745602496165e+03
744.3583232280512,5.110099888701060991e+03
744.4319496995879,5.066349033489578687e+03
744.5055574804348,5.081661832813597357e+03
744.5791520991629,5.032442120700680789e+03
744.6528444452033,5.043379834503551137e+03
744.7264460022811,5.041192291742977432e+03
744.8000565630955,4.973378466165180726e+03
744.8736594835683,4.981034865827189606e+03
744.9472714032472,5.017129321376662119e+03
745.0208756714717,4.956971895460875203e+03
745.094494486024,4.988691265489199395e+03
745.168100087441,4.947127953038291707e+03
745.2416924635781,4.946034181658004854e+03
745.3152993770332,4.905564640587384019e+03
745.3889152760675,4.949315495798865413e+03
745.4625290474098,4.921971211291689542e+03
745.5361240107667,4.916502354390254368e+03
745.609733506721,4.944940410277717092e+03
745.6833575395775,4.904470869207097167e+03
745.7569683059694,4.847594757432170809e+03
745.8305713563644,4.859626242615328010e+03
745.9041833730809,4.877126584699921295e+03
745.9777876626403,4.823531787065855497e+03
746.0514009139459,4.815875387403846617e+03
746.1249507566789,4.810406530502411442e+03
746.1985429433485,4.819156701544707175e+03
746.2721496486159,4.810406530502411442e+03
746.3457708767787,4.816969158784133469e+03
746.4193230608547,4.789624874276957598e+03
746.4929176060401,4.758999275628920259e+03
746.5665266650274,4.765561903910642286e+03
746.640066621393,4.768843218051503754e+03
746.7136768253059,4.753530418727485085e+03
746.7873015449047,4.734936305262604947e+03
746.8608348022583,4.727279905600596067e+03
746.934460649653,4.736030076642892709e+03
747.0080507927156,4.716342191797725718e+03
747.0815940434294,4.703216935234280754e+03
747.1552131827909,4.678060193487679499e+03
747.2287630801482,4.685716593149688379e+03
747.3023777208953,4.667122479684809150e+03
747.3759007391845,4.650715908980502718e+03
747.4495220280663,4.660559851403086213e+03
747.5230740040879,4.632121795515623489e+03
747.5966125121065,4.641965737938206985e+03
747.6702213915038,4.616808996191604820e+03
747.7437608993716,4.612433910670456498e+03
747.8173763904779,4.585089626163280627e+03
747.8909168833824,4.590558483064715801e+03
747.9644718416794,4.583995854782993774e+03
748.0380188872018,4.562120427177253077e+03
748.111630768237,4.573058140980123426e+03
748.1851787691317,4.545713856472946645e+03
748.2587356337701,4.522744657486919095e+03
748.3322845630789,4.512900715064335600e+03
748.405875958131,4.495400372979743224e+03
748.4794258064913,4.501963001261465251e+03
748.5529901125466,4.503056772641752104e+03
748.626540858474,4.440711803965391482e+03
748.7000780320159,4.481181345036011408e+03
748.7736296540094,4.445086889486538894e+03
748.8471676901079,4.452743289148548683e+03
748.920776260387,4.443993118106252041e+03
748.994315154041,4.443993118106252041e+03
749.0678741021718,4.419930147739937638e+03
749.1414138274398,4.411179976697640996e+03
749.2149736068789,4.411179976697640996e+03
749.2885141477188,4.408992433937066380e+03
749.362046665244,4.351022550781853170e+03
749.4355374512597,4.389304549091900299e+03
749.5090988297237,4.364147807345298133e+03
749.5826465568359,4.356491407683288344e+03
749.656175000463,4.348835008021279464e+03
749.7297234916311,4.326959580415538767e+03
749.803286415846,4.290865124866066253e+03
749.8768356615918,4.300709067288649749e+03
749.9503205982728,4.308365466950658629e+03
750.0238705670453,4.298521524528075133e+03
750.0974068314757,4.265708383119464088e+03
750.170963144645,4.215394899626260667e+03
750.2444438267519,4.228520156189704721e+03
750.318000832892,4.225238842048844162e+03
750.3915384788514,4.209926042724825493e+03
750.4650398530696,4.212113585485399199e+03
750.5385837931271,4.200082100302241997e+03
750.6121083437756,4.178206672696501300e+03
750.6855965835151,4.185863072358510180e+03
750.7591555782365,4.136643360245593612e+03
750.8326444278694,4.155237473710472841e+03
750.9061758589805,4.121330560921574943e+03
750.9796652967866,4.113674161259565153e+03
751.053225528571,4.111486618498991447e+03
751.1267211857668,4.097267590555259630e+03
751.2002538005404,4.095080047794685925e+03
751.2737443726544,4.071017077428370612e+03
751.347283196831,4.054610506724065090e+03
751.4207743095347,4.050235421202917223e+03
751.4942572105898,4.046954107062055755e+03
751.567805321994,4.037110164639472714e+03
751.641288735935,4.007578337371722228e+03
751.7147865207419,4.014140965653444709e+03
751.7883269399143,4.001015709090000200e+03
751.8618252198199,3.998828166329426040e+03
751.9353096018531,3.996640623568851879e+03
752.0087800736492,3.967108796301101847e+03
752.082349748397,3.970390110441962861e+03
752.1558206716313,3.950702225596796325e+03
752.2293059510168,3.940858283174212829e+03
752.3028112503567,3.933201883512203494e+03
752.3762686487676,3.897107427962730981e+03
752.4497687028702,3.911326455906462797e+03
752.5232604672466,3.894919885202156820e+03
752.5967892449822,3.876325771737277137e+03
752.6702814069297,3.881794628638712311e+03
752.74378792351,3.882888400018999619e+03
752.8172521255437,3.859919201032971614e+03
752.890753342267,3.835856230666656757e+03
752.9642462347487,3.808511946159480885e+03
753.0377251232514,3.807418174779193578e+03
753.111218354199,3.810699488920054591e+03
753.1846408387155,3.789917832694600747e+03
753.2581116847355,3.799761775117184243e+03
753.331591190779,3.789917832694600747e+03
753.4050850339123,3.760386005426850716e+03
753.4785648318334,3.796480460976323229e+03
753.552064642568,3.716635150215369322e+03
753.6254879218887,3.757104691285989702e+03
753.698987997613,3.726479092637952363e+03
753.7724683210844,3.758198462666276555e+03
753.845940242228,3.726479092637952363e+03
753.9193696482735,3.708978750553359987e+03
753.9928702112186,3.705697436412498519e+03
754.0663566760842,3.673978066384174326e+03
754.1397721577508,3.679446923285609500e+03
754.2132588199502,3.692572179849054010e+03
754.286731357841,3.666321666722164991e+03
754.3601613060175,3.677259380525035795e+03
754.433662469434,3.637883610834702267e+03
754.5070697940439,3.629133439792405625e+03
754.580571120139,3.640071153595275973e+03
754.6540013426822,3.642258696355850134e+03
754.7274800348059,3.642258696355850134e+03
754.8009103674891,3.628039668412118772e+03
754.8743891803196,3.616008183228961116e+03
754.9478196065738,3.620383268750109437e+03
755.0212985235391,3.612726869088100102e+03
755.0947347284628,3.583195041820350070e+03
755.1681567061893,3.579913727679489057e+03
755.2416500027333,3.561319614214609373e+03
755.3150720303312,3.552569443172312731e+03
755.3884798044081,3.548194357651164864e+03
755.4619874570354,3.540537957989155530e+03
755.535395250506,3.509912359341118190e+03
755.6088173113466,3.517568759003127525e+03
755.6822593542736,3.519756301763701686e+03
755.7557385217809,3.503349731059395708e+03
755.8291520013627,3.477099217932507145e+03
755.9025740310907,3.520850073143988539e+03
755.9760160417866,3.495693331397386828e+03
756.0494380281855,3.493505788636812667e+03
756.122851408895,3.500068416918534695e+03
756.196279048058,3.466161504129636342e+03
756.2697209498288,3.467255275509923649e+03
756.3431485156143,3.470536589650784663e+03
756.4166132278519,3.460692647228201167e+03
756.490046430767,3.446473619284469805e+03
756.563402310791,3.450848704805618127e+03
756.6368296685728,3.445379847904182498e+03
756.710271280547,3.434442134101312149e+03
756.7836985147853,3.404910306833562117e+03
756.8571170870929,3.423504420298441801e+03
756.9305441765948,3.400535221312413796e+03
757.0039625924522,3.374284708185524778e+03
757.0773895204559,3.386316193368682434e+03
757.1508077630942,3.364440765762941737e+03
757.2241829078598,3.381941107847534113e+03
757.2975952154935,3.371003394044663764e+03
757.3710274951507,3.375378479565812086e+03
757.4444453309834,3.337096481255765411e+03
757.5178200187852,3.334908938495191251e+03
757.5912376210018,3.344752880917774746e+03
757.664669455667,3.340377795396626880e+03
757.7380294018718,3.308658425368302233e+03
757.8114609832415,3.333815167114904398e+03
757.884883822762,3.286782997762561536e+03
757.9582576961611,3.303189568466867058e+03
758.0316745087733,3.281314140861126361e+03
758.1050538201592,3.303189568466867058e+03
758.1784703328954,3.276939055339978040e+03
758.2518205742088,3.272563969818830174e+03
758.3252712680576,3.258344941875098357e+03
758.3986211596865,3.261626256015959825e+03
758.4720370175761,3.240844599790505981e+03
758.545415305501,3.228813114607348325e+03
758.6187790176235,3.238657057029931821e+03
758.692185702744,3.214594086663616963e+03
758.7655490229096,3.198187515959310986e+03
758.8389841161411,3.200375058719885146e+03
758.9123470329839,3.197093744579024133e+03
758.985729896929,3.203656372860746615e+03
759.0590923834825,3.193812430438163119e+03
759.1324978677417,3.183968488015579624e+03
759.2058656754364,3.165374374550699940e+03
759.2792419009955,3.171937002832421967e+03
759.3526092466964,3.147874032466107110e+03
759.4259619360007,3.138030090043524069e+03
759.4993807137987,3.156624203508403752e+03
759.5727617631621,3.117248433818070225e+03
759.6461281405926,3.122717290719505399e+03
759.7194798334775,3.087716606550319739e+03
759.79284569346,3.115060891057496065e+03
759.8662199506782,3.088810377930607046e+03
759.9395910557283,3.095373006212329074e+03
760.0129416740881,3.062559864803718028e+03
760.0863064536592,3.082247749648884565e+03
760.1596565064068,3.093185463451754913e+03
760.2330264969562,3.054903465141708693e+03
760.3064048714377,3.042871979958551037e+03
760.3797685035091,3.072403807226301524e+03
760.4531231634235,3.041778208578264184e+03
760.5264341378603,3.036309351676829010e+03
760.5997823891312,3.003496210268217510e+03
760.6731505760081,3.029746723395106528e+03
760.7465329185825,3.003496210268217510e+03
760.8198946901349,2.978339468521615800e+03
760.893195347572,2.971776840239893318e+03
760.9665564561759,2.975058154380754786e+03
761.039908545017,2.988183410944199295e+03
761.1132805694576,2.973964383000467478e+03
761.186574038077,2.942245012972143286e+03
761.2599395757078,2.961932897817310277e+03
761.3332612942629,2.952088955394726781e+03
761.4066319227295,2.933494841929847098e+03
761.4799819030882,2.923650899507263603e+03
761.5532938204132,2.912713185704393254e+03
761.6266430583955,2.907244328802958080e+03
761.6999542102297,2.901775471901522906e+03
761.7733026886444,2.879900044295781754e+03
761.8466130577877,2.898494157760661437e+03
761.9199955907541,2.884275129816930075e+03
761.9932761350078,2.886462672577504236e+03
762.0665998139598,2.873337416014059727e+03
762.1399666484456,2.858024616690041057e+03
762.2132604654904,2.845993131506883401e+03
762.2866264890819,2.845993131506883401e+03
762.3599194586624,2.839430503225161374e+03
762.4332265236651,2.800054733534827847e+03
762.5065244315081,2.804429819055976168e+03
762.5798887714861,2.809898675957411342e+03
762.653209066283,2.798960962154540994e+03
762.726491103933,2.803336047675688860e+03
762.7998163192037,2.772710449027651975e+03
762.8731789131846,2.784741934210809177e+03
762.9464741276457,2.728959593816170127e+03
763.0197834275534,2.781460620069948163e+03
763.0930777014148,2.771616677647364668e+03
763.1663802334256,2.758491421083920159e+03
763.2396735482423,2.734428450717605301e+03
763.312980942364,2.749741250041623971e+03
763.3863024198473,2.716928108633012471e+03
763.4595855263992,2.756303878323345998e+03
763.5329060235777,2.742084850379614636e+03
763.6062114503713,2.719115651393586631e+03
763.6795017940418,2.716928108633012471e+03
763.7528120409493,2.703802852069567962e+03
763.8261013583818,2.695052681027271774e+03
763.8994105781957,2.698333995168132788e+03
763.9727280347157,2.691771366886410760e+03
764.0459486507003,2.649114283055216220e+03
764.1192708849686,2.673177253421531077e+03
764.1925721540134,2.665520853759521742e+03
764.265864123763,2.644739197534067898e+03
764.339170153393,2.652395597196077233e+03
764.4124025979912,2.621769998548039894e+03
764.4857075207827,2.631613940970623389e+03
764.5590265043799,2.614113598886030559e+03
764.6322718534416,2.620676227167753041e+03
764.7055663242454,2.610832284745169545e+03
764.7788689989354,2.604269656463447518e+03
764.8520979783581,2.595519485421150875e+03
764.9254053449329,2.576925371956271192e+03
764.9986623906358,2.563800115392826683e+03
765.0719685894694,2.596613256801438183e+03
765.1451951672625,2.572550286435122871e+03
765.2185001752471,2.571456515054836018e+03
765.2917606634498,2.571456515054836018e+03
765.3650586119669,2.569268972294261857e+03
765.438288577042,2.545206001927947000e+03
765.5115911575078,2.539737145026511826e+03
765.5848491670143,2.541924687787085986e+03
765.6580918875516,2.549581087449095321e+03
765.7313779407682,2.520049260181344835e+03
765.8046193790093,2.538643373646224973e+03
765.8778806952203,2.517861717420771129e+03
765.9511794972256,2.525518117082780464e+03
766.0244043117671,2.508017774998187633e+03
766.0976489972652,2.512392860519335954e+03
766.1709018207467,2.497080061195317285e+03
766.2441451689594,2.502548918096752459e+03
766.31745537396,2.497080061195317285e+03
766.3906973785047,2.502548918096752459e+03
766.4639240114803,2.481767261871298615e+03
766.5371587632285,2.490517432913594803e+03
766.610413388223,2.518955488801057982e+03
766.6836526256157,2.481767261871298615e+03
766.7569058583788,2.463173148406418932e+03
766.8301436890999,2.470829548068428267e+03
766.9033661049401,2.455516748744409597e+03
766.9766319183701,2.454422977364122744e+03
767.049858779082,2.432547549758381592e+03
767.1230937389751,2.448954120462687115e+03
767.196342684586,2.424891150096372257e+03
767.2695820718163,2.430360006997807432e+03
767.3427706741372,2.422703607335798097e+03
767.4160085761127,2.418328521814650230e+03
767.4892545691928,2.424891150096372257e+03
767.5624909794419,2.411765893532927748e+03
767.6357413679548,2.371296352462307368e+03
767.7089173321764,2.410672122152640895e+03
767.7821603029794,2.382234066265177717e+03
767.8553936664732,2.381140294884890864e+03
767.928641001735,2.366921266941159047e+03
768.001843330076,2.363639952800298033e+03
768.0750596156819,2.385515380406038730e+03
768.1482662604737,2.371296352462307368e+03
768.2215104680862,2.358171095898862859e+03
768.2947391311019,2.342858296574844189e+03
768.3679227171707,2.341764525194557336e+03
768.441155676817,2.331920582771973841e+03
768.5143376298478,2.329733040011399680e+03
768.5875985030231,2.325357954490251359e+03
768.6607551772538,2.347233382095992511e+03
768.7340085126597,2.337389439673409015e+03
768.8071930624363,2.327545497250825520e+03
768.8803619892306,2.320982868969103492e+03
768.9535980606818,2.327545497250825520e+03
769.0267948587721,2.318795326208529332e+03
769.0999760176759,2.317701554828242479e+03
769.1732302685929,2.315514012067668318e+03
769.2464097142773,2.312232697926806850e+03
769.3195794118245,2.298013669983075488e+03
769.3928163071785,2.290357270321066153e+03
769.4660079399233,2.299107441363362341e+03
769.5391838897698,2.283794642039344126e+03
769.6123796819868,2.285982184799917832e+03
769.6855538548153,2.259731671673028814e+03
769.7587182425186,2.313326469307094158e+03
769.8319202468393,2.263012985813890282e+03
769.9051421026546,2.281607099278769965e+03
769.97834824532,2.265200528574464442e+03
770.0515030831361,2.242231329588436438e+03
770.1247074085248,2.273950699616760630e+03
770.1978663329771,2.231293615785566089e+03
770.2710688242653,2.237856244067288117e+03
770.3442258887268,2.220355901982695741e+03
770.4173671736539,2.233481158546140250e+03
770.4905282854356,2.235668701306713956e+03
770.5637270444658,2.219262130602408433e+03
770.6369100189285,2.220355901982695741e+03
770.7100771958651,2.206136874038963924e+03
770.7832642087253,2.210511959560112246e+03
770.856459180459,2.194105388855806723e+03
770.9295551317979,2.190824074714945255e+03
771.0027481693259,2.168948647109204558e+03
771.0759313239301,2.190824074714945255e+03
771.1490926926053,2.155823390545760049e+03
771.2222144154819,2.170042418489491411e+03
771.2954094963922,2.155823390545760049e+03
771.368588721728,2.151448305024611727e+03
771.4417223223901,2.144885676742889700e+03
771.5148995537488,2.152542076404899035e+03
771.5880013670636,2.130666648799157883e+03
771.6612063537742,2.129572877418871030e+03
771.734306117772,2.108791221193417186e+03
771.8074852581613,2.140510591221741379e+03
771.8806127402132,2.096759736010259985e+03
771.953783876625,2.098947278770833691e+03
772.0269152446992,2.104416135672268865e+03
772.1000843158894,2.106603678432843026e+03
772.1732135949969,2.093478421869398517e+03
772.2463209463975,2.085822022207389182e+03
772.3195077548475,2.098947278770833691e+03
