X,Y
534.0051269287335,1.722000000000000000e+03
534.0808105837979,1.732000000000000000e+03
534.1564941245075,1.729000000000000000e+03
534.2322387608131,1.738000000000000000e+03
534.3079223194351,1.739000000000000000e+03
534.3836059646314,1.737000000000000000e+03
534.459289487409,1.753000000000000000e+03
534.534973107135,1.744000000000000000e+03
534.6106567862021,1.756000000000000000e+03
534.6863402868432,1.743000000000000000e+03
534.7620238571769,1.757000000000000000e+03
534.8377074881613,1.753000000000000000e+03
534.9134522313972,1.764000000000000000e+03
534.9891358020897,1.776000000000000000e+03
535.0648193202943,1.787000000000000000e+03
535.140502776876,1.800000000000000000e+03
535.2161864491509,1.814000000000000000e+03
535.2918700416792,1.815000000000000000e+03
535.367553831929,1.810000000000000000e+03
535.4432372375885,1.816000000000000000e+03
535.5189208228152,1.812000000000000000e+03
535.594604578686,1.842000000000000000e+03
535.6702882093306,1.829000000000000000e+03
535.745971418549,1.830000000000000000e+03
535.8216553453357,1.851000000000000000e+03
535.8973391196765,1.839000000000000000e+03
535.9730227323798,1.840000000000000000e+03
536.0487061742487,1.848000000000000000e+03
536.1243894360814,1.837000000000000000e+03
536.2000730836918,1.851000000000000000e+03
536.275756820763,1.849000000000000000e+03
536.3514406383212,1.871000000000000000e+03
536.4271239518794,1.867000000000000000e+03
536.5028079033076,1.864000000000000000e+03
536.5784913324379,1.881000000000000000e+03
536.6541748057845,1.878000000000000000e+03
536.7298583143477,1.886000000000000000e+03
536.8055421372837,1.900000000000000000e+03
536.8812254011024,1.890000000000000000e+03
536.9569092495924,1.886000000000000000e+03
537.0325928090099,1.898000000000000000e+03
537.1082763585715,1.913000000000000000e+03
537.1839598892475,1.917000000000000000e+03
537.2596436806508,1.929000000000000000e+03
537.3353268577979,1.928000000000000000e+03
537.411010566398,1.944000000000000000e+03
537.4866335528031,1.926000000000000000e+03
537.5623168365025,1.926000000000000000e+03
537.6380003360828,1.946000000000000000e+03
537.7136843318589,1.952000000000000000e+03
537.7893676583791,1.951000000000000000e+03
537.8650511739759,1.950000000000000000e+03
537.940734869813,1.943000000000000000e+03
538.0164184475874,1.970000000000000000e+03
538.0920408046188,1.984000000000000000e+03
538.1677246810524,1.967000000000000000e+03
538.2434084124591,1.959000000000000000e+03
538.3190919897331,1.996000000000000000e+03
538.3947756936324,1.979000000000000000e+03
538.4704589353845,1.975000000000000000e+03
538.5461425757196,2.000000000000000000e+03
538.6217653920648,2.007000000000000000e+03
538.6974486256656,2.017000000000000000e+03
538.7731322312683,2.011000000000000000e+03
538.8488156195046,2.021000000000000000e+03
538.9244993621073,2.021000000000000000e+03
539.0001221504488,2.026000000000000000e+03
539.0758056867688,2.042000000000000000e+03
539.1514895509623,2.037000000000000000e+03
539.2271725712882,2.043000000000000000e+03
539.3027954051873,2.040000000000000000e+03
539.378479310497,2.058000000000000000e+03
539.4541629264281,2.083000000000000000e+03
539.5298462437939,2.052000000000000000e+03
539.6054689803647,2.069000000000000000e+03
539.6811522386217,2.052000000000000000e+03
539.7568363363963,2.098000000000000000e+03
539.832519225528,2.097000000000000000e+03
539.9081423044014,2.096000000000000000e+03
539.9838259373797,2.109000000000000000e+03
540.0595095003099,2.113000000000000000e+03
540.1351320092971,2.109000000000000000e+03
540.2108150962631,2.120000000000000000e+03
540.2864989617823,2.119000000000000000e+03
540.362121111465,2.136000000000000000e+03
540.4378056155781,2.133000000000000000e+03
540.5134888278695,2.130000000000000000e+03
540.5891111220752,2.135000000000000000e+03
540.6647949195459,2.143000000000000000e+03
540.7404782741969,2.159000000000000000e+03
540.8161009254455,2.149000000000000000e+03
540.8917848125893,2.151000000000000000e+03
540.9674685225426,2.133000000000000000e+03
541.0430911589102,2.150000000000000000e+03
541.1187741775063,2.174000000000000000e+03
541.194457870279,2.178000000000000000e+03
541.2700807045082,2.168000000000000000e+03
541.3457636520761,2.190000000000000000e+03
541.4213865683067,2.204000000000000000e+03
541.497070200242,2.193000000000000000e+03
541.5727541699249,2.193000000000000000e+03
541.648376858336,2.208000000000000000e+03
541.7240599931954,2.208000000000000000e+03
541.7996829685276,2.215000000000000000e+03
541.8753664065381,2.219000000000000000e+03
541.950988459017,2.256000000000000000e+03
542.0266721649095,2.232000000000000000e+03
542.1022953150494,2.259000000000000000e+03
542.1779780782617,2.245000000000000000e+03
542.2536014098382,2.255000000000000000e+03
542.329284076073,2.291000000000000000e+03
542.4049075539548,2.281000000000000000e+03
542.4805912648831,2.292000000000000000e+03
542.5562136767595,2.277000000000000000e+03
542.631897220388,2.294000000000000000e+03
542.7075197075332,2.289000000000000000e+03
542.7832033429272,2.295000000000000000e+03
542.8588255754784,2.316000000000000000e+03
542.9345092673785,2.309000000000000000e+03
543.0101320942985,2.317000000000000000e+03
543.0858158076525,2.321000000000000000e+03
543.1614377193954,2.333000000000000000e+03
543.2371220089141,2.336000000000000000e+03
543.3127444450705,2.336000000000000000e+03
543.3884278000902,2.340000000000000000e+03
543.4640501352047,2.351000000000000000e+03
543.5396728412053,2.367000000000000000e+03
543.6153561952086,2.380000000000000000e+03
543.6909787475163,2.367000000000000000e+03
543.7666625552929,2.399000000000000000e+03
543.8422846228852,2.396000000000000000e+03
543.917907905318,2.370000000000000000e+03
543.9935909887698,2.393000000000000000e+03
544.0692140297832,2.391000000000000000e+03
544.1448361882029,2.402000000000000000e+03
544.220519947648,2.408000000000000000e+03
544.2961426997966,2.436000000000000000e+03
544.3718261809979,2.429000000000000000e+03
544.4474486032625,2.436000000000000000e+03
544.5230709870222,2.448000000000000000e+03
544.5987550137446,2.451000000000000000e+03
544.6743770145879,2.437000000000000000e+03
544.7500001373947,2.441000000000000000e+03
544.8256222965063,2.465000000000000000e+03
544.9013064288619,2.442000000000000000e+03
544.976929025401,2.480000000000000000e+03
545.0525518192319,2.477000000000000000e+03
545.1282345318966,2.512000000000000000e+03
545.2038574139079,2.502000000000000000e+03
545.27947957532,2.521000000000000000e+03
545.3551027912747,2.512000000000000000e+03
545.4307859578726,2.525000000000000000e+03
545.5064085974922,2.510000000000000000e+03
545.582031075963,2.534000000000000000e+03
545.6576539799133,2.528000000000000000e+03
545.7333374615957,2.552000000000000000e+03
545.8089603143547,2.559000000000000000e+03
545.8845823750287,2.551000000000000000e+03
545.9602051246089,2.575000000000000000e+03
546.0358279586479,2.580000000000000000e+03
546.1115111125337,2.609000000000000000e+03
546.1871341062584,2.611000000000000000e+03
546.2627559649052,2.604000000000000000e+03
546.3383790667153,2.603000000000000000e+03
546.4140010154777,2.622000000000000000e+03
546.4896238920949,2.631000000000000000e+03
546.5653080328324,2.633000000000000000e+03
546.6409297699242,2.632000000000000000e+03
546.7165527083374,2.636000000000000000e+03
546.7921753454747,2.658000000000000000e+03
546.8677979714669,2.655000000000000000e+03
546.9434205776232,2.645000000000000000e+03
547.0190431552487,2.671000000000000000e+03
547.0946647977053,2.665000000000000000e+03
547.1703492667542,2.660000000000000000e+03
547.2459723224066,2.684000000000000000e+03
547.3215944163495,2.687000000000000000e+03
547.3972173369806,2.700000000000000000e+03
547.4728389782355,2.692000000000000000e+03
547.5484617288662,2.700000000000000000e+03
547.6240849813485,2.690000000000000000e+03
547.6997072275658,2.695000000000000000e+03
547.7753302583766,2.726000000000000000e+03
547.8509522649341,2.740000000000000000e+03
547.9265750390812,2.710000000000000000e+03
548.0021964706609,2.715000000000000000e+03
548.0778207553666,2.750000000000000000e+03
548.1534418774738,2.733000000000000000e+03
548.2290652357153,2.745000000000000000e+03
548.3046878169241,2.745000000000000000e+03
548.3803093111,2.746000000000000000e+03
548.4559330175531,2.773000000000000000e+03
548.5315556197277,2.772000000000000000e+03
548.6071771080813,2.790000000000000000e+03
548.6828010856999,2.773000000000000000e+03
548.7584221255744,2.791000000000000000e+03
548.834045337373,2.820000000000000000e+03
548.9096673999533,2.783000000000000000e+03
548.9852904134418,2.801000000000000000e+03
549.0609137670749,2.797000000000000000e+03
549.1364750314843,2.827000000000000000e+03
549.2120978166789,2.825000000000000000e+03
549.2877191060418,2.833000000000000000e+03
549.3633428131332,2.829000000000000000e+03
549.4389653087501,2.854000000000000000e+03
549.5145865832915,2.845000000000000000e+03
549.590210251744,2.850000000000000000e+03
549.665832681899,2.868000000000000000e+03
549.7413946298766,2.869000000000000000e+03
549.8170160497809,2.880000000000000000e+03
549.8926398319383,2.882000000000000000e+03
549.9682623401311,2.898000000000000000e+03
550.0438835647246,2.885000000000000000e+03
550.1195068250248,2.913000000000000000e+03
550.1950679386268,2.903000000000000000e+03
550.2706906900269,2.902000000000000000e+03
550.3463136366366,2.928000000000000000e+03
550.421935255224,2.915000000000000000e+03
550.4975591726949,2.938000000000000000e+03
550.5731205123872,2.949000000000000000e+03
550.6487432287166,2.965000000000000000e+03
550.7243648844632,2.965000000000000000e+03
550.7999885039992,2.975000000000000000e+03
550.8755494425731,2.982000000000000000e+03
550.951172094361,2.999000000000000000e+03
551.0267951682852,3.004000000000000000e+03
551.1024165301448,3.007000000000000000e+03
551.1779790561093,3.006000000000000000e+03
551.2536012026161,3.017000000000000000e+03
551.3292237372492,3.022000000000000000e+03
551.4047855382855,3.033000000000000000e+03
551.4804066788231,3.029000000000000000e+03
551.5560303111364,3.038000000000000000e+03
551.6315910047903,3.050000000000000000e+03
551.7072150175466,3.062000000000000000e+03
551.7828375420726,3.066000000000000000e+03
551.8583991818102,3.086000000000000000e+03
551.9340205121266,3.076000000000000000e+03
552.0096436778041,3.053000000000000000e+03
552.0852040546326,3.073000000000000000e+03
552.1608281083562,3.112000000000000000e+03
552.2363887123648,3.116000000000000000e+03
552.3120111809802,3.129000000000000000e+03
552.3876339198484,3.114000000000000000e+03
552.4631955723437,3.113000000000000000e+03
552.5388185047575,3.108000000000000000e+03
552.614380300461,3.123000000000000000e+03
552.6900021708618,3.124000000000000000e+03
552.765564075718,3.115000000000000000e+03
552.8411860712373,3.154000000000000000e+03
552.9168082777293,3.136000000000000000e+03
552.9923707499584,3.126000000000000000e+03
553.0679933370403,3.162000000000000000e+03
553.1435543046211,3.145000000000000000e+03
553.2191769324178,3.179000000000000000e+03
553.2947381962192,3.166000000000000000e+03
553.3703611371725,3.157000000000000000e+03
553.4459223575054,3.184000000000000000e+03
553.521545578136,3.184000000000000000e+03
553.5971070276289,3.189000000000000000e+03
553.6727301879512,3.205000000000000000e+03
553.74829183306,3.186000000000000000e+03
553.823851714682,3.174000000000000000e+03
553.8994751723073,3.195000000000000000e+03
553.9750367322185,3.225000000000000000e+03
554.050658510177,3.239000000000000000e+03
554.1262201811371,3.203000000000000000e+03
554.2018439290302,3.230000000000000000e+03
554.2774053707294,3.234000000000000000e+03
554.3529671374815,3.266000000000000000e+03
554.4285888549837,3.247000000000000000e+03
554.5041506486573,3.277000000000000000e+03
554.579712127434,3.272000000000000000e+03
554.6553335805664,3.279000000000000000e+03
554.7308950353918,3.275000000000000000e+03
554.8065186350868,3.274000000000000000e+03
554.8820800328116,3.310000000000000000e+03
554.9576410728757,3.293000000000000000e+03
555.0332642831411,3.324000000000000000e+03
555.108825215094,3.325000000000000000e+03
555.1843863800646,3.319000000000000000e+03
555.2599490030949,3.353000000000000000e+03
555.3355716725129,3.369000000000000000e+03
555.4111322702728,3.352000000000000000e+03
555.486694610333,3.371000000000000000e+03
555.5623170204691,3.371000000000000000e+03
555.6378788265472,3.383000000000000000e+03
555.7134408077316,3.389000000000000000e+03
555.7890023379755,3.403000000000000000e+03
555.8646239696742,3.400000000000000000e+03
555.9401852063803,3.431000000000000000e+03
556.0157462753666,3.417000000000000000e+03
556.0913090235443,3.440000000000000000e+03
556.1668694227267,3.462000000000000000e+03
556.2424921284115,3.445000000000000000e+03
556.3180540060974,3.469000000000000000e+03
556.3936159838638,3.474000000000000000e+03
556.46917743411,3.478000000000000000e+03
556.544738657784,3.478000000000000000e+03
556.6202993365139,3.510000000000000000e+03
556.6959226832005,3.491000000000000000e+03
556.7714847427467,3.499000000000000000e+03
556.8470468524312,3.507000000000000000e+03
556.9226065226395,3.517000000000000000e+03
556.9981696377276,3.520000000000000000e+03
557.0737306061917,3.526000000000000000e+03
557.1492912804306,3.548000000000000000e+03
557.2248535148585,3.548000000000000000e+03
557.3004154389016,3.556000000000000000e+03
557.3759767333004,3.562000000000000000e+03
557.451598607399,3.568000000000000000e+03
557.5271614300829,3.577000000000000000e+03
557.6027217325554,3.594000000000000000e+03
557.6782835475029,3.578000000000000000e+03
557.7538450012918,3.582000000000000000e+03
557.8294060853028,3.595000000000000000e+03
557.9049686584602,3.589000000000000000e+03
557.9805305342576,3.599000000000000000e+03
558.0560904581027,3.597000000000000000e+03
558.1316534042687,3.637000000000000000e+03
558.2072143813721,3.599000000000000000e+03
558.2827764962979,3.609000000000000000e+03
558.3583381828406,3.630000000000000000e+03
558.4338994323449,3.598000000000000000e+03
558.5094602361507,3.631000000000000000e+03
558.5850224576968,3.648000000000000000e+03
558.6605230453073,3.659000000000000000e+03
558.7360843175928,3.659000000000000000e+03
558.8116447982349,3.653000000000000000e+03
558.8872066647817,3.654000000000000000e+03
558.9627683478695,3.676000000000000000e+03
559.0383292140123,3.679000000000000000e+03
559.1138914425185,3.660000000000000000e+03
559.1894531500513,3.702000000000000000e+03
559.2650140151281,3.685000000000000000e+03
559.3405155236203,3.713000000000000000e+03
559.4160774775995,3.718000000000000000e+03
559.491638563738,3.734000000000000000e+03
559.5671990861741,3.725000000000000000e+03
559.6427612285802,3.756000000000000000e+03
559.7183224777227,3.743000000000000000e+03
559.7938239112091,3.760000000000000000e+03
559.8693855251184,3.733000000000000000e+03
559.9449468470373,3.768000000000000000e+03
560.0205075548458,3.787000000000000000e+03
560.0960695220344,3.806000000000000000e+03
560.1715693553381,3.795000000000000000e+03
560.2471316053342,3.787000000000000000e+03
560.3226935219939,3.804000000000000000e+03
560.3982544687057,3.799000000000000000e+03
560.4737553798353,3.841000000000000000e+03
560.549316857351,3.824000000000000000e+03
560.6248776534629,3.849000000000000000e+03
560.70037802624,3.838000000000000000e+03
560.7759393038835,3.869000000000000000e+03
560.8515017620771,3.864000000000000000e+03
560.9270018364357,3.880000000000000000e+03
561.0025625253518,3.885000000000000000e+03
561.0781246855694,3.915000000000000000e+03
561.1536262760454,3.923000000000000000e+03
561.2291866163674,3.917000000000000000e+03
561.304748089255,3.932000000000000000e+03
561.3802492335784,3.934000000000000000e+03
561.4558107265045,3.952000000000000000e+03
561.5313717522904,3.947000000000000000e+03
561.6068723759059,3.963000000000000000e+03
561.6824333719698,3.977000000000000000e+03
561.7579339169324,3.992000000000000000e+03
561.8334954817075,3.995000000000000000e+03
561.9089955995389,3.988000000000000000e+03
561.9845564375671,4.003000000000000000e+03
562.0601218043322,4.005000000000000000e+03
562.1356190160956,4.009000000000000000e+03
562.2111807638972,3.996000000000000000e+03
562.2866837867199,4.031000000000000000e+03
562.3622450420103,4.029000000000000000e+03
562.4377443607594,4.035000000000000000e+03
562.5133050891404,4.007000000000000000e+03
562.5888069961169,4.052000000000000000e+03
562.6643671648543,4.077000000000000000e+03
562.739868463935,4.050000000000000000e+03
562.8154280394092,4.051000000000000000e+03
562.8909286969488,4.092000000000000000e+03
562.9664305978828,4.083000000000000000e+03
563.0419939681478,4.091000000000000000e+03
563.1174920085415,4.089000000000000000e+03
563.19305470474,4.095000000000000000e+03
563.2685551920358,4.114000000000000000e+03
563.3440568835294,4.105000000000000000e+03
563.419616911542,4.122000000000000000e+03
563.4951146546897,4.126000000000000000e+03
563.5706770994776,4.120000000000000000e+03
563.6461803879624,4.123000000000000000e+03
563.7216816652208,4.134000000000000000e+03
563.7972413162915,4.144000000000000000e+03
563.8727417375509,4.133000000000000000e+03
563.948243300408,4.162000000000000000e+03
564.0238032597638,4.137000000000000000e+03
564.0993039174446,4.171000000000000000e+03
564.1748025104577,4.178000000000000000e+03
564.2503658884998,4.179000000000000000e+03
564.3258667100131,4.201000000000000000e+03
564.4013686264184,4.218000000000000000e+03
564.4768684441426,4.220000000000000000e+03
564.5524298972744,4.191000000000000000e+03
564.6279318813953,4.206000000000000000e+03
564.7034317408531,4.221000000000000000e+03
564.7789326555933,4.230000000000000000e+03
564.8544314277575,4.251000000000000000e+03
564.9299918767013,4.255000000000000000e+03
565.005495928257,4.257000000000000000e+03
565.0809946197296,4.258000000000000000e+03
565.1564943267665,4.253000000000000000e+03
565.2319918472216,4.263000000000000000e+03
565.3075574772264,4.282000000000000000e+03
565.3830570069348,4.289000000000000000e+03
565.4585575213804,4.261000000000000000e+03
565.5340558149843,4.280000000000000000e+03
565.6095582761728,4.301000000000000000e+03
565.6850585002172,4.307000000000000000e+03
565.760556477251,4.328000000000000000e+03
565.8360618025167,4.360000000000000000e+03
565.9116225122199,4.329000000000000000e+03
565.9871233197282,4.363000000000000000e+03
566.0626218458439,4.400000000000000000e+03
566.1381244909254,4.410000000000000000e+03
566.2136216322725,4.449000000000000000e+03
566.289126084757,4.465000000000000000e+03
566.3646250154166,4.486000000000000000e+03
566.4401248288668,4.449000000000000000e+03
566.5156223083626,4.507000000000000000e+03
566.5911238644974,4.516000000000000000e+03
566.666626281373,4.510000000000000000e+03
566.7421263396649,4.518000000000000000e+03
566.8176240294433,4.535000000000000000e+03
566.8931289818083,4.517000000000000000e+03
566.9686283363882,4.535000000000000000e+03
567.044128511452,4.531000000000000000e+03
567.1196262833736,4.529000000000000000e+03
567.1951280764068,4.558000000000000000e+03
567.2706306677735,4.543000000000000000e+03
567.3460696737624,4.558000000000000000e+03
567.4215706028087,4.579000000000000000e+03
567.4970690857559,4.545000000000000000e+03
567.5725715554013,4.564000000000000000e+03
567.6480715624202,4.577000000000000000e+03
567.7235723199296,4.594000000000000000e+03
567.7990705965543,4.560000000000000000e+03
567.8745728319317,4.579000000000000000e+03
567.9500112820856,4.596000000000000000e+03
568.0255117228037,4.598000000000000000e+03
568.1010128751681,4.608000000000000000e+03
568.1765115034954,4.595000000000000000e+03
568.2520140559766,4.609000000000000000e+03
568.327455928513,4.620000000000000000e+03
568.4029533742392,4.623000000000000000e+03
568.478454722623,4.622000000000000000e+03
568.5539535037092,4.615000000000000000e+03
568.6293947397575,4.581000000000000000e+03
568.7048948100362,4.630000000000000000e+03
568.7803955214323,4.610000000000000000e+03
568.8558968664703,4.620000000000000000e+03
568.9313373379196,4.626000000000000000e+03
569.0068366737867,4.641000000000000000e+03
569.0823366191238,4.612000000000000000e+03
569.1577756177235,4.640000000000000000e+03
569.2332767431898,4.676000000000000000e+03
569.3087752145101,4.638000000000000000e+03
569.3842159078702,4.675000000000000000e+03
569.4597155117148,4.643000000000000000e+03
569.5352189219938,4.638000000000000000e+03
569.6106547533757,4.662000000000000000e+03
569.6861592519366,4.670000000000000000e+03
569.7615961204366,4.680000000000000000e+03
569.8370951828829,4.677000000000000000e+03
569.9125980167112,4.678000000000000000e+03
569.9880363908212,4.703000000000000000e+03
570.063540235015,4.710000000000000000e+03
570.1389763193972,4.730000000000000000e+03
570.2144778914571,4.734000000000000000e+03
570.2899149030349,4.753000000000000000e+03
570.3654174215969,4.752000000000000000e+03
570.4408585841445,4.734000000000000000e+03
570.516355510032,4.757000000000000000e+03
570.5917975400971,4.791000000000000000e+03
570.6672953476274,4.792000000000000000e+03
570.7427349574187,4.781000000000000000e+03
570.8182368737373,4.823000000000000000e+03
570.8936740294567,4.796000000000000000e+03
570.9691767675921,4.839000000000000000e+03
571.044617956385,4.839000000000000000e+03
571.120118225025,4.872000000000000000e+03
571.1955568946336,4.866000000000000000e+03
571.2709959150741,4.887000000000000000e+03
571.3464973017159,4.871000000000000000e+03
571.4219370173379,4.895000000000000000e+03
571.4974358505949,4.878000000000000000e+03
571.5728729630794,4.915000000000000000e+03
571.6483169221735,4.927000000000000000e+03
571.7238167556269,4.945000000000000000e+03
571.7992547962239,4.942000000000000000e+03
571.874696395271,4.936000000000000000e+03
571.9501938880238,4.956000000000000000e+03
572.0256327861869,4.983000000000000000e+03
572.1010752224225,4.970000000000000000e+03
572.1765735734161,4.965000000000000000e+03
572.2520132602132,5.011000000000000000e+03
572.3274531890821,5.013000000000000000e+03
572.4028933523459,5.036000000000000000e+03
572.4783960113044,4.995000000000000000e+03
572.5538333585442,4.998000000000000000e+03
572.6292741944405,5.034000000000000000e+03
572.7047119540778,5.037000000000000000e+03
572.780212242593,5.030000000000000000e+03
572.8556503993934,5.047000000000000000e+03
572.9310920175104,5.022000000000000000e+03
573.0065305250978,5.059000000000000000e+03
573.0819691960772,5.040000000000000000e+03
573.1574080227304,5.038000000000000000e+03
573.232909430562,5.014000000000000000e+03
573.3083485618251,5.061000000000000000e+03
573.3837911132744,5.056000000000000000e+03
573.4592305026606,5.052000000000000000e+03
573.5346700090696,5.034000000000000000e+03
573.6101096247586,5.063000000000000000e+03
573.6855493419805,5.047000000000000000e+03
573.7609858609676,5.047000000000000000e+03
573.8364257571322,5.042000000000000000e+03
573.9118624378157,5.058000000000000000e+03
573.9873057764995,5.044000000000000000e+03
574.0627425886909,5.057000000000000000e+03
574.1382453810519,5.083000000000000000e+03
574.2136823092575,5.068000000000000000e+03
574.2891225732211,5.067000000000000000e+03
574.3645628688121,5.066000000000000000e+03
574.4399404917988,5.051000000000000000e+03
574.5153808108072,5.070000000000000000e+03
574.5908178365182,5.078000000000000000e+03
574.6662581633567,5.100000000000000000e+03
574.7416984828392,5.064000000000000000e+03
574.8171387871569,5.101000000000000000e+03
574.8925790684976,5.092000000000000000e+03
574.9680160131622,5.102000000000000000e+03
575.0434562242268,5.095000000000000000e+03
575.1188930812343,5.112000000000000000e+03
575.1943364992081,5.111000000000000000e+03
575.2697765474628,5.153000000000000000e+03
575.3451536315831,5.133000000000000000e+03
575.4205935156243,5.122000000000000000e+03
575.4960333140378,5.125000000000000000e+03
575.5714730189743,5.143000000000000000e+03
575.6469093088864,5.137000000000000000e+03
575.7223521169975,5.169000000000000000e+03
575.7977285011834,5.147000000000000000e+03
575.8731677371276,5.178000000000000000e+03
575.9486101574518,5.189000000000000000e+03
576.0240491208147,5.219000000000000000e+03
576.0994281953324,5.229000000000000000e+03
576.1748668380864,5.230000000000000000e+03
576.2503053165299,5.254000000000000000e+03
576.3257436227722,5.246000000000000000e+03
576.401121946027,5.266000000000000000e+03
576.4765631917769,5.267000000000000000e+03
576.5520009192454,5.289000000000000000e+03
576.627378593058,5.260000000000000000e+03
576.7028192152051,5.286000000000000000e+03
576.7782596194585,5.293000000000000000e+03
576.8536365734708,5.307000000000000000e+03
576.9290798301113,5.311000000000000000e+03
577.0045161881444,5.353000000000000000e+03
577.0798956812308,5.364000000000000000e+03
577.1553348449369,5.307000000000000000e+03
577.2307737431714,5.327000000000000000e+03
577.3061523771543,5.358000000000000000e+03
577.3815940386273,5.331000000000000000e+03
577.4569687212091,5.398000000000000000e+03
577.5324097821534,5.396000000000000000e+03
577.6077871497567,5.384000000000000000e+03
577.6832275791974,5.398000000000000000e+03
577.7586042662564,5.403000000000000000e+03
577.8340473712362,5.448000000000000000e+03
577.9094233467189,5.395000000000000000e+03
577.9848624183549,5.414000000000000000e+03
578.06024099099,5.416000000000000000e+03
578.1356826786689,5.427000000000000000e+03
578.2110604784385,5.398000000000000000e+03
578.2865014103915,5.435000000000000000e+03
578.3618750602704,5.450000000000000000e+03
578.4373152036164,5.443000000000000000e+03
578.5126947075182,5.433000000000000000e+03
578.5880737744064,5.483000000000000000e+03
578.6635160180301,5.438000000000000000e+03
578.7388908540094,5.474000000000000000e+03
578.8143322323514,5.458000000000000000e+03
578.8897095032095,5.464000000000000000e+03
578.9650862969057,5.470000000000000000e+03
579.0405296629765,5.464000000000000000e+03
579.1159054956761,5.451000000000000000e+03
579.1912841817008,5.461000000000000000e+03
579.2667227590988,5.474000000000000000e+03
579.3421004375672,5.452000000000000000e+03
579.4174809495532,5.470000000000000000e+03
579.4928575733711,5.454000000000000000e+03
579.5682974782039,5.463000000000000000e+03
579.6436763906835,5.482000000000000000e+03
579.7190547488921,5.480000000000000000e+03
579.7944325447469,5.475000000000000000e+03
579.8698736574771,5.435000000000000000e+03
579.9452503209693,5.449000000000000000e+03
580.0206297620755,5.475000000000000000e+03
580.0960086102061,5.467000000000000000e+03
580.1713868572579,5.445000000000000000e+03
580.2467678619868,5.446000000000000000e+03
580.3222055027192,5.483000000000000000e+03
580.3975819144985,5.496000000000000000e+03
580.472964431725,5.484000000000000000e+03
580.5483361997073,5.484000000000000000e+03
580.6237208011142,5.490000000000000000e+03
580.6990980056318,5.478000000000000000e+03
580.774474545852,5.484000000000000000e+03
580.8498537875009,5.490000000000000000e+03
580.9252289755794,5.458000000000000000e+03
581.0006743628959,5.532000000000000000e+03
581.0760481837603,5.497000000000000000e+03
581.1514280543308,5.519000000000000000e+03
581.2268072152121,5.524000000000000000e+03
581.3021822791188,5.543000000000000000e+03
581.3775633752501,5.532000000000000000e+03
581.4529437389426,5.543000000000000000e+03
581.5283199802694,5.507000000000000000e+03
581.6036988536778,5.541000000000000000e+03
581.6790160670166,5.535000000000000000e+03
581.7543934024975,5.561000000000000000e+03
581.8297699646201,5.589000000000000000e+03
581.9051525174606,5.549000000000000000e+03
581.9805308970429,5.585000000000000000e+03
582.0559084804219,5.611000000000000000e+03
582.1312852593902,5.603000000000000000e+03
582.206668005028,5.586000000000000000e+03
582.2820397617667,5.633000000000000000e+03
582.3574242532981,5.640000000000000000e+03
582.4327366749485,5.606000000000000000e+03
582.508116082625,5.629000000000000000e+03
582.5834946400697,5.659000000000000000e+03
582.658872339047,5.655000000000000000e+03
582.7342525671091,5.684000000000000000e+03
582.8095673852416,5.686000000000000000e+03
582.8849492395216,5.674000000000000000e+03
582.9603268074364,5.719000000000000000e+03
583.0357068767066,5.700000000000000000e+03
583.1110214380087,5.722000000000000000e+03
583.1864030744695,5.714000000000000000e+03
583.2617769878166,5.745000000000000000e+03
583.3371601786139,5.745000000000000000e+03
583.4124743613642,5.756000000000000000e+03
583.4878556582576,5.737000000000000000e+03
583.5632325991093,5.752000000000000000e+03
583.6385472652148,5.746000000000000000e+03
583.7139290751193,5.741000000000000000e+03
583.7893065032263,5.773000000000000000e+03
583.8646249949269,5.780000000000000000e+03
583.9400004322508,5.804000000000000000e+03
584.0153168866366,5.814000000000000000e+03
584.0907005347968,5.792000000000000000e+03
584.1660763462396,5.815000000000000000e+03
584.2413965200363,5.791000000000000000e+03
584.3167736762043,5.803000000000000000e+03
584.3920917365156,5.795000000000000000e+03
584.4674702084938,5.824000000000000000e+03
584.5427861228587,5.817000000000000000e+03
584.6181658817017,5.803000000000000000e+03
584.6934796176279,5.819000000000000000e+03
584.7688572148127,5.808000000000000000e+03
584.8441755797492,5.780000000000000000e+03
584.919554404934,5.811000000000000000e+03
584.9948739529473,5.798000000000000000e+03
585.0702539779767,5.811000000000000000e+03
585.145567832981,5.797000000000000000e+03
585.2208873808705,5.789000000000000000e+03
585.2962674300239,5.822000000000000000e+03
585.3715812355221,5.782000000000000000e+03
585.446962410467,5.769000000000000000e+03
585.522277293224,5.798000000000000000e+03
585.5975978392732,5.815000000000000000e+03
585.6729720672993,5.780000000000000000e+03
585.7482902189189,5.811000000000000000e+03
585.8236071536562,5.833000000000000000e+03
585.8989880858402,5.802000000000000000e+03
585.9743025783406,5.803000000000000000e+03
586.0496192632522,5.803000000000000000e+03
586.1249381347992,5.779000000000000000e+03
586.200317604434,5.827000000000000000e+03
586.2756374097312,5.798000000000000000e+03
586.3509525064017,5.814000000000000000e+03
586.4262697612708,5.784000000000000000e+03
586.5016510856912,5.800000000000000000e+03
586.576965774025,5.799000000000000000e+03
586.6522825996321,5.824000000000000000e+03
586.7275981142149,5.822000000000000000e+03
586.8029157526896,5.837000000000000000e+03
586.878297505942,5.805000000000000000e+03
586.9536125003841,5.815000000000000000e+03
587.0289295977367,5.831000000000000000e+03
587.1042487921765,5.859000000000000000e+03
587.1795666300785,5.850000000000000000e+03
587.2548831029591,5.852000000000000000e+03
587.3301982023304,5.845000000000000000e+03
587.4055153701529,5.884000000000000000e+03
587.4808346005856,5.866000000000000000e+03
587.5561558877838,5.885000000000000000e+03
587.631468866577,5.912000000000000000e+03
587.7067838851247,5.903000000000000000e+03
587.78216658026,5.906000000000000000e+03
587.8574856775697,5.885000000000000000e+03
587.9328033404089,5.925000000000000000e+03
588.0080538670875,5.913000000000000000e+03
588.0833720770029,5.924000000000000000e+03
588.1586888286358,5.960000000000000000e+03
588.234007573644,5.953000000000000000e+03
588.3093248450679,5.942000000000000000e+03
588.3846440963296,6.008000000000000000e+03
588.4599618586897,5.994000000000000000e+03
588.5352781235977,5.983000000000000000e+03
588.6105963471232,6.003000000000000000e+03
588.6859130578563,5.970000000000000000e+03
588.761231713632,6.007000000000000000e+03
588.8364864301399,6.031000000000000000e+03
588.9118020050827,6.046000000000000000e+03
588.9871195037894,6.036000000000000000e+03
589.0624389203426,6.053000000000000000e+03
589.1377567779897,6.060000000000000000e+03
589.2130730681441,6.076000000000000000e+03
589.2883287478853,6.052000000000000000e+03
589.3636453356847,6.056000000000000000e+03
589.4389638063658,6.079000000000000000e+03
589.5142806787193,6.075000000000000000e+03
589.5895403256021,6.057000000000000000e+03
589.6648574383153,6.100000000000000000e+03
589.740176406581,6.096000000000000000e+03
589.8154276479908,6.136000000000000000e+03
589.8907468120178,6.143000000000000000e+03
589.9660643313503,6.121000000000000000e+03
590.0413210120631,6.110000000000000000e+03
590.1166352010036,6.110000000000000000e+03
590.1919546858783,6.096000000000000000e+03
590.2672132644499,6.108000000000000000e+03
590.3425293741994,6.130000000000000000e+03
590.4177880160598,6.103000000000000000e+03
590.4931042037921,6.151000000000000000e+03
590.568418683014,6.115000000000000000e+03
590.643675627467,6.127000000000000000e+03
590.7189936284246,6.141000000000000000e+03
590.7942505619948,6.130000000000000000e+03
590.8695685685237,6.112000000000000000e+03
590.9448219696872,6.142000000000000000e+03
591.0201399515241,6.088000000000000000e+03
591.0953967743105,6.106000000000000000e+03
591.1707147029425,6.101000000000000000e+03
591.2459714266577,6.111000000000000000e+03
591.3212892726514,6.100000000000000000e+03
591.3965458678394,6.095000000000000000e+03
591.4718006307248,6.118000000000000000e+03
591.547116539627,6.107000000000000000e+03
591.6223746281325,6.071000000000000000e+03
591.6976903797901,6.089000000000000000e+03
591.7729482668865,6.121000000000000000e+03
591.8482042834247,6.107000000000000000e+03
591.9235214878881,6.110000000000000000e+03
591.9987807623979,6.107000000000000000e+03
592.0740346381908,6.092000000000000000e+03
592.1493532320127,6.071000000000000000e+03
592.2246103231383,6.119000000000000000e+03
592.2998654966053,6.096000000000000000e+03
592.3751222527409,6.088000000000000000e+03
592.4504402550338,6.118000000000000000e+03
592.5256966625434,6.121000000000000000e+03
592.6009511209176,6.093000000000000000e+03
592.6762106466866,6.100000000000000000e+03
592.7515244260364,6.080000000000000000e+03
592.8267835455117,6.119000000000000000e+03
592.9020371707703,6.123000000000000000e+03
592.9772958390107,6.143000000000000000e+03
593.0525489954576,6.163000000000000000e+03
593.1278071826566,6.154000000000000000e+03
593.2031266995527,6.139000000000000000e+03
593.2783808730474,6.152000000000000000e+03
593.3536365391337,6.162000000000000000e+03
593.4288936916811,6.177000000000000000e+03
593.5041488020836,6.169000000000000000e+03
593.5794089082539,6.179000000000000000e+03
593.6546634339551,6.211000000000000000e+03
593.729919417986,6.199000000000000000e+03
593.8051733281523,6.207000000000000000e+03
593.8804322095,6.208000000000000000e+03
593.955689002888,6.204000000000000000e+03
594.0309472282032,6.219000000000000000e+03
594.1061998200399,6.230000000000000000e+03
594.1814573584147,6.176000000000000000e+03
594.2567163084306,6.236000000000000000e+03
594.3319695993049,6.260000000000000000e+03
594.4072278190921,6.246000000000000000e+03
594.4824803620132,6.255000000000000000e+03
594.5577413564724,6.274000000000000000e+03
594.6329931222317,6.262000000000000000e+03
594.7082533289405,6.285000000000000000e+03
594.7834441469494,6.275000000000000000e+03
594.85870352054,6.272000000000000000e+03
594.9339607052526,6.304000000000000000e+03
595.0092192325558,6.298000000000000000e+03
595.0844720137306,6.315000000000000000e+03
595.1596694470827,6.304000000000000000e+03
595.2349248608839,6.311000000000000000e+03
595.310178044894,6.296000000000000000e+03
595.3854360798784,6.323000000000000000e+03
595.4606918708308,6.361000000000000000e+03
595.5358886627483,6.326000000000000000e+03
595.611147019589,6.312000000000000000e+03
595.6864031092157,6.333000000000000000e+03
595.7615965842728,6.376000000000000000e+03
595.836855197865,6.340000000000000000e+03
595.9121115210278,6.348000000000000000e+03
595.9873051606659,6.359000000000000000e+03
596.0625604137975,6.329000000000000000e+03
596.1378169052595,6.371000000000000000e+03
596.2130106441916,6.351000000000000000e+03
596.2882695773723,6.350000000000000000e+03
596.3635261735925,6.345000000000000000e+03
596.4387199482267,6.348000000000000000e+03
596.5139753866564,6.337000000000000000e+03
596.5891715160268,6.317000000000000000e+03
596.6644293271388,6.350000000000000000e+03
596.739624225117,6.336000000000000000e+03
596.8148808209818,6.332000000000000000e+03
596.8900744570072,6.359000000000000000e+03
596.9653333707323,6.355000000000000000e+03
597.0405257151125,6.348000000000000000e+03
597.115786920592,6.337000000000000000e+03
597.1909779436049,6.322000000000000000e+03
597.2662342801653,6.330000000000000000e+03
597.3414275184313,6.330000000000000000e+03
597.4166254158234,6.323000000000000000e+03
597.491885088153,6.326000000000000000e+03
597.5670780238231,6.331000000000000000e+03
597.6423327487403,6.313000000000000000e+03
597.7175242592349,6.328000000000000000e+03
597.792720398088,6.315000000000000000e+03
597.8679783530253,6.309000000000000000e+03
597.9431801766776,6.361000000000000000e+03
598.0183687346421,6.308000000000000000e+03
598.0936227072775,6.291000000000000000e+03
598.1688204827943,6.319000000000000000e+03
598.2440156960317,6.296000000000000000e+03
598.3192119177841,6.321000000000000000e+03
598.3944735953452,6.295000000000000000e+03
598.4696646678975,6.305000000000000000e+03
598.5448638913675,6.285000000000000000e+03
598.6200605143976,6.322000000000000000e+03
598.6952545279034,6.336000000000000000e+03
598.7705032869707,6.290000000000000000e+03
598.845702827054,6.311000000000000000e+03
598.9209033228055,6.314000000000000000e+03
598.9960940039387,6.325000000000000000e+03
599.0712892114018,6.307000000000000000e+03
599.1464853517283,6.319000000000000000e+03
599.2216788278446,6.314000000000000000e+03
599.2968768137707,6.301000000000000000e+03
599.3720685283897,6.316000000000000000e+03
599.4472683333562,6.355000000000000000e+03
599.5225229531976,6.324000000000000000e+03
599.5977173765003,6.317000000000000000e+03
599.6729126841367,6.359000000000000000e+03
599.7481088696748,6.353000000000000000e+03
599.8232987309193,6.339000000000000000e+03
599.8985002499289,6.334000000000000000e+03
599.9736306356483,6.348000000000000000e+03
600.0488302503571,6.375000000000000000e+03
600.1240271092662,6.372000000000000000e+03
600.1992212032151,6.377000000000000000e+03
600.274408919746,6.373000000000000000e+03
600.3496082679649,6.390000000000000000e+03
600.4248084342357,6.373000000000000000e+03
600.499998594085,6.398000000000000000e+03
600.5751931605373,6.394000000000000000e+03
600.6503235814662,6.415000000000000000e+03
600.7255197152398,6.391000000000000000e+03
600.8007166310834,6.381000000000000000e+03
600.875914322513,6.393000000000000000e+03
600.9511163944641,6.407000000000000000e+03
601.0262433719869,6.425000000000000000e+03
601.1014361076029,6.476000000000000000e+03
601.1766404316174,6.434000000000000000e+03
601.2518346554406,6.455000000000000000e+03
601.3269681412486,6.481000000000000000e+03
601.4021565754814,6.446000000000000000e+03
601.4773565793163,6.453000000000000000e+03
601.55249578129,6.439000000000000000e+03
601.6276863350764,6.440000000000000000e+03
601.7028775856559,6.475000000000000000e+03
601.7780115846128,6.433000000000000000e+03
601.8532078169892,6.480000000000000000e+03
601.9284011052009,6.472000000000000000e+03
602.0035370787526,6.488000000000000000e+03
602.0787353122603,6.493000000000000000e+03
602.1538653131911,6.509000000000000000e+03
602.2290648417321,6.526000000000000000e+03
602.3041960901958,6.484000000000000000e+03
602.3793896303448,6.452000000000000000e+03
602.4545329868457,6.449000000000000000e+03
602.52972050603,6.492000000000000000e+03
602.6048541681286,6.478000000000000000e+03
602.6800537894703,6.527000000000000000e+03
602.7551886194266,6.463000000000000000e+03
602.8303821600039,6.488000000000000000e+03
602.9055217646458,6.493000000000000000e+03
602.9807128258426,6.477000000000000000e+03
603.055846272166,6.446000000000000000e+03
603.1309766185691,6.448000000000000000e+03
603.2061729886882,6.464000000000000000e+03
603.281308042969,6.460000000000000000e+03
603.3564436151993,6.470000000000000000e+03
603.4316452421198,6.476000000000000000e+03
603.5067745623387,6.463000000000000000e+03
603.5819116632719,6.479000000000000000e+03
603.6571039159869,6.447000000000000000e+03
603.732238361985,6.488000000000000000e+03
603.8073696385936,6.504000000000000000e+03
603.8825123234259,6.483000000000000000e+03
603.9576992468579,6.457000000000000000e+03
604.0328355724649,6.422000000000000000e+03
604.1079723479853,6.455000000000000000e+03
604.1831095667776,6.452000000000000000e+03
604.2582983401253,6.433000000000000000e+03
604.3334364382367,6.457000000000000000e+03
604.4085676534826,6.465000000000000000e+03
604.4836992817685,6.454000000000000000e+03
604.5588422811774,6.448000000000000000e+03
604.6339747182885,6.444000000000000000e+03
604.7091075484526,6.450000000000000000e+03
604.7842444226404,6.437000000000000000e+03
604.859378019808,6.457000000000000000e+03
604.9345046710955,6.466000000000000000e+03
605.009704892442,6.449000000000000000e+03
605.0848359419433,6.458000000000000000e+03
605.1599746669862,6.453000000000000000e+03
605.23510275086,6.432000000000000000e+03
605.310245826721,6.459000000000000000e+03
605.3853159408447,6.421000000000000000e+03
605.4604486674336,6.461000000000000000e+03
605.535581711707,6.488000000000000000e+03
605.6107150669574,6.458000000000000000e+03
605.6858487264751,6.470000000000000000e+03
605.7609863530097,6.465000000000000000e+03
605.8361242722013,6.486000000000000000e+03
605.9112514634761,6.475000000000000000e+03
605.9863899450862,6.459000000000000000e+03
606.0615286991821,6.470000000000000000e+03
606.1365942387108,6.531000000000000000e+03
606.2117261495124,6.486000000000000000e+03
606.2868656606279,6.491000000000000000e+03
606.3619980637881,6.493000000000000000e+03
606.4370718595482,6.486000000000000000e+03
606.5122047116855,6.521000000000000000e+03
606.5873377854751,6.523000000000000000e+03
606.6624747545558,6.495000000000000000e+03
606.7375456701113,6.511000000000000000e+03
606.8126830359437,6.515000000000000000e+03
606.8878205982112,6.521000000000000000e+03
606.9628957214667,6.506000000000000000e+03
607.0380225859356,6.516000000000000000e+03
607.1131606786419,6.536000000000000000e+03
607.1882288919476,6.533000000000000000e+03
607.2633709869046,6.547000000000000000e+03
607.3385021736576,6.516000000000000000e+03
607.4135707840262,6.508000000000000000e+03
607.4887096199877,6.528000000000000000e+03
607.5637821472627,6.551000000000000000e+03
607.6389138462803,6.525000000000000000e+03
607.7139865728267,6.561000000000000000e+03
607.7891221807843,6.533000000000000000e+03
607.8641950802765,6.541000000000000000e+03
607.9393308785938,6.540000000000000000e+03
608.0144039237675,6.568000000000000000e+03
608.089539885174,6.586000000000000000e+03
608.1646130487377,6.540000000000000000e+03
608.2397417468239,6.561000000000000000e+03
608.3148187001017,6.542000000000000000e+03
608.3898956827247,6.563000000000000000e+03
608.4650245200035,6.534000000000000000e+03
608.5401015535813,6.541000000000000000e+03
608.6151785959717,6.555000000000000000e+03
608.6903112159022,6.554000000000000000e+03
608.7653771512115,6.578000000000000000e+03
608.8404578967535,6.555000000000000000e+03
608.9155905344547,6.556000000000000000e+03
608.990660126277,6.552000000000000000e+03
609.0657296820973,6.570000000000000000e+03
609.1408659845031,6.563000000000000000e+03
609.2159465984835,6.561000000000000000e+03
609.2910160242585,6.565000000000000000e+03
609.3660890997941,6.560000000000000000e+03
609.4411621067635,6.573000000000000000e+03
609.5162981949915,6.526000000000000000e+03
609.591371059717,6.557000000000000000e+03
609.6664438352011,6.541000000000000000e+03
609.7415165145444,6.561000000000000000e+03
609.8165928096073,6.563000000000000000e+03
609.8916652768738,6.549000000000000000e+03
609.9667339066874,6.566000000000000000e+03
610.041806132408,6.564000000000000000e+03
610.1168819498673,6.553000000000000000e+03
610.1919576315516,6.569000000000000000e+03
610.2670257220219,6.574000000000000000e+03
610.3421011095528,6.565000000000000000e+03
610.4171800666223,6.538000000000000000e+03
610.4922476810158,6.580000000000000000e+03
610.5673225771701,6.561000000000000000e+03
610.6423935671218,6.546000000000000000e+03
610.7174681006938,6.570000000000000000e+03
610.7925387123403,6.591000000000000000e+03
610.8676165871373,6.530000000000000000e+03
610.9426867935962,6.538000000000000000e+03
611.0177642529652,6.570000000000000000e+03
611.0928340264109,6.563000000000000000e+03
611.1679035719891,6.562000000000000000e+03
611.2429205762214,6.550000000000000000e+03
611.3179896323122,6.568000000000000000e+03
611.3930696536677,6.563000000000000000e+03
611.4681382079762,6.582000000000000000e+03
611.543210239399,6.594000000000000000e+03
611.6182258914046,6.566000000000000000e+03
611.6932973662973,6.552000000000000000e+03
611.7683685593274,6.590000000000000000e+03
611.8434394635015,6.559000000000000000e+03
611.91845764963,6.592000000000000000e+03
611.9935279422344,6.601000000000000000e+03
612.06860167126,6.580000000000000000e+03
612.1436188772811,6.597000000000000000e+03
612.2186919554537,6.603000000000000000e+03
612.2937609555369,6.615000000000000000e+03
612.368769618424,6.573000000000000000e+03
612.443841671833,6.595000000000000000e+03
612.518860850012,6.586000000000000000e+03
612.5939321832865,6.600000000000000000e+03
612.668943094263,6.609000000000000000e+03
612.7440136774355,6.618000000000000000e+03
612.8190876378331,6.596000000000000000e+03
612.8941048689004,6.639000000000000000e+03
612.9691780415548,6.627000000000000000e+03
613.0441869267229,6.593000000000000000e+03
613.1192028943198,6.588000000000000000e+03
613.1942785838127,6.602000000000000000e+03
613.2692861585759,6.629000000000000000e+03
613.3443572287938,6.630000000000000000e+03
613.4193751865103,6.578000000000000000e+03
613.4944491348593,6.614000000000000000e+03
613.5694586386024,6.640000000000000000e+03
613.644467658833,6.648000000000000000e+03
613.7195402192466,6.639000000000000000e+03
613.794555801729,6.607000000000000000e+03
613.8695671147681,6.629000000000000000e+03
613.9446382262654,6.624000000000000000e+03
614.0196560673113,6.644000000000000000e+03
614.0946658455853,6.664000000000000000e+03
614.1696826366328,6.654000000000000000e+03
614.2447554874341,6.701000000000000000e+03
614.3197636679537,6.658000000000000000e+03
614.3947788454523,6.633000000000000000e+03
614.4697859154201,6.645000000000000000e+03
614.5448037484722,6.648000000000000000e+03
614.619873899117,6.663000000000000000e+03
614.694883044028,6.645000000000000000e+03
614.769899161373,6.695000000000000000e+03
614.8449071281832,6.690000000000000000e+03
614.9199220568489,6.656000000000000000e+03
614.994936381391,6.682000000000000000e+03
615.0699463115571,6.684000000000000000e+03
615.1449594055,6.706000000000000000e+03
615.219968088927,6.634000000000000000e+03
615.2949799236752,6.675000000000000000e+03
615.3699949053583,6.649000000000000000e+03
615.4450130295872,6.682000000000000000e+03
615.5200153487256,6.655000000000000000e+03
615.5950321611059,6.649000000000000000e+03
615.6700445181616,6.655000000000000000e+03
615.7450599927896,6.677000000000000000e+03
615.8200634112113,6.639000000000000000e+03
615.8950775175382,6.634000000000000000e+03
615.9700909303292,6.691000000000000000e+03
616.045103642399,6.691000000000000000e+03
616.1200587059649,6.681000000000000000e+03
616.1950737781215,6.649000000000000000e+03
616.2700843319404,6.679000000000000000e+03
616.3450979550751,6.678000000000000000e+03
616.4201070436227,6.646000000000000000e+03
616.4950545776754,6.674000000000000000e+03
616.5700659579935,6.662000000000000000e+03
616.6450765818348,6.639000000000000000e+03
616.720097852294,6.668000000000000000e+03
616.7950422701603,6.661000000000000000e+03
616.8700581788843,6.634000000000000000e+03
616.9450694997388,6.658000000000000000e+03
617.0200229227949,6.647000000000000000e+03
617.0950326410584,6.653000000000000000e+03
617.1700377451283,6.647000000000000000e+03
617.2449925060192,6.653000000000000000e+03
617.3200073947381,6.662000000000000000e+03
617.395013836697,6.635000000000000000e+03
617.4699660667885,6.645000000000000000e+03
617.5449822610196,6.639000000000000000e+03
617.6199327648687,6.647000000000000000e+03
617.6949472498279,6.652000000000000000e+03
617.7698959983896,6.657000000000000000e+03
617.8449087450254,6.687000000000000000e+03
617.9198595274773,6.651000000000000000e+03
617.9948705076381,6.638000000000000000e+03
618.069827119618,6.649000000000000000e+03
618.144840127084,6.661000000000000000e+03
618.2197872618343,6.626000000000000000e+03
618.2947411041071,6.622000000000000000e+03
618.3697513617161,6.643000000000000000e+03
618.44469567746,6.660000000000000000e+03
618.5196505100681,6.654000000000000000e+03
618.5946694328892,6.669000000000000000e+03
618.6696146951708,6.652000000000000000e+03
618.7445666341545,6.667000000000000000e+03
618.8195826887393,6.652000000000000000e+03
618.8945326685835,6.623000000000000000e+03
618.9694854812299,6.651000000000000000e+03
619.0444334578197,6.663000000000000000e+03
619.1194494169247,6.650000000000000000e+03
619.1943992107521,6.653000000000000000e+03
619.2693479786984,6.669000000000000000e+03
619.3442957134283,6.664000000000000000e+03
619.4192500812071,6.687000000000000000e+03
619.4942648084996,6.686000000000000000e+03
619.5692094181061,6.678000000000000000e+03
619.6441644838893,6.689000000000000000e+03
619.7191184853039,6.680000000000000000e+03
619.7940637321011,6.669000000000000000e+03
619.8690155808523,6.682000000000000000e+03
619.9439663431604,6.697000000000000000e+03
620.0189198558951,6.708000000000000000e+03
620.0938722693128,6.708000000000000000e+03
620.1688197299484,6.729000000000000000e+03
620.2437699216852,6.678000000000000000e+03
620.3187305358406,6.711000000000000000e+03
620.393678480104,6.672000000000000000e+03
620.4686252881608,6.700000000000000000e+03
620.543582504853,6.697000000000000000e+03
620.61852702112,6.696000000000000000e+03
620.6934819368186,6.712000000000000000e+03
620.7684356923214,6.697000000000000000e+03
620.8433227543279,6.730000000000000000e+03
620.9182780068074,6.699000000000000000e+03
620.9932282224137,6.697000000000000000e+03
621.0681811054573,6.673000000000000000e+03
621.1431327931294,6.729000000000000000e+03
621.2180794188941,6.696000000000000000e+03
621.2929746519387,6.716000000000000000e+03
621.3679226950109,6.689000000000000000e+03
621.4428695130218,6.686000000000000000e+03
621.5177610187308,6.735000000000000000e+03
621.5927130788318,6.727000000000000000e+03
621.6676600305892,6.722000000000000000e+03
621.7426134606835,6.720000000000000000e+03
621.8174999024244,6.724000000000000000e+03
621.8924507959133,6.726000000000000000e+03
621.9673462597708,6.698000000000000000e+03
622.0422984590124,6.696000000000000000e+03
622.1172493736544,6.719000000000000000e+03
622.1921409277729,6.724000000000000000e+03
622.2670892368434,6.711000000000000000e+03
622.3419781424883,6.662000000000000000e+03
622.4169354382018,6.698000000000000000e+03
622.4918216682801,6.716000000000000000e+03
622.5667763070498,6.708000000000000000e+03
622.6416637084727,6.711000000000000000e+03
622.7166156613104,6.699000000000000000e+03
622.791500330108,6.731000000000000000e+03
622.8664495670652,6.711000000000000000e+03
622.9413431149467,6.703000000000000000e+03
623.0162352679529,6.684000000000000000e+03
623.0911842549693,6.684000000000000000e+03
623.1660736097131,6.678000000000000000e+03
623.2409693156505,6.686000000000000000e+03
623.3159141083677,6.698000000000000000e+03
623.3908108627464,6.716000000000000000e+03
623.4656984085988,6.693000000000000000e+03
623.54065060535,6.717000000000000000e+03
623.6155430462911,6.731000000000000000e+03
623.6904262505253,6.712000000000000000e+03
623.7653157682421,6.719000000000000000e+03
623.8402738657751,6.690000000000000000e+03
623.9151643415145,6.715000000000000000e+03
623.9900494384281,6.729000000000000000e+03
624.0649369353079,6.699000000000000000e+03
624.1398346184196,6.728000000000000000e+03
624.2147191099846,6.700000000000000000e+03
624.2896137782844,6.738000000000000000e+03
624.3645615055957,6.722000000000000000e+03
624.4394531447507,6.737000000000000000e+03
624.5143432514428,6.708000000000000000e+03
624.5892357192214,6.732000000000000000e+03
624.6641227392169,6.680000000000000000e+03
624.739008204036,6.707000000000000000e+03
624.8139077217978,6.705000000000000000e+03
624.8887900572714,6.722000000000000000e+03
624.9636825322137,6.667000000000000000e+03
625.0385773339976,6.721000000000000000e+03
625.1134666425047,6.724000000000000000e+03
625.1883582645422,6.703000000000000000e+03
625.263181823586,6.714000000000000000e+03
625.3380780414589,6.715000000000000000e+03
625.4129648242472,6.686000000000000000e+03
625.4878578081264,6.691000000000000000e+03
625.5627413379577,6.760000000000000000e+03
625.6376349716288,6.704000000000000000e+03
625.7124604067309,6.729000000000000000e+03
625.7873507351937,6.690000000000000000e+03
625.8622394075853,6.709000000000000000e+03
625.9371381701984,6.721000000000000000e+03
626.0119647267263,6.714000000000000000e+03
626.0868522937308,6.683000000000000000e+03
626.1617460175852,6.717000000000000000e+03
626.2366380528313,6.708000000000000000e+03
626.3114617065921,6.713000000000000000e+03
626.3863503257447,6.711000000000000000e+03
626.4611822898413,6.759000000000000000e+03
626.5360713905895,6.704000000000000000e+03
626.6109666191869,6.742000000000000000e+03
626.6857933539325,6.698000000000000000e+03
626.7606772445703,6.708000000000000000e+03
626.8355122365108,6.707000000000000000e+03
626.9104044027886,6.721000000000000000e+03
626.985224051504,6.740000000000000000e+03
627.0601205419518,6.708000000000000000e+03
627.1349523354077,6.760000000000000000e+03
627.2098373967692,6.747000000000000000e+03
627.2846616468294,6.745000000000000000e+03
627.3595549170336,6.715000000000000000e+03
627.4343873380152,6.738000000000000000e+03
627.5092769901677,6.742000000000000000e+03
627.5841096881397,6.701000000000000000e+03
627.6589365990222,6.735000000000000000e+03
627.7338247007415,6.704000000000000000e+03
627.8086518461457,6.752000000000000000e+03
627.8834850056414,6.738000000000000000e+03
627.9583754402697,6.723000000000000000e+03
628.0332088011603,6.729000000000000000e+03
628.1080284382782,6.707000000000000000e+03
628.182858012259,6.762000000000000000e+03
628.2577527829216,6.729000000000000000e+03
628.3325785578783,6.717000000000000000e+03
628.4074142606058,6.767000000000000000e+03
628.4822361924339,6.718000000000000000e+03
628.5570680421939,6.739000000000000000e+03
628.6318979552647,6.723000000000000000e+03
628.706785214725,6.754000000000000000e+03
628.7816191526078,6.735000000000000000e+03
628.8564471797065,6.723000000000000000e+03
628.9312811520758,6.731000000000000000e+03
629.0061012851678,6.738000000000000000e+03
629.0809313073146,6.754000000000000000e+03
629.155759344112,6.722000000000000000e+03
629.2305893470999,6.785000000000000000e+03
629.3054252715824,6.728000000000000000e+03
629.380247309458,6.774000000000000000e+03
629.4550831794276,6.746000000000000000e+03
629.5299011803792,6.748000000000000000e+03
629.6047330053896,6.731000000000000000e+03
629.6795707280481,6.724000000000000000e+03
629.7543389940075,6.714000000000000000e+03
629.8291607196976,6.722000000000000000e+03
629.9039962589939,6.735000000000000000e+03
629.9788178342736,6.742000000000000000e+03
630.0536452776254,6.726000000000000000e+03
630.1284746162776,6.781000000000000000e+03
630.2032423002603,6.767000000000000000e+03
630.2780753994684,6.760000000000000000e+03
630.3529103790165,6.763000000000000000e+03
630.4277313363475,6.758000000000000000e+03
630.5025024771371,6.770000000000000000e+03
630.5773311190919,6.803000000000000000e+03
630.6521576385172,6.780000000000000000e+03
630.7269342895984,6.779000000000000000e+03
630.8017565291294,6.812000000000000000e+03
630.8765845827202,6.778000000000000000e+03
630.9513587332427,6.780000000000000000e+03
631.0261864484233,6.825000000000000000e+03
631.1009522564115,6.805000000000000000e+03
631.175787573207,6.784000000000000000e+03
631.2506087617126,6.809000000000000000e+03
631.3253799341081,6.752000000000000000e+03
631.400208688403,6.818000000000000000e+03
631.4749754310345,6.836000000000000000e+03
631.5498037567131,6.806000000000000000e+03
631.6245780075234,6.822000000000000000e+03
631.6993420335924,6.814000000000000000e+03
631.7741716576955,6.817000000000000000e+03
631.8489391655564,6.830000000000000000e+03
631.923764305041,6.814000000000000000e+03
631.9985312783703,6.811000000000000000e+03
632.0733039606179,6.820000000000000000e+03
632.1481342990165,6.859000000000000000e+03
632.2228944223607,6.801000000000000000e+03
632.2976642345945,6.870000000000000000e+03
632.3724997216107,6.835000000000000000e+03
632.4472649272958,6.848000000000000000e+03
632.5220358114818,6.850000000000000000e+03
632.5968083701387,6.815000000000000000e+03
632.6716346337209,6.852000000000000000e+03
632.746402531009,6.847000000000000000e+03
632.8211640744752,6.905000000000000000e+03
632.895939281213,6.861000000000000000e+03
632.9707001090119,6.875000000000000000e+03
633.0454705862102,6.860000000000000000e+03
633.1202346797379,6.852000000000000000e+03
633.1950124256075,6.841000000000000000e+03
633.2698318993826,6.824000000000000000e+03
633.3446048767886,6.871000000000000000e+03
633.4193754528278,6.867000000000000000e+03
633.4941436195448,6.884000000000000000e+03
633.5689053548851,6.854000000000000000e+03
633.6436807232593,6.835000000000000000e+03
633.718441616138,6.874000000000000000e+03
633.7932121186539,6.847000000000000000e+03
633.8679199094199,6.826000000000000000e+03
633.9426855028164,6.886000000000000000e+03
634.0174606961399,6.881000000000000000e+03
634.0922213655654,6.858000000000000000e+03
634.1669876029633,6.878000000000000000e+03
634.2417553834099,6.846000000000000000e+03
634.3165327489089,6.882000000000000000e+03
634.3912351850232,6.912000000000000000e+03
634.4660075495017,6.880000000000000000e+03
634.5407774100094,6.873000000000000000e+03
634.6155447585436,6.883000000000000000e+03
634.6902491623354,6.890000000000000000e+03
634.7650114486645,6.902000000000000000e+03
634.8397832896367,6.873000000000000000e+03
634.9145525922855,6.890000000000000000e+03
634.9892588668829,6.881000000000000000e+03
635.0640230545828,6.876000000000000000e+03
635.1387362717429,6.927000000000000000e+03
635.2135074201229,6.877000000000000000e+03
635.2882719598388,6.900000000000000000e+03
635.362981437668,6.848000000000000000e+03
635.4377448294332,6.922000000000000000e+03
635.512457159198,6.907000000000000000e+03
635.5872153377827,6.918000000000000000e+03
635.6619224154749,6.914000000000000000e+03
635.7366995983534,6.906000000000000000e+03
635.8114013974615,6.926000000000000000e+03
635.8861733198535,6.914000000000000000e+03
635.960881941529,6.931000000000000000e+03
636.0356485740448,6.977000000000000000e+03
636.1103518611941,6.948000000000000000e+03
636.1850565091609,6.929000000000000000e+03
636.2598232366993,6.916000000000000000e+03
636.3345306048863,6.924000000000000000e+03
636.4092393182117,6.954000000000000000e+03
636.4840101382218,6.931000000000000000e+03
636.5587134362514,6.907000000000000000e+03
636.6334221129331,6.938000000000000000e+03
636.7081848135534,6.967000000000000000e+03
636.78290019687,6.948000000000000000e+03
636.857604726266,6.961000000000000000e+03
636.9323146152394,6.954000000000000000e+03
637.0070217458345,6.944000000000000000e+03
637.0817261099415,6.930000000000000000e+03
637.1564967140678,6.857000000000000000e+03
637.2311995976745,6.837000000000000000e+03
637.3059078155254,6.898000000000000000e+03
637.3806132401302,6.879000000000000000e+03
637.4553280538418,6.929000000000000000e+03
637.5300278704315,6.943000000000000000e+03
637.6047370655823,6.977000000000000000e+03
637.679443440681,7.046000000000000000e+03
637.7541469875897,7.049000000000000000e+03
637.8288599029363,7.026000000000000000e+03
637.9035659103154,7.051000000000000000e+03
637.978273139046,7.019000000000000000e+03
638.052977512721,7.055000000000000000e+03
638.1276830952562,7.052000000000000000e+03
638.2023898813551,7.041000000000000000e+03
638.2770978657181,7.069000000000000000e+03
638.3517418441655,7.062000000000000000e+03
638.4264562697699,7.074000000000000000e+03
638.5011555722814,7.075000000000000000e+03
638.5758642016897,7.078000000000000000e+03
638.6505699221697,7.080000000000000000e+03
638.7252237691496,7.080000000000000000e+03
638.7999236357822,7.074000000000000000e+03
638.874628732156,7.091000000000000000e+03
638.9493472209352,7.111000000000000000e+03
639.0239892680094,7.155000000000000000e+03
639.098689601196,7.117000000000000000e+03
639.173395144716,7.138000000000000000e+03
639.2480405140027,7.149000000000000000e+03
639.3227564554909,7.111000000000000000e+03
639.3973958340758,7.143000000000000000e+03
639.4721058028182,7.192000000000000000e+03
639.5468086912668,7.197000000000000000e+03
639.6214635767756,7.147000000000000000e+03
639.6961604460553,7.188000000000000000e+03
639.7708092749344,7.185000000000000000e+03
639.8455164682429,7.178000000000000000e+03
639.9201674013606,7.224000000000000000e+03
639.9948767149377,7.192000000000000000e+03
640.0695174401586,7.173000000000000000e+03
640.1441591862857,7.202000000000000000e+03
640.2188716275688,7.201000000000000000e+03
640.2935236151387,7.197000000000000000e+03
640.3681602084457,7.247000000000000000e+03
640.4428757290473,7.248000000000000000e+03
640.5175143262505,7.244000000000000000e+03
640.592166218985,7.258000000000000000e+03
640.6668724558668,7.242000000000000000e+03
640.7415181149009,7.250000000000000000e+03
640.8161565315354,7.249000000000000000e+03
640.8908041242695,7.250000000000000000e+03
640.9655143022176,7.230000000000000000e+03
641.0401638233027,7.261000000000000000e+03
641.1148060727106,7.293000000000000000e+03
641.1894533730033,7.310000000000000000e+03
641.2641016094406,7.301000000000000000e+03
641.3387425502967,7.302000000000000000e+03
641.4134543525283,7.301000000000000000e+03
641.488101262261,7.309000000000000000e+03
641.5627449685089,7.318000000000000000e+03
641.6373854629693,7.341000000000000000e+03
641.7120350911663,7.299000000000000000e+03
641.7866814967092,7.319000000000000000e+03
641.8613246712862,7.355000000000000000e+03
641.9359769690361,7.326000000000000000e+03
642.0106260249374,7.381000000000000000e+03
642.0852718306695,7.356000000000000000e+03
642.1598525225107,7.390000000000000000e+03
642.2344917885489,7.393000000000000000e+03
642.3091401562656,7.409000000000000000e+03
642.3837934993884,7.425000000000000000e+03
642.4584353052218,7.418000000000000000e+03
642.5330862021095,7.434000000000000000e+03
642.6077296725547,7.434000000000000000e+03
642.6823120100572,7.455000000000000000e+03
642.7569529755671,7.438000000000000000e+03
642.8315988836831,7.425000000000000000e+03
642.9062455985243,7.467000000000000000e+03
642.9808352351971,7.471000000000000000e+03
643.055475263203,7.478000000000000000e+03
643.1301243499755,7.459000000000000000e+03
643.2047163018128,7.438000000000000000e+03
643.279354524987,7.486000000000000000e+03
643.3539438476895,7.492000000000000000e+03
643.4285877299418,7.526000000000000000e+03
643.5032406530961,7.502000000000000000e+03
643.5778197789244,7.540000000000000000e+03
643.6524659081414,7.559000000000000000e+03
643.7270464782921,7.566000000000000000e+03
643.8016982163535,7.565000000000000000e+03
643.876284355504,7.599000000000000000e+03
643.9509292459394,7.581000000000000000e+03
644.0255084918365,7.629000000000000000e+03
644.1001589469886,7.618000000000000000e+03
644.1747437177227,7.593000000000000000e+03
644.2493250109602,7.651000000000000000e+03
644.3239775458864,7.684000000000000000e+03
644.3985601811679,7.681000000000000000e+03
644.4731434709971,7.743000000000000000e+03
644.5477855716856,7.686000000000000000e+03
644.6223743228242,7.693000000000000000e+03
644.6969595574612,7.702000000000000000e+03
644.7715495817692,7.768000000000000000e+03
644.8461901340061,7.773000000000000000e+03
644.9207731033271,7.756000000000000000e+03
644.9953650068094,7.776000000000000000e+03
645.0699450389038,7.824000000000000000e+03
645.1445298338459,7.844000000000000000e+03
645.219177672042,7.871000000000000000e+03
645.2937678340779,7.864000000000000000e+03
645.3683419239809,7.907000000000000000e+03
645.4429290863851,7.890000000000000000e+03
645.5175168235929,7.932000000000000000e+03
645.5921051300253,7.967000000000000000e+03
645.6666898312457,7.942000000000000000e+03
645.7412750885978,8.035000000000000000e+03
645.8158525549321,7.995000000000000000e+03
645.8904389058563,8.050000000000000000e+03
645.9650299688499,8.084000000000000000e+03
646.0396090465212,8.076000000000000000e+03
646.1141969977764,8.060000000000000000e+03
646.1887812959989,8.105000000000000000e+03
646.2633076373747,8.147000000000000000e+03
646.3378845915109,8.172000000000000000e+03
646.4124787595719,8.143000000000000000e+03
646.4870608913304,8.190000000000000000e+03
646.5616476941717,8.242000000000000000e+03
646.6361722632304,8.239000000000000000e+03
646.7107558375826,8.252000000000000000e+03
646.7853440690486,8.286000000000000000e+03
646.859928586342,8.279000000000000000e+03
646.9344466023072,8.340000000000000000e+03
647.0090362098298,8.342000000000000000e+03
647.083622083392,8.323000000000000000e+03
647.1581413924066,8.401000000000000000e+03
647.2327239470708,8.398000000000000000e+03
647.307306934167,8.416000000000000000e+03
647.3818400556567,8.476000000000000000e+03
647.456419687093,8.503000000000000000e+03
647.5309452235595,8.547000000000000000e+03
647.6055298578293,8.556000000000000000e+03
647.6800561677495,8.527000000000000000e+03
647.7546415911931,8.548000000000000000e+03
647.829164455096,8.566000000000000000e+03
647.9037464463057,8.586000000000000000e+03
647.9782700344881,8.638000000000000000e+03
648.0527939695423,8.699000000000000000e+03
648.1273854568424,8.653000000000000000e+03
648.2019100840658,8.720000000000000000e+03
648.2764938778582,8.773000000000000000e+03
648.3510107654179,8.775000000000000000e+03
648.425536376692,8.779000000000000000e+03
648.5000623007427,8.807000000000000000e+03
648.5746432162518,8.811000000000000000e+03
648.6491655538866,8.866000000000000000e+03
648.7236881852804,8.894000000000000000e+03
648.7982195235151,8.925000000000000000e+03
648.8728058826379,8.985000000000000000e+03
648.9473293775359,9.000000000000000000e+03
649.0218489310823,9.023000000000000000e+03
649.0963729611857,9.069000000000000000e+03
649.1708972508054,9.061000000000000000e+03
649.2454260094211,9.113000000000000000e+03
649.3199508018886,9.148000000000000000e+03
649.3944716195824,9.150000000000000000e+03
649.4689926719741,9.227000000000000000e+03
649.5435181724034,9.214000000000000000e+03
649.6180396779724,9.230000000000000000e+03
649.6925698430567,9.333000000000000000e+03
649.7670917798398,9.297000000000000000e+03
649.8416139226556,9.371000000000000000e+03
649.9161320418531,9.415000000000000000e+03
649.9906588034178,9.480000000000000000e+03
650.0651815298742,9.477000000000000000e+03
650.1397086661992,9.526000000000000000e+03
650.2142317539774,9.516000000000000000e+03
650.2887550133019,9.529000000000000000e+03
650.3632192222857,9.589000000000000000e+03
650.4377470245496,9.602000000000000000e+03
650.5122665196939,9.611000000000000000e+03
650.5867946266628,9.654000000000000000e+03
650.6612551406859,9.716000000000000000e+03
650.7357750465694,9.747000000000000000e+03
650.8103035527816,9.822000000000000000e+03
650.8847644021826,9.858000000000000000e+03
650.9592931417967,9.802000000000000000e+03
651.0338092818513,9.864000000000000000e+03
651.1082704136296,9.953000000000000000e+03
651.182799464824,9.968000000000000000e+03
651.2572649940395,9.985000000000000000e+03
651.3317857370804,1.000600000000000000e+04
651.4062556434649,1.004500000000000000e+04
651.4807807792504,1.009000000000000000e+04
651.5552380644563,1.016600000000000000e+04
651.6297548330812,1.021600000000000000e+04
651.7042206933047,1.019900000000000000e+04
651.7787503045504,1.027100000000000000e+04
651.8532162309156,1.029400000000000000e+04
651.9277374256133,1.033400000000000000e+04
652.0021948907765,1.039300000000000000e+04
652.0766608615594,1.044700000000000000e+04
652.1511863740992,1.052000000000000000e+04
652.2256523518495,1.055500000000000000e+04
652.3001055526772,1.059800000000000000e+04
652.3745757534864,1.064200000000000000e+04
652.4490927583861,1.064600000000000000e+04
652.523554404734,1.071300000000000000e+04
652.5980245314129,1.083700000000000000e+04
652.6724818393412,1.086000000000000000e+04
652.7469518786384,1.093700000000000000e+04
652.8214730080308,1.099300000000000000e+04
652.8959386884019,1.100900000000000000e+04
652.9703957767102,1.104000000000000000e+04
653.0448655846427,1.105700000000000000e+04
653.1193267868492,1.115200000000000000e+04
653.1937879048733,1.122200000000000000e+04
653.268253200443,1.127500000000000000e+04
653.3427141334746,1.131100000000000000e+04
653.417174964718,1.138100000000000000e+04
653.4916399588126,1.138800000000000000e+04
653.5661005698283,1.140300000000000000e+04
653.640569606346,1.149600000000000000e+04
653.7150299745911,1.155400000000000000e+04
653.7894902116518,1.161700000000000000e+04
653.8638947316973,1.166400000000000000e+04
653.938354676066,1.167600000000000000e+04
653.9927330350457,1.178746142040306586e+04
654.0128144715792,1.178000000000000000e+04
654.0673848929049,1.179236826249710430e+04
654.0872783906434,1.185900000000000000e+04
654.1419639360352,1.192117286746560603e+04
654.1617421510075,1.191900000000000000e+04
654.2166156285444,1.195306734107685224e+04
654.2361458232748,1.194000000000000000e+04
654.2911987423258,1.205120418295761556e+04
654.3658416830104,1.202176313039338675e+04
654.4404288467964,1.210763286703905396e+04
654.5150758549863,1.218614234054366352e+04
654.5897184695584,1.219840944577875962e+04
654.664305251433,1.226097168247774425e+04
654.7389476142009,1.228550589294793463e+04
654.8135383948625,1.240449681372835948e+04
654.888184771955,1.238609615587571716e+04
654.9627666643294,1.249650010299157475e+04
655.0373526739268,1.255170207654950354e+04
655.1119985900768,1.258973010277829781e+04
655.1865885451579,1.262407799743656506e+04
655.2612255432555,1.270381418146468422e+04
655.3358194230502,1.275042918135804757e+04
655.4104603574718,1.286205983899741477e+04
655.4850452543039,1.285224615480933790e+04
655.5596986994234,1.297123707558976275e+04
655.634274582699,1.303625273333576661e+04
655.7088674352764,1.307060062799403386e+04
655.7835073665872,1.314297654888109719e+04
655.8580911670134,1.313561628574003953e+04
655.9327392618014,1.323743325919132985e+04
656.0073268888157,1.331103589060190279e+04
656.0819099586474,1.338095839044194508e+04
656.1565530436084,1.340917273248266429e+04
656.2311355998527,1.351834996907501227e+04
656.3057308056235,1.357968549525048911e+04
656.3803688222278,1.357968549525048911e+04
656.454954867795,1.371094352126600825e+04
656.5295449351327,1.375142496854182355e+04
656.6041821341065,1.382380088942888506e+04
656.6787759333997,1.387286931036926580e+04
656.7533564903902,1.392929799445070421e+04
656.8279410471957,1.392316444183315616e+04
656.9025856984958,1.410226417826554825e+04
656.9771696261503,1.417341338862910015e+04
657.0517532233856,1.423842904637510583e+04
657.1264055746188,1.430099128307409228e+04
657.2009928278474,1.435741996715553068e+04
657.2755710944062,1.452425259835282668e+04
657.3501576467798,1.445310338798927296e+04
657.4247438407015,1.455492036144056510e+04
657.4993858698668,1.462238944023358818e+04
657.573971341612,1.468127154536204580e+04
657.6485607618943,1.477450154514877067e+04
657.7231498016442,1.490575957116428981e+04
657.7977341278665,1.491679996587587630e+04
657.87237432304,1.497077522891029548e+04
657.9469621958759,1.509835312335528579e+04
658.0215410042488,1.516336878110129146e+04
658.0961280598617,1.521611733361220104e+04
658.1707146988002,1.531916101758700097e+04
658.2453009150308,1.533878838596315290e+04
658.3198867025178,1.543201838574987778e+04
658.3945327428875,1.552279496448958344e+04
658.4691220043352,1.564301259579351608e+04
658.5437021472852,1.570312141144548332e+04
658.6182818353581,1.582088562170239857e+04
658.69286974003,1.592147588463017928e+04
658.767461521399,1.597913127923512729e+04
658.8420354727173,1.603801338436358492e+04
658.9166306515345,1.610670917368011942e+04
658.9912079822875,1.619625904189631547e+04
659.0657935091809,1.627354180487741542e+04
659.140382887388,1.640234640984591533e+04
659.2149717681472,1.646858877811543061e+04
659.289551452134,1.655813864633162666e+04
659.3641306225966,1.671270417229382656e+04
659.438717970647,1.673110483014646888e+04
659.5133047969533,1.686481627720900724e+04
659.5878910954348,1.685132246145040335e+04
659.6624768600082,1.703900917154736089e+04
659.7370620845874,1.711997206609899149e+04
659.8116467630838,1.714941311866321848e+04
659.8862265349078,1.724018969740292232e+04
659.9608101019778,1.743278324959392194e+04
660.0354018176174,1.747571811791675282e+04
660.1099798943757,1.766095140696669114e+04
660.1845748263452,1.769284588057794099e+04
660.259151743867,1.781306351188187546e+04
660.333684466581,1.790629351166859851e+04
660.4082645480388,1.798480298517320989e+04
660.4828527532469,1.802405772192551376e+04
660.5574316285567,1.820929101097545208e+04
660.6320229836718,1.830865456337972500e+04
660.7066049946801,1.839452430002539040e+04
660.7811820158635,1.855522337860514017e+04
660.8557147324121,1.865704035205642867e+04
660.9302992109782,1.876376416760175925e+04
661.0048830496228,1.891710298304045136e+04
661.0794662422122,1.891832969356395915e+04
661.1540575251042,1.900542614073313598e+04
661.2285781978873,1.912687048256057824e+04
661.3031681500861,1.928266271904628957e+04
661.3777399387936,1.941514745558532013e+04
661.452332922751,1.950224390275449696e+04
661.5269208535378,1.959792732358823923e+04
661.6014380645663,1.970219771808655059e+04
661.6760289813253,1.980033455996731209e+04
661.7506148234904,1.996348705959407744e+04
661.8251298800592,2.005794376990431192e+04
661.8997142930884,2.022722982214862714e+04
661.9743067544003,2.028856534832410398e+04
662.0488853483158,2.047379863737404230e+04
662.1234149871826,2.050323968993827293e+04
662.198000873726,2.058420258448989989e+04
662.2725860216412,2.084917205756795738e+04
662.347104619191,2.083690495233286492e+04
662.4216882564932,2.098288350463049937e+04
662.4962184684717,2.107366008337020321e+04
662.570804963388,2.116566337263341848e+04
662.6453862997457,2.132268231964263759e+04
662.7199097646629,2.143553968780551440e+04
662.7944939234665,2.152631626654521824e+04
662.869086084027,2.170541600297761033e+04
662.9436071371093,2.183544731846962168e+04
663.0181889069928,2.196915876553216003e+04
663.0927083152421,2.206729560741292153e+04
663.1673016492832,2.208078942317152541e+04
663.2418237897235,2.234207876467905589e+04
663.3164110793576,2.244634915917736726e+04
663.3909359310869,2.260582152723360559e+04
663.4655171474956,2.274198639534316317e+04
663.5400358838839,2.287201771083517451e+04
663.6146198039338,2.299714218423314378e+04
663.6891500154543,2.305602428936160140e+04
663.763736622158,2.324984455207610881e+04
663.8382518588492,2.335166152552739732e+04
663.9128411292601,2.349150652520748554e+04
663.9873589874919,2.364361863012266622e+04
664.0619509026042,2.372703494572131603e+04
664.136471363353,2.393434902419442369e+04
664.211061492379,2.409136797120364645e+04
664.285584535613,2.413430283952647733e+04
664.3601640270679,2.430849573386483098e+04
664.4346852160202,2.443852704935684233e+04
664.5092142934612,2.458695902270149600e+04
664.5838042596656,2.465688152254153829e+04
664.6583226187805,2.483107441687989194e+04
664.7328488535421,2.499668033755367651e+04
664.8074315802052,2.521258138969135325e+04
664.881960314152,2.534383941570687603e+04
664.9565455552175,2.547019059962835672e+04
665.031072346548,2.565542388867829504e+04
665.1055937270582,2.579281546731136041e+04
665.1801096874939,2.587009823029246400e+04
665.2546998800744,2.608967941400066775e+04
665.3292271235769,2.623565796629830220e+04
665.4037489291384,2.637550296597838678e+04
665.4783361453115,2.651412125513496358e+04
665.5528603518749,2.665519296533855959e+04
665.6273790986409,2.680362493868321326e+04
665.7019056711048,2.693856309626926304e+04
665.7764932599148,2.713361006950727824e+04
665.8510088931856,2.729676256913404359e+04
665.9255412083346,2.744764796352571648e+04
666.0000591620371,2.753965125278893174e+04
666.0746470335703,2.779358033115540456e+04
666.1491717378727,2.785368914680736998e+04
666.2236953664843,2.803892243585730830e+04
666.2982179130853,2.818980783024898119e+04
666.3727393713534,2.836154730354031562e+04
666.4472686180028,2.854923401363727316e+04
666.5218500778012,2.861915651347731909e+04
666.5963682490049,2.888780611812590359e+04
666.670894195563,2.903378467042353805e+04
666.7454190261132,2.911229414392814942e+04
666.8199427343175,2.929998085402510696e+04
666.8944653138359,2.949993466935716060e+04
666.9689912068017,2.970479532678324904e+04
667.043515960381,2.977471782662329497e+04
667.1180440186909,2.994768401043813719e+04
667.1925664754452,3.015745150995826771e+04
667.2671501081187,3.022737400979831000e+04
667.3416747090137,3.041996756198930598e+04
667.4162025951904,3.053773177224622123e+04
667.4907159415177,3.065672269302664427e+04
667.5652459277131,3.094622637657489395e+04
667.6397747296355,3.107748440259041308e+04
667.7142934240692,3.116826098133012056e+04
667.7888198363478,3.127375808635193971e+04
667.8633405848258,3.163441098026373948e+04
667.9378645829604,3.172396084847993552e+04
668.0123873649534,3.187607295339511620e+04
668.0868509002132,3.188834005863021230e+04
668.1613801466233,3.216557663694336588e+04
668.235899230937,3.233118255761715409e+04
668.3104215399541,3.249924189933795788e+04
668.3849470702704,3.257652466231905782e+04
668.4594713500996,3.280714624073885352e+04
668.533998842422,3.294944466146595369e+04
668.6085250734534,3.308438281905200711e+04
668.683041094052,3.328801676595458412e+04
668.7575647813001,3.334935229213006096e+04
668.8320290343215,3.360573479154355300e+04
668.9065546155499,3.370387163342431450e+04
668.9810833808008,3.387929123828617594e+04
669.0555974212344,3.409764571147087554e+04
669.130128062917,3.421295650068076793e+04
669.2046529196529,3.431354676360855228e+04
669.2791182298785,3.443744452648301376e+04
669.3536314765041,3.473553518369582889e+04
669.4281657979723,3.476006939416602108e+04
669.5026898264498,3.491586163065172877e+04
669.57714526615,3.501031834096196690e+04
669.65167108008,3.514157636697748239e+04
669.7261910590614,3.543598689261977415e+04
669.8007186526492,3.550713610298332060e+04
669.8751865504684,3.569359610255677399e+04
669.949711403622,3.591440399678848917e+04
670.0242348833766,3.604934215437453531e+04
670.0987480026345,3.600395386500468157e+04
670.1732193096983,3.622844189080692740e+04
670.2477431098745,3.630572465378802735e+04
670.3222655128286,3.648482439022041945e+04
670.396728085964,3.656210715320151940e+04
670.471252157415,3.675838083696304238e+04
670.5457118658269,3.689209228402558074e+04
670.6202330875843,3.702825715213514195e+04
670.6947618784129,3.710922004668677255e+04
670.7692307481261,3.725887873055493401e+04
670.8437476587868,3.737173609871781082e+04
670.918213608017,3.744533873012838012e+04
670.9927321095302,3.755451596672072628e+04
671.0672536563986,3.766123978226605686e+04
671.1417196890736,3.782929912398686429e+04
671.216251808498,3.791026201853849489e+04
671.290714863808,3.799613175518415665e+04
671.3652395155675,3.817155136004601809e+04
671.4396995665256,3.825864780721519492e+04
671.5142212289395,3.847332214882936387e+04
671.5886872701645,3.849172280668200983e+04
671.6632104305353,3.855673846442801732e+04
671.7376734223737,3.864751504316771752e+04
671.812193546355,3.879104017441833275e+04
671.8866579770747,3.890144412153419398e+04
671.9611795549314,3.894437898985702486e+04
672.0356408881489,3.900203438446197106e+04
672.1101096909673,3.917254714722979406e+04
672.1846266277597,3.927559083120460127e+04
672.2590968192625,3.933569964685656305e+04
672.3336151557181,3.943874333083136298e+04
672.4080821944679,3.939948859407906275e+04
672.482543119204,3.952951990957107046e+04
672.5570657703272,3.965587109349255479e+04
672.63152802642,3.982638385626037780e+04
672.705997721871,3.988526596138883178e+04
672.7805155931686,3.994660148756430863e+04
672.854982065397,4.003001780316296208e+04
672.9294423823377,4.003124451368646987e+04
673.0039644745739,4.022261135535395442e+04
673.0784260583234,4.022874490797150065e+04
673.152895058153,4.031829477618770034e+04
673.2274213293804,4.043115214435057715e+04
673.3018779706365,4.044341924958566960e+04
673.3763374799411,4.050475477576114645e+04
673.4508043890924,4.054523622303696175e+04
673.5252650884476,4.068876135428757698e+04
673.5997967036512,4.066177372277036920e+04
673.6742585868221,4.077831122250376939e+04
673.748714237457,4.079180503826237691e+04
673.823186347847,4.082247280135011533e+04
673.8976385924067,4.090466240642525372e+04
673.9721663425748,4.088626174857260776e+04
674.0466287979216,4.098439859045336925e+04
674.1210895311846,4.105922793238745362e+04
674.1955530811653,4.096845135364774615e+04
674.2700239906791,4.100525266935303080e+04
674.3444795221271,4.108989569547519204e+04
674.4189469503236,4.117821885316787666e+04
674.49346722243,4.107272174814606115e+04
674.567935708377,4.120520648468508443e+04
674.6424024340591,4.127512898452513036e+04
674.7168582880072,4.125795503719599947e+04
674.7913214713103,4.124078108986686129e+04
674.8657783200656,4.127267556347811478e+04
674.940251601854,4.124200780039037636e+04
675.0147094269751,4.123832766881984571e+04
675.0891700095718,4.124936806353143038e+04
675.1636379044918,4.124814135300792259e+04
675.2380994327431,4.120643319520859950e+04
675.312554584676,4.117453872159734601e+04
675.3870261580195,4.116717845845629199e+04
675.4614822208301,4.122851398463176884e+04
675.5359547018315,4.121011332677912287e+04
675.610407090499,4.116472503740927641e+04
675.6848804576179,4.116595174793278420e+04
675.7593337130725,4.114264424798609980e+04
675.8338033782419,4.113528398484504578e+04
675.9082026566803,4.106168135343446920e+04
675.9826594431638,4.108008201128711517e+04
676.0571234944312,4.108008201128711517e+04
676.1315948098625,4.102610674825269962e+04
676.2060550986515,4.097090477469476900e+04
676.2805134951972,4.092306306427789241e+04
676.3549745673919,4.085068714339083090e+04
676.4293879803434,4.081511253820905404e+04
676.5038498052293,4.078076464355079224e+04
676.5783051376296,4.077585780145675380e+04
676.6527677036122,4.060902517025945417e+04
676.7272329229447,4.052192872309027734e+04
676.8016366634976,4.057958411769523082e+04
676.8761025828228,4.043360556539759273e+04
676.9505619772531,4.041765832859196962e+04
677.0250240043307,4.037472346026913874e+04
677.0994290601088,4.025695925001222349e+04
677.1738917427178,4.024469214477712376e+04
677.2483524582894,4.020543740802482353e+04
677.3227561481843,4.007663280305632361e+04
677.3972128974716,3.997604254012853926e+04
677.4716768389669,3.989139951400638529e+04
677.5461433813275,3.982515714573687001e+04
677.6205482371186,3.978835583003157808e+04
677.6950015852051,3.964360398825745506e+04
677.7694069841688,3.970371280390942411e+04
677.8438746703705,3.950375898857737047e+04
677.9183311477581,3.938108793622641679e+04
677.9927396296163,3.931116543638637086e+04
678.0672012294622,3.922897583131123247e+04
678.1416056066512,3.905846306854340946e+04
678.2160631125909,3.897627346346827107e+04
678.2905277690969,3.882906820064713247e+04
678.3649259468506,3.880453399017694028e+04
678.4393864750938,3.869044991149055568e+04
678.513798898065,3.853956451709887915e+04
678.5882598799376,3.856287201704556355e+04
678.6626543015428,3.831507649129663332e+04
678.7371249257566,3.815928425481092563e+04
678.8115243461227,3.805133372874208726e+04
678.8859815585386,3.798018451837853354e+04
678.9603905685974,3.787714083440373361e+04
679.0348481677615,3.774465609786470304e+04
679.1092529209583,3.768209386116571841e+04
679.1836509171139,3.750912767735087255e+04
679.2581113551571,3.734842859877112642e+04
679.3325235125415,3.718404938862084964e+04
679.4069842868593,3.707487215202850348e+04
679.481378280968,3.690190596821365762e+04
679.5557839509504,3.682707662627958052e+04
679.6302474888498,3.668968504764651152e+04
679.704648807749,3.662834952147103468e+04
679.7790525553501,3.645538333765618881e+04
679.8535234360058,3.613889202259073500e+04
679.9279135518302,3.621617478557183495e+04
680.0023245731195,3.602726136495136598e+04
680.076784258521,3.594629847039973538e+04
680.1511816092886,3.570340978674485086e+04
680.2255859851732,3.559668597119952028e+04
680.3000482943368,3.545070741890188219e+04
680.374448213023,3.526302070880492829e+04
680.4488412562114,3.520413860367646703e+04
680.5232552007656,3.497106360420965939e+04
680.5976576301395,3.494652939373946720e+04
680.6721226617578,3.476129610468952887e+04
680.7465159407645,3.455275531569291343e+04
680.8209254830051,3.453926149993430590e+04
680.8953281128896,3.434176110564926785e+04
680.969723820552,3.418842229021058301e+04
681.0441775310805,3.412095321141755267e+04
681.118582574998,3.402894992215434468e+04
681.1929806772104,3.384985018572195258e+04
681.2673996753556,3.369283123871272983e+04
681.3418070819359,3.357506702845581458e+04
681.4162075273074,3.338370018678833003e+04
681.4906056458781,3.330273729223669943e+04
681.5649921401839,3.307702255591094581e+04
681.6393995215485,3.304267466125267674e+04
681.7137999143118,3.275071755665741148e+04
681.7882165503345,3.270410255676404995e+04
681.8626680324036,3.253358979399622694e+04
681.9370706711479,3.241214545216878105e+04
682.0114662918298,3.226126005777710816e+04
682.0858781465969,3.214594926856721577e+04
682.1602876270566,3.204413229511592363e+04
682.234615600839,3.180124361146103547e+04
682.3090342611832,3.174604163790310849e+04
682.3834179373963,3.158779598037037795e+04
682.4578224911205,3.145285782278432816e+04
682.5322153211919,3.135349427038005888e+04
682.6066290312607,3.125535742849929738e+04
682.6810356664762,3.101860229746195546e+04
682.7554352169042,3.095235992919244381e+04
682.8298276726078,3.081374164003586702e+04
682.9042363415565,3.068739045611438269e+04
682.9786379060591,3.055122558800482511e+04
683.052985700029,3.028625611492676762e+04
683.1273776822683,3.024577466765095232e+04
683.2017812028357,3.014027756262913317e+04
683.2761822579863,2.994523058939111797e+04
683.3505948498541,2.980906572128156040e+04
683.4249816151049,2.961033861647301819e+04
683.4993378598623,2.955513664291508758e+04
683.5737336498651,2.934046230130092226e+04
683.6481222681783,2.931592809083073007e+04
683.7225270786547,2.908775993345795723e+04
683.7968779498492,2.898226282843613808e+04
683.8712683772519,2.886817874974975348e+04
683.9456749923205,2.866086467127664218e+04
684.0200089024875,2.866699822389418841e+04
684.0944244901342,2.852592651369059240e+04
684.1688141432852,2.839957532976911170e+04
684.2431731578488,2.825605019851849647e+04
684.3175670692367,2.806100322528048127e+04
684.3919584235521,2.801070809381658910e+04
684.4662956794946,2.783651519947823908e+04
684.5407193753053,2.757277243692368938e+04
684.6151123876289,2.742188704253201649e+04
684.689455939193,2.717531822730660133e+04
684.7638578398391,2.700848559610930533e+04
684.8382055615216,2.680485164920672469e+04
684.9125975757681,2.666868678109716711e+04
684.9870010616816,2.659017730759255574e+04
685.0613315458365,2.644051862372439427e+04
685.1357438810281,2.625651204519796374e+04
685.2100831760683,2.612402730865893318e+04
685.2844855664139,2.593266046699144863e+04
685.3588336587155,2.582716336196962948e+04
685.4332213760933,2.570694573066569501e+04
685.5075782509971,2.565174375710776440e+04
685.5819089583205,2.551435217847469903e+04
685.6563216044284,2.556710073098561043e+04
685.7306563603778,2.554992678365647589e+04
685.8050589720733,2.540517494188234923e+04
685.8794024621719,2.534629283675389161e+04
685.9537903041233,2.515001915299236862e+04
686.0281472199982,2.504820217954107648e+04
686.1024731844336,2.495742560080137264e+04
686.1768811733403,2.477832586436898055e+04
686.2512158243778,2.470104310138788060e+04
686.3255665827462,2.446674139139756153e+04
686.3999617223745,2.433180323381151175e+04
686.4742975925424,2.426433415501848867e+04
686.5486495653337,2.406683376073345426e+04
686.6230412185406,2.397973731356427743e+04
686.6973829775881,2.375034244566799680e+04
686.7717408365776,2.364852547221670466e+04
686.8460676249846,2.357737626185315094e+04
686.920476563722,2.340931692013234715e+04
686.9948119535088,2.323880415736452051e+04
687.0691634335083,2.310141257873145514e+04
687.1434837923248,2.307933178930828217e+04
687.2178910716232,2.292844639491661292e+04
687.2922436114384,2.271745218487297097e+04
687.3665697193694,2.268433100073821333e+04
687.4409071790424,2.256779350100480951e+04
687.5152607193801,2.240341429085453274e+04
687.5896114344212,2.233349179101449045e+04
687.6639309442114,2.210900376521224462e+04
687.7383327394424,2.203417442327816389e+04
687.8126844041321,2.198387929181427535e+04
687.8870284875072,2.180477955538188326e+04
687.9613649794371,2.169192218721900645e+04
688.0357175394452,2.163058666104352960e+04
688.1100388231959,2.142695271414094896e+04
688.1843761649789,2.129078784603139138e+04
688.2587343070002,2.125889337242014153e+04
688.3330800913666,2.107979363598774944e+04
688.4074182439083,2.106016626761159932e+04
688.4817534945465,2.100987113614770715e+04
688.556104800579,2.080378376819810728e+04
688.6304200038998,2.073631468940508421e+04
688.7047797093452,2.060996350548359987e+04
688.7791080338786,2.042963705852769999e+04
688.8534524038824,2.042227679538664233e+04
688.9277890934775,2.027752495361251931e+04
689.0021418286908,2.020637574324896559e+04
689.0764868733971,2.012050600660330019e+04
689.1507577273879,1.997698087535268496e+04
689.2250873462091,1.991441863865369669e+04
689.2994377520117,1.984817627038418505e+04
689.3737756865256,1.965926284976371608e+04
689.4481106432635,1.956971298154752003e+04
689.5224616327603,1.948384324490185463e+04
689.5968001275772,1.941146732401478948e+04
689.6710880627454,1.935381192940984329e+04
689.745415792651,1.924708811386451271e+04
689.8197595452868,1.914036429831918576e+04
689.8941002876792,1.907166850900265126e+04
689.968380885931,1.894409061455765914e+04
690.0427250973174,1.892814337775203603e+04
690.1170662811704,1.884350035162987842e+04
690.1913949030705,1.872818956241998239e+04
690.2656966557213,1.861287877321008636e+04
690.3400334706062,1.853191587865845941e+04
690.4143672314507,1.848652758928860567e+04
690.4886454859029,1.834177574751448265e+04
690.5629874122526,1.831478811599727123e+04
690.6373214994773,1.831478811599727123e+04
690.7116000290887,1.821174443202247130e+04
690.7859422563533,1.803387140611359064e+04
690.8602336681432,1.798848311674373690e+04
690.9345601567937,1.797008245889109457e+04
691.0089026400582,1.782042377502293311e+04
691.0831942596561,1.777380877512956795e+04
691.157520963373,1.766831167010774880e+04
691.2318206545044,1.765972469644318335e+04
691.3061602170517,1.753582693356872187e+04
691.380444070193,1.748921193367535670e+04
691.45476779478,1.737880798655949911e+04
691.5290596795087,1.739843535493565287e+04
691.6033914459812,1.726840403944364152e+04
691.6776674311591,1.716658706599235302e+04
691.7520072241363,1.713714601342812239e+04
691.8262959912287,1.705740982940000322e+04
691.900643801485,1.705127627678245699e+04
691.9749166156074,1.692001825076693785e+04
692.0492005879099,1.686236285616198802e+04
692.123529252891,1.675686575114016887e+04
692.1978259721524,1.671270417229382656e+04
692.2721578136724,1.667958298815906892e+04
692.3464385130854,1.657408588313724977e+04
692.4207159769667,1.656304548842566510e+04
692.4950525395182,1.649434969910913060e+04
692.56933311711,1.640111969932240754e+04
692.6436056440851,1.639989298879889611e+04
692.7179660817585,1.628458219958900008e+04
692.7922272967613,1.627967535749496346e+04
692.8665236380322,1.620852614713140974e+04
692.9407927013435,1.607726812111589061e+04
693.0151497288059,1.604292022645762336e+04
693.089421837627,1.601347917389339455e+04
693.1636906489606,1.592638272672421772e+04
693.2379753787236,1.590675535834806578e+04
693.3122568047582,1.579021785861466014e+04
693.3865926140129,1.571048167458654098e+04
693.4608818498604,1.571170838511005059e+04
693.5351581466051,1.568717417463986021e+04
693.6094263017561,1.563565233265246025e+04
693.6837151767944,1.554487575391275459e+04
693.7579910889119,1.546145943831410659e+04
693.8322636527323,1.541607114894425467e+04
693.906552121247,1.539767049109161053e+04
693.9808998444166,1.536945614905089133e+04
694.0551719756728,1.527622614926416827e+04
694.1294600063287,1.518912970209499144e+04
694.2037398455482,1.515723522848374341e+04
694.2780114829652,1.510080654440230501e+04
694.3522990144666,1.511062022859038188e+04
694.426583156023,1.499040259728644742e+04
694.5008542537265,1.499040259728644742e+04
694.5751412401826,1.490453286064078020e+04
694.6494248189764,1.480762272928352832e+04
694.723700156412,1.479290220300141300e+04
694.7979624146619,1.477082141357824185e+04
694.8721970948218,1.466409759803291308e+04
694.9464717871994,1.464079009808623232e+04
695.0207623596758,1.461380246656902273e+04
695.0950205016327,1.455369365091705549e+04
695.1693186762369,1.448622457212403060e+04
695.2435843995215,1.441139523018994987e+04
695.3178708269531,1.439667470390783456e+04
695.3921441168008,1.432061865145024422e+04
695.4663655616765,1.428872417783899618e+04
695.5406463919401,1.426296325684529620e+04
695.6149237361514,1.417709352019962898e+04
695.6892121064967,1.417218667810559054e+04
695.7634969823528,1.416237299391751549e+04
695.8377008859716,1.405932930994271555e+04
695.9119932631442,1.404583549418410985e+04
695.9862772860863,1.388268299455734268e+04
696.06048026933,1.389617681031594657e+04
696.134771767185,1.387041588932224658e+04
696.2090548898484,1.384465496832854660e+04
696.2833296268801,1.377105233691797548e+04
696.3575523255896,1.373425102121268901e+04
696.4318151008928,1.369744970550740436e+04
696.5060403540568,1.359685944257962183e+04
696.58033480532,1.359195260048558339e+04
696.6545965750922,1.356128483739784497e+04
696.7288256373972,1.352571023221606993e+04
696.8030899410923,1.348645549546376424e+04
696.8773263707111,1.348400207441674502e+04
696.9516029071826,1.340058575881809702e+04
697.0258758450395,1.338341181148896430e+04
697.1000868630892,1.331839615374295863e+04
697.1743865928445,1.329876878536680670e+04
697.248609793035,1.323865996971483946e+04
697.3228682493078,1.320799220662710104e+04
697.3970987519848,1.320921891715061065e+04
697.4713645187727,1.308409444375263956e+04
697.5456023130668,1.310740194369932033e+04
697.6198072452165,1.305710681223542997e+04
697.6941009834452,1.300803839129504740e+04
697.7683131711979,1.299454457553644352e+04
697.8425898466292,1.298718431239538586e+04
697.9168092738975,1.295896997035466666e+04
697.9910201305657,1.284979273376231868e+04
698.0653003733468,1.290499470732024747e+04
698.1395184438109,1.281053799701001481e+04
698.2138010478819,1.281789826015107064e+04
698.2880311962213,1.275165589188155718e+04
698.3622527442063,1.276882983921068990e+04
698.4364656813189,1.266210602366536114e+04
698.510738305446,1.267191970785343801e+04
698.5849584048053,1.265842589209483231e+04
698.6591698720874,1.262407799743656506e+04
698.7334703424422,1.253452812922036901e+04
698.8076889513259,1.257500957649618431e+04
698.8818989069066,1.253820826079089784e+04
698.9561050840433,1.249159326089753631e+04
699.030322134609,1.245724536623926906e+04
699.1046038227042,1.239345641901677482e+04
699.1788328602486,1.240817694529888831e+04
699.2530532146016,1.234438799807639225e+04
699.3272599846256,1.232966747179427875e+04
699.4014873980228,1.238118931378167872e+04
699.4757061069474,1.228305247190091723e+04
699.5499161008405,1.237137562959360184e+04
699.6241418428359,1.219595602473174040e+04
699.6983588590565,1.232230720865322110e+04
699.7726405911895,1.223153062991351544e+04
699.8468646290141,1.224134431410159232e+04
699.9210848186354,1.216283484059698276e+04
699.9952913527262,1.217387523530856743e+04
700.0695185244031,1.215424786693241549e+04
700.1437320277023,1.208555207761588281e+04
700.2179661702849,1.204752405138708673e+04
700.2921670152689,1.201317615672881948e+04
700.3663345364773,1.202298984091689636e+04
700.4405423002715,1.202666997248742518e+04
700.5147657911945,1.201685628829934831e+04
700.5889804729994,1.196288102526492912e+04
700.6632108815323,1.197760155154704444e+04
700.7374324701444,1.187701128861926190e+04
700.81164522823,1.187578457809575229e+04
700.8858540575908,1.189050510437786761e+04
700.9600736910871,1.188805168333084839e+04
701.034240242214,1.178378128883253885e+04
701.1084716450022,1.180218194668518117e+04
701.1826646876575,1.181935589401431389e+04
701.2569029402329,1.175434023626831004e+04
701.3311077280009,1.168809786799879475e+04
701.4052790247227,1.170649852585143708e+04
701.4794906151762,1.167460405224018905e+04
701.5537179110803,1.171631221003951396e+04
701.6278673838922,1.165988352595807555e+04
701.7020768472739,1.166479036805211399e+04
701.776302010223,1.161449523658822363e+04
701.8505182480137,1.157033365774187951e+04
701.9246812071539,1.157524049983591794e+04
701.9989091214585,1.156051997355380445e+04
702.0730492261018,1.156051997355380445e+04
702.147283874415,1.149673102633130839e+04
702.2215095672381,1.148569063161972190e+04
702.2956523110257,1.148814405266674112e+04
702.3698847114229,1.146115642114953152e+04
702.4440341206173,1.146974339481409879e+04
702.5182485406029,1.145134273696145465e+04
702.5924786440079,1.142435510544424505e+04
702.6666306251165,1.135933944769824120e+04
702.7408427059752,1.139123392130948923e+04
702.8150013114393,1.134339221089261628e+04
702.8892200349155,1.136301957926877003e+04
702.9633852532902,1.131763128989891629e+04
703.0375414112833,1.130904431623435084e+04
703.1117577094595,1.127346971105257398e+04
703.1859204527385,1.125752247424694906e+04
703.2601235714659,1.128451010576416047e+04
703.3342928843769,1.125752247424694906e+04
703.4085025826428,1.120968076383007792e+04
703.482658658175,1.120600063225954909e+04
703.5568254210807,1.113730484294301641e+04
703.6310325789715,1.115938563236618756e+04
703.7052108243134,1.112749115875493953e+04
703.7793551808122,1.111154392194931643e+04
703.8535845204474,1.112871786927844914e+04
703.9277353723147,1.108823642200263566e+04
704.0019018493869,1.106370221153244347e+04
704.0760542132163,1.103794129053874349e+04
704.1502767406283,1.100850023797451468e+04
704.2244157321018,1.099255300116889157e+04
704.2985752975638,1.098028589593379547e+04
704.3727455222629,1.097905918541028768e+04
704.4469065581811,1.095575168546360510e+04
704.5211080295742,1.092140379080533967e+04
704.5952804534251,1.092263050132884928e+04
704.6694387032167,1.088460247510005320e+04
704.7435926983363,1.089564286981163968e+04
704.8177573342106,1.089809629085865708e+04
704.891917706452,1.088337576457654359e+04
704.9660688376695,1.080241287002491481e+04
705.0402107171044,1.085884155410635321e+04
705.114442771257,1.081222655421299169e+04
705.1885910002947,1.077665194903121483e+04
705.2627548254902,1.074966431751400523e+04
705.3369093767561,1.070304931762064189e+04
705.4110795235591,1.077051839641366678e+04
705.485220476971,1.079995944897789559e+04
705.5593969294841,1.073126365966136109e+04
705.6335441691415,1.073862392280241875e+04
705.7077020144703,1.069691576500309566e+04
705.7818057106044,1.071654313337924759e+04
705.8559498827009,1.067115484400939567e+04
705.9301096345012,1.066992813348588606e+04
706.0042849709166,1.062331313359252272e+04
706.0784260421825,1.065766102825078997e+04
706.1525826869397,1.066134115982131880e+04
706.2267549100956,1.062085971254550350e+04
706.3008928304606,1.060981931783391883e+04
706.3750014111765,1.058896523893425729e+04
706.4491704615375,1.056197760741704769e+04
706.5233051714449,1.056197760741704769e+04
706.5974853991634,1.059141865998127469e+04
706.6716262730434,1.051904273909421318e+04
706.745737753195,1.054112352851738433e+04
706.8198897594285,1.059877892312233234e+04
706.8940323424436,1.051168247595315552e+04
706.9681405012132,1.054112352851738433e+04
707.0422891955021,1.053621668642334589e+04
707.1164534452462,1.050309550228859007e+04
707.19055823756,1.048592155495945553e+04
707.2647035748213,1.046752089710681321e+04
707.3388694645195,1.050554892333560929e+04
707.4129708410553,1.046997431815383243e+04
707.4871177773351,1.047120102867734204e+04
707.5612752521206,1.046629418658330360e+04
707.6353781699282,1.047733458129489009e+04
707.7095466962406,1.047856129181839970e+04
707.7836305801062,1.050432221281209968e+04
707.857775071609,1.038778471307869404e+04
707.9318899937977,1.045648050239522672e+04
708.0060455013667,1.040618537093133637e+04
708.080146353211,1.045034694977768049e+04
708.1543078510902,1.041109221302537480e+04
708.2283845678539,1.044666681820715166e+04
708.3025520377458,1.043317300244854596e+04
708.3766397017445,1.046629418658330360e+04
708.4508131326904,1.036079708156148445e+04
708.5249067170731,1.039759839726676910e+04
708.5989906956581,1.037797102889061716e+04
708.673160478897,1.036447721313201328e+04
708.7472503492967,1.034484984475585952e+04
708.8213557131089,1.039637168674325949e+04
708.8955017018351,1.031908892376215954e+04
708.9696129404151,1.033748958161480368e+04
709.0436944296144,1.030804852905057487e+04
709.1178618009762,1.036202379208499406e+04
709.1919440994113,1.035343681842042679e+04
709.266041878377,1.034362313423234991e+04
709.3401601743607,1.031663550271514032e+04
709.4143140934323,1.031418208166812110e+04
709.4884130457813,1.035834366051446523e+04
709.5625023052012,1.032031563428566915e+04
709.6366020041326,1.033503616056778446e+04
709.71069703359,1.024793971339860764e+04
709.7848579170291,1.027247392386879801e+04
709.8589587159314,1.030436839748004604e+04
709.9330497882937,1.024425958182807881e+04
710.0071361642808,1.028719445015091151e+04
710.0812329625695,1.025407326601615569e+04
710.1553452280508,1.025407326601615569e+04
710.2294275672397,1.023812602921053076e+04
710.3035203190468,1.029332800276845956e+04
710.3776335778801,1.023935273973404037e+04
710.4517320198205,1.023444589764000193e+04
710.5258257276931,1.024793971339860764e+04
710.599909644176,1.028719445015091151e+04
710.6740090111854,1.020132471350524611e+04
710.7480985754111,1.019028431879365962e+04
710.8222035892967,1.017433708198803470e+04
710.8962987889969,1.019273773984067884e+04
710.9704094374856,1.014857616099433471e+04
711.0444849811654,1.017065695041750769e+04
711.1186012467011,1.017556379251154431e+04
711.1926874434225,1.015225629256486354e+04
711.2667840197356,1.016820352937048847e+04
711.3408251965476,1.012404195052414434e+04
711.4149070955419,1.015102958204135393e+04
711.4890246751831,1.015348300308837315e+04
711.5631121310784,1.007129339801323476e+04
711.6372150180558,1.013753576628275005e+04
711.7112320343467,1.012526866104765395e+04
711.7853404449295,1.010196116110097319e+04
711.8594389533098,1.011668168738308850e+04
711.9335275484821,1.006393313487217711e+04
712.0075605935059,1.006393313487217711e+04
712.0816546727544,1.010686800319501162e+04
712.1557641746032,1.003326537178444050e+04
712.2297927223119,1.007497352958376359e+04
712.3038823260575,1.005902629277814049e+04
712.377992420552,1.003203866126093089e+04
712.4520164203059,1.001241129288477714e+04
712.5261268825731,1.005534616120761166e+04
712.6001562828156,9.976836687703002099e+03
712.6742518579922,1.004062563492549634e+04
712.7483628435643,1.001486471393179636e+04
712.8223876211747,9.958436029850357954e+03
712.8964785986809,9.942488793044734848e+03
712.9705138140855,9.994010635032134815e+03
713.0446101673241,9.953529187756319516e+03
713.1186507279195,9.975609977179492489e+03
713.19275244439,9.969476424561944441e+03
713.2667983376626,9.935128529903677190e+03
713.3408290765726,9.951075766709302115e+03
713.4149057221886,9.914274451004015646e+03
713.4889468476811,9.909367608909977207e+03
713.5630542605719,9.902007345768919549e+03
713.6370752139885,9.865206030063634898e+03
713.71111152602,9.899553924721900330e+03
713.7852141503761,9.932675108856657971e+03
713.8592557248019,9.876246424775219566e+03
713.93328717658,9.883606687916277224e+03
714.0073900636712,9.922861424668582913e+03
714.0814267494405,9.886060108963296443e+03
714.1554583900697,9.863979319540125289e+03
714.2295512937391,9.887286819486806053e+03
714.3035881409775,9.819817740693781161e+03
714.3776148223176,9.823497872264309990e+03
714.451651744311,9.872566293204690737e+03
714.5256835921462,9.774429451323929243e+03
714.5997818492889,9.818591030170271551e+03
714.6738188625989,9.832084845928877257e+03
714.7478712188952,9.781789714464986901e+03
714.8218929356141,9.810004056505706103e+03
714.8959248750398,9.796510240747100397e+03
714.9699721505816,9.754802082947777308e+03
715.044014315487,9.790376688129552349e+03
715.1180411339378,9.780563003941477291e+03
715.1920883966163,9.732721293524604334e+03
715.2661714596333,9.767069188182871585e+03
715.3402238179556,9.795283530223590788e+03
715.4142403295658,9.715547346195471619e+03
715.488267040557,9.781789714464986901e+03
715.5623141930947,9.778109582894458072e+03
715.6363510669913,9.708187083054413961e+03
715.7103315493897,9.774429451323929243e+03
715.784373440411,9.715547346195471619e+03
715.8584050299637,9.764615767135852366e+03
715.932426306901,9.692239846248790855e+03
716.0064680199878,9.789149977606042739e+03
716.080494283165,9.747441819806719650e+03
716.1545409835085,9.789149977606042739e+03
716.2285722201125,9.776882872370948462e+03
716.3025469314863,9.736401425095133163e+03
716.3765882447348,9.736401425095133163e+03
716.4506192011959,9.693466556772300464e+03
716.5246654600803,9.732721293524604334e+03
716.5987013504475,9.759708925041813927e+03
716.6726754991479,9.720454188289510057e+03
716.7467162946405,9.715547346195471619e+03
716.8207466986998,9.760935635565323537e+03
716.8947667001454,9.744988398759700431e+03
716.9687557260248,9.721680898813019667e+03
717.0427805919613,9.731494583001094725e+03
717.116825887731,9.682426162060713978e+03
717.1908093232216,9.765842477659361975e+03
717.2648286044712,9.715547346195471619e+03
717.3388168541977,9.738854846142152383e+03
717.4128461038251,9.740081556665661992e+03
717.4868906346427,9.688559714678262026e+03
717.5608474726536,9.725361030383548496e+03
717.6348968087937,9.733948004048113944e+03
717.7088584084709,9.678746030490185149e+03
717.7828867763504,9.721680898813019667e+03
717.8568840385082,9.700826819913358122e+03
717.9309171761972,9.655438530543504385e+03
718.0048882559898,9.711867214624942790e+03
718.0789313004857,9.708187083054413961e+03
718.1528864689565,9.671385767349129310e+03
718.2268775063203,9.709413793577923570e+03
718.300914749167,9.678746030490185149e+03
718.3748898482226,9.655438530543504385e+03
718.4489059941204,9.638264583214371669e+03
718.5228857662477,9.678746030490185149e+03
718.5968549564894,9.683652872584223587e+03
718.6708910267723,9.700826819913358122e+03
718.7448648651658,9.689786425201771635e+03
718.8188539335962,9.708187083054413961e+03
718.8928117241455,9.649304977925956337e+03
718.9668571028507,9.633357741120333230e+03
719.040845353585,9.691013135725281245e+03
719.1148178064504,9.695919977819319683e+03
719.1887847916446,9.654211820019994775e+03
719.2628187285492,9.702053530436867732e+03
719.3367851179871,9.616183793791200515e+03
719.4107718973806,9.688559714678262026e+03
719.4847480151196,9.704506951483885132e+03
719.55871345993,9.660345372637542823e+03
719.6326941140954,9.681199451537204368e+03
719.7066692631995,9.660345372637542823e+03
719.780706250103,9.652985109496485165e+03
719.8546807424774,9.617410504314710124e+03
719.9286497097812,9.641944714784900498e+03
720.0026286960333,9.618637214838219734e+03
720.0766021474149,9.672612477872638920e+03
720.1505856143327,9.656665241067013994e+03
720.2245376004026,9.614957083267690905e+03
720.298530717732,9.602689978032594809e+03
720.3725079039693,9.613730372744181295e+03
720.446479525475,9.595329714891537151e+03
720.5204403826414,9.612503662220671686e+03
720.5943696939084,9.600236556985575589e+03
720.6683349523433,9.621090635885237134e+03
720.7423153966341,9.619863925361727524e+03
720.816285052651,9.568342083374327558e+03
720.890249105901,9.603916688556104418e+03
720.9642231419422,9.640718004261390888e+03
721.0382175601698,9.592876293844517932e+03
721.1121179678518,9.613730372744181295e+03
721.1860907374653,9.531540767669042907e+03
721.2600786851124,9.519273662433946811e+03
721.334050596095,9.608823530650142857e+03
721.4079648215145,9.552394846568704452e+03
721.4819202230957,9.529087346622023688e+03
721.5559168215076,9.549941425521685233e+03
721.6298296575088,9.521727083480966030e+03
721.7038045147077,9.572022214944856387e+03
721.777768491748,9.542581162380627575e+03
721.8516746809869,9.520500372957456420e+03
721.9256689717006,9.545034583427646794e+03
721.9996263053706,9.484925767775679560e+03
722.0735518685187,9.394149189035975724e+03
722.1475134315792,9.505779846675342924e+03
722.221443203523,9.494739451963756437e+03
722.2954141996532,9.446897741546885300e+03
722.369322077151,9.460391557305489187e+03
722.4432972736668,9.427270373170731546e+03
722.5172093181159,9.433403925788279594e+03
722.5911887015628,9.433403925788279594e+03
722.665104899496,9.413776557412127659e+03
722.7390623388185,9.413776557412127659e+03
722.8129878959985,9.439537478405827642e+03
722.8869756086152,9.379428662753860408e+03
722.9608791618889,9.446897741546885300e+03
723.0347925998112,9.363481425948237302e+03
723.1087786701618,9.357347873330689254e+03
723.1826700550422,9.402736162700541172e+03
723.2565817737539,9.324226689195931613e+03
723.3305609227724,9.380655373277370018e+03
723.4044767103132,9.309506162913818116e+03
723.4783814349788,9.276384978779060475e+03
723.5523797909511,9.326680110242950832e+03
723.6262885587613,9.310732873437327726e+03
723.7001862401456,9.297239057678722020e+03
723.7741042546204,9.289878794537664362e+03
723.8480321309023,9.280065110349589304e+03
723.9220013141903,9.272704847208531646e+03
723.9959122328532,9.297239057678722020e+03
724.0698330025856,9.282518531396608523e+03
724.1437478932739,9.273931557732041256e+03
724.2176516517817,9.277611689302570085e+03
724.2915652506016,9.218729584174112460e+03
724.3654729499798,9.270251426161512427e+03
724.4393957341822,9.234676820979735567e+03
724.51330736185,9.223636426268150899e+03
724.587207821535,9.239583663073774005e+03
724.6611286098097,9.173341294804260542e+03
724.7350592296857,9.195422084227431696e+03
724.80895240124,9.260437741973435550e+03
724.882865897012,9.153713926428106788e+03
724.9567892135801,9.152487215904597178e+03
725.0307013255602,9.235903531503245176e+03
725.1046074792529,9.132859847528445243e+03
725.1785287017594,9.189288531609883648e+03
725.2524334382222,9.132859847528445243e+03
725.326358500832,9.170887873757241323e+03
725.4002723250796,9.186835110562864429e+03
725.4741222682113,9.124272873863877976e+03
725.5480398915687,9.172114584280750933e+03
725.6219462528422,9.140220110669502901e+03
725.6958676722687,9.119366031769839537e+03
725.769783084779,9.174568005327770152e+03
725.8436292602167,9.159847479045654836e+03
725.9175431603215,9.121819452816858757e+03
725.9914510329734,9.125499584387387586e+03
726.0653686850188,9.078884584494026058e+03
726.1392275716657,9.124272873863877976e+03
726.2131278556831,9.113232479152293308e+03
726.2870379081896,9.043309979312249197e+03
726.3608891425325,9.067844189782439571e+03
726.4348081680206,9.029816163553645310e+03
726.50866306773,9.039629847741720369e+03
726.5825857784921,9.038403137218210759e+03
726.6564232085193,9.031042874077154920e+03
726.730349586392,9.048216821406287636e+03
726.8042645953695,9.046990110882778026e+03
726.8781153887404,9.015095637271529995e+03
726.9520393221525,9.015095637271529995e+03
727.0258672943038,9.010188795177491556e+03
727.0997948515045,9.015095637271529995e+03
727.1736528398144,9.033496295124174139e+03
727.2475046789152,8.991788137324849231e+03
727.3214244199837,8.969707347901678077e+03
727.3952533686669,8.991788137324849231e+03
727.4691766890326,8.966027216331149248e+03
727.5430356383624,8.924319058531826158e+03
727.6168831154938,8.918185505914278110e+03
727.6907985389481,8.948853269002016532e+03
727.7646495352022,8.856849979738801267e+03
727.838494332822,8.880157479685482031e+03
727.9123488191613,8.897331427014614746e+03
727.986271291593,8.893651295444087737e+03
728.0601080662049,8.897331427014614746e+03
728.1339810274446,8.855623269215291657e+03
728.2078212555151,8.844582874503705170e+03
728.2817295008361,8.839676032409668551e+03
728.3555996998778,8.848263006074233999e+03
728.429453049297,8.815141821939476358e+03
728.5033054557948,8.806554848274910910e+03
728.577140989502,8.859303400785820486e+03
728.6509914915385,8.790607611469285985e+03
728.7248569664563,8.796741164086834033e+03
728.7987108614303,8.782020637804720536e+03
728.872558477417,8.767300111522605221e+03
728.9464688832253,8.742765901052414847e+03
729.0203145595359,8.715778269535205254e+03
729.0941805149681,8.687563927494486052e+03
729.1680295392798,8.664256427547805288e+03
729.2418722535059,8.669163269641843726e+03
729.3156767351837,8.674070111735882165e+03
729.3895227579071,8.698604322206072538e+03
729.4633837365335,8.649535901265689972e+03
729.5372330643772,8.637268796030595695e+03
729.6110920231105,8.591880506660741958e+03
729.6849499652391,8.567346296190551584e+03
729.7587909091665,8.610281164513386102e+03
729.832646799371,8.610281164513386102e+03
729.9064377258716,8.596787348754780396e+03
729.9802755476569,8.566119585667041974e+03
730.0541496290818,8.593107217184251567e+03
730.1279906863275,8.526864848914738104e+03
730.2018413503896,8.510917612109113179e+03
730.2756322932343,8.471662875356809309e+03
730.3494914925877,8.528091559438247714e+03
730.4233389576001,8.414007480751861294e+03
730.497121314011,8.391926691328690140e+03
730.5709933006522,8.465529322739261261e+03
730.6448321837362,8.377206165046574824e+03
730.7186379386568,8.405420507087294027e+03
730.7924799682986,8.428728007033974791e+03
730.8662835069548,8.384566428187632482e+03
730.940128667791,8.323230902012155639e+03
731.0139673771906,8.288883007353888388e+03
731.0877622124666,8.355125375623403670e+03
731.1616307539186,8.307283665206532532e+03
731.2354072830598,8.249628270601584518e+03
731.3092735761231,8.236134454842978812e+03
731.3830531589755,8.258215244266151785e+03
731.4569011330443,8.250854981125094127e+03
731.5307105078027,8.191972875996636503e+03
731.6044812553652,8.211600244372788438e+03
731.6783471861277,8.160078402385388472e+03
731.7521477148499,8.145357876103274066e+03
731.8259899112759,8.141677744532745237e+03
731.899766660658,8.131864060344669269e+03
731.9735636445379,8.107329849874478896e+03
732.0473701527895,8.054581297363569320e+03
732.1212183467612,8.074208665739721255e+03
732.195006386356,8.017779981658282850e+03
732.2688093011474,8.057034718410588539e+03
732.3426485486638,8.020233402705302069e+03
732.4164544099781,8.009193007993716492e+03
732.4902214949792,8.009193007993716492e+03
732.5640302732379,7.914736297683482917e+03
732.6378270896475,7.936817087106654071e+03
732.7116656191168,7.914736297683482917e+03
732.7854653361854,7.880388403025215666e+03
732.8592530670325,7.918416429254011746e+03
732.9330341718326,7.912282876636463698e+03
733.0068247610646,7.846040508366949325e+03
733.0806302100424,7.885295245119254105e+03
733.1544290226378,7.798198797950077278e+03
733.2282104378809,7.835000113655363748e+03
733.3020120820065,7.751583798056715750e+03
733.3758016923423,7.777344719050415733e+03
733.4495738776542,7.738089982298110954e+03
733.5233662868974,7.771211166432867685e+03
733.5971735461529,7.734409850727582125e+03
733.6709687462483,7.734409850727582125e+03
733.7447518754218,7.701288666592824484e+03
733.818549846392,7.697608535022295655e+03
733.8923357337387,7.649766824605424517e+03
733.9660610421337,7.669394192981576452e+03
734.039849657903,7.609285377329610128e+03
734.113653111708,7.587204587906438064e+03
734.1874498467755,7.579844324765381316e+03
734.2612290717857,7.589658008953457283e+03
734.3349476318791,7.536909456442547707e+03
734.4087618993168,7.597018272094514941e+03
734.4825316665394,7.502561561784280457e+03
734.5563216510071,7.485387614455147741e+03
734.6300724954872,7.503788272307790066e+03
734.7038651403906,7.431412351420728555e+03
734.7776456166251,7.470667088173033335e+03
734.8513869120628,7.453493140843899710e+03
734.9251700158896,7.406878140950537272e+03
734.99889230638,7.416691825138614149e+03
735.0727050353661,7.389704193621404556e+03
735.1464785471829,7.377437088386308460e+03
735.220218219237,7.366396693674722883e+03
735.2939943121419,7.382343930480346899e+03
735.367736543824,7.368850114721742102e+03
735.4415206118363,7.295247483311170072e+03
735.5152599796714,7.307514588546266168e+03
735.5890466014831,7.229005115041655699e+03
735.662766849309,7.242498930800260496e+03
735.7365830712438,7.258446167605884511e+03
735.8103058246913,7.192203799336370139e+03
735.8840433540496,7.209377746665503764e+03
735.957822745456,7.227778404518146090e+03
736.0315681756952,7.182390115148294171e+03
736.1052958754302,7.194657220383389358e+03
736.1790654451154,7.132094983684402905e+03
736.252801015933,7.137001825778441344e+03
736.326545937147,7.171349720436707685e+03
736.4003381699183,7.105107352167193312e+03
736.4740584115469,7.134548404731422124e+03
736.5477988397872,7.110014194261231751e+03
736.6215269056551,7.073212878555945281e+03
736.6952425972906,7.091613536408588516e+03
736.7690544685436,7.090386825885078906e+03
736.8427725447069,7.038864983897678940e+03
736.9165053742005,7.025371168139074143e+03
736.9902258037228,7.010650641856959737e+03
737.0639609845649,6.999610247145374160e+03
737.137689186275,7.024144457615564534e+03
737.2114267046566,6.934594589399368488e+03
737.2851517972983,7.005743799762921299e+03
737.358897074205,6.916193931546726162e+03
737.4326244765816,6.943181563063935755e+03
737.5063448675909,6.918647352593745381e+03
737.5800799995792,6.884299457935478131e+03
737.6538026703106,6.887979589506006960e+03
737.7275346375662,6.854858405371249319e+03
737.8012595719805,6.881846036888458912e+03
737.8749992432967,6.842591300136154132e+03
737.9487264275168,6.840137879089134913e+03
738.022468346593,6.800883142336830133e+03
738.0961977656417,6.789842747625244556e+03
738.169865632222,6.765308537155054182e+03
738.2435972558687,6.778802352913658979e+03
738.3173218057595,6.715013405691162916e+03
738.3910556298822,6.757948274013996524e+03
738.4647823694751,6.727280510926258103e+03
738.5384638351453,6.692932616267991762e+03
738.612192738524,6.686799063650443713e+03
738.685909081362,6.658584721609724511e+03
738.7595855634423,6.649997747945158153e+03
738.8332985789483,6.618103274333910122e+03
738.9070317658445,6.610743011192853373e+03
738.9807032179243,6.599702616481267796e+03
739.0544385201678,6.587435511246171700e+03
739.1281065918952,6.553087616587905359e+03
739.2018439933116,6.545727353446847701e+03
739.2755687822585,6.506472616694542921e+03
739.3492317494262,6.527326695594205376e+03
739.4229859424029,6.486845248318390986e+03
739.4966509491076,6.469671300989257361e+03
739.5703798618135,6.448817222089594907e+03
739.6440468874771,6.451270643136614126e+03
739.7177778366447,6.381348143296570925e+03
739.791446866122,6.342093406544266145e+03
739.8651032005454,6.377668011726043005e+03
739.9388289543585,6.332279722356190177e+03
740.0125146409633,6.304065380315470975e+03
740.086187618405,6.326146169738642129e+03
740.1599026583724,6.301611959268451756e+03
740.2335830692062,6.296705117174413317e+03
740.3072452674804,6.270944196180713334e+03
740.3809769441689,6.237823012045956602e+03
740.4546465508478,6.229236038381389335e+03
740.5283253357537,6.188754591105574946e+03
740.6019968452496,6.170353933252931711e+03
740.6757323886792,6.166673801682403791e+03
740.7493783611862,6.148273143829760556e+03
740.8230664214437,6.111471828124474996e+03
740.8967416974003,6.104111564983417338e+03
740.9704041770528,6.083257486083755794e+03
741.0440813057113,6.099204722889379809e+03
741.1177456249695,6.062403407184093339e+03
741.1914740338814,6.031735644096354918e+03
741.265145682029,5.976533670538426122e+03
741.3387990020083,5.991254196820540528e+03
741.4124669600711,5.983893933679483780e+03
741.4861550585991,5.956906302162274187e+03
741.5598248114671,5.972853538967898203e+03
741.6334872037764,5.915198144362950188e+03
741.7070817125386,5.907837881221892530e+03
741.7807678621677,5.917651565409969407e+03
741.8544191228816,5.859996170805021393e+03
741.9281125335501,5.894344065463287734e+03
742.0017600242695,5.848955776093435816e+03
742.0754276444354,5.861222881328531003e+03
742.1491098938311,5.834235249811321410e+03
742.2227792320809,5.785166828870939753e+03
742.2963860567804,5.775353144682863785e+03
742.3700570824167,5.810927749864639736e+03
742.4437151716932,5.756952486830220550e+03
742.5173878791576,5.731191565836520567e+03
742.5909980073593,5.716471039554406161e+03
742.6646723713906,5.701750513272291755e+03
742.7383392893086,5.664949197567006195e+03
742.8119656461523,5.684576565943158130e+03
742.8856286765096,5.683349855419649430e+03
742.9592842387771,5.608520513485567790e+03
743.0328991982909,5.626921171338211025e+03
743.1065563576633,5.604840381915038961e+03
743.1801728901319,5.574172618827300539e+03
743.2538592524501,5.561905513592205352e+03
743.3274497210764,5.571719197780282229e+03
743.4011100282263,5.547184987310090946e+03
743.4747296601421,5.532464461027976540e+03
743.5483970465806,5.561905513592205352e+03
743.6220182060574,5.528784329457448621e+03
743.6956816000841,5.476035776946538135e+03
743.7692821427946,5.461315250664424639e+03
743.8429470520473,5.482169329564086183e+03
743.916576747615,5.423287224435628559e+03
743.990165669035,5.456408408570386200e+03
744.0638466591978,5.408566698153514153e+03
744.1374370340701,5.398753013965438186e+03
744.2110696595498,5.369311961401209373e+03
744.284716858413,5.352138014072075748e+03
744.3583232280512,5.380352356112794951e+03
744.4319496995879,5.372992092971738202e+03
744.5055574804348,5.380352356112794951e+03
744.5791520991629,5.339870908836980561e+03
744.6528444452033,5.303069593131695001e+03
744.7264460022811,5.328830514125394984e+03
744.8000565630955,5.294482619467128643e+03
744.8736594835683,5.272401830043956579e+03
744.9472714032472,5.256454593238332563e+03
745.0208756714717,5.249094330097275815e+03
745.094494486024,5.260134724808861392e+03
745.168100087441,5.206159461774442207e+03
745.2416924635781,5.217199856486027784e+03
745.3152993770332,5.212293014391989345e+03
745.3889152760675,5.188985514445308581e+03
745.4625290474098,5.201252619680403768e+03
745.5361240107667,5.191438935492327801e+03
745.609733506721,5.175491698686703785e+03
745.6833575395775,5.192665646015837410e+03
745.7569683059694,5.142370514551947053e+03
745.8305713563644,5.135010251410889396e+03
745.9041833730809,5.127649988269832647e+03
745.9777876626403,5.127649988269832647e+03
746.0514009139459,5.098208935705603835e+03
746.1249507566789,5.072448014711903852e+03
746.1985429433485,5.085941830470508648e+03
746.2721496486159,5.069994593664884633e+03
746.3457708767787,5.083488409423489429e+03
746.4193230608547,5.044233672671184650e+03
746.4929176060401,5.024606304295031805e+03
746.5665266650274,5.038100120053636601e+03
746.640066621393,5.018472751677483757e+03
746.7136768253059,5.017246041153975057e+03
746.7873015449047,4.955910514978498213e+03
746.8608348022583,5.003752225395370260e+03
746.934460649653,4.987804988589746245e+03
747.0080507927156,4.976764593878159758e+03
747.0815940434294,4.987804988589746245e+03
747.1552131827909,4.935056436078835759e+03
747.2287630801482,4.928922883461288620e+03
747.3023777208953,4.947323541313931855e+03
747.3759007391845,4.887214725661964621e+03
747.4495220280663,4.912975646655664605e+03
747.5230740040879,4.885988015138455012e+03
747.5966125121065,4.900708541420569418e+03
747.6702213915038,4.865133936238792558e+03
747.7437608993716,4.874947620426869435e+03
747.8173763904779,4.871267488856340606e+03
747.8909168833824,4.828332620533506997e+03
747.9644718416794,4.845506567862640622e+03
748.0380188872018,4.812385383727882981e+03
748.111630768237,4.818518936345431030e+03
748.1851787691317,4.797664857445768575e+03
748.2587356337701,4.776810778546107031e+03
748.3322845630789,4.768223804881539763e+03
748.405875958131,4.748596436505387828e+03
748.4794258064913,4.740009462840821470e+03
748.5529901125466,4.744916304934858999e+03
748.626540858474,4.706888278706063829e+03
748.7000780320159,4.699528015565006172e+03
748.7736296540094,4.692167752423949423e+03
748.8471676901079,4.681127357712363846e+03
748.920776260387,4.710568410276592658e+03
748.994315154041,4.695847883994478252e+03
749.0678741021718,4.682354068235873456e+03
749.1414138274398,4.660273278812701392e+03
749.2149736068789,4.672540384047796579e+03
749.2885141477188,4.633285647295491799e+03
749.362046665244,4.632058936771982189e+03
749.4355374512597,4.573176831643525475e+03
749.5090988297237,4.576856963214053394e+03
749.5826465568359,4.591577489496167800e+03
749.656175000463,4.540055647508767834e+03
749.7297234916311,4.556002884314391849e+03
749.803286415846,4.556002884314391849e+03
749.8768356615918,4.514294726515067850e+03
749.9503205982728,4.514294726515067850e+03
750.0238705670453,4.511841305468048631e+03
750.0974068314757,4.508161173897519802e+03
750.170963144645,4.500800910756463054e+03
750.2444438267519,4.450505779292571788e+03
750.318000832892,4.473813279239253461e+03
750.3915384788514,4.438238674057476601e+03
750.4650398530696,4.437011963533966991e+03
750.5385837931271,4.424744858298871804e+03
750.6121083437756,4.441918805628005430e+03
750.6855965835151,4.416157884634305447e+03
750.7591555782365,4.368316174217433399e+03
750.8326444278694,4.379356568929018977e+03
750.9061758589805,4.349915516364791074e+03
750.9796652967866,4.368316174217433399e+03
751.053225528571,4.354822358458828603e+03
751.1267211857668,4.332741569035657449e+03
751.2002538005404,4.318021042753543043e+03
751.2737443726544,4.327834726941619010e+03
751.347283196831,4.332741569035657449e+03
751.4207743095347,4.286126569142295011e+03
751.4942572105898,4.264045779719123857e+03
751.567805321994,4.249325253437009451e+03
751.641288735935,4.205163674590666233e+03
751.7147865207419,4.232151306107875826e+03
751.7883269399143,4.230924595584366216e+03
751.8618252198199,4.227244464013837387e+03
751.9353096018531,4.221110911396290248e+03
752.0087800736492,4.179402753596966249e+03
752.082349748397,4.170815779932399892e+03
752.1558206716313,4.189216437785042217e+03
752.2293059510168,4.173269200979418201e+03
752.3028112503567,4.143828148415189389e+03
752.3762686487676,4.121747358992018235e+03
752.4497687028702,4.118067227421489406e+03
752.5232604672466,4.126654201086056673e+03
752.5967892449822,4.104573411662884610e+03
752.6702814069297,4.119293937944999016e+03
752.74378792351,4.089852885380770658e+03
752.8172521255437,4.053051569675484643e+03
752.890753342267,4.072678938051637033e+03
752.9642462347487,4.081265911716203846e+03
753.0377251232514,4.042011174963899066e+03
753.111218354199,4.022383806587746221e+03
753.1846408387155,4.012570122399670254e+03
753.2581116847355,4.034650911822841863e+03
753.331591190779,4.001529727688084222e+03
753.4050850339123,3.945101043606646272e+03
753.4785648318334,3.980675648788422222e+03
753.552064642568,3.950007885700684255e+03
753.6254879218887,3.952461306747703020e+03
753.698987997613,3.952461306747703020e+03
753.7724683210844,3.946327754130155427e+03
753.845940242228,3.914433280518907850e+03
753.9193696482735,3.926700385754003037e+03
753.9928702112186,3.946327754130155427e+03
754.0663566760842,3.931607227848041020e+03
754.1397721577508,3.892352491095736241e+03
754.2132588199502,3.891125780572226631e+03
754.286731357841,3.903392885807322273e+03
754.3601613060175,3.882538806907660273e+03
754.433662469434,3.855551175390450226e+03
754.5070697940439,3.867818280625545867e+03
754.580571120139,3.856777885913959835e+03
754.6540013426822,3.855551175390450226e+03
754.7274800348059,3.856777885913959835e+03
754.8009103674891,3.831016964920259852e+03
754.8743891803196,3.821203280732183430e+03
754.9478196065738,3.810162886020597853e+03
755.0212985235391,3.797895780785502666e+03
755.0947347284628,3.783175254503388260e+03
755.1681567061893,3.769681438744783463e+03
755.2416500027333,3.785628675550407479e+03
755.3150720303312,3.741467096704064261e+03
755.3884798044081,3.740240386180554651e+03
755.4619874570354,3.729199991468969074e+03
755.535395250506,3.729199991468969074e+03
755.6088173113466,3.700985649428249872e+03
755.6822593542736,3.698532228381230652e+03
755.7557385217809,3.686265123146135466e+03
755.8291520013627,3.698532228381230652e+03
755.9025740310907,3.702212359951759481e+03
755.9760160417866,3.719386307280892652e+03
756.0494380281855,3.709572623092816229e+03
756.122851408895,3.698532228381230652e+03
756.196279048058,3.691171965240173449e+03
756.2697209498288,3.686265123146135466e+03
756.3431485156143,3.691171965240173449e+03
756.4166132278519,3.653143939011378279e+03
756.490046430767,3.682584991575606637e+03
756.563402310791,3.624929596970659077e+03
756.6368296685728,3.637196702205754264e+03
756.710271280547,3.622476175923639858e+03
756.7836985147853,3.613889202259073045e+03
756.8571170870929,3.616342623306092264e+03
756.9305441765948,3.589354991788882671e+03
757.0039625924522,3.583221439171335078e+03
757.0773895204559,3.567274202365711062e+03
757.1508077630942,3.586901570741863452e+03
757.2241829078598,3.552553676083596656e+03
757.2975952154935,3.588128281265373062e+03
757.3710274951507,3.535379728754463486e+03
757.4444453309834,3.524339334042877454e+03
757.5178200187852,3.548873544513068282e+03
757.5912376210018,3.518205781425329860e+03
757.664669455667,3.529246176136915437e+03
757.7380294018718,3.493671570955139487e+03
757.8114609832415,3.498578413049177470e+03
757.884883822762,3.480177755196534690e+03
757.9582576961611,3.505938676190234673e+03
758.0316745087733,3.472817492055477487e+03
758.1050538201592,3.469137360484948658e+03
758.1784703328954,3.453190123679324643e+03
758.2518205742088,3.456870255249853471e+03
758.3252712680576,3.449509992108796268e+03
758.3986211596865,3.418842229021057847e+03
758.4720370175761,3.415162097450529473e+03
758.545415305501,3.423749071115096285e+03
758.6187790176235,3.412708676403510253e+03
758.692185702744,3.422522360591586676e+03
758.7655490229096,3.412708676403510253e+03
758.8389841161411,3.393081308027357863e+03
758.9123470329839,3.379587492268753067e+03
758.985729896929,3.368547097557167490e+03
759.0590923834825,3.356279992322071848e+03
759.1324978677417,3.350146439704524255e+03
759.2058656754364,3.329292360804862255e+03
759.2792419009955,3.336652623945919458e+03
759.3526092466964,3.337879334469429068e+03
759.4259619360007,3.324385518710824272e+03
759.4993807137987,3.336652623945919458e+03
759.5727617631621,3.329292360804862255e+03
759.6461281405926,3.299851308240633898e+03
759.7194798334775,3.296171176670105069e+03
759.79284569346,3.292491045099576695e+03
759.8662199506782,3.281450650387990663e+03
759.9395910557283,3.285130781958519492e+03
760.0129416740881,3.274090387246933460e+03
760.0863064536592,3.282677360911500273e+03
760.1596565064068,3.265503413582366647e+03
760.2330264969562,3.229928808400590697e+03
760.3064048714377,3.238515782065157055e+03
760.3797685035091,3.218888413689004665e+03
760.4531231634235,3.237289071541647900e+03
760.5264341378603,3.193127492695304682e+03
760.5997823891312,3.201714466359871494e+03
760.6731505760081,3.207848018977419088e+03
760.7465329185825,3.167366571701604698e+03
760.8198946901349,3.160006308560547495e+03
760.893195347572,3.169819992748623463e+03
760.9665564561759,3.160006308560547495e+03
761.039908545017,3.128111834949299464e+03
761.1132805694576,3.152646045419490292e+03
761.186574038077,3.106031045526127855e+03
761.2599395757078,3.114618019190694667e+03
761.3332612942629,3.141605650707904260e+03
761.4066319227295,3.099897492908580261e+03
761.4799819030882,3.106031045526127855e+03
761.5532938204132,3.087630387673485075e+03
761.6266430583955,3.087630387673485075e+03
761.6999542102297,3.068003019297332685e+03
761.7733026886444,3.058189335109256263e+03
761.8466130577877,3.069229729820842294e+03
761.9199955907541,3.029974993068537060e+03
761.9932761350078,3.039788677256613482e+03
762.0665998139598,3.016481177309932264e+03
762.1399666484456,3.020161308880461092e+03
762.2132604654904,2.991946966839741890e+03
762.2866264890819,3.012801045739403889e+03
762.3599194586624,3.017707887833441873e+03
762.4332265236651,3.000533940504308703e+03
762.5065244315081,2.994400387886761109e+03
762.5798887714861,2.978453151081137094e+03
762.653209066283,2.962505914275513078e+03
762.726491103933,2.952692230087437110e+03
762.7998163192037,2.956372361657965484e+03
762.8731789131846,2.955145651134455875e+03
762.9464741276457,2.956372361657965484e+03
763.0197834275534,2.941651835375851078e+03
763.0930777014148,2.913437493335131876e+03
763.1663802334256,2.917117624905660705e+03
763.2396735482423,2.897490256529507860e+03
763.312980942364,2.906077230194074673e+03
763.3863024198473,2.896263546005998705e+03
763.4595855263992,2.897490256529507860e+03
763.5329060235777,2.881543019723884299e+03
763.6062114503713,2.869275914488789113e+03
763.6795017940418,2.866822493441769893e+03
763.7528120409493,2.863142361871241064e+03
763.8261013583818,2.848421835589127113e+03
763.8994105781957,2.847195125065617503e+03
763.9727280347157,2.828794467212974268e+03
764.0459486507003,2.811620519883841098e+03
764.1192708849686,2.832474598783503097e+03
764.1925721540134,2.803033546219274285e+03
764.265864123763,2.811620519883841098e+03
764.339170153393,2.816527361977879082e+03
764.4124025979912,2.789539730460669489e+03
764.4857075207827,2.777272625225574302e+03
764.5590265043799,2.809167098836821879e+03
764.6322718534416,2.767458941037497880e+03
764.7055663242454,2.747831572661345490e+03
764.7788689989354,2.782179467319612286e+03
764.8520979783581,2.762552098943459896e+03
764.9254053449329,2.750284993708364709e+03
764.9986623906358,2.745378151614326271e+03
765.0719685894694,2.706123414862021491e+03
765.1451951672625,2.717163809573607068e+03
765.2185001752471,2.740471309520288287e+03
765.2917606634498,2.704896704338511881e+03
765.3650586119669,2.713483678003078694e+03
765.438288577042,2.692629599103416695e+03
765.5115911575078,2.713483678003078694e+03
765.5848491670143,2.720843941144135897e+03
765.6580918875516,2.697536441197454678e+03
765.7313779407682,2.666868678109716711e+03
765.8046193790093,2.687722757009378711e+03
765.8778806952203,2.675455651774283069e+03
765.9511794972256,2.668095388633226321e+03
766.0244043117671,2.685269335962359492e+03
766.0976489972652,2.661961836015678273e+03
766.1709018207467,2.663188546539187882e+03
766.2441451689594,2.661961836015678273e+03
766.31745537396,2.655828283398130679e+03
766.3906973785047,2.638654336068997509e+03
766.4639240114803,2.614120125598806681e+03
766.5371587632285,2.649694730780583086e+03
766.610413388223,2.638654336068997509e+03
766.6836526256157,2.612893415075297526e+03
766.7569058583788,2.636200915021978290e+03
766.8301436890999,2.607986572981259087e+03
766.9033661049401,2.599399599316692274e+03
766.9766319183701,2.599399599316692274e+03
767.049858779082,2.595719467746163900e+03
767.1230937389751,2.593266046699144681e+03
767.196342684586,2.563824994134916324e+03
767.2695820718163,2.590812625652125917e+03
767.3427706741372,2.583452362511068714e+03
767.4160085761127,2.558918152040877885e+03
767.4892545691928,2.542970915235254324e+03
767.5624909794419,2.538064073141215886e+03
767.6357413679548,2.542970915235254324e+03
767.7089173321764,2.547877757329292308e+03
767.7821603029794,2.531930520523668292e+03
767.8553936664732,2.542970915235254324e+03
767.928641001735,2.515983283718044277e+03
768.001843330076,2.507396310053477919e+03
768.0750596156819,2.502489467959439480e+03
768.1482662604737,2.491449073247853903e+03
768.2215104680862,2.517209994241553886e+03
768.2947391311019,2.498809336388911106e+03
768.3679227171707,2.479181968012758716e+03
768.441155676817,2.473048415395211123e+03
768.5143376298478,2.488995652200834684e+03
768.5875985030231,2.475501836442229887e+03
768.6607551772538,2.455874468066077497e+03
768.7340085126597,2.475501836442229887e+03
768.8071930624363,2.462008020683625091e+03
768.8803619892306,2.452194336495549123e+03
768.9535980606818,2.448514204925020294e+03
769.0267948587721,2.450967625972039514e+03
769.0999760176759,2.426433415501848685e+03
769.1732302685929,2.442380652307472701e+03
769.2464097142773,2.433793678642905888e+03
769.3195794118245,2.435020389166415498e+03
769.3928163071785,2.444834073354491920e+03
769.4660079399233,2.426433415501848685e+03
769.5391838897698,2.439927231260453482e+03
769.6123796819868,2.431340257595887124e+03
769.6855538548153,2.426433415501848685e+03
769.7587182425186,2.417846441837282327e+03
769.8319202468393,2.396992362937620328e+03
769.9051421026546,2.409259468172715515e+03
769.97834824532,2.406806047125696296e+03
770.0515030831361,2.389632099796563125e+03
770.1247074085248,2.390858810320072280e+03
770.1978663329771,2.382271836655505922e+03
770.2710688242653,2.374911573514448719e+03
770.3442258887268,2.376138284037958329e+03
770.4173671736539,2.366324599849881906e+03
770.4905282854356,2.371231441943919890e+03
770.5637270444658,2.339336968332672313e+03
770.6369100189285,2.356510915661805484e+03
770.7100771958651,2.352830784091277110e+03
770.7832642087253,2.338110257809162704e+03
770.856459180459,2.334430126238634330e+03
770.9295551317979,2.319709599956519924e+03
771.0027481693259,2.333203415715124720e+03
771.0759313239301,2.298855521056857924e+03
771.1490926926053,2.316029468385991095e+03
771.2222144154819,2.306215784197915127e+03
771.2954094963922,2.297628810533348314e+03
771.368588721728,2.287815126345271892e+03
771.4417223223901,2.271867889539648331e+03
771.5148995537488,2.281681573727724299e+03
771.5880013670636,2.249787100116476722e+03
771.6612063537742,2.252240521163495487e+03
771.734306117772,2.255920652734024316e+03
771.8074852581613,2.276774731633686315e+03
771.8806127402132,2.230159731740324332e+03
771.953783876625,2.231386442263833487e+03
772.0269152446992,2.224026179122776739e+03
772.1000843158894,2.243653547498929129e+03
772.1732135949969,2.243653547498929129e+03
772.2463209463975,2.226479600169795503e+03
772.3195077548475,2.246106968545947893e+03
