X,Y
534.0051269287335,2.481000000000000000e+03
534.0808105837979,2.493000000000000000e+03
534.1564941245075,2.485000000000000000e+03
534.2322387608131,2.471000000000000000e+03
534.3079223194351,2.492000000000000000e+03
534.3836059646314,2.476000000000000000e+03
534.459289487409,2.494000000000000000e+03
534.534973107135,2.502000000000000000e+03
534.6106567862021,2.470000000000000000e+03
534.6863402868432,2.506000000000000000e+03
534.7620238571769,2.506000000000000000e+03
534.8377074881613,2.531000000000000000e+03
534.9134522313972,2.548000000000000000e+03
534.9891358020897,2.530000000000000000e+03
535.0648193202943,2.548000000000000000e+03
535.140502776876,2.550000000000000000e+03
535.2161864491509,2.577000000000000000e+03
535.2918700416792,2.579000000000000000e+03
535.367553831929,2.567000000000000000e+03
535.4432372375885,2.589000000000000000e+03
535.5189208228152,2.598000000000000000e+03
535.594604578686,2.614000000000000000e+03
535.6702882093306,2.624000000000000000e+03
535.745971418549,2.609000000000000000e+03
535.8216553453357,2.637000000000000000e+03
535.8973391196765,2.613000000000000000e+03
535.9730227323798,2.631000000000000000e+03
536.0487061742487,2.641000000000000000e+03
536.1243894360814,2.639000000000000000e+03
536.2000730836918,2.622000000000000000e+03
536.275756820763,2.672000000000000000e+03
536.3514406383212,2.648000000000000000e+03
536.4271239518794,2.663000000000000000e+03
536.5028079033076,2.658000000000000000e+03
536.5784913324379,2.670000000000000000e+03
536.6541748057845,2.684000000000000000e+03
536.7298583143477,2.678000000000000000e+03
536.8055421372837,2.706000000000000000e+03
536.8812254011024,2.683000000000000000e+03
536.9569092495924,2.680000000000000000e+03
537.0325928090099,2.709000000000000000e+03
537.1082763585715,2.713000000000000000e+03
537.1839598892475,2.722000000000000000e+03
537.2596436806508,2.738000000000000000e+03
537.3353268577979,2.735000000000000000e+03
537.411010566398,2.746000000000000000e+03
537.4866335528031,2.763000000000000000e+03
537.5623168365025,2.757000000000000000e+03
537.6380003360828,2.765000000000000000e+03
537.7136843318589,2.778000000000000000e+03
537.7893676583791,2.763000000000000000e+03
537.8650511739759,2.783000000000000000e+03
537.940734869813,2.797000000000000000e+03
538.0164184475874,2.794000000000000000e+03
538.0920408046188,2.797000000000000000e+03
538.1677246810524,2.792000000000000000e+03
538.2434084124591,2.780000000000000000e+03
538.3190919897331,2.786000000000000000e+03
538.3947756936324,2.803000000000000000e+03
538.4704589353845,2.810000000000000000e+03
538.5461425757196,2.824000000000000000e+03
538.6217653920648,2.837000000000000000e+03
538.6974486256656,2.830000000000000000e+03
538.7731322312683,2.842000000000000000e+03
538.8488156195046,2.844000000000000000e+03
538.9244993621073,2.850000000000000000e+03
539.0001221504488,2.852000000000000000e+03
539.0758056867688,2.874000000000000000e+03
539.1514895509623,2.885000000000000000e+03
539.2271725712882,2.896000000000000000e+03
539.3027954051873,2.901000000000000000e+03
539.378479310497,2.900000000000000000e+03
539.4541629264281,2.911000000000000000e+03
539.5298462437939,2.919000000000000000e+03
539.6054689803647,2.907000000000000000e+03
539.6811522386217,2.911000000000000000e+03
539.7568363363963,2.914000000000000000e+03
539.832519225528,2.950000000000000000e+03
539.9081423044014,2.941000000000000000e+03
539.9838259373797,2.940000000000000000e+03
540.0595095003099,2.954000000000000000e+03
540.1351320092971,2.970000000000000000e+03
540.2108150962631,2.967000000000000000e+03
540.2864989617823,2.963000000000000000e+03
540.362121111465,2.974000000000000000e+03
540.4378056155781,2.973000000000000000e+03
540.5134888278695,2.973000000000000000e+03
540.5891111220752,2.976000000000000000e+03
540.6647949195459,2.990000000000000000e+03
540.7404782741969,3.017000000000000000e+03
540.8161009254455,2.991000000000000000e+03
540.8917848125893,3.009000000000000000e+03
540.9674685225426,3.009000000000000000e+03
541.0430911589102,3.025000000000000000e+03
541.1187741775063,3.010000000000000000e+03
541.194457870279,3.035000000000000000e+03
541.2700807045082,3.042000000000000000e+03
541.3457636520761,3.050000000000000000e+03
541.4213865683067,3.037000000000000000e+03
541.497070200242,3.059000000000000000e+03
541.5727541699249,3.080000000000000000e+03
541.648376858336,3.092000000000000000e+03
541.7240599931954,3.092000000000000000e+03
541.7996829685276,3.092000000000000000e+03
541.8753664065381,3.120000000000000000e+03
541.950988459017,3.086000000000000000e+03
542.0266721649095,3.121000000000000000e+03
542.1022953150494,3.130000000000000000e+03
542.1779780782617,3.141000000000000000e+03
542.2536014098382,3.157000000000000000e+03
542.329284076073,3.142000000000000000e+03
542.4049075539548,3.142000000000000000e+03
542.4805912648831,3.178000000000000000e+03
542.5562136767595,3.157000000000000000e+03
542.631897220388,3.209000000000000000e+03
542.7075197075332,3.216000000000000000e+03
542.7832033429272,3.190000000000000000e+03
542.8588255754784,3.195000000000000000e+03
542.9345092673785,3.217000000000000000e+03
543.0101320942985,3.218000000000000000e+03
543.0858158076525,3.232000000000000000e+03
543.1614377193954,3.244000000000000000e+03
543.2371220089141,3.238000000000000000e+03
543.3127444450705,3.257000000000000000e+03
543.3884278000902,3.262000000000000000e+03
543.4640501352047,3.263000000000000000e+03
543.5396728412053,3.251000000000000000e+03
543.6153561952086,3.291000000000000000e+03
543.6909787475163,3.275000000000000000e+03
543.7666625552929,3.257000000000000000e+03
543.8422846228852,3.307000000000000000e+03
543.917907905318,3.289000000000000000e+03
543.9935909887698,3.315000000000000000e+03
544.0692140297832,3.301000000000000000e+03
544.1448361882029,3.317000000000000000e+03
544.220519947648,3.324000000000000000e+03
544.2961426997966,3.343000000000000000e+03
544.3718261809979,3.337000000000000000e+03
544.4474486032625,3.328000000000000000e+03
544.5230709870222,3.355000000000000000e+03
544.5987550137446,3.365000000000000000e+03
544.6743770145879,3.370000000000000000e+03
544.7500001373947,3.364000000000000000e+03
544.8256222965063,3.376000000000000000e+03
544.9013064288619,3.402000000000000000e+03
544.976929025401,3.434000000000000000e+03
545.0525518192319,3.397000000000000000e+03
545.1282345318966,3.420000000000000000e+03
545.2038574139079,3.432000000000000000e+03
545.27947957532,3.422000000000000000e+03
545.3551027912747,3.434000000000000000e+03
545.4307859578726,3.451000000000000000e+03
545.5064085974922,3.478000000000000000e+03
545.582031075963,3.462000000000000000e+03
545.6576539799133,3.487000000000000000e+03
545.7333374615957,3.493000000000000000e+03
545.8089603143547,3.496000000000000000e+03
545.8845823750287,3.494000000000000000e+03
545.9602051246089,3.512000000000000000e+03
546.0358279586479,3.539000000000000000e+03
546.1115111125337,3.552000000000000000e+03
546.1871341062584,3.546000000000000000e+03
546.2627559649052,3.557000000000000000e+03
546.3383790667153,3.549000000000000000e+03
546.4140010154777,3.571000000000000000e+03
546.4896238920949,3.562000000000000000e+03
546.5653080328324,3.565000000000000000e+03
546.6409297699242,3.605000000000000000e+03
546.7165527083374,3.579000000000000000e+03
546.7921753454747,3.632000000000000000e+03
546.8677979714669,3.632000000000000000e+03
546.9434205776232,3.636000000000000000e+03
547.0190431552487,3.611000000000000000e+03
547.0946647977053,3.637000000000000000e+03
547.1703492667542,3.649000000000000000e+03
547.2459723224066,3.638000000000000000e+03
547.3215944163495,3.650000000000000000e+03
547.3972173369806,3.652000000000000000e+03
547.4728389782355,3.651000000000000000e+03
547.5484617288662,3.654000000000000000e+03
547.6240849813485,3.669000000000000000e+03
547.6997072275658,3.667000000000000000e+03
547.7753302583766,3.677000000000000000e+03
547.8509522649341,3.684000000000000000e+03
547.9265750390812,3.682000000000000000e+03
548.0021964706609,3.670000000000000000e+03
548.0778207553666,3.675000000000000000e+03
548.1534418774738,3.703000000000000000e+03
548.2290652357153,3.720000000000000000e+03
548.3046878169241,3.742000000000000000e+03
548.3803093111,3.726000000000000000e+03
548.4559330175531,3.747000000000000000e+03
548.5315556197277,3.772000000000000000e+03
548.6071771080813,3.760000000000000000e+03
548.6828010856999,3.751000000000000000e+03
548.7584221255744,3.759000000000000000e+03
548.834045337373,3.753000000000000000e+03
548.9096673999533,3.776000000000000000e+03
548.9852904134418,3.776000000000000000e+03
549.0609137670749,3.766000000000000000e+03
549.1364750314843,3.796000000000000000e+03
549.2120978166789,3.818000000000000000e+03
549.2877191060418,3.801000000000000000e+03
549.3633428131332,3.829000000000000000e+03
549.4389653087501,3.840000000000000000e+03
549.5145865832915,3.828000000000000000e+03
549.590210251744,3.828000000000000000e+03
549.665832681899,3.857000000000000000e+03
549.7413946298766,3.866000000000000000e+03
549.8170160497809,3.876000000000000000e+03
549.8926398319383,3.856000000000000000e+03
549.9682623401311,3.878000000000000000e+03
550.0438835647246,3.874000000000000000e+03
550.1195068250248,3.907000000000000000e+03
550.1950679386268,3.915000000000000000e+03
550.2706906900269,3.902000000000000000e+03
550.3463136366366,3.944000000000000000e+03
550.421935255224,3.939000000000000000e+03
550.4975591726949,3.965000000000000000e+03
550.5731205123872,3.919000000000000000e+03
550.6487432287166,3.937000000000000000e+03
550.7243648844632,3.979000000000000000e+03
550.7999885039992,3.973000000000000000e+03
550.8755494425731,3.983000000000000000e+03
550.951172094361,3.987000000000000000e+03
551.0267951682852,4.030000000000000000e+03
551.1024165301448,4.021000000000000000e+03
551.1779790561093,4.000000000000000000e+03
551.2536012026161,3.998000000000000000e+03
551.3292237372492,4.030000000000000000e+03
551.4047855382855,4.038000000000000000e+03
551.4804066788231,4.044000000000000000e+03
551.5560303111364,4.054000000000000000e+03
551.6315910047903,4.064000000000000000e+03
551.7072150175466,4.082000000000000000e+03
551.7828375420726,4.104000000000000000e+03
551.8583991818102,4.058000000000000000e+03
551.9340205121266,4.083000000000000000e+03
552.0096436778041,4.104000000000000000e+03
552.0852040546326,4.123000000000000000e+03
552.1608281083562,4.128000000000000000e+03
552.2363887123648,4.107000000000000000e+03
552.3120111809802,4.121000000000000000e+03
552.3876339198484,4.109000000000000000e+03
552.4631955723437,4.126000000000000000e+03
552.5388185047575,4.138000000000000000e+03
552.614380300461,4.123000000000000000e+03
552.6900021708618,4.124000000000000000e+03
552.765564075718,4.134000000000000000e+03
552.8411860712373,4.186000000000000000e+03
552.9168082777293,4.154000000000000000e+03
552.9923707499584,4.147000000000000000e+03
553.0679933370403,4.160000000000000000e+03
553.1435543046211,4.185000000000000000e+03
553.2191769324178,4.188000000000000000e+03
553.2947381962192,4.155000000000000000e+03
553.3703611371725,4.198000000000000000e+03
553.4459223575054,4.198000000000000000e+03
553.521545578136,4.217000000000000000e+03
553.5971070276289,4.205000000000000000e+03
553.6727301879512,4.227000000000000000e+03
553.74829183306,4.215000000000000000e+03
553.823851714682,4.237000000000000000e+03
553.8994751723073,4.230000000000000000e+03
553.9750367322185,4.224000000000000000e+03
554.050658510177,4.247000000000000000e+03
554.1262201811371,4.253000000000000000e+03
554.2018439290302,4.256000000000000000e+03
554.2774053707294,4.272000000000000000e+03
554.3529671374815,4.258000000000000000e+03
554.4285888549837,4.262000000000000000e+03
554.5041506486573,4.308000000000000000e+03
554.579712127434,4.323000000000000000e+03
554.6553335805664,4.283000000000000000e+03
554.7308950353918,4.319000000000000000e+03
554.8065186350868,4.325000000000000000e+03
554.8820800328116,4.315000000000000000e+03
554.9576410728757,4.372000000000000000e+03
555.0332642831411,4.366000000000000000e+03
555.108825215094,4.346000000000000000e+03
555.1843863800646,4.368000000000000000e+03
555.2599490030949,4.410000000000000000e+03
555.3355716725129,4.389000000000000000e+03
555.4111322702728,4.393000000000000000e+03
555.486694610333,4.395000000000000000e+03
555.5623170204691,4.413000000000000000e+03
555.6378788265472,4.394000000000000000e+03
555.7134408077316,4.415000000000000000e+03
555.7890023379755,4.457000000000000000e+03
555.8646239696742,4.466000000000000000e+03
555.9401852063803,4.477000000000000000e+03
556.0157462753666,4.462000000000000000e+03
556.0913090235443,4.503000000000000000e+03
556.1668694227267,4.499000000000000000e+03
556.2424921284115,4.514000000000000000e+03
556.3180540060974,4.509000000000000000e+03
556.3936159838638,4.515000000000000000e+03
556.46917743411,4.525000000000000000e+03
556.544738657784,4.592000000000000000e+03
556.6202993365139,4.524000000000000000e+03
556.6959226832005,4.549000000000000000e+03
556.7714847427467,4.585000000000000000e+03
556.8470468524312,4.585000000000000000e+03
556.9226065226395,4.582000000000000000e+03
556.9981696377276,4.570000000000000000e+03
557.0737306061917,4.574000000000000000e+03
557.1492912804306,4.604000000000000000e+03
557.2248535148585,4.625000000000000000e+03
557.3004154389016,4.632000000000000000e+03
557.3759767333004,4.645000000000000000e+03
557.451598607399,4.629000000000000000e+03
557.5271614300829,4.645000000000000000e+03
557.6027217325554,4.652000000000000000e+03
557.6782835475029,4.638000000000000000e+03
557.7538450012918,4.641000000000000000e+03
557.8294060853028,4.638000000000000000e+03
557.9049686584602,4.655000000000000000e+03
557.9805305342576,4.661000000000000000e+03
558.0560904581027,4.671000000000000000e+03
558.1316534042687,4.668000000000000000e+03
558.2072143813721,4.665000000000000000e+03
558.2827764962979,4.687000000000000000e+03
558.3583381828406,4.680000000000000000e+03
558.4338994323449,4.671000000000000000e+03
558.5094602361507,4.670000000000000000e+03
558.5850224576968,4.693000000000000000e+03
558.6605230453073,4.719000000000000000e+03
558.7360843175928,4.690000000000000000e+03
558.8116447982349,4.722000000000000000e+03
558.8872066647817,4.715000000000000000e+03
558.9627683478695,4.709000000000000000e+03
559.0383292140123,4.729000000000000000e+03
559.1138914425185,4.715000000000000000e+03
559.1894531500513,4.730000000000000000e+03
559.2650140151281,4.754000000000000000e+03
559.3405155236203,4.747000000000000000e+03
559.4160774775995,4.774000000000000000e+03
559.491638563738,4.766000000000000000e+03
559.5671990861741,4.807000000000000000e+03
559.6427612285802,4.765000000000000000e+03
559.7183224777227,4.795000000000000000e+03
559.7938239112091,4.801000000000000000e+03
559.8693855251184,4.823000000000000000e+03
559.9449468470373,4.809000000000000000e+03
560.0205075548458,4.808000000000000000e+03
560.0960695220344,4.834000000000000000e+03
560.1715693553381,4.880000000000000000e+03
560.2471316053342,4.848000000000000000e+03
560.3226935219939,4.868000000000000000e+03
560.3982544687057,4.874000000000000000e+03
560.4737553798353,4.903000000000000000e+03
560.549316857351,4.878000000000000000e+03
560.6248776534629,4.884000000000000000e+03
560.70037802624,4.906000000000000000e+03
560.7759393038835,4.930000000000000000e+03
560.8515017620771,4.939000000000000000e+03
560.9270018364357,4.966000000000000000e+03
561.0025625253518,4.966000000000000000e+03
561.0781246855694,4.980000000000000000e+03
561.1536262760454,4.976000000000000000e+03
561.2291866163674,5.027000000000000000e+03
561.304748089255,5.031000000000000000e+03
561.3802492335784,5.024000000000000000e+03
561.4558107265045,5.015000000000000000e+03
561.5313717522904,5.028000000000000000e+03
561.6068723759059,5.041000000000000000e+03
561.6824333719698,5.029000000000000000e+03
561.7579339169324,5.076000000000000000e+03
561.8334954817075,5.097000000000000000e+03
561.9089955995389,5.094000000000000000e+03
561.9845564375671,5.100000000000000000e+03
562.0601218043322,5.062000000000000000e+03
562.1356190160956,5.084000000000000000e+03
562.2111807638972,5.117000000000000000e+03
562.2866837867199,5.114000000000000000e+03
562.3622450420103,5.148000000000000000e+03
562.4377443607594,5.103000000000000000e+03
562.5133050891404,5.151000000000000000e+03
562.5888069961169,5.166000000000000000e+03
562.6643671648543,5.164000000000000000e+03
562.739868463935,5.159000000000000000e+03
562.8154280394092,5.125000000000000000e+03
562.8909286969488,5.139000000000000000e+03
562.9664305978828,5.119000000000000000e+03
563.0419939681478,5.145000000000000000e+03
563.1174920085415,5.150000000000000000e+03
563.19305470474,5.183000000000000000e+03
563.2685551920358,5.151000000000000000e+03
563.3440568835294,5.166000000000000000e+03
563.419616911542,5.184000000000000000e+03
563.4951146546897,5.193000000000000000e+03
563.5706770994776,5.183000000000000000e+03
563.6461803879624,5.202000000000000000e+03
563.7216816652208,5.197000000000000000e+03
563.7972413162915,5.231000000000000000e+03
563.8727417375509,5.229000000000000000e+03
563.948243300408,5.222000000000000000e+03
564.0238032597638,5.179000000000000000e+03
564.0993039174446,5.219000000000000000e+03
564.1748025104577,5.243000000000000000e+03
564.2503658884998,5.237000000000000000e+03
564.3258667100131,5.264000000000000000e+03
564.4013686264184,5.247000000000000000e+03
564.4768684441426,5.270000000000000000e+03
564.5524298972744,5.269000000000000000e+03
564.6279318813953,5.295000000000000000e+03
564.7034317408531,5.286000000000000000e+03
564.7789326555933,5.311000000000000000e+03
564.8544314277575,5.313000000000000000e+03
564.9299918767013,5.332000000000000000e+03
565.005495928257,5.306000000000000000e+03
565.0809946197296,5.348000000000000000e+03
565.1564943267665,5.350000000000000000e+03
565.2319918472216,5.340000000000000000e+03
565.3075574772264,5.315000000000000000e+03
565.3830570069348,5.350000000000000000e+03
565.4585575213804,5.354000000000000000e+03
565.5340558149843,5.352000000000000000e+03
565.6095582761728,5.407000000000000000e+03
565.6850585002172,5.360000000000000000e+03
565.760556477251,5.399000000000000000e+03
565.8360618025167,5.411000000000000000e+03
565.9116225122199,5.432000000000000000e+03
565.9871233197282,5.460000000000000000e+03
566.0626218458439,5.458000000000000000e+03
566.1381244909254,5.515000000000000000e+03
566.2136216322725,5.523000000000000000e+03
566.289126084757,5.536000000000000000e+03
566.3646250154166,5.571000000000000000e+03
566.4401248288668,5.557000000000000000e+03
566.5156223083626,5.582000000000000000e+03
566.5911238644974,5.605000000000000000e+03
566.666626281373,5.604000000000000000e+03
566.7421263396649,5.610000000000000000e+03
566.8176240294433,5.587000000000000000e+03
566.8931289818083,5.627000000000000000e+03
566.9686283363882,5.673000000000000000e+03
567.044128511452,5.631000000000000000e+03
567.1196262833736,5.631000000000000000e+03
567.1951280764068,5.625000000000000000e+03
567.2706306677735,5.639000000000000000e+03
567.3460696737624,5.654000000000000000e+03
567.4215706028087,5.642000000000000000e+03
567.4970690857559,5.665000000000000000e+03
567.5725715554013,5.665000000000000000e+03
567.6480715624202,5.647000000000000000e+03
567.7235723199296,5.673000000000000000e+03
567.7990705965543,5.686000000000000000e+03
567.8745728319317,5.680000000000000000e+03
567.9500112820856,5.714000000000000000e+03
568.0255117228037,5.692000000000000000e+03
568.1010128751681,5.681000000000000000e+03
568.1765115034954,5.696000000000000000e+03
568.2520140559766,5.689000000000000000e+03
568.327455928513,5.693000000000000000e+03
568.4029533742392,5.677000000000000000e+03
568.478454722623,5.697000000000000000e+03
568.5539535037092,5.688000000000000000e+03
568.6293947397575,5.681000000000000000e+03
568.7048948100362,5.684000000000000000e+03
568.7803955214323,5.704000000000000000e+03
568.8558968664703,5.685000000000000000e+03
568.9313373379196,5.677000000000000000e+03
569.0068366737867,5.678000000000000000e+03
569.0823366191238,5.706000000000000000e+03
569.1577756177235,5.708000000000000000e+03
569.2332767431898,5.679000000000000000e+03
569.3087752145101,5.665000000000000000e+03
569.3842159078702,5.720000000000000000e+03
569.4597155117148,5.742000000000000000e+03
569.5352189219938,5.694000000000000000e+03
569.6106547533757,5.699000000000000000e+03
569.6861592519366,5.749000000000000000e+03
569.7615961204366,5.725000000000000000e+03
569.8370951828829,5.752000000000000000e+03
569.9125980167112,5.754000000000000000e+03
569.9880363908212,5.733000000000000000e+03
570.063540235015,5.760000000000000000e+03
570.1389763193972,5.764000000000000000e+03
570.2144778914571,5.766000000000000000e+03
570.2899149030349,5.836000000000000000e+03
570.3654174215969,5.798000000000000000e+03
570.4408585841445,5.804000000000000000e+03
570.516355510032,5.801000000000000000e+03
570.5917975400971,5.811000000000000000e+03
570.6672953476274,5.830000000000000000e+03
570.7427349574187,5.853000000000000000e+03
570.8182368737373,5.831000000000000000e+03
570.8936740294567,5.885000000000000000e+03
570.9691767675921,5.905000000000000000e+03
571.044617956385,5.897000000000000000e+03
571.120118225025,5.931000000000000000e+03
571.1955568946336,5.914000000000000000e+03
571.2709959150741,5.921000000000000000e+03
571.3464973017159,5.928000000000000000e+03
571.4219370173379,5.961000000000000000e+03
571.4974358505949,5.977000000000000000e+03
571.5728729630794,5.978000000000000000e+03
571.6483169221735,5.984000000000000000e+03
571.7238167556269,5.975000000000000000e+03
571.7992547962239,5.995000000000000000e+03
571.874696395271,6.003000000000000000e+03
571.9501938880238,6.019000000000000000e+03
572.0256327861869,6.047000000000000000e+03
572.1010752224225,6.028000000000000000e+03
572.1765735734161,6.029000000000000000e+03
572.2520132602132,6.039000000000000000e+03
572.3274531890821,6.054000000000000000e+03
572.4028933523459,6.051000000000000000e+03
572.4783960113044,6.081000000000000000e+03
572.5538333585442,6.078000000000000000e+03
572.6292741944405,6.067000000000000000e+03
572.7047119540778,6.098000000000000000e+03
572.780212242593,6.067000000000000000e+03
572.8556503993934,6.061000000000000000e+03
572.9310920175104,6.072000000000000000e+03
573.0065305250978,6.119000000000000000e+03
573.0819691960772,6.080000000000000000e+03
573.1574080227304,6.106000000000000000e+03
573.232909430562,6.082000000000000000e+03
573.3083485618251,6.052000000000000000e+03
573.3837911132744,6.099000000000000000e+03
573.4592305026606,6.106000000000000000e+03
573.5346700090696,6.095000000000000000e+03
573.6101096247586,6.072000000000000000e+03
573.6855493419805,6.071000000000000000e+03
573.7609858609676,6.071000000000000000e+03
573.8364257571322,6.096000000000000000e+03
573.9118624378157,6.128000000000000000e+03
573.9873057764995,6.091000000000000000e+03
574.0627425886909,6.068000000000000000e+03
574.1382453810519,6.099000000000000000e+03
574.2136823092575,6.086000000000000000e+03
574.2891225732211,6.110000000000000000e+03
574.3645628688121,6.088000000000000000e+03
574.4399404917988,6.077000000000000000e+03
574.5153808108072,6.090000000000000000e+03
574.5908178365182,6.078000000000000000e+03
574.6662581633567,6.077000000000000000e+03
574.7416984828392,6.102000000000000000e+03
574.8171387871569,6.099000000000000000e+03
574.8925790684976,6.082000000000000000e+03
574.9680160131622,6.090000000000000000e+03
575.0434562242268,6.101000000000000000e+03
575.1188930812343,6.143000000000000000e+03
575.1943364992081,6.154000000000000000e+03
575.2697765474628,6.137000000000000000e+03
575.3451536315831,6.113000000000000000e+03
575.4205935156243,6.129000000000000000e+03
575.4960333140378,6.151000000000000000e+03
575.5714730189743,6.170000000000000000e+03
575.6469093088864,6.170000000000000000e+03
575.7223521169975,6.174000000000000000e+03
575.7977285011834,6.189000000000000000e+03
575.8731677371276,6.203000000000000000e+03
575.9486101574518,6.185000000000000000e+03
576.0240491208147,6.223000000000000000e+03
576.0994281953324,6.207000000000000000e+03
576.1748668380864,6.210000000000000000e+03
576.2503053165299,6.236000000000000000e+03
576.3257436227722,6.251000000000000000e+03
576.401121946027,6.245000000000000000e+03
576.4765631917769,6.297000000000000000e+03
576.5520009192454,6.252000000000000000e+03
576.627378593058,6.285000000000000000e+03
576.7028192152051,6.307000000000000000e+03
576.7782596194585,6.302000000000000000e+03
576.8536365734708,6.321000000000000000e+03
576.9290798301113,6.300000000000000000e+03
577.0045161881444,6.330000000000000000e+03
577.0798956812308,6.346000000000000000e+03
577.1553348449369,6.351000000000000000e+03
577.2307737431714,6.343000000000000000e+03
577.3061523771543,6.348000000000000000e+03
577.3815940386273,6.382000000000000000e+03
577.4569687212091,6.379000000000000000e+03
577.5324097821534,6.380000000000000000e+03
577.6077871497567,6.397000000000000000e+03
577.6832275791974,6.416000000000000000e+03
577.7586042662564,6.441000000000000000e+03
577.8340473712362,6.438000000000000000e+03
577.9094233467189,6.416000000000000000e+03
577.9848624183549,6.439000000000000000e+03
578.06024099099,6.411000000000000000e+03
578.1356826786689,6.421000000000000000e+03
578.2110604784385,6.472000000000000000e+03
578.2865014103915,6.458000000000000000e+03
578.3618750602704,6.418000000000000000e+03
578.4373152036164,6.458000000000000000e+03
578.5126947075182,6.450000000000000000e+03
578.5880737744064,6.460000000000000000e+03
578.6635160180301,6.444000000000000000e+03
578.7388908540094,6.502000000000000000e+03
578.8143322323514,6.435000000000000000e+03
578.8897095032095,6.484000000000000000e+03
578.9650862969057,6.494000000000000000e+03
579.0405296629765,6.430000000000000000e+03
579.1159054956761,6.504000000000000000e+03
579.1912841817008,6.446000000000000000e+03
579.2667227590988,6.423000000000000000e+03
579.3421004375672,6.441000000000000000e+03
579.4174809495532,6.477000000000000000e+03
579.4928575733711,6.459000000000000000e+03
579.5682974782039,6.447000000000000000e+03
579.6436763906835,6.470000000000000000e+03
579.7190547488921,6.466000000000000000e+03
579.7944325447469,6.455000000000000000e+03
579.8698736574771,6.458000000000000000e+03
579.9452503209693,6.463000000000000000e+03
580.0206297620755,6.454000000000000000e+03
580.0960086102061,6.440000000000000000e+03
580.1713868572579,6.407000000000000000e+03
580.2467678619868,6.423000000000000000e+03
580.3222055027192,6.443000000000000000e+03
580.3975819144985,6.466000000000000000e+03
580.472964431725,6.472000000000000000e+03
580.5483361997073,6.477000000000000000e+03
580.6237208011142,6.432000000000000000e+03
580.6990980056318,6.470000000000000000e+03
580.774474545852,6.457000000000000000e+03
580.8498537875009,6.459000000000000000e+03
580.9252289755794,6.472000000000000000e+03
581.0006743628959,6.456000000000000000e+03
581.0760481837603,6.503000000000000000e+03
581.1514280543308,6.516000000000000000e+03
581.2268072152121,6.490000000000000000e+03
581.3021822791188,6.483000000000000000e+03
581.3775633752501,6.523000000000000000e+03
581.4529437389426,6.527000000000000000e+03
581.5283199802694,6.525000000000000000e+03
581.6036988536778,6.525000000000000000e+03
581.6790160670166,6.514000000000000000e+03
581.7543934024975,6.528000000000000000e+03
581.8297699646201,6.525000000000000000e+03
581.9051525174606,6.543000000000000000e+03
581.9805308970429,6.560000000000000000e+03
582.0559084804219,6.578000000000000000e+03
582.1312852593902,6.605000000000000000e+03
582.206668005028,6.599000000000000000e+03
582.2820397617667,6.566000000000000000e+03
582.3574242532981,6.634000000000000000e+03
582.4327366749485,6.625000000000000000e+03
582.508116082625,6.634000000000000000e+03
582.5834946400697,6.637000000000000000e+03
582.658872339047,6.662000000000000000e+03
582.7342525671091,6.667000000000000000e+03
582.8095673852416,6.669000000000000000e+03
582.8849492395216,6.626000000000000000e+03
582.9603268074364,6.670000000000000000e+03
583.0357068767066,6.693000000000000000e+03
583.1110214380087,6.685000000000000000e+03
583.1864030744695,6.724000000000000000e+03
583.2617769878166,6.706000000000000000e+03
583.3371601786139,6.741000000000000000e+03
583.4124743613642,6.728000000000000000e+03
583.4878556582576,6.736000000000000000e+03
583.5632325991093,6.737000000000000000e+03
583.6385472652148,6.763000000000000000e+03
583.7139290751193,6.759000000000000000e+03
583.7893065032263,6.737000000000000000e+03
583.8646249949269,6.772000000000000000e+03
583.9400004322508,6.773000000000000000e+03
584.0153168866366,6.735000000000000000e+03
584.0907005347968,6.780000000000000000e+03
584.1660763462396,6.755000000000000000e+03
584.2413965200363,6.779000000000000000e+03
584.3167736762043,6.776000000000000000e+03
584.3920917365156,6.763000000000000000e+03
584.4674702084938,6.772000000000000000e+03
584.5427861228587,6.774000000000000000e+03
584.6181658817017,6.823000000000000000e+03
584.6934796176279,6.788000000000000000e+03
584.7688572148127,6.819000000000000000e+03
584.8441755797492,6.769000000000000000e+03
584.919554404934,6.814000000000000000e+03
584.9948739529473,6.796000000000000000e+03
585.0702539779767,6.772000000000000000e+03
585.145567832981,6.795000000000000000e+03
585.2208873808705,6.788000000000000000e+03
585.2962674300239,6.746000000000000000e+03
585.3715812355221,6.759000000000000000e+03
585.446962410467,6.788000000000000000e+03
585.522277293224,6.768000000000000000e+03
585.5975978392732,6.776000000000000000e+03
585.6729720672993,6.756000000000000000e+03
585.7482902189189,6.770000000000000000e+03
585.8236071536562,6.798000000000000000e+03
585.8989880858402,6.757000000000000000e+03
585.9743025783406,6.764000000000000000e+03
586.0496192632522,6.770000000000000000e+03
586.1249381347992,6.729000000000000000e+03
586.200317604434,6.728000000000000000e+03
586.2756374097312,6.765000000000000000e+03
586.3509525064017,6.773000000000000000e+03
586.4262697612708,6.787000000000000000e+03
586.5016510856912,6.756000000000000000e+03
586.576965774025,6.792000000000000000e+03
586.6522825996321,6.792000000000000000e+03
586.7275981142149,6.807000000000000000e+03
586.8029157526896,6.757000000000000000e+03
586.878297505942,6.781000000000000000e+03
586.9536125003841,6.815000000000000000e+03
587.0289295977367,6.773000000000000000e+03
587.1042487921765,6.808000000000000000e+03
587.1795666300785,6.787000000000000000e+03
587.2548831029591,6.797000000000000000e+03
587.3301982023304,6.825000000000000000e+03
587.4055153701529,6.806000000000000000e+03
587.4808346005856,6.818000000000000000e+03
587.5561558877838,6.862000000000000000e+03
587.631468866577,6.839000000000000000e+03
587.7067838851247,6.839000000000000000e+03
587.78216658026,6.857000000000000000e+03
587.8574856775697,6.853000000000000000e+03
587.9328033404089,6.915000000000000000e+03
588.0080538670875,6.919000000000000000e+03
588.0833720770029,6.904000000000000000e+03
588.1586888286358,6.934000000000000000e+03
588.234007573644,6.937000000000000000e+03
588.3093248450679,6.933000000000000000e+03
588.3846440963296,6.977000000000000000e+03
588.4599618586897,6.925000000000000000e+03
588.5352781235977,6.936000000000000000e+03
588.6105963471232,6.962000000000000000e+03
588.6859130578563,6.996000000000000000e+03
588.761231713632,6.990000000000000000e+03
588.8364864301399,6.994000000000000000e+03
588.9118020050827,7.000000000000000000e+03
588.9871195037894,7.023000000000000000e+03
589.0624389203426,7.046000000000000000e+03
589.1377567779897,7.039000000000000000e+03
589.2130730681441,7.081000000000000000e+03
589.2883287478853,7.059000000000000000e+03
589.3636453356847,7.028000000000000000e+03
589.4389638063658,7.064000000000000000e+03
589.5142806787193,7.079000000000000000e+03
589.5895403256021,7.047000000000000000e+03
589.6648574383153,7.093000000000000000e+03
589.740176406581,7.110000000000000000e+03
589.8154276479908,7.084000000000000000e+03
589.8907468120178,7.095000000000000000e+03
589.9660643313503,7.088000000000000000e+03
590.0413210120631,7.090000000000000000e+03
590.1166352010036,7.092000000000000000e+03
590.1919546858783,7.127000000000000000e+03
590.2672132644499,7.080000000000000000e+03
590.3425293741994,7.080000000000000000e+03
590.4177880160598,7.102000000000000000e+03
590.4931042037921,7.058000000000000000e+03
590.568418683014,7.077000000000000000e+03
590.643675627467,7.095000000000000000e+03
590.7189936284246,7.100000000000000000e+03
590.7942505619948,7.084000000000000000e+03
590.8695685685237,7.083000000000000000e+03
590.9448219696872,7.061000000000000000e+03
591.0201399515241,7.073000000000000000e+03
591.0953967743105,7.063000000000000000e+03
591.1707147029425,7.073000000000000000e+03
591.2459714266577,7.074000000000000000e+03
591.3212892726514,7.078000000000000000e+03
591.3965458678394,7.089000000000000000e+03
591.4718006307248,7.095000000000000000e+03
591.547116539627,7.039000000000000000e+03
591.6223746281325,7.046000000000000000e+03
591.6976903797901,7.036000000000000000e+03
591.7729482668865,7.065000000000000000e+03
591.8482042834247,7.062000000000000000e+03
591.9235214878881,7.064000000000000000e+03
591.9987807623979,7.076000000000000000e+03
592.0740346381908,7.102000000000000000e+03
592.1493532320127,7.080000000000000000e+03
592.2246103231383,7.098000000000000000e+03
592.2998654966053,7.074000000000000000e+03
592.3751222527409,7.072000000000000000e+03
592.4504402550338,7.055000000000000000e+03
592.5256966625434,7.068000000000000000e+03
592.6009511209176,7.074000000000000000e+03
592.6762106466866,7.091000000000000000e+03
592.7515244260364,7.117000000000000000e+03
592.8267835455117,7.102000000000000000e+03
592.9020371707703,7.080000000000000000e+03
592.9772958390107,7.089000000000000000e+03
593.0525489954576,7.092000000000000000e+03
593.1278071826566,7.136000000000000000e+03
593.2031266995527,7.115000000000000000e+03
593.2783808730474,7.152000000000000000e+03
593.3536365391337,7.106000000000000000e+03
593.4288936916811,7.131000000000000000e+03
593.5041488020836,7.152000000000000000e+03
593.5794089082539,7.128000000000000000e+03
593.6546634339551,7.166000000000000000e+03
593.729919417986,7.159000000000000000e+03
593.8051733281523,7.174000000000000000e+03
593.8804322095,7.191000000000000000e+03
593.955689002888,7.191000000000000000e+03
594.0309472282032,7.208000000000000000e+03
594.1061998200399,7.176000000000000000e+03
594.1814573584147,7.222000000000000000e+03
594.2567163084306,7.241000000000000000e+03
594.3319695993049,7.227000000000000000e+03
594.4072278190921,7.242000000000000000e+03
594.4824803620132,7.229000000000000000e+03
594.5577413564724,7.253000000000000000e+03
594.6329931222317,7.252000000000000000e+03
594.7082533289405,7.229000000000000000e+03
594.7834441469494,7.252000000000000000e+03
594.85870352054,7.254000000000000000e+03
594.9339607052526,7.262000000000000000e+03
595.0092192325558,7.278000000000000000e+03
595.0844720137306,7.307000000000000000e+03
595.1596694470827,7.279000000000000000e+03
595.2349248608839,7.283000000000000000e+03
595.310178044894,7.295000000000000000e+03
595.3854360798784,7.316000000000000000e+03
595.4606918708308,7.305000000000000000e+03
595.5358886627483,7.295000000000000000e+03
595.611147019589,7.333000000000000000e+03
595.6864031092157,7.325000000000000000e+03
595.7615965842728,7.311000000000000000e+03
595.836855197865,7.297000000000000000e+03
595.9121115210278,7.323000000000000000e+03
595.9873051606659,7.308000000000000000e+03
596.0625604137975,7.318000000000000000e+03
596.1378169052595,7.315000000000000000e+03
596.2130106441916,7.328000000000000000e+03
596.2882695773723,7.333000000000000000e+03
596.3635261735925,7.322000000000000000e+03
596.4387199482267,7.313000000000000000e+03
596.5139753866564,7.287000000000000000e+03
596.5891715160268,7.324000000000000000e+03
596.6644293271388,7.270000000000000000e+03
596.739624225117,7.300000000000000000e+03
596.8148808209818,7.298000000000000000e+03
596.8900744570072,7.309000000000000000e+03
596.9653333707323,7.323000000000000000e+03
597.0405257151125,7.297000000000000000e+03
597.115786920592,7.293000000000000000e+03
597.1909779436049,7.290000000000000000e+03
597.2662342801653,7.295000000000000000e+03
597.3414275184313,7.301000000000000000e+03
597.4166254158234,7.301000000000000000e+03
597.491885088153,7.288000000000000000e+03
597.5670780238231,7.310000000000000000e+03
597.6423327487403,7.266000000000000000e+03
597.7175242592349,7.251000000000000000e+03
597.792720398088,7.284000000000000000e+03
597.8679783530253,7.274000000000000000e+03
597.9431801766776,7.291000000000000000e+03
598.0183687346421,7.273000000000000000e+03
598.0936227072775,7.246000000000000000e+03
598.1688204827943,7.239000000000000000e+03
598.2440156960317,7.273000000000000000e+03
598.3192119177841,7.224000000000000000e+03
598.3944735953452,7.266000000000000000e+03
598.4696646678975,7.285000000000000000e+03
598.5448638913675,7.256000000000000000e+03
598.6200605143976,7.287000000000000000e+03
598.6952545279034,7.251000000000000000e+03
598.7705032869707,7.286000000000000000e+03
598.845702827054,7.267000000000000000e+03
598.9209033228055,7.260000000000000000e+03
598.9960940039387,7.238000000000000000e+03
599.0712892114018,7.338000000000000000e+03
599.1464853517283,7.243000000000000000e+03
599.2216788278446,7.296000000000000000e+03
599.2968768137707,7.274000000000000000e+03
599.3720685283897,7.280000000000000000e+03
599.4472683333562,7.266000000000000000e+03
599.5225229531976,7.304000000000000000e+03
599.5977173765003,7.281000000000000000e+03
599.6729126841367,7.273000000000000000e+03
599.7481088696748,7.279000000000000000e+03
599.8232987309193,7.314000000000000000e+03
599.8985002499289,7.306000000000000000e+03
599.9736306356483,7.292000000000000000e+03
600.0488302503571,7.307000000000000000e+03
600.1240271092662,7.320000000000000000e+03
600.1992212032151,7.325000000000000000e+03
600.274408919746,7.302000000000000000e+03
600.3496082679649,7.296000000000000000e+03
600.4248084342357,7.352000000000000000e+03
600.499998594085,7.360000000000000000e+03
600.5751931605373,7.364000000000000000e+03
600.6503235814662,7.351000000000000000e+03
600.7255197152398,7.360000000000000000e+03
600.8007166310834,7.361000000000000000e+03
600.875914322513,7.349000000000000000e+03
600.9511163944641,7.377000000000000000e+03
601.0262433719869,7.393000000000000000e+03
601.1014361076029,7.401000000000000000e+03
601.1766404316174,7.408000000000000000e+03
601.2518346554406,7.403000000000000000e+03
601.3269681412486,7.432000000000000000e+03
601.4021565754814,7.423000000000000000e+03
601.4773565793163,7.431000000000000000e+03
601.55249578129,7.440000000000000000e+03
601.6276863350764,7.403000000000000000e+03
601.7028775856559,7.425000000000000000e+03
601.7780115846128,7.423000000000000000e+03
601.8532078169892,7.476000000000000000e+03
601.9284011052009,7.441000000000000000e+03
602.0035370787526,7.437000000000000000e+03
602.0787353122603,7.412000000000000000e+03
602.1538653131911,7.451000000000000000e+03
602.2290648417321,7.429000000000000000e+03
602.3041960901958,7.473000000000000000e+03
602.3793896303448,7.461000000000000000e+03
602.4545329868457,7.464000000000000000e+03
602.52972050603,7.421000000000000000e+03
602.6048541681286,7.448000000000000000e+03
602.6800537894703,7.461000000000000000e+03
602.7551886194266,7.466000000000000000e+03
602.8303821600039,7.477000000000000000e+03
602.9055217646458,7.456000000000000000e+03
602.9807128258426,7.447000000000000000e+03
603.055846272166,7.401000000000000000e+03
603.1309766185691,7.465000000000000000e+03
603.2061729886882,7.418000000000000000e+03
603.281308042969,7.425000000000000000e+03
603.3564436151993,7.397000000000000000e+03
603.4316452421198,7.424000000000000000e+03
603.5067745623387,7.437000000000000000e+03
603.5819116632719,7.472000000000000000e+03
603.6571039159869,7.455000000000000000e+03
603.732238361985,7.410000000000000000e+03
603.8073696385936,7.455000000000000000e+03
603.8825123234259,7.446000000000000000e+03
603.9576992468579,7.404000000000000000e+03
604.0328355724649,7.396000000000000000e+03
604.1079723479853,7.417000000000000000e+03
604.1831095667776,7.374000000000000000e+03
604.2582983401253,7.411000000000000000e+03
604.3334364382367,7.417000000000000000e+03
604.4085676534826,7.422000000000000000e+03
604.4836992817685,7.378000000000000000e+03
604.5588422811774,7.377000000000000000e+03
604.6339747182885,7.367000000000000000e+03
604.7091075484526,7.395000000000000000e+03
604.7842444226404,7.413000000000000000e+03
604.859378019808,7.377000000000000000e+03
604.9345046710955,7.402000000000000000e+03
605.009704892442,7.402000000000000000e+03
605.0848359419433,7.402000000000000000e+03
605.1599746669862,7.404000000000000000e+03
605.23510275086,7.403000000000000000e+03
605.310245826721,7.403000000000000000e+03
605.3853159408447,7.430000000000000000e+03
605.4604486674336,7.412000000000000000e+03
605.535581711707,7.434000000000000000e+03
605.6107150669574,7.438000000000000000e+03
605.6858487264751,7.409000000000000000e+03
605.7609863530097,7.396000000000000000e+03
605.8361242722013,7.444000000000000000e+03
605.9112514634761,7.447000000000000000e+03
605.9863899450862,7.447000000000000000e+03
606.0615286991821,7.389000000000000000e+03
606.1365942387108,7.409000000000000000e+03
606.2117261495124,7.428000000000000000e+03
606.2868656606279,7.438000000000000000e+03
606.3619980637881,7.433000000000000000e+03
606.4370718595482,7.490000000000000000e+03
606.5122047116855,7.490000000000000000e+03
606.5873377854751,7.473000000000000000e+03
606.6624747545558,7.464000000000000000e+03
606.7375456701113,7.475000000000000000e+03
606.8126830359437,7.495000000000000000e+03
606.8878205982112,7.465000000000000000e+03
606.9628957214667,7.495000000000000000e+03
607.0380225859356,7.468000000000000000e+03
607.1131606786419,7.507000000000000000e+03
607.1882288919476,7.509000000000000000e+03
607.2633709869046,7.513000000000000000e+03
607.3385021736576,7.480000000000000000e+03
607.4135707840262,7.502000000000000000e+03
607.4887096199877,7.495000000000000000e+03
607.5637821472627,7.502000000000000000e+03
607.6389138462803,7.522000000000000000e+03
607.7139865728267,7.446000000000000000e+03
607.7891221807843,7.500000000000000000e+03
607.8641950802765,7.510000000000000000e+03
607.9393308785938,7.576000000000000000e+03
608.0144039237675,7.536000000000000000e+03
608.089539885174,7.520000000000000000e+03
608.1646130487377,7.517000000000000000e+03
608.2397417468239,7.487000000000000000e+03
608.3148187001017,7.537000000000000000e+03
608.3898956827247,7.504000000000000000e+03
608.4650245200035,7.534000000000000000e+03
608.5401015535813,7.517000000000000000e+03
608.6151785959717,7.532000000000000000e+03
608.6903112159022,7.531000000000000000e+03
608.7653771512115,7.516000000000000000e+03
608.8404578967535,7.542000000000000000e+03
608.9155905344547,7.484000000000000000e+03
608.990660126277,7.527000000000000000e+03
609.0657296820973,7.517000000000000000e+03
609.1408659845031,7.495000000000000000e+03
609.2159465984835,7.529000000000000000e+03
609.2910160242585,7.503000000000000000e+03
609.3660890997941,7.516000000000000000e+03
609.4411621067635,7.505000000000000000e+03
609.5162981949915,7.540000000000000000e+03
609.591371059717,7.508000000000000000e+03
609.6664438352011,7.483000000000000000e+03
609.7415165145444,7.518000000000000000e+03
609.8165928096073,7.535000000000000000e+03
609.8916652768738,7.535000000000000000e+03
609.9667339066874,7.492000000000000000e+03
610.041806132408,7.537000000000000000e+03
610.1168819498673,7.499000000000000000e+03
610.1919576315516,7.478000000000000000e+03
610.2670257220219,7.507000000000000000e+03
610.3421011095528,7.512000000000000000e+03
610.4171800666223,7.495000000000000000e+03
610.4922476810158,7.522000000000000000e+03
610.5673225771701,7.503000000000000000e+03
610.6423935671218,7.486000000000000000e+03
610.7174681006938,7.496000000000000000e+03
610.7925387123403,7.494000000000000000e+03
610.8676165871373,7.507000000000000000e+03
610.9426867935962,7.488000000000000000e+03
611.0177642529652,7.512000000000000000e+03
611.0928340264109,7.527000000000000000e+03
611.1679035719891,7.549000000000000000e+03
611.2429205762214,7.511000000000000000e+03
611.3179896323122,7.489000000000000000e+03
611.3930696536677,7.537000000000000000e+03
611.4681382079762,7.500000000000000000e+03
611.543210239399,7.530000000000000000e+03
611.6182258914046,7.490000000000000000e+03
611.6932973662973,7.465000000000000000e+03
611.7683685593274,7.535000000000000000e+03
611.8434394635015,7.516000000000000000e+03
611.91845764963,7.520000000000000000e+03
611.9935279422344,7.552000000000000000e+03
612.06860167126,7.509000000000000000e+03
612.1436188772811,7.548000000000000000e+03
612.2186919554537,7.515000000000000000e+03
612.2937609555369,7.548000000000000000e+03
612.368769618424,7.469000000000000000e+03
612.443841671833,7.514000000000000000e+03
612.518860850012,7.547000000000000000e+03
612.5939321832865,7.515000000000000000e+03
612.668943094263,7.554000000000000000e+03
612.7440136774355,7.527000000000000000e+03
612.8190876378331,7.569000000000000000e+03
612.8941048689004,7.578000000000000000e+03
612.9691780415548,7.531000000000000000e+03
613.0441869267229,7.540000000000000000e+03
613.1192028943198,7.535000000000000000e+03
613.1942785838127,7.561000000000000000e+03
613.2692861585759,7.554000000000000000e+03
613.3443572287938,7.561000000000000000e+03
613.4193751865103,7.565000000000000000e+03
613.4944491348593,7.559000000000000000e+03
613.5694586386024,7.547000000000000000e+03
613.644467658833,7.581000000000000000e+03
613.7195402192466,7.557000000000000000e+03
613.794555801729,7.563000000000000000e+03
613.8695671147681,7.579000000000000000e+03
613.9446382262654,7.573000000000000000e+03
614.0196560673113,7.584000000000000000e+03
614.0946658455853,7.628000000000000000e+03
614.1696826366328,7.554000000000000000e+03
614.2447554874341,7.587000000000000000e+03
614.3197636679537,7.595000000000000000e+03
614.3947788454523,7.633000000000000000e+03
614.4697859154201,7.611000000000000000e+03
614.5448037484722,7.620000000000000000e+03
614.619873899117,7.616000000000000000e+03
614.694883044028,7.582000000000000000e+03
614.769899161373,7.648000000000000000e+03
614.8449071281832,7.621000000000000000e+03
614.9199220568489,7.587000000000000000e+03
614.994936381391,7.609000000000000000e+03
615.0699463115571,7.592000000000000000e+03
615.1449594055,7.598000000000000000e+03
615.219968088927,7.634000000000000000e+03
615.2949799236752,7.568000000000000000e+03
615.3699949053583,7.603000000000000000e+03
615.4450130295872,7.602000000000000000e+03
615.5200153487256,7.605000000000000000e+03
615.5950321611059,7.615000000000000000e+03
615.6700445181616,7.602000000000000000e+03
615.7450599927896,7.590000000000000000e+03
615.8200634112113,7.618000000000000000e+03
615.8950775175382,7.639000000000000000e+03
615.9700909303292,7.577000000000000000e+03
616.045103642399,7.573000000000000000e+03
616.1200587059649,7.623000000000000000e+03
616.1950737781215,7.599000000000000000e+03
616.2700843319404,7.588000000000000000e+03
616.3450979550751,7.569000000000000000e+03
616.4201070436227,7.572000000000000000e+03
616.4950545776754,7.592000000000000000e+03
616.5700659579935,7.579000000000000000e+03
616.6450765818348,7.592000000000000000e+03
616.720097852294,7.553000000000000000e+03
616.7950422701603,7.576000000000000000e+03
616.8700581788843,7.548000000000000000e+03
616.9450694997388,7.561000000000000000e+03
617.0200229227949,7.563000000000000000e+03
617.0950326410584,7.560000000000000000e+03
617.1700377451283,7.558000000000000000e+03
617.2449925060192,7.572000000000000000e+03
617.3200073947381,7.580000000000000000e+03
617.395013836697,7.548000000000000000e+03
617.4699660667885,7.569000000000000000e+03
617.5449822610196,7.556000000000000000e+03
617.6199327648687,7.598000000000000000e+03
617.6949472498279,7.534000000000000000e+03
617.7698959983896,7.575000000000000000e+03
617.8449087450254,7.564000000000000000e+03
617.9198595274773,7.573000000000000000e+03
617.9948705076381,7.556000000000000000e+03
618.069827119618,7.601000000000000000e+03
618.144840127084,7.545000000000000000e+03
618.2197872618343,7.562000000000000000e+03
618.2947411041071,7.563000000000000000e+03
618.3697513617161,7.561000000000000000e+03
618.44469567746,7.542000000000000000e+03
618.5196505100681,7.559000000000000000e+03
618.5946694328892,7.602000000000000000e+03
618.6696146951708,7.601000000000000000e+03
618.7445666341545,7.605000000000000000e+03
618.8195826887393,7.582000000000000000e+03
618.8945326685835,7.554000000000000000e+03
618.9694854812299,7.565000000000000000e+03
619.0444334578197,7.571000000000000000e+03
619.1194494169247,7.570000000000000000e+03
619.1943992107521,7.567000000000000000e+03
619.2693479786984,7.597000000000000000e+03
619.3442957134283,7.586000000000000000e+03
619.4192500812071,7.577000000000000000e+03
619.4942648084996,7.589000000000000000e+03
619.5692094181061,7.633000000000000000e+03
619.6441644838893,7.594000000000000000e+03
619.7191184853039,7.575000000000000000e+03
619.7940637321011,7.595000000000000000e+03
619.8690155808523,7.587000000000000000e+03
619.9439663431604,7.593000000000000000e+03
620.0189198558951,7.590000000000000000e+03
620.0938722693128,7.619000000000000000e+03
620.1688197299484,7.626000000000000000e+03
620.2437699216852,7.602000000000000000e+03
620.3187305358406,7.613000000000000000e+03
620.393678480104,7.613000000000000000e+03
620.4686252881608,7.607000000000000000e+03
620.543582504853,7.622000000000000000e+03
620.61852702112,7.589000000000000000e+03
620.6934819368186,7.607000000000000000e+03
620.7684356923214,7.615000000000000000e+03
620.8433227543279,7.614000000000000000e+03
620.9182780068074,7.606000000000000000e+03
620.9932282224137,7.603000000000000000e+03
621.0681811054573,7.603000000000000000e+03
621.1431327931294,7.616000000000000000e+03
621.2180794188941,7.639000000000000000e+03
621.2929746519387,7.603000000000000000e+03
621.3679226950109,7.609000000000000000e+03
621.4428695130218,7.593000000000000000e+03
621.5177610187308,7.608000000000000000e+03
621.5927130788318,7.659000000000000000e+03
621.6676600305892,7.604000000000000000e+03
621.7426134606835,7.577000000000000000e+03
621.8174999024244,7.631000000000000000e+03
621.8924507959133,7.611000000000000000e+03
621.9673462597708,7.605000000000000000e+03
622.0422984590124,7.660000000000000000e+03
622.1172493736544,7.604000000000000000e+03
622.1921409277729,7.571000000000000000e+03
622.2670892368434,7.590000000000000000e+03
622.3419781424883,7.570000000000000000e+03
622.4169354382018,7.625000000000000000e+03
622.4918216682801,7.626000000000000000e+03
622.5667763070498,7.581000000000000000e+03
622.6416637084727,7.591000000000000000e+03
622.7166156613104,7.626000000000000000e+03
622.791500330108,7.582000000000000000e+03
622.8664495670652,7.570000000000000000e+03
622.9413431149467,7.601000000000000000e+03
623.0162352679529,7.599000000000000000e+03
623.0911842549693,7.572000000000000000e+03
623.1660736097131,7.588000000000000000e+03
623.2409693156505,7.584000000000000000e+03
623.3159141083677,7.544000000000000000e+03
623.3908108627464,7.570000000000000000e+03
623.4656984085988,7.567000000000000000e+03
623.54065060535,7.594000000000000000e+03
623.6155430462911,7.606000000000000000e+03
623.6904262505253,7.576000000000000000e+03
623.7653157682421,7.591000000000000000e+03
623.8402738657751,7.556000000000000000e+03
623.9151643415145,7.577000000000000000e+03
623.9900494384281,7.583000000000000000e+03
624.0649369353079,7.588000000000000000e+03
624.1398346184196,7.559000000000000000e+03
624.2147191099846,7.588000000000000000e+03
624.2896137782844,7.587000000000000000e+03
624.3645615055957,7.594000000000000000e+03
624.4394531447507,7.623000000000000000e+03
624.5143432514428,7.551000000000000000e+03
624.5892357192214,7.581000000000000000e+03
624.6641227392169,7.568000000000000000e+03
624.739008204036,7.554000000000000000e+03
624.8139077217978,7.611000000000000000e+03
624.8887900572714,7.602000000000000000e+03
624.9636825322137,7.583000000000000000e+03
625.0385773339976,7.568000000000000000e+03
625.1134666425047,7.570000000000000000e+03
625.1883582645422,7.591000000000000000e+03
625.263181823586,7.539000000000000000e+03
625.3380780414589,7.529000000000000000e+03
625.4129648242472,7.582000000000000000e+03
625.4878578081264,7.577000000000000000e+03
625.5627413379577,7.535000000000000000e+03
625.6376349716288,7.591000000000000000e+03
625.7124604067309,7.551000000000000000e+03
625.7873507351937,7.557000000000000000e+03
625.8622394075853,7.577000000000000000e+03
625.9371381701984,7.584000000000000000e+03
626.0119647267263,7.540000000000000000e+03
626.0868522937308,7.535000000000000000e+03
626.1617460175852,7.536000000000000000e+03
626.2366380528313,7.557000000000000000e+03
626.3114617065921,7.565000000000000000e+03
626.3863503257447,7.574000000000000000e+03
626.4611822898413,7.545000000000000000e+03
626.5360713905895,7.584000000000000000e+03
626.6109666191869,7.576000000000000000e+03
626.6857933539325,7.596000000000000000e+03
626.7606772445703,7.560000000000000000e+03
626.8355122365108,7.539000000000000000e+03
626.9104044027886,7.536000000000000000e+03
626.985224051504,7.592000000000000000e+03
627.0601205419518,7.575000000000000000e+03
627.1349523354077,7.563000000000000000e+03
627.2098373967692,7.595000000000000000e+03
627.2846616468294,7.592000000000000000e+03
627.3595549170336,7.556000000000000000e+03
627.4343873380152,7.524000000000000000e+03
627.5092769901677,7.530000000000000000e+03
627.5841096881397,7.531000000000000000e+03
627.6589365990222,7.557000000000000000e+03
627.7338247007415,7.529000000000000000e+03
627.8086518461457,7.572000000000000000e+03
627.8834850056414,7.572000000000000000e+03
627.9583754402697,7.590000000000000000e+03
628.0332088011603,7.580000000000000000e+03
628.1080284382782,7.583000000000000000e+03
628.182858012259,7.553000000000000000e+03
628.2577527829216,7.559000000000000000e+03
628.3325785578783,7.585000000000000000e+03
628.4074142606058,7.564000000000000000e+03
628.4822361924339,7.601000000000000000e+03
628.5570680421939,7.590000000000000000e+03
628.6318979552647,7.544000000000000000e+03
628.706785214725,7.576000000000000000e+03
628.7816191526078,7.576000000000000000e+03
628.8564471797065,7.562000000000000000e+03
628.9312811520758,7.545000000000000000e+03
629.0061012851678,7.520000000000000000e+03
629.0809313073146,7.549000000000000000e+03
629.155759344112,7.571000000000000000e+03
629.2305893470999,7.569000000000000000e+03
629.3054252715824,7.559000000000000000e+03
629.380247309458,7.556000000000000000e+03
629.4550831794276,7.583000000000000000e+03
629.5299011803792,7.574000000000000000e+03
629.6047330053896,7.547000000000000000e+03
629.6795707280481,7.558000000000000000e+03
629.7543389940075,7.535000000000000000e+03
629.8291607196976,7.553000000000000000e+03
629.9039962589939,7.574000000000000000e+03
629.9788178342736,7.559000000000000000e+03
630.0536452776254,7.520000000000000000e+03
630.1284746162776,7.552000000000000000e+03
630.2032423002603,7.569000000000000000e+03
630.2780753994684,7.548000000000000000e+03
630.3529103790165,7.562000000000000000e+03
630.4277313363475,7.567000000000000000e+03
630.5025024771371,7.583000000000000000e+03
630.5773311190919,7.547000000000000000e+03
630.6521576385172,7.588000000000000000e+03
630.7269342895984,7.595000000000000000e+03
630.8017565291294,7.575000000000000000e+03
630.8765845827202,7.616000000000000000e+03
630.9513587332427,7.578000000000000000e+03
631.0261864484233,7.596000000000000000e+03
631.1009522564115,7.562000000000000000e+03
631.175787573207,7.592000000000000000e+03
631.2506087617126,7.576000000000000000e+03
631.3253799341081,7.598000000000000000e+03
631.400208688403,7.613000000000000000e+03
631.4749754310345,7.623000000000000000e+03
631.5498037567131,7.587000000000000000e+03
631.6245780075234,7.580000000000000000e+03
631.6993420335924,7.581000000000000000e+03
631.7741716576955,7.581000000000000000e+03
631.8489391655564,7.615000000000000000e+03
631.923764305041,7.607000000000000000e+03
631.9985312783703,7.602000000000000000e+03
632.0733039606179,7.646000000000000000e+03
632.1481342990165,7.648000000000000000e+03
632.2228944223607,7.587000000000000000e+03
632.2976642345945,7.614000000000000000e+03
632.3724997216107,7.610000000000000000e+03
632.4472649272958,7.590000000000000000e+03
632.5220358114818,7.630000000000000000e+03
632.5968083701387,7.595000000000000000e+03
632.6716346337209,7.637000000000000000e+03
632.746402531009,7.627000000000000000e+03
632.8211640744752,7.591000000000000000e+03
632.895939281213,7.655000000000000000e+03
632.9707001090119,7.646000000000000000e+03
633.0454705862102,7.632000000000000000e+03
633.1202346797379,7.631000000000000000e+03
633.1950124256075,7.566000000000000000e+03
633.2698318993826,7.583000000000000000e+03
633.3446048767886,7.656000000000000000e+03
633.4193754528278,7.664000000000000000e+03
633.4941436195448,7.608000000000000000e+03
633.5689053548851,7.615000000000000000e+03
633.6436807232593,7.597000000000000000e+03
633.718441616138,7.642000000000000000e+03
633.7932121186539,7.640000000000000000e+03
633.8679199094199,7.614000000000000000e+03
633.9426855028164,7.600000000000000000e+03
634.0174606961399,7.622000000000000000e+03
634.0922213655654,7.577000000000000000e+03
634.1669876029633,7.609000000000000000e+03
634.2417553834099,7.605000000000000000e+03
634.3165327489089,7.610000000000000000e+03
634.3912351850232,7.623000000000000000e+03
634.4660075495017,7.616000000000000000e+03
634.5407774100094,7.627000000000000000e+03
634.6155447585436,7.613000000000000000e+03
634.6902491623354,7.604000000000000000e+03
634.7650114486645,7.616000000000000000e+03
634.8397832896367,7.609000000000000000e+03
634.9145525922855,7.638000000000000000e+03
634.9892588668829,7.587000000000000000e+03
635.0640230545828,7.621000000000000000e+03
635.1387362717429,7.630000000000000000e+03
635.2135074201229,7.612000000000000000e+03
635.2882719598388,7.617000000000000000e+03
635.362981437668,7.615000000000000000e+03
635.4377448294332,7.603000000000000000e+03
635.512457159198,7.612000000000000000e+03
635.5872153377827,7.643000000000000000e+03
635.6619224154749,7.616000000000000000e+03
635.7366995983534,7.647000000000000000e+03
635.8114013974615,7.630000000000000000e+03
635.8861733198535,7.633000000000000000e+03
635.960881941529,7.634000000000000000e+03
636.0356485740448,7.620000000000000000e+03
636.1103518611941,7.658000000000000000e+03
636.1850565091609,7.643000000000000000e+03
636.2598232366993,7.666000000000000000e+03
636.3345306048863,7.632000000000000000e+03
636.4092393182117,7.637000000000000000e+03
636.4840101382218,7.661000000000000000e+03
636.5587134362514,7.639000000000000000e+03
636.6334221129331,7.652000000000000000e+03
636.7081848135534,7.659000000000000000e+03
636.78290019687,7.634000000000000000e+03
636.857604726266,7.658000000000000000e+03
636.9323146152394,7.630000000000000000e+03
637.0070217458345,7.640000000000000000e+03
637.0817261099415,7.583000000000000000e+03
637.1564967140678,7.621000000000000000e+03
637.2311995976745,7.538000000000000000e+03
637.3059078155254,7.556000000000000000e+03
637.3806132401302,7.600000000000000000e+03
637.4553280538418,7.643000000000000000e+03
637.5300278704315,7.665000000000000000e+03
637.6047370655823,7.679000000000000000e+03
637.679443440681,7.725000000000000000e+03
637.7541469875897,7.667000000000000000e+03
637.8288599029363,7.702000000000000000e+03
637.9035659103154,7.725000000000000000e+03
637.978273139046,7.701000000000000000e+03
638.052977512721,7.716000000000000000e+03
638.1276830952562,7.723000000000000000e+03
638.2023898813551,7.737000000000000000e+03
638.2770978657181,7.724000000000000000e+03
638.3517418441655,7.733000000000000000e+03
638.4264562697699,7.703000000000000000e+03
638.5011555722814,7.765000000000000000e+03
638.5758642016897,7.741000000000000000e+03
638.6505699221697,7.742000000000000000e+03
638.7252237691496,7.781000000000000000e+03
638.7999236357822,7.757000000000000000e+03
638.874628732156,7.756000000000000000e+03
638.9493472209352,7.787000000000000000e+03
639.0239892680094,7.781000000000000000e+03
639.098689601196,7.801000000000000000e+03
639.173395144716,7.778000000000000000e+03
639.2480405140027,7.785000000000000000e+03
639.3227564554909,7.797000000000000000e+03
639.3973958340758,7.831000000000000000e+03
639.4721058028182,7.861000000000000000e+03
639.5468086912668,7.839000000000000000e+03
639.6214635767756,7.826000000000000000e+03
639.6961604460553,7.838000000000000000e+03
639.7708092749344,7.862000000000000000e+03
639.8455164682429,7.840000000000000000e+03
639.9201674013606,7.847000000000000000e+03
639.9948767149377,7.821000000000000000e+03
640.0695174401586,7.846000000000000000e+03
640.1441591862857,7.877000000000000000e+03
640.2188716275688,7.847000000000000000e+03
640.2935236151387,7.877000000000000000e+03
640.3681602084457,7.868000000000000000e+03
640.4428757290473,7.865000000000000000e+03
640.5175143262505,7.846000000000000000e+03
640.592166218985,7.866000000000000000e+03
640.6668724558668,7.879000000000000000e+03
640.7415181149009,7.894000000000000000e+03
640.8161565315354,7.897000000000000000e+03
640.8908041242695,7.876000000000000000e+03
640.9655143022176,7.894000000000000000e+03
641.0401638233027,7.875000000000000000e+03
641.1148060727106,7.922000000000000000e+03
641.1894533730033,7.918000000000000000e+03
641.2641016094406,7.938000000000000000e+03
641.3387425502967,7.924000000000000000e+03
641.4134543525283,7.936000000000000000e+03
641.488101262261,7.955000000000000000e+03
641.5627449685089,7.959000000000000000e+03
641.6373854629693,7.911000000000000000e+03
641.7120350911663,7.939000000000000000e+03
641.7866814967092,7.936000000000000000e+03
641.8613246712862,7.979000000000000000e+03
641.9359769690361,7.999000000000000000e+03
642.0106260249374,8.012000000000000000e+03
642.0852718306695,7.973000000000000000e+03
642.1598525225107,8.006000000000000000e+03
642.2344917885489,8.028000000000000000e+03
642.3091401562656,8.005000000000000000e+03
642.3837934993884,8.062000000000000000e+03
642.4584353052218,8.043000000000000000e+03
642.5330862021095,8.035000000000000000e+03
642.6077296725547,8.062000000000000000e+03
642.6823120100572,8.035000000000000000e+03
642.7569529755671,8.042000000000000000e+03
642.8315988836831,8.067000000000000000e+03
642.9062455985243,8.052000000000000000e+03
642.9808352351971,8.089000000000000000e+03
643.055475263203,8.111000000000000000e+03
643.1301243499755,8.108000000000000000e+03
643.2047163018128,8.058000000000000000e+03
643.279354524987,8.070000000000000000e+03
643.3539438476895,8.076000000000000000e+03
643.4285877299418,8.087000000000000000e+03
643.5032406530961,8.127000000000000000e+03
643.5778197789244,8.107000000000000000e+03
643.6524659081414,8.136000000000000000e+03
643.7270464782921,8.138000000000000000e+03
643.8016982163535,8.159000000000000000e+03
643.876284355504,8.176000000000000000e+03
643.9509292459394,8.199000000000000000e+03
644.0255084918365,8.157000000000000000e+03
644.1001589469886,8.228000000000000000e+03
644.1747437177227,8.161000000000000000e+03
644.2493250109602,8.223000000000000000e+03
644.3239775458864,8.282000000000000000e+03
644.3985601811679,8.267000000000000000e+03
644.4731434709971,8.260000000000000000e+03
644.5477855716856,8.282000000000000000e+03
644.6223743228242,8.333000000000000000e+03
644.6969595574612,8.328000000000000000e+03
644.7715495817692,8.315000000000000000e+03
644.8461901340061,8.353000000000000000e+03
644.9207731033271,8.336000000000000000e+03
644.9953650068094,8.377000000000000000e+03
645.0699450389038,8.393000000000000000e+03
645.1445298338459,8.391000000000000000e+03
645.219177672042,8.459000000000000000e+03
645.2937678340779,8.435000000000000000e+03
645.3683419239809,8.470000000000000000e+03
645.4429290863851,8.485000000000000000e+03
645.5175168235929,8.510000000000000000e+03
645.5921051300253,8.523000000000000000e+03
645.6666898312457,8.552000000000000000e+03
645.7412750885978,8.562000000000000000e+03
645.8158525549321,8.577000000000000000e+03
645.8904389058563,8.575000000000000000e+03
645.9650299688499,8.615000000000000000e+03
646.0396090465212,8.619000000000000000e+03
646.1141969977764,8.617000000000000000e+03
646.1887812959989,8.669000000000000000e+03
646.2633076373747,8.667000000000000000e+03
646.3378845915109,8.768000000000000000e+03
646.4124787595719,8.705000000000000000e+03
646.4870608913304,8.725000000000000000e+03
646.5616476941717,8.803000000000000000e+03
646.6361722632304,8.815000000000000000e+03
646.7107558375826,8.815000000000000000e+03
646.7853440690486,8.822000000000000000e+03
646.859928586342,8.806000000000000000e+03
646.9344466023072,8.903000000000000000e+03
647.0090362098298,8.908000000000000000e+03
647.083622083392,8.947000000000000000e+03
647.1581413924066,8.922000000000000000e+03
647.2327239470708,8.996000000000000000e+03
647.307306934167,8.999000000000000000e+03
647.3818400556567,9.045000000000000000e+03
647.456419687093,9.032000000000000000e+03
647.5309452235595,9.101000000000000000e+03
647.6055298578293,9.083000000000000000e+03
647.6800561677495,9.137000000000000000e+03
647.7546415911931,9.135000000000000000e+03
647.829164455096,9.150000000000000000e+03
647.9037464463057,9.176000000000000000e+03
647.9782700344881,9.192000000000000000e+03
648.0527939695423,9.248000000000000000e+03
648.1273854568424,9.256000000000000000e+03
648.2019100840658,9.286000000000000000e+03
648.2764938778582,9.324000000000000000e+03
648.3510107654179,9.352000000000000000e+03
648.425536376692,9.368000000000000000e+03
648.5000623007427,9.359000000000000000e+03
648.5746432162518,9.450000000000000000e+03
648.6491655538866,9.437000000000000000e+03
648.7236881852804,9.479000000000000000e+03
648.7982195235151,9.525000000000000000e+03
648.8728058826379,9.521000000000000000e+03
648.9473293775359,9.554000000000000000e+03
649.0218489310823,9.564000000000000000e+03
649.0963729611857,9.619000000000000000e+03
649.1708972508054,9.643000000000000000e+03
649.2454260094211,9.713000000000000000e+03
649.3199508018886,9.722000000000000000e+03
649.3944716195824,9.727000000000000000e+03
649.4689926719741,9.778000000000000000e+03
649.5435181724034,9.765000000000000000e+03
649.6180396779724,9.798000000000000000e+03
649.6925698430567,9.846000000000000000e+03
649.7670917798398,9.871000000000000000e+03
649.8416139226556,9.925000000000000000e+03
649.9161320418531,9.963000000000000000e+03
649.9906588034178,1.001000000000000000e+04
650.0651815298742,1.003900000000000000e+04
650.1397086661992,1.007800000000000000e+04
650.2142317539774,1.006200000000000000e+04
650.2887550133019,1.007600000000000000e+04
650.3632192222857,1.016400000000000000e+04
650.4377470245496,1.017700000000000000e+04
650.5122665196939,1.022700000000000000e+04
650.5867946266628,1.025200000000000000e+04
650.6612551406859,1.023800000000000000e+04
650.7357750465694,1.029500000000000000e+04
650.8103035527816,1.038300000000000000e+04
650.8847644021826,1.037200000000000000e+04
650.9592931417967,1.040400000000000000e+04
651.0338092818513,1.044500000000000000e+04
651.1082704136296,1.047800000000000000e+04
651.182799464824,1.054700000000000000e+04
651.2572649940395,1.053500000000000000e+04
651.3317857370804,1.061100000000000000e+04
651.4062556434649,1.063000000000000000e+04
651.4807807792504,1.073400000000000000e+04
651.5552380644563,1.072800000000000000e+04
651.6297548330812,1.081300000000000000e+04
651.7042206933047,1.080200000000000000e+04
651.7787503045504,1.082000000000000000e+04
651.8532162309156,1.087600000000000000e+04
651.9277374256133,1.096500000000000000e+04
652.0021948907765,1.096700000000000000e+04
652.0766608615594,1.100200000000000000e+04
652.1511863740992,1.104700000000000000e+04
652.2256523518495,1.111800000000000000e+04
652.3001055526772,1.117300000000000000e+04
652.3745757534864,1.119700000000000000e+04
652.4490927583861,1.123500000000000000e+04
652.523554404734,1.129200000000000000e+04
652.5980245314129,1.133400000000000000e+04
652.6724818393412,1.143500000000000000e+04
652.7469518786384,1.147700000000000000e+04
652.8214730080308,1.156200000000000000e+04
652.8959386884019,1.163100000000000000e+04
652.9703957767102,1.163400000000000000e+04
653.0448655846427,1.163100000000000000e+04
653.1193267868492,1.172400000000000000e+04
653.1937879048733,1.179200000000000000e+04
653.268253200443,1.185100000000000000e+04
653.3427141334746,1.187900000000000000e+04
653.417174964718,1.195900000000000000e+04
653.4916399588126,1.202400000000000000e+04
653.5661005698283,1.201100000000000000e+04
653.640569606346,1.207700000000000000e+04
653.7150299745911,1.213500000000000000e+04
653.7894902116518,1.214600000000000000e+04
653.8638947316973,1.225800000000000000e+04
653.938354676066,1.233600000000000000e+04
653.9927330350457,1.233695216094790158e+04
654.0128144715792,1.231600000000000000e+04
654.0673848929049,1.242337766179519167e+04
654.0872783906434,1.239200000000000000e+04
654.1419639360352,1.245794786213410771e+04
654.1617421510075,1.250200000000000000e+04
654.2166156285444,1.247753764232616049e+04
654.2361458232748,1.252400000000000000e+04
654.2911987423258,1.256742016320734365e+04
654.3658416830104,1.260429504356885445e+04
654.4404288467964,1.265384566405463374e+04
654.5150758549863,1.270224394452911656e+04
654.5897184695584,1.274257584492451861e+04
654.664305251433,1.278636476535381189e+04
654.7389476142009,1.285780984605423873e+04
654.8135383948625,1.298802426733082393e+04
654.888184771955,1.300185234746639071e+04
654.9627666643294,1.304218424786179276e+04
655.0373526739268,1.308827784831368081e+04
655.1119985900768,1.315280888894632335e+04
655.1865885451579,1.321042588951118523e+04
655.2612255432555,1.327726161016642254e+04
655.3358194230502,1.333257393070868784e+04
655.4104603574718,1.336714413104760570e+04
655.4850452543039,1.344896027184970626e+04
655.5596986994234,1.350196791236937861e+04
655.634274582699,1.357687001310369669e+04
655.7088674352764,1.358839341321666870e+04
655.7835073665872,1.364716275379282706e+04
655.8580911670134,1.371976017450455038e+04
655.9327392618014,1.385112693579243205e+04
656.0073268888157,1.384536523573594604e+04
656.0819099586474,1.396290391688826094e+04
656.1565530436084,1.398825539713679973e+04
656.2311355998527,1.407929025802927936e+04
656.3057308056235,1.409772769821003385e+04
656.3803688222278,1.418069617902343271e+04
656.454954867795,1.426942635989331757e+04
656.5295449351327,1.433165272050336716e+04
656.6041821341065,1.434317612061633918e+04
656.6787759333997,1.447108586187032961e+04
656.7533564903902,1.450796074223184041e+04
656.8279410471957,1.452639818241259491e+04
656.9025856984958,1.459323390306783404e+04
656.9771696261503,1.469348748405069091e+04
657.0517532233856,1.479258872502224949e+04
657.1264055746188,1.486518614573397463e+04
657.2009928278474,1.492280314629883469e+04
657.2755710944062,1.498157248687499305e+04
657.3501576467798,1.509450180798211841e+04
657.4247438407015,1.510256818806119918e+04
657.4993858698668,1.513944306842270998e+04
657.573971341612,1.518784134889719280e+04
657.6485607618943,1.531114173010599370e+04
657.7231498016442,1.545979359156333339e+04
657.7977341278665,1.548168805177798095e+04
657.87237432304,1.560383609297548355e+04
657.9469621958759,1.561535949308845557e+04
658.0215410042488,1.572252711413909674e+04
658.0961280598617,1.574557391436504076e+04
658.1707146988002,1.583660877525752039e+04
658.2453009150308,1.589998747587886646e+04
658.3198867025178,1.604402997729101662e+04
658.3945327428875,1.612123675804792947e+04
658.4691220043352,1.624453713925673219e+04
658.5437021472852,1.623531841916635312e+04
658.6182818353581,1.636092348039774879e+04
658.69286974003,1.638627496064628940e+04
658.767461521399,1.646809110144838996e+04
658.8420354727173,1.652801278203584297e+04
658.9166306515345,1.662019998293962271e+04
658.9912079822875,1.668588336358356173e+04
659.0657935091809,1.680803140478106434e+04
659.140382887388,1.688062882549278947e+04
659.2149717681472,1.700853856674678173e+04
659.289551452134,1.705693684722126272e+04
659.3641306225966,1.714336234806855282e+04
659.438717970647,1.728164314942421697e+04
659.5133047969533,1.729086186951459604e+04
659.5878910954348,1.738650609045226520e+04
659.6624768600082,1.748560733142382378e+04
659.7370620845874,1.751787285174014687e+04
659.8116467630838,1.772298937375105015e+04
659.8862265349078,1.776332127414645220e+04
659.9608101019778,1.795345737601049041e+04
660.0354018176174,1.797765651624773091e+04
660.1099798943757,1.811132795755820553e+04
660.1845748263452,1.816548793808917617e+04
660.259151743867,1.823001897872181871e+04
660.333684466581,1.837406148013396887e+04
660.4082645480388,1.845472528092477660e+04
660.4828527532469,1.856650226202060367e+04
660.5574316285567,1.868173626315032379e+04
660.6320229836718,1.874972432381685940e+04
660.7066049946801,1.884306386473193561e+04
660.7811820158635,1.901476252641521933e+04
660.8557147324121,1.901015316637002979e+04
660.9302992109782,1.922103138843741908e+04
661.0048830496228,1.929939050920562659e+04
661.0794662422122,1.937544494995124478e+04
661.1540575251042,1.953216319148766343e+04
661.2285781978873,1.956673339182657946e+04
661.3031681500861,1.969464313308057172e+04
661.3777399387936,1.982485755435715328e+04
661.452332922751,1.997350941581449297e+04
661.5269208535378,2.001845067625508455e+04
661.6014380645663,2.012100893726053619e+04
661.6760289813253,2.022932889832247383e+04
661.7506148234904,2.038374245983629953e+04
661.8251298800592,2.037682841976851705e+04
661.8997142930884,2.057272622168904127e+04
661.9743067544003,2.066030406254763147e+04
662.0488853483158,2.080088954392588857e+04
662.1234149871826,2.086542058455853112e+04
662.198000873726,2.101983414607235682e+04
662.2725860216412,2.108782220673889242e+04
662.347104619191,2.126297788845606919e+04
662.4216882564932,2.133211828913390127e+04
662.4962184684717,2.140471570984562641e+04
662.570804963388,2.152225439099793948e+04
662.6453862997457,2.168127731255695471e+04
662.7199097646629,2.182071045392391898e+04
662.7944939234665,2.191174531481639860e+04
662.869086084027,2.202697931594611873e+04
662.9436071371093,2.213645161701935285e+04
663.0181889069928,2.232197835883820153e+04
663.0927083152421,2.240379449964030573e+04
663.1673016492832,2.251902850077002586e+04
663.2418237897235,2.261236804168509843e+04
663.3164110793576,2.274143012295038716e+04
663.3909359310869,2.288432028435124084e+04
663.4655171474956,2.302605810574079806e+04
663.5400358838839,2.305947596606841398e+04
663.6146198039338,2.318623336731110976e+04
663.6891500154543,2.335332266894920394e+04
663.763736622158,2.346970901009022054e+04
663.8382518588492,2.357341961110696866e+04
663.9128411292601,2.376816507301619640e+04
663.9873589874919,2.393294969463169764e+04
664.0619509026042,2.395023479480115566e+04
664.136471363353,2.415074195676686941e+04
664.211061492379,2.427980403803215813e+04
664.285584535613,2.435240145874388327e+04
664.3601640270679,2.457595542093554104e+04
664.4346852160202,2.466929496185061362e+04
664.5092142934612,2.477415790287865821e+04
664.5838042596656,2.486749744379373442e+04
664.6583226187805,2.499425484503642656e+04
664.7328488535421,2.523624624740883883e+04
664.8074315802052,2.533649982839169752e+04
664.881960314152,2.549206572991681969e+04
664.9565455552175,2.573290479227793548e+04
665.031072346548,2.575018989244739350e+04
665.1055937270582,2.590806047399511226e+04
665.1801096874939,2.604634127535077641e+04
665.2546998800744,2.617194633658217208e+04
665.3292271235769,2.619845015684200916e+04
665.4037489291384,2.638167221863826489e+04
665.4783361453115,2.657987470058138206e+04
665.5528603518749,2.666630020142867579e+04
665.6273790986409,2.687602608348476497e+04
665.7019056711048,2.694747116418519363e+04
665.7764932599148,2.717793916644463388e+04
665.8510088931856,2.733811442801494559e+04
665.9255412083346,2.751442244974341884e+04
666.0000591620371,2.758010583038736149e+04
666.0746470335703,2.775756619212713122e+04
666.1491717378727,2.787395253326814782e+04
666.2236953664843,2.807215501521126862e+04
666.2982179130853,2.822080687666860831e+04
666.3727393713534,2.826920515714308931e+04
666.4472686180028,2.852271995962847359e+04
666.5218500778012,2.865754374095024832e+04
666.5963682490049,2.880273858237369495e+04
666.670894195563,2.887533600308542009e+04
666.7454190261132,2.907008146499464783e+04
666.8199427343175,2.926943628694906511e+04
666.8944653138359,2.942154516844029786e+04
666.9689912068017,2.955982596979596201e+04
667.043515960381,2.964625147064325211e+04
667.1180440186909,2.992166073334328394e+04
667.1925664754452,2.996775433379517199e+04
667.2671501081187,3.015212873560272783e+04
667.3416747090137,3.030193293707136399e+04
667.4162025951904,3.044136607843832462e+04
667.4907159415177,3.044367075846092121e+04
667.5652459277131,3.077669702172581310e+04
667.6397747296355,3.090691144300239830e+04
667.7142934240692,3.095300504345428635e+04
667.7888198363478,3.113968412528443150e+04
667.8633405848258,3.139780828781500895e+04
667.9378645829604,3.158448736964515410e+04
668.0123873649534,3.171124477088784624e+04
668.0868509002132,3.173429157111379391e+04
668.1613801466233,3.191175193285356363e+04
668.235899230937,3.212032547489835633e+04
668.3104215399541,3.221481735582472902e+04
668.3849470702704,3.244067599803897974e+04
668.4594713500996,3.253862489899924185e+04
668.533998842422,3.262044103980134605e+04
668.6085250734534,3.287741286232061975e+04
668.683041094052,3.291198306265953579e+04
668.7575647813001,3.313899404488509026e+04
668.8320290343215,3.321504848563070118e+04
668.9065546155499,3.340518458749473939e+04
668.9810833808008,3.358610196926840581e+04
669.0555974212344,3.372899213066925586e+04
669.130128062917,3.390069079235254321e+04
669.2046529196529,3.402975287361782830e+04
669.2791182298785,3.408852221419398848e+04
669.3536314765041,3.427981065606931952e+04
669.4281657979723,3.437660721701828879e+04
669.5026898264498,3.458518075906308513e+04
669.57714526615,3.472346156041874929e+04
669.65167108008,3.482601982142419729e+04
669.7261910590614,3.502767932340120751e+04
669.8007186526492,3.511180014422590466e+04
669.8751865504684,3.526275668570584094e+04
669.949711403622,3.543560768740042113e+04
670.0242348833766,3.557619316877867823e+04
670.0987480026345,3.580089947098163975e+04
670.1732193096983,3.582279393119628367e+04
670.2477431098745,3.592650453221303178e+04
670.3222655128286,3.591152411206616671e+04
670.396728085964,3.604750023339923791e+04
670.471252157415,3.622150357510511822e+04
670.5457118658269,3.626298781551182037e+04
670.6202330875843,3.641048733695785631e+04
670.6947618784129,3.667206851952232682e+04
670.7692307481261,3.679306422070853296e+04
670.8437476587868,3.685298590129598597e+04
670.918213608017,3.682993910107004194e+04
670.9927321095302,3.706155944334078231e+04
671.0672536563986,3.710189134373618435e+04
671.1417196890736,3.717794578448180255e+04
671.216251808498,3.736001550626676180e+04
671.290714863808,3.748101120745296794e+04
671.3652395155675,3.761698732878603187e+04
671.4396995665256,3.767114730931700615e+04
671.5142212289395,3.781749449075174925e+04
671.5886872701645,3.791890041174590442e+04
671.6632104305353,3.799495485249152262e+04
671.7376734223737,3.803989611293211055e+04
671.812193546355,3.819085265441204683e+04
671.8866579770747,3.832913345576771098e+04
671.9611795549314,3.835678961603884090e+04
672.0356408881489,3.843284405678445910e+04
672.1101096909673,3.855268741795936512e+04
672.1846266277597,3.864717929888574145e+04
672.2590968192625,3.880735456045604951e+04
672.3336151557181,3.880735456045604951e+04
672.4080821944679,3.882233498060291458e+04
672.482543119204,3.895024472185690684e+04
672.5570657703272,3.910465828337072890e+04
672.63152802642,3.916457996395818191e+04
672.705997721871,3.923948206469249999e+04
672.7805155931686,3.927635694505401625e+04
672.854982065397,3.938698158613854321e+04
672.9294423823377,3.945842666683897551e+04
673.0039644745739,3.945727432682767540e+04
673.0784260583234,3.957020364793480258e+04
673.152895058153,3.960707852829631156e+04
673.2274213293804,3.964280106864652771e+04
673.3018779706365,3.974881634968586877e+04
673.3763374799411,3.981795675036370085e+04
673.4508043890924,3.987326907090596796e+04
673.5252650884476,3.995393287169677205e+04
673.5997967036512,3.998158903196790197e+04
673.6742585868221,4.001846391232941824e+04
673.748714237457,4.005533879269092722e+04
673.823186347847,4.010604175318800117e+04
673.8976385924067,4.016020173371897545e+04
673.9721663425748,4.023510383445329353e+04
674.0466287979216,4.024201787452107237e+04
674.1210895311846,4.026275999472442345e+04
674.1955530811653,4.025584595465663733e+04
674.2700239906791,4.024893191458885849e+04
674.3444795221271,4.026391233473572356e+04
674.4189469503236,4.031807231526669057e+04
674.49346722243,4.036186123569598567e+04
674.567935708377,4.038145101588803664e+04
674.6424024340591,4.041947823626084573e+04
674.7168582880072,4.044252503648678976e+04
674.7913214713103,4.043906801645289670e+04
674.8657783200656,4.044137269647548965e+04
674.940251601854,4.041717355623825279e+04
675.0147094269751,4.040565015612528077e+04
675.0891700095718,4.037568931583155063e+04
675.1636379044918,4.035149017559430649e+04
675.2380994327431,4.032844337536836247e+04
675.312554584676,4.033650975544744142e+04
675.3870261580195,4.031922465527798340e+04
675.4614822208301,4.032729103535706963e+04
675.5359547018315,4.033535741543614859e+04
675.610407090499,4.031231061521020456e+04
675.6848804576179,4.029617785505203938e+04
675.7593337130725,4.026506467474701640e+04
675.8338033782419,4.023049447440810036e+04
675.9082026566803,4.018440087395621231e+04
675.9826594431638,4.016711577378675429e+04
676.0571234944312,4.011871749331227329e+04
676.1315948098625,4.010028005313151516e+04
676.2060550986515,4.005303411266833427e+04
676.2805134951972,4.002998731244239025e+04
676.3549745673919,4.000809285222773906e+04
676.4293879803434,3.994817117164028605e+04
676.5038498052293,3.988824949105283304e+04
676.5783051376296,3.975688272976494773e+04
676.6527677036122,3.969811338918879483e+04
676.7272329229447,3.969235168913230882e+04
676.8016366634976,3.967852360899673658e+04
676.8761025828228,3.957481300797998847e+04
676.9505619772531,3.951834834742642852e+04
677.0250240043307,3.941809476644357346e+04
677.0994290601088,3.939735264624022238e+04
677.1738917427178,3.934434500572054822e+04
677.2483524582894,3.932360288551719714e+04
677.3227561481843,3.917034166401466791e+04
677.3972128974716,3.900670938241046679e+04
677.4716768389669,3.906778340300921991e+04
677.5461433813275,3.893987366175522766e+04
677.6205482371186,3.890069410137112573e+04
677.6950015852051,3.876471798003805452e+04
677.7694069841688,3.873936649978951755e+04
677.8438746703705,3.864602695887444133e+04
677.9183311477581,3.856882017811753030e+04
677.9927396296163,3.836946535616311303e+04
678.0672012294622,3.829917261547398084e+04
678.1416056066512,3.833143813579030393e+04
678.2160631125909,3.811134119363253558e+04
678.2905277690969,3.798573613240114355e+04
678.3649259468506,3.790276765158774651e+04
678.4393864750938,3.780136173059359135e+04
678.513798898065,3.770110814961072901e+04
678.5882598799376,3.764118646902327600e+04
678.6626543015428,3.753056182793874177e+04
678.7371249257566,3.747755418741907488e+04
678.8115243461227,3.722403938493369060e+04
678.8859815585386,3.714452792415417935e+04
678.9603905685974,3.704196966314873134e+04
679.0348481677615,3.688870844164620212e+04
679.1092529209583,3.671816211997421487e+04
679.1836509171139,3.664095533921730384e+04
679.2581113551571,3.659486173876541579e+04
679.3325235125415,3.649921751782774663e+04
679.4069842868593,3.630447205591851525e+04
679.481378280968,3.616042955450636509e+04
679.5557839509504,3.600716833300383587e+04
679.6302474888498,3.593802793232600379e+04
679.704648807749,3.582394627120758378e+04
679.7790525553501,3.570525525004397059e+04
679.8535234360058,3.553125190833809029e+04
679.9279135518302,3.533650644642885891e+04
680.0023245731195,3.529732688604475698e+04
680.076784258521,3.513715162447444891e+04
680.1511816092886,3.492396872238445940e+04
680.2255859851732,3.482486748141290445e+04
680.3000482943368,3.468428200003464008e+04
680.374448213023,3.460822755928902916e+04
680.4488412562114,3.447686079800114385e+04
680.5232552007656,3.436277913688272383e+04
680.5976576301395,3.425445917582078255e+04
680.6721226617578,3.411617837446511840e+04
680.7465159407645,3.396752651300778234e+04
680.8209254830051,3.386151123196843400e+04
680.8953281128896,3.370479299043201900e+04
680.969723820552,3.358494962925710570e+04
681.0441775310805,3.341094628755122540e+04
681.118582574998,3.325192336599221744e+04
681.1929806772104,3.316434552513362723e+04
681.2673996753556,3.296499070317920996e+04
681.3418070819359,3.278176864138295059e+04
681.4162075273074,3.270110484059215014e+04
681.4906056458781,3.259739423957540203e+04
681.5649921401839,3.250866405870551534e+04
681.6393995215485,3.228511009651385757e+04
681.7137999143118,3.219292289561008147e+04
681.7882165503345,3.211571611485316680e+04
681.8626680324036,3.191175193285356363e+04
681.9370706711479,3.176310007139622394e+04
682.0114662918298,3.169741669075228128e+04
682.0858781465969,3.156144056941921008e+04
682.1602876270566,3.138398020767944035e+04
682.234615600839,3.131023044695641875e+04
682.3090342611832,3.112816072517145949e+04
682.3834179373963,3.094609100338650387e+04
682.4578224911205,3.090345442296850524e+04
682.5322153211919,3.078822042183878511e+04
682.6066290312607,3.056927581969231687e+04
682.6810356664762,3.052663923927431824e+04
682.7554352169042,3.045634649858518969e+04
682.8298276726078,3.024085891647261087e+04
682.9042363415565,3.011294917521862226e+04
682.9786379060591,2.987441479288009941e+04
683.052985700029,2.974535271161481069e+04
683.1273776822683,2.966468891082400660e+04
683.2017812028357,2.959900553018006758e+04
683.2761822579863,2.950566598926499501e+04
683.3505948498541,2.932590094750262870e+04
683.4249816151049,2.917148738598880300e+04
683.4993378598623,2.900094106431681575e+04
683.5737336498651,2.893410534366157663e+04
683.6481222681783,2.876586370201218597e+04
683.7225270786547,2.862066886058873934e+04
683.7968779498492,2.845473189896194162e+04
683.8712683772519,2.837406809817113390e+04
683.9456749923205,2.829340429738032981e+04
684.0200089024875,2.804795587497402448e+04
684.0944244901342,2.796959675420581698e+04
684.1688141432852,2.790967507361836033e+04
684.2431731578488,2.776678491221750664e+04
684.3175670692367,2.764578921103130051e+04
684.3919584235521,2.753170754991287686e+04
684.4662956794946,2.737498930837645821e+04
684.5407193753053,2.711225578580069487e+04
684.6151123876289,2.686450268337179295e+04
684.689455939193,2.676655378241153085e+04
684.7638578398391,2.654760918026506261e+04
684.8382055615216,2.647385941954204100e+04
684.9125975757681,2.626528587749724466e+04
684.9870010616816,2.612354805610769108e+04
685.0613315458365,2.602559915514742534e+04
685.1357438810281,2.585735751349803468e+04
685.2100831760683,2.566722141163399647e+04
685.2844855664139,2.555890145057205882e+04
685.3588336587155,2.540564022906952960e+04
685.4332213760933,2.539987852901304359e+04
685.5075782509971,2.524546496749921789e+04
685.5819089583205,2.520859008713770891e+04
685.6563216044284,2.521665646721678786e+04
685.7306563603778,2.518554328691176124e+04
685.8050589720733,2.506224290570296216e+04
685.8794024621719,2.490206764413265046e+04
685.9537903041233,2.486404042375984136e+04
686.0281472199982,2.471999792234769120e+04
686.1024731844336,2.462896306145521157e+04
686.1768811733403,2.441693249937652581e+04
686.2512158243778,2.427865169802086166e+04
686.3255665827462,2.408851559615682345e+04
686.3999617223745,2.396060585490283120e+04
686.4742975925424,2.382578207358106010e+04
686.5486495653337,2.374166125275636296e+04
686.6230412185406,2.361720853153626376e+04
686.6973829775881,2.342592008966092908e+04
686.7717408365776,2.332451416866677391e+04
686.8460676249846,2.317931932724332364e+04
686.920476563722,2.309519850641863013e+04
686.9948119535088,2.297305046522112389e+04
687.0691634335083,2.286818752419307930e+04
687.1434837923248,2.276217224315373460e+04
687.2178910716232,2.262273910178677397e+04
687.2922436114384,2.238190003942565818e+04
687.3665697193694,2.233465409896247365e+04
687.4409071790424,2.222518179788923590e+04
687.5152607193801,2.213414693699675627e+04
687.5896114344212,2.202928399596871168e+04
687.6639309442114,2.192787807497455651e+04
687.7383327394424,2.180457769376575743e+04
687.8126844041321,2.168012497254565824e+04
687.8870284875072,2.155451991131426257e+04
687.9613649794371,2.148422717062513402e+04
688.0357175394452,2.136668848947281731e+04
688.1100388231959,2.115581026740542802e+04
688.1843761649789,2.109588858681797501e+04
688.2587343070002,2.103596690623051836e+04
688.3330800913666,2.082969804420831861e+04
688.4074182439083,2.083085038421961508e+04
688.4817534945465,2.068680788280746492e+04
688.556104800579,2.061766748212963284e+04
688.6304200038998,2.049667178094342671e+04
688.7047797093452,2.039641819996056802e+04
688.7791080338786,2.018438763788188226e+04
688.8534524038824,2.022011017823209841e+04
688.9277890934775,2.008182937687643062e+04
689.0021418286908,1.997350941581449297e+04
689.0764868733971,1.987325583483163791e+04
689.1507577273879,1.978222097393915828e+04
689.2250873462091,1.967735803291111370e+04
689.2994377520117,1.962780741242533259e+04
689.3737756865256,1.945495641073075240e+04
689.4481106432635,1.935700750977048665e+04
689.5224616327603,1.932358964944287072e+04
689.5968001275772,1.922333606846001203e+04
689.6710880627454,1.921757436840352602e+04
689.745415792651,1.910579738730769895e+04
689.8197595452868,1.896405956591814174e+04
689.8941002876792,1.884997790479971809e+04
689.968380885931,1.876240006394112788e+04
690.0427250973174,1.867712690310513790e+04
690.1170662811704,1.859070140225784417e+04
690.1913949030705,1.850888526145574360e+04
690.2656966557213,1.845357294091347649e+04
690.3400334706062,1.842015508058586056e+04
690.4143672314507,1.837060446010007945e+04
690.4886454859029,1.821734323859755023e+04
690.5629874122526,1.817009729813436570e+04
690.6373214994773,1.805716797702723852e+04
690.7116000290887,1.804679691692556298e+04
690.7859422563533,1.794423865592011134e+04
690.8602336681432,1.785435613503893182e+04
690.9345601567937,1.780480551455315072e+04
691.0089026400582,1.769994257352510613e+04
691.0831942596561,1.765154429305062149e+04
691.157520963373,1.760429835258743697e+04
691.2318206545044,1.745679883114139375e+04
691.3061602170517,1.753054859186441536e+04
691.380444070193,1.739226779050875120e+04
691.45476779478,1.732773674987610502e+04
691.5290596795087,1.724937762910789752e+04
691.6033914459812,1.717447552837357944e+04
691.6776674311591,1.710533512769574372e+04
691.7520072241363,1.705693684722126272e+04
691.8262959912287,1.695783560624970414e+04
691.900643801485,1.691865604586559857e+04
691.9749166156074,1.689215222560576149e+04
692.0492005879099,1.674695738418231485e+04
692.123529252891,1.671584420387728824e+04
692.1978259721524,1.667435996347058972e+04
692.2721578136724,1.658678212261200315e+04
692.3464385130854,1.646117706138060748e+04
692.4207159769667,1.648768088164044093e+04
692.4950525395182,1.639088432069147530e+04
692.56933311711,1.632404860003623799e+04
692.6436056440851,1.632404860003623799e+04
692.7179660817585,1.621803331899689510e+04
692.7922272967613,1.618231077864668259e+04
692.8665236380322,1.614658823829646826e+04
692.9407927013435,1.601637381701988488e+04
693.0151497288059,1.593340533620648603e+04
693.089421837627,1.591957725607091925e+04
693.1636906489606,1.585158919540438364e+04
693.2379753787236,1.576977305460228126e+04
693.3122568047582,1.575018327441023030e+04
693.3865926140129,1.570408967395834043e+04
693.4608818498604,1.560844545302067309e+04
693.5351581466051,1.563955863332569788e+04
693.6094263017561,1.554045739235413748e+04
693.6837151767944,1.545748891154073863e+04
693.7579910889119,1.537221575070474501e+04
693.8322636527323,1.540102425098717504e+04
693.906552121247,1.533649321035453249e+04
693.9808998444166,1.528924726989134615e+04
694.0551719756728,1.521664984917962283e+04
694.1294600063287,1.520051708902146129e+04
694.2037398455482,1.516133752863735572e+04
694.2780114829652,1.513713838840011522e+04
694.3522990144666,1.503918948743985311e+04
694.426583156023,1.497696312682980351e+04
694.5008542537265,1.493432654641180670e+04
694.5751412401826,1.487670954584694664e+04
694.6494248189764,1.482946360538376030e+04
694.723700156412,1.475917086469463175e+04
694.7979624146619,1.471422960425404017e+04
694.8721970948218,1.466698366379085383e+04
694.9464717871994,1.462204240335026407e+04
695.0207623596758,1.460936666322599376e+04
695.0950205016327,1.453446456249167568e+04
695.1693186762369,1.444573438162179082e+04
695.2435843995215,1.444458204161049434e+04
695.3178708269531,1.433971910058244794e+04
695.3921441168008,1.428901614008537035e+04
695.4663655616765,1.423485615955440153e+04
695.5406463919401,1.428555912005147911e+04
695.6149237361514,1.424177019962218583e+04
695.6892121064967,1.413690725859413942e+04
695.7634969823528,1.407352855797279335e+04
695.8377008859716,1.405739579781463181e+04
695.9119932631442,1.402743495752090530e+04
695.9862772860863,1.397673199702382772e+04
696.06048026933,1.392833371654934490e+04
696.134771767185,1.389030649617653762e+04
696.2090548898484,1.380618567535184047e+04
696.2833296268801,1.381194737540832648e+04
696.3575523255896,1.374511165475308917e+04
696.4318151008928,1.368864699419952558e+04
696.5060403540568,1.368864699419952558e+04
696.58033480532,1.360798319340872149e+04
696.6545965750922,1.357456533308110193e+04
696.7288256373972,1.358378405317147917e+04
696.8030899410923,1.348122579216602753e+04
696.8773263707111,1.346970239205305552e+04
696.9516029071826,1.345472197190619227e+04
697.0258758450395,1.339595263133003573e+04
697.1000868630892,1.334179265079906691e+04
697.1743865928445,1.331759351056182459e+04
697.248609793035,1.330722245046015087e+04
697.3228682493078,1.324038672980491174e+04
697.3970987519848,1.320927354949988694e+04
697.4713645187727,1.318968376930783415e+04
697.5456023130668,1.308251614825719480e+04
697.6198072452165,1.309980124842665282e+04
697.6941009834452,1.302259446766973997e+04
697.7683131711979,1.302028978764714520e+04
697.8425898466292,1.297650086721785192e+04
697.9168092738975,1.295806342703709561e+04
697.9910201305657,1.286933324616721075e+04
698.0653003733468,1.287394260621240028e+04
698.1395184438109,1.288431366631407582e+04
698.2138010478819,1.282669666574921393e+04
698.2880311962213,1.278060306529732588e+04
698.3622527442063,1.280134518550067514e+04
698.4364656813189,1.277253668521824511e+04
698.510738305446,1.273220478482284307e+04
698.5849584048053,1.266075970412241622e+04
698.6591698720874,1.262158014373831247e+04
698.7334703424422,1.261351376365923170e+04
698.8076889513259,1.257663888329772089e+04
698.8818989069066,1.257318186326382965e+04
698.9561050840433,1.252939294283453455e+04
699.030322134609,1.250980316264248177e+04
699.1046038227042,1.252478358278934684e+04
699.1788328602486,1.242222532178389520e+04
699.2530532146016,1.243259638188556892e+04
699.3272599846256,1.241761596173870566e+04
699.4014873980228,1.236921768126422285e+04
699.4757061069474,1.236460832121903513e+04
699.5499161008405,1.235193258109476483e+04
699.6241418428359,1.225859304017969225e+04
699.6983588590565,1.227587814034915027e+04
699.7726405911895,1.226896410028136597e+04
699.8468646290141,1.229431558052990476e+04
699.9210848186354,1.221134709971650591e+04
699.9952913527262,1.222978453989726040e+04
700.0695185244031,1.214105435902737554e+04
700.1437320277023,1.218945263950185836e+04
700.2179661702849,1.209496075857548749e+04
700.2921670152689,1.207076161833824699e+04
700.3663345364773,1.208804671850770501e+04
700.4405423002715,1.206499991828176098e+04
700.5147657911945,1.208689437849640672e+04
700.5889804729994,1.197050803735539012e+04
700.6632108815323,1.198087909745706384e+04
700.7374324701444,1.194976591715203904e+04
700.81164522823,1.189560593662107021e+04
700.8858540575908,1.189906295665496327e+04
700.9600736910871,1.191404337680182653e+04
701.034240242214,1.187486381641772095e+04
701.1084716450022,1.188869189655328773e+04
701.1826646876575,1.185642637623696646e+04
701.2569029402329,1.182300851590934690e+04
701.3311077280009,1.173543067505075851e+04
701.4052790247227,1.175732513526540606e+04
701.4794906151762,1.175617279525410959e+04
701.5537179110803,1.170086047471184247e+04
701.6278673838922,1.168703239457627569e+04
701.7020768472739,1.174810641517502881e+04
701.776302010223,1.163978645411309117e+04
701.8505182480137,1.166974729440681767e+04
701.9246812071539,1.165591921427125271e+04
701.9989091214585,1.156142733334488184e+04
702.0730492261018,1.156488435337877308e+04
702.147283874415,1.157640775349174510e+04
702.2215095672381,1.157986477352563634e+04
702.2956523110257,1.154068521314153077e+04
702.3698847114229,1.150150565275742701e+04
702.4440341206173,1.147384949248629346e+04
702.5182485406029,1.152685713300596399e+04
702.5924786440079,1.146002141235072668e+04
702.6666306251165,1.143927929214737742e+04
702.7408427059752,1.143006057205700017e+04
702.8150013114393,1.144619333221515990e+04
702.8892200349155,1.138396697160511030e+04
702.9633852532902,1.132404529101765547e+04
703.0375414112833,1.137244357149213829e+04
703.1117577094595,1.132404529101765547e+04
703.1859204527385,1.130215083080300974e+04
703.2601235714659,1.131943593097246776e+04
703.3342928843769,1.131713125094987299e+04
703.4085025826428,1.127564701054317266e+04
703.482658658175,1.124222915021555491e+04
703.5568254210807,1.116271768943604729e+04
703.6310325789715,1.115695598937956129e+04
703.7052108243134,1.118000278960550531e+04
703.7793551808122,1.117424108954901931e+04
703.8535845204474,1.110164366883729599e+04
703.9277353723147,1.116732704948123683e+04
704.0019018493869,1.113621386917621203e+04
704.0760542132163,1.109127260873562045e+04
704.1502767406283,1.115004194931177881e+04
704.2244157321018,1.104287432826113763e+04
704.2985752975638,1.106015942843059565e+04
704.3727455222629,1.104633134829502887e+04
704.4469065581811,1.105555006838540612e+04
704.5211080295742,1.101291348796741113e+04
704.5952804534251,1.101521816799000408e+04
704.6694387032167,1.095299180737995630e+04
704.7435926983363,1.095990584744773878e+04
704.8177573342106,1.094723010732347029e+04
704.891917706452,1.093916372724438952e+04
704.9660688376695,1.089537480681509442e+04
705.0402107171044,1.094146840726698429e+04
705.114442771257,1.092072628706363321e+04
705.1885910002947,1.087232800658915039e+04
705.2627548254902,1.085619524643099066e+04
705.3369093767561,1.081816802605818157e+04
705.4110795235591,1.080433994592261661e+04
705.485220476971,1.083084376618245187e+04
705.5593969294841,1.076976974558369875e+04
705.6335441691415,1.076861740557240228e+04
705.7077020144703,1.076861740557240228e+04
705.7818057106044,1.075594166544813379e+04
705.8559498827009,1.070639104496235268e+04
705.9301096345012,1.072713316516570376e+04
706.0042849709166,1.071100040500754221e+04
706.0784260421825,1.068219190472511218e+04
706.1525826869397,1.067066850461214017e+04
706.2267549100956,1.072598082515440547e+04
706.3008928304606,1.063955532430711537e+04
706.3750014111765,1.067066850461214017e+04
706.4491704615375,1.073289486522218976e+04
706.5233051714449,1.061420384405857658e+04
706.5974853991634,1.063609830427322413e+04
706.6716262730434,1.064070766431841184e+04
706.745737753195,1.057848130370836225e+04
706.8198897594285,1.062572724417154859e+04
706.8940323424436,1.059346172385522732e+04
706.9681405012132,1.056465322357279729e+04
707.0422891955021,1.063725064428452060e+04
707.1164534452462,1.059576640387782209e+04
707.19055823756,1.057387194366317453e+04
707.2647035748213,1.056234854355020252e+04
707.3388694645195,1.057963364371966054e+04
707.4129708410553,1.054045408333555497e+04
707.4871177773351,1.054391110336944621e+04
707.5612752521206,1.056695790359539023e+04
707.6353781699282,1.052201664315480048e+04
707.7095466962406,1.051049324304182846e+04
707.7836305801062,1.052547366318869172e+04
707.857775071609,1.045518092249956135e+04
707.9318899937977,1.051049324304182846e+04
708.0060455013667,1.047592304270291243e+04
708.080146353211,1.051395026307571970e+04
708.1543078510902,1.049205580286107215e+04
708.2283845678539,1.050127452295144940e+04
708.3025520377458,1.044365752238658933e+04
708.3766397017445,1.048859878282718091e+04
708.4508131326904,1.045402858248826487e+04
708.5249067170731,1.044480986239788763e+04
708.5989906956581,1.047592304270291243e+04
708.673160478897,1.046785666262383165e+04
708.7472503492967,1.039871626194599958e+04
708.8213557131089,1.044365752238658933e+04
708.8955017018351,1.043443880229621209e+04
708.9696129404151,1.038143116177654156e+04
709.0436944296144,1.042867710223972608e+04
709.1178618009762,1.043213412227361732e+04
709.1919440994113,1.037221244168616249e+04
709.266041878377,1.043674348231880685e+04
709.3401601743607,1.038258350178783803e+04
709.4143140934323,1.038834520184432404e+04
709.4884130457813,1.041484902210415930e+04
709.5625023052012,1.038719286183302756e+04
709.6366020041326,1.032496650122297797e+04
709.71069703359,1.036529840161838001e+04
709.7848579170291,1.036184138158448877e+04
709.8589587159314,1.033648990133594998e+04
709.9330497882937,1.035377500150540800e+04
710.0071361642808,1.038488818181043280e+04
710.0812329625695,1.031690012114389719e+04
710.1553452280508,1.030652906104222166e+04
710.2294275672397,1.031113842108741119e+04
710.3035203190468,1.034455628141503075e+04
710.3776335778801,1.030076736098573565e+04
710.4517320198205,1.025236908051125283e+04
710.5258257276931,1.023277930031920005e+04
710.599909644176,1.036068904157319048e+04
710.6740090111854,1.023854100037568787e+04
710.7480985754111,1.024315036042087559e+04
710.8222035892967,1.024315036042087559e+04
710.8962987889969,1.021779888017233679e+04
710.9704094374856,1.020627548005936478e+04
711.0444849811654,1.023277930031920005e+04
711.1186012467011,1.023393164033049834e+04
711.1926874434225,1.021664654016104032e+04
711.2667840197356,1.019590441995769106e+04
711.3408251965476,1.016940059969785398e+04
711.4149070955419,1.018322867983342076e+04
711.4890246751831,1.021549420014974203e+04
711.5631121310784,1.016018187960747673e+04
711.6372150180558,1.014865847949450472e+04
711.7112320343467,1.022240824021752633e+04
711.7853404449295,1.014404911944931519e+04
711.8594389533098,1.014520145946061348e+04
711.9335275484821,1.017631463976563828e+04
712.0075605935059,1.009910785900872543e+04
712.0816546727544,1.015326783953969425e+04
712.1557641746032,1.008182275883926741e+04
712.2297927223119,1.011293593914429221e+04
712.3038823260575,1.011293593914429221e+04
712.377992420552,1.011524061916688515e+04
712.4520164203059,1.005762361860202509e+04
712.5261268825731,1.005762361860202509e+04
712.6001562828156,1.012100231922337116e+04
712.6742518579922,1.004379553846645831e+04
712.7483628435643,1.006108063863591633e+04
712.8223876211747,1.008643211888445512e+04
712.8964785986809,1.002996745833089153e+04
712.9705138140855,1.007606105878278140e+04
713.0446101673241,9.985026197890301773e+03
713.1186507279195,9.998854278025868553e+03
713.19275244439,1.004494787847775660e+04
713.2667983376626,1.004379553846645831e+04
713.3408290765726,9.998854278025868553e+03
713.4149057221886,9.956217697607871742e+03
713.4889468476811,9.958522377630464689e+03
713.5630542605719,9.941237277461006670e+03
713.6370752139885,9.961979397664357748e+03
713.71111152602,9.948151317528790969e+03
713.7852141503761,9.923952177291548651e+03
713.8592557248019,1.000576831809365103e+04
713.93328717658,9.872096876783174594e+03
714.0073900636712,9.896296017020416912e+03
714.0814267494405,9.917038137223766171e+03
714.1554583900697,9.876706236828364126e+03
714.2295512937391,9.905514737110794158e+03
714.3035881409775,9.900905377065604625e+03
714.3776148223176,9.917038137223766171e+03
714.451651744311,9.817936896252205770e+03
714.5256835921462,9.884772616907444899e+03
714.5997818492889,9.839831356466853322e+03
714.6738188625989,9.876706236828364126e+03
714.7478712188952,9.839831356466853322e+03
714.8218929356141,9.838679016455556848e+03
714.8959248750398,9.822546256297395303e+03
714.9699721505816,9.829460296365177783e+03
715.044014315487,9.832917316399070842e+03
715.1180411339378,9.885924956918741373e+03
715.1920883966163,9.806413496139233757e+03
715.2661714596333,9.822546256297395303e+03
715.3402238179556,9.829460296365177783e+03
715.4142403295658,9.793737756014965271e+03
715.488267040557,9.815632216229611004e+03
715.5623141930947,9.809870516173124997e+03
715.6363510669913,9.764929255732535239e+03
715.7103315493897,9.776452655845507252e+03
715.784373440411,9.817936896252205770e+03
715.8584050299637,9.787976055958479265e+03
715.932426306901,9.769538615777722953e+03
716.0064680199878,9.799499456071451277e+03
716.080494283165,9.775300315834208959e+03
716.1545409835085,9.797194776048856511e+03
716.2285722201125,9.821393916286097010e+03
716.3025469314863,9.755710535642157993e+03
716.3765882447348,9.749948835585670167e+03
716.4506192011959,9.774147975822912485e+03
716.5246654600803,9.745339475540482454e+03
716.5987013504475,9.772995635811616012e+03
716.6726754991479,9.767233935755130005e+03
716.7467162946405,9.724597355337133195e+03
716.8207466986998,9.844440716512042854e+03
716.8947667001454,9.761472235698643999e+03
716.9687557260248,9.753405855619563226e+03
717.0427805919613,9.754558195630859700e+03
717.116825887731,9.740730115495292921e+03
717.1908093232216,9.782214355901993258e+03
717.2648286044712,9.755710535642157993e+03
717.3388168541977,9.763776915721236946e+03
717.4128461038251,9.754558195630859700e+03
717.4868906346427,9.745339475540482454e+03
717.5608474726536,9.733816075427510441e+03
717.6348968087937,9.759167555676049233e+03
717.7088584084709,9.762624575709940473e+03
717.7828867763504,9.746491815551778927e+03
717.8568840385082,9.743034795517887687e+03
717.9309171761972,9.731511395404915675e+03
718.0048882559898,9.706159915156376883e+03
718.0789313004857,9.756862875653454466e+03
718.1528864689565,9.771843295800317719e+03
718.2268775063203,9.725749695348429668e+03
718.300914749167,9.731511395404915675e+03
718.3748898482226,9.694636515043404870e+03
718.4489059941204,9.688874814986918864e+03
718.5228857662477,9.740730115495292921e+03
718.5968549564894,9.671589714817460845e+03
718.6708910267723,9.719987995291943662e+03
718.7448648651658,9.747644155563077220e+03
718.8188539335962,9.668132694783569605e+03
718.8928117241455,9.695788855054703163e+03
718.9668571028507,9.662370994727083598e+03
719.040845353585,9.703855235133782116e+03
719.1148178064504,9.715378635246754129e+03
719.1887847916446,9.642781214535030813e+03
719.2628187285492,9.671589714817460845e+03
719.3367851179871,9.716530975258052422e+03
719.4107718973806,9.661218654715785306e+03
719.4847480151196,9.645085894557625579e+03
719.55871345993,9.708464595178971649e+03
719.6326941140954,9.632410154433355274e+03
719.7066692631995,9.658913974693192358e+03
719.780706250103,9.666980354772271312e+03
719.8546807424774,9.648542914591516819e+03
719.9286497097812,9.681960774919136384e+03
720.0026286960333,9.657761634681894066e+03
720.0766021474149,9.627800794388167560e+03
720.1505856143327,9.687722474975622390e+03
720.2245376004026,9.595535274071844469e+03
720.298530717732,9.612820374241302488e+03
720.3725079039693,9.653152274636706352e+03
720.446479525475,9.616277394275195547e+03
720.5204403826414,9.643933554546327287e+03
720.5943696939084,9.604753994162223535e+03
720.6683349523433,9.586316553981467223e+03
720.7423153966341,9.580554853924981217e+03
720.816285052651,9.558660393710335484e+03
720.890249105901,9.601296974128330476e+03
720.9642231419422,9.618582074297790314e+03
721.0382175601698,9.584011873958872457e+03
721.1121179678518,9.574793153868495210e+03
721.1860907374653,9.616277394275195547e+03
721.2600786851124,9.565574433778117964e+03
721.334050596095,9.589773574015358463e+03
721.4079648215145,9.569031453812009204e+03
721.4819202230957,9.522937853360121153e+03
721.5559168215076,9.542527633552173938e+03
721.6298296575088,9.539070613518282698e+03
721.7038045147077,9.525242533382715919e+03
721.777768491748,9.533308913461796692e+03
721.8516746809869,9.518328493314931620e+03
721.9256689717006,9.499891053134177128e+03
721.9996263053706,9.502195733156771894e+03
722.0735518685187,9.482605952964719108e+03
722.1475134315792,9.488367653021205115e+03
722.221443203523,9.510262113235852667e+03
722.2954141996532,9.422684272377264278e+03
722.369322077151,9.475691912896936628e+03
722.4432972736668,9.469930212840448803e+03
722.5172093181159,9.410008532252995792e+03
722.5911887015628,9.463016172772666323e+03
722.665104899496,9.452645112670990784e+03
722.7390623388185,9.411160872264292266e+03
722.8129878959985,9.422684272377264278e+03
722.8869756086152,9.450340432648397837e+03
722.9608791618889,9.381200031970563941e+03
723.0347925998112,9.344325151609054956e+03
723.1087786701618,9.343172811597756663e+03
723.1826700550422,9.384657052004457000e+03
723.2565817737539,9.342020471586460189e+03
723.3305609227724,9.373133651891484988e+03
723.4044767103132,9.328192391450893410e+03
723.4783814349788,9.293622191111977372e+03
723.5523797909511,9.285555811032896599e+03
723.6262885587613,9.340868131575161897e+03
723.7001862401456,9.278641770965114119e+03
723.7741042546204,9.262509010806952574e+03
723.8480321309023,9.270575390886033347e+03
723.9220013141903,9.264813690829547340e+03
723.9959122328532,9.297079211145868612e+03
724.0698330025856,9.308602611258840625e+03
724.1437478932739,9.260204330784357808e+03
724.2176516517817,9.244071570626196262e+03
724.2915652506016,9.214110730332469757e+03
724.3654729499798,9.232548170513224250e+03
724.4393957341822,9.248680930671385795e+03
724.51330736185,9.272880070908628113e+03
724.587207821535,9.197977970174308211e+03
724.6611286098097,9.263661350818249048e+03
724.7350592296857,9.193368610129120498e+03
724.80895240124,9.177235849970958952e+03
724.882865897012,9.218720090377659290e+03
724.9567892135801,9.127685229485179661e+03
725.0307013255602,9.226786470456738243e+03
725.1046074792529,9.170321809903176472e+03
725.1785287017594,9.161103089812797407e+03
725.2524334382222,9.172626489925769420e+03
725.326358500832,9.131142249519070901e+03
725.4002723250796,9.168017129880581706e+03
725.4741222682113,9.131142249519070901e+03
725.5480398915687,9.109247789304423350e+03
725.6219462528422,9.143817989643339388e+03
725.6958676722687,9.109247789304423350e+03
725.769783084779,9.118466509394800596e+03
725.8436292602167,9.138056289586853381e+03
725.9175431603215,9.126532889473881369e+03
725.9914510329734,9.076982268988102078e+03
726.0653686850188,9.133446929541665668e+03
726.1392275716657,9.034345688570105267e+03
726.2131278556831,9.076982268988102078e+03
726.2870379081896,9.074677588965507312e+03
726.3608891425325,9.048173768705672046e+03
726.4348081680206,9.080439289021993318e+03
726.50866306773,9.058544828807347585e+03
726.5825857784921,8.979033368027839970e+03
726.6564232085193,9.047021428694373753e+03
726.730349586392,9.015908248389350774e+03
726.8042645953695,9.008994208321566475e+03
726.8781153887404,9.056240148784752819e+03
726.9520393221525,8.970966987948759197e+03
727.0258672943038,9.019365268423242014e+03
727.0997948515045,8.984795068084325976e+03
727.1736528398144,9.004384848276378762e+03
727.2475046789152,9.010146548332864768e+03
727.3214244199837,8.943310827677625639e+03
727.3952533686669,8.917959347429086847e+03
727.4691766890326,8.950224867745409938e+03
727.5430356383624,8.930635087553357153e+03
727.6168831154938,8.979033368027839970e+03
727.6907985389481,8.909892967350006074e+03
727.7646495352022,8.896064887214441114e+03
727.838494332822,8.899521907248332354e+03
727.9123488191613,8.877627447033684803e+03
727.986271291593,8.884541487101469102e+03
728.0601080662049,8.807334706344556253e+03
728.1339810274446,8.833838526604391518e+03
728.2078212555151,8.858037666841632017e+03
728.2817295008361,8.821162786480121213e+03
728.3555996998778,8.792354286197691181e+03
728.429453049297,8.823467466502715979e+03
728.5033054557948,8.732432605610236351e+03
728.577140989502,8.811944066389743966e+03
728.6509914915385,8.809639386367149200e+03
728.7248569664563,8.741651325700615416e+03
728.7987108614303,8.771612165994341922e+03
728.872558477417,8.728975585576345111e+03
728.9464688832253,8.696710065260023839e+03
729.0203145595359,8.715147505440778332e+03
729.0941805149681,8.670206245000188574e+03
729.1680295392798,8.665596884954999041e+03
729.2418722535059,8.687491345169646593e+03
729.3156767351837,8.643702424740351489e+03
729.3895227579071,8.679424965090565820e+03
729.4633837365335,8.672510925022781521e+03
729.5372330643772,8.588390104198086192e+03
729.6110920231105,8.581476064130303712e+03
729.6849499652391,8.583780744152896659e+03
729.7587909091665,8.611436904424030217e+03
729.832646799371,8.584933084164194952e+03
729.9064377258716,8.522706723554145356e+03
729.9802755476569,8.543448843757494615e+03
730.0541496290818,8.559581603915656160e+03
730.1279906863275,8.528468423610631362e+03
730.2018413503896,8.492745883260417031e+03
730.2756322932343,8.492745883260417031e+03
730.3494914925877,8.476613123102257305e+03
730.4233389576001,8.437433562718151734e+03
730.497121314011,8.369445502051616131e+03
730.5709933006522,8.415539102503504182e+03
730.6448321837362,8.386730602221074150e+03
730.7186379386568,8.398254002334046163e+03
730.7924799682986,8.349855721859563346e+03
730.8662835069548,8.324504241611026373e+03
730.940128667791,8.372902522085509190e+03
731.0139673771906,8.333722961701403619e+03
731.0877622124666,8.307219141441568354e+03
731.1616307539186,8.309523821464161301e+03
731.2354072830598,8.225403000639465972e+03
731.3092735761231,8.209270240481304427e+03
731.3830531589755,8.190832800300549934e+03
731.4569011330443,8.133215799735688961e+03
731.5307105078027,8.167786000074604999e+03
731.6044812553652,8.164328980040713759e+03
731.6783471861277,8.127454099679202955e+03
731.7521477148499,8.200051520390927180e+03
731.8259899112759,8.144739199848660974e+03
731.899766660658,8.105559639464556312e+03
731.9735636445379,8.073294119148234131e+03
732.0473701527895,8.058313699001370878e+03
732.1212183467612,8.065227739069154268e+03
732.195006386356,8.011067758538185444e+03
732.2688093011474,7.994934998380023899e+03
732.3426485486638,8.019134138617265307e+03
732.4164544099781,7.960364798041107861e+03
732.4902214949792,7.991477978346132659e+03
732.5640302732379,7.994934998380023899e+03
732.6378270896475,7.871634617171222999e+03
732.7116656191168,7.906204817510139037e+03
732.7854653361854,7.887767377329383635e+03
732.8592530670325,7.846283136922684207e+03
732.9330341718326,7.918880557634408433e+03
733.0068247610646,7.794427836414310150e+03
733.0806302100424,7.823236336696740182e+03
733.1544290226378,7.827845696741929714e+03
733.2282104378809,7.800189536470796156e+03
733.3020120820065,7.758705296064096729e+03
733.3758016923423,7.734506155826855320e+03
733.4495738776542,7.733353815815557937e+03
733.5233662868974,7.729896795781666697e+03
733.5971735461529,7.729896795781666697e+03
733.6709687462483,7.729896795781666697e+03
733.7447518754218,7.658451715081239854e+03
733.818549846392,7.628490874787512439e+03
733.8923357337387,7.620424494708431666e+03
733.9660610421337,7.630795554810107205e+03
734.039849657903,7.644623634945673075e+03
734.113653111708,7.608901094595459654e+03
734.1874498467755,7.558198134098382980e+03
734.2612290717857,7.574330894256543615e+03
734.3349476318791,7.581244934324327005e+03
734.4087618993168,7.499428793522225533e+03
734.4825316665394,7.531694313838546805e+03
734.5563216510071,7.489057733420549994e+03
734.6300724954872,7.461401573149417345e+03
734.7038651403906,7.438354772923473320e+03
734.7776456166251,7.452182853059040099e+03
734.8513869120628,7.445268812991256709e+03
734.9251700158896,7.380737772358613256e+03
734.99889230638,7.395718192505476509e+03
735.0727050353661,7.373823732290829867e+03
735.1464785471829,7.319663751759861043e+03
735.220218219237,7.369214372245640334e+03
735.2939943121419,7.343862891997102452e+03
735.367736543824,7.346167572019696308e+03
735.4415206118363,7.317359071737266277e+03
735.5152599796714,7.280484191375755472e+03
735.5890466014831,7.275874831330566849e+03
735.662766849309,7.273570151307972992e+03
735.7365830712438,7.217105490754409402e+03
735.8103058246913,7.266656111240189603e+03
735.8840433540496,7.202125070607546149e+03
735.957822745456,7.238999950969056044e+03
736.0315681756952,7.198668050573654000e+03
736.1052958754302,7.159488490189549339e+03
736.1790654451154,7.200972730596248766e+03
736.252801015933,7.149117430087873799e+03
736.326545937147,7.191754010505870610e+03
736.4003381699183,7.159488490189549339e+03
736.4740584115469,7.105328509658580515e+03
736.5477988397872,7.108785529692471755e+03
736.6215269056551,7.106480849669877898e+03
736.6952425972906,7.083434049443932963e+03
736.7690544685436,7.043102149048530919e+03
736.8427725447069,7.031578748935558906e+03
736.9165053742005,7.009684288720912264e+03
736.9902258037228,6.985485148483670855e+03
737.0639609845649,6.963590688269024213e+03
737.137689186275,6.969352388325510219e+03
737.2114267046566,6.938239208020485421e+03
737.2851517972983,6.967047708302915453e+03
737.358897074205,6.938239208020485421e+03
737.4326244765816,6.940543888043079278e+03
737.5063448675909,6.939391548031782804e+03
737.5800799995792,6.896754967613785993e+03
737.6538026703106,6.882926887478219214e+03
737.7275346375662,6.848356687139303176e+03
737.8012595719805,6.810329466766494988e+03
737.8749992432967,6.833376266992439014e+03
737.9487264275168,6.806872446732603748e+03
738.022468346593,6.793044366597036969e+03
738.0961977656417,6.756169486235526165e+03
738.169865632222,6.761931186292012171e+03
738.2435972558687,6.768845226359795561e+03
738.3173218057595,6.698552485670666101e+03
738.3910556298822,6.712380565806232880e+03
738.4647823694751,6.699704825681963484e+03
738.5384638351453,6.657068245263966674e+03
738.612192738524,6.659372925286561440e+03
738.685909081362,6.655915905252669290e+03
738.7595855634423,6.634021445038022648e+03
738.8332985789483,6.629412084992834025e+03
738.9070317658445,6.592537204631323220e+03
738.9807032179243,6.593689544642620604e+03
739.0544385201678,6.566033384371487045e+03
739.1281065918952,6.523396803953490235e+03
739.2018439933116,6.554509984258515033e+03
739.2755687822585,6.506111703784032215e+03
739.3492317494262,6.515330423874410371e+03
739.4229859424029,6.514178083863112988e+03
739.4966509491076,6.446190023196577386e+03
739.5703798618135,6.465779803388630171e+03
739.6440468874771,6.410467482846363964e+03
739.7177778366447,6.378201962530042692e+03
739.791446866122,6.401248762755986718e+03
739.8651032005454,6.362069202371881147e+03
739.9388289543585,6.375897282507447926e+03
740.0125146409633,6.342479422179829271e+03
740.086187618405,6.310213901863507090e+03
740.1599026583724,6.305604541818318467e+03
740.2335830692062,6.251444561287349643e+03
740.3072452674804,6.309061561852209707e+03
740.3809769441689,6.231854781095296858e+03
740.4546465508478,6.245682861230863637e+03
740.5283253357537,6.215722020937136222e+03
740.6019968452496,6.178847140575625417e+03
740.6757323886792,6.189218200677300047e+03
740.7493783611862,6.150038640293195385e+03
740.8230664214437,6.105097379852604718e+03
740.8967416974003,6.090116959705740555e+03
740.9704041770528,6.097030999773523945e+03
741.0440813057113,6.072831859536282536e+03
741.1177456249695,6.035956979174771732e+03
741.1914740338814,5.996777418790667070e+03
741.265145682029,6.031347619129583109e+03
741.3387990020083,5.979492318621209051e+03
741.4124669600711,5.967968918508237039e+03
741.4861550585991,5.952988498361372876e+03
741.5598248114671,5.942617438259698247e+03
741.6334872037764,5.963359558463047506e+03
741.7070817125386,5.893066817773918046e+03
741.7807678621677,5.926484678101537611e+03
741.8544191228816,5.909199577932078682e+03
741.9281125335501,5.842363857276841372e+03
742.0017600242695,5.848125557333327379e+03
742.0754276444354,5.841211517265543989e+03
742.1491098938311,5.836602157220355366e+03
742.2227792320809,5.795117916813655938e+03
742.2963860567804,5.765157076519928523e+03
742.3700570824167,5.749024316361766978e+03
742.4437151716932,5.767461756542522380e+03
742.5173878791576,5.776680476632900536e+03
742.5909980073593,5.728282196158417719e+03
742.6646723713906,5.693711995819501681e+03
742.7383392893086,5.697169015853392921e+03
742.8119656461523,5.671817535604854129e+03
742.8856286765096,5.668360515570962889e+03
742.9592842387771,5.631485635209452084e+03
743.0328991982909,5.602677134927022053e+03
743.1065563576633,5.624571595141668695e+03
743.1801728901319,5.596915434870536046e+03
743.2538592524501,5.573868634644592021e+03
743.3274497210764,5.571563954621997254e+03
743.4011100282263,5.520860994124920580e+03
743.4747296601421,5.551974174429944469e+03
743.5483970465806,5.553126514441241852e+03
743.6220182060574,5.522013334136217054e+03
743.6956816000841,5.489747813819895782e+03
743.7692821427946,5.456329953492276218e+03
743.8429470520473,5.473615053661735146e+03
743.916576747615,5.448263573413196355e+03
743.990165669035,5.458634633514870984e+03
744.0638466591978,5.443654213368007731e+03
744.1374370340701,5.406779333006496927e+03
744.2110696595498,5.412541033062982933e+03
744.284716858413,5.381427852757958135e+03
744.3583232280512,5.374513812690174746e+03
744.4319496995879,5.371056792656283505e+03
744.5055574804348,5.345705312407744714e+03
744.5791520991629,5.331877232272177935e+03
744.6528444452033,5.301916391978450520e+03
744.7264460022811,5.350314672452933337e+03
744.8000565630955,5.311135112068828676e+03
744.8736594835683,5.273107891696020488e+03
744.9472714032472,5.274260231707317871e+03
745.0208756714717,5.285783631820289884e+03
745.094494486024,5.245451731424887839e+03
745.168100087441,5.238537691357104450e+03
745.2416924635781,5.265041511616940625e+03
745.3152993770332,5.231623651289321060e+03
745.3889152760675,5.235080671323213210e+03
745.4625290474098,5.216643231142457807e+03
745.5361240107667,5.193596430916513782e+03
745.609733506721,5.170549630690568847e+03
745.6833575395775,5.192444090905216399e+03
745.7569683059694,5.133674750329058952e+03
745.8305713563644,5.145198150442030965e+03
745.9041833730809,5.130217730295166803e+03
745.9777876626403,5.107170930069222777e+03
746.0514009139459,5.142893470419436198e+03
746.1249507566789,5.077210089775495362e+03
746.1985429433485,5.053010949538253954e+03
746.2721496486159,5.094495189944953381e+03
746.3457708767787,5.067991369685118116e+03
746.4193230608547,5.044944569459173181e+03
746.4929176060401,5.057620309583442577e+03
746.5665266650274,5.017288409188040532e+03
746.640066621393,5.006917349086365903e+03
746.7136768253059,5.017288409188040532e+03
746.7873015449047,4.990784588928205267e+03
746.8608348022583,4.964280768668369092e+03
746.934460649653,5.004612669063771136e+03
747.0080507927156,4.959671408623180469e+03
747.0815940434294,4.980413528826529728e+03
747.1552131827909,4.975804168781341104e+03
747.2287630801482,4.910120788137400268e+03
747.3023777208953,4.945843328487613690e+03
747.3759007391845,4.927405888306858287e+03
747.4495220280663,4.877855267821078996e+03
747.5230740040879,4.903206748069616879e+03
747.5966125121065,4.900902068047023022e+03
747.6702213915038,4.850199107549945438e+03
747.7437608993716,4.873245907775889464e+03
747.8173763904779,4.851351447561242821e+03
747.8909168833824,4.849046767538648055e+03
747.9644718416794,4.853656127583837588e+03
748.0380188872018,4.809867207154543394e+03
748.111630768237,4.819085927244920640e+03
748.1851787691317,4.790277426962490608e+03
748.2587356337701,4.776449346826924739e+03
748.3322845630789,4.775297006815627356e+03
748.405875958131,4.770687646770437823e+03
748.4794258064913,4.749945526567088564e+03
748.5529901125466,4.740726806476711317e+03
748.626540858474,4.763773606702655343e+03
748.7000780320159,4.688871505968336351e+03
748.7736296540094,4.699242566070010980e+03
748.8471676901079,4.696937886047417123e+03
748.920776260387,4.723441706307252389e+03
748.994315154041,4.692328526002228500e+03
749.0678741021718,4.641625565505150917e+03
749.1414138274398,4.679652785877959104e+03
749.2149736068789,4.635863865448664910e+03
749.2885141477188,4.657758325663311552e+03
749.362046665244,4.631254505403476287e+03
749.4355374512597,4.602446005121046255e+03
749.5090988297237,4.589770264996776859e+03
749.5826465568359,4.570180484804724074e+03
749.656175000463,4.612817065222720885e+03
749.7297234916311,4.565571124759535451e+03
749.803286415846,4.544829004556185282e+03
749.8768356615918,4.559809424703049444e+03
749.9503205982728,4.524086884352836023e+03
750.0238705670453,4.543676664544888808e+03
750.0974068314757,4.519477524307647400e+03
750.170963144645,4.488364344002622602e+03
750.2444438267519,4.446880103595923174e+03
750.318000832892,4.469926903821867199e+03
750.3915384788514,4.463012863754083810e+03
750.4650398530696,4.454946483675003037e+03
750.5385837931271,4.420376283336086999e+03
750.6121083437756,4.414614583279600993e+03
750.6855965835151,4.410005223234412369e+03
750.7591555782365,4.416919263302195759e+03
750.8326444278694,4.389263103031062201e+03
750.9061758589805,4.375435022895496331e+03
750.9796652967866,4.346626522613066300e+03
751.053225528571,4.375435022895496331e+03
751.1267211857668,4.355845242703443546e+03
751.2002538005404,4.325884402409716131e+03
751.2737443726544,4.335103122500094287e+03
751.347283196831,4.289009522048205326e+03
751.4207743095347,4.275181441912639457e+03
751.4942572105898,4.274029101901342074e+03
751.567805321994,4.264810381810963918e+03
751.641288735935,4.239458901562426036e+03
751.7147865207419,4.265962721822261301e+03
751.7883269399143,4.245220601618912042e+03
751.8618252198199,4.219869121370373250e+03
751.9353096018531,4.210650401279995094e+03
752.0087800736492,4.199127001167023082e+03
752.082349748397,4.218716781359075867e+03
752.1558206716313,4.182994241008862446e+03
752.2293059510168,4.156490420749027180e+03
752.3028112503567,4.170318500884593050e+03
752.3762686487676,4.106939800263246980e+03
752.4497687028702,4.143814680624757784e+03
752.5232604672466,4.119615540387516376e+03
752.5967892449822,4.113853840331030369e+03
752.6702814069297,4.098873420184166207e+03
752.74378792351,4.091959380116383272e+03
752.8172521255437,4.067760239879141864e+03
752.890753342267,4.083893000037302500e+03
752.9642462347487,4.047018119675792150e+03
753.0377251232514,4.049322799698386461e+03
753.111218354199,4.058541519788764163e+03
753.1846408387155,4.050475139709683845e+03
753.2581116847355,4.070064919901736175e+03
753.331591190779,4.005533879269092722e+03
753.4050850339123,3.992858139144823326e+03
753.4785648318334,4.015904939370767352e+03
753.552064642568,3.984791759065743008e+03
753.6254879218887,3.943307518659043581e+03
753.698987997613,3.946764538692934821e+03
753.7724683210844,3.935241138579962808e+03
753.845940242228,3.942155178647746197e+03
753.9193696482735,3.936393478591260191e+03
753.9928702112186,3.924870078478288178e+03
754.0663566760842,3.912194338354018782e+03
754.1397721577508,3.902975618263641081e+03
754.2132588199502,3.904127958274938464e+03
754.286731357841,3.911041998342721399e+03
754.3601613060175,3.874167117981211049e+03
754.433662469434,3.876471798003805361e+03
754.5070697940439,3.859186697834347342e+03
754.580571120139,3.875319457992507978e+03
754.6540013426822,3.858034357823049959e+03
754.7274800348059,3.839596917642294557e+03
754.8009103674891,3.825768837506728232e+03
754.8743891803196,3.818854797438944843e+03
754.9478196065738,3.825768837506728232e+03
755.0212985235391,3.810788417359864525e+03
755.0947347284628,3.798112677235595129e+03
755.1681567061893,3.792350977179109123e+03
755.2416500027333,3.775065877009651103e+03
755.3150720303312,3.743952696704626760e+03
755.3884798044081,3.758933116851490468e+03
755.4619874570354,3.741648016682031994e+03
755.535395250506,3.730124616569059981e+03
755.6088173113466,3.730124616569059981e+03
755.6822593542736,3.705925476331818572e+03
755.7557385217809,3.690945056184954865e+03
755.8291520013627,3.730124616569059981e+03
755.9025740310907,3.702468456297926878e+03
755.9760160417866,3.718601216456087968e+03
756.0494380281855,3.739343336659437682e+03
756.122851408895,3.710534836377007650e+03
756.196279048058,3.694402076218846560e+03
756.2697209498288,3.666745915947713456e+03
756.3431485156143,3.679421656071982852e+03
756.4166132278519,3.665593575936416528e+03
756.490046430767,3.685183356128468859e+03
756.563402310791,3.641394435699175119e+03
756.6368296685728,3.667898255959010839e+03
756.710271280547,3.640242095687877736e+03
756.7836985147853,3.636785075653986496e+03
756.8571170870929,3.631023375597500035e+03
756.9305441765948,3.617195295461933711e+03
757.0039625924522,3.605671895348961698e+03
757.0773895204559,3.595300835247286614e+03
757.1508077630942,3.579168075089125978e+03
757.2241829078598,3.557273614874478881e+03
757.2975952154935,3.568797014987450893e+03
757.3710274951507,3.545750214761506868e+03
757.4444453309834,3.567644674976153965e+03
757.5178200187852,3.552664254829290257e+03
757.5912376210018,3.534226814648534855e+03
757.664669455667,3.537683834682426550e+03
757.7380294018718,3.530769794614643160e+03
757.8114609832415,3.501961294332213129e+03
757.884883822762,3.515789374467779453e+03
757.9582576961611,3.511180014422590830e+03
758.0316745087733,3.498504274298321434e+03
758.1050538201592,3.496199594275727122e+03
758.1784703328954,3.478914494106268648e+03
758.2518205742088,3.465086413970702324e+03
758.3252712680576,3.457020033891622006e+03
758.3986211596865,3.442039613744758299e+03
758.4720370175761,3.433973233665677981e+03
758.545415305501,3.416688133496219507e+03
758.6187790176235,3.418992813518814273e+03
758.692185702744,3.401707713349355799e+03
758.7655490229096,3.389031973225086858e+03
758.8389841161411,3.385574953191195164e+03
758.9123470329839,3.385574953191195164e+03
758.985729896929,3.401707713349355799e+03
759.0590923834825,3.361375812953953755e+03
759.1324978677417,3.384422613179897780e+03
759.2058656754364,3.385574953191195164e+03
759.2792419009955,3.374051553078223151e+03
759.3526092466964,3.367137513010439761e+03
759.4259619360007,3.322196252569848639e+03
759.4993807137987,3.330262632648928957e+03
759.5727617631621,3.332567312671523723e+03
759.6461281405926,3.302606472377796308e+03
759.7194798334775,3.322196252569848639e+03
759.79284569346,3.286473712219635217e+03
759.8662199506782,3.281864352174446594e+03
759.9395910557283,3.277254992129257516e+03
760.0129416740881,3.247294151835530101e+03
760.0863064536592,3.263426911993691192e+03
760.1596565064068,3.278407332140554900e+03
760.2330264969562,3.248446491846827485e+03
760.3064048714377,3.251903511880719179e+03
760.3797685035091,3.196591191338452973e+03
760.4531231634235,3.211571611485316680e+03
760.5264341378603,3.251903511880719179e+03
760.5997823891312,3.225399691620883459e+03
760.6731505760081,3.191981831293264349e+03
760.7465329185825,3.212723951496614063e+03
760.8198946901349,3.196591191338452973e+03
760.893195347572,3.166630351044725558e+03
760.9665564561759,3.198895871361047284e+03
761.039908545017,3.155106950931753545e+03
761.1132805694576,3.143583550818781532e+03
761.186574038077,3.138974190773592909e+03
761.2599395757078,3.141278870796187221e+03
761.3332612942629,3.140126530784889837e+03
761.4066319227295,3.121689090604134435e+03
761.4799819030882,3.111318030502459806e+03
761.5532938204132,3.106708670457270728e+03
761.6266430583955,3.094032930333001786e+03
761.6999542102297,3.077900170174840696e+03
761.7733026886444,3.067529110073166066e+03
761.8466130577877,3.079052510186138079e+03
761.9199955907541,3.044482309847221586e+03
761.9932761350078,3.059462729994085294e+03
762.0665998139598,3.031806569722952645e+03
762.1399666484456,3.037568269779438651e+03
762.2132604654904,3.037568269779438651e+03
762.2866264890819,3.016826149576088937e+03
762.3599194586624,3.032958909734249573e+03
762.4332265236651,3.013369129542197243e+03
762.5065244315081,2.993779349350144457e+03
762.5798887714861,3.006455089474413853e+03
762.653209066283,2.978798929203280750e+03
762.726491103933,2.961513829033822731e+03
762.7998163192037,2.952295108943445030e+03
762.8731789131846,2.952295108943445030e+03
762.9464741276457,2.941924048841770400e+03
763.0197834275534,2.958056808999931036e+03
763.0930777014148,2.931552988740095316e+03
763.1663802334256,2.918877248615825920e+03
763.2396735482423,2.932705328751392699e+03
763.312980942364,2.920029588627123303e+03
763.3863024198473,2.892373428355990200e+03
763.4595855263992,2.917724908604528991e+03
763.5329060235777,2.887764068310801576e+03
763.6062114503713,2.880850028243018187e+03
763.6795017940418,2.884307048276909882e+03
763.7528120409493,2.883154708265612499e+03
763.8261013583818,2.877393008209126492e+03
763.8994105781957,2.855498547994479850e+03
763.9727280347157,2.852041527960588155e+03
764.0459486507003,2.864717268084857551e+03
764.1192708849686,2.869326628130046174e+03
764.1925721540134,2.839365787836318759e+03
764.265864123763,2.839365787836318759e+03
764.339170153393,2.797881547429619332e+03
764.4124025979912,2.779444107248863929e+03
764.4857075207827,2.803643247486105338e+03
764.5590265043799,2.792119847373133325e+03
764.6322718534416,2.788662827339241630e+03
764.7055663242454,2.800186227452213643e+03
764.7788689989354,2.775987087214972235e+03
764.8520979783581,2.754092627000325592e+03
764.9254053449329,2.793272187384430708e+03
764.9986623906358,2.749483266955136514e+03
765.0719685894694,2.740264546864758813e+03
765.1451951672625,2.734502846808272807e+03
765.2185001752471,2.743721566898650508e+03
765.2917606634498,2.740264546864758813e+03
765.3650586119669,2.712608386593626165e+03
765.438288577042,2.705694346525842775e+03
765.5115911575078,2.722979446695300794e+03
765.5848491670143,2.701084986480654152e+03
765.6580918875516,2.697627966446762457e+03
765.7313779407682,2.695323286424167691e+03
765.8046193790093,2.695323286424167691e+03
765.8778806952203,2.703389666503248463e+03
765.9511794972256,2.688409246356384756e+03
766.0244043117671,2.687256906345087373e+03
766.0976489972652,2.676885846243412743e+03
766.1709018207467,2.667667126153035042e+03
766.2441451689594,2.661905426096549036e+03
766.31745537396,2.687256906345087373e+03
766.3906973785047,2.671124146186926737e+03
766.4639240114803,2.642315645904496250e+03
766.5371587632285,2.654991386028765646e+03
766.610413388223,2.644620325927090562e+03
766.6836526256157,2.635401605836713316e+03
766.7569058583788,2.645772665938387945e+03
766.8301436890999,2.645772665938387945e+03
766.9033661049401,2.622725865712443920e+03
766.9766319183701,2.608897785576877141e+03
767.049858779082,2.599679065486499894e+03
767.1230937389751,2.600831405497796823e+03
767.196342684586,2.607745445565580212e+03
767.2695820718163,2.587003325362230498e+03
767.3427706741372,2.583546305328338804e+03
767.4160085761127,2.585850985350933115e+03
767.4892545691928,2.589308005384824810e+03
767.5624909794419,2.569718225192772479e+03
767.6357413679548,2.575479925249258486e+03
767.7089173321764,2.550128445000719694e+03
767.7821603029794,2.548976104989422765e+03
767.8553936664732,2.561651845113691707e+03
767.928641001735,2.519015264695695350e+03
768.001843330076,2.532843344831261675e+03
768.0750596156819,2.505187184560128571e+03
768.1482662604737,2.519015264695695350e+03
768.2215104680862,2.499425484503642565e+03
768.2947391311019,2.501730164526236877e+03
768.3679227171707,2.497120804481048253e+03
768.441155676817,2.514405904650506272e+03
768.5143376298478,2.513253564639209344e+03
768.5875985030231,2.492511444435859630e+03
768.6607551772538,2.487902084390670552e+03
768.7340085126597,2.493663784447156559e+03
768.8071930624363,2.482140384334184546e+03
768.8803619892306,2.470616984221212533e+03
768.9535980606818,2.463702944153429144e+03
769.0267948587721,2.484445064356778857e+03
769.0999760176759,2.486749744379373169e+03
769.1732302685929,2.464855284164726527e+03
769.2464097142773,2.468312304198618222e+03
769.3195794118245,2.438351463904890807e+03
769.3928163071785,2.459093584108240520e+03
769.4660079399233,2.452179544040457131e+03
769.5391838897698,2.460245924119537449e+03
769.6123796819868,2.431437423837107417e+03
769.6855538548153,2.437199123893593423e+03
769.7587182425186,2.440656143927485118e+03
769.8319202468393,2.422218703746729716e+03
769.9051421026546,2.432589763848404800e+03
769.97834824532,2.414152323667649398e+03
770.0515030831361,2.401476583543380002e+03
770.1247074085248,2.400324243532082619e+03
770.1978663329771,2.381886803351327671e+03
770.2710688242653,2.395714883486893996e+03
770.3442258887268,2.378429783317435977e+03
770.4173671736539,2.387648503407813678e+03
770.4905282854356,2.373820423272246899e+03
770.5637270444658,2.365754043193166581e+03
770.6369100189285,2.369211063227058276e+03
770.7100771958651,2.349621283035005490e+03
770.7832642087253,2.336945542910736549e+03
770.856459180459,2.348468943023708562e+03
770.9295551317979,2.333488522876844854e+03
771.0027481693259,2.319660442741278530e+03
771.0759313239301,2.325422142797764536e+03
771.1490926926053,2.330031502842953159e+03
771.2222144154819,2.333488522876844854e+03
771.2954094963922,2.327726822820358848e+03
771.368588721728,2.312746402673495140e+03
771.4417223223901,2.294308962492739738e+03
771.5148995537488,2.288547262436253732e+03
771.5880013670636,2.283937902391065109e+03
771.6612063537742,2.280480882357173414e+03
771.734306117772,2.263195782187714940e+03
771.8074852581613,2.266652802221606635e+03
771.8806127402132,2.252824722086040310e+03
771.953783876625,2.242453661984365226e+03
772.0269152446992,2.258586422142526317e+03
772.1000843158894,2.229777921860096285e+03
772.1732135949969,2.250520042063445999e+03
772.2463209463975,2.227473241837501519e+03
772.3195077548475,2.243606001995662609e+03
