X,Y
5.340051300000000083e+02,3.172000000000000000e+03
5.340808100000000422e+02,3.175000000000000000e+03
5.341564899999999625e+02,3.190000000000000000e+03
5.342322400000000471e+02,3.191000000000000000e+03
5.343079199999999673e+02,3.173000000000000000e+03
5.343836099999999760e+02,3.182000000000000000e+03
5.344592900000000100e+02,3.192000000000000000e+03
5.345349700000000439e+02,3.204000000000000000e+03
5.346106600000000526e+02,3.196000000000000000e+03
5.346863399999999729e+02,3.206000000000000000e+03
5.347620200000000068e+02,3.214000000000000000e+03
5.348377100000000155e+02,3.229000000000000000e+03
5.349134500000000116e+02,3.247000000000000000e+03
5.349891400000000203e+02,3.260000000000000000e+03
5.350648200000000543e+02,3.287000000000000000e+03
5.351404999999999745e+02,3.283000000000000000e+03
5.352161899999999832e+02,3.288000000000000000e+03
5.352918700000000172e+02,3.315000000000000000e+03
5.353675500000000511e+02,3.314000000000000000e+03
5.354432399999999461e+02,3.303000000000000000e+03
5.355189199999999801e+02,3.291000000000000000e+03
5.355946000000000140e+02,3.336000000000000000e+03
5.356702900000000227e+02,3.314000000000000000e+03
5.357459700000000566e+02,3.317000000000000000e+03
5.358216599999999517e+02,3.353000000000000000e+03
5.358973399999999856e+02,3.339000000000000000e+03
5.359730200000000195e+02,3.354000000000000000e+03
5.360487100000000282e+02,3.349000000000000000e+03
5.361243899999999485e+02,3.356000000000000000e+03
5.362000699999999824e+02,3.369000000000000000e+03
5.362757599999999911e+02,3.349000000000000000e+03
5.363514400000000251e+02,3.393000000000000000e+03
5.364271199999999453e+02,3.368000000000000000e+03
5.365028099999999540e+02,3.375000000000000000e+03
5.365784899999999880e+02,3.365000000000000000e+03
5.366541700000000219e+02,3.399000000000000000e+03
5.367298600000000306e+02,3.408000000000000000e+03
5.368055399999999509e+02,3.377000000000000000e+03
5.368812299999999595e+02,3.425000000000000000e+03
5.369569099999999935e+02,3.415000000000000000e+03
5.370325900000000274e+02,3.437000000000000000e+03
5.371082800000000361e+02,3.428000000000000000e+03
5.371839599999999564e+02,3.435000000000000000e+03
5.372596399999999903e+02,3.461000000000000000e+03
5.373353299999999990e+02,3.456000000000000000e+03
5.374110100000000330e+02,3.486000000000000000e+03
5.374866299999999910e+02,3.466000000000000000e+03
5.375623199999999997e+02,3.474000000000000000e+03
5.376380000000000337e+02,3.474000000000000000e+03
5.377136799999999539e+02,3.511000000000000000e+03
5.377893699999999626e+02,3.524000000000000000e+03
5.378650499999999965e+02,3.514000000000000000e+03
5.379407300000000305e+02,3.518000000000000000e+03
5.380164200000000392e+02,3.496000000000000000e+03
5.380920399999999972e+02,3.515000000000000000e+03
5.381677200000000312e+02,3.507000000000000000e+03
5.382434100000000399e+02,3.530000000000000000e+03
5.383190899999999601e+02,3.529000000000000000e+03
5.383947799999999688e+02,3.549000000000000000e+03
5.384704600000000028e+02,3.529000000000000000e+03
5.385461400000000367e+02,3.535000000000000000e+03
5.386217699999999695e+02,3.551000000000000000e+03
5.386974500000000035e+02,3.562000000000000000e+03
5.387731300000000374e+02,3.589000000000000000e+03
5.388488200000000461e+02,3.590000000000000000e+03
5.389244999999999663e+02,3.575000000000000000e+03
5.390001200000000381e+02,3.571000000000000000e+03
5.390758100000000468e+02,3.583000000000000000e+03
5.391514899999999670e+02,3.621000000000000000e+03
5.392271700000000010e+02,3.621000000000000000e+03
5.393028000000000475e+02,3.614000000000000000e+03
5.393784799999999677e+02,3.630000000000000000e+03
5.394541600000000017e+02,3.647000000000000000e+03
5.395298500000000104e+02,3.643000000000000000e+03
5.396054699999999684e+02,3.631000000000000000e+03
5.396811500000000024e+02,3.622000000000000000e+03
5.397568400000000111e+02,3.657000000000000000e+03
5.398325200000000450e+02,3.656000000000000000e+03
5.399081400000000031e+02,3.653000000000000000e+03
5.399838300000000118e+02,3.667000000000000000e+03
5.400595100000000457e+02,3.676000000000000000e+03
5.401351300000000037e+02,3.692000000000000000e+03
5.402108200000000124e+02,3.660000000000000000e+03
5.402865000000000464e+02,3.695000000000000000e+03
5.403621200000000044e+02,3.695000000000000000e+03
5.404378100000000131e+02,3.697000000000000000e+03
5.405134900000000471e+02,3.684000000000000000e+03
5.405891100000000051e+02,3.708000000000000000e+03
5.406647900000000391e+02,3.713000000000000000e+03
5.407404800000000478e+02,3.720000000000000000e+03
5.408161000000000058e+02,3.736000000000000000e+03
5.408917800000000398e+02,3.729000000000000000e+03
5.409674700000000485e+02,3.760000000000000000e+03
5.410430900000000065e+02,3.711000000000000000e+03
5.411187700000000405e+02,3.735000000000000000e+03
5.411944600000000491e+02,3.733000000000000000e+03
5.412700800000000072e+02,3.774000000000000000e+03
5.413457600000000411e+02,3.776000000000000000e+03
5.414213899999999740e+02,3.801000000000000000e+03
5.414970700000000079e+02,3.776000000000000000e+03
5.415727500000000418e+02,3.801000000000000000e+03
5.416483799999999746e+02,3.802000000000000000e+03
5.417240600000000086e+02,3.792000000000000000e+03
5.417996799999999666e+02,3.838000000000000000e+03
5.418753699999999753e+02,3.837000000000000000e+03
5.419509900000000471e+02,3.837000000000000000e+03
5.420266699999999673e+02,3.865000000000000000e+03
5.421022900000000391e+02,3.842000000000000000e+03
5.421779800000000478e+02,3.836000000000000000e+03
5.422536000000000058e+02,3.878000000000000000e+03
5.423292800000000398e+02,3.878000000000000000e+03
5.424049099999999726e+02,3.887000000000000000e+03
5.424805900000000065e+02,3.899000000000000000e+03
5.425562099999999646e+02,3.917000000000000000e+03
5.426318999999999733e+02,3.926000000000000000e+03
5.427075200000000450e+02,3.910000000000000000e+03
5.427831999999999653e+02,3.916000000000000000e+03
5.428588300000000118e+02,3.966000000000000000e+03
5.429345100000000457e+02,3.933000000000000000e+03
5.430101300000000037e+02,3.949000000000000000e+03
5.430858200000000124e+02,3.955000000000000000e+03
5.431614399999999705e+02,3.948000000000000000e+03
5.432371200000000044e+02,3.973000000000000000e+03
5.433127399999999625e+02,3.963000000000000000e+03
5.433884299999999712e+02,3.988000000000000000e+03
5.434640500000000429e+02,3.985000000000000000e+03
5.435396700000000010e+02,3.979000000000000000e+03
5.436153600000000097e+02,4.005000000000000000e+03
5.436909799999999677e+02,4.001000000000000000e+03
5.437666600000000017e+02,4.015000000000000000e+03
5.438422900000000482e+02,4.006000000000000000e+03
5.439179100000000062e+02,4.033000000000000000e+03
5.439935900000000402e+02,3.993000000000000000e+03
5.440692099999999982e+02,4.041000000000000000e+03
5.441448400000000447e+02,4.031000000000000000e+03
5.442205199999999650e+02,4.047000000000000000e+03
5.442961400000000367e+02,4.055000000000000000e+03
5.443718300000000454e+02,4.064000000000000000e+03
5.444474500000000035e+02,4.064000000000000000e+03
5.445230699999999615e+02,4.081000000000000000e+03
5.445987499999999955e+02,4.084000000000000000e+03
5.446743800000000419e+02,4.079000000000000000e+03
5.447500000000000000e+02,4.060000000000000000e+03
5.448256199999999581e+02,4.117000000000000000e+03
5.449013099999999667e+02,4.128000000000000000e+03
5.449769300000000385e+02,4.114000000000000000e+03
5.450525499999999965e+02,4.177000000000000000e+03
5.451282300000000305e+02,4.128000000000000000e+03
5.452038599999999633e+02,4.162000000000000000e+03
5.452794800000000350e+02,4.189000000000000000e+03
5.453550999999999931e+02,4.173000000000000000e+03
5.454307900000000018e+02,4.195000000000000000e+03
5.455064099999999598e+02,4.198000000000000000e+03
5.455820300000000316e+02,4.213000000000000000e+03
5.456576499999999896e+02,4.225000000000000000e+03
5.457333399999999983e+02,4.218000000000000000e+03
5.458089599999999564e+02,4.225000000000000000e+03
5.458845800000000281e+02,4.233000000000000000e+03
5.459602099999999609e+02,4.262000000000000000e+03
5.460358300000000327e+02,4.282000000000000000e+03
5.461115099999999529e+02,4.289000000000000000e+03
5.461871300000000247e+02,4.281000000000000000e+03
5.462627599999999575e+02,4.259000000000000000e+03
5.463383800000000292e+02,4.273000000000000000e+03
5.464139999999999873e+02,4.308000000000000000e+03
5.464896199999999453e+02,4.304000000000000000e+03
5.465653099999999540e+02,4.281000000000000000e+03
5.466409300000000258e+02,4.320000000000000000e+03
5.467165499999999838e+02,4.330000000000000000e+03
5.467921800000000303e+02,4.322000000000000000e+03
5.468677999999999884e+02,4.341000000000000000e+03
5.469434199999999464e+02,4.352000000000000000e+03
5.470190400000000182e+02,4.354000000000000000e+03
5.470946699999999510e+02,4.375000000000000000e+03
5.471703499999999849e+02,4.349000000000000000e+03
5.472459700000000566e+02,4.368000000000000000e+03
5.473215900000000147e+02,4.375000000000000000e+03
5.473972199999999475e+02,4.382000000000000000e+03
5.474728400000000192e+02,4.393000000000000000e+03
5.475484599999999773e+02,4.381000000000000000e+03
5.476240800000000490e+02,4.370000000000000000e+03
5.476997099999999818e+02,4.389000000000000000e+03
5.477753300000000536e+02,4.385000000000000000e+03
5.478509500000000116e+02,4.418000000000000000e+03
5.479265699999999697e+02,4.414000000000000000e+03
5.480022000000000162e+02,4.441000000000000000e+03
5.480778199999999742e+02,4.428000000000000000e+03
5.481534400000000460e+02,4.450000000000000000e+03
5.482290600000000040e+02,4.435000000000000000e+03
5.483046900000000505e+02,4.450000000000000000e+03
5.483803100000000086e+02,4.441000000000000000e+03
5.484559299999999666e+02,4.455000000000000000e+03
5.485315600000000131e+02,4.450000000000000000e+03
5.486071799999999712e+02,4.481000000000000000e+03
5.486828000000000429e+02,4.469000000000000000e+03
5.487584200000000010e+02,4.476000000000000000e+03
5.488340500000000475e+02,4.498000000000000000e+03
5.489096700000000055e+02,4.457000000000000000e+03
5.489852899999999636e+02,4.481000000000000000e+03
5.490609100000000353e+02,4.505000000000000000e+03
5.491364700000000312e+02,4.502000000000000000e+03
5.492120999999999640e+02,4.522000000000000000e+03
5.492877200000000357e+02,4.497000000000000000e+03
5.493633399999999938e+02,4.558000000000000000e+03
5.494389599999999518e+02,4.541000000000000000e+03
5.495145899999999983e+02,4.549000000000000000e+03
5.495902099999999564e+02,4.578000000000000000e+03
5.496658300000000281e+02,4.580000000000000000e+03
5.497413900000000240e+02,4.589000000000000000e+03
5.498170199999999568e+02,4.567000000000000000e+03
5.498926400000000285e+02,4.587000000000000000e+03
5.499682599999999866e+02,4.612000000000000000e+03
5.500438799999999446e+02,4.620000000000000000e+03
5.501195099999999911e+02,4.603000000000000000e+03
5.501950699999999870e+02,4.623000000000000000e+03
5.502706899999999450e+02,4.648000000000000000e+03
5.503463100000000168e+02,4.650000000000000000e+03
5.504219399999999496e+02,4.644000000000000000e+03
5.504975600000000213e+02,4.647000000000000000e+03
5.505731200000000172e+02,4.663000000000000000e+03
5.506487399999999752e+02,4.705000000000000000e+03
5.507243700000000217e+02,4.671000000000000000e+03
5.507999899999999798e+02,4.720000000000000000e+03
5.508755499999999756e+02,4.690000000000000000e+03
5.509511700000000474e+02,4.719000000000000000e+03
5.510267900000000054e+02,4.722000000000000000e+03
5.511024200000000519e+02,4.734000000000000000e+03
5.511779800000000478e+02,4.711000000000000000e+03
5.512536000000000058e+02,4.744000000000000000e+03
5.513292199999999639e+02,4.746000000000000000e+03
5.514047900000000482e+02,4.776000000000000000e+03
5.514804100000000062e+02,4.745000000000000000e+03
5.515560299999999643e+02,4.782000000000000000e+03
5.516315899999999601e+02,4.782000000000000000e+03
5.517072100000000319e+02,4.808000000000000000e+03
5.517828399999999647e+02,4.773000000000000000e+03
5.518583999999999605e+02,4.803000000000000000e+03
5.519340200000000323e+02,4.798000000000000000e+03
5.520096399999999903e+02,4.801000000000000000e+03
5.520852099999999609e+02,4.791000000000000000e+03
5.521608300000000327e+02,4.825000000000000000e+03
5.522363900000000285e+02,4.812000000000000000e+03
5.523120099999999866e+02,4.852000000000000000e+03
5.523876299999999446e+02,4.872000000000000000e+03
5.524632000000000289e+02,4.847000000000000000e+03
5.525388199999999870e+02,4.841000000000000000e+03
5.526143799999999828e+02,4.836000000000000000e+03
5.526900000000000546e+02,4.832000000000000000e+03
5.527655600000000504e+02,4.833000000000000000e+03
5.528411899999999832e+02,4.845000000000000000e+03
5.529168100000000550e+02,4.840000000000000000e+03
5.529923700000000508e+02,4.849000000000000000e+03
5.530679900000000089e+02,4.835000000000000000e+03
5.531435500000000047e+02,4.893000000000000000e+03
5.532191800000000512e+02,4.887000000000000000e+03
5.532947400000000471e+02,4.886000000000000000e+03
5.533703600000000051e+02,4.900000000000000000e+03
5.534459200000000010e+02,4.906000000000000000e+03
5.535215500000000475e+02,4.892000000000000000e+03
5.535971100000000433e+02,4.903000000000000000e+03
5.536727300000000014e+02,4.884000000000000000e+03
5.537482899999999972e+02,4.921000000000000000e+03
5.538238499999999931e+02,4.926000000000000000e+03
5.538994800000000396e+02,4.932000000000000000e+03
5.539750400000000354e+02,4.954000000000000000e+03
5.540506599999999935e+02,4.939000000000000000e+03
5.541262199999999893e+02,4.952000000000000000e+03
5.542018399999999474e+02,4.947000000000000000e+03
5.542773999999999432e+02,4.967000000000000000e+03
5.543529700000000275e+02,4.973000000000000000e+03
5.544285899999999856e+02,4.964000000000000000e+03
5.545041499999999814e+02,4.979000000000000000e+03
5.545797099999999773e+02,4.998000000000000000e+03
5.546553300000000490e+02,5.011000000000000000e+03
5.547309000000000196e+02,5.031000000000000000e+03
5.548065199999999777e+02,5.034000000000000000e+03
5.548820799999999736e+02,5.033000000000000000e+03
5.549576399999999694e+02,5.064000000000000000e+03
5.550332600000000411e+02,5.090000000000000000e+03
5.551088300000000118e+02,5.087000000000000000e+03
5.551843900000000076e+02,5.070000000000000000e+03
5.552599500000000035e+02,5.098000000000000000e+03
5.553355699999999615e+02,5.124000000000000000e+03
5.554111299999999574e+02,5.103000000000000000e+03
5.554866899999999532e+02,5.139000000000000000e+03
5.555623199999999997e+02,5.123000000000000000e+03
5.556378799999999956e+02,5.129000000000000000e+03
5.557134399999999914e+02,5.140000000000000000e+03
5.557889999999999873e+02,5.128000000000000000e+03
5.558646199999999453e+02,5.163000000000000000e+03
5.559401900000000296e+02,5.194000000000000000e+03
5.560157500000000255e+02,5.160000000000000000e+03
5.560913100000000213e+02,5.205000000000000000e+03
5.561668700000000172e+02,5.220000000000000000e+03
5.562424899999999752e+02,5.207000000000000000e+03
5.563180499999999711e+02,5.228000000000000000e+03
5.563936200000000554e+02,5.236000000000000000e+03
5.564691800000000512e+02,5.239000000000000000e+03
5.565447400000000471e+02,5.245000000000000000e+03
5.566203000000000429e+02,5.246000000000000000e+03
5.566959200000000010e+02,5.239000000000000000e+03
5.567714799999999968e+02,5.281000000000000000e+03
5.568470499999999674e+02,5.274000000000000000e+03
5.569226099999999633e+02,5.286000000000000000e+03
5.569981699999999591e+02,5.272000000000000000e+03
5.570737299999999550e+02,5.287000000000000000e+03
5.571492899999999509e+02,5.301000000000000000e+03
5.572248499999999467e+02,5.313000000000000000e+03
5.573004200000000310e+02,5.302000000000000000e+03
5.573759800000000268e+02,5.309000000000000000e+03
5.574515999999999849e+02,5.313000000000000000e+03
5.575271599999999808e+02,5.304000000000000000e+03
5.576027199999999766e+02,5.327000000000000000e+03
5.576782799999999725e+02,5.347000000000000000e+03
5.577538500000000568e+02,5.313000000000000000e+03
5.578294100000000526e+02,5.308000000000000000e+03
5.579049700000000485e+02,5.341000000000000000e+03
5.579805300000000443e+02,5.363000000000000000e+03
5.580560900000000402e+02,5.345000000000000000e+03
5.581316500000000360e+02,5.341000000000000000e+03
5.582072100000000319e+02,5.364000000000000000e+03
5.582827800000000025e+02,5.368000000000000000e+03
5.583583399999999983e+02,5.366000000000000000e+03
5.584338999999999942e+02,5.359000000000000000e+03
5.585094599999999900e+02,5.342000000000000000e+03
5.585850199999999859e+02,5.375000000000000000e+03
5.586605200000000195e+02,5.356000000000000000e+03
5.587360800000000154e+02,5.381000000000000000e+03
5.588116499999999860e+02,5.374000000000000000e+03
5.588872099999999818e+02,5.378000000000000000e+03
5.589627699999999777e+02,5.386000000000000000e+03
5.590383299999999736e+02,5.418000000000000000e+03
5.591138899999999694e+02,5.432000000000000000e+03
5.591894499999999653e+02,5.422000000000000000e+03
5.592650099999999611e+02,5.401000000000000000e+03
5.593405199999999695e+02,5.437000000000000000e+03
5.594160799999999654e+02,5.429000000000000000e+03
5.594916399999999612e+02,5.481000000000000000e+03
5.595671999999999571e+02,5.445000000000000000e+03
5.596427599999999529e+02,5.443000000000000000e+03
5.597183199999999488e+02,5.482000000000000000e+03
5.597938199999999824e+02,5.488000000000000000e+03
5.598693799999999783e+02,5.478000000000000000e+03
5.599449499999999489e+02,5.497000000000000000e+03
5.600205099999999447e+02,5.543000000000000000e+03
5.600960700000000543e+02,5.539000000000000000e+03
5.601715699999999742e+02,5.551000000000000000e+03
5.602471299999999701e+02,5.550000000000000000e+03
5.603226899999999659e+02,5.565000000000000000e+03
5.603982499999999618e+02,5.592000000000000000e+03
5.604737499999999955e+02,5.571000000000000000e+03
5.605493199999999661e+02,5.594000000000000000e+03
5.606248799999999619e+02,5.566000000000000000e+03
5.607003799999999956e+02,5.604000000000000000e+03
5.607759399999999914e+02,5.623000000000000000e+03
5.608514999999999873e+02,5.619000000000000000e+03
5.609270000000000209e+02,5.656000000000000000e+03
5.610025600000000168e+02,5.662000000000000000e+03
5.610781200000000126e+02,5.626000000000000000e+03
5.611536300000000210e+02,5.674000000000000000e+03
5.612291900000000169e+02,5.674000000000000000e+03
5.613047500000000127e+02,5.695000000000000000e+03
5.613802500000000464e+02,5.690000000000000000e+03
5.614558100000000422e+02,5.696000000000000000e+03
5.615313700000000381e+02,5.712000000000000000e+03
5.616068699999999581e+02,5.700000000000000000e+03
5.616824299999999539e+02,5.748000000000000000e+03
5.617579299999999876e+02,5.746000000000000000e+03
5.618334999999999582e+02,5.743000000000000000e+03
5.619089999999999918e+02,5.778000000000000000e+03
5.619845599999999877e+02,5.781000000000000000e+03
5.620601199999999835e+02,5.734000000000000000e+03
5.621356200000000172e+02,5.769000000000000000e+03
5.622111800000000130e+02,5.798000000000000000e+03
5.622866800000000467e+02,5.801000000000000000e+03
5.623622400000000425e+02,5.777000000000000000e+03
5.624377399999999625e+02,5.789000000000000000e+03
5.625133100000000468e+02,5.793000000000000000e+03
5.625888099999999667e+02,5.798000000000000000e+03
5.626643699999999626e+02,5.781000000000000000e+03
5.627398699999999963e+02,5.795000000000000000e+03
5.628154299999999921e+02,5.801000000000000000e+03
5.628909300000000258e+02,5.795000000000000000e+03
5.629664299999999457e+02,5.825000000000000000e+03
5.630419900000000553e+02,5.837000000000000000e+03
5.631174899999999752e+02,5.820000000000000000e+03
5.631930499999999711e+02,5.865000000000000000e+03
5.632685500000000047e+02,5.809000000000000000e+03
5.633440600000000131e+02,5.838000000000000000e+03
5.634196200000000090e+02,5.813000000000000000e+03
5.634951200000000426e+02,5.829000000000000000e+03
5.635706800000000385e+02,5.865000000000000000e+03
5.636461799999999585e+02,5.846000000000000000e+03
5.637216799999999921e+02,5.881000000000000000e+03
5.637972399999999880e+02,5.845000000000000000e+03
5.638727400000000216e+02,5.861000000000000000e+03
5.639482400000000553e+02,5.833000000000000000e+03
5.640238000000000511e+02,5.888000000000000000e+03
5.640992999999999711e+02,5.897000000000000000e+03
5.641748000000000047e+02,5.881000000000000000e+03
5.642503699999999753e+02,5.893000000000000000e+03
5.643258700000000090e+02,5.920000000000000000e+03
5.644013700000000426e+02,5.905000000000000000e+03
5.644768699999999626e+02,5.932000000000000000e+03
5.645524299999999585e+02,5.918000000000000000e+03
5.646279299999999921e+02,5.909000000000000000e+03
5.647034300000000258e+02,5.953000000000000000e+03
5.647789299999999457e+02,5.993000000000000000e+03
5.648544299999999794e+02,5.984000000000000000e+03
5.649299899999999752e+02,5.966000000000000000e+03
5.650054900000000089e+02,5.965000000000000000e+03
5.650809900000000425e+02,6.021000000000000000e+03
5.651564899999999625e+02,6.020000000000000000e+03
5.652319899999999961e+02,6.024000000000000000e+03
5.653075599999999667e+02,5.990000000000000000e+03
5.653830600000000004e+02,6.018000000000000000e+03
5.654585600000000341e+02,6.042000000000000000e+03
5.655340599999999540e+02,6.030000000000000000e+03
5.656095599999999877e+02,6.022000000000000000e+03
5.656850600000000213e+02,6.048000000000000000e+03
5.657605600000000550e+02,6.045000000000000000e+03
5.658360599999999749e+02,6.084000000000000000e+03
5.659116199999999708e+02,6.086000000000000000e+03
5.659871200000000044e+02,6.104000000000000000e+03
5.660626200000000381e+02,6.155000000000000000e+03
5.661381199999999581e+02,6.172000000000000000e+03
5.662136199999999917e+02,6.180000000000000000e+03
5.662891200000000254e+02,6.200000000000000000e+03
5.663646199999999453e+02,6.247000000000000000e+03
5.664401199999999790e+02,6.239000000000000000e+03
5.665156200000000126e+02,6.253000000000000000e+03
5.665911300000000210e+02,6.260000000000000000e+03
5.666666300000000547e+02,6.265000000000000000e+03
5.667421299999999746e+02,6.279000000000000000e+03
5.668176300000000083e+02,6.276000000000000000e+03
5.668931300000000419e+02,6.299000000000000000e+03
5.669686299999999619e+02,6.306000000000000000e+03
5.670441299999999956e+02,6.327000000000000000e+03
5.671196300000000292e+02,6.283000000000000000e+03
5.671951299999999492e+02,6.294000000000000000e+03
5.672706299999999828e+02,6.302000000000000000e+03
5.673460700000000543e+02,6.293000000000000000e+03
5.674215699999999742e+02,6.289000000000000000e+03
5.674970700000000079e+02,6.314000000000000000e+03
5.675725700000000415e+02,6.326000000000000000e+03
5.676480699999999615e+02,6.341000000000000000e+03
5.677235699999999952e+02,6.290000000000000000e+03
5.677990700000000288e+02,6.310000000000000000e+03
5.678745699999999488e+02,6.329000000000000000e+03
5.679500100000000202e+02,6.308000000000000000e+03
5.680255100000000539e+02,6.294000000000000000e+03
5.681010099999999738e+02,6.343000000000000000e+03
5.681765100000000075e+02,6.314000000000000000e+03
5.682520100000000411e+02,6.291000000000000000e+03
5.683274499999999989e+02,6.336000000000000000e+03
5.684029500000000326e+02,6.319000000000000000e+03
5.684784499999999525e+02,6.303000000000000000e+03
5.685539599999999609e+02,6.305000000000000000e+03
5.686293899999999439e+02,6.317000000000000000e+03
5.687048999999999523e+02,6.326000000000000000e+03
5.687803999999999860e+02,6.284000000000000000e+03
5.688559000000000196e+02,6.316000000000000000e+03
5.689313399999999774e+02,6.320000000000000000e+03
5.690068400000000111e+02,6.349000000000000000e+03
5.690823400000000447e+02,6.315000000000000000e+03
5.691577800000000025e+02,6.348000000000000000e+03
5.692332800000000361e+02,6.326000000000000000e+03
5.693087799999999561e+02,6.313000000000000000e+03
5.693842200000000275e+02,6.337000000000000000e+03
5.694597199999999475e+02,6.328000000000000000e+03
5.695352199999999812e+02,6.353000000000000000e+03
5.696106600000000526e+02,6.354000000000000000e+03
5.696861599999999726e+02,6.355000000000000000e+03
5.697616000000000440e+02,6.385000000000000000e+03
5.698370999999999640e+02,6.383000000000000000e+03
5.699125999999999976e+02,6.380000000000000000e+03
5.699880399999999554e+02,6.401000000000000000e+03
5.700635399999999890e+02,6.393000000000000000e+03
5.701389799999999468e+02,6.408000000000000000e+03
5.702144799999999805e+02,6.401000000000000000e+03
5.702899200000000519e+02,6.408000000000000000e+03
5.703654199999999719e+02,6.458000000000000000e+03
5.704408600000000433e+02,6.473000000000000000e+03
5.705163599999999633e+02,6.445000000000000000e+03
5.705918000000000347e+02,6.492000000000000000e+03
5.706672999999999547e+02,6.482000000000000000e+03
5.707427400000000262e+02,6.488000000000000000e+03
5.708182399999999461e+02,6.507000000000000000e+03
5.708936800000000176e+02,6.523000000000000000e+03
5.709691800000000512e+02,6.523000000000000000e+03
5.710446200000000090e+02,6.546000000000000000e+03
5.711201200000000426e+02,6.560000000000000000e+03
5.711955600000000004e+02,6.572000000000000000e+03
5.712709999999999582e+02,6.574000000000000000e+03
5.713464999999999918e+02,6.577000000000000000e+03
5.714219399999999496e+02,6.591000000000000000e+03
5.714974399999999832e+02,6.613000000000000000e+03
5.715728800000000547e+02,6.633000000000000000e+03
5.716483200000000124e+02,6.581000000000000000e+03
5.717238200000000461e+02,6.636000000000000000e+03
5.717992600000000039e+02,6.640000000000000000e+03
5.718746899999999869e+02,6.668000000000000000e+03
5.719501999999999953e+02,6.653000000000000000e+03
5.720256299999999783e+02,6.672000000000000000e+03
5.721010700000000497e+02,6.699000000000000000e+03
5.721765699999999697e+02,6.676000000000000000e+03
5.722520100000000411e+02,6.691000000000000000e+03
5.723274499999999989e+02,6.686000000000000000e+03
5.724028899999999567e+02,6.666000000000000000e+03
5.724783899999999903e+02,6.705000000000000000e+03
5.725538299999999481e+02,6.700000000000000000e+03
5.726292700000000195e+02,6.706000000000000000e+03
5.727047099999999773e+02,6.713000000000000000e+03
5.727802100000000110e+02,6.693000000000000000e+03
5.728556499999999687e+02,6.690000000000000000e+03
5.729310900000000402e+02,6.714000000000000000e+03
5.730065299999999979e+02,6.718000000000000000e+03
5.730819699999999557e+02,6.697000000000000000e+03
5.731574100000000271e+02,6.710000000000000000e+03
5.732329099999999471e+02,6.732000000000000000e+03
5.733083500000000186e+02,6.693000000000000000e+03
5.733837899999999763e+02,6.714000000000000000e+03
5.734592300000000478e+02,6.728000000000000000e+03
5.735346700000000055e+02,6.690000000000000000e+03
5.736101099999999633e+02,6.686000000000000000e+03
5.736855500000000347e+02,6.727000000000000000e+03
5.737609899999999925e+02,6.683000000000000000e+03
5.738364299999999503e+02,6.676000000000000000e+03
5.739118700000000217e+02,6.716000000000000000e+03
5.739873000000000047e+02,6.688000000000000000e+03
5.740627399999999625e+02,6.731000000000000000e+03
5.741382399999999961e+02,6.720000000000000000e+03
5.742136799999999539e+02,6.719000000000000000e+03
5.742891200000000254e+02,6.695000000000000000e+03
5.743645599999999831e+02,6.682000000000000000e+03
5.744399399999999787e+02,6.709000000000000000e+03
5.745153800000000501e+02,6.645000000000000000e+03
5.745908200000000079e+02,6.718000000000000000e+03
5.746662599999999657e+02,6.669000000000000000e+03
5.747417000000000371e+02,6.700000000000000000e+03
5.748171399999999949e+02,6.709000000000000000e+03
5.748925799999999526e+02,6.696000000000000000e+03
5.749680200000000241e+02,6.716000000000000000e+03
5.750434599999999818e+02,6.698000000000000000e+03
5.751189000000000533e+02,6.718000000000000000e+03
5.751943400000000111e+02,6.718000000000000000e+03
5.752697799999999688e+02,6.729000000000000000e+03
5.753451499999999896e+02,6.749000000000000000e+03
5.754205899999999474e+02,6.731000000000000000e+03
5.754960300000000188e+02,6.784000000000000000e+03
5.755714699999999766e+02,6.803000000000000000e+03
5.756469100000000481e+02,6.782000000000000000e+03
5.757223500000000058e+02,6.781000000000000000e+03
5.757977300000000014e+02,6.780000000000000000e+03
5.758731699999999591e+02,6.799000000000000000e+03
5.759486100000000306e+02,6.809000000000000000e+03
5.760240499999999884e+02,6.817000000000000000e+03
5.760994299999999839e+02,6.843000000000000000e+03
5.761748700000000554e+02,6.855000000000000000e+03
5.762503100000000131e+02,6.828000000000000000e+03
5.763257399999999961e+02,6.879000000000000000e+03
5.764011199999999917e+02,6.883000000000000000e+03
5.764765599999999495e+02,6.916000000000000000e+03
5.765520000000000209e+02,6.927000000000000000e+03
5.766273800000000165e+02,6.878000000000000000e+03
5.767028199999999742e+02,6.924000000000000000e+03
5.767782600000000457e+02,6.918000000000000000e+03
5.768536400000000413e+02,6.963000000000000000e+03
5.769290799999999990e+02,6.967000000000000000e+03
5.770045199999999568e+02,6.990000000000000000e+03
5.770798999999999523e+02,6.994000000000000000e+03
5.771553300000000490e+02,6.980000000000000000e+03
5.772307700000000068e+02,6.957000000000000000e+03
5.773061500000000024e+02,6.971000000000000000e+03
5.773815899999999601e+02,6.993000000000000000e+03
5.774569699999999557e+02,7.033000000000000000e+03
5.775324100000000271e+02,7.038000000000000000e+03
5.776077900000000227e+02,7.003000000000000000e+03
5.776832299999999805e+02,7.048000000000000000e+03
5.777586099999999760e+02,7.038000000000000000e+03
5.778340500000000475e+02,7.041000000000000000e+03
5.779094199999999546e+02,7.049000000000000000e+03
5.779848600000000260e+02,7.052000000000000000e+03
5.780602400000000216e+02,7.061000000000000000e+03
5.781356799999999794e+02,7.064000000000000000e+03
5.782110599999999749e+02,7.017000000000000000e+03
5.782865000000000464e+02,7.070000000000000000e+03
5.783618800000000419e+02,7.022000000000000000e+03
5.784373199999999997e+02,7.057000000000000000e+03
5.785126999999999953e+02,7.043000000000000000e+03
5.785880700000000161e+02,7.083000000000000000e+03
5.786635099999999738e+02,7.031000000000000000e+03
5.787388899999999694e+02,7.056000000000000000e+03
5.788143300000000409e+02,7.059000000000000000e+03
5.788897100000000364e+02,7.004000000000000000e+03
5.789650900000000320e+02,7.076000000000000000e+03
5.790405299999999897e+02,7.079000000000000000e+03
5.791159099999999853e+02,7.058000000000000000e+03
5.791912800000000061e+02,7.042000000000000000e+03
5.792667199999999639e+02,7.034000000000000000e+03
5.793420999999999594e+02,7.020000000000000000e+03
5.794174799999999550e+02,7.068000000000000000e+03
5.794928599999999506e+02,7.065000000000000000e+03
5.795683000000000220e+02,7.037000000000000000e+03
5.796436800000000176e+02,7.067000000000000000e+03
5.797190600000000131e+02,7.040000000000000000e+03
5.797944300000000339e+02,7.050000000000000000e+03
5.798698699999999917e+02,7.041000000000000000e+03
5.799452499999999873e+02,7.043000000000000000e+03
5.800206299999999828e+02,7.024000000000000000e+03
5.800960099999999784e+02,7.017000000000000000e+03
5.801713899999999740e+02,7.034000000000000000e+03
5.802467699999999695e+02,7.049000000000000000e+03
5.803221999999999525e+02,7.044000000000000000e+03
5.803975799999999481e+02,7.036000000000000000e+03
5.804729599999999436e+02,7.033000000000000000e+03
5.805483400000000529e+02,7.046000000000000000e+03
5.806237200000000485e+02,7.027000000000000000e+03
5.806991000000000440e+02,7.049000000000000000e+03
5.807744800000000396e+02,7.046000000000000000e+03
5.808498499999999467e+02,7.077000000000000000e+03
5.809252300000000560e+02,7.059000000000000000e+03
5.810006700000000137e+02,7.035000000000000000e+03
5.810760500000000093e+02,7.085000000000000000e+03
5.811514300000000048e+02,7.069000000000000000e+03
5.812268100000000004e+02,7.063000000000000000e+03
5.813021899999999960e+02,7.098000000000000000e+03
5.813775600000000168e+02,7.099000000000000000e+03
5.814529400000000123e+02,7.098000000000000000e+03
5.815283200000000079e+02,7.131000000000000000e+03
5.816037000000000035e+02,7.112000000000000000e+03
5.816790200000000368e+02,7.126000000000000000e+03
5.817543899999999439e+02,7.153000000000000000e+03
5.818297700000000532e+02,7.157000000000000000e+03
5.819051500000000487e+02,7.121000000000000000e+03
5.819805300000000443e+02,7.192000000000000000e+03
5.820559100000000399e+02,7.187000000000000000e+03
5.821312900000000354e+02,7.193000000000000000e+03
5.822066700000000310e+02,7.186000000000000000e+03
5.822820400000000518e+02,7.186000000000000000e+03
5.823574200000000474e+02,7.213000000000000000e+03
5.824327399999999670e+02,7.230000000000000000e+03
5.825081199999999626e+02,7.229000000000000000e+03
5.825834999999999582e+02,7.209000000000000000e+03
5.826588699999999790e+02,7.240000000000000000e+03
5.827342499999999745e+02,7.301000000000000000e+03
5.828095700000000079e+02,7.298000000000000000e+03
5.828849500000000035e+02,7.293000000000000000e+03
5.829603299999999990e+02,7.289000000000000000e+03
5.830357099999999946e+02,7.315000000000000000e+03
5.831110200000000532e+02,7.289000000000000000e+03
5.831864000000000487e+02,7.328000000000000000e+03
5.832617800000000443e+02,7.302000000000000000e+03
5.833371600000000399e+02,7.316000000000000000e+03
5.834124799999999595e+02,7.319000000000000000e+03
5.834878499999999804e+02,7.324000000000000000e+03
5.835632299999999759e+02,7.348000000000000000e+03
5.836385500000000093e+02,7.313000000000000000e+03
5.837139300000000048e+02,7.320000000000000000e+03
5.837893100000000004e+02,7.335000000000000000e+03
5.838646199999999453e+02,7.341000000000000000e+03
5.839400000000000546e+02,7.345000000000000000e+03
5.840153199999999742e+02,7.388000000000000000e+03
5.840906999999999698e+02,7.356000000000000000e+03
5.841660799999999654e+02,7.368000000000000000e+03
5.842413900000000240e+02,7.367000000000000000e+03
5.843167700000000195e+02,7.361000000000000000e+03
5.843920900000000529e+02,7.343000000000000000e+03
5.844674700000000485e+02,7.342000000000000000e+03
5.845427899999999681e+02,7.367000000000000000e+03
5.846181599999999889e+02,7.398000000000000000e+03
5.846934800000000223e+02,7.367000000000000000e+03
5.847688600000000179e+02,7.367000000000000000e+03
5.848441800000000512e+02,7.362000000000000000e+03
5.849195600000000468e+02,7.381000000000000000e+03
5.849948699999999917e+02,7.402000000000000000e+03
5.850702499999999873e+02,7.359000000000000000e+03
5.851455700000000206e+02,7.351000000000000000e+03
5.852208900000000540e+02,7.364000000000000000e+03
5.852962599999999611e+02,7.358000000000000000e+03
5.853715799999999945e+02,7.324000000000000000e+03
5.854469599999999900e+02,7.355000000000000000e+03
5.855222800000000234e+02,7.362000000000000000e+03
5.855976000000000568e+02,7.334000000000000000e+03
5.856729699999999639e+02,7.359000000000000000e+03
5.857482899999999972e+02,7.351000000000000000e+03
5.858236100000000306e+02,7.354000000000000000e+03
5.858989900000000262e+02,7.354000000000000000e+03
5.859742999999999711e+02,7.338000000000000000e+03
5.860496200000000044e+02,7.340000000000000000e+03
5.861249400000000378e+02,7.303000000000000000e+03
5.862003200000000334e+02,7.311000000000000000e+03
5.862756299999999783e+02,7.340000000000000000e+03
5.863509500000000116e+02,7.365000000000000000e+03
5.864262700000000450e+02,7.358000000000000000e+03
5.865016500000000406e+02,7.355000000000000000e+03
5.865769699999999602e+02,7.359000000000000000e+03
5.866522800000000188e+02,7.390000000000000000e+03
5.867276000000000522e+02,7.356000000000000000e+03
5.868029199999999719e+02,7.361000000000000000e+03
5.868782999999999674e+02,7.353000000000000000e+03
5.869536100000000260e+02,7.373000000000000000e+03
5.870289299999999457e+02,7.350000000000000000e+03
5.871042499999999791e+02,7.401000000000000000e+03
5.871795700000000124e+02,7.414000000000000000e+03
5.872548799999999574e+02,7.390000000000000000e+03
5.873301999999999907e+02,7.382000000000000000e+03
5.874055200000000241e+02,7.436000000000000000e+03
5.874808299999999690e+02,7.437000000000000000e+03
5.875561500000000024e+02,7.432000000000000000e+03
5.876314700000000357e+02,7.437000000000000000e+03
5.877067899999999554e+02,7.409000000000000000e+03
5.877821699999999510e+02,7.491000000000000000e+03
5.878574800000000096e+02,7.481000000000000000e+03
5.879328000000000429e+02,7.502000000000000000e+03
5.880080600000000004e+02,7.487000000000000000e+03
5.880833699999999453e+02,7.513000000000000000e+03
5.881586899999999787e+02,7.554000000000000000e+03
5.882340100000000120e+02,7.509000000000000000e+03
5.883093300000000454e+02,7.521000000000000000e+03
5.883846399999999903e+02,7.554000000000000000e+03
5.884599600000000237e+02,7.538000000000000000e+03
5.885352799999999434e+02,7.583000000000000000e+03
5.886105999999999767e+02,7.592000000000000000e+03
5.886859100000000353e+02,7.582000000000000000e+03
5.887612299999999550e+02,7.585000000000000000e+03
5.888364900000000262e+02,7.573000000000000000e+03
5.889117999999999711e+02,7.658000000000000000e+03
5.889871200000000044e+02,7.591000000000000000e+03
5.890624400000000378e+02,7.666000000000000000e+03
5.891377599999999575e+02,7.646000000000000000e+03
5.892130700000000161e+02,7.615000000000000000e+03
5.892883299999999736e+02,7.630000000000000000e+03
5.893636500000000069e+02,7.676000000000000000e+03
5.894389599999999518e+02,7.655000000000000000e+03
5.895142799999999852e+02,7.649000000000000000e+03
5.895895400000000564e+02,7.685000000000000000e+03
5.896648599999999760e+02,7.658000000000000000e+03
5.897401700000000346e+02,7.657000000000000000e+03
5.898154299999999921e+02,7.664000000000000000e+03
5.898907500000000255e+02,7.672000000000000000e+03
5.899660599999999704e+02,7.682000000000000000e+03
5.900413200000000415e+02,7.648000000000000000e+03
5.901166399999999612e+02,7.684000000000000000e+03
5.901919599999999946e+02,7.646000000000000000e+03
5.902672099999999773e+02,7.659000000000000000e+03
5.903425300000000107e+02,7.700000000000000000e+03
5.904177899999999681e+02,7.653000000000000000e+03
5.904931000000000267e+02,7.705000000000000000e+03
5.905684199999999464e+02,7.646000000000000000e+03
5.906436800000000176e+02,7.667000000000000000e+03
5.907189899999999625e+02,7.686000000000000000e+03
5.907942500000000337e+02,7.655000000000000000e+03
5.908695699999999533e+02,7.652000000000000000e+03
5.909448200000000497e+02,7.634000000000000000e+03
5.910201399999999694e+02,7.647000000000000000e+03
5.910954000000000406e+02,7.645000000000000000e+03
5.911707199999999602e+02,7.638000000000000000e+03
5.912459700000000566e+02,7.627000000000000000e+03
5.913212899999999763e+02,7.627000000000000000e+03
5.913965500000000475e+02,7.647000000000000000e+03
5.914718000000000302e+02,7.643000000000000000e+03
5.915471199999999499e+02,7.605000000000000000e+03
5.916223800000000210e+02,7.621000000000000000e+03
5.916976899999999659e+02,7.639000000000000000e+03
5.917729500000000371e+02,7.606000000000000000e+03
5.918482099999999946e+02,7.617000000000000000e+03
5.919235200000000532e+02,7.669000000000000000e+03
5.919987800000000107e+02,7.650000000000000000e+03
5.920740399999999681e+02,7.630000000000000000e+03
5.921493500000000267e+02,7.644000000000000000e+03
5.922246099999999842e+02,7.639000000000000000e+03
5.922998700000000554e+02,7.639000000000000000e+03
5.923751200000000381e+02,7.657000000000000000e+03
5.924504399999999578e+02,7.621000000000000000e+03
5.925257000000000289e+02,7.627000000000000000e+03
5.926009500000000116e+02,7.623000000000000000e+03
5.926762099999999691e+02,7.669000000000000000e+03
5.927515300000000025e+02,7.672000000000000000e+03
5.928267799999999852e+02,7.632000000000000000e+03
5.929020400000000564e+02,7.680000000000000000e+03
5.929772900000000391e+02,7.646000000000000000e+03
5.930525499999999965e+02,7.651000000000000000e+03
5.931278099999999540e+02,7.692000000000000000e+03
5.932031200000000126e+02,7.707000000000000000e+03
5.932783799999999701e+02,7.699000000000000000e+03
5.933536400000000413e+02,7.684000000000000000e+03
5.934288900000000240e+02,7.672000000000000000e+03
5.935041499999999814e+02,7.714000000000000000e+03
5.935794100000000526e+02,7.758000000000000000e+03
5.936546600000000353e+02,7.731000000000000000e+03
5.937299199999999928e+02,7.756000000000000000e+03
5.938051799999999503e+02,7.783000000000000000e+03
5.938804300000000467e+02,7.750000000000000000e+03
5.939556900000000041e+02,7.757000000000000000e+03
5.940309399999999869e+02,7.751000000000000000e+03
5.941061999999999443e+02,7.783000000000000000e+03
5.941814600000000155e+02,7.772000000000000000e+03
5.942567099999999982e+02,7.817000000000000000e+03
5.943319699999999557e+02,7.797000000000000000e+03
5.944072300000000268e+02,7.822000000000000000e+03
5.944824800000000096e+02,7.824000000000000000e+03
5.945577399999999670e+02,7.826000000000000000e+03
5.946330000000000382e+02,7.818000000000000000e+03
5.947082500000000209e+02,7.826000000000000000e+03
5.947834500000000162e+02,7.821000000000000000e+03
5.948586999999999989e+02,7.890000000000000000e+03
5.949339599999999564e+02,7.835000000000000000e+03
5.950092200000000275e+02,7.854000000000000000e+03
5.950844700000000103e+02,7.880000000000000000e+03
5.951596700000000055e+02,7.866000000000000000e+03
5.952349199999999882e+02,7.837000000000000000e+03
5.953101799999999457e+02,7.880000000000000000e+03
5.953854400000000169e+02,7.908000000000000000e+03
5.954606899999999996e+02,7.903000000000000000e+03
5.955358899999999949e+02,7.884000000000000000e+03
5.956111499999999523e+02,7.880000000000000000e+03
5.956864000000000487e+02,7.912000000000000000e+03
5.957616000000000440e+02,7.899000000000000000e+03
5.958368500000000267e+02,7.866000000000000000e+03
5.959121099999999842e+02,7.847000000000000000e+03
5.959873000000000047e+02,7.884000000000000000e+03
5.960625599999999622e+02,7.874000000000000000e+03
5.961378200000000334e+02,7.901000000000000000e+03
5.962130100000000539e+02,7.871000000000000000e+03
5.962882700000000114e+02,7.908000000000000000e+03
5.963635299999999688e+02,7.906000000000000000e+03
5.964387199999999893e+02,7.860000000000000000e+03
5.965139799999999468e+02,7.852000000000000000e+03
5.965891699999999673e+02,7.846000000000000000e+03
5.966644300000000385e+02,7.845000000000000000e+03
5.967396199999999453e+02,7.862000000000000000e+03
5.968148800000000165e+02,7.886000000000000000e+03
5.968900800000000118e+02,7.880000000000000000e+03
5.969653299999999945e+02,7.862000000000000000e+03
5.970405299999999897e+02,7.878000000000000000e+03
5.971157799999999725e+02,7.878000000000000000e+03
5.971909799999999677e+02,7.873000000000000000e+03
5.972662400000000389e+02,7.796000000000000000e+03
5.973414299999999457e+02,7.814000000000000000e+03
5.974166300000000547e+02,7.854000000000000000e+03
5.974918800000000374e+02,7.813000000000000000e+03
5.975670800000000327e+02,7.844000000000000000e+03
5.976423300000000154e+02,7.830000000000000000e+03
5.977175300000000107e+02,7.856000000000000000e+03
5.977927200000000312e+02,7.822000000000000000e+03
5.978679799999999886e+02,7.818000000000000000e+03
5.979431799999999839e+02,7.828000000000000000e+03
5.980183700000000044e+02,7.840000000000000000e+03
5.980936299999999619e+02,7.815000000000000000e+03
5.981688199999999824e+02,7.831000000000000000e+03
5.982440199999999777e+02,7.829000000000000000e+03
5.983192099999999982e+02,7.795000000000000000e+03
5.983944699999999557e+02,7.838000000000000000e+03
5.984696699999999510e+02,7.842000000000000000e+03
5.985448599999999715e+02,7.824000000000000000e+03
5.986200599999999667e+02,7.824000000000000000e+03
5.986952499999999873e+02,7.822000000000000000e+03
5.987705099999999447e+02,7.811000000000000000e+03
5.988456999999999653e+02,7.803000000000000000e+03
5.989208999999999605e+02,7.830000000000000000e+03
5.989960899999999810e+02,7.847000000000000000e+03
5.990712899999999763e+02,7.861000000000000000e+03
5.991464799999999968e+02,7.832000000000000000e+03
5.992216799999999921e+02,7.858000000000000000e+03
5.992968799999999874e+02,7.794000000000000000e+03
5.993720700000000079e+02,7.856000000000000000e+03
5.994472700000000032e+02,7.840000000000000000e+03
5.995225199999999859e+02,7.838000000000000000e+03
5.995977199999999812e+02,7.842000000000000000e+03
5.996729100000000017e+02,7.881000000000000000e+03
5.997481099999999969e+02,7.850000000000000000e+03
5.998233000000000175e+02,7.863000000000000000e+03
5.998985000000000127e+02,7.837000000000000000e+03
5.999736299999999574e+02,7.861000000000000000e+03
6.000488299999999526e+02,7.865000000000000000e+03
6.001240199999999732e+02,7.902000000000000000e+03
6.001992199999999684e+02,7.870000000000000000e+03
6.002744099999999889e+02,7.877000000000000000e+03
6.003496099999999842e+02,7.909000000000000000e+03
6.004248000000000047e+02,7.922000000000000000e+03
6.005000000000000000e+02,7.893000000000000000e+03
6.005751999999999953e+02,7.905000000000000000e+03
6.006503300000000536e+02,7.891000000000000000e+03
6.007255199999999604e+02,7.946000000000000000e+03
6.008007199999999557e+02,7.945000000000000000e+03
6.008759199999999510e+02,7.981000000000000000e+03
6.009511099999999715e+02,7.951000000000000000e+03
6.010262500000000045e+02,7.957000000000000000e+03
6.011014400000000251e+02,7.947000000000000000e+03
6.011766400000000203e+02,7.972000000000000000e+03
6.012518300000000409e+02,7.960000000000000000e+03
6.013269699999999602e+02,8.018000000000000000e+03
6.014021599999999808e+02,7.985000000000000000e+03
6.014773599999999760e+02,7.974000000000000000e+03
6.015524900000000343e+02,7.977000000000000000e+03
6.016276900000000296e+02,7.988000000000000000e+03
6.017028800000000501e+02,8.010000000000000000e+03
6.017780199999999695e+02,7.984000000000000000e+03
6.018532099999999900e+02,7.998000000000000000e+03
6.019284099999999853e+02,8.040000000000000000e+03
6.020035400000000436e+02,7.986000000000000000e+03
6.020787400000000389e+02,8.034000000000000000e+03
6.021538699999999835e+02,8.017000000000000000e+03
6.022290600000000040e+02,8.005000000000000000e+03
6.023042000000000371e+02,8.030000000000000000e+03
6.023793899999999439e+02,8.016000000000000000e+03
6.024545299999999770e+02,8.045000000000000000e+03
6.025297199999999975e+02,7.980000000000000000e+03
6.026048600000000306e+02,8.001000000000000000e+03
6.026800500000000511e+02,8.006000000000000000e+03
6.027551899999999705e+02,7.999000000000000000e+03
6.028303799999999910e+02,8.056000000000000000e+03
6.029055200000000241e+02,7.973000000000000000e+03
6.029807100000000446e+02,8.014000000000000000e+03
6.030558499999999640e+02,7.988000000000000000e+03
6.031309800000000223e+02,7.973000000000000000e+03
6.032061800000000176e+02,7.980000000000000000e+03
6.032813099999999622e+02,7.996000000000000000e+03
6.033564499999999953e+02,7.988000000000000000e+03
6.034316400000000158e+02,7.961000000000000000e+03
6.035067699999999604e+02,8.024000000000000000e+03
6.035819099999999935e+02,7.987000000000000000e+03
6.036571000000000140e+02,8.002000000000000000e+03
6.037322400000000471e+02,8.011000000000000000e+03
6.038073699999999917e+02,8.005000000000000000e+03
6.038825100000000248e+02,7.968000000000000000e+03
6.039577000000000453e+02,8.011000000000000000e+03
6.040328399999999647e+02,7.951000000000000000e+03
6.041079700000000230e+02,7.925000000000000000e+03
6.041831100000000561e+02,7.952000000000000000e+03
6.042582999999999629e+02,7.908000000000000000e+03
6.043334399999999960e+02,7.972000000000000000e+03
6.044085700000000543e+02,7.956000000000000000e+03
6.044836999999999989e+02,7.961000000000000000e+03
6.045588400000000320e+02,7.961000000000000000e+03
6.046339699999999766e+02,7.938000000000000000e+03
6.047091100000000097e+02,7.952000000000000000e+03
6.047842399999999543e+02,7.967000000000000000e+03
6.048593799999999874e+02,7.933000000000000000e+03
6.049345100000000457e+02,7.931000000000000000e+03
6.050096999999999525e+02,7.974000000000000000e+03
6.050848399999999856e+02,7.960000000000000000e+03
6.051599700000000439e+02,7.990000000000000000e+03
6.052351099999999633e+02,7.950000000000000000e+03
6.053102400000000216e+02,7.961000000000000000e+03
6.053853100000000040e+02,7.952000000000000000e+03
6.054604500000000371e+02,7.927000000000000000e+03
6.055355799999999817e+02,7.976000000000000000e+03
6.056107200000000148e+02,7.951000000000000000e+03
6.056858499999999594e+02,7.979000000000000000e+03
6.057609899999999925e+02,8.009000000000000000e+03
6.058361200000000508e+02,7.976000000000000000e+03
6.059112499999999955e+02,7.991000000000000000e+03
6.059863900000000285e+02,8.020000000000000000e+03
6.060615199999999732e+02,7.978000000000000000e+03
6.061366000000000440e+02,7.987000000000000000e+03
6.062117299999999886e+02,8.004000000000000000e+03
6.062868700000000217e+02,8.014000000000000000e+03
6.063619999999999663e+02,8.030000000000000000e+03
6.064370699999999488e+02,8.015000000000000000e+03
6.065122099999999818e+02,7.990000000000000000e+03
6.065873400000000402e+02,8.018000000000000000e+03
6.066624799999999595e+02,8.022000000000000000e+03
6.067375500000000557e+02,7.989000000000000000e+03
6.068126800000000003e+02,8.058000000000000000e+03
6.068878200000000334e+02,8.043000000000000000e+03
6.069628900000000158e+02,8.036000000000000000e+03
6.070380199999999604e+02,8.026000000000000000e+03
6.071131599999999935e+02,8.070000000000000000e+03
6.071882299999999759e+02,8.031000000000000000e+03
6.072633700000000090e+02,8.055000000000000000e+03
6.073384999999999536e+02,8.059000000000000000e+03
6.074135700000000497e+02,8.048000000000000000e+03
6.074887099999999691e+02,8.041000000000000000e+03
6.075637799999999515e+02,8.026000000000000000e+03
6.076389199999999846e+02,8.067000000000000000e+03
6.077139899999999670e+02,8.078000000000000000e+03
6.077891200000000254e+02,8.028000000000000000e+03
6.078641999999999825e+02,8.023000000000000000e+03
6.079393300000000409e+02,8.074000000000000000e+03
6.080144000000000233e+02,8.074000000000000000e+03
6.080895400000000564e+02,8.067000000000000000e+03
6.081646100000000388e+02,8.058000000000000000e+03
6.082397499999999582e+02,8.074000000000000000e+03
6.083148200000000543e+02,8.038000000000000000e+03
6.083898900000000367e+02,8.089000000000000000e+03
6.084650299999999561e+02,8.068000000000000000e+03
6.085401000000000522e+02,8.065000000000000000e+03
6.086151700000000346e+02,8.078000000000000000e+03
6.086903099999999540e+02,8.093000000000000000e+03
6.087653800000000501e+02,8.055000000000000000e+03
6.088404500000000326e+02,8.056000000000000000e+03
6.089155899999999519e+02,8.035000000000000000e+03
6.089906600000000481e+02,8.048000000000000000e+03
6.090657300000000305e+02,8.066000000000000000e+03
6.091408699999999499e+02,8.081000000000000000e+03
6.092159400000000460e+02,8.060000000000000000e+03
6.092910200000000032e+02,8.086000000000000000e+03
6.093660899999999856e+02,8.015000000000000000e+03
6.094411599999999680e+02,8.037000000000000000e+03
6.095163000000000011e+02,8.047000000000000000e+03
6.095913699999999835e+02,8.051000000000000000e+03
6.096664399999999659e+02,8.035000000000000000e+03
6.097415200000000368e+02,8.074000000000000000e+03
6.098165900000000192e+02,8.066000000000000000e+03
6.098916600000000017e+02,8.065000000000000000e+03
6.099667399999999589e+02,8.036000000000000000e+03
6.100418100000000550e+02,8.041000000000000000e+03
6.101168800000000374e+02,8.060000000000000000e+03
6.101919599999999946e+02,8.046000000000000000e+03
6.102670299999999770e+02,8.051000000000000000e+03
6.103420999999999594e+02,7.993000000000000000e+03
6.104171800000000303e+02,8.036000000000000000e+03
6.104922500000000127e+02,8.010000000000000000e+03
6.105673199999999952e+02,8.041000000000000000e+03
6.106423999999999523e+02,8.048000000000000000e+03
6.107174700000000485e+02,8.059000000000000000e+03
6.107925400000000309e+02,8.053000000000000000e+03
6.108676100000000133e+02,8.031000000000000000e+03
6.109426899999999705e+02,8.051000000000000000e+03
6.110177599999999529e+02,8.036000000000000000e+03
6.110928300000000490e+02,8.031000000000000000e+03
6.111679100000000062e+02,8.048000000000000000e+03
6.112429200000000264e+02,8.039000000000000000e+03
6.113179900000000089e+02,8.062000000000000000e+03
6.113930699999999661e+02,8.049000000000000000e+03
6.114681399999999485e+02,8.068000000000000000e+03
6.115432100000000446e+02,8.069000000000000000e+03
6.116182300000000396e+02,8.097000000000000000e+03
6.116933000000000220e+02,8.059000000000000000e+03
6.117683700000000044e+02,8.039000000000000000e+03
6.118434399999999869e+02,8.041000000000000000e+03
6.119184599999999818e+02,8.083000000000000000e+03
6.119935299999999643e+02,8.097000000000000000e+03
6.120685999999999467e+02,8.057000000000000000e+03
6.121436200000000554e+02,8.071000000000000000e+03
6.122186900000000378e+02,8.060000000000000000e+03
6.122937600000000202e+02,8.094000000000000000e+03
6.123687700000000405e+02,8.054000000000000000e+03
6.124438499999999976e+02,8.079000000000000000e+03
6.125188600000000179e+02,8.095000000000000000e+03
6.125939300000000003e+02,8.082000000000000000e+03
6.126689499999999953e+02,8.084000000000000000e+03
6.127440199999999777e+02,8.073000000000000000e+03
6.128190899999999601e+02,8.051000000000000000e+03
6.128940999999999804e+02,8.096000000000000000e+03
6.129691800000000512e+02,8.070000000000000000e+03
6.130441899999999578e+02,8.082000000000000000e+03
6.131191999999999780e+02,8.100000000000000000e+03
6.131942699999999604e+02,8.054000000000000000e+03
6.132692899999999554e+02,8.099000000000000000e+03
6.133443600000000515e+02,8.148000000000000000e+03
6.134193699999999581e+02,8.119000000000000000e+03
6.134944500000000289e+02,8.101000000000000000e+03
6.135694600000000491e+02,8.136000000000000000e+03
6.136444699999999557e+02,8.103000000000000000e+03
6.137195400000000518e+02,8.094000000000000000e+03
6.137945600000000468e+02,8.099000000000000000e+03
6.138695699999999533e+02,8.132000000000000000e+03
6.139446400000000494e+02,8.143000000000000000e+03
6.140196499999999560e+02,8.138000000000000000e+03
6.140946699999999510e+02,8.151000000000000000e+03
6.141696799999999712e+02,8.154000000000000000e+03
6.142447499999999536e+02,8.133000000000000000e+03
6.143197599999999738e+02,8.149000000000000000e+03
6.143947799999999688e+02,8.126000000000000000e+03
6.144697899999999890e+02,8.119000000000000000e+03
6.145448000000000093e+02,8.166000000000000000e+03
6.146198699999999917e+02,8.147000000000000000e+03
6.146948899999999867e+02,8.127000000000000000e+03
6.147699000000000069e+02,8.148000000000000000e+03
6.148449100000000271e+02,8.122000000000000000e+03
6.149199200000000474e+02,8.137000000000000000e+03
6.149949299999999539e+02,8.124000000000000000e+03
6.150699499999999489e+02,8.149000000000000000e+03
6.151449599999999691e+02,8.122000000000000000e+03
6.152199699999999893e+02,8.148000000000000000e+03
6.152949800000000096e+02,8.146000000000000000e+03
6.153700000000000045e+02,8.134000000000000000e+03
6.154450100000000248e+02,8.101000000000000000e+03
6.155200200000000450e+02,8.167000000000000000e+03
6.155950299999999515e+02,8.136000000000000000e+03
6.156700399999999718e+02,8.108000000000000000e+03
6.157450599999999667e+02,8.102000000000000000e+03
6.158200699999999870e+02,8.134000000000000000e+03
6.158950800000000072e+02,8.084000000000000000e+03
6.159700900000000274e+02,8.106000000000000000e+03
6.160451000000000477e+02,8.143000000000000000e+03
6.161200599999999667e+02,8.123000000000000000e+03
6.161950699999999870e+02,8.112000000000000000e+03
6.162700800000000072e+02,8.127000000000000000e+03
6.163450900000000274e+02,8.135000000000000000e+03
6.164201000000000477e+02,8.098000000000000000e+03
6.164950599999999667e+02,8.106000000000000000e+03
6.165700699999999870e+02,8.146000000000000000e+03
6.166450800000000072e+02,8.118000000000000000e+03
6.167200900000000274e+02,8.105000000000000000e+03
6.167950399999999718e+02,8.094000000000000000e+03
6.168700599999999667e+02,8.092000000000000000e+03
6.169450699999999870e+02,8.100000000000000000e+03
6.170200200000000450e+02,8.098000000000000000e+03
6.170950299999999515e+02,8.080000000000000000e+03
6.171700399999999718e+02,8.095000000000000000e+03
6.172450000000000045e+02,8.074000000000000000e+03
6.173200100000000248e+02,8.063000000000000000e+03
6.173950200000000450e+02,8.098000000000000000e+03
6.174699699999999893e+02,8.067000000000000000e+03
6.175449800000000096e+02,8.095000000000000000e+03
6.176199299999999539e+02,8.089000000000000000e+03
6.176949499999999489e+02,8.093000000000000000e+03
6.177699000000000069e+02,8.070000000000000000e+03
6.178449100000000271e+02,8.071000000000000000e+03
6.179198599999999715e+02,8.098000000000000000e+03
6.179948699999999917e+02,8.126000000000000000e+03
6.180698200000000497e+02,8.042000000000000000e+03
6.181448400000000447e+02,8.041000000000000000e+03
6.182197899999999890e+02,8.099000000000000000e+03
6.182947400000000471e+02,8.082000000000000000e+03
6.183697499999999536e+02,8.052000000000000000e+03
6.184447000000000116e+02,8.112000000000000000e+03
6.185196499999999560e+02,8.094000000000000000e+03
6.185946699999999510e+02,8.062000000000000000e+03
6.186696200000000090e+02,8.113000000000000000e+03
6.187445699999999533e+02,8.088000000000000000e+03
6.188195799999999736e+02,8.119000000000000000e+03
6.188945300000000316e+02,8.099000000000000000e+03
6.189694799999999759e+02,8.126000000000000000e+03
6.190444300000000339e+02,8.067000000000000000e+03
6.191194500000000289e+02,8.135000000000000000e+03
6.191943999999999733e+02,8.055000000000000000e+03
6.192693500000000313e+02,8.093000000000000000e+03
6.193442999999999756e+02,8.090000000000000000e+03
6.194192500000000337e+02,8.097000000000000000e+03
6.194942600000000539e+02,8.161000000000000000e+03
6.195692099999999982e+02,8.098000000000000000e+03
6.196441700000000310e+02,8.101000000000000000e+03
6.197191199999999753e+02,8.146000000000000000e+03
6.197940700000000334e+02,8.135000000000000000e+03
6.198690199999999777e+02,8.107000000000000000e+03
6.199439700000000357e+02,8.113000000000000000e+03
6.200189199999999801e+02,8.148000000000000000e+03
6.200938700000000381e+02,8.105000000000000000e+03
6.201688199999999824e+02,8.082000000000000000e+03
6.202437700000000405e+02,8.126000000000000000e+03
6.203187299999999595e+02,8.130000000000000000e+03
6.203936800000000176e+02,8.089000000000000000e+03
6.204686299999999619e+02,8.133000000000000000e+03
6.205435800000000199e+02,8.127000000000000000e+03
6.206185299999999643e+02,8.108000000000000000e+03
6.206934800000000223e+02,8.135000000000000000e+03
6.207684299999999666e+02,8.139000000000000000e+03
6.208433199999999488e+02,8.100000000000000000e+03
6.209182700000000068e+02,8.115000000000000000e+03
6.209932300000000396e+02,8.089000000000000000e+03
6.210681799999999839e+02,8.102000000000000000e+03
6.211431300000000419e+02,8.125000000000000000e+03
6.212180799999999863e+02,8.130000000000000000e+03
6.212929699999999684e+02,8.117000000000000000e+03
6.213679200000000264e+02,8.103000000000000000e+03
6.214428699999999708e+02,8.131000000000000000e+03
6.215177599999999529e+02,8.095000000000000000e+03
6.215927100000000110e+02,8.109000000000000000e+03
6.216676599999999553e+02,8.137000000000000000e+03
6.217426100000000133e+02,8.149000000000000000e+03
6.218174999999999955e+02,8.105000000000000000e+03
6.218924600000000282e+02,8.122000000000000000e+03
6.219673500000000104e+02,8.079000000000000000e+03
6.220422999999999547e+02,8.118000000000000000e+03
6.221172500000000127e+02,8.101000000000000000e+03
6.221921399999999949e+02,8.070000000000000000e+03
6.222670900000000529e+02,8.106000000000000000e+03
6.223419800000000350e+02,8.081000000000000000e+03
6.224169299999999794e+02,8.085000000000000000e+03
6.224918199999999615e+02,8.084000000000000000e+03
6.225667700000000195e+02,8.084000000000000000e+03
6.226416600000000017e+02,8.110000000000000000e+03
6.227166099999999460e+02,8.100000000000000000e+03
6.227915000000000418e+02,8.109000000000000000e+03
6.228664599999999609e+02,8.071000000000000000e+03
6.229413500000000568e+02,8.095000000000000000e+03
6.230162400000000389e+02,8.073000000000000000e+03
6.230911899999999832e+02,8.111000000000000000e+03
6.231660799999999654e+02,8.092000000000000000e+03
6.232409699999999475e+02,8.095000000000000000e+03
6.233159200000000055e+02,8.072000000000000000e+03
6.233908099999999877e+02,8.051000000000000000e+03
6.234656999999999698e+02,8.097000000000000000e+03
6.235406500000000278e+02,8.061000000000000000e+03
6.236155400000000100e+02,8.122000000000000000e+03
6.236904299999999921e+02,8.104000000000000000e+03
6.237653199999999742e+02,8.104000000000000000e+03
6.238402700000000323e+02,8.072000000000000000e+03
6.239151600000000144e+02,8.049000000000000000e+03
6.239900499999999965e+02,8.057000000000000000e+03
6.240649399999999787e+02,8.125000000000000000e+03
6.241398299999999608e+02,8.050000000000000000e+03
6.242147200000000566e+02,8.079000000000000000e+03
6.242896100000000388e+02,8.116000000000000000e+03
6.243645599999999831e+02,8.082000000000000000e+03
6.244394499999999653e+02,8.081000000000000000e+03
6.245143399999999474e+02,8.084000000000000000e+03
6.245892300000000432e+02,8.048000000000000000e+03
6.246641200000000254e+02,8.099000000000000000e+03
6.247390100000000075e+02,8.077000000000000000e+03
6.248138999999999896e+02,8.082000000000000000e+03
6.248887899999999718e+02,8.076000000000000000e+03
6.249636799999999539e+02,8.064000000000000000e+03
6.250385700000000497e+02,8.040000000000000000e+03
6.251134600000000319e+02,8.095000000000000000e+03
6.251883500000000140e+02,8.067000000000000000e+03
6.252631800000000339e+02,8.054000000000000000e+03
6.253380700000000161e+02,8.050000000000000000e+03
6.254129599999999982e+02,8.034000000000000000e+03
6.254878499999999804e+02,8.112000000000000000e+03
6.255627399999999625e+02,8.025000000000000000e+03
6.256376299999999446e+02,8.076000000000000000e+03
6.257124599999999646e+02,8.050000000000000000e+03
6.257873499999999467e+02,8.043000000000000000e+03
6.258622400000000425e+02,8.088000000000000000e+03
6.259371300000000247e+02,8.061000000000000000e+03
6.260119600000000446e+02,8.057000000000000000e+03
6.260868500000000267e+02,8.049000000000000000e+03
6.261617400000000089e+02,8.019000000000000000e+03
6.262366299999999910e+02,8.064000000000000000e+03
6.263114600000000110e+02,8.068000000000000000e+03
6.263863499999999931e+02,8.036000000000000000e+03
6.264611800000000130e+02,8.058000000000000000e+03
6.265360699999999952e+02,8.060000000000000000e+03
6.266109599999999773e+02,8.045000000000000000e+03
6.266857899999999972e+02,8.054000000000000000e+03
6.267606799999999794e+02,8.050000000000000000e+03
6.268355099999999993e+02,8.065000000000000000e+03
6.269103999999999814e+02,8.079000000000000000e+03
6.269852300000000014e+02,8.042000000000000000e+03
6.270601199999999835e+02,8.051000000000000000e+03
6.271349500000000035e+02,8.052000000000000000e+03
6.272098399999999856e+02,8.039000000000000000e+03
6.272846700000000055e+02,8.037000000000000000e+03
6.273595599999999877e+02,8.056000000000000000e+03
6.274343900000000076e+02,8.047000000000000000e+03
6.275092799999999897e+02,8.036000000000000000e+03
6.275841100000000097e+02,8.038000000000000000e+03
6.276589400000000296e+02,8.058000000000000000e+03
6.277338300000000118e+02,8.047000000000000000e+03
6.278086499999999432e+02,8.049000000000000000e+03
6.278834799999999632e+02,8.049000000000000000e+03
6.279583699999999453e+02,8.036000000000000000e+03
6.280331999999999653e+02,8.035000000000000000e+03
6.281080299999999852e+02,8.039000000000000000e+03
6.281828600000000051e+02,8.051000000000000000e+03
6.282577499999999873e+02,8.044000000000000000e+03
6.283325800000000072e+02,8.019000000000000000e+03
6.284074100000000271e+02,8.037000000000000000e+03
6.284822400000000471e+02,8.025000000000000000e+03
6.285570699999999533e+02,8.085000000000000000e+03
6.286318999999999733e+02,8.065000000000000000e+03
6.287067899999999554e+02,8.056000000000000000e+03
6.287816199999999753e+02,8.042000000000000000e+03
6.288564499999999953e+02,8.037000000000000000e+03
6.289312700000000405e+02,8.030000000000000000e+03
6.290060999999999467e+02,8.051000000000000000e+03
6.290809299999999666e+02,8.038000000000000000e+03
6.291557599999999866e+02,8.027000000000000000e+03
6.292305900000000065e+02,8.016000000000000000e+03
6.293054200000000264e+02,8.032000000000000000e+03
6.293802500000000464e+02,8.037000000000000000e+03
6.294550799999999526e+02,8.036000000000000000e+03
6.295299099999999726e+02,8.057000000000000000e+03
6.296047399999999925e+02,8.034000000000000000e+03
6.296795700000000124e+02,8.043000000000000000e+03
6.297543299999999817e+02,8.007000000000000000e+03
6.298291600000000017e+02,8.028000000000000000e+03
6.299039900000000216e+02,8.021000000000000000e+03
6.299788200000000415e+02,8.036000000000000000e+03
6.300536499999999478e+02,8.037000000000000000e+03
6.301284799999999677e+02,8.060000000000000000e+03
6.302032500000000255e+02,8.039000000000000000e+03
6.302780800000000454e+02,8.064000000000000000e+03
6.303529099999999517e+02,8.058000000000000000e+03
6.304277299999999968e+02,8.008000000000000000e+03
6.305025000000000546e+02,8.060000000000000000e+03
6.305773299999999608e+02,8.086000000000000000e+03
6.306521599999999808e+02,8.038000000000000000e+03
6.307269300000000385e+02,8.075000000000000000e+03
6.308017599999999447e+02,8.050000000000000000e+03
6.308765899999999647e+02,8.068000000000000000e+03
6.309513500000000477e+02,8.061000000000000000e+03
6.310261799999999539e+02,8.059000000000000000e+03
6.311009500000000116e+02,8.024000000000000000e+03
6.311757800000000316e+02,8.095000000000000000e+03
6.312506100000000515e+02,8.087000000000000000e+03
6.313253799999999956e+02,8.092000000000000000e+03
6.314002100000000155e+02,8.109000000000000000e+03
6.314749799999999595e+02,8.101000000000000000e+03
6.315498000000000047e+02,8.108000000000000000e+03
6.316245699999999488e+02,8.057000000000000000e+03
6.316993400000000065e+02,8.056000000000000000e+03
6.317741700000000264e+02,8.091000000000000000e+03
6.318489399999999705e+02,8.099000000000000000e+03
6.319237699999999904e+02,8.103000000000000000e+03
6.319985400000000482e+02,8.073000000000000000e+03
6.320733000000000175e+02,8.075000000000000000e+03
6.321481300000000374e+02,8.076000000000000000e+03
6.322228999999999814e+02,8.110000000000000000e+03
6.322976700000000392e+02,8.081000000000000000e+03
6.323724999999999454e+02,8.101000000000000000e+03
6.324472700000000032e+02,8.047000000000000000e+03
6.325220299999999725e+02,8.117000000000000000e+03
6.325968000000000302e+02,8.080000000000000000e+03
6.326716300000000501e+02,8.096000000000000000e+03
6.327463999999999942e+02,8.067000000000000000e+03
6.328211700000000519e+02,8.129000000000000000e+03
6.328959399999999960e+02,8.110000000000000000e+03
6.329706999999999653e+02,8.079000000000000000e+03
6.330454700000000230e+02,8.055000000000000000e+03
6.331202399999999670e+02,8.102000000000000000e+03
6.331950100000000248e+02,8.097000000000000000e+03
6.332698400000000447e+02,8.089000000000000000e+03
6.333446000000000140e+02,8.102000000000000000e+03
6.334193699999999581e+02,8.064000000000000000e+03
6.334941400000000158e+02,8.087000000000000000e+03
6.335689099999999598e+02,8.093000000000000000e+03
6.336436800000000176e+02,8.075000000000000000e+03
6.337184399999999869e+02,8.069000000000000000e+03
6.337932100000000446e+02,8.070000000000000000e+03
6.338679200000000264e+02,8.067000000000000000e+03
6.339426899999999705e+02,8.034000000000000000e+03
6.340174600000000282e+02,8.086000000000000000e+03
6.340922199999999975e+02,8.082000000000000000e+03
6.341669900000000553e+02,8.056000000000000000e+03
6.342417599999999993e+02,8.044000000000000000e+03
6.343165299999999434e+02,8.099000000000000000e+03
6.343912400000000389e+02,8.113000000000000000e+03
6.344660000000000082e+02,8.055000000000000000e+03
6.345407699999999522e+02,8.023000000000000000e+03
6.346155400000000100e+02,8.073000000000000000e+03
6.346902499999999918e+02,8.083000000000000000e+03
6.347650099999999611e+02,8.053000000000000000e+03
6.348397800000000188e+02,8.044000000000000000e+03
6.349145499999999629e+02,8.068000000000000000e+03
6.349892599999999447e+02,8.076000000000000000e+03
6.350640300000000025e+02,8.100000000000000000e+03
6.351387300000000096e+02,8.080000000000000000e+03
6.352134999999999536e+02,8.062000000000000000e+03
6.352882700000000114e+02,8.040000000000000000e+03
6.353629799999999932e+02,8.051000000000000000e+03
6.354377399999999625e+02,8.040000000000000000e+03
6.355124499999999443e+02,8.063000000000000000e+03
6.355872200000000021e+02,8.089000000000000000e+03
6.356619299999999839e+02,8.112000000000000000e+03
6.357366899999999532e+02,8.039000000000000000e+03
6.358114000000000487e+02,8.092000000000000000e+03
6.358861699999999928e+02,8.069000000000000000e+03
6.359608799999999746e+02,8.071000000000000000e+03
6.360356399999999439e+02,8.103000000000000000e+03
6.361103500000000395e+02,8.105000000000000000e+03
6.361850600000000213e+02,8.085000000000000000e+03
6.362598299999999654e+02,8.057000000000000000e+03
6.363345299999999725e+02,8.077000000000000000e+03
6.364092399999999543e+02,8.105000000000000000e+03
6.364840100000000120e+02,8.107000000000000000e+03
6.365587199999999939e+02,8.108000000000000000e+03
6.366334200000000010e+02,8.107000000000000000e+03
6.367081899999999450e+02,8.094000000000000000e+03
6.367829000000000406e+02,8.123000000000000000e+03
6.368576000000000477e+02,8.115000000000000000e+03
6.369323100000000295e+02,8.110000000000000000e+03
6.370070200000000114e+02,8.043000000000000000e+03
6.370817299999999932e+02,8.045000000000000000e+03
6.371564899999999625e+02,8.022000000000000000e+03
6.372311999999999443e+02,8.003000000000000000e+03
6.373059100000000399e+02,8.000000000000000000e+03
6.373806200000000217e+02,8.088000000000000000e+03
6.374553200000000288e+02,8.065000000000000000e+03
6.375300300000000107e+02,8.108000000000000000e+03
6.376047399999999925e+02,8.139000000000000000e+03
6.376794399999999996e+02,8.159000000000000000e+03
6.377541499999999814e+02,8.151000000000000000e+03
6.378288599999999633e+02,8.182000000000000000e+03
6.379035599999999704e+02,8.157000000000000000e+03
6.379782699999999522e+02,8.140000000000000000e+03
6.380529800000000478e+02,8.158000000000000000e+03
6.381276900000000296e+02,8.179000000000000000e+03
6.382023900000000367e+02,8.156000000000000000e+03
6.382771000000000186e+02,8.183000000000000000e+03
6.383517500000000382e+02,8.174000000000000000e+03
6.384264500000000453e+02,8.201000000000000000e+03
6.385011600000000271e+02,8.192000000000000000e+03
6.385758700000000090e+02,8.202000000000000000e+03
6.386505700000000161e+02,8.209000000000000000e+03
6.387252200000000357e+02,8.171000000000000000e+03
6.387999300000000176e+02,8.207000000000000000e+03
6.388746300000000247e+02,8.196000000000000000e+03
6.389493400000000065e+02,8.192000000000000000e+03
6.390239900000000262e+02,8.228000000000000000e+03
6.390986900000000333e+02,8.229000000000000000e+03
6.391734000000000151e+02,8.230000000000000000e+03
6.392480500000000347e+02,8.223000000000000000e+03
6.393227500000000418e+02,8.243000000000000000e+03
6.393973999999999478e+02,8.276000000000000000e+03
6.394721100000000433e+02,8.262000000000000000e+03
6.395468100000000504e+02,8.255000000000000000e+03
6.396214599999999564e+02,8.276000000000000000e+03
6.396961700000000519e+02,8.296000000000000000e+03
6.397708099999999831e+02,8.265000000000000000e+03
6.398455199999999650e+02,8.273000000000000000e+03
6.399201699999999846e+02,8.292000000000000000e+03
6.399948699999999917e+02,8.264000000000000000e+03
6.400695200000000114e+02,8.253000000000000000e+03
6.401441700000000310e+02,8.272000000000000000e+03
6.402188700000000381e+02,8.265000000000000000e+03
6.402935199999999440e+02,8.272000000000000000e+03
6.403681599999999889e+02,8.284000000000000000e+03
6.404428699999999708e+02,8.271000000000000000e+03
6.405175199999999904e+02,8.325000000000000000e+03
6.405921600000000353e+02,8.262000000000000000e+03
6.406668700000000172e+02,8.321000000000000000e+03
6.407415200000000368e+02,8.267000000000000000e+03
6.408161599999999680e+02,8.305000000000000000e+03
6.408908099999999877e+02,8.318000000000000000e+03
6.409655199999999695e+02,8.284000000000000000e+03
6.410401600000000144e+02,8.292000000000000000e+03
6.411148100000000341e+02,8.306000000000000000e+03
6.411894499999999653e+02,8.318000000000000000e+03
6.412640999999999849e+02,8.342000000000000000e+03
6.413387500000000045e+02,8.347000000000000000e+03
6.414134500000000116e+02,8.342000000000000000e+03
6.414881000000000313e+02,8.342000000000000000e+03
6.415627399999999625e+02,8.318000000000000000e+03
6.416373899999999821e+02,8.339000000000000000e+03
6.417120400000000018e+02,8.307000000000000000e+03
6.417866800000000467e+02,8.368000000000000000e+03
6.418613299999999526e+02,8.332000000000000000e+03
6.419359699999999975e+02,8.397000000000000000e+03
6.420106200000000172e+02,8.368000000000000000e+03
6.420852700000000368e+02,8.427000000000000000e+03
6.421598500000000058e+02,8.360000000000000000e+03
6.422345000000000255e+02,8.358000000000000000e+03
6.423091399999999567e+02,8.386000000000000000e+03
6.423837899999999763e+02,8.457000000000000000e+03
6.424584399999999960e+02,8.409000000000000000e+03
6.425330800000000409e+02,8.408000000000000000e+03
6.426077299999999468e+02,8.366000000000000000e+03
6.426823100000000295e+02,8.423000000000000000e+03
6.427569600000000491e+02,8.385000000000000000e+03
6.428315999999999804e+02,8.430000000000000000e+03
6.429062500000000000e+02,8.438000000000000000e+03
6.429808299999999690e+02,8.437000000000000000e+03
6.430554799999999886e+02,8.445000000000000000e+03
6.431301300000000083e+02,8.428000000000000000e+03
6.432047099999999773e+02,8.411000000000000000e+03
6.432793599999999969e+02,8.423000000000000000e+03
6.433539399999999659e+02,8.436000000000000000e+03
6.434285899999999856e+02,8.480000000000000000e+03
6.435032300000000305e+02,8.493000000000000000e+03
6.435778199999999742e+02,8.469000000000000000e+03
6.436524699999999939e+02,8.507000000000000000e+03
6.437270499999999629e+02,8.511000000000000000e+03
6.438016999999999825e+02,8.489000000000000000e+03
6.438762799999999515e+02,8.524000000000000000e+03
6.439509299999999712e+02,8.541000000000000000e+03
6.440255100000000539e+02,8.538000000000000000e+03
6.441001599999999598e+02,8.550000000000000000e+03
6.441747400000000425e+02,8.524000000000000000e+03
6.442493299999999863e+02,8.611000000000000000e+03
6.443239700000000312e+02,8.606000000000000000e+03
6.443985599999999749e+02,8.588000000000000000e+03
6.444731399999999439e+02,8.633000000000000000e+03
6.445477899999999636e+02,8.624000000000000000e+03
6.446223800000000210e+02,8.626000000000000000e+03
6.446969599999999900e+02,8.660000000000000000e+03
6.447715500000000475e+02,8.700000000000000000e+03
6.448461899999999787e+02,8.669000000000000000e+03
6.449207800000000361e+02,8.709000000000000000e+03
6.449953600000000051e+02,8.729000000000000000e+03
6.450699499999999489e+02,8.718000000000000000e+03
6.451445300000000316e+02,8.763000000000000000e+03
6.452191800000000512e+02,8.784000000000000000e+03
6.452937600000000202e+02,8.763000000000000000e+03
6.453683499999999640e+02,8.744000000000000000e+03
6.454429300000000467e+02,8.831000000000000000e+03
6.455175199999999904e+02,8.831000000000000000e+03
6.455920999999999594e+02,8.839000000000000000e+03
6.456666900000000169e+02,8.886000000000000000e+03
6.457412699999999859e+02,8.891000000000000000e+03
6.458158600000000433e+02,8.884000000000000000e+03
6.458904400000000123e+02,8.937000000000000000e+03
6.459650299999999561e+02,8.908000000000000000e+03
6.460396100000000388e+02,8.927000000000000000e+03
6.461141999999999825e+02,8.950000000000000000e+03
6.461887799999999515e+02,8.993000000000000000e+03
6.462633100000000468e+02,8.989000000000000000e+03
6.463378900000000158e+02,9.049000000000000000e+03
6.464124799999999595e+02,9.027000000000000000e+03
6.464870600000000422e+02,9.086000000000000000e+03
6.465616499999999860e+02,9.070000000000000000e+03
6.466361699999999928e+02,9.070000000000000000e+03
6.467107499999999618e+02,9.106000000000000000e+03
6.467853400000000192e+02,9.108000000000000000e+03
6.468599199999999882e+02,9.164000000000000000e+03
6.469344499999999698e+02,9.139000000000000000e+03
6.470090300000000525e+02,9.202000000000000000e+03
6.470836199999999963e+02,9.181000000000000000e+03
6.471581400000000031e+02,9.273000000000000000e+03
6.472327299999999468e+02,9.219000000000000000e+03
6.473073100000000295e+02,9.247000000000000000e+03
6.473818400000000111e+02,9.258000000000000000e+03
6.474564199999999801e+02,9.309000000000000000e+03
6.475309399999999869e+02,9.326000000000000000e+03
6.476055300000000443e+02,9.364000000000000000e+03
6.476800500000000511e+02,9.355000000000000000e+03
6.477546399999999949e+02,9.365000000000000000e+03
6.478291600000000017e+02,9.427000000000000000e+03
6.479037499999999454e+02,9.443000000000000000e+03
6.479782699999999522e+02,9.427000000000000000e+03
6.480528000000000475e+02,9.419000000000000000e+03
6.481273800000000165e+02,9.503000000000000000e+03
6.482019000000000233e+02,9.475000000000000000e+03
6.482764899999999670e+02,9.564000000000000000e+03
6.483510099999999738e+02,9.552000000000000000e+03
6.484255399999999554e+02,9.554000000000000000e+03
6.485000599999999622e+02,9.556000000000000000e+03
6.485746500000000196e+02,9.611000000000000000e+03
6.486491700000000264e+02,9.612000000000000000e+03
6.487236900000000333e+02,9.653000000000000000e+03
6.487982200000000148e+02,9.662000000000000000e+03
6.488727999999999838e+02,9.690000000000000000e+03
6.489473299999999654e+02,9.732000000000000000e+03
6.490218499999999722e+02,9.761000000000000000e+03
6.490963699999999790e+02,9.790000000000000000e+03
6.491708999999999605e+02,9.785000000000000000e+03
6.492454199999999673e+02,9.873000000000000000e+03
6.493199499999999489e+02,9.897000000000000000e+03
6.493944699999999557e+02,9.876000000000000000e+03
6.494689899999999625e+02,9.936000000000000000e+03
6.495435199999999440e+02,9.957000000000000000e+03
6.496180399999999509e+02,9.968000000000000000e+03
6.496925700000000461e+02,1.000000000000000000e+04
6.497670900000000529e+02,1.008600000000000000e+04
6.498416099999999460e+02,1.007000000000000000e+04
6.499161400000000413e+02,1.008200000000000000e+04
6.499906600000000481e+02,1.008100000000000000e+04
6.500651900000000296e+02,1.015600000000000000e+04
6.501397100000000364e+02,1.014400000000000000e+04
6.502142300000000432e+02,1.021500000000000000e+04
6.502887600000000248e+02,1.021700000000000000e+04
6.503632199999999557e+02,1.023200000000000000e+04
6.504377399999999625e+02,1.024800000000000000e+04
6.505122699999999440e+02,1.031900000000000000e+04
6.505867899999999509e+02,1.036000000000000000e+04
6.506612499999999955e+02,1.036600000000000000e+04
6.507357799999999770e+02,1.040600000000000000e+04
6.508102999999999838e+02,1.048000000000000000e+04
6.508847700000000032e+02,1.047200000000000000e+04
6.509592900000000100e+02,1.048000000000000000e+04
6.510338100000000168e+02,1.051600000000000000e+04
6.511082800000000361e+02,1.056000000000000000e+04
6.511828000000000429e+02,1.059900000000000000e+04
6.512572599999999738e+02,1.061500000000000000e+04
6.513317899999999554e+02,1.065400000000000000e+04
6.514062500000000000e+02,1.071300000000000000e+04
6.514807700000000068e+02,1.073800000000000000e+04
6.515552400000000262e+02,1.077700000000000000e+04
6.516297600000000330e+02,1.076200000000000000e+04
6.517042199999999639e+02,1.082500000000000000e+04
6.517787499999999454e+02,1.088000000000000000e+04
6.518532099999999900e+02,1.092700000000000000e+04
6.519277299999999968e+02,1.092000000000000000e+04
6.520022000000000162e+02,1.095700000000000000e+04
6.520766599999999471e+02,1.100500000000000000e+04
6.521511799999999539e+02,1.103700000000000000e+04
6.522256499999999733e+02,1.111300000000000000e+04
6.523001100000000179e+02,1.112600000000000000e+04
6.523745699999999488e+02,1.115500000000000000e+04
6.524491000000000440e+02,1.117700000000000000e+04
6.525235599999999749e+02,1.124700000000000000e+04
6.525980200000000195e+02,1.128900000000000000e+04
6.526724900000000389e+02,1.134000000000000000e+04
6.527469499999999698e+02,1.137300000000000000e+04
6.528214699999999766e+02,1.143300000000000000e+04
6.528959399999999960e+02,1.146200000000000000e+04
6.529704000000000406e+02,1.152900000000000000e+04
6.530448599999999715e+02,1.157000000000000000e+04
6.531193200000000161e+02,1.160600000000000000e+04
6.531937900000000354e+02,1.168000000000000000e+04
6.532682499999999663e+02,1.168700000000000000e+04
6.533427100000000110e+02,1.172400000000000000e+04
6.534171800000000303e+02,1.180700000000000000e+04
6.534916399999999612e+02,1.182400000000000000e+04
6.535661000000000058e+02,1.182200000000000000e+04
6.536405600000000504e+02,1.188800000000000000e+04
6.537150299999999561e+02,1.195300000000000000e+04
6.537894900000000007e+02,1.199700000000000000e+04
6.538638899999999694e+02,1.198600000000000000e+04
6.539383500000000140e+02,1.206800000000000000e+04
6.539927400000000262e+02,1.212825838196883160e+04
6.540128200000000334e+02,1.209300000000000000e+04
6.540673799999999574e+02,1.215725848740821129e+04
6.540872799999999643e+02,1.215900000000000000e+04
6.541419700000000148e+02,1.221008010802993704e+04
6.541617400000000089e+02,1.223600000000000000e+04
6.542166099999999460e+02,1.225668742034322349e+04
6.542361499999999523e+02,1.229900000000000000e+04
6.542912000000000035e+02,1.233747342835292147e+04
6.543658400000000483e+02,1.233333055614729710e+04
6.544404299999999921e+02,1.239133076702605467e+04
6.545150800000000118e+02,1.245450956816184407e+04
6.545897200000000566e+02,1.248558110970403686e+04
6.546643100000000004e+02,1.254979562889123190e+04
6.547389500000000453e+02,1.252908126786310459e+04
6.548135399999999890e+02,1.261815302028405495e+04
6.548881800000000339e+02,1.266165317844312267e+04
6.549627699999999777e+02,1.280665370564001751e+04
6.550373499999999467e+02,1.271240336296203532e+04
6.551119999999999663e+02,1.283358237497658411e+04
6.551865800000000490e+02,1.284186811938783467e+04
6.552612299999999550e+02,1.290401120247221843e+04
6.553358200000000124e+02,1.295579710504253671e+04
6.554104599999999436e+02,1.300447585345863808e+04
6.554850500000000011e+02,1.302311877838395230e+04
6.555596900000000460e+02,1.311633340301052885e+04
6.556342799999999897e+02,1.316190499727240967e+04
6.557088599999999587e+02,1.323336954281944963e+04
6.557835099999999784e+02,1.331001267862352324e+04
6.558580899999999474e+02,1.329240547174961466e+04
6.559327399999999670e+02,1.337215576170790700e+04
6.560073200000000497e+02,1.338665581442759503e+04
6.560819099999999935e+02,1.348194187515698286e+04
6.561565600000000131e+02,1.350472767228792509e+04
6.562311399999999821e+02,1.361140663158278221e+04
6.563057300000000396e+02,1.366008537999888358e+04
6.563803699999999708e+02,1.366112109805028922e+04
6.564549600000000282e+02,1.377815723785921182e+04
6.565295399999999972e+02,1.383512173068656375e+04
6.566041900000000169e+02,1.382165739601827954e+04
6.566787699999999859e+02,1.398944372034611479e+04
6.567533600000000433e+02,1.402362241604252631e+04
6.568279400000000123e+02,1.398115797593486423e+04
6.569025900000000320e+02,1.407230116445862586e+04
6.569771700000000010e+02,1.418208727790770354e+04
6.570517599999999447e+02,1.424423036099208730e+04
6.571263999999999896e+02,1.428151621084271756e+04
6.572009900000000471e+02,1.430015913576803177e+04
6.572755700000000161e+02,1.439233804234320087e+04
6.573501599999999598e+02,1.444412394491352097e+04
6.574247400000000425e+02,1.451973136266618712e+04
6.574993899999999485e+02,1.457876729159635033e+04
6.575739700000000312e+02,1.459637449847026073e+04
6.576485599999999749e+02,1.465541042740042394e+04
6.577231399999999439e+02,1.480455382680294497e+04
6.577977300000000014e+02,1.484287539470498086e+04
6.578723800000000210e+02,1.485737544742467071e+04
6.579469599999999900e+02,1.497751874138781204e+04
6.580215500000000475e+02,1.500548312877578428e+04
6.580961300000000165e+02,1.499305451215890753e+04
6.581707199999999602e+02,1.513598360325298927e+04
6.582453000000000429e+02,1.518362663361768318e+04
6.583198899999999867e+02,1.526441264162738116e+04
6.583945300000000316e+02,1.535866298430536335e+04
6.584691199999999753e+02,1.539077024389896178e+04
6.585436999999999443e+02,1.540009170636161798e+04
6.586182900000000018e+02,1.555959228627820266e+04
6.586928699999999708e+02,1.562069965131118079e+04
6.587674600000000282e+02,1.566937839972728034e+04
6.588420399999999972e+02,1.572737861060603791e+04
6.589166300000000547e+02,1.579780743810167223e+04
6.589912100000000237e+02,1.586823626559730656e+04
6.590657999999999674e+02,1.597180807073794676e+04
6.591403800000000501e+02,1.607020128562155332e+04
6.592149699999999939e+02,1.607537987587858515e+04
6.592895499999999629e+02,1.617791596296781790e+04
6.593641400000000203e+02,1.625248766266907842e+04
6.594387199999999893e+02,1.629391638472533305e+04
6.595133100000000468e+02,1.640784537038003691e+04
6.595878900000000158e+02,1.645652411879613646e+04
6.596624799999999595e+02,1.655181017952552429e+04
6.597370600000000422e+02,1.664191764999788211e+04
6.598116499999999860e+02,1.669163211646538912e+04
6.598862299999999550e+02,1.677759671473211711e+04
6.599608200000000124e+02,1.687598992961572367e+04
6.600353999999999814e+02,1.697749029865355260e+04
6.601099900000000389e+02,1.705516915250903185e+04
6.601845700000000079e+02,1.715045521323841967e+04
6.602591599999999517e+02,1.717634816452357700e+04
6.603336799999999585e+02,1.722813406709389892e+04
6.604082600000000411e+02,1.737520603039360503e+04
6.604828499999999849e+02,1.748706357994549398e+04
6.605574299999999539e+02,1.758234964067488181e+04
6.606320200000000114e+02,1.766727852089020598e+04
6.607065999999999804e+02,1.773460019423162157e+04
6.607811900000000378e+02,1.782781481885819812e+04
6.608557100000000446e+02,1.795210098502696565e+04
6.609302999999999884e+02,1.804635132770494602e+04
6.610048799999999574e+02,1.808156574145276318e+04
6.610794700000000148e+02,1.815199456894839750e+04
6.611540499999999838e+02,1.825556637408903771e+04
6.612285799999999654e+02,1.834256669040717316e+04
6.613031600000000481e+02,1.845753139411328448e+04
6.613777499999999918e+02,1.851656732304344769e+04
6.614523299999999608e+02,1.862842487259533664e+04
6.615269200000000183e+02,1.868642508347409603e+04
6.616014400000000251e+02,1.883349704677380214e+04
6.616760299999999688e+02,1.889149725765256153e+04
6.617506100000000515e+02,1.892464023529756378e+04
6.618251299999999446e+02,1.909035512352258957e+04
6.618997200000000021e+02,1.921774844384557218e+04
6.619742999999999711e+02,1.926642719226167537e+04
6.620488900000000285e+02,1.944871356930919865e+04
6.621234100000000353e+02,1.944042782489794627e+04
6.621979999999999791e+02,1.955953540080968378e+04
6.622725799999999481e+02,1.966932151425876145e+04
6.623471100000000433e+02,1.976564329303955310e+04
6.624216900000000123e+02,1.981225060535284138e+04
6.624962199999999939e+02,1.992100100075051159e+04
6.625707999999999629e+02,2.001110847122286941e+04
6.626453900000000203e+02,2.012400173882616582e+04
6.627199100000000271e+02,2.022032351760696110e+04
6.627944899999999961e+02,2.029593093535962544e+04
6.628690800000000536e+02,2.035600258234119610e+04
6.629435999999999467e+02,2.053828895938872301e+04
6.630181900000000041e+02,2.064186076452935959e+04
6.630927100000000110e+02,2.069468238515108533e+04
6.631672999999999547e+02,2.074025397941296615e+04
6.632418199999999615e+02,2.089975455932955083e+04
6.633164100000000190e+02,2.105407654898910550e+04
6.633909300000000258e+02,2.110379101545660887e+04
6.634655199999999695e+02,2.121046997475146782e+04
6.635400399999999763e+02,2.130575603548085564e+04
6.636146199999999453e+02,2.146007802514041032e+04
6.636891500000000406e+02,2.156157839417823561e+04
6.637637300000000096e+02,2.166307876321606091e+04
6.638382599999999911e+02,2.176250769615107492e+04
6.639128399999999601e+02,2.187436524570296388e+04
6.639873700000000554e+02,2.197379417863797789e+04
6.640619500000000244e+02,2.204215157003080094e+04
6.641364700000000312e+02,2.219647355969035198e+04
6.642110599999999749e+02,2.226690238718598630e+04
6.642855799999999817e+02,2.240983147828006986e+04
6.643601700000000392e+02,2.244815304618210575e+04
6.644346900000000460e+02,2.253515336250024120e+04
6.645092200000000275e+02,2.275783274355261528e+04
6.645837999999999965e+02,2.279719002950605864e+04
6.646583299999999781e+02,2.293494053034310855e+04
6.647328499999999849e+02,2.304783379794640496e+04
6.648074299999999539e+02,2.319076288904048852e+04
6.648819600000000491e+02,2.327465605120440523e+04
6.649565400000000182e+02,2.338962075491051291e+04
6.650310699999999997e+02,2.349733543225677931e+04
6.651055900000000065e+02,2.364233595945367415e+04
6.651801100000000133e+02,2.373658630213165452e+04
6.652546999999999571e+02,2.386294390440323332e+04
6.653292199999999639e+02,2.399965868718887941e+04
6.654037499999999454e+02,2.412290913530623948e+04
6.654783300000000281e+02,2.426376679029750812e+04
6.655528600000000097e+02,2.429587404989110655e+04
6.656273800000000165e+02,2.438494580231205691e+04
6.657019000000000233e+02,2.461280377362146100e+04
6.657764899999999670e+02,2.472362560512194614e+04
6.658510099999999738e+02,2.479716158677179919e+04
6.659255399999999554e+02,2.487898331283290463e+04
6.660000599999999622e+02,2.501051950536151344e+04
6.660746500000000196e+02,2.516277005891825320e+04
6.661491700000000264e+02,2.525909183769904848e+04
6.662236900000000333e+02,2.536784223309671870e+04
6.662982200000000148e+02,2.552319994080767719e+04
6.663727400000000216e+02,2.569098626513551426e+04
6.664472700000000032e+02,2.575830793847692985e+04
6.665218499999999722e+02,2.590641561982804342e+04
6.665963699999999790e+02,2.599134450004336759e+04
6.666708999999999605e+02,2.612702356477760259e+04
6.667454199999999673e+02,2.631863140428778570e+04
6.668199499999999489e+02,2.642220320942842591e+04
6.668944699999999557e+02,2.648952488276984150e+04
6.669689899999999625e+02,2.662727538360689141e+04
6.670435199999999440e+02,2.677538306495800498e+04
6.671180399999999509e+02,2.686031194517332915e+04
6.671925700000000461e+02,2.700841962652444272e+04
6.672671500000000151e+02,2.714513440931008518e+04
6.673416700000000219e+02,2.716274161618399376e+04
6.674162000000000035e+02,2.728081347404432381e+04
6.674907200000000103e+02,2.738956386944199403e+04
6.675652499999999918e+02,2.760292178803171191e+04
6.676397699999999986e+02,2.768888638629843990e+04
6.677142900000000054e+02,2.782456545103267854e+04
6.677888199999999870e+02,2.789085140632268667e+04
6.678633399999999938e+02,2.803170906131395532e+04
6.679378699999999753e+02,2.822435261887554589e+04
6.680123899999999821e+02,2.828028139365149036e+04
6.680868500000000267e+02,2.841388902228291408e+04
6.681613800000000083e+02,2.850296077470386444e+04
6.682359000000000151e+02,2.869146146005982519e+04
6.683104200000000219e+02,2.881367619012578143e+04
6.683849500000000035e+02,2.891517655916360673e+04
6.684594700000000103e+02,2.900010543937893090e+04
6.685339999999999918e+02,2.912335588749629096e+04
6.686085199999999986e+02,2.931082085480084788e+04
6.686830400000000054e+02,2.932635662557194519e+04
6.687575699999999870e+02,2.947757146107727749e+04
6.688320300000000316e+02,2.960185762724604501e+04
6.689065600000000131e+02,2.968678650746136918e+04
6.689810800000000199e+02,2.987839434697154866e+04
6.690556000000000267e+02,2.993225168564468186e+04
6.691301300000000083e+02,3.018600260823924691e+04
6.692046500000000151e+02,3.012075237100064624e+04
6.692791099999999460e+02,3.027818151481441600e+04
6.693536400000000413e+02,3.043146778642256322e+04
6.694281600000000481e+02,3.053503959156319979e+04
6.695026900000000296e+02,3.066657578409181224e+04
6.695771499999999605e+02,3.075668325456417006e+04
6.696516699999999673e+02,3.086336221385902900e+04
6.697261999999999489e+02,3.096693401899966557e+04
6.698007199999999557e+02,3.114714895994437757e+04
6.698751800000000003e+02,3.118547052784641346e+04
6.699497099999999818e+02,3.137086405904815911e+04
6.700242299999999886e+02,3.143818573238957470e+04
6.700987499999999955e+02,3.151068599598802030e+04
6.701732200000000148e+02,3.148479304470286297e+04
6.702477400000000216e+02,3.165257936903069640e+04
6.703222700000000032e+02,3.185454438905494317e+04
6.703967300000000478e+02,3.181415138505009236e+04
6.704712500000000546e+02,3.194154470537307861e+04
6.705457199999999602e+02,3.202336643143418405e+04
6.706202399999999670e+02,3.208447379646716217e+04
6.706947599999999738e+02,3.223258147781827574e+04
6.707692299999999932e+02,3.220979568068733352e+04
6.708437500000000000e+02,3.242211788122564394e+04
6.709182100000000446e+02,3.236101051619266946e+04
6.709927400000000262e+02,3.249876101702971937e+04
6.710672600000000330e+02,3.255676122790847512e+04
6.711417199999999639e+02,3.270797606341380742e+04
6.712162499999999454e+02,3.282604792127413384e+04
6.712907099999999900e+02,3.286747664333039575e+04
6.713652299999999968e+02,3.288819100435852306e+04
6.714397000000000162e+02,3.302387006909275806e+04
6.715142200000000230e+02,3.316265628798121179e+04
6.715886799999999539e+02,3.313987049085027684e+04
6.716632100000000491e+02,3.316162056992980797e+04
6.717376699999999801e+02,3.330144250686967280e+04
6.718121899999999869e+02,3.339362141344483825e+04
6.718866600000000062e+02,3.344644303406656400e+04
6.719611800000000130e+02,3.342262151888421795e+04
6.720356399999999439e+02,3.359662215152048884e+04
6.721101099999999633e+02,3.365462236239924823e+04
6.721846299999999701e+02,3.365255092629643332e+04
6.722590900000000147e+02,3.373022978015191620e+04
6.723336199999999963e+02,3.385762310047489882e+04
6.724080800000000409e+02,3.386798028098896611e+04
6.724825399999999718e+02,3.391458759330225439e+04
6.725570699999999533e+02,3.399123072910632618e+04
6.726315299999999979e+02,3.406683814685899415e+04
6.727059900000000425e+02,3.410515971476103005e+04
6.727805200000000241e+02,3.415073130902290723e+04
6.728549799999999550e+02,3.419216003107916913e+04
6.729294399999999996e+02,3.424083877949526504e+04
6.730039699999999812e+02,3.431851763335074793e+04
6.730784300000000258e+02,3.433716055827606033e+04
6.731528899999999567e+02,3.428537465570573841e+04
6.732274200000000519e+02,3.436201779150981747e+04
6.733018799999999828e+02,3.445108954393076419e+04
6.733763400000000274e+02,3.451737549922077596e+04
6.734508100000000468e+02,3.451116119091233122e+04
6.735252699999999777e+02,3.462612589461844618e+04
6.735997899999999845e+02,3.459194719892203284e+04
6.736742600000000039e+02,3.464787597369797732e+04
6.737487200000000485e+02,3.472037623729642655e+04
6.738231799999999794e+02,3.468205466939439066e+04
6.738976400000000240e+02,3.463337592097828747e+04
6.739721700000000055e+02,3.470898333873095544e+04
6.740466300000000501e+02,3.468412610549719830e+04
6.741210899999999810e+02,3.473591200806752022e+04
6.741955600000000004e+02,3.475869780519846245e+04
6.742700200000000450e+02,3.479598365504909452e+04
6.743444799999999759e+02,3.479184078284346469e+04
6.744189499999999953e+02,3.482912663269409677e+04
6.744934700000000021e+02,3.486123389228769520e+04
6.745679300000000467e+02,3.479494793699768343e+04
6.746423999999999523e+02,3.485398386592784664e+04
6.747168599999999969e+02,3.491819838511504349e+04
6.747913200000000415e+02,3.486226961033909902e+04
6.748657799999999725e+02,3.482601947853987804e+04
6.749402499999999918e+02,3.483016235074550059e+04
6.750147100000000364e+02,3.490162689629254601e+04
6.750891699999999673e+02,3.485709102008206537e+04
6.751636399999999867e+02,3.476801926766111865e+04
6.752381000000000313e+02,3.482498376048847422e+04
6.753125599999999622e+02,3.474834062468439515e+04
6.753870200000000068e+02,3.478976934674064978e+04
6.754614900000000262e+02,3.466030459031485225e+04
6.755359499999999571e+02,3.471105477483377035e+04
6.756104100000000017e+02,3.468723325965142431e+04
6.756848800000000210e+02,3.464166166538953985e+04
6.757593399999999519e+02,3.461887586825859762e+04
6.758337999999999965e+02,3.466651889862328972e+04
6.759081999999999653e+02,3.456812568373968679e+04
6.759826699999999846e+02,3.454119701440312201e+04
6.760571300000000292e+02,3.447801821326732897e+04
6.761315899999999601e+02,3.442726802874841815e+04
6.762060500000000047e+02,3.442416087459419941e+04
6.762805200000000241e+02,3.438583930669216352e+04
6.763549799999999550e+02,3.440448223161747592e+04
6.764293800000000374e+02,3.432991053191621904e+04
6.765038500000000568e+02,3.418491000471932057e+04
6.765783099999999877e+02,3.421494582821010408e+04
6.766527700000000323e+02,3.417455282420526055e+04
6.767272299999999632e+02,3.405130237608790048e+04
6.768016400000000203e+02,3.404198091362523701e+04
6.768760999999999513e+02,3.392494477381631441e+04
6.769505599999999959e+02,3.393840910848460044e+04
6.770250200000000405e+02,3.383587302139536769e+04
6.770994299999999839e+02,3.379030142713348323e+04
6.771738900000000285e+02,3.381826581452145911e+04
6.772483499999999594e+02,3.364115802773096948e+04
6.773227500000000418e+02,3.357383635438955389e+04
6.773972199999999475e+02,3.350962183520235703e+04
6.774716799999999921e+02,3.337912136072514841e+04
6.775461400000000367e+02,3.342572867303843668e+04
6.776205400000000054e+02,3.333458548451467504e+04
6.776950100000000248e+02,3.323412083352825721e+04
6.777694099999999935e+02,3.319269211147200258e+04
6.778438700000000381e+02,3.311812041177073843e+04
6.779183299999999690e+02,3.300833429832166439e+04
6.779927400000000262e+02,3.289440531266696053e+04
6.780671999999999571e+02,3.278979778947491286e+04
6.781416000000000395e+02,3.266447590525474152e+04
6.782160599999999704e+02,3.258472561529644736e+04
6.782905299999999897e+02,3.249047527261846699e+04
6.783649299999999585e+02,3.240036780214610917e+04
6.784393900000000031e+02,3.237343913280954439e+04
6.785137899999999718e+02,3.218390272940217619e+04
6.785882599999999911e+02,3.211658105606076060e+04
6.786626599999999598e+02,3.197261624691527322e+04
6.787371200000000044e+02,3.192393749849917003e+04
6.788115199999999732e+02,3.178722271571352758e+04
6.788859899999999925e+02,3.171368673406367452e+04
6.789603899999999612e+02,3.172611535068054945e+04
6.790348500000000058e+02,3.155107899999287110e+04
6.791092499999999745e+02,3.140607847279597627e+04
6.791836499999999432e+02,3.137189977709956656e+04
6.792581199999999626e+02,3.117407762928094598e+04
6.793325200000000450e+02,3.114197036968734756e+04
6.794069799999999759e+02,3.106325579778046085e+04
6.794813799999999446e+02,3.081675490154574072e+04
6.795557900000000018e+02,3.071007594225088178e+04
6.796302500000000464e+02,3.070179019783962940e+04
6.797046500000000151e+02,3.059096836633914791e+04
6.797790499999999838e+02,3.050293233196960500e+04
6.798535200000000032e+02,3.034446747010442414e+04
6.799279199999999719e+02,3.026678861624894489e+04
6.800023200000000543e+02,3.013835957787455482e+04
6.800767799999999852e+02,3.003375205468250715e+04
6.801511799999999539e+02,2.984317993322373150e+04
6.802255900000000111e+02,2.973235810172325000e+04
6.803000500000000557e+02,2.967021501863886442e+04
6.803744500000000244e+02,2.959875047309182628e+04
6.804488499999999931e+02,2.951382159287650211e+04
6.805232499999999618e+02,2.928285646741287565e+04
6.805976600000000190e+02,2.922796341068833863e+04
6.806721199999999499e+02,2.909642721815972618e+04
6.807465200000000323e+02,2.900217687548174217e+04
6.808209200000000010e+02,2.901564121015002820e+04
6.808953199999999697e+02,2.879917613740609158e+04
6.809697300000000268e+02,2.869249717811123264e+04
6.810441899999999578e+02,2.855474667727418273e+04
6.811185900000000402e+02,2.845324630823635744e+04
6.811929900000000089e+02,2.827510280339445671e+04
6.812673999999999523e+02,2.826267418677758178e+04
6.813418000000000347e+02,2.810110217075818582e+04
6.814162000000000035e+02,2.801306613638863928e+04
6.814905999999999722e+02,2.793228012837894130e+04
6.815650000000000546e+02,2.775517234158844803e+04
6.816394000000000233e+02,2.765470769060203020e+04
6.817138099999999667e+02,2.751385003561076155e+04
6.817882100000000491e+02,2.741856397488137372e+04
6.818626699999999801e+02,2.731395645168932606e+04
6.819370699999999488e+02,2.729324209066119874e+04
6.820114700000000312e+02,2.711302714971648675e+04
6.820858799999999746e+02,2.703327685975819622e+04
6.821602799999999434e+02,2.689034776866411266e+04
6.822346199999999499e+02,2.674949011367284402e+04
6.823090200000000323e+02,2.667077554176595731e+04
6.823834200000000010e+02,2.653095360482609613e+04
6.824578199999999697e+02,2.640563172060592478e+04
6.825322300000000268e+02,2.631138137792794078e+04
6.826066299999999956e+02,2.630102419741387712e+04
6.826810299999999643e+02,2.612288069257198003e+04
6.827554300000000467e+02,2.602966606794540348e+04
6.828298300000000154e+02,2.584323681869225402e+04
6.829042399999999589e+02,2.580905812299584068e+04
6.829786400000000413e+02,2.572205780667770523e+04
6.830529800000000478e+02,2.552319994080767719e+04
6.831273800000000165e+02,2.549316411731689368e+04
6.832017799999999852e+02,2.534402071791437265e+04
6.832761799999999539e+02,2.523527032251670244e+04
6.833505900000000111e+02,2.511305559245074619e+04
6.834249899999999798e+02,2.497219793745947754e+04
6.834993299999999863e+02,2.492455490709478545e+04
6.835737299999999550e+02,2.475884001886976330e+04
6.836481300000000374e+02,2.468116116501428405e+04
6.837225300000000061e+02,2.459830372090177116e+04
6.837968799999999874e+02,2.442016021605987407e+04
6.838712799999999561e+02,2.436008856907830341e+04
6.839456800000000385e+02,2.427308825276016432e+04
6.840200200000000450e+02,2.411669482699780201e+04
6.840944200000000137e+02,2.404315884534794532e+04
6.841688199999999824e+02,2.395926568318402860e+04
6.842431599999999889e+02,2.393751560410449383e+04
6.843175700000000461e+02,2.380597941157588502e+04
6.843919700000000148e+02,2.368894327176696243e+04
6.844663100000000213e+02,2.354912133482709760e+04
6.845407099999999900e+02,2.338237072855066799e+04
6.846151099999999587e+02,2.317419140021798376e+04
6.846894499999999653e+02,2.305922669651187607e+04
6.847638500000000477e+02,2.282204726273981214e+04
6.848382000000000289e+02,2.281065436417434103e+04
6.849125999999999976e+02,2.262733226907541030e+04
6.849869999999999663e+02,2.254033195275727485e+04
6.850613399999999729e+02,2.248233174187851546e+04
6.851357400000000553e+02,2.230729539119083711e+04
6.852100799999999481e+02,2.218093778891925831e+04
6.852844800000000305e+02,2.210636608921799780e+04
6.853588300000000118e+02,2.193443689268453454e+04
6.854332299999999805e+02,2.192407971217047088e+04
6.855075699999999870e+02,2.176768628640810857e+04
6.855819099999999935e+02,2.174904336148279253e+04
6.856563099999999622e+02,2.172729328240325776e+04
6.857306499999999687e+02,2.167032878957590583e+04
6.858050500000000511e+02,2.158436419130917420e+04
6.858793899999999439e+02,2.151186392771072860e+04
6.859538000000000011e+02,2.140104209621024347e+04
6.860281400000000076e+02,2.135029191169133264e+04
6.861024800000000141e+02,2.123843436213944005e+04
6.861768799999999828e+02,2.106961231976019917e+04
6.862512199999999893e+02,2.096086192436252895e+04
6.863255599999999959e+02,2.087282588999298605e+04
6.863999599999999646e+02,2.072161105448765375e+04
6.864742999999999711e+02,2.061803924934701354e+04
6.865486499999999523e+02,2.051757459836059206e+04
6.866230500000000347e+02,2.038603840583198325e+04
6.866973900000000413e+02,2.034564540182713245e+04
6.867717300000000478e+02,2.024828790499493334e+04
6.868460700000000543e+02,2.012089458467194709e+04
6.869204700000000230e+02,2.005357291133053150e+04
6.869948100000000295e+02,1.993239389931598271e+04
6.870691500000000360e+02,1.980707201509581137e+04
6.871434900000000425e+02,1.973146459734314340e+04
6.872178999999999860e+02,1.962064276584265826e+04
6.872922399999999925e+02,1.942592777217825642e+04
6.873665799999999990e+02,1.941557059166419276e+04
6.874409200000000055e+02,1.929542729770105143e+04
6.875152600000000120e+02,1.924260567707932569e+04
6.875896000000000186e+02,1.914524818024712658e+04
6.876639400000000251e+02,1.896710467540522586e+04
6.877383399999999938e+02,1.891117590062928139e+04
6.878126800000000003e+02,1.881899699405411229e+04
6.878870200000000068e+02,1.875063960266129288e+04
6.879613600000000133e+02,1.862842487259533664e+04
6.880357099999999946e+02,1.851656732304344769e+04
6.881100500000000011e+02,1.845442423995906574e+04
6.881843900000000076e+02,1.834774528066420680e+04
6.882587300000000141e+02,1.824520919357497405e+04
6.883330700000000206e+02,1.813024448986886273e+04
6.884074100000000271e+02,1.812817305376605145e+04
6.884817500000000337e+02,1.798731539877478281e+04
6.885560900000000402e+02,1.802045837641978505e+04
6.886304300000000467e+02,1.787442213117148640e+04
6.887047700000000532e+02,1.776670745382522000e+04
6.887791099999999460e+02,1.767349282919864709e+04
6.888534499999999525e+02,1.763309982519379628e+04
6.889278000000000475e+02,1.753263517420737480e+04
6.890021400000000540e+02,1.742906336906673823e+04
6.890764799999999468e+02,1.739074180116470234e+04
6.891507599999999911e+02,1.730892007510359690e+04
6.892250999999999976e+02,1.718256247283201810e+04
6.892994400000000041e+02,1.717427672842076572e+04
6.893737800000000107e+02,1.705827630666325058e+04
6.894481200000000172e+02,1.698266888891058261e+04
6.895224600000000237e+02,1.691534721556916702e+04
6.895968000000000302e+02,1.683145405340525031e+04
6.896710799999999608e+02,1.676723953421805345e+04
6.897454199999999673e+02,1.670198929697945277e+04
6.898197599999999738e+02,1.665848913882038323e+04
6.898940999999999804e+02,1.661395326260990987e+04
6.899683800000000247e+02,1.650416714916083220e+04
6.900427200000000312e+02,1.645652411879613646e+04
6.901170700000000124e+02,1.636434521222096737e+04
6.901914100000000190e+02,1.628770207641689558e+04
6.902656899999999496e+02,1.622452327528110618e+04
6.903400299999999561e+02,1.619552316984172649e+04
6.904143699999999626e+02,1.608055846613561698e+04
6.904886500000000069e+02,1.598630812345763661e+04
6.905629900000000134e+02,1.598941527761185534e+04
6.906373300000000199e+02,1.592416504037325285e+04
6.907116099999999506e+02,1.586409339339168218e+04
6.907859499999999571e+02,1.575948587019963634e+04
6.908602300000000014e+02,1.570769996762931623e+04
6.909345700000000079e+02,1.562898539572243135e+04
6.910089100000000144e+02,1.559791385418023856e+04
6.910831899999999450e+02,1.562277108741399206e+04
6.911575299999999515e+02,1.544462758257209316e+04
6.912318099999999959e+02,1.545187760893193808e+04
6.913061500000000024e+02,1.534934152184270533e+04
6.913804300000000467e+02,1.531826998030051436e+04
6.914547700000000532e+02,1.520848386685143669e+04
6.915290499999999838e+02,1.526234120552456807e+04
6.916033899999999903e+02,1.516498370869236896e+04
6.916776700000000346e+02,1.513494788520158363e+04
6.917520100000000411e+02,1.504898328693485200e+04
6.918262899999999718e+02,1.497544730528499895e+04
6.919006299999999783e+02,1.493091142907452377e+04
6.919749100000000226e+02,1.493505430128014996e+04
6.920491899999999532e+02,1.485012542106482579e+04
6.921235400000000482e+02,1.476623225890090725e+04
6.921978100000000040e+02,1.475794651448965669e+04
6.922721599999999853e+02,1.475276792423262486e+04
6.923464400000000296e+02,1.464194609273214155e+04
6.924207199999999602e+02,1.457566013744213160e+04
6.924950599999999667e+02,1.454562431395134627e+04
6.925693400000000111e+02,1.448658838502118306e+04
6.926436200000000554e+02,1.441305240337132818e+04
6.927179599999999482e+02,1.438612373403476340e+04
6.927922399999999925e+02,1.440787381311429635e+04
6.928665200000000368e+02,1.431983777874475345e+04
6.929407999999999674e+02,1.427115903032865390e+04
6.930151399999999740e+02,1.419348017647317465e+04
6.930894200000000183e+02,1.418623015011332973e+04
6.931636999999999489e+02,1.408472978107550261e+04
6.932379799999999932e+02,1.408990837133253444e+04
6.933122600000000375e+02,1.408680121717831571e+04
6.933866000000000440e+02,1.401533667163127393e+04
6.934608799999999746e+02,1.398840800229470915e+04
6.935351600000000190e+02,1.391383630259344864e+04
6.936094399999999496e+02,1.384237175704640686e+04
6.936837199999999939e+02,1.374812141436842649e+04
6.937580000000000382e+02,1.374294282411139466e+04
6.938322799999999688e+02,1.372015702698045425e+04
6.939065600000000131e+02,1.366940684246153978e+04
6.939809000000000196e+02,1.364972819948481811e+04
6.940551799999999503e+02,1.359897801496590546e+04
6.941294599999999946e+02,1.355651357485824337e+04
6.942037400000000389e+02,1.353579921383011606e+04
6.942780199999999695e+02,1.349022761956823524e+04
6.943522900000000391e+02,1.341565591986697473e+04
6.944265699999999697e+02,1.336387001729665462e+04
6.945008500000000140e+02,1.332658416744602437e+04
6.945751299999999446e+02,1.328101257318414355e+04
6.946494099999999889e+02,1.323129810671663654e+04
6.947236900000000333e+02,1.319608369296881938e+04
6.947979699999999639e+02,1.316190499727240967e+04
6.948721900000000460e+02,1.312979773767881125e+04
6.949464699999999766e+02,1.310908337665068393e+04
6.950207500000000209e+02,1.302001162422973357e+04
6.950950299999999515e+02,1.299411867294457443e+04
6.951693099999999959e+02,1.294336848842565996e+04
6.952435900000000402e+02,1.285533245405611706e+04
6.953178699999999708e+02,1.287501109703283873e+04
6.953921500000000151e+02,1.282011804030829990e+04
6.954663699999999835e+02,1.279526080707454639e+04
6.955406500000000278e+02,1.276315354748094796e+04
6.956149299999999585e+02,1.273726059619578882e+04
6.956892100000000028e+02,1.268443897557406308e+04
6.957634900000000471e+02,1.260158153146155200e+04
6.958377100000000155e+02,1.261608158418124185e+04
6.959119899999999461e+02,1.257672429822779850e+04
6.959862699999999904e+02,1.253529557617154205e+04
6.960604899999999589e+02,1.251354549709200910e+04
6.961347700000000032e+02,1.248040251944700503e+04
6.962090500000000475e+02,1.241515228220840254e+04
6.962833299999999781e+02,1.241929515441402691e+04
6.963575399999999718e+02,1.235922350743245624e+04
6.964318200000000161e+02,1.233540199225011020e+04
6.965060399999999845e+02,1.223804449541790927e+04
6.965803200000000288e+02,1.221215154413274831e+04
6.966545999999999594e+02,1.222768731490384562e+04
6.967288200000000415e+02,1.220075864556727902e+04
6.968030999999999722e+02,1.214690130689414582e+04
6.968773200000000543e+02,1.207543676134710586e+04
6.969515999999999849e+02,1.206715101693585530e+04
6.970258800000000292e+02,1.205368668226757109e+04
6.971000999999999976e+02,1.200500793385147153e+04
6.971743800000000419e+02,1.196772208400084128e+04
6.972486000000000104e+02,1.196254349374380945e+04
6.973228800000000547e+02,1.188590035793973584e+04
6.973970900000000483e+02,1.193043623415021102e+04
6.974713699999999790e+02,1.191282902727630244e+04
6.975455899999999474e+02,1.183722160952363629e+04
6.976198100000000295e+02,1.180822150408425659e+04
6.976940899999999601e+02,1.176057847371956268e+04
6.977683100000000422e+02,1.177197137228503379e+04
6.978425899999999729e+02,1.173779267658862227e+04
6.979168100000000550e+02,1.169843539063517892e+04
6.979910300000000234e+02,1.167875674765845724e+04
6.980653099999999540e+02,1.164147089780782881e+04
6.981395300000000361e+02,1.158554212303188251e+04
6.982138099999999667e+02,1.157518494251781885e+04
6.982880199999999604e+02,1.153272050241015677e+04
6.983622400000000425e+02,1.149854180671374706e+04
6.984364600000000110e+02,1.149232749840530778e+04
6.985107400000000553e+02,1.150889898722781072e+04
6.985849600000000237e+02,1.143950587778358204e+04
6.986591799999999921e+02,1.144572018609201950e+04
6.987334600000000364e+02,1.135871986977388406e+04
6.988076800000000048e+02,1.134732697120841294e+04
6.988818999999999733e+02,1.136182702392810279e+04
6.989561200000000554e+02,1.135043412536263168e+04
6.990303300000000490e+02,1.135561271561966350e+04
6.991046099999999797e+02,1.131521971161481451e+04
6.991788299999999481e+02,1.125411234658183821e+04
6.992530500000000302e+02,1.126239809099308877e+04
6.993272699999999986e+02,1.126964811735293370e+04
6.994014899999999670e+02,1.121682649673120795e+04
6.994757100000000491e+02,1.119507641765167318e+04
6.995499300000000176e+02,1.115882628585245038e+04
6.996241499999999860e+02,1.114432623313276054e+04
6.996983599999999797e+02,1.115986200390385602e+04
6.997726400000000240e+02,1.114018336092713434e+04
6.998468599999999924e+02,1.110807610133353774e+04
6.999210799999999608e+02,1.110082607497369281e+04
6.999953000000000429e+02,1.107493312368853185e+04
7.000695200000000114e+02,1.102832581137524539e+04
7.001437399999999798e+02,1.098482565321617585e+04
7.002179599999999482e+02,1.098068278101055148e+04
7.002921800000000303e+02,1.100554001424430498e+04
7.003663299999999481e+02,1.097032560049648782e+04
7.004405500000000302e+02,1.092268257013179391e+04
7.005147699999999986e+02,1.092268257013179391e+04
7.005889899999999670e+02,1.093614690480007630e+04
7.006632100000000491e+02,1.093200403259445011e+04
7.007374300000000176e+02,1.083982512601928102e+04
7.008116499999999860e+02,1.083775368991646974e+04
7.008858599999999797e+02,1.082221791914537243e+04
7.009600799999999481e+02,1.081807504693974806e+04
7.010342399999999543e+02,1.079011065955177583e+04
7.011084600000000364e+02,1.078286063319193090e+04
7.011826800000000048e+02,1.077043201657505415e+04
7.012568999999999733e+02,1.072900329451879770e+04
7.013311200000000554e+02,1.070311034323363856e+04
7.014052699999999732e+02,1.069793175297660673e+04
7.014794900000000553e+02,1.069378888077098054e+04
7.015537100000000237e+02,1.065857446702316338e+04
7.016278700000000299e+02,1.064096726014925480e+04
7.017020899999999983e+02,1.060057425614440581e+04
7.017763099999999667e+02,1.064407441430347353e+04
7.018505199999999604e+02,1.057985989511627849e+04
7.019246799999999666e+02,1.058089561316768413e+04
7.019989000000000487e+02,1.060471712835003200e+04
7.020730600000000550e+02,1.056535984239658865e+04
7.021472800000000234e+02,1.054464548136846133e+04
7.022214999999999918e+02,1.048457383438689067e+04
7.022956500000000233e+02,1.048146668023267011e+04
7.023698699999999917e+02,1.045971660115313716e+04
7.024440299999999979e+02,1.044728798453626041e+04
7.025182499999999663e+02,1.041828787909688072e+04
7.025924700000000485e+02,1.045868088310172971e+04
7.026666300000000547e+02,1.038721633755468974e+04
7.027408400000000483e+02,1.036546625847515497e+04
7.028150000000000546e+02,1.039964495417156650e+04
7.028892200000000230e+02,1.037271628483499990e+04
7.029633800000000292e+02,1.034578761549843330e+04
7.030375400000000354e+02,1.030228745733936557e+04
7.031117600000000039e+02,1.031989466421327415e+04
7.031859100000000353e+02,1.030643032954498995e+04
7.032601300000000037e+02,1.030125173928795812e+04
7.033342900000000100e+02,1.028053737825983080e+04
7.034085099999999784e+02,1.023600150204935562e+04
7.034826699999999846e+02,1.019146562583888226e+04
7.035568200000000161e+02,1.021321570491841521e+04
7.036310399999999845e+02,1.018007272727341115e+04
7.037051999999999907e+02,1.018214416337622424e+04
7.037793599999999969e+02,1.017800129117059805e+04
7.038535799999999654e+02,1.014278687742278089e+04
7.039277299999999968e+02,1.019353706194169354e+04
7.040018900000000031e+02,1.007857235823558403e+04
7.040760500000000093e+02,1.011378677198340301e+04
7.041502699999999777e+02,1.014071544131996779e+04
7.042244299999999839e+02,1.007235804992714657e+04
7.042985800000000154e+02,1.010239387341793190e+04
7.043727400000000216e+02,1.004750081669339306e+04
7.044469000000000278e+02,1.004232222643636123e+04
7.045211199999999963e+02,1.004335794448776687e+04
7.045952800000000025e+02,1.003092932787089012e+04
7.046694300000000339e+02,1.002264358345963956e+04
7.047435900000000402e+02,9.956357628169631425e+03
7.048177500000000464e+02,9.990536323866041130e+03
7.048919100000000526e+02,9.957393346221037064e+03
7.049660599999999704e+02,9.975000553094945644e+03
7.050402199999999766e+02,9.938750421295722845e+03
7.051144399999999450e+02,9.896285981188060759e+03
7.051885999999999513e+02,9.922178932473219902e+03
7.052627599999999575e+02,9.848642950823366846e+03
7.053369099999999889e+02,9.861071567440243598e+03
7.054110699999999952e+02,9.847607232771959389e+03
7.054852300000000014e+02,9.853821541080398674e+03
7.055593900000000076e+02,9.848642950823366846e+03
7.056335400000000391e+02,9.847607232771959389e+03
7.057077000000000453e+02,9.790642739944609275e+03
7.057817999999999756e+02,9.808249946818517856e+03
7.058559599999999818e+02,9.826892871743832075e+03
7.059301100000000133e+02,9.789607021893201818e+03
7.060042700000000195e+02,9.761642634505229580e+03
7.060784300000000258e+02,9.807214228767110399e+03
7.061525900000000320e+02,9.745071145682726637e+03
7.062267500000000382e+02,9.736785401271476076e+03
7.063008999999999560e+02,9.737821119322881714e+03
7.063750000000000000e+02,9.733678247117257342e+03
7.064491600000000062e+02,9.706749577780690743e+03
7.065233200000000124e+02,9.692249525061000895e+03
7.065974700000000439e+02,9.722285348551786228e+03
7.066716300000000501e+02,9.664285137673028657e+03
7.067457299999999805e+02,9.738856837374289171e+03
7.068198899999999867e+02,9.694320961163813990e+03
7.068940400000000182e+02,9.666356573775841753e+03
7.069681399999999485e+02,9.712963886089128209e+03
7.070422999999999547e+02,9.683963780649750333e+03
7.071164599999999609e+02,9.633213596130837686e+03
7.071905500000000302e+02,9.658070829364591191e+03
7.072647100000000364e+02,9.669463727930060486e+03
7.073388700000000426e+02,9.662213701570215562e+03
7.074129599999999982e+02,9.626999287822398401e+03
7.074871200000000044e+02,9.618713543411147839e+03
7.075612800000000107e+02,9.622856415616774029e+03
7.076353800000000547e+02,9.639427904439275153e+03
7.077095299999999725e+02,9.628035005873805858e+03
7.077836300000000165e+02,9.559677614480982811e+03
7.078577900000000227e+02,9.604213490691457991e+03
7.079318799999999783e+02,9.616642107308334744e+03
7.080060399999999845e+02,9.608356362897084182e+03
7.080801400000000285e+02,9.584534847714736316e+03
7.081543000000000347e+02,9.599034900434426163e+03
7.082283899999999903e+02,9.575213385252078297e+03
7.083025499999999965e+02,9.570034794995046468e+03
7.083766500000000406e+02,9.586606283817549411e+03
7.084508100000000468e+02,9.530677509041604935e+03
7.085249000000000024e+02,9.593856310177394334e+03
7.085990000000000464e+02,9.573141949149267020e+03
7.086731600000000526e+02,9.528606072938791840e+03
7.087472500000000082e+02,9.590749156023175601e+03
7.088213500000000522e+02,9.558641896429577173e+03
7.088955099999999447e+02,9.530677509041604935e+03
7.089696000000000140e+02,9.548284715915513516e+03
7.090436999999999443e+02,9.523427482681760011e+03
7.091178599999999506e+02,9.514106020219101993e+03
7.091919599999999946e+02,9.512034584116288897e+03
7.092660499999999502e+02,9.485105914779724117e+03
7.093401499999999942e+02,9.485105914779724117e+03
7.094143100000000004e+02,9.469570144008626812e+03
7.094883999999999560e+02,9.499605967499412145e+03
7.095625000000000000e+02,9.452998655186125688e+03
7.096366000000000440e+02,9.467498707905813717e+03
7.097106899999999996e+02,9.499605967499412145e+03
7.097848500000000058e+02,9.413641369232682337e+03
7.098589500000000498e+02,9.479927324522690469e+03
7.099330400000000054e+02,9.429177140003777822e+03
7.100071400000000494e+02,9.426069985849559089e+03
7.100812399999999798e+02,9.476820170368471736e+03
7.101553300000000490e+02,9.412605651181276698e+03
7.102294299999999794e+02,9.398105598461586851e+03
7.103035300000000234e+02,9.437462884415028384e+03
7.103776199999999790e+02,9.370141211073614613e+03
7.104517200000000230e+02,9.392927008204555023e+03
7.105258199999999533e+02,9.452998655186125688e+03
7.105999100000000226e+02,9.360819748610956594e+03
7.106740099999999529e+02,9.351498286148298575e+03
7.107481099999999969e+02,9.365998338867988423e+03
7.108221999999999525e+02,9.331819643171576899e+03
7.108962999999999965e+02,9.374284083279238985e+03
7.109704000000000406e+02,9.368069774970801518e+03
7.110444899999999961e+02,9.296605229423759738e+03
7.111185900000000402e+02,9.317319590451888871e+03
7.111926899999999705e+02,9.317319590451888871e+03
7.112667800000000398e+02,9.316283872400481414e+03
7.113408200000000079e+02,9.302819537732199024e+03
7.114149200000000519e+02,9.261390815675942576e+03
7.114890100000000075e+02,9.253105071264692015e+03
7.115631100000000515e+02,9.277962304498445519e+03
7.116372099999999818e+02,9.292462357218135367e+03
7.117112399999999752e+02,9.271747996190006234e+03
7.117853400000000192e+02,9.249997917110473281e+03
7.118594399999999496e+02,9.259319379573129481e+03
7.119335300000000188e+02,9.210640631157029929e+03
7.120075699999999870e+02,9.260355097624536938e+03
7.120816700000000310e+02,9.224104965825312320e+03
7.121557599999999866e+02,9.213747785311248663e+03
7.122297999999999547e+02,9.228247838030938510e+03
7.123038900000000240e+02,9.178533371563431501e+03
7.123779899999999543e+02,9.170247627152180939e+03
7.124520300000000361e+02,9.228247838030938510e+03
7.125261199999999917e+02,9.168176191049367844e+03
7.126001599999999598e+02,9.208569195054216834e+03
7.126742600000000039e+02,9.194069142334526987e+03
7.127483499999999594e+02,9.139176085609988149e+03
7.128223900000000413e+02,9.123640314838892664e+03
7.128964799999999968e+02,9.155747574432491092e+03
7.129705199999999650e+02,9.109140262119202816e+03
7.130446200000000090e+02,9.167140472997962206e+03
7.131186500000000024e+02,9.131926059250143226e+03
7.131927500000000464e+02,9.103961671862170988e+03
7.132667800000000398e+02,9.132961777301550683e+03
7.133408200000000079e+02,9.142283239764208702e+03
7.134149200000000519e+02,9.019032791646846817e+03
7.134889500000000453e+02,9.085318746936856769e+03
7.135630499999999756e+02,9.044925742932007779e+03
7.136370799999999690e+02,9.039747152674975951e+03
7.137111200000000508e+02,9.063568667857321998e+03
7.137852199999999812e+02,9.057354359548884531e+03
7.138592499999999745e+02,9.045961460983413417e+03
7.139332900000000564e+02,9.059425795651697626e+03
7.140073899999999867e+02,9.043890024880600322e+03
7.140814199999999801e+02,9.036639998520755398e+03
7.141554599999999482e+02,9.043890024880600322e+03
7.142295500000000175e+02,9.029389972160912293e+03
7.143035899999999856e+02,8.971389761282152904e+03
7.143776199999999790e+02,9.027318536058099198e+03
7.144516599999999471e+02,9.043890024880600322e+03
7.145257000000000289e+02,8.974496915436373456e+03
7.145997899999999845e+02,8.970354043230747266e+03
7.146738299999999526e+02,8.963104016870902342e+03
7.147478599999999460e+02,8.986925532053250208e+03
7.148219000000000278e+02,8.980711223744810923e+03
7.148959399999999960e+02,8.934103911431522647e+03
7.149699699999999893e+02,8.977604069590592189e+03
7.150440099999999575e+02,8.944461091945588123e+03
7.151180399999999509e+02,8.946532528048399399e+03
7.151920800000000327e+02,8.967246889076528532e+03
7.152661699999999882e+02,8.953782554408244323e+03
7.153402099999999564e+02,8.950675400254025590e+03
7.154142500000000382e+02,8.967246889076528532e+03
7.154882800000000316e+02,8.927889603123085180e+03
7.155623199999999997e+02,8.946532528048399399e+03
7.156363499999999931e+02,8.941353937791367571e+03
7.157103299999999990e+02,8.904068087940737314e+03
7.157843599999999924e+02,8.900960933786518581e+03
7.158583999999999605e+02,8.958961144665276151e+03
7.159324299999999539e+02,8.952746836356838685e+03
7.160064700000000357e+02,8.891639471323862381e+03
7.160805100000000039e+02,8.919603858711834619e+03
7.161545399999999972e+02,8.923746730917458990e+03
7.162285799999999654e+02,8.938246783637148837e+03
7.163025499999999965e+02,8.936175347534335742e+03
7.163765899999999647e+02,8.905103805992144771e+03
7.164506199999999581e+02,8.907175242094957866e+03
7.165246600000000399e+02,8.894746625478081114e+03
7.165986900000000333e+02,8.894746625478081114e+03
7.166726700000000392e+02,8.862639365884482686e+03
7.167467000000000326e+02,8.901996651837926038e+03
7.168207400000000007e+02,8.841925004856355372e+03
7.168947799999999688e+02,8.908210960146363504e+03
7.169687500000000000e+02,8.869889392244327610e+03
7.170427899999999681e+02,8.838817850702134820e+03
7.171168199999999615e+02,8.910282396249176600e+03
7.171907999999999674e+02,8.866782238090108876e+03
7.172648299999999608e+02,8.871960828347140705e+03
7.173388099999999667e+02,8.839853568753542277e+03
7.174128399999999601e+02,8.819139207725414963e+03
7.174868800000000419e+02,8.862639365884482686e+03
7.175608499999999594e+02,8.877139418604172533e+03
7.176348900000000413e+02,8.821210643828226239e+03
7.177088599999999587e+02,8.841925004856355372e+03
7.177829000000000406e+02,8.845032159010574105e+03
7.178568699999999581e+02,8.795317692543067096e+03
7.179309100000000399e+02,8.826389234085258067e+03
7.180048799999999574e+02,8.842960722907761010e+03
7.180789200000000392e+02,8.883353726912610000e+03
7.181528899999999567e+02,8.856425057576043400e+03
7.182268699999999626e+02,8.841925004856355372e+03
7.183008999999999560e+02,8.835710696547916086e+03
7.183748799999999619e+02,8.857460775627450857e+03
7.184489099999999553e+02,8.842960722907761010e+03
7.185228899999999612e+02,8.831567824342291715e+03
7.185968599999999924e+02,8.880246572758391267e+03
7.186708999999999605e+02,8.804639155005725115e+03
7.187448699999999917e+02,8.833639260445102991e+03
7.188188499999999976e+02,8.825353516033852429e+03
7.188928200000000288e+02,8.795317692543067096e+03
7.189668599999999969e+02,8.823282079931039334e+03
7.190408300000000281e+02,8.828460670188071163e+03
7.191148100000000341e+02,8.756996124641031201e+03
7.191887799999999515e+02,8.785996230080409077e+03
7.192628200000000334e+02,8.795317692543067096e+03
7.193367899999999509e+02,8.776674767617752877e+03
7.194107699999999568e+02,8.810853463314162582e+03
7.194847399999999880e+02,8.774603331514939782e+03
7.195587199999999939e+02,8.804639155005725115e+03
7.196326900000000251e+02,8.794281974491661458e+03
7.197066700000000310e+02,8.789103384234629630e+03
7.197807000000000244e+02,8.741460353869935716e+03
7.198546800000000303e+02,8.776674767617752877e+03
7.199286499999999478e+02,8.747674662178373183e+03
7.200026199999999790e+02,8.752853252435405011e+03
7.200765999999999849e+02,8.730067455304464602e+03
7.201505700000000161e+02,8.744567508024154449e+03
7.202245500000000220e+02,8.753888970486812468e+03
7.202985200000000532e+02,8.734210327510090792e+03
7.203724999999999454e+02,8.733174609458683335e+03
7.204464699999999766e+02,8.750781816332591916e+03
7.205204499999999825e+02,8.672067244425707031e+03
7.205943600000000515e+02,8.693817323505241802e+03
7.206683299999999690e+02,8.712460248430556021e+03
7.207423099999999749e+02,8.671031526374299574e+03
7.208162800000000061e+02,8.688638733248208155e+03
7.208902600000000120e+02,8.719710274790400945e+03
7.209642300000000432e+02,8.688638733248208155e+03
7.210382100000000491e+02,8.709353094276337288e+03
7.211121200000000044e+02,8.725924583098838411e+03
7.211861000000000104e+02,8.656531473654611545e+03
7.212600700000000415e+02,8.663781500014456469e+03
7.213340500000000475e+02,8.638924266780702965e+03
7.214079600000000028e+02,8.621317059906794384e+03
7.214819300000000339e+02,8.677245834682738860e+03
7.215559100000000399e+02,8.628567086266637489e+03
7.216298199999999952e+02,8.636852830677889870e+03
7.217038000000000011e+02,8.656531473654611545e+03
7.217777700000000323e+02,8.605781289135697079e+03
7.218516799999999876e+02,8.605781289135697079e+03
7.219256599999999935e+02,8.630638522369450584e+03
7.219996300000000247e+02,8.581959773953351032e+03
7.220735499999999547e+02,8.630638522369450584e+03
7.221475199999999859e+02,8.542602487999907680e+03
7.222214400000000296e+02,8.577816901747724842e+03
7.222954099999999471e+02,8.550888232411158242e+03
7.223693200000000161e+02,8.529138153331625290e+03
7.224433000000000220e+02,8.535352461640062756e+03
7.225172099999999773e+02,8.534316743588657118e+03
7.225911899999999832e+02,8.509459510354903614e+03
7.226651000000000522e+02,8.543638206051315137e+03
7.227390699999999697e+02,8.490816585429587576e+03
7.228129900000000134e+02,8.511530946457716709e+03
7.228869600000000446e+02,8.491852303480995033e+03
7.229608799999999746e+02,8.473209378555678995e+03
7.230347900000000436e+02,8.427637784293798177e+03
7.231087599999999611e+02,8.468030788298647167e+03
7.231826800000000048e+02,8.451459299476146043e+03
7.232565899999999601e+02,8.450423581424738586e+03
7.233305699999999661e+02,8.422459194036766348e+03
7.234044800000000350e+02,8.403816269111452129e+03
7.234783899999999903e+02,8.434887810653643101e+03
7.235523699999999963e+02,8.460780761938802243e+03
7.236262799999999515e+02,8.420387757933953253e+03
7.237001999999999953e+02,8.422459194036766348e+03
7.237741099999999506e+02,8.368601855363634968e+03
7.238480200000000195e+02,8.395530524700199749e+03
7.239220000000000255e+02,8.393459088597388472e+03
7.239959099999999808e+02,8.364458983158008778e+03
7.240698200000000497e+02,8.374816163672072435e+03
7.241437399999999798e+02,8.352030366541132025e+03
7.242176500000000487e+02,8.331316005513004711e+03
7.242915600000000040e+02,8.341673186027068368e+03
7.243654800000000478e+02,8.313708798639096131e+03
7.244393900000000031e+02,8.318887388896127959e+03
7.245133100000000468e+02,8.335458877718629083e+03
7.245872200000000021e+02,8.281601539045497702e+03
7.246611299999999574e+02,8.309565926433469940e+03
7.247350500000000011e+02,8.334423159667223445e+03
7.248089599999999564e+02,8.285744411251123893e+03
7.248828700000000254e+02,8.291958719559561359e+03
7.249567899999999554e+02,8.267101486325807855e+03
7.250307000000000244e+02,8.265030050222994760e+03
7.251046099999999797e+02,8.291958719559561359e+03
7.251785300000000234e+02,8.254672869708931103e+03
7.252524399999999787e+02,8.237065662835022522e+03
7.253263500000000477e+02,8.273315794634247140e+03
7.254002699999999777e+02,8.262958614120181664e+03
7.254741199999999708e+02,8.253637151657525465e+03
7.255480300000000398e+02,8.233958508680803789e+03
7.256219499999999698e+02,8.229815636475177598e+03
7.256958600000000388e+02,8.231887072577990693e+03
7.257697799999999688e+02,8.208065557395644646e+03
7.258436299999999619e+02,8.231887072577990693e+03
7.259175400000000309e+02,8.249494279451899274e+03
7.259914599999999609e+02,8.171815425596420027e+03
7.260653700000000299e+02,8.221529892063927036e+03
7.261392200000000230e+02,8.218422737909708303e+03
7.262131299999999783e+02,8.175958297802046218e+03
7.262870500000000220e+02,8.154208218722511447e+03
7.263609000000000151e+02,8.150065346516886166e+03
7.264348099999999704e+02,8.179065451956264951e+03
7.265086700000000519e+02,8.128315267437351395e+03
7.265825800000000072e+02,8.172851143647826575e+03
7.266564300000000003e+02,8.140743884054228147e+03
7.267303500000000440e+02,8.135565293797196318e+03
7.268042599999999993e+02,8.142815320157041242e+03
7.268781099999999924e+02,8.115886650820475552e+03
7.269520300000000361e+02,8.138672447951415961e+03
7.270258800000000292e+02,8.079636519021251843e+03
7.270997899999999845e+02,8.106565188357817533e+03
7.271736499999999523e+02,8.121065241077507380e+03
7.272474999999999454e+02,8.033029206707963567e+03
7.273214100000000144e+02,8.106565188357817533e+03
7.273952600000000075e+02,8.051672131633278696e+03
7.274691800000000512e+02,8.016457717885461534e+03
7.275430300000000443e+02,8.072386492661406919e+03
7.276168800000000374e+02,8.017493435936868082e+03
7.276907999999999674e+02,8.006100537371397877e+03
7.277646499999999605e+02,7.993671920754521125e+03
7.278384999999999536e+02,8.009207691525616610e+03
7.279123499999999467e+02,7.976064713880612544e+03
7.279862699999999904e+02,7.965707533366548887e+03
7.280601199999999835e+02,7.949136044544045944e+03
7.281339699999999766e+02,7.925314529361698987e+03
7.282078199999999697e+02,7.921171657156073707e+03
7.282817400000000134e+02,7.925314529361698987e+03
7.283555900000000065e+02,7.913921630796228783e+03
7.284294399999999996e+02,7.893207269768101469e+03
7.285032999999999674e+02,7.935671709875763554e+03
7.285771499999999605e+02,7.888028679511069640e+03
7.286509999999999536e+02,7.868350036534347964e+03
7.287248499999999467e+02,7.882850089254036902e+03
7.287987100000000282e+02,7.933600273772950459e+03
7.288725600000000213e+02,7.883885807305443450e+03
7.289464699999999766e+02,7.840385649146375727e+03
7.290203199999999697e+02,7.799992645141525827e+03
7.290941800000000512e+02,7.835207058889342989e+03
7.291680300000000443e+02,7.782385438267617246e+03
7.292418800000000374e+02,7.789635464627462170e+03
7.293156699999999546e+02,7.783421156319023794e+03
7.293895300000000361e+02,7.731635253748704599e+03
7.294633800000000292e+02,7.790671182678868718e+03
7.295372300000000223e+02,7.750278178674019728e+03
7.296110800000000154e+02,7.745099588416986990e+03
7.296849399999999832e+02,7.709885174669169828e+03
7.297587899999999763e+02,7.734742407902923333e+03
7.298326399999999694e+02,7.701599430257919266e+03
7.299064300000000003e+02,7.706778020514951095e+03
7.299802899999999681e+02,7.656027835996037538e+03
7.300541399999999612e+02,7.625992012505252205e+03
7.301279899999999543e+02,7.668456452612914291e+03
7.302018399999999474e+02,7.610456241734156720e+03
7.302756299999999783e+02,7.648777809636192615e+03
7.303494899999999461e+02,7.587670444603216310e+03
7.304233400000000529e+02,7.614599113939782001e+03
7.304971299999999701e+02,7.557634621112430978e+03
7.305709799999999632e+02,7.527598797621645645e+03
7.306448400000000447e+02,7.531741669827270925e+03
7.307186299999999619e+02,7.532777387878677473e+03
7.307924799999999550e+02,7.513098744901955797e+03
7.308662699999999859e+02,7.513098744901955797e+03
7.309401199999999790e+02,7.474777176999919902e+03
7.310139799999999468e+02,7.468562868691481526e+03
7.310877699999999777e+02,7.463384278434448788e+03
7.311616199999999708e+02,7.408491221709910860e+03
7.312354100000000017e+02,7.444741353509134569e+03
7.313092699999999695e+02,7.415741248069754874e+03
7.313830600000000004e+02,7.389848296784595732e+03
7.314569099999999935e+02,7.398134041195846294e+03
7.315307000000000244e+02,7.324598059545993237e+03
7.316044900000000553e+02,7.370169653807874056e+03
7.316783400000000483e+02,7.297669390209426638e+03
7.317521400000000540e+02,7.295597954106613543e+03
7.318259900000000471e+02,7.315276597083335218e+03
7.318997799999999643e+02,7.243812051536294348e+03
7.319735699999999952e+02,7.266597848667234757e+03
7.320473600000000260e+02,7.270740720872860948e+03
7.321212199999999939e+02,7.218954818302540843e+03
7.321950100000000248e+02,7.228276280765198862e+03
7.322688000000000557e+02,7.197204739223006982e+03
7.323426500000000487e+02,7.129883065881591392e+03
7.324164399999999659e+02,7.225169126610979220e+03
7.324902299999999968e+02,7.127811629778778297e+03
7.325640300000000025e+02,7.141275964447061597e+03
7.326378200000000334e+02,7.130918783932997940e+03
7.327116700000000264e+02,7.095704370185180778e+03
7.327854599999999436e+02,7.146454554704093425e+03
7.328592499999999745e+02,7.078097163311272197e+03
7.329330400000000054e+02,7.072918573054240369e+03
7.330068400000000111e+02,7.065668546694395445e+03
7.330806300000000419e+02,7.029418414895171736e+03
7.331544199999999591e+02,7.005596899712824779e+03
7.332282099999999900e+02,7.003525463610011684e+03
7.333020000000000209e+02,6.977632512324851632e+03
7.333757900000000518e+02,7.001454027507199498e+03
7.334495799999999690e+02,6.991096846993134932e+03
7.335233799999999746e+02,6.980739666479071275e+03
7.335971700000000055e+02,6.936203790268596094e+03
7.336709600000000364e+02,6.915489429240468780e+03
7.337447499999999536e+02,6.916525147291875328e+03
7.338185399999999845e+02,6.874060707184213243e+03
7.338923300000000154e+02,6.896846504315153652e+03
7.339660599999999704e+02,6.889596477955308728e+03
7.340398599999999760e+02,6.853346346156085019e+03
7.341136500000000069e+02,6.832631985127957705e+03
7.341874400000000378e+02,6.792238981123107806e+03
7.342612299999999550e+02,6.770488902043573944e+03
7.343349600000000237e+02,6.806739033842797653e+03
7.344087500000000546e+02,6.755988849323884097e+03
7.344825399999999718e+02,6.755988849323884097e+03
7.345563399999999774e+02,6.775667492300605772e+03
7.346300700000000461e+02,6.713524409216222921e+03
7.347038599999999633e+02,6.718702999473254749e+03
7.347776499999999942e+02,6.674167123262779569e+03
7.348513799999999492e+02,6.687631457931062869e+03
7.349251699999999801e+02,6.704202946753564902e+03
7.349989000000000487e+02,6.682452867674031040e+03
7.350726899999999659e+02,6.674167123262779569e+03
7.351464799999999968e+02,6.642059863669182050e+03
7.352202099999999518e+02,6.628595529000898750e+03
7.352940099999999575e+02,6.604774013818551794e+03
7.353677400000000262e+02,6.567488163967921537e+03
7.354415299999999434e+02,6.568523882019328084e+03
7.355152600000000120e+02,6.555059547351044785e+03
7.355890500000000429e+02,6.551952393196826051e+03
7.356627799999999979e+02,6.537452340477136204e+03
7.357365700000000288e+02,6.504309362832131228e+03
7.358102999999999838e+02,6.493952182318067571e+03
7.358840300000000525e+02,6.506380798934944323e+03
7.359578199999999697e+02,6.486702155958222647e+03
7.360315600000000131e+02,6.522952287757446356e+03
7.361052899999999681e+02,6.460809204673063505e+03
7.361790799999999990e+02,6.428701945079465077e+03
7.362528099999999540e+02,6.454594896364625129e+03
7.363265400000000227e+02,6.416273328462588324e+03
7.364003300000000536e+02,6.429737663130871624e+03
7.364740600000000086e+02,6.431809099233684719e+03
7.365477899999999636e+02,6.413166174308369591e+03
7.366215200000000323e+02,6.406951865999931215e+03
7.366952499999999873e+02,6.339630192658515625e+03
7.367690400000000182e+02,6.376916042509145882e+03
7.368427699999999732e+02,6.332380166298670702e+03
7.369165000000000418e+02,6.339630192658515625e+03
7.369902299999999968e+02,6.333415884350077249e+03
7.370639599999999518e+02,6.301308624756478821e+03
7.371376999999999953e+02,6.300272906705073183e+03
7.372114299999999503e+02,6.266094211008661659e+03
7.372851600000000190e+02,6.245379849980534345e+03
7.373588899999999740e+02,6.281629981779758054e+03
7.374326200000000426e+02,6.248487004134753079e+03
7.375063499999999976e+02,6.194629665461620789e+03
7.375800799999999526e+02,6.216379744541155560e+03
7.376538100000000213e+02,6.189451075204588960e+03
7.377275399999999763e+02,6.179093894690525303e+03
7.378012700000000450e+02,6.172879586382086927e+03
7.378750000000000000e+02,6.164593841970835456e+03
7.379487299999999550e+02,6.143879480942708142e+03
7.380224600000000237e+02,6.125236556017393013e+03
7.380961899999999787e+02,6.113843657451922809e+03
7.381698599999999715e+02,6.109700785246296618e+03
7.382435900000000402e+02,6.082772115909730928e+03
7.383173199999999952e+02,6.077593525652699100e+03
7.383910499999999502e+02,6.070343499292854176e+03
7.384647800000000188e+02,6.044450548007694124e+03
7.385384500000000116e+02,6.039271957750662295e+03
7.386121799999999666e+02,6.019593314773940619e+03
7.386859100000000353e+02,6.026843341133785543e+03
7.387595800000000281e+02,6.013379006465502243e+03
7.388333099999999831e+02,5.961593103895183049e+03
7.389070400000000518e+02,6.000950389848625491e+03
7.389807100000000446e+02,5.956414513638151220e+03
7.390544399999999996e+02,5.960557385843776501e+03
7.391281099999999924e+02,5.934664434558617359e+03
7.392018399999999474e+02,5.912914355479082587e+03
7.392755700000000161e+02,5.895307148605174007e+03
7.393492400000000089e+02,5.892199994450955273e+03
7.394229699999999639e+02,5.893235712502360911e+03
7.394966399999999567e+02,5.847664118240480093e+03
7.395703700000000254e+02,5.835235501623603341e+03
7.396440400000000182e+02,5.829021193315164965e+03
7.397177699999999732e+02,5.811413986441256384e+03
7.397914399999999659e+02,5.780342444899064503e+03
7.398651099999999587e+02,5.755485211665310999e+03
7.399388400000000274e+02,5.752378057511092265e+03
7.400125100000000202e+02,5.761699519973749375e+03
7.400861800000000130e+02,5.709913617403430180e+03
7.401599099999999680e+02,5.694377846632334695e+03
7.402335799999999608e+02,5.682984948066864490e+03
7.403072499999999536e+02,5.658127714833110986e+03
7.403809800000000223e+02,5.685056384169676676e+03
7.404546500000000151e+02,5.661234868987329719e+03
7.405283200000000079e+02,5.622913301085293824e+03
7.406019900000000007e+02,5.602198940057165601e+03
7.406757199999999557e+02,5.569055962412161534e+03
7.407493899999999485e+02,5.573198834617786815e+03
7.408230600000000550e+02,5.531770112561531278e+03
7.408967300000000478e+02,5.522448650098873259e+03
7.409704000000000406e+02,5.542127293075594935e+03
7.410440700000000334e+02,5.503805725173558130e+03
7.411177400000000262e+02,5.470662747528554064e+03
7.411914699999999812e+02,5.468591311425740969e+03
7.412651399999999740e+02,5.464448439220115688e+03
7.413388099999999667e+02,5.455126976757458579e+03
7.414124799999999595e+02,5.415769690804015227e+03
7.414861499999999523e+02,5.416805408855421774e+03
7.415598099999999704e+02,5.371233814593540956e+03
7.416334799999999632e+02,5.380555277056198065e+03
7.417070899999999938e+02,5.359840916028069842e+03
7.417807599999999866e+02,5.354662325771038013e+03
7.418544299999999794e+02,5.345340863308380904e+03
7.419280999999999722e+02,5.327733656434472323e+03
7.420017699999999650e+02,5.289412088532435519e+03
7.420754399999999578e+02,5.281126344121184957e+03
7.421491099999999506e+02,5.312197885663375928e+03
7.422227799999999434e+02,5.282162062172590595e+03
7.422963899999999740e+02,5.241769058167741605e+03
7.423700599999999667e+02,5.217947542985394648e+03
7.424437299999999595e+02,5.213804670779769367e+03
7.425173999999999523e+02,5.224161851293833024e+03
7.425910000000000082e+02,5.184804565340390582e+03
7.426646700000000010e+02,5.185840283391797129e+03
7.427383399999999938e+02,5.165125922363668906e+03
7.428119500000000244e+02,5.158911614055230530e+03
7.428856200000000172e+02,5.143375843284135044e+03
7.429592900000000100e+02,5.118518610050381540e+03
7.430329000000000406e+02,5.104018557330691692e+03
7.431065700000000334e+02,5.108161429536316973e+03
7.431801799999999503e+02,5.096768530970846768e+03
7.432538500000000568e+02,5.055339808914591231e+03
7.433274499999999989e+02,5.066732707480061435e+03
7.434011199999999917e+02,5.062589835274436155e+03
7.434747300000000223e+02,5.058446963068810874e+03
7.435484000000000151e+02,5.012875368806929146e+03
7.436220100000000457e+02,4.996303879984427113e+03
7.436956800000000385e+02,5.009768214652710412e+03
7.437692899999999554e+02,5.010803932704116960e+03
7.438429599999999482e+02,4.996303879984427113e+03
7.439165600000000040e+02,4.968339492596454875e+03
7.439901700000000346e+02,4.938303669105669542e+03
7.440638400000000274e+02,4.956946594030984670e+03
7.441374499999999443e+02,4.950732285722546294e+03
7.442110599999999749e+02,4.927946488591605885e+03
7.442847299999999677e+02,4.930017924694418070e+03
7.443583399999999983e+02,4.885482048483943800e+03
7.444319500000000289e+02,4.894803510946600909e+03
7.445055499999999711e+02,4.857517661095970652e+03
7.445791600000000017e+02,4.890660638740975628e+03
7.446528299999999945e+02,4.837839018119249886e+03
7.447264400000000251e+02,4.816088939039715115e+03
7.448000500000000557e+02,4.831624709810811510e+03
7.448736599999999726e+02,4.803660322422838362e+03
7.449472700000000032e+02,4.835767582016436791e+03
7.450208699999999453e+02,4.791231705805961610e+03
7.450944799999999759e+02,4.798481732165806534e+03
7.451680900000000065e+02,4.834731863965030243e+03
7.452417000000000371e+02,4.770517344777834296e+03
7.453153099999999540e+02,4.781910243343304501e+03
7.453889199999999846e+02,4.754981574006737901e+03
7.454625200000000405e+02,4.714588570001888911e+03
7.455361299999999574e+02,4.756017292058144449e+03
7.456097399999999880e+02,4.730124340772985306e+03
7.456833500000000186e+02,4.721838596361733835e+03
7.457569600000000491e+02,4.750838701801112620e+03
7.458305699999999661e+02,4.688695618716729768e+03
7.459041700000000219e+02,4.710445697796263630e+03
7.459777800000000525e+02,4.654516923020318245e+03
7.460513899999999694e+02,4.646231178609067683e+03
7.461249400000000378e+02,4.663838385482976264e+03
7.461985499999999547e+02,4.634838280043596569e+03
7.462721599999999853e+02,4.659695513277350074e+03
7.463457600000000411e+02,4.656588359123131340e+03
7.464193099999999959e+02,4.599623866295779408e+03
7.464929200000000264e+02,4.648302614711879869e+03
7.465665299999999434e+02,4.613088200964062707e+03
7.466400800000000118e+02,4.619302509272501084e+03
7.467136799999999539e+02,4.576838069164838998e+03
7.467872899999999845e+02,4.596516712141560674e+03
7.468608400000000529e+02,4.607909610707030879e+03
7.469344499999999698e+02,4.549909399828273308e+03
7.470080600000000004e+02,4.592373839935935393e+03
7.470815999999999804e+02,4.546802245674053665e+03
7.471552100000000110e+02,4.551980835931085494e+03
7.472287599999999657e+02,4.529195038800145085e+03
7.473023699999999963e+02,4.514694986080456147e+03
7.473759199999999510e+02,4.520909294388894523e+03
7.474495200000000068e+02,4.497087779206546656e+03
7.475230699999999615e+02,4.521945012440300161e+03
7.475966200000000299e+02,4.496052061155141018e+03
7.476702299999999468e+02,4.482587726486857719e+03
7.477437700000000405e+02,4.470159109869980966e+03
7.478173799999999574e+02,4.442194722482008729e+03
7.478909300000000258e+02,4.432873260019350710e+03
7.479644799999999805e+02,4.449444748841852743e+03
7.480380199999999604e+02,4.413194617042629034e+03
7.481116299999999910e+02,4.408016026785597205e+03
7.481851799999999457e+02,4.428730387813725429e+03
7.482587300000000141e+02,4.374873049140593139e+03
7.483322799999999688e+02,4.404908872631378472e+03
7.484058800000000247e+02,4.368658740832154763e+03
7.484794299999999794e+02,4.352087252009652730e+03
7.485529800000000478e+02,4.359337278369496744e+03
7.486265300000000025e+02,4.372801613037780044e+03
7.487000699999999824e+02,4.311694248004802830e+03
7.487736200000000508e+02,4.358301560318091106e+03
7.488471700000000055e+02,4.294087041130894249e+03
7.489207800000000361e+02,4.321015710467460849e+03
7.489943200000000161e+02,4.316872838261835568e+03
7.490678699999999708e+02,4.261979781537296731e+03
7.491414200000000392e+02,4.271301243999953840e+03
7.492149699999999939e+02,4.281658424514017497e+03
7.492885099999999738e+02,4.231943958046511398e+03
7.493620600000000422e+02,4.261979781537296731e+03
7.494355500000000347e+02,4.216408187275415003e+03
7.495090900000000147e+02,4.245408292714793788e+03
7.495826399999999694e+02,4.197765262350099874e+03
7.496561900000000378e+02,4.221586777532446831e+03
7.497297399999999925e+02,4.163586566653689260e+03
7.498032799999999725e+02,4.197765262350099874e+03
7.498768300000000409e+02,4.187408081836036217e+03
7.499503200000000334e+02,4.124229280700246818e+03
7.500238600000000133e+02,4.155300822242438699e+03
7.500974099999999680e+02,4.139765051471342304e+03
7.501709600000000364e+02,4.118014972391808442e+03
7.502444500000000289e+02,4.126300716803059004e+03
7.503179900000000089e+02,4.127336434854465551e+03
7.503915399999999636e+02,4.091086303055241842e+03
7.504650299999999561e+02,4.089014866952429202e+03
7.505385700000000497e+02,4.080729122541178185e+03
7.506121200000000044e+02,4.082800558643990826e+03
7.506856099999999969e+02,4.054836171256018588e+03
7.507591599999999517e+02,4.061050479564456509e+03
7.508326399999999694e+02,4.025836065816639348e+03
7.509061900000000378e+02,4.025836065816639348e+03
7.509796800000000303e+02,4.025836065816639348e+03
7.510532200000000103e+02,3.965764418835068682e+03
7.511267100000000028e+02,4.010300295045543407e+03
7.512002599999999575e+02,3.963692982732256041e+03
7.512737399999999752e+02,3.950228648063972742e+03
7.513472900000000436e+02,3.942978621704128273e+03
7.514207800000000361e+02,3.930550005087251520e+03
7.514942600000000539e+02,3.959550110526630306e+03
7.515678100000000086e+02,3.925371414830219692e+03
7.516413000000000011e+02,3.920192824573187863e+03
7.517147800000000188e+02,3.901549899647872735e+03
7.517883299999999736e+02,3.906728489904904563e+03
7.518618199999999661e+02,3.886014128876776795e+03
7.519352999999999838e+02,3.903621335750685375e+03
7.520087899999999763e+02,3.877728384465525778e+03
7.520823400000000447e+02,3.849763997077553086e+03
7.521558199999999488e+02,3.877728384465525778e+03
7.522293100000000550e+02,3.832156790203644505e+03
7.523028000000000475e+02,3.815585301381142017e+03
7.523762799999999515e+02,3.815585301381142017e+03
7.524497699999999440e+02,3.819728173586767753e+03
7.525232499999999618e+02,3.807299556969891000e+03
7.525968000000000302e+02,3.780370887633324855e+03
7.526702900000000227e+02,3.807299556969891000e+03
7.527437700000000405e+02,3.768977989067854651e+03
7.528172600000000330e+02,3.779335169581918763e+03
7.528907500000000255e+02,3.768977989067854651e+03
7.529642300000000432e+02,3.753442218296758710e+03
7.530377200000000357e+02,3.742049319731288506e+03
7.531112100000000282e+02,3.730656421165818301e+03
7.531846299999999701e+02,3.729620703114411754e+03
7.532581199999999626e+02,3.701656315726439061e+03
7.533315999999999804e+02,3.700620597675032968e+03
7.534050899999999729e+02,3.699584879623626421e+03
7.534785799999999654e+02,3.665406183927215807e+03
7.535520599999999831e+02,3.675763364441279464e+03
7.536254900000000134e+02,3.684049108852530480e+03
7.536989700000000312e+02,3.666441901978621900e+03
7.537724600000000237e+02,3.652977567310339055e+03
7.538459500000000162e+02,3.626048897973772910e+03
7.539193699999999581e+02,3.631227488230804738e+03
7.539928599999999506e+02,3.646763259001900678e+03
7.540663500000000568e+02,3.617763153562521438e+03
7.541397699999999986e+02,3.611548845254083517e+03
7.542132599999999911e+02,3.606370254997051234e+03
7.542867400000000089e+02,3.618798871613927986e+03
7.543601700000000392e+02,3.604298818894238593e+03
7.544336499999999432e+02,3.560798660735169960e+03
7.545070799999999736e+02,3.594977356431581029e+03
7.545805699999999661e+02,3.583584457866110824e+03
7.546539900000000216e+02,3.575298713454859808e+03
7.547274800000000141e+02,3.543191453861261380e+03
7.548008999999999560e+02,3.548370044118293663e+03
7.548743899999999485e+02,3.571155841249234072e+03
7.549478100000000040e+02,3.540084299707042192e+03
7.550212999999999965e+02,3.516262784524695235e+03
7.550947300000000268e+02,3.535941427501416911e+03
7.551681499999999687e+02,3.510048476216256859e+03
7.552416399999999612e+02,3.503834167907818482e+03
7.553150600000000168e+02,3.499691295702193202e+03
7.553884900000000471e+02,3.496584141547974014e+03
7.554619800000000396e+02,3.471726908314220509e+03
7.555353999999999814e+02,3.466548318057188681e+03
7.556088300000000118e+02,3.456191137543124569e+03
7.556822499999999536e+02,3.447905393131873552e+03
7.557557399999999461e+02,3.456191137543124569e+03
7.558291600000000017e+02,3.451012547286092740e+03
7.559025900000000320e+02,3.452048265337499288e+03
7.559760099999999738e+02,3.437548212617809895e+03
7.560494400000000041e+02,3.464476881954376040e+03
7.561228599999999460e+02,3.438583930669215988e+03
7.561962899999999763e+02,3.447905393131873552e+03
7.562697100000000319e+02,3.434441058463590707e+03
7.563431399999999485e+02,3.430298186257964971e+03
7.564166300000000547e+02,3.419941005743900860e+03
7.564900499999999965e+02,3.382655155893271058e+03
7.565634199999999510e+02,3.385762310047490246e+03
7.566368400000000065e+02,3.386798028098896793e+03
7.567102700000000368e+02,3.383690873944677605e+03
7.567836899999999787e+02,3.364012230967955929e+03
7.568571200000000090e+02,3.369190821224987758e+03
7.569305399999999509e+02,3.377476565636239229e+03
7.570039699999999812e+02,3.352619332402485725e+03
7.570773900000000367e+02,3.345369306042640801e+03
7.571508199999999533e+02,3.333976407477170596e+03
7.572241800000000467e+02,3.326726381117326127e+03
7.572976099999999633e+02,3.304976302037791811e+03
7.573710300000000188e+02,3.324654945014513032e+03
7.574444600000000491e+02,3.316369200603262016e+03
7.575178200000000288e+02,3.293583403472321606e+03
7.575912499999999454e+02,3.290476249318102418e+03
7.576646700000000010e+02,3.291511967369508511e+03
7.577380399999999554e+02,3.269761888289974650e+03
7.578114600000000110e+02,3.268726170238568102e+03
7.578848900000000413e+02,3.261476143878723178e+03
7.579582500000000209e+02,3.256297553621691350e+03
7.580316800000000512e+02,3.238690346747782769e+03
7.581050400000000309e+02,3.230404602336531752e+03
7.581784699999999475e+02,3.235583192593563581e+03
7.582518300000000409e+02,3.228333166233718657e+03
7.583252599999999575e+02,3.249047527261846881e+03
7.583986200000000508e+02,3.206583087154184796e+03
7.584720499999999674e+02,3.201404496897152512e+03
7.585454099999999471e+02,3.192083034434495403e+03
7.586187700000000405e+02,3.211761677411216624e+03
7.586921999999999571e+02,3.194154470537308043e+03
7.587655600000000504e+02,3.192083034434495403e+03
7.588389899999999670e+02,3.171368673406367179e+03
7.589123499999999467e+02,3.163082928995116163e+03
7.589857200000000148e+02,3.173440109509180274e+03
7.590590799999999945e+02,3.161011492892303522e+03
7.591325100000000248e+02,3.141332849915581846e+03
7.592058700000000044e+02,3.145475722121207582e+03
7.592792399999999589e+02,3.123725643041673266e+03
7.593526000000000522e+02,3.120618488887454077e+03
7.594259600000000319e+02,3.119582770836047985e+03
7.594993899999999485e+02,3.096796973705107121e+03
7.595727500000000418e+02,3.112332744476203061e+03
7.596461199999999963e+02,3.111297026424796968e+03
7.597194799999999759e+02,3.078154048779792447e+03
7.597928500000000440e+02,3.095761255653701028e+03
7.598662100000000237e+02,3.075046894625573259e+03
7.599395799999999781e+02,3.053296815546038943e+03
7.600129399999999578e+02,3.051225379443226302e+03
7.600863000000000511e+02,3.023260992055253610e+03
7.601596700000000055e+02,3.034653890620723814e+03
7.602330299999999852e+02,3.054332533597445490e+03
7.603064000000000533e+02,3.041903916980568738e+03
7.603797600000000330e+02,3.026368146209472798e+03
7.604531200000000126e+02,3.013939529592596045e+03
7.605264300000000048e+02,3.016010965695408686e+03
7.605997899999999845e+02,2.998403758821500105e+03
7.606731600000000526e+02,2.982867988050404165e+03
7.607465200000000323e+02,3.001510912975719293e+03
7.608198899999999867e+02,2.952832164559618832e+03
7.608931900000000041e+02,2.975617961690559696e+03
7.609665499999999838e+02,2.968367935330714772e+03
7.610399200000000519e+02,2.948689292353993551e+03
7.611132800000000316e+02,2.923832059120240046e+03
7.611865800000000490e+02,2.938332111839929439e+03
7.612599500000000035e+02,2.930046367428678423e+03
7.613332500000000209e+02,2.913474878606176389e+03
7.614066199999999753e+02,2.907260570297738013e+03
7.614799799999999550e+02,2.896903389783673902e+03
7.615532799999999725e+02,2.911403442503363294e+03
7.616266500000000406e+02,2.879296182909765321e+03
7.616999499999999443e+02,2.896903389783673902e+03
7.617733200000000124e+02,2.859617539933044100e+03
7.618466200000000299e+02,2.881367619012577961e+03
7.619199800000000096e+02,2.860653257984450192e+03
7.619932900000000018e+02,2.845117487213354252e+03
7.620665900000000192e+02,2.848224641367573440e+03
7.621399499999999989e+02,2.836831742802103236e+03
7.622132599999999911e+02,2.853403231624605723e+03
7.622866199999999708e+02,2.816117381773975467e+03
7.623599199999999882e+02,2.785045840231783586e+03
7.624332299999999805e+02,2.830617434493664859e+03
7.625065299999999979e+02,2.815081663722568919e+03
7.625798999999999523e+02,2.804724483208505262e+03
7.626531999999999698e+02,2.798510174900066886e+03
7.627264999999999873e+02,2.791260148540221962e+03
7.627998000000000047e+02,2.764331479203655817e+03
7.628731699999999591e+02,2.793331584643035058e+03
7.629464699999999766e+02,2.758117170895217441e+03
7.630197799999999688e+02,2.758117170895217441e+03
7.630930799999999863e+02,2.747759990381153784e+03
7.631663800000000037e+02,2.756045734792404801e+03
7.632396899999999960e+02,2.757081452843811348e+03
7.633129900000000134e+02,2.726009911301619468e+03
7.633862900000000309e+02,2.739474245969902768e+03
7.634595900000000483e+02,2.708402704427710887e+03
7.635329000000000406e+02,2.717724166890368451e+03
7.636061999999999443e+02,2.692866933656614947e+03
7.636794999999999618e+02,2.703224114170679059e+03
7.637528099999999540e+02,2.706331268324898247e+03
7.638261099999999715e+02,2.698045523913646775e+03
7.638994099999999889e+02,2.672152572628487178e+03
7.639727199999999812e+02,2.693902651708021494e+03
7.640459600000000364e+02,2.676295444834112914e+03
7.641192600000000539e+02,2.672152572628487178e+03
7.641925700000000461e+02,2.642116749137701845e+03
7.642658699999999499e+02,2.646259621343327581e+03
7.643391699999999673e+02,2.626580978366605905e+03
7.644124100000000226e+02,2.636938158880670017e+03
7.644857200000000148e+02,2.634866722777857376e+03
7.645590200000000323e+02,2.636938158880670017e+03
7.646322599999999738e+02,2.624509542263793264e+03
7.647055699999999661e+02,2.614152361749729153e+03
7.647788699999999835e+02,2.601723745132852855e+03
7.648521100000000388e+02,2.594473718773007931e+03
7.649254200000000310e+02,2.606902335389884684e+03
7.649986599999999726e+02,2.584116538258943820e+03
7.650719599999999900e+02,2.586187974361756915e+03
7.651452000000000453e+02,2.591366564618788743e+03
7.652185100000000375e+02,2.558223586973784222e+03
7.652917499999999791e+02,2.561330741128003410e+03
7.653650499999999965e+02,2.557187868922377675e+03
7.654382900000000518e+02,2.556152150870971582e+03
7.655116000000000440e+02,2.545794970356907470e+03
7.655848399999999856e+02,2.553044996716752394e+03
7.656580800000000409e+02,2.559259305025190770e+03
7.657313799999999446e+02,2.552009278665345846e+03
7.658046299999999746e+02,2.524044891277373608e+03
7.658778700000000299e+02,2.535437789842843813e+03
7.659511700000000474e+02,2.539580662048469094e+03
7.660244099999999889e+02,2.530259199585811530e+03
7.660976600000000190e+02,2.508509120506277668e+03
7.661708999999999605e+02,2.504366248300651932e+03
7.662441400000000158e+02,2.524044891277373608e+03
7.663174400000000333e+02,2.525080609328779701e+03
7.663906899999999496e+02,2.504366248300651932e+03
7.664639300000000048e+02,2.514723428814716044e+03
7.665371699999999464e+02,2.485723323375336804e+03
7.666104100000000017e+02,2.498151939992213556e+03
7.666836499999999432e+02,2.481580451169711523e+03
7.667568999999999733e+02,2.501259094146432744e+03
7.668301400000000285e+02,2.478473297015492335e+03
7.669033799999999701e+02,2.486759041426743352e+03
7.669766200000000254e+02,2.467080398450022130e+03
7.670498700000000554e+02,2.471223270655647411e+03
7.671231099999999969e+02,2.455687499884551471e+03
7.671963500000000522e+02,2.454651781833145378e+03
7.672695899999999938e+02,2.454651781833145378e+03
7.673427699999999732e+02,2.443258883267674719e+03
7.674160200000000032e+02,2.440151729113455985e+03
7.674892599999999447e+02,2.448437473524707002e+03
7.675625000000000000e+02,2.423580240290953498e+03
7.676357400000000553e+02,2.411151623674076745e+03
7.677089200000000346e+02,2.416330213931108574e+03
7.677821699999999510e+02,2.414258777828295933e+03
7.678554100000000062e+02,2.407008751468451464e+03
7.679286499999999478e+02,2.386294390440323696e+03
7.680018300000000409e+02,2.405973033417044917e+03
7.680750699999999824e+02,2.393544416800168165e+03
7.681482499999999618e+02,2.383187236286104508e+03
7.682214999999999918e+02,2.383187236286104508e+03
7.682947400000000471e+02,2.380080082131885320e+03
7.683679200000000264e+02,2.367651465515008567e+03
7.684411599999999680e+02,2.366615747463602020e+03
7.685143399999999474e+02,2.364544311360789379e+03
7.685875899999999774e+02,2.379044364080478772e+03
7.686607699999999568e+02,2.346937104486880799e+03
7.687340100000000120e+02,2.372830055772040396e+03
7.688071899999999914e+02,2.339687078127035875e+03
7.688803699999999708e+02,2.357294285000944456e+03
7.689536100000000260e+02,2.368687183566414660e+03
7.690267900000000054e+02,2.339687078127035875e+03
7.690999799999999595e+02,2.330365615664378311e+03
7.691732200000000148e+02,2.320008435150314654e+03
7.692463999999999942e+02,2.307579818533437901e+03
7.693195799999999736e+02,2.326222743458753030e+03
7.693928200000000288e+02,2.322079871253127294e+03
7.694660000000000082e+02,2.326222743458753030e+03
7.695391799999999876e+02,2.312758408790469730e+03
7.696123700000000554e+02,2.314829844893282370e+03
7.696855500000000347e+02,2.306544100482031354e+03
7.697587300000000141e+02,2.313794126841876277e+03
7.698319099999999935e+02,2.297222638019373790e+03
7.699051500000000487e+02,2.289972611659529321e+03
7.699783300000000281e+02,2.297222638019373790e+03
7.700515100000000075e+02,2.285829739453903585e+03
7.701246899999999869e+02,2.289972611659529321e+03
7.701978800000000547e+02,2.264079660374369269e+03
7.702710600000000341e+02,2.281686867248277849e+03
7.703442400000000134e+02,2.291008329710935413e+03
7.704173600000000306e+02,2.264079660374369269e+03
7.704905400000000100e+02,2.253722479860305612e+03
7.705637199999999893e+02,2.251651043757492516e+03
7.706368999999999687e+02,2.241293863243428859e+03
7.707100799999999481e+02,2.246472453500460688e+03
7.707832600000000411e+02,2.234043836883583936e+03
7.708564499999999953e+02,2.212293757804050074e+03
7.709295700000000124e+02,2.223686656369520279e+03
7.710027499999999918e+02,2.204008013392798603e+03
7.710759299999999712e+02,2.209186603649830886e+03
7.711491099999999506e+02,2.199865141187173322e+03
7.712222299999999677e+02,2.212293757804050074e+03
7.712954099999999471e+02,2.187436524570296569e+03
7.713685900000000402e+02,2.188472242621703117e+03
7.714417099999999436e+02,2.196757987032954134e+03
7.715148900000000367e+02,2.185365088467483929e+03
7.715880100000000539e+02,2.175007907953419817e+03
7.716611900000000333e+02,2.170865035747794082e+03
7.717343100000000504e+02,2.143936366411227937e+03
7.718075000000000045e+02,2.138757776154196108e+03
7.718806200000000217e+02,2.143936366411227937e+03
7.719538000000000011e+02,2.151186392771072860e+03
7.720269200000000183e+02,2.130472031742945092e+03
7.721000999999999976e+02,2.137722058102789561e+03
7.721732200000000148e+02,2.130472031742945092e+03
7.722463400000000320e+02,2.149114956668260220e+03
7.723195200000000114e+02,2.118043415126068339e+03
