X,Y
534.0101317591491,1.533000000000000000e+03
534.0858154923093,1.512000000000000000e+03
534.1614989393564,1.538000000000000000e+03
534.2371827188268,1.532000000000000000e+03
534.3128661652567,1.544000000000000000e+03
534.3885498975031,1.541000000000000000e+03
534.4642333068265,1.541000000000000000e+03
534.5399780450128,1.553000000000000000e+03
534.6156616266504,1.545000000000000000e+03
534.6913452579174,1.552000000000000000e+03
534.7670287009721,1.565000000000000000e+03
534.8427124042446,1.576000000000000000e+03
534.9183960727204,1.579000000000000000e+03
534.9940796114086,1.594000000000000000e+03
535.0697633832956,1.593000000000000000e+03
535.1454468067278,1.594000000000000000e+03
535.221130445245,1.594000000000000000e+03
535.2968750369992,1.590000000000000000e+03
535.3725585229043,1.604000000000000000e+03
535.4482421968496,1.612000000000000000e+03
535.5239257631308,1.622000000000000000e+03
535.5996092125818,1.609000000000000000e+03
535.6752931099272,1.621000000000000000e+03
535.7509765853897,1.631000000000000000e+03
535.8266602037646,1.635000000000000000e+03
535.9023439561084,1.630000000000000000e+03
535.9780275462002,1.623000000000000000e+03
536.0537112521963,1.624000000000000000e+03
536.1293944902684,1.619000000000000000e+03
536.2050778259976,1.645000000000000000e+03
536.2807615380117,1.638000000000000000e+03
536.3564450422236,1.657000000000000000e+03
536.4321289049296,1.669000000000000000e+03
536.5078125417075,1.663000000000000000e+03
536.5834959433245,1.648000000000000000e+03
536.6591796765483,1.668000000000000000e+03
536.7348634445389,1.682000000000000000e+03
536.8105466619603,1.673000000000000000e+03
536.8862301840559,1.680000000000000000e+03
536.9619140020544,1.681000000000000000e+03
537.0375978187705,1.685000000000000000e+03
537.1132201766717,1.713000000000000000e+03
537.188903946424,1.703000000000000000e+03
537.2645876878013,1.723000000000000000e+03
537.3402711030283,1.698000000000000000e+03
537.4159547604477,1.711000000000000000e+03
537.4916380734585,1.720000000000000000e+03
537.5673216107183,1.704000000000000000e+03
537.6430053634106,1.718000000000000000e+03
537.7186890335724,1.733000000000000000e+03
537.794372612133,1.724000000000000000e+03
537.8699953361421,1.737000000000000000e+03
537.9456783977836,1.740000000000000000e+03
538.021362208817,1.752000000000000000e+03
538.0970458922386,1.754000000000000000e+03
538.1727294389524,1.740000000000000000e+03
538.2484128398571,1.741000000000000000e+03
538.3240966654321,1.778000000000000000e+03
538.3997191638312,1.769000000000000000e+03
538.4754029256472,1.766000000000000000e+03
538.5510865056854,1.778000000000000000e+03
538.6267701849378,1.778000000000000000e+03
538.7024536643171,1.775000000000000000e+03
538.7780762657804,1.774000000000000000e+03
538.8537598816796,1.786000000000000000e+03
538.9294432706045,1.800000000000000000e+03
539.005127004456,1.810000000000000000e+03
539.0808107839589,1.787000000000000000e+03
539.1564332646709,1.817000000000000000e+03
539.2321165099562,1.804000000000000000e+03
539.3078003555032,1.823000000000000000e+03
539.3834842110005,1.823000000000000000e+03
539.4591060810683,1.810000000000000000e+03
539.534789912255,1.849000000000000000e+03
539.6104737265628,1.825000000000000000e+03
539.6861575150391,1.822000000000000000e+03
539.7617795040509,1.840000000000000000e+03
539.8374631966658,1.856000000000000000e+03
539.9131474195725,1.851000000000000000e+03
539.9888304147614,1.878000000000000000e+03
540.0644529633364,1.876000000000000000e+03
540.1401366658797,1.861000000000000000e+03
540.2158202799441,1.871000000000000000e+03
540.2914433701576,1.873000000000000000e+03
540.3671264713553,1.865000000000000000e+03
540.4428103331512,1.873000000000000000e+03
540.5184327171496,1.878000000000000000e+03
540.5941163044432,1.875000000000000000e+03
540.6697994572272,1.911000000000000000e+03
540.745421930671,1.893000000000000000e+03
540.821105632202,1.900000000000000000e+03
540.8967891647902,1.893000000000000000e+03
540.972411647952,1.898000000000000000e+03
541.0480956767028,1.896000000000000000e+03
541.1237186043711,1.936000000000000000e+03
541.1994019229727,1.923000000000000000e+03
541.2750859066534,1.934000000000000000e+03
541.3507078321152,1.942000000000000000e+03
541.4263919308671,1.946000000000000000e+03
541.5020139190151,1.937000000000000000e+03
541.5776975109101,1.947000000000000000e+03
541.6533817245662,1.948000000000000000e+03
541.7290037489801,1.962000000000000000e+03
541.8046871086901,1.959000000000000000e+03
541.8803102816472,1.971000000000000000e+03
541.9559936322438,1.967000000000000000e+03
542.0316161571506,1.980000000000000000e+03
542.1072997568957,2.005000000000000000e+03
542.182921891493,1.996000000000000000e+03
542.2586057052214,2.016000000000000000e+03
542.3342282960375,1.998000000000000000e+03
542.4099119945816,2.014000000000000000e+03
542.4855953364454,2.029000000000000000e+03
542.561218260454,2.017000000000000000e+03
542.636840481542,2.028000000000000000e+03
542.7125244321167,2.046000000000000000e+03
542.7881467096405,2.065000000000000000e+03
542.8638304387697,2.042000000000000000e+03
542.9394533270257,2.054000000000000000e+03
543.0151370941302,2.068000000000000000e+03
543.0907590839746,2.048000000000000000e+03
543.1664425585407,2.073000000000000000e+03
543.242065384064,2.058000000000000000e+03
543.3177488258447,2.075000000000000000e+03
543.3933712718681,2.064000000000000000e+03
543.4689940969562,2.075000000000000000e+03
543.5446775625552,2.088000000000000000e+03
543.6203002505497,2.070000000000000000e+03
543.6959835951617,2.116000000000000000e+03
543.7716067020338,2.086000000000000000e+03
543.8472292575915,2.095000000000000000e+03
543.9229124939819,2.113000000000000000e+03
543.9985348240249,2.125000000000000000e+03
544.0742187390317,2.117000000000000000e+03
544.1498414005029,2.126000000000000000e+03
544.2254643542844,2.132000000000000000e+03
544.3011471408596,2.133000000000000000e+03
544.3767703738934,2.144000000000000000e+03
544.4523923913528,2.142000000000000000e+03
544.5280757472427,2.148000000000000000e+03
544.6036988807289,2.170000000000000000e+03
544.67932136464,2.162000000000000000e+03
544.7550046185858,2.164000000000000000e+03
544.8306272767223,2.168000000000000000e+03
544.9062501489861,2.175000000000000000e+03
544.9819341128931,2.188000000000000000e+03
545.0575562162575,2.206000000000000000e+03
545.1331788045511,2.218000000000000000e+03
545.2088012749358,2.210000000000000000e+03
545.2844848696172,2.223000000000000000e+03
545.3601076895079,2.221000000000000000e+03
545.43572947281,2.248000000000000000e+03
545.5113525905954,2.237000000000000000e+03
545.5870365682862,2.234000000000000000e+03
545.6626587757235,2.232000000000000000e+03
545.7382811014886,2.253000000000000000e+03
545.8139032390501,2.290000000000000000e+03
545.8895266695137,2.281000000000000000e+03
545.9652101066034,2.284000000000000000e+03
546.0408325382961,2.265000000000000000e+03
546.1164550450122,2.285000000000000000e+03
546.192077618109,2.282000000000000000e+03
546.2676999505306,2.300000000000000000e+03
546.3433835225351,2.301000000000000000e+03
546.4190059610715,2.312000000000000000e+03
546.4946284312066,2.302000000000000000e+03
546.5702518204907,2.314000000000000000e+03
546.6458743280662,2.325000000000000000e+03
546.7214965423211,2.325000000000000000e+03
546.7971190523004,2.335000000000000000e+03
546.8728022616718,2.333000000000000000e+03
546.9484253544907,2.325000000000000000e+03
547.0240475207671,2.344000000000000000e+03
547.0996702476461,2.355000000000000000e+03
547.1752923293161,2.367000000000000000e+03
547.2509149545047,2.361000000000000000e+03
547.3265384145596,2.392000000000000000e+03
547.4021609036118,2.383000000000000000e+03
547.4777839108516,2.370000000000000000e+03
547.5534062287874,2.360000000000000000e+03
547.6290290477787,2.364000000000000000e+03
547.7046508596815,2.387000000000000000e+03
547.7802734553864,2.402000000000000000e+03
547.8558968268902,2.400000000000000000e+03
547.9315795108378,2.391000000000000000e+03
548.0072023238916,2.393000000000000000e+03
548.0828240851819,2.411000000000000000e+03
548.158446588061,2.421000000000000000e+03
548.2340698245029,2.410000000000000000e+03
548.309691681972,2.439000000000000000e+03
548.3852538097661,2.419000000000000000e+03
548.4608773760027,2.448000000000000000e+03
548.536499536407,2.438000000000000000e+03
548.612122388014,2.455000000000000000e+03
548.68774411642,2.444000000000000000e+03
548.7633662177788,2.448000000000000000e+03
548.8389892862256,2.456000000000000000e+03
548.9146127113272,2.457000000000000000e+03
548.9902349778101,2.471000000000000000e+03
549.0658578849419,2.463000000000000000e+03
549.141479313746,2.462000000000000000e+03
549.2171016675064,2.467000000000000000e+03
549.2927243349359,2.501000000000000000e+03
549.3683479112998,2.479000000000000000e+03
549.4439089921315,2.504000000000000000e+03
549.5195316276067,2.516000000000000000e+03
549.5951530325656,2.511000000000000000e+03
549.6707765209143,2.507000000000000000e+03
549.7463990635691,2.533000000000000000e+03
549.822021860376,2.525000000000000000e+03
549.8976433910192,2.528000000000000000e+03
549.9732061764616,2.548000000000000000e+03
550.0488287607203,2.547000000000000000e+03
550.1244497492662,2.552000000000000000e+03
550.200073370286,2.541000000000000000e+03
550.2756953781283,2.563000000000000000e+03
550.3512570028997,2.586000000000000000e+03
550.4268799800959,2.567000000000000000e+03
550.5025031350328,2.593000000000000000e+03
550.5781252467448,2.601000000000000000e+03
550.6537475186851,2.593000000000000000e+03
550.7293092818632,2.606000000000000000e+03
550.8049324390782,2.599000000000000000e+03
550.8805542142017,2.623000000000000000e+03
550.9561764188561,2.609000000000000000e+03
551.0317377103687,2.648000000000000000e+03
551.1073604289286,2.630000000000000000e+03
551.1829838560429,2.635000000000000000e+03
551.2585441676853,2.637000000000000000e+03
551.3341680585975,2.650000000000000000e+03
551.4097905052907,2.660000000000000000e+03
551.4853518873565,2.662000000000000000e+03
551.560975050709,2.658000000000000000e+03
551.6365964383417,2.667000000000000000e+03
551.7121588156307,2.675000000000000000e+03
551.7877808687301,2.672000000000000000e+03
551.8634032503246,2.684000000000000000e+03
551.9389644155551,2.699000000000000000e+03
552.0145871077875,2.692000000000000000e+03
552.0902104083716,2.711000000000000000e+03
552.1657724172139,2.701000000000000000e+03
552.2413941487546,2.721000000000000000e+03
552.316956367426,2.717000000000000000e+03
552.3925786297606,2.730000000000000000e+03
552.4682011532487,2.697000000000000000e+03
552.543762258061,2.738000000000000000e+03
552.6193849567069,2.725000000000000000e+03
552.6949464916294,2.736000000000000000e+03
552.7705696373582,2.742000000000000000e+03
552.8461297353178,2.732000000000000000e+03
552.9217529886566,2.754000000000000000e+03
552.9973749156402,2.754000000000000000e+03
553.0729370817561,2.757000000000000000e+03
553.1485590650714,2.751000000000000000e+03
553.2241215439628,2.745000000000000000e+03
553.2997438559906,2.759000000000000000e+03
553.3753047769433,2.773000000000000000e+03
553.4509270774954,2.753000000000000000e+03
553.5264900812087,2.790000000000000000e+03
553.6020510419006,2.763000000000000000e+03
553.6776737137039,2.794000000000000000e+03
553.7532348683754,2.821000000000000000e+03
553.8288577510665,2.816000000000000000e+03
553.9044187594093,2.805000000000000000e+03
553.9800418193971,2.795000000000000000e+03
554.0556029544349,2.807000000000000000e+03
554.1312261581751,2.814000000000000000e+03
554.2067873863363,2.827000000000000000e+03
554.2823483327697,2.820000000000000000e+03
554.3579713732983,2.844000000000000000e+03
554.4335326694874,2.845000000000000000e+03
554.5090936584586,2.865000000000000000e+03
554.584716767065,2.859000000000000000e+03
554.6602777478835,2.855000000000000000e+03
554.7359005576258,2.848000000000000000e+03
554.811461496489,2.880000000000000000e+03
554.887024240689,2.883000000000000000e+03
554.9626469921724,2.906000000000000000e+03
555.0382074888055,2.889000000000000000e+03
555.1137700749202,2.914000000000000000e+03
555.1893923838069,2.910000000000000000e+03
555.2649526697769,2.920000000000000000e+03
555.3405147131978,2.924000000000000000e+03
555.4160766561847,2.915000000000000000e+03
555.4916986616038,2.948000000000000000e+03
555.567260086001,2.934000000000000000e+03
555.6428216930904,2.957000000000000000e+03
555.7183828569865,2.968000000000000000e+03
555.7940062770506,2.968000000000000000e+03
555.8695671633445,3.003000000000000000e+03
555.9451294349751,2.977000000000000000e+03
556.0206899931026,2.999000000000000000e+03
556.0963125320252,3.008000000000000000e+03
556.1718746003635,3.026000000000000000e+03
556.2474361661959,3.002000000000000000e+03
556.3229975302373,3.022000000000000000e+03
556.3985586839551,3.032000000000000000e+03
556.474121786456,3.033000000000000000e+03
556.5497428952771,3.030000000000000000e+03
556.6253049329307,3.050000000000000000e+03
556.7008670368431,3.057000000000000000e+03
556.7764288887112,3.058000000000000000e+03
556.8519901698909,3.068000000000000000e+03
556.9275511817332,3.073000000000000000e+03
557.0031119156688,3.073000000000000000e+03
557.0787350511337,3.070000000000000000e+03
557.1542970830619,3.096000000000000000e+03
557.2298585018557,3.080000000000000000e+03
557.3054199198536,3.089000000000000000e+03
557.3809810180427,3.071000000000000000e+03
557.4565433416152,3.096000000000000000e+03
557.5321034639713,3.116000000000000000e+03
557.6076654170306,3.113000000000000000e+03
557.6832285719311,3.097000000000000000e+03
557.758789499279,3.103000000000000000e+03
557.8343497448333,3.113000000000000000e+03
557.9099117898252,3.121000000000000000e+03
557.9854734479619,3.112000000000000000e+03
558.0610343991784,3.114000000000000000e+03
558.136597126716,3.120000000000000000e+03
558.212159130897,3.153000000000000000e+03
558.2877188443963,3.138000000000000000e+03
558.3632818688957,3.137000000000000000e+03
558.4388425854064,3.140000000000000000e+03
558.514404727009,3.128000000000000000e+03
558.5899664144215,3.144000000000000000e+03
558.6655273268674,3.163000000000000000e+03
558.7410880798027,3.132000000000000000e+03
558.8166499139063,3.175000000000000000e+03
558.8922112599597,3.156000000000000000e+03
558.967713057182,3.171000000000000000e+03
559.0432733851013,3.195000000000000000e+03
559.1188350745749,3.176000000000000000e+03
559.1943962422328,3.196000000000000000e+03
559.2699587560661,3.199000000000000000e+03
559.3455204188144,3.203000000000000000e+03
559.4210818474133,3.205000000000000000e+03
559.4965813652148,3.215000000000000000e+03
559.5721432228186,3.238000000000000000e+03
559.6477045081621,3.216000000000000000e+03
559.7232670922535,3.253000000000000000e+03
559.7988272073811,3.219000000000000000e+03
559.8743904855485,3.235000000000000000e+03
559.9498901362008,3.257000000000000000e+03
560.0254518646021,3.262000000000000000e+03
560.101013283851,3.260000000000000000e+03
560.1765737578455,3.289000000000000000e+03
560.2520742676722,3.293000000000000000e+03
560.3276375176861,3.291000000000000000e+03
560.403197913604,3.308000000000000000e+03
560.4787595286434,3.311000000000000000e+03
560.5542610824292,3.326000000000000000e+03
560.6298210114372,3.309000000000000000e+03
560.7053824499653,3.330000000000000000e+03
560.7808837538506,3.348000000000000000e+03
560.8564453427125,3.339000000000000000e+03
560.9320065306349,3.368000000000000000e+03
561.0075071957364,3.387000000000000000e+03
561.083068484358,3.360000000000000000e+03
561.1586309213625,3.385000000000000000e+03
561.2341311877121,3.372000000000000000e+03
561.3096921017152,3.384000000000000000e+03
561.38525414016,3.401000000000000000e+03
561.4607536176175,3.418000000000000000e+03
561.5363159739327,3.416000000000000000e+03
561.611815719338,3.417000000000000000e+03
561.6873783611869,3.432000000000000000e+03
561.7629398798018,3.443000000000000000e+03
561.8384390275503,3.433000000000000000e+03
561.9140001503621,3.448000000000000000e+03
561.9895023263028,3.456000000000000000e+03
562.0650627048851,3.451000000000000000e+03
562.14056440411,3.437000000000000000e+03
562.216124320646,3.466000000000000000e+03
562.2916255096501,3.484000000000000000e+03
562.3671880931936,3.478000000000000000e+03
562.4426887392855,3.484000000000000000e+03
562.5182476319993,3.482000000000000000e+03
562.5937508658709,3.469000000000000000e+03
562.6693123627057,3.478000000000000000e+03
562.74481182221,3.479000000000000000e+03
562.8203758929451,3.490000000000000000e+03
562.8958747095527,3.497000000000000000e+03
562.9714349860473,3.493000000000000000e+03
563.0469362954447,3.513000000000000000e+03
563.122495911675,3.514000000000000000e+03
563.1979996843967,3.553000000000000000e+03
563.2735014976146,3.505000000000000000e+03
563.3490616404131,3.517000000000000000e+03
563.4245626960928,3.512000000000000000e+03
563.5001252712681,3.539000000000000000e+03
563.5756223602802,3.525000000000000000e+03
563.651123796897,3.523000000000000000e+03
563.7266867782757,3.539000000000000000e+03
563.8021841965968,3.542000000000000000e+03
563.8776859417937,3.538000000000000000e+03
563.9532460765673,3.540000000000000000e+03
564.028750113478,3.577000000000000000e+03
564.1042489134966,3.593000000000000000e+03
564.1798093070488,3.579000000000000000e+03
564.2553103495502,3.577000000000000000e+03
564.3308093096751,3.592000000000000000e+03
564.406309363184,3.599000000000000000e+03
564.4818710443967,3.585000000000000000e+03
564.5573732791687,3.617000000000000000e+03
564.6328733975147,3.616000000000000000e+03
564.7083745785875,3.621000000000000000e+03
564.7839342316926,3.614000000000000000e+03
564.8594343411578,3.649000000000000000e+03
564.9349354898865,3.659000000000000000e+03
565.0104344782485,3.657000000000000000e+03
565.0859376828606,3.670000000000000000e+03
565.1614993982859,3.631000000000000000e+03
565.2370014509892,3.650000000000000000e+03
565.3125013091181,3.665000000000000000e+03
565.3880021594653,3.669000000000000000e+03
565.4635007972533,3.668000000000000000e+03
565.539003609317,3.651000000000000000e+03
565.6145009933294,3.700000000000000000e+03
565.6900633380124,3.673000000000000000e+03
565.7655626510617,3.711000000000000000e+03
565.8410629091292,3.723000000000000000e+03
565.9165641049021,3.720000000000000000e+03
565.9920662310642,3.733000000000000000e+03
566.0675660759697,3.768000000000000000e+03
566.1430668349094,3.780000000000000000e+03
566.218565294519,3.798000000000000000e+03
566.2940678586797,3.840000000000000000e+03
566.3695681071296,3.847000000000000000e+03
566.4450692385612,3.843000000000000000e+03
566.5205680361734,3.817000000000000000e+03
566.5960709106712,3.858000000000000000e+03
566.6715682237672,3.867000000000000000e+03
566.7470728110585,3.854000000000000000e+03
566.8225718188038,3.858000000000000000e+03
566.8980716619694,3.851000000000000000e+03
566.9735723331842,3.862000000000000000e+03
567.0490738250725,3.888000000000000000e+03
567.124576130255,3.867000000000000000e+03
567.2000728070295,3.878000000000000000e+03
567.2755767149324,3.900000000000000000e+03
567.3510749762214,3.865000000000000000e+03
567.4265740178183,3.867000000000000000e+03
567.5020158617796,3.900000000000000000e+03
567.5775164263603,3.874000000000000000e+03
567.6530145267328,3.897000000000000000e+03
567.7285165992258,3.896000000000000000e+03
567.8040161909661,3.898000000000000000e+03
567.8795165168312,3.896000000000000000e+03
567.9550143436667,3.907000000000000000e+03
568.030454809503,3.900000000000000000e+03
568.1059572760166,3.895000000000000000e+03
568.1814572186239,3.887000000000000000e+03
568.2569578564685,3.926000000000000000e+03
568.3324591821038,3.913000000000000000e+03
568.4078998014397,3.909000000000000000e+03
568.4833960005236,3.908000000000000000e+03
568.5588993267824,3.897000000000000000e+03
568.6344000775514,3.909000000000000000e+03
568.7098400252225,3.921000000000000000e+03
568.7853420497555,3.906000000000000000e+03
568.8608382360627,3.953000000000000000e+03
568.9363415190523,3.930000000000000000e+03
569.0117774282729,3.926000000000000000e+03
569.0872819234564,3.932000000000000000e+03
569.1627805435954,3.942000000000000000e+03
569.2382214308882,3.925000000000000000e+03
569.3137212139475,3.953000000000000000e+03
569.3892215749459,3.921000000000000000e+03
569.4646608912675,3.914000000000000000e+03
569.540159125513,3.969000000000000000e+03
569.6156611580557,3.945000000000000000e+03
569.6910988288769,3.953000000000000000e+03
569.7666019324384,3.978000000000000000e+03
569.8420406248207,3.984000000000000000e+03
569.9175415212134,3.986000000000000000e+03
569.9929779552226,3.973000000000000000e+03
570.0684831086841,4.004000000000000000e+03
570.1439790128743,4.024000000000000000e+03
570.2194233829667,4.023000000000000000e+03
570.2949202456999,4.024000000000000000e+03
570.3703622784494,4.041000000000000000e+03
570.445860068619,4.010000000000000000e+03
570.5213029843966,4.026000000000000000e+03
570.5968016717245,4.063000000000000000e+03
570.6722421835592,4.059000000000000000e+03
570.7477417368721,4.084000000000000000e+03
570.8231798101211,4.075000000000000000e+03
570.8986801982124,4.083000000000000000e+03
570.9741190583125,4.110000000000000000e+03
571.0495615532302,4.086000000000000000e+03
571.1250598673524,4.109000000000000000e+03
571.2004998425258,4.113000000000000000e+03
571.2759989128315,4.132000000000000000e+03
571.3514395979222,4.178000000000000000e+03
571.4268806187823,4.131000000000000000e+03
571.502380758473,4.162000000000000000e+03
571.5778191764954,4.132000000000000000e+03
571.6533199952911,4.147000000000000000e+03
571.7287590443648,4.172000000000000000e+03
571.8041983893075,4.170000000000000000e+03
571.8797001612785,4.191000000000000000e+03
571.9551400914053,4.190000000000000000e+03
572.0305770222557,4.194000000000000000e+03
572.1060796776984,4.195000000000000000e+03
572.1815171452012,4.187000000000000000e+03
572.2569581356788,4.197000000000000000e+03
572.3323960927605,4.204000000000000000e+03
572.407896536331,4.216000000000000000e+03
572.4833382452001,4.244000000000000000e+03
572.5587768950401,4.237000000000000000e+03
572.6342157546687,4.226000000000000000e+03
572.7097171357055,4.232000000000000000e+03
572.7851564082451,4.231000000000000000e+03
572.860595867482,4.194000000000000000e+03
572.9360355057098,4.241000000000000000e+03
573.0114753152181,4.223000000000000000e+03
573.0869120040069,4.219000000000000000e+03
573.1624145499371,4.278000000000000000e+03
573.2378548425522,4.245000000000000000e+03
573.3132919886866,4.239000000000000000e+03
573.3887358412536,4.243000000000000000e+03
573.4641732432628,4.239000000000000000e+03
573.5396140502145,4.221000000000000000e+03
573.6150516762765,4.215000000000000000e+03
573.6904894023135,4.245000000000000000e+03
573.765930512647,4.227000000000000000e+03
573.841430982091,4.248000000000000000e+03
573.9168689788429,4.202000000000000000e+03
573.992307044541,4.263000000000000000e+03
574.0677484669548,4.236000000000000000e+03
574.143186648103,4.261000000000000000e+03
574.2186281721514,4.249000000000000000e+03
574.2940664376455,4.230000000000000000e+03
574.369504733205,4.253000000000000000e+03
574.4449463509113,4.239000000000000000e+03
574.5203846840986,4.248000000000000000e+03
574.5958263255775,4.239000000000000000e+03
574.6712646652065,4.278000000000000000e+03
574.7467062992555,4.263000000000000000e+03
574.8220818342194,4.270000000000000000e+03
574.8975201080523,4.275000000000000000e+03
574.972958349526,4.284000000000000000e+03
575.0484031644328,4.291000000000000000e+03
575.123841319456,4.276000000000000000e+03
575.1992794186443,4.313000000000000000e+03
575.2747207635744,4.274000000000000000e+03
575.3501587284561,4.301000000000000000e+03
575.4255966139904,4.296000000000000000e+03
575.5009781080917,4.345000000000000000e+03
575.5764191095092,4.329000000000000000e+03
575.6518566960136,4.331000000000000000e+03
575.7272974863798,4.319000000000000000e+03
575.802734844376,4.321000000000000000e+03
575.878112381472,4.344000000000000000e+03
575.9535527802104,4.369000000000000000e+03
576.0289897203602,4.332000000000000000e+03
576.1044298293617,4.357000000000000000e+03
576.1798100251303,4.360000000000000000e+03
576.2552497980854,4.387000000000000000e+03
576.3306893990058,4.387000000000000000e+03
576.406128819997,4.385000000000000000e+03
576.4815049102774,4.429000000000000000e+03
576.5569472553619,4.401000000000000000e+03
576.6323827484481,4.425000000000000000e+03
576.7077614876248,4.440000000000000000e+03
576.7832031849985,4.407000000000000000e+03
576.8586413290665,4.436000000000000000e+03
576.9340193243025,4.474000000000000000e+03
577.0094636329511,4.437000000000000000e+03
577.0848377582512,4.477000000000000000e+03
577.16027821416,4.464000000000000000e+03
577.2357184047618,4.466000000000000000e+03
577.3110949973668,4.491000000000000000e+03
577.386537950721,4.466000000000000000e+03
577.4619139242055,4.494000000000000000e+03
577.537352941864,4.482000000000000000e+03
577.6127949908184,4.493000000000000000e+03
577.6881733209865,4.504000000000000000e+03
577.7636080466142,4.492000000000000000e+03
577.8389923568332,4.515000000000000000e+03
577.9144297398194,4.522000000000000000e+03
577.9898066448662,4.522000000000000000e+03
578.0652466558962,4.525000000000000000e+03
578.1406261433702,4.517000000000000000e+03
578.2160052322953,4.518000000000000000e+03
578.2914441104416,4.515000000000000000e+03
578.3668223939513,4.510000000000000000e+03
578.4422604820693,4.524000000000000000e+03
578.5176379281295,4.564000000000000000e+03
578.5930785418759,4.551000000000000000e+03
578.6684551192922,4.520000000000000000e+03
578.7438345915076,4.535000000000000000e+03
578.8192739085011,4.565000000000000000e+03
578.8946558177184,4.562000000000000000e+03
578.9700305475527,4.558000000000000000e+03
579.0454684963836,4.552000000000000000e+03
579.1208523226036,4.536000000000000000e+03
579.1962255871266,4.540000000000000000e+03
579.2716688073882,4.543000000000000000e+03
579.3470477731651,4.543000000000000000e+03
579.422426215372,4.539000000000000000e+03
579.4978645731351,4.560000000000000000e+03
579.5732419597228,4.549000000000000000e+03
579.6486187985292,4.528000000000000000e+03
579.7239984422739,4.549000000000000000e+03
579.7994413956197,4.555000000000000000e+03
579.8748165609454,4.536000000000000000e+03
579.9501978729944,4.518000000000000000e+03
580.0255752360272,4.555000000000000000e+03
580.1009520044923,4.546000000000000000e+03
580.1763315363321,4.540000000000000000e+03
580.2517676967962,4.558000000000000000e+03
580.3271460173379,4.535000000000000000e+03
580.4025270812958,4.555000000000000000e+03
580.4779075136299,4.575000000000000000e+03
580.5532839357954,4.564000000000000000e+03
580.6286630796322,4.566000000000000000e+03
580.7040415674625,4.544000000000000000e+03
580.7794193911507,4.565000000000000000e+03
580.8548606471003,4.580000000000000000e+03
580.93023713472,4.579000000000000000e+03
581.0056129337681,4.596000000000000000e+03
581.0809947891954,4.560000000000000000e+03
581.1563725658202,4.596000000000000000e+03
581.2317496311581,4.605000000000000000e+03
581.3071293562248,4.570000000000000000e+03
581.3825049753692,4.573000000000000000e+03
581.4578866205884,4.632000000000000000e+03
581.5332675253469,4.589000000000000000e+03
581.6086442987792,4.622000000000000000e+03
581.6840203136338,4.637000000000000000e+03
581.759402330603,4.625000000000000000e+03
581.8347192551039,4.651000000000000000e+03
581.9100963181176,4.675000000000000000e+03
581.9854725915296,4.660000000000000000e+03
582.0608514550846,4.638000000000000000e+03
582.1362295143807,4.679000000000000000e+03
582.2116067612063,4.679000000000000000e+03
582.2869865779265,4.672000000000000000e+03
582.3623655674955,4.677000000000000000e+03
582.4376826596256,4.701000000000000000e+03
582.5130633476253,4.699000000000000000e+03
582.5884397914516,4.733000000000000000e+03
582.663815375205,4.705000000000000000e+03
582.7391968823445,4.729000000000000000e+03
582.8145741197121,4.723000000000000000e+03
582.8898961123252,4.718000000000000000e+03
582.9652715612834,4.759000000000000000e+03
583.040649510047,4.724000000000000000e+03
583.1160265527496,4.767000000000000000e+03
583.1913482631782,4.774000000000000000e+03
583.2667234548948,4.767000000000000000e+03
583.3421045215043,4.762000000000000000e+03
583.4174199810626,4.766000000000000000e+03
583.4927957467897,4.797000000000000000e+03
583.5681773696024,4.778000000000000000e+03
583.6434933121396,4.786000000000000000e+03
583.7188729925016,4.762000000000000000e+03
583.7942482893968,4.806000000000000000e+03
583.8695680563296,4.810000000000000000e+03
583.9449481799317,4.804000000000000000e+03
584.0202659107239,4.786000000000000000e+03
584.0956440132398,4.814000000000000000e+03
584.1710211006637,4.796000000000000000e+03
584.2463391362261,4.803000000000000000e+03
584.3217175678463,4.787000000000000000e+03
584.397036902774,4.806000000000000000e+03
584.4724098183955,4.817000000000000000e+03
584.547730422869,4.813000000000000000e+03
584.6231080391428,4.818000000000000000e+03
584.6984264672309,4.798000000000000000e+03
584.7738053399806,4.808000000000000000e+03
584.8491181386739,4.801000000000000000e+03
584.9244982380097,4.785000000000000000e+03
584.999819059336,4.816000000000000000e+03
585.075196935735,4.798000000000000000e+03
585.1505120634026,4.785000000000000000e+03
585.2258328842156,4.795000000000000000e+03
585.3012073559288,4.834000000000000000e+03
585.3765258594744,4.808000000000000000e+03
585.4519014529151,4.816000000000000000e+03
585.5272210349477,4.808000000000000000e+03
585.6025394236891,4.830000000000000000e+03
585.6779183540843,4.766000000000000000e+03
585.7532343469177,4.802000000000000000e+03
585.8285525531982,4.807000000000000000e+03
585.903931325335,4.793000000000000000e+03
585.9792470887818,4.804000000000000000e+03
586.0545650448402,4.804000000000000000e+03
586.129943590941,4.792000000000000000e+03
586.2052590571699,4.791000000000000000e+03
586.2805801323906,4.785000000000000000e+03
586.3558964990681,4.816000000000000000e+03
586.4312734874165,4.804000000000000000e+03
586.5065907402152,4.799000000000000000e+03
586.581910138055,4.825000000000000000e+03
586.6572282334675,4.812000000000000000e+03
586.7325450179966,4.827000000000000000e+03
586.8078604831817,4.849000000000000000e+03
586.8832400626194,4.818000000000000000e+03
586.9585563257202,4.835000000000000000e+03
587.0338746919296,4.848000000000000000e+03
587.1091917084522,4.852000000000000000e+03
587.1845073668081,4.838000000000000000e+03
587.2598251072543,4.837000000000000000e+03
587.3351414743306,4.876000000000000000e+03
587.4104599100556,4.894000000000000000e+03
587.4857769571927,4.901000000000000000e+03
587.561154748295,4.887000000000000000e+03
587.6364724618505,4.871000000000000000e+03
587.7117956711814,4.886000000000000000e+03
587.7871070984039,4.920000000000000000e+03
587.8624274619677,4.928000000000000000e+03
587.9377429344911,4.897000000000000000e+03
588.0130604199811,4.920000000000000000e+03
588.0883799125671,4.914000000000000000e+03
588.1636356784406,4.952000000000000000e+03
588.238955690508,4.947000000000000000e+03
588.3142673068548,4.944000000000000000e+03
588.3895878237362,4.952000000000000000e+03
588.4649033889435,4.988000000000000000e+03
588.5402209188585,4.972000000000000000e+03
588.6155404075857,4.958000000000000000e+03
588.690858383657,4.976000000000000000e+03
588.7661713720535,4.973000000000000000e+03
588.8414897635765,4.969000000000000000e+03
588.9167476586122,4.994000000000000000e+03
588.9920664224305,5.026000000000000000e+03
589.0673836342858,4.991000000000000000e+03
589.1426992855957,5.030000000000000000e+03
589.218016839552,5.005000000000000000e+03
589.2932737822392,4.998000000000000000e+03
589.3685916341684,5.031000000000000000e+03
589.4439113691725,4.998000000000000000e+03
589.5192260306546,5.004000000000000000e+03
589.5944834640918,5.032000000000000000e+03
589.6698018398133,5.010000000000000000e+03
589.7451151152937,5.024000000000000000e+03
589.8203745749156,5.041000000000000000e+03
589.8956915227002,5.044000000000000000e+03
589.9710103048042,5.056000000000000000e+03
590.0462647658838,5.047000000000000000e+03
590.1215802169737,5.045000000000000000e+03
590.1969009642476,5.040000000000000000e+03
590.2721573201462,5.039000000000000000e+03
590.3474712065699,5.049000000000000000e+03
590.4227276225253,5.046000000000000000e+03
590.4980485574569,5.028000000000000000e+03
590.5733642980202,5.060000000000000000e+03
590.6486190143539,5.047000000000000000e+03
590.7239382761438,5.055000000000000000e+03
590.7991929792477,5.038000000000000000e+03
590.8745122460406,5.014000000000000000e+03
590.949766906547,5.051000000000000000e+03
591.0250861489686,5.038000000000000000e+03
591.1003407374803,5.046000000000000000e+03
591.1756599261265,5.046000000000000000e+03
591.2509179089925,5.016000000000000000e+03
591.3262300219859,5.040000000000000000e+03
591.4014878748632,5.045000000000000000e+03
591.4767473940146,4.994000000000000000e+03
591.5520645628086,5.016000000000000000e+03
591.6273204101701,5.024000000000000000e+03
591.7026374211463,5.029000000000000000e+03
591.7778930647432,5.015000000000000000e+03
591.8531503390309,5.018000000000000000e+03
591.9284652986332,4.999000000000000000e+03
592.0037223256917,5.026000000000000000e+03
592.078980963471,5.060000000000000000e+03
592.1542973093693,5.011000000000000000e+03
592.2295556572795,5.006000000000000000e+03
592.3048120876588,5.037000000000000000e+03
592.3800630826099,5.046000000000000000e+03
592.4553858514331,5.033000000000000000e+03
592.5306400045375,5.053000000000000000e+03
592.605895718667,5.060000000000000000e+03
592.6811529877263,5.030000000000000000e+03
592.7564680232479,5.032000000000000000e+03
592.8317248836482,5.050000000000000000e+03
592.9069797635018,5.057000000000000000e+03
592.9822361703012,5.049000000000000000e+03
593.0574940979332,5.066000000000000000e+03
593.1327535402811,5.062000000000000000e+03
593.2080707945502,5.077000000000000000e+03
593.2833262225523,5.050000000000000000e+03
593.3585831433304,5.072000000000000000e+03
593.4338380291163,5.084000000000000000e+03
593.5090943936262,5.094000000000000000e+03
593.5843487072985,5.075000000000000000e+03
593.659608009946,5.094000000000000000e+03
593.7348652476825,5.123000000000000000e+03
593.8101204116787,5.112000000000000000e+03
593.8853734931009,5.126000000000000000e+03
593.9606350667892,5.111000000000000000e+03
594.0358874880162,5.132000000000000000e+03
594.1111448612946,5.135000000000000000e+03
594.1864036525659,5.128000000000000000e+03
594.261656792722,5.154000000000000000e+03
594.3369113349503,5.148000000000000000e+03
594.412170806332,5.154000000000000000e+03
594.4874246009118,5.153000000000000000e+03
594.5626833122808,5.159000000000000000e+03
594.6379398650504,5.181000000000000000e+03
594.713137660945,5.180000000000000000e+03
594.7883898555625,5.188000000000000000e+03
594.8636469421946,5.185000000000000000e+03
594.9389018382798,5.165000000000000000e+03
595.0141616157636,5.179000000000000000e+03
595.089419188496,5.169000000000000000e+03
595.1646107878064,5.202000000000000000e+03
595.2398674513149,5.171000000000000000e+03
595.3151254291543,5.195000000000000000e+03
595.3903847151016,5.180000000000000000e+03
595.4656382113445,5.179000000000000000e+03
595.5408327059386,5.188000000000000000e+03
595.6160887648438,5.205000000000000000e+03
595.6913461033438,5.218000000000000000e+03
595.766537277015,5.194000000000000000e+03
595.8417935886669,5.182000000000000000e+03
595.9170511593863,5.212000000000000000e+03
595.9922460456994,5.187000000000000000e+03
596.0675025466851,5.186000000000000000e+03
596.1427638400409,5.169000000000000000e+03
596.2179588270185,5.175000000000000000e+03
596.2932154538282,5.204000000000000000e+03
596.3684092805976,5.194000000000000000e+03
596.4436647633602,5.216000000000000000e+03
596.5189214496943,5.198000000000000000e+03
596.5941188261428,5.200000000000000000e+03
596.66937432537,5.180000000000000000e+03
596.7445669087822,5.203000000000000000e+03
596.8198211894645,5.216000000000000000e+03
596.8950196332996,5.190000000000000000e+03
596.970276230399,5.200000000000000000e+03
597.0454733846776,5.193000000000000000e+03
597.1207287065554,5.195000000000000000e+03
597.1959245406573,5.188000000000000000e+03
597.2711821240141,5.165000000000000000e+03
597.346376608188,5.161000000000000000e+03
597.4215686134714,5.160000000000000000e+03
597.4968295313251,5.149000000000000000e+03
597.5720201406484,5.172000000000000000e+03
597.6472761104219,5.171000000000000000e+03
597.7224724376053,5.184000000000000000e+03
597.7976698215576,5.170000000000000000e+03
597.8729290227747,5.144000000000000000e+03
597.9481177902557,5.171000000000000000e+03
598.0233111663857,5.182000000000000000e+03
598.0985055702889,5.163000000000000000e+03
598.1737618236143,5.154000000000000000e+03
598.2489618582954,5.140000000000000000e+03
598.3241593235456,5.150000000000000000e+03
598.3994115033879,5.144000000000000000e+03
598.474610980403,5.157000000000000000e+03
598.5498078643709,5.128000000000000000e+03
598.6250021462114,5.174000000000000000e+03
598.7001974012594,5.152000000000000000e+03
598.7754509882492,5.151000000000000000e+03
598.8506481849574,5.155000000000000000e+03
598.9258427485826,5.143000000000000000e+03
599.0010346700252,5.158000000000000000e+03
599.0762311180282,5.164000000000000000e+03
599.1514249092414,5.192000000000000000e+03
599.2266232160047,5.183000000000000000e+03
599.3018152597305,5.150000000000000000e+03
599.377015398708,5.194000000000000000e+03
599.4522092582096,5.190000000000000000e+03
599.5274004207358,5.165000000000000000e+03
599.6026571865846,5.167000000000000000e+03
599.6778573294381,5.181000000000000000e+03
599.75305475513,5.182000000000000000e+03
599.8281846916185,5.209000000000000000e+03
599.9033838370023,5.206000000000000000e+03
599.9785766416528,5.202000000000000000e+03
600.053770295001,5.215000000000000000e+03
600.1289683921447,5.210000000000000000e+03
600.2041637244379,5.181000000000000000e+03
600.2793526793631,5.202000000000000000e+03
600.3545532663233,5.230000000000000000e+03
600.4297438560275,5.247000000000000000e+03
600.5049460702534,5.210000000000000000e+03
600.5801418758335,5.218000000000000000e+03
600.6552771428559,5.246000000000000000e+03
600.7304709082258,5.217000000000000000e+03
600.8056618443525,5.218000000000000000e+03
600.8808607737748,5.252000000000000000e+03
600.9560532494999,5.260000000000000000e+03
601.0311922986062,5.236000000000000000e+03
601.1063862725979,5.244000000000000000e+03
601.1815809927549,5.256000000000000000e+03
601.2567764525755,5.267000000000000000e+03
601.3319147895378,5.268000000000000000e+03
601.4071044608863,5.278000000000000000e+03
601.4823020843723,5.250000000000000000e+03
601.5574316659164,5.271000000000000000e+03
601.6326270733168,5.254000000000000000e+03
601.7078304205318,5.271000000000000000e+03
601.7829620350541,5.269000000000000000e+03
601.8581486377003,5.277000000000000000e+03
601.933346783807,5.298000000000000000e+03
602.0084839921338,5.309000000000000000e+03
602.083676211499,5.289000000000000000e+03
602.1588146975101,5.279000000000000000e+03
602.2340082086174,5.278000000000000000e+03
602.3091406905852,5.289000000000000000e+03
602.3843354654153,5.306000000000000000e+03
602.4594691672044,5.262000000000000000e+03
602.5346651795211,5.289000000000000000e+03
602.6098000748738,5.279000000000000000e+03
602.6850009307062,5.309000000000000000e+03
602.7601297278479,5.272000000000000000e+03
602.835324501311,5.291000000000000000e+03
602.9104617030976,5.309000000000000000e+03
602.9856576324572,5.276000000000000000e+03
603.0607923111419,5.283000000000000000e+03
603.1359238900089,5.261000000000000000e+03
603.2111214938288,5.262000000000000000e+03
603.286257780958,5.283000000000000000e+03
603.3613873052992,5.289000000000000000e+03
603.4365865232959,5.273000000000000000e+03
603.5117170740094,5.247000000000000000e+03
603.5868590488889,5.257000000000000000e+03
603.662052534344,5.274000000000000000e+03
603.7371845673017,5.296000000000000000e+03
603.81231707505,5.260000000000000000e+03
603.887453697761,5.236000000000000000e+03
603.9626491471525,5.266000000000000000e+03
604.0377794072089,5.257000000000000000e+03
604.1129174127565,5.208000000000000000e+03
604.1880449104403,5.234000000000000000e+03
604.2631837934832,5.250000000000000000e+03
604.3383778903907,5.241000000000000000e+03
604.4135103343683,5.247000000000000000e+03
604.4886504996763,5.231000000000000000e+03
604.563783765211,5.243000000000000000e+03
604.638917430624,5.208000000000000000e+03
604.7140551460399,5.244000000000000000e+03
604.7891822767169,5.247000000000000000e+03
604.8643171008456,5.243000000000000000e+03
604.9394559576849,5.253000000000000000e+03
605.0145842015769,5.243000000000000000e+03
605.0897237856702,5.260000000000000000e+03
605.1648564002364,5.257000000000000000e+03
605.2399856962843,5.267000000000000000e+03
605.3151189925194,5.237000000000000000e+03
605.3902636149207,5.254000000000000000e+03
605.4653975696758,5.245000000000000000e+03
605.5405318422726,5.257000000000000000e+03
605.6156590905977,5.272000000000000000e+03
605.6907939769335,5.254000000000000000e+03
605.7659328305035,5.268000000000000000e+03
605.8410609655854,5.264000000000000000e+03
605.9162003953313,5.259000000000000000e+03
605.9913290876823,5.261000000000000000e+03
606.0664066228989,5.263000000000000000e+03
606.1415395042012,5.263000000000000000e+03
606.2166799910092,5.250000000000000000e+03
606.2918133784608,5.272000000000000000e+03
606.3669470079659,5.272000000000000000e+03
606.4420183515472,5.283000000000000000e+03
606.5171524294295,5.286000000000000000e+03
606.5922867291196,5.293000000000000000e+03
606.6674138829553,5.248000000000000000e+03
606.7424897023321,5.288000000000000000e+03
606.8176282927667,5.313000000000000000e+03
606.892763396603,5.284000000000000000e+03
606.967832374639,5.272000000000000000e+03
607.0429715162923,5.319000000000000000e+03
607.1181034623711,5.309000000000000000e+03
607.1931802717572,5.314000000000000000e+03
607.2683125290589,5.297000000000000000e+03
607.3433822314132,5.287000000000000000e+03
607.4185147709629,5.291000000000000000e+03
607.4936474492058,5.307000000000000000e+03
607.568728579775,5.303000000000000000e+03
607.6438651945415,5.284000000000000000e+03
607.7189354514061,5.350000000000000000e+03
607.7940648948955,5.309000000000000000e+03
607.8691390154966,5.323000000000000000e+03
607.9442760360965,5.332000000000000000e+03
608.0193503026833,5.314000000000000000e+03
608.0944763933102,5.297000000000000000e+03
608.1695544745533,5.312000000000000000e+03
608.2446288993489,5.308000000000000000e+03
608.3197588665847,5.319000000000000000e+03
608.3948370686987,5.297000000000000000e+03
608.4699671264611,5.315000000000000000e+03
608.5450453798318,5.298000000000000000e+03
608.6201162337966,5.276000000000000000e+03
608.6952500728952,5.325000000000000000e+03
608.7703283444799,5.316000000000000000e+03
608.8453991906096,5.285000000000000000e+03
608.9205330479303,5.279000000000000000e+03
608.9956038584991,5.290000000000000000e+03
609.0706746332155,5.313000000000000000e+03
609.1457490757923,5.298000000000000000e+03
609.2208828546053,5.296000000000000000e+03
609.2959572093966,5.310000000000000000e+03
609.3710315026567,5.277000000000000000e+03
609.4461020132543,5.278000000000000000e+03
609.5211761618758,5.273000000000000000e+03
609.596313401595,5.302000000000000000e+03
609.6713911114757,5.280000000000000000e+03
609.7464575734725,5.285000000000000000e+03
609.8215313665582,5.281000000000000000e+03
609.8966087695813,5.292000000000000000e+03
609.9716823370709,5.274000000000000000e+03
610.0467520593664,5.299000000000000000e+03
610.1218253717766,5.293000000000000000e+03
610.1969022701301,5.299000000000000000e+03
610.2719715772956,5.304000000000000000e+03
610.3470481817901,5.275000000000000000e+03
610.4221171775756,5.271000000000000000e+03
610.497197187561,5.294000000000000000e+03
610.57226584515,5.256000000000000000e+03
610.6473343218574,5.295000000000000000e+03
610.7224138001953,5.265000000000000000e+03
610.797485627792,5.255000000000000000e+03
610.8725535238477,5.272000000000000000e+03
610.9476324089377,5.290000000000000000e+03
611.0227036169238,5.284000000000000000e+03
611.0977746041515,5.257000000000000000e+03
611.1727930691471,5.288000000000000000e+03
611.2478635811165,5.283000000000000000e+03
611.322933851425,5.297000000000000000e+03
611.3980076111742,5.309000000000000000e+03
611.4730885951344,5.310000000000000000e+03
611.5480945237883,5.297000000000000000e+03
611.6231674865746,5.284000000000000000e+03
611.6982401746329,5.312000000000000000e+03
611.7733125809731,5.297000000000000000e+03
611.8483322884233,5.274000000000000000e+03
611.9234040974807,5.311000000000000000e+03
611.9984756038272,5.306000000000000000e+03
612.0734868590204,5.287000000000000000e+03
612.1485577242255,5.316000000000000000e+03
612.2236320138743,5.290000000000000000e+03
612.29864223997,5.322000000000000000e+03
612.3737158491524,5.292000000000000000e+03
612.4487891153859,5.294000000000000000e+03
612.5238057538297,5.281000000000000000e+03
612.5988820520686,5.306000000000000000e+03
612.6738904216345,5.276000000000000000e+03
612.7489659718954,5.333000000000000000e+03
612.823973546304,5.345000000000000000e+03
612.8990483204313,5.323000000000000000e+03
612.9740588288777,5.311000000000000000e+03
613.0491327996091,5.321000000000000000e+03
613.1241424592772,5.306000000000000000e+03
613.1992155984035,5.305000000000000000e+03
613.2742356642218,5.306000000000000000e+03
613.3493004223218,5.338000000000000000e+03
613.4243195893181,5.334000000000000000e+03
613.4993307631479,5.313000000000000000e+03
613.5744016964444,5.345000000000000000e+03
613.649411925334,5.365000000000000000e+03
613.7244216637683,5.349000000000000000e+03
613.7994949521243,5.344000000000000000e+03
613.8745150092991,5.340000000000000000e+03
613.9495232522579,5.343000000000000000e+03
614.0245988411093,5.329000000000000000e+03
614.0996098270987,5.336000000000000000e+03
614.1746165098081,5.346000000000000000e+03
614.249637744498,5.339000000000000000e+03
614.3247112746017,5.324000000000000000e+03
614.3997201107526,5.328000000000000000e+03
614.4747283872863,5.369000000000000000e+03
614.5497436505112,5.334000000000000000e+03
614.6247545659288,5.339000000000000000e+03
614.6997724593214,5.367000000000000000e+03
614.7748464623442,5.350000000000000000e+03
614.849851856068,5.342000000000000000e+03
614.9248717727137,5.374000000000000000e+03
614.9998797404727,5.336000000000000000e+03
615.074887093413,5.347000000000000000e+03
615.1499013925762,5.349000000000000000e+03
615.2249112812997,5.337000000000000000e+03
615.2999281074821,5.334000000000000000e+03
615.37494429578,5.332000000000000000e+03
615.4499484756757,5.339000000000000000e+03
615.5249671526651,5.348000000000000000e+03
615.5999700135978,5.329000000000000000e+03
615.674987364677,5.312000000000000000e+03
615.7500040438919,5.346000000000000000e+03
615.8250086668538,5.339000000000000000e+03
615.9000239780391,5.330000000000000000e+03
615.9750385958242,5.331000000000000000e+03
616.0499879950269,5.322000000000000000e+03
616.125001188739,5.337000000000000000e+03
616.2000136674831,5.337000000000000000e+03
616.2750254240636,5.314000000000000000e+03
616.3500402501554,5.331000000000000000e+03
616.424989744965,5.313000000000000000e+03
616.4999992779765,5.320000000000000000e+03
616.5750118616551,5.319000000000000000e+03
616.6500236889908,5.323000000000000000e+03
616.7249700933148,5.309000000000000000e+03
616.7999917838531,5.300000000000000000e+03
616.8750012859002,5.297000000000000000e+03
616.9500138089951,5.326000000000000000e+03
617.0249684335095,5.281000000000000000e+03
617.0999755461561,5.327000000000000000e+03
617.1749323342385,5.316000000000000000e+03
617.2499416237376,5.289000000000000000e+03
617.3249500936826,5.298000000000000000e+03
617.3999005594274,5.332000000000000000e+03
617.4749187928894,5.284000000000000000e+03
617.5498713580679,5.287000000000000000e+03
617.6248764532221,5.321000000000000000e+03
617.6998272751239,5.317000000000000000e+03
617.774842087781,5.293000000000000000e+03
617.8497949575078,5.302000000000000000e+03
617.9248080184943,5.299000000000000000e+03
617.9997552731191,5.306000000000000000e+03
618.0747703725801,5.295000000000000000e+03
618.1497196214651,5.306000000000000000e+03
618.2247329138257,5.314000000000000000e+03
618.2996803095217,5.294000000000000000e+03
618.3746344075533,5.289000000000000000e+03
618.4496449285776,5.321000000000000000e+03
618.5246009609511,5.329000000000000000e+03
618.5996134313992,5.316000000000000000e+03
618.6745560641473,5.316000000000000000e+03
618.7495092005038,5.323000000000000000e+03
618.8244613531926,5.301000000000000000e+03
618.8994699703757,5.300000000000000000e+03
618.9744239789885,5.290000000000000000e+03
619.0493731516125,5.305000000000000000e+03
619.1243251444364,5.297000000000000000e+03
619.1993412981616,5.348000000000000000e+03
619.2742912625894,5.315000000000000000e+03
619.3492401939288,5.330000000000000000e+03
619.4241957585679,5.332000000000000000e+03
619.49914644136,5.354000000000000000e+03
619.574092232174,5.355000000000000000e+03
619.6491060742194,5.327000000000000000e+03
619.7240612712098,5.320000000000000000e+03
619.7990153966044,5.336000000000000000e+03
619.8739607581703,5.320000000000000000e+03
619.9489127164364,5.335000000000000000e+03
620.0238674253178,5.333000000000000000e+03
620.0988171897836,5.329000000000000000e+03
620.1737696919839,5.344000000000000000e+03
620.2487210802482,5.297000000000000000e+03
620.3236713471981,5.298000000000000000e+03
620.3986204854525,5.348000000000000000e+03
620.4735684876265,5.343000000000000000e+03
620.5485268987461,5.330000000000000000e+03
620.6234726093822,5.339000000000000000e+03
620.6983632244552,5.310000000000000000e+03
620.7733181589438,5.359000000000000000e+03
620.8482642169087,5.339000000000000000e+03
620.9232206626439,5.299000000000000000e+03
620.9981720715697,5.354000000000000000e+03
621.0731261481193,5.330000000000000000e+03
621.1480095809419,5.309000000000000000e+03
621.2229612428204,5.341000000000000000e+03
621.297911694613,5.340000000000000000e+03
621.3728609288961,5.343000000000000000e+03
621.4477548706138,5.304000000000000000e+03
621.5227016345505,5.327000000000000000e+03
621.5976587501937,5.359000000000000000e+03
621.6726030298828,5.328000000000000000e+03
621.7474919350946,5.350000000000000000e+03
621.8224452848259,5.338000000000000000e+03
621.8974012381406,5.328000000000000000e+03
621.9722862889673,5.320000000000000000e+03
622.0472396789139,5.325000000000000000e+03
622.1221337289863,5.331000000000000000e+03
622.1970845285309,5.321000000000000000e+03
622.2719759453078,5.312000000000000000e+03
622.3469241245926,5.319000000000000000e+03
622.4218128781972,5.332000000000000000e+03
622.4967622823602,5.308000000000000000e+03
622.5716599716851,5.312000000000000000e+03
622.6466028245032,5.325000000000000000e+03
622.7215016770383,5.306000000000000000e+03
622.7964418235973,5.331000000000000000e+03
622.871337934366,5.313000000000000000e+03
622.9462869865647,5.328000000000000000e+03
623.0211803283856,5.309000000000000000e+03
623.0960722679492,5.340000000000000000e+03
623.171021049062,5.297000000000000000e+03
623.2459101755901,5.344000000000000000e+03
623.3208017626214,5.304000000000000000e+03
623.395754098775,5.296000000000000000e+03
623.4706428323591,5.309000000000000000e+03
623.5455262323782,5.311000000000000000e+03
623.620478179971,5.308000000000000000e+03
623.6953742393713,5.321000000000000000e+03
623.770264945422,5.319000000000000000e+03
623.8451580714401,5.301000000000000000e+03
623.9200497199279,5.304000000000000000e+03
623.9949943951041,5.328000000000000000e+03
624.0698830789871,5.349000000000000000e+03
624.1447780538391,5.297000000000000000e+03
624.2196676282117,5.332000000000000000e+03
624.294551791745,5.283000000000000000e+03
624.3694461275634,5.343000000000000000e+03
624.4443389386003,5.336000000000000000e+03
624.5192302172907,5.331000000000000000e+03
624.594119956067,5.309000000000000000e+03
624.6690081473579,5.323000000000000000e+03
624.7438986866382,5.290000000000000000e+03
624.8187876651521,5.305000000000000000e+03
624.8936828851607,5.325000000000000000e+03
624.9685648154103,5.279000000000000000e+03
625.0434607874414,5.297000000000000000e+03
625.118343450791,5.305000000000000000e+03
625.1932323327678,5.329000000000000000e+03
625.2681235217902,5.300000000000000000e+03
625.3430131025287,5.301000000000000000e+03
625.4179088903309,5.325000000000000000e+03
625.4927952335612,5.312000000000000000e+03
625.5676916857351,5.299000000000000000e+03
625.6425199619503,5.294000000000000000e+03
625.7174131243843,5.313000000000000000e+03
625.7922928900053,5.298000000000000000e+03
625.8671827453387,5.310000000000000000e+03
625.9420160846083,5.315000000000000000e+03
626.0169025920226,5.276000000000000000e+03
626.0917991803195,5.294000000000000000e+03
626.1666862460672,5.264000000000000000e+03
626.2415206363681,5.324000000000000000e+03
626.3164042977897,5.330000000000000000e+03
626.3912940989977,5.294000000000000000e+03
626.4661272443966,5.297000000000000000e+03
626.5410175274903,5.295000000000000000e+03
626.615847188603,5.297000000000000000e+03
626.690730072822,5.272000000000000000e+03
626.7656269283852,5.304000000000000000e+03
626.840451314513,5.300000000000000000e+03
626.9153446610744,5.279000000000000000e+03
626.9901772825715,5.281000000000000000e+03
627.0650670922585,5.316000000000000000e+03
627.139896133363,5.306000000000000000e+03
627.2147823754598,5.287000000000000000e+03
627.2896117403598,5.273000000000000000e+03
627.3644353471379,5.283000000000000000e+03
627.439327984495,5.282000000000000000e+03
627.5141636877709,5.267000000000000000e+03
627.5890526928466,5.293000000000000000e+03
627.663880782514,5.317000000000000000e+03
627.7387109557335,5.280000000000000000e+03
627.8135983885963,5.333000000000000000e+03
627.888432727397,5.306000000000000000e+03
627.9632573049314,5.302000000000000000e+03
628.0380918294328,5.304000000000000000e+03
628.112979699485,5.257000000000000000e+03
628.1878104532764,5.315000000000000000e+03
628.2626393035407,5.273000000000000000e+03
628.3374662425448,5.305000000000000000e+03
628.4123504978592,5.279000000000000000e+03
628.4871815051602,5.298000000000000000e+03
628.5620145326476,5.305000000000000000e+03
628.63683771987,5.299000000000000000e+03
628.7116668645676,5.306000000000000000e+03
628.7864940571845,5.336000000000000000e+03
628.861331153962,5.308000000000000000e+03
628.936154421971,5.285000000000000000e+03
629.0110469324966,5.294000000000000000e+03
629.0858781314407,5.317000000000000000e+03
629.1607073451441,5.289000000000000000e+03
629.2355385252092,5.292000000000000000e+03
629.3103637460557,5.278000000000000000e+03
629.3851909195948,5.311000000000000000e+03
629.4599566456909,5.301000000000000000e+03
629.5347876946724,5.302000000000000000e+03
629.6096206814701,5.273000000000000000e+03
629.6844476710704,5.290000000000000000e+03
629.7592765847875,5.274000000000000000e+03
629.8341034507418,5.290000000000000000e+03
629.9089361968385,5.304000000000000000e+03
629.9837668833397,5.296000000000000000e+03
630.0585319866323,5.337000000000000000e+03
630.1333585154333,5.293000000000000000e+03
630.2081869328323,5.316000000000000000e+03
630.2830212064096,5.284000000000000000e+03
630.357845439965,5.316000000000000000e+03
630.4326198754851,5.298000000000000000e+03
630.5074438560955,5.330000000000000000e+03
630.5822696946797,5.327000000000000000e+03
630.6570417042689,5.300000000000000000e+03
630.731875208807,5.328000000000000000e+03
630.8066986206805,5.307000000000000000e+03
630.8814721252387,5.301000000000000000e+03
630.9562952071166,5.340000000000000000e+03
631.0310643632178,5.313000000000000000e+03
631.105891071369,5.284000000000000000e+03
631.180727559518,5.339000000000000000e+03
631.2554901467649,5.308000000000000000e+03
631.3303222623172,5.329000000000000000e+03
631.405096374139,5.323000000000000000e+03
631.4799240894147,5.318000000000000000e+03
631.5546897701579,5.339000000000000000e+03
631.6295170422857,5.324000000000000000e+03
631.7042902186802,5.335000000000000000e+03
631.7790531605395,5.346000000000000000e+03
631.8538817097726,5.337000000000000000e+03
631.92864811987,5.347000000000000000e+03
632.0034761631966,5.345000000000000000e+03
632.0782500155915,5.349000000000000000e+03
632.1530135902073,5.333000000000000000e+03
632.2278428187498,5.334000000000000000e+03
632.302613801501,5.326000000000000000e+03
632.3773784779866,5.348000000000000000e+03
632.4521448373721,5.328000000000000000e+03
632.5269768890333,5.359000000000000000e+03
632.6017506159666,5.320000000000000000e+03
632.676510001269,5.320000000000000000e+03
632.7512790509523,5.350000000000000000e+03
632.8260537609164,5.334000000000000000e+03
632.9008781908929,5.333000000000000000e+03
632.9756481987458,5.346000000000000000e+03
633.0504118299601,5.334000000000000000e+03
633.1251770907054,5.312000000000000000e+03
633.1999560041435,5.340000000000000000e+03
633.2747205011095,5.318000000000000000e+03
633.3494906217101,5.375000000000000000e+03
633.424254326886,5.362000000000000000e+03
633.4990196322598,5.336000000000000000e+03
633.5737865327139,5.322000000000000000e+03
633.648563053338,5.334000000000000000e+03
633.7233250983792,5.335000000000000000e+03
633.7980967533418,5.328000000000000000e+03
633.8728659649396,5.329000000000000000e+03
633.9476287063017,5.328000000000000000e+03
634.0223970261379,5.350000000000000000e+03
634.0971669013632,5.353000000000000000e+03
634.1719383268377,5.379000000000000000e+03
634.2466469344034,5.335000000000000000e+03
634.3214133824966,5.348000000000000000e+03
634.3961773370226,5.335000000000000000e+03
634.4709508665852,5.377000000000000000e+03
634.5457098128275,5.354000000000000000e+03
634.6204179123285,5.334000000000000000e+03
634.6951838891794,5.346000000000000000e+03
634.7699594261242,5.341000000000000000e+03
634.8446639181344,5.349000000000000000e+03
634.9194303392767,5.351000000000000000e+03
634.9941982444507,5.352000000000000000e+03
635.0689071315994,5.369000000000000000e+03
635.1436779750669,5.338000000000000000e+03
635.2184422169859,5.361000000000000000e+03
635.2931514147849,5.331000000000000000e+03
635.3679185572572,5.320000000000000000e+03
635.4426225428958,5.343000000000000000e+03
635.5173966020865,5.356000000000000000e+03
635.5920953462391,5.347000000000000000e+03
635.6668641820465,5.371000000000000000e+03
635.7415738192077,5.386000000000000000e+03
635.8163454884761,5.361000000000000000e+03
635.8910498330289,5.366000000000000000e+03
635.965820268507,5.386000000000000000e+03
636.040527380104,5.389000000000000000e+03
636.1152925097643,5.357000000000000000e+03
636.1900064130152,5.366000000000000000e+03
636.264705482508,5.363000000000000000e+03
636.3394747364619,5.384000000000000000e+03
636.4141805605591,5.363000000000000000e+03
636.4888958251801,5.353000000000000000e+03
636.5636569999903,5.366000000000000000e+03
636.638366837131,5.381000000000000000e+03
636.713077996721,5.400000000000000000e+03
636.7877823635431,5.397000000000000000e+03
636.8624839825806,5.417000000000000000e+03
636.9372558697529,5.420000000000000000e+03
637.0119641595608,5.354000000000000000e+03
637.0866696829735,5.375000000000000000e+03
637.1613724318777,5.325000000000000000e+03
637.2360845802513,5.298000000000000000e+03
637.3107939435926,5.343000000000000000e+03
637.3855005137792,5.370000000000000000e+03
637.4602652360181,5.392000000000000000e+03
637.5349702743098,5.369000000000000000e+03
637.609680627888,5.417000000000000000e+03
637.684388161506,5.421000000000000000e+03
637.7590928670257,5.430000000000000000e+03
637.8338028729448,5.437000000000000000e+03
637.9085059690191,5.449000000000000000e+03
637.9832143549187,5.416000000000000000e+03
638.0578588181736,5.427000000000000000e+03
638.1325736880859,5.473000000000000000e+03
638.2072734731871,5.435000000000000000e+03
638.2819826009681,5.430000000000000000e+03
638.3566888468711,5.457000000000000000e+03
638.4313922027295,5.453000000000000000e+03
638.5061048910752,5.489000000000000000e+03
638.5807535109456,5.462000000000000000e+03
638.6554603754779,5.458000000000000000e+03
638.7301643229926,5.466000000000000000e+03
638.8048735067408,5.494000000000000000e+03
638.8795144541899,5.504000000000000000e+03
638.9542177553427,5.476000000000000000e+03
639.0289344448668,5.474000000000000000e+03
639.1035746662708,5.519000000000000000e+03
639.1782854374011,5.498000000000000000e+03
639.2529891591856,5.485000000000000000e+03
639.3276367717727,5.531000000000000000e+03
639.4023467919625,5.526000000000000000e+03
639.4770538284506,5.504000000000000000e+03
639.5516924287989,5.519000000000000000e+03
639.6264057316112,5.521000000000000000e+03
639.7010464648362,5.533000000000000000e+03
639.7757578310734,5.515000000000000000e+03
639.8504047688706,5.549000000000000000e+03
639.9251059831907,5.538000000000000000e+03
639.9997591060155,5.547000000000000000e+03
640.0744050670974,5.547000000000000000e+03
640.1491135197724,5.535000000000000000e+03
640.2237574368812,5.535000000000000000e+03
640.2984556619596,5.550000000000000000e+03
640.3731057074891,5.497000000000000000e+03
640.4477526527309,5.540000000000000000e+03
640.5224621324655,5.538000000000000000e+03
640.5971028676591,5.582000000000000000e+03
640.671752791596,5.603000000000000000e+03
640.7463954823808,5.561000000000000000e+03
640.8211089526874,5.569000000000000000e+03
640.895749484344,5.560000000000000000e+03
640.9703950804545,5.566000000000000000e+03
641.0450416290943,5.565000000000000000e+03
641.1197548903732,5.563000000000000000e+03
641.1943910092469,5.599000000000000000e+03
641.2690403954497,5.603000000000000000e+03
641.3436948257445,5.590000000000000000e+03
641.418333726709,5.606000000000000000e+03
641.4929817722232,5.598000000000000000e+03
641.567626614336,5.589000000000000000e+03
641.6422723617926,5.597000000000000000e+03
641.7169231271671,5.601000000000000000e+03
641.7915706699706,5.625000000000000000e+03
641.8662149818913,5.618000000000000000e+03
641.9408560546143,5.627000000000000000e+03
642.0155062453381,5.609000000000000000e+03
642.0901531859752,5.623000000000000000e+03
642.1647968682013,5.637000000000000000e+03
642.239437283689,5.637000000000000000e+03
642.3140868011292,5.640000000000000000e+03
642.3887289142871,5.691000000000000000e+03
642.4633223360346,5.651000000000000000e+03
642.5379619830452,5.648000000000000000e+03
642.6126107159151,5.675000000000000000e+03
642.6872561435255,5.692000000000000000e+03
642.7619065203844,5.662000000000000000e+03
642.8364833285272,5.695000000000000000e+03
642.9111311778188,5.676000000000000000e+03
642.985783962808,5.689000000000000000e+03
643.0603631108244,5.690000000000000000e+03
643.135009196252,5.679000000000000000e+03
643.209656064696,5.694000000000000000e+03
643.2842457766144,5.698000000000000000e+03
643.3588859029596,5.719000000000000000e+03
643.4335309320675,5.689000000000000000e+03
643.5081228869376,5.712000000000000000e+03
643.5827611323161,5.720000000000000000e+03
643.6573504065863,5.777000000000000000e+03
643.7319942673752,5.745000000000000000e+03
643.8065766902959,5.790000000000000000e+03
643.8812220015031,5.730000000000000000e+03
643.9558099817795,5.775000000000000000e+03
644.0304608700544,5.783000000000000000e+03
644.1050419452306,5.790000000000000000e+03
644.1796278469061,5.816000000000000000e+03
644.2542725306924,5.815000000000000000e+03
644.3288597867236,5.817000000000000000e+03
644.4034393997881,5.819000000000000000e+03
644.478081968412,5.871000000000000000e+03
644.5526753593308,5.851000000000000000e+03
644.627252775928,5.876000000000000000e+03
644.7019014856205,5.861000000000000000e+03
644.7764926535398,5.861000000000000000e+03
644.8510719753529,5.904000000000000000e+03
644.9256560740118,5.888000000000000000e+03
645.0003031903943,5.910000000000000000e+03
645.0748926869838,5.923000000000000000e+03
645.1494703017615,5.940000000000000000e+03
645.2240651624862,5.991000000000000000e+03
645.2986439623119,5.957000000000000000e+03
645.3732358395787,5.992000000000000000e+03
645.4478199672328,5.996000000000000000e+03
645.5224005009125,6.013000000000000000e+03
645.596981600104,6.017000000000000000e+03
645.6715674281425,6.048000000000000000e+03
645.7461496425705,6.061000000000000000e+03
645.8207407474433,6.070000000000000000e+03
645.895328227528,6.094000000000000000e+03
645.9699120743411,6.064000000000000000e+03
646.0444922793964,6.103000000000000000e+03
646.1190771836012,6.126000000000000000e+03
646.1936626085833,6.121000000000000000e+03
646.2682443721119,6.144000000000000000e+03
646.3428308208696,6.141000000000000000e+03
646.4174177735846,6.181000000000000000e+03
646.4919383523458,6.202000000000000000e+03
646.5665262807054,6.209000000000000000e+03
646.6411146961769,6.236000000000000000e+03
646.7156952283162,6.234000000000000000e+03
646.7902260319503,6.228000000000000000e+03
646.864811675247,6.289000000000000000e+03
646.9393935959221,6.301000000000000000e+03
647.0139131776634,6.299000000000000000e+03
647.0885001757083,6.310000000000000000e+03
647.1630834313339,6.308000000000000000e+03
647.2376126660181,6.346000000000000000e+03
647.3121967798731,6.343000000000000000e+03
647.3867813206517,6.370000000000000000e+03
647.4613034017796,6.369000000000000000e+03
647.5358887649725,6.415000000000000000e+03
647.6104116282444,6.435000000000000000e+03
647.6849935962756,6.433000000000000000e+03
647.7595214140151,6.452000000000000000e+03
647.8341041572728,6.448000000000000000e+03
647.9086327137967,6.481000000000000000e+03
647.9831490284671,6.526000000000000000e+03
648.0577370826742,6.521000000000000000e+03
648.1322666966365,6.537000000000000000e+03
648.2068428671124,6.532000000000000000e+03
648.281368958504,6.530000000000000000e+03
648.3558953741831,6.586000000000000000e+03
648.4304851777703,6.612000000000000000e+03
648.5050080338709,6.605000000000000000e+03
648.5795311952579,6.656000000000000000e+03
648.6540546562356,6.680000000000000000e+03
648.7286415384275,6.726000000000000000e+03
648.8031613865388,6.710000000000000000e+03
648.877689936051,6.746000000000000000e+03
648.9522145528916,6.721000000000000000e+03
649.0267310160931,6.740000000000000000e+03
649.1013193673095,6.816000000000000000e+03
649.175844792816,6.762000000000000000e+03
649.250366256996,6.781000000000000000e+03
649.3248921836831,6.810000000000000000e+03
649.3994141356663,6.866000000000000000e+03
649.4739363224811,6.878000000000000000e+03
649.5484629575313,6.882000000000000000e+03
649.6229855977908,6.955000000000000000e+03
649.6975042346218,6.944000000000000000e+03
649.7720315254938,6.946000000000000000e+03
649.8465548014631,7.028000000000000000e+03
649.921082501831,7.006000000000000000e+03
649.9956103988171,7.042000000000000000e+03
650.0700708720927,7.058000000000000000e+03
650.1445906758098,7.079000000000000000e+03
650.2191148828695,7.091000000000000000e+03
650.2936392616062,7.107000000000000000e+03
650.3681680360504,7.161000000000000000e+03
650.4426927418366,7.193000000000000000e+03
650.5171541261292,7.158000000000000000e+03
650.5916706550105,7.206000000000000000e+03
650.6661957902058,7.229000000000000000e+03
650.740666012245,7.242000000000000000e+03
650.815182932034,7.306000000000000000e+03
650.8897084466328,7.332000000000000000e+03
650.964178992923,7.314000000000000000e+03
651.0386962516251,7.374000000000000000e+03
651.1132178541268,7.368000000000000000e+03
651.1876886716447,7.458000000000000000e+03
651.2622019747984,7.430000000000000000e+03
651.3366644542174,7.482000000000000000e+03
651.4111948833951,7.463000000000000000e+03
651.4856574843718,7.508000000000000000e+03
651.5601838092566,7.562000000000000000e+03
651.6346380150544,7.577000000000000000e+03
651.7091644528816,7.608000000000000000e+03
651.7836357198714,7.622000000000000000e+03
651.8581537529072,7.653000000000000000e+03
651.9326165743445,7.699000000000000000e+03
652.0070751540826,7.716000000000000000e+03
652.0816017691477,7.779000000000000000e+03
652.156064615008,7.772000000000000000e+03
652.2305317068713,7.827000000000000000e+03
652.3049860217482,7.843000000000000000e+03
652.3795211768377,7.865000000000000000e+03
652.4539797141078,7.913000000000000000e+03
652.5284424759848,7.946000000000000000e+03
652.6029009417302,7.963000000000000000e+03
652.6774317803844,8.007000000000000000e+03
652.7518944276276,8.057000000000000000e+03
652.8263527582819,8.115000000000000000e+03
652.900819551962,8.101000000000000000e+03
652.9752820173449,8.158000000000000000e+03
653.0497486751349,8.219000000000000000e+03
653.1242024595398,8.245000000000000000e+03
653.198673222737,8.236000000000000000e+03
653.2731310969292,8.279000000000000000e+03
653.3475931420147,8.361000000000000000e+03
653.4220636246453,8.368000000000000000e+03
653.4965169213231,8.415000000000000000e+03
653.570978643795,8.423000000000000000e+03
653.6454487920213,8.447000000000000000e+03
653.7199145454692,8.489000000000000000e+03
653.7943758953342,8.499000000000000000e+03
653.8688328328077,8.543000000000000000e+03
653.9432939019151,8.615000000000000000e+03
653.9927330350457,8.645436244538464962e+03
654.0177034935903,8.645000000000000000e+03
654.0673848929049,8.717838070720363248e+03
654.0921599692895,8.684000000000000000e+03
654.1419639360352,8.716741073353970933e+03
654.1666291205352,8.737000000000000000e+03
654.2166156285444,8.724420054918718961e+03
654.2410895486252,8.765000000000000000e+03
654.2911987423258,8.799015875833401878e+03
654.3658416830104,8.830828799458780850e+03
654.4404288467964,8.839604778389919375e+03
654.5150758549863,8.877999686213654059e+03
654.5897184695584,8.883484673045615637e+03
654.664305251433,8.941625533464412001e+03
654.7389476142009,8.997572399150423735e+03
654.8135383948625,9.029385322775804525e+03
654.888184771955,9.059004251668398865e+03
654.9627666643294,9.066683233233145074e+03
655.0373526739268,9.114951117354410599e+03
655.1119985900768,9.181867956704347307e+03
655.1865885451579,9.223553856627257119e+03
655.2612255432555,9.234523830291182094e+03
655.3358194230502,9.268530748649345696e+03
655.4104603574718,9.317895630137003536e+03
655.4850452543039,9.329962601167320827e+03
655.5596986994234,9.404558422082003744e+03
655.634274582699,9.450632311470482819e+03
655.7088674352764,9.464893277233584740e+03
655.7835073665872,9.504385182423711740e+03
655.8580911670134,9.577884005972002342e+03
655.9327392618014,9.583368992803963920e+03
656.0073268888157,9.626151890093266047e+03
656.0819099586474,9.699650713641556649e+03
656.1565530436084,9.685389747878456546e+03
656.2311355998527,9.770955542457062620e+03
656.3057308056235,9.825805410776682038e+03
656.3803688222278,9.841163373906176275e+03
656.454954867795,9.919050186920036140e+03
656.5295449351327,9.949766113179022796e+03
656.6041821341065,9.973900055239655558e+03
656.6787759333997,1.004081689458959227e+04
656.7533564903902,1.012199469970262908e+04
656.8279410471957,1.007921180241332695e+04
656.9025856984958,1.016368059962554071e+04
656.9771696261503,1.020207550744927357e+04
657.0517532233856,1.024485840473857752e+04
657.1264055746188,1.028654430466148915e+04
657.2009928278474,1.033042419931718541e+04
657.2755710944062,1.035784913347699512e+04
657.3501576467798,1.039075905446876641e+04
657.4247438407015,1.052020474370306874e+04
657.4993858698668,1.049716779900882830e+04
657.573971341612,1.057066662255711890e+04
657.6485607618943,1.062222549877756137e+04
657.7231498016442,1.065403842240294034e+04
657.7977341278665,1.074947719327907907e+04
657.87237432304,1.078458110900363681e+04
657.9469621958759,1.079774507740034460e+04
658.0215410042488,1.084930395362078707e+04
658.0961280598617,1.092280277716907767e+04
658.1707146988002,1.095680969552724127e+04
658.2453009150308,1.101275656121325483e+04
658.3198867025178,1.101604755331243177e+04
658.3945327428875,1.111477731628774745e+04
658.4691220043352,1.119376112666799963e+04
658.5437021472852,1.116194820304262066e+04
658.6182818353581,1.128152091597939034e+04
658.69286974003,1.130894585013920187e+04
658.767461521399,1.140877261048090804e+04
658.8420354727173,1.141425759731287144e+04
658.9166306515345,1.142193657887761765e+04
658.9912079822875,1.156125524440945264e+04
659.0657935091809,1.157990419963812201e+04
659.140382887388,1.161062012589711048e+04
659.2149717681472,1.171373787833799543e+04
659.289551452134,1.179272168871824761e+04
659.3641306225966,1.180807965184774002e+04
659.438717970647,1.189913043325830949e+04
659.5133047969533,1.190461542009027107e+04
659.5878910954348,1.198579322520330788e+04
659.6624768600082,1.204174009088932144e+04
659.7370620845874,1.210426894077368706e+04
659.8116467630838,1.215692481436052185e+04
659.8862265349078,1.223590862474077403e+04
659.9608101019778,1.228417650886203955e+04
660.0354018176174,1.237632428763900134e+04
660.1099798943757,1.242898016122583613e+04
660.1845748263452,1.249589700057577284e+04
660.259151743867,1.249699399794216515e+04
660.333684466581,1.261217872141336557e+04
660.4082645480388,1.269335652652640420e+04
660.4828527532469,1.277014634217387174e+04
660.5574316285567,1.279428028423450451e+04
660.6320229836718,1.287655508671393363e+04
660.7066049946801,1.294895691289583192e+04
660.7811820158635,1.299612779965070513e+04
660.8557147324121,1.308388758896209583e+04
660.9302992109782,1.313544646518253830e+04
661.0048830496228,1.324514620182177896e+04
661.0794662422122,1.328025011754633488e+04
661.1540575251042,1.338775585945278908e+04
661.2285781978873,1.345138170670354884e+04
661.3031681500861,1.347551564876418161e+04
661.3777399387936,1.355779045124361073e+04
661.452332922751,1.362580428795993976e+04
661.5269208535378,1.363567726425747060e+04
661.6014380645663,1.374098901143114017e+04
661.6760289813253,1.382216681654417880e+04
661.7506148234904,1.384410676387202693e+04
661.8251298800592,1.396477647417518892e+04
661.8997142930884,1.403608130299069489e+04
661.9743067544003,1.410299814234063160e+04
662.0488853483158,1.418966093428562999e+04
662.1234149871826,1.425986876573474365e+04
662.198000873726,1.432239761561911109e+04
662.2725860216412,1.441344839702967874e+04
662.347104619191,1.444306732592227308e+04
662.4216882564932,1.452424513103531172e+04
662.4962184684717,1.457361001252296955e+04
662.570804963388,1.468221275179581608e+04
662.6453862997457,1.477436053057277786e+04
662.7199097646629,1.484127736992271275e+04
662.7944939234665,1.495426809866113035e+04
662.869086084027,1.502337893274384987e+04
662.9436071371093,1.501789394591188830e+04
663.0181889069928,1.513746665884865979e+04
663.0927083152421,1.518683154033631763e+04
663.1673016492832,1.530091926644112755e+04
663.2418237897235,1.536125412159270854e+04
663.3164110793576,1.549399080292618783e+04
663.3909359310869,1.555761665017694759e+04
663.4655171474956,1.560698153166460543e+04
663.5400358838839,1.568377134731207298e+04
663.6146198039338,1.575836716822675589e+04
663.6891500154543,1.586477591276681778e+04
663.763736622158,1.599202760726833549e+04
663.8382518588492,1.600848256776422204e+04
663.9128411292601,1.611050332283871467e+04
663.9873589874919,1.618948713321896685e+04
664.0619509026042,1.625969496466808050e+04
664.136471363353,1.632661180401801539e+04
664.211061492379,1.637378269077288860e+04
664.285584535613,1.651419835367111591e+04
664.3601640270679,1.656685422725795070e+04
664.4346852160202,1.665242002183655859e+04
664.5092142934612,1.676979874004054363e+04
664.5838042596656,1.682135761626098611e+04
664.6583226187805,1.692228137396908642e+04
664.7328488535421,1.698919821331902131e+04
664.8074315802052,1.712961387621724862e+04
664.881960314152,1.721956766026142577e+04
664.9565455552175,1.730074546537446440e+04
665.031072346548,1.738740825731946097e+04
665.1055937270582,1.754647287544636129e+04
665.1801096874939,1.753550290178243449e+04
665.2546998800744,1.766494859101673865e+04
665.3292271235769,1.765178462262003086e+04
665.4037489291384,1.781743122494528143e+04
665.4783361453115,1.795345889837793948e+04
665.5528603518749,1.798088383253774737e+04
665.6273790986409,1.810045654547452068e+04
665.7019056711048,1.819479831898426346e+04
665.7764932599148,1.829023708986040219e+04
665.8510088931856,1.843284674749141413e+04
665.9255412083346,1.839993682649964103e+04
666.0000591620371,1.858203838932077997e+04
666.0746470335703,1.862482128661008392e+04
666.1491717378727,1.870709608908951486e+04
666.2236953664843,1.880582585206483054e+04
666.2982179130853,1.889797363084178869e+04
666.3727393713534,1.899121840698514279e+04
666.4472686180028,1.905703824896868900e+04
666.5218500778012,1.916125299877596626e+04
666.5963682490049,1.926327375385045889e+04
666.670894195563,1.939710743255032867e+04
666.7454190261132,1.948377022449532888e+04
666.8199427343175,1.956494802960836751e+04
666.8944653138359,1.963734985579026397e+04
666.9689912068017,1.975034058452867976e+04
667.043515960381,1.984797335013760312e+04
667.1180440186909,1.989404723952608401e+04
667.1925664754452,1.998838901303583043e+04
667.2671501081187,2.009479775757589232e+04
667.3416747090137,2.017926655478810790e+04
667.4162025951904,2.026592934673310810e+04
667.4907159415177,2.032407020715190447e+04
667.5652459277131,2.048752281474437041e+04
667.6397747296355,2.054566367516316677e+04
667.7142934240692,2.066304239336715546e+04
667.7888198363478,2.078480910103670976e+04
667.8633405848258,2.083527097989075992e+04
667.9378645829604,2.090876980343904870e+04
668.0123873649534,2.100420857431518743e+04
668.0868509002132,2.106673742419955670e+04
668.1613801466233,2.114133324511423780e+04
668.235899230937,2.128174890801246511e+04
668.3104215399541,2.134647175262961537e+04
668.3849470702704,2.141558258671233853e+04
668.4594713500996,2.150005138392455046e+04
668.533998842422,2.160975112056378930e+04
668.6085250734534,2.172054785456942409e+04
668.683041094052,2.178856169128575129e+04
668.7575647813001,2.189497043582581318e+04
668.8320290343215,2.199040920670195192e+04
668.9065546155499,2.200137918036587507e+04
668.9810833808008,2.218128674845422938e+04
669.0555974212344,2.223394262204106417e+04
669.130128062917,2.235680632707701079e+04
669.2046529196529,2.238532825860321464e+04
669.2791182298785,2.246979705581543021e+04
669.3536314765041,2.250599796890637663e+04
669.4281657979723,2.266725658176605793e+04
669.5026898264498,2.274843438687909656e+04
669.57714526615,2.275721036581023509e+04
669.65167108008,2.291846897866992003e+04
669.7261910590614,2.296893085752397019e+04
669.8007186526492,2.304352667843865129e+04
669.8751865504684,2.305888464156814371e+04
669.949711403622,2.319930030446637102e+04
670.0242348833766,2.324976218332042117e+04
670.0987480026345,2.329364207797611743e+04
670.1732193096983,2.340772980408092553e+04
670.2477431098745,2.350097458022427963e+04
670.3222655128286,2.357995839060453363e+04
670.396728085964,2.362493528262662221e+04
670.471252157415,2.368088214831263394e+04
670.5457118658269,2.373353802189946873e+04
670.6202330875843,2.380374585334858057e+04
670.6947618784129,2.389369963739275772e+04
670.7692307481261,2.385969271903459230e+04
670.8437476587868,2.395622848727712335e+04
670.918213608017,2.399242940036807340e+04
670.9927321095302,2.410761412383927382e+04
671.0672536563986,2.409774114754174298e+04
671.1417196890736,2.419537391315066634e+04
671.216251808498,2.425241777620307039e+04
671.290714863808,2.435224453654477838e+04
671.3652395155675,2.439173644173490538e+04
671.4396995665256,2.439612443120047465e+04
671.5142212289395,2.451789113887002895e+04
671.5886872701645,2.454312207829705585e+04
671.6632104305353,2.457383800455604069e+04
671.7376734223737,2.467585875963053695e+04
671.812193546355,2.473180562531654869e+04
671.8866579770747,2.479323747783452200e+04
671.9611795549314,2.474387259634686416e+04
672.0356408881489,2.479981946203287589e+04
672.1101096909673,2.488977324607705305e+04
672.1846266277597,2.484918434352053373e+04
672.2590968192625,2.494133212229749552e+04
672.3336151557181,2.502360692477692282e+04
672.4080821944679,2.503896488790641888e+04
672.482543119204,2.508832976939407672e+04
672.5570657703272,2.512233668775223850e+04
672.63152802642,2.517499256133907329e+04
672.705997721871,2.520790248233084640e+04
672.7805155931686,2.520790248233084640e+04
672.854982065397,2.529785626637502355e+04
672.9294423823377,2.536038511625938918e+04
673.0039644745739,2.530334125320698513e+04
673.0784260583234,2.533844516893154287e+04
673.152895058153,2.530663224530616208e+04
673.2274213293804,2.542510796087653944e+04
673.3018779706365,2.543059294770850465e+04
673.3763374799411,2.548105482656255481e+04
673.4508043890924,2.554468067381331275e+04
673.5252650884476,2.552712871595103206e+04
673.5997967036512,2.557759059480508222e+04
673.6742585868221,2.553151670541660496e+04
673.748714237457,2.552274072648546280e+04
673.823186347847,2.560062753949932448e+04
673.8976385924067,2.556003863694280517e+04
673.9721663425748,2.558088158690426280e+04
674.0466287979216,2.566096239465090548e+04
674.1210895311846,2.568619333407793238e+04
674.1955530811653,2.562256748682717080e+04
674.2700239906791,2.563682845259027454e+04
674.3444795221271,2.562805247365913237e+04
674.4189469503236,2.569277531827628627e+04
674.49346722243,2.564779842625419769e+04
674.567935708377,2.561379150789603227e+04
674.6424024340591,2.569935730247464016e+04
674.7168582880072,2.564560443152141306e+04
674.7913214713103,2.568729033144432469e+04
674.8657783200656,2.570045429984103248e+04
674.940251601854,2.565986539728451316e+04
675.0147094269751,2.562256748682717080e+04
675.0891700095718,2.564889542362059001e+04
675.1636379044918,2.559843354476653985e+04
675.2380994327431,2.563573145522388222e+04
675.312554584676,2.557649359743868990e+04
675.3870261580195,2.550957675808875501e+04
675.4614822208301,2.560611252633128606e+04
675.5359547018315,2.548873380812730102e+04
675.610407090499,2.552164372911907049e+04
675.6848804576179,2.548324882129533944e+04
675.7593337130725,2.545253289503635096e+04
675.8338033782419,2.545911487923470486e+04
675.9082026566803,2.542730195560932407e+04
675.9826594431638,2.537574307938888160e+04
676.0571234944312,2.535928811889299686e+04
676.1315948098625,2.530224425584059281e+04
676.2060550986515,2.521996945336116187e+04
676.2805134951972,2.519802950603331556e+04
676.3549745673919,2.521448446652920029e+04
676.4293879803434,2.518157454553743082e+04
676.5038498052293,2.511904569565306156e+04
676.5783051376296,2.508065078782933051e+04
676.6527677036122,2.500276397481546883e+04
676.7272329229447,2.496107807489255720e+04
676.8016366634976,2.488538525661148378e+04
676.8761025828228,2.492378016443521483e+04
676.9505619772531,2.483492337775743363e+04
677.0250240043307,2.474387259634686416e+04
677.0994290601088,2.470876868062230642e+04
677.1738917427178,2.477678251733863726e+04
677.2483524582894,2.466817977806578710e+04
677.3227561481843,2.463965784653958690e+04
677.3972128974716,2.453654009409870196e+04
677.4716768389669,2.443781033112338628e+04
677.5461433813275,2.442903435219224775e+04
677.6205482371186,2.431055863662186675e+04
677.6950015852051,2.431055863662186675e+04
677.7694069841688,2.420414989208180486e+04
677.8438746703705,2.411639010277041234e+04
677.9183311477581,2.412297208696876623e+04
677.9927396296163,2.406373422918357755e+04
678.0672012294622,2.392551256101813851e+04
678.1416056066512,2.379606687178383436e+04
678.2160631125909,2.375657496659370736e+04
678.2905277690969,2.374121700346421494e+04
678.3649259468506,2.355801844327668368e+04
678.4393864750938,2.352181753018573727e+04
678.513798898065,2.351194455388820279e+04
678.5882598799376,2.337372288572276375e+04
678.6626543015428,2.327279912801466344e+04
678.7371249257566,2.319381531763440944e+04
678.8115243461227,2.317516636240574007e+04
678.8859815585386,2.316639038347459791e+04
678.9603905685974,2.300403477324852429e+04
679.0348481677615,2.298319182328707029e+04
679.1092529209583,2.286800709981586624e+04
679.1836509171139,2.282193321042738899e+04
679.2581113551571,2.275611336844384277e+04
679.3325235125415,2.260582472924808462e+04
679.4069842868593,2.252464692413504963e+04
679.481378280968,2.245443909268593416e+04
679.5557839509504,2.233267238501637985e+04
679.6302474888498,2.229866546665821443e+04
679.704648807749,2.222516664310992564e+04
679.7790525553501,2.216154079585916406e+04
679.8535234360058,2.199589419353391349e+04
679.9279135518302,2.191691038315366313e+04
680.0023245731195,2.191361939105448255e+04
680.076784258521,2.180282265704885140e+04
680.1511816092886,2.168983192831043561e+04
680.2255859851732,2.162291508896050073e+04
680.3000482943368,2.145178349980328494e+04
680.374448213023,2.146165647610081578e+04
680.4488412562114,2.144520151560493105e+04
680.5232552007656,2.130807684480588068e+04
680.5976576301395,2.123348102389119958e+04
680.6721226617578,2.114133324511423780e+04
680.7465159407645,2.109306536099297227e+04
680.8209254830051,2.098446262172012575e+04
680.8953281128896,2.087585988244727923e+04
680.969723820552,2.080016706416620218e+04
681.0441775310805,2.068388534332860945e+04
681.118582574998,2.063452046184095161e+04
681.1929806772104,2.051823874100335888e+04
681.2673996753556,2.046338887268373946e+04
681.3418070819359,2.030651824928962378e+04
681.4162075273074,2.031529422822076594e+04
681.4906056458781,2.020559449158152347e+04
681.5649921401839,2.012551368383488079e+04
681.6393995215485,2.003994788925627290e+04
681.7137999143118,1.998948601040222275e+04
681.7882165503345,1.988088327112937623e+04
681.8626680324036,1.981286943441304902e+04
681.9370706711479,1.972072165563608723e+04
682.0114662918298,1.959237296376817540e+04
682.0858781465969,1.953313510598298672e+04
682.1602876270566,1.949803119025842898e+04
682.234615600839,1.943440534300767104e+04
682.3090342611832,1.929508667747583604e+04
682.3834179373963,1.921061788026362410e+04
682.4578224911205,1.916344699350875089e+04
682.5322153211919,1.904058328847280063e+04
682.6066290312607,1.905045626477033147e+04
682.6810356664762,1.892101057553603096e+04
682.7554352169042,1.885299673881970375e+04
682.8298276726078,1.869283512332641112e+04
682.9042363415565,1.871038708118869181e+04
682.9786379060591,1.854583747622982992e+04
683.052985700029,1.841090680016356782e+04
683.1273776822683,1.842516776592666793e+04
683.2017812028357,1.829023708986040219e+04
683.2761822579863,1.820905928474736720e+04
683.3505948498541,1.810265054020730531e+04
683.4249816151049,1.807741960078027842e+04
683.4993378598623,1.800830876669755889e+04
683.5737336498651,1.792383996948534332e+04
683.6481222681783,1.785582613276901611e+04
683.7225270786547,1.779658827498382379e+04
683.7968779498492,1.769127652781015422e+04
683.8712683772519,1.753550290178243449e+04
683.9456749923205,1.752672692285129597e+04
684.0200089024875,1.742909415724237260e+04
684.0944244901342,1.734462536003015703e+04
684.1688141432852,1.731061844167199524e+04
684.2431731578488,1.720750068923111030e+04
684.3175670692367,1.712083789728611009e+04
684.3919584235521,1.708902497366072930e+04
684.4662956794946,1.699797419225016347e+04
684.5407193753053,1.687072249774864395e+04
684.6151123876289,1.679283568473478226e+04
684.689455939193,1.658879417458579701e+04
684.7638578398391,1.653723529836535454e+04
684.8382055615216,1.638036467497124431e+04
684.9125975757681,1.632551480665162308e+04
684.9870010616816,1.627944091726314400e+04
685.0613315458365,1.618071115428782832e+04
685.1357438810281,1.607210841501497998e+04
685.2100831760683,1.593169275211675449e+04
685.2844855664139,1.582747800230947723e+04
685.3588336587155,1.585490293646928694e+04
685.4332213760933,1.566292839735061716e+04
685.5075782509971,1.566292839735061716e+04
685.5819089583205,1.563111547372523819e+04
685.6563216044284,1.562124249742770553e+04
685.7306563603778,1.561795150532852858e+04
685.8050589720733,1.553787069758188409e+04
685.8794024621719,1.553348270811631483e+04
685.9537903041233,1.546437187403359349e+04
686.0281472199982,1.536673910842467012e+04
686.1024731844336,1.527239733491492370e+04
686.1768811733403,1.521974146132808892e+04
686.2512158243778,1.512759368255112895e+04
686.3255665827462,1.504860987217087495e+04
686.3999617223745,1.492684316450132064e+04
686.4742975925424,1.488515726457840901e+04
686.5486495653337,1.476119656217606826e+04
686.6230412185406,1.470195870439087957e+04
686.6973829775881,1.459774395458360232e+04
686.7717408365776,1.453850609679841182e+04
686.8460676249846,1.449023821267714629e+04
686.920476563722,1.440467241809854022e+04
686.9948119535088,1.429387568409290725e+04
687.0691634335083,1.423354082894132625e+04
687.1434837923248,1.416113900275942797e+04
687.2178910716232,1.410190114497423929e+04
687.2922436114384,1.404924527138740450e+04
687.3665697193694,1.391979958215310216e+04
687.4409071790424,1.386824070593265787e+04
687.5152607193801,1.381119684288025383e+04
687.5896114344212,1.374757099562949588e+04
687.6639309442114,1.360386434063209163e+04
687.7383327394424,1.365322922211974947e+04
687.8126844041321,1.350403758029038363e+04
687.8870284875072,1.345028470933715653e+04
687.9613649794371,1.337130089895690435e+04
688.0357175394452,1.332413001220203114e+04
688.1100388231959,1.326928014388241172e+04
688.1843761649789,1.323307923079146167e+04
688.2587343070002,1.312337949415222283e+04
688.3330800913666,1.307511161003095731e+04
688.4074182439083,1.305426866006950149e+04
688.4817534945465,1.295553889709418581e+04
688.556104800579,1.290178602614095871e+04
688.6304200038998,1.284474216308855466e+04
688.7047797093452,1.275040038957880824e+04
688.7791080338786,1.269993851072475809e+04
688.8534524038824,1.261656671087893665e+04
688.9277890934775,1.252770992420115181e+04
689.0021418286908,1.252222493736919023e+04
689.0764868733971,1.248383002954545555e+04
689.1507577273879,1.243336815069140539e+04
689.2250873462091,1.237851828237178597e+04
689.2994377520117,1.231598943248742034e+04
689.3737756865256,1.227759452466368566e+04
689.4481106432635,1.217118578012362377e+04
689.5224616327603,1.211743290917039667e+04
689.5968001275772,1.207903800134666199e+04
689.6710880627454,1.204393408562210607e+04
689.745415792651,1.196056228577628281e+04
689.8197595452868,1.194959231211235965e+04
689.8941002876792,1.186292952016736126e+04
689.968380885931,1.186841450699932284e+04
690.0427250973174,1.180917664921413234e+04
690.1170662811704,1.170605889677324740e+04
690.1913949030705,1.169070093364375498e+04
690.2656966557213,1.160842613116432403e+04
690.3400334706062,1.162049310219464132e+04
690.4143672314507,1.157441921280616043e+04
690.4886454859029,1.153931529708160451e+04
690.5629874122526,1.149433840505951594e+04
690.6373214994773,1.144058553410628883e+04
690.7116000290887,1.139780263681698489e+04
690.7859422563533,1.130565485804002310e+04
690.8602336681432,1.127603592914742876e+04
690.9345601567937,1.124312600815565747e+04
691.0089026400582,1.118498514773686111e+04
691.0831942596561,1.112903828205084756e+04
691.157520963373,1.112684428731806292e+04
691.2318206545044,1.106102444533452035e+04
691.3061602170517,1.103359951117471064e+04
691.380444070193,1.096668267182477393e+04
691.45476779478,1.094693671922971043e+04
691.5290596795087,1.090305682457401417e+04
691.6033914459812,1.087892288251338141e+04
691.6776674311591,1.085917692991831973e+04
691.7520072241363,1.080432706159869849e+04
691.8262959912287,1.074070121434794055e+04
691.900643801485,1.075825317221021942e+04
691.9749166156074,1.068804534076110576e+04
692.0492005879099,1.067159038026521921e+04
692.123529252891,1.061893450667838442e+04
692.1978259721524,1.058053959885464974e+04
692.2721578136724,1.048290683324572819e+04
692.3464385130854,1.045986988855148775e+04
692.4207159769667,1.044231793068920888e+04
692.4950525395182,1.042695996755971464e+04
692.56933311711,1.040502002023186833e+04
692.6436056440851,1.028764130202788147e+04
692.7179660817585,1.032274521775243738e+04
692.7922272967613,1.034468516508028551e+04
692.8665236380322,1.026131336523446407e+04
692.9407927013435,1.019220253115174273e+04
693.0151497288059,1.017245657855667923e+04
693.089421837627,1.015271062596161573e+04
693.1636906489606,1.009347276817642705e+04
693.2379753787236,1.009456976554281937e+04
693.3122568047582,1.002874992355927679e+04
693.3865926140129,1.000351898413225172e+04
693.4608818498604,9.966221073674909348e+03
693.5351581466051,9.912468202721682246e+03
693.6094263017561,9.898207236958580324e+03
693.6837151767944,9.867491310699593669e+03
693.7579910889119,9.808253452914404988e+03
693.8322636527323,9.783022513487379911e+03
693.906552121247,9.762179563525924095e+03
693.9808998444166,9.773149537189847251e+03
694.0551719756728,9.705135700473520046e+03
694.1294600063287,9.676613768947316203e+03
694.2037398455482,9.631636876925229444e+03
694.2780114829652,9.630539879558837129e+03
694.3522990144666,9.570205024407254314e+03
694.426583156023,9.535101108682698396e+03
694.5008542537265,9.467087271966369372e+03
694.5751412401826,9.495609203492571396e+03
694.6494248189764,9.479154242996686662e+03
694.723700156412,9.430886358875421138e+03
694.7979624146619,9.373842495823015270e+03
694.8721970948218,9.342029572197636298e+03
694.9464717871994,9.346417561663205561e+03
695.0207623596758,9.297052680175547721e+03
695.0950205016327,9.250978790787068647e+03
695.1693186762369,9.265239756550168750e+03
695.2435843995215,9.216971872428903225e+03
695.3178708269531,9.174188975139599279e+03
695.3921441168008,9.187352943536308885e+03
695.4663655616765,9.100690151591310496e+03
695.5406463919401,9.114951117354410599e+03
695.6149237361514,9.120436104186372177e+03
695.6892121064967,9.006348378081564078e+03
695.7634969823528,8.988796420219285210e+03
695.8377008859716,9.007445375447956394e+03
695.9119932631442,8.998669396516816050e+03
695.9862772860863,8.953692504494729292e+03
696.06048026933,8.924073575602134952e+03
696.134771767185,8.872514699381690662e+03
696.2090548898484,8.877999686213654059e+03
696.2833296268801,8.805597860031755772e+03
696.3575523255896,8.812179844230109666e+03
696.4318151008928,8.814373838962894297e+03
696.5060403540568,8.774881933772769116e+03
696.58033480532,8.692607131293338171e+03
696.6545965750922,8.693704128659730486e+03
696.7288256373972,8.720032065453147879e+03
696.8030899410923,8.695898123392515117e+03
696.8773263707111,8.656406218202389937e+03
696.9516029071826,8.638854260340111068e+03
697.0258758450395,8.609235331447516728e+03
697.1000868630892,8.604847341981947466e+03
697.1743865928445,8.556579457860681941e+03
697.248609793035,8.469916665915681733e+03
697.3228682493078,8.502826586907454839e+03
697.3970987519848,8.443588729122264340e+03
697.4713645187727,8.446879721221441287e+03
697.5456023130668,8.454558702786189315e+03
697.6198072452165,8.408484813397708422e+03
697.6941009834452,8.385447868703467975e+03
697.7683131711979,8.352537947711696688e+03
697.8425898466292,8.303173066224038848e+03
697.9168092738975,8.343761968780556344e+03
697.9910201305657,8.299882074124861902e+03
698.0653003733468,8.277942126797013771e+03
698.1395184438109,8.299882074124861902e+03
698.2138010478819,8.279039124163406086e+03
698.2880311962213,8.209928290080684746e+03
698.3622527442063,8.196764321683976959e+03
698.4364656813189,8.185794348020051984e+03
698.510738305446,8.149593434929102841e+03
698.5849584048053,8.168242390157774025e+03
698.6591698720874,8.172630379623343288e+03
698.7334703424422,8.115586516570939239e+03
698.8076889513259,8.106810537639799804e+03
698.8818989069066,8.121071503402900817e+03
698.9561050840433,8.110101529738976751e+03
699.030322134609,8.051960669320180386e+03
699.1046038227042,8.068415629816066030e+03
699.1788328602486,8.072803619281635292e+03
699.2530532146016,8.016856753595623559e+03
699.3272599846256,8.047572679854610215e+03
699.4014873980228,7.987237824703028309e+03
699.4757061069474,7.983946832603851362e+03
699.5499161008405,7.994916806267775428e+03
699.6241418428359,7.978461845771889784e+03
699.6983588590565,7.924708974818661773e+03
699.7726405911895,7.934581951116193522e+03
699.8468646290141,7.932387956383408891e+03
699.9210848186354,7.934581951116193522e+03
699.9952913527262,7.892896051193282801e+03
700.0695185244031,7.888508061727713539e+03
700.1437320277023,7.865471117033473092e+03
700.2179661702849,7.856695138102333658e+03
700.2921670152689,7.833658193408093211e+03
700.3663345364773,7.819397227644992199e+03
700.4405423002715,7.795263285584359437e+03
700.5147657911945,7.788681301386005543e+03
700.5889804729994,7.815009238179422937e+03
700.6632108815323,7.729443443600815954e+03
700.7374324701444,7.741510414631132335e+03
700.81164522823,7.761256367226194925e+03
700.8858540575908,7.695436525242651442e+03
700.9600736910871,7.719570467303284204e+03
701.034240242214,7.685563548945119692e+03
701.1084716450022,7.708600493639360138e+03
701.1826646876575,7.678981564746765798e+03
701.2569029402329,7.618646709595183893e+03
701.3311077280009,7.644974646388601286e+03
701.4052790247227,7.650459633220563774e+03
701.4794906151762,7.629616683259107958e+03
701.5537179110803,7.631810677991892589e+03
701.6278673838922,7.569281828107526053e+03
701.7020768472739,7.584639791237019381e+03
701.776302010223,7.576960809672273172e+03
701.8505182480137,7.537468904482147082e+03
701.9246812071539,7.526498930818223016e+03
701.9989091214585,7.545147886046893291e+03
702.0730492261018,7.504558983490374885e+03
702.147283874415,7.519916946619868213e+03
702.2215095672381,7.482619036162526754e+03
702.2956523110257,7.492492012460058504e+03
702.3698847114229,7.461776086201071848e+03
702.4440341206173,7.453000107269932414e+03
702.5182485406029,7.457388096735501676e+03
702.5924786440079,7.446418123071577611e+03
702.6666306251165,7.435448149407653545e+03
702.7408427059752,7.399247236316705312e+03
702.8150013114393,7.403635225782274574e+03
702.8892200349155,7.398150238950312087e+03
702.9633852532902,7.355367341661009050e+03
703.0375414112833,7.333427394333160919e+03
703.1117577094595,7.356464339027401365e+03
703.1859204527385,7.340009378531515722e+03
703.2601235714659,7.344397367997084984e+03
703.3342928843769,7.309293452272528157e+03
703.4085025826428,7.320263425936452222e+03
703.482658658175,7.325748412768414710e+03
703.5568254210807,7.321360423302844538e+03
703.6310325789715,7.242376612922592358e+03
703.7052108243134,7.269801547082402067e+03
703.7793551808122,7.291741494410250198e+03
703.8535845204474,7.229212644525883661e+03
703.9277353723147,7.270898544448794382e+03
704.0019018493869,7.228115647159491346e+03
704.0760542132163,7.206175699831643215e+03
704.1502767406283,7.247861599754553936e+03
704.2244157321018,7.196302723534111465e+03
704.2985752975638,7.182041757771010452e+03
704.3727455222629,7.183138755137402768e+03
704.4469065581811,7.162295805175947862e+03
704.5211080295742,7.174362776206264243e+03
704.5952804534251,7.172168781473478703e+03
704.6694387032167,7.144743847313668994e+03
704.7435926983363,7.149131836779239165e+03
704.8177573342106,7.115124918421074653e+03
704.891917706452,7.103057947390758272e+03
704.9660688376695,7.138161863115315100e+03
705.0402107171044,7.070148026398986076e+03
705.114442771257,7.106348939489935219e+03
705.1885910002947,7.065760036933416814e+03
705.2627548254902,7.100863952657973641e+03
705.3369093767561,7.073439018498163932e+03
705.4110795235591,7.028462126476075355e+03
705.485220476971,7.031753118575252302e+03
705.5593969294841,7.064663039567024498e+03
705.6335441691415,7.044917086971960998e+03
705.7077020144703,7.038335102773607105e+03
705.7818057106044,7.035044110674430158e+03
705.8559498827009,7.018589150178543605e+03
705.9301096345012,7.005425181781834908e+03
706.0042849709166,7.008716173881011855e+03
706.0784260421825,6.993358210751518527e+03
706.1525826869397,6.959351292393354015e+03
706.2267549100956,6.993358210751518527e+03
706.3008928304606,6.999940194949873330e+03
706.3750014111765,6.939605339798291425e+03
706.4491704615375,6.954963302927784753e+03
706.5233051714449,6.933023355599936622e+03
706.5974853991634,6.980194242354809830e+03
706.6716262730434,6.933023355599936622e+03
706.745737753195,6.950575313462215490e+03
706.8198897594285,6.911083408272089400e+03
706.8940323424436,6.937411345065506794e+03
706.9681405012132,6.920956384569620241e+03
707.0422891955021,6.915471397737658663e+03
707.1164534452462,6.906695418806519228e+03
707.19055823756,6.928635366134367359e+03
707.2647035748213,6.877076489913924888e+03
707.3388694645195,6.924247376668798097e+03
707.4129708410553,6.926441371401582728e+03
707.4871177773351,6.874882495181140257e+03
707.5612752521206,6.928635366134367359e+03
707.6353781699282,6.897919439875380704e+03
707.7095466962406,6.886949466211456638e+03
707.7836305801062,6.877076489913924888e+03
707.857775071609,6.890240458310633585e+03
707.9318899937977,6.896822442508987479e+03
708.0060455013667,6.868300510982785454e+03
708.080146353211,6.881464479379494151e+03
708.1543078510902,6.869397508349177770e+03
708.2283845678539,6.856233539952469073e+03
708.3025520377458,6.880367482013101835e+03
708.3766397017445,6.851845550486899810e+03
708.4508131326904,6.859524532051646929e+03
708.5249067170731,6.861718526784431560e+03
708.5989906956581,6.847457561021330548e+03
708.673160478897,6.791510695335317905e+03
708.7472503492967,6.844166568922152692e+03
708.8213557131089,6.831002600525443995e+03
708.8955017018351,6.852942547853292126e+03
708.9696129404151,6.786025708503356327e+03
709.0436944296144,6.838681582090191114e+03
709.1178618009762,6.815644637395950667e+03
709.1919440994113,6.824420616327090102e+03
709.266041878377,6.789316700602533274e+03
709.3401601743607,6.833196595258228626e+03
709.4143140934323,6.783831713770570786e+03
709.4884130457813,6.792607692701710221e+03
709.5625023052012,6.798092679533672708e+03
709.6366020041326,6.792607692701710221e+03
709.71069703359,6.766279755908292827e+03
709.7848579170291,6.765182758541900512e+03
709.8589587159314,6.768473750641077459e+03
709.9330497882937,6.770667745373862090e+03
710.0071361642808,6.760794769076331249e+03
710.0812329625695,6.752018790145191815e+03
710.1553452280508,6.815644637395950667e+03
710.2294275672397,6.748727798046014868e+03
710.3035203190468,6.719108869153419619e+03
710.3776335778801,6.737757824382090803e+03
710.4517320198205,6.749824795412407184e+03
710.5258257276931,6.716914874420634987e+03
710.599909644176,6.724593855985382106e+03
710.6740090111854,6.703750906023926291e+03
710.7480985754111,6.688392942894432963e+03
710.8222035892967,6.747630800679622553e+03
710.8962987889969,6.736660827015698487e+03
710.9704094374856,6.707041898123103238e+03
711.0444849811654,6.713623882321458041e+03
711.1186012467011,6.703750906023926291e+03
711.1926874434225,6.708138895489495553e+03
711.2667840197356,6.698265919191964713e+03
711.3408251965476,6.669743987665761779e+03
711.4149070955419,6.680713961329685844e+03
711.4890246751831,6.685101950795256016e+03
711.5631121310784,6.680713961329685844e+03
711.6372150180558,6.643416050872344385e+03
711.7112320343467,6.682907956062470475e+03
711.7853404449295,6.682907956062470475e+03
711.8594389533098,6.649998035070699189e+03
711.9335275484821,6.635737069307598176e+03
712.0075605935059,6.629155085109243373e+03
712.0816546727544,6.624767095643674111e+03
712.1557641746032,6.634640071941205861e+03
712.2297927223119,6.622573100910889480e+03
712.3038823260575,6.617088114078926992e+03
712.377992420552,6.632446077208420320e+03
712.4520164203059,6.613797121979750045e+03
712.5261268825731,6.624767095643674111e+03
712.6001562828156,6.617088114078926992e+03
712.6742518579922,6.573208219423231640e+03
712.7483628435643,6.546880282629814246e+03
712.8223876211747,6.607215137781395242e+03
712.8964785986809,6.576499211522408586e+03
712.9705138140855,6.563335243125699890e+03
713.0446101673241,6.600633153583041349e+03
713.1186507279195,6.545783285263421931e+03
713.19275244439,6.572111222056839324e+03
713.2667983376626,6.543589290530636390e+03
713.3408290765726,6.560044251026522943e+03
713.4149057221886,6.531522319500320009e+03
713.4889468476811,6.522746340569181484e+03
713.5630542605719,6.492030414310193919e+03
713.6370752139885,6.515067359004434365e+03
713.71111152602,6.519455348470003628e+03
713.7852141503761,6.511776366905257419e+03
713.8592557248019,6.519455348470003628e+03
713.93328717658,6.520552345836396853e+03
714.0073900636712,6.510679369538865103e+03
714.0814267494405,6.524940335301966115e+03
714.1554583900697,6.461314488051207263e+03
714.2295512937391,6.474478456447915960e+03
714.3035881409775,6.490933416943801603e+03
714.3776148223176,6.521649343202789169e+03
714.451651744311,6.482157438012662169e+03
714.5256835921462,6.535910308965890181e+03
714.5997818492889,6.442665532822536079e+03
714.6738188625989,6.455829501219244776e+03
714.7478712188952,6.484351432745447710e+03
714.8218929356141,6.474478456447915960e+03
714.8959248750398,6.472284461715131329e+03
714.9699721505816,6.462411485417599579e+03
715.044014315487,6.438277543356966817e+03
715.1180411339378,6.400979632899625358e+03
715.1920883966163,6.458023495952030316e+03
715.2661714596333,6.467896472249561157e+03
715.3402238179556,6.459120493318422632e+03
715.4142403295658,6.466799474883168841e+03
715.488267040557,6.411949606563549423e+03
715.5623141930947,6.478866445913485222e+03
715.6363510669913,6.447053522288106251e+03
715.7103315493897,6.436083548624182185e+03
715.784373440411,6.424016577593865804e+03
715.8584050299637,6.443762530188928395e+03
715.932426306901,6.420725585494688858e+03
716.0064680199878,6.440471538089751448e+03
716.080494283165,6.465702477516776526e+03
716.1545409835085,6.461314488051207263e+03
716.2285722201125,6.433889553891397554e+03
716.3025469314863,6.409755611830764792e+03
716.3765882447348,6.430598561792219698e+03
716.4506192011959,6.438277543356966817e+03
716.5246654600803,6.426210572326650436e+03
716.5987013504475,6.429501564425827382e+03
716.6726754991479,6.425113574960258120e+03
716.7467162946405,6.406464619731586936e+03
716.8207466986998,6.432792556525005239e+03
716.8947667001454,6.438277543356966817e+03
716.9687557260248,6.400979632899625358e+03
717.0427805919613,6.413046603929941739e+03
717.116825887731,6.414143601296334054e+03
717.1908093232216,6.398785638166840727e+03
717.2648286044712,6.417434593395511001e+03
717.3388168541977,6.414143601296334054e+03
717.4128461038251,6.394397648701270555e+03
717.4868906346427,6.428404567059435067e+03
717.5608474726536,6.392203653968485924e+03
717.6348968087937,6.399882635533233042e+03
717.7088584084709,6.398785638166840727e+03
717.7828867763504,6.390009659235701292e+03
717.8568840385082,6.395494646067663780e+03
717.9309171761972,6.351614751411967518e+03
718.0048882559898,6.379039685571777227e+03
718.0789313004857,6.392203653968485924e+03
718.1528864689565,6.384524672403739714e+03
718.2268775063203,6.411949606563549423e+03
718.300914749167,6.427307569693042751e+03
718.3748898482226,6.375748693472600280e+03
718.4489059941204,6.373554698739815649e+03
718.5228857662477,6.404270624998802305e+03
718.5968549564894,6.399882635533233042e+03
718.6708910267723,6.439374540723359132e+03
718.7448648651658,6.388912661869308977e+03
718.8188539335962,6.368069711907853161e+03
718.8928117241455,6.383427675037347399e+03
718.9668571028507,6.403173627632409989e+03
719.040845353585,6.397688640800448411e+03
719.1148178064504,6.394397648701270555e+03
719.1887847916446,6.366972714541460846e+03
719.2628187285492,6.351614751411967518e+03
719.3367851179871,6.402076630266017673e+03
719.4107718973806,6.374651696106207964e+03
719.4847480151196,6.339547780381651137e+03
719.55871345993,6.388912661869308977e+03
719.6326941140954,6.392203653968485924e+03
719.7066692631995,6.356002740877536780e+03
719.780706250103,6.363681722442283899e+03
719.8546807424774,6.353808746144752149e+03
719.9286497097812,6.329674804084119387e+03
720.0026286960333,6.335159790916081874e+03
720.0766021474149,6.307734856756272166e+03
720.1505856143327,6.351614751411967518e+03
720.2245376004026,6.296764883092348100e+03
720.298530717732,6.281406919962853863e+03
720.3725079039693,6.326383811984942440e+03
720.446479525475,6.309928851489056797e+03
720.5204403826414,6.289085901527600981e+03
720.5943696939084,6.336256788282474190e+03
720.6683349523433,6.278115927863676916e+03
720.7423153966341,6.293473890993170244e+03
720.816285052651,6.311025848855449112e+03
720.890249105901,6.293473890993170244e+03
720.9642231419422,6.327480809351334756e+03
721.0382175601698,6.295667885725955784e+03
721.1121179678518,6.272630941031715338e+03
721.1860907374653,6.274824935764499969e+03
721.2600786851124,6.285794909428424035e+03
721.334050596095,6.243012012139120088e+03
721.4079648215145,6.286891906794816350e+03
721.4819202230957,6.263854962100575904e+03
721.5559168215076,6.241915014772727773e+03
721.6298296575088,6.272630941031715338e+03
721.7038045147077,6.243012012139120088e+03
721.777768491748,6.235333030574373879e+03
721.8516746809869,6.262757964734183588e+03
721.9256689717006,6.209005093780956486e+03
721.9996263053706,6.240818017406335457e+03
722.0735518685187,6.232042038475196932e+03
722.1475134315792,6.199132117483424736e+03
722.221443203523,6.233139035841589248e+03
722.2954141996532,6.204617104315386314e+03
722.369322077151,6.200229114849817051e+03
722.4432972736668,6.218878070078487326e+03
722.5172093181159,6.191453135918677617e+03
722.5911887015628,6.177192170155576605e+03
722.665104899496,6.196938122750640105e+03
722.7390623388185,6.181580159621146777e+03
722.8129878959985,6.156349220194121699e+03
722.8869756086152,6.180483162254753552e+03
722.9608791618889,6.179386164888361236e+03
723.0347925998112,6.148670238629374580e+03
723.1087786701618,6.108081336072856175e+03
723.1826700550422,6.150864233362159212e+03
723.2565817737539,6.147573241262982265e+03
723.3305609227724,6.082850396645831097e+03
723.4044767103132,6.140991257064627462e+03
723.4783814349788,6.083947394012223413e+03
723.5523797909511,6.077365409813868609e+03
723.6262885587613,6.131118280767095712e+03
723.7001862401456,6.112469325538425437e+03
723.7741042546204,6.091626375576969622e+03
723.8480321309023,6.086141388745008044e+03
723.9220013141903,6.069686428249122400e+03
723.9959122328532,6.074074417714691663e+03
724.0698330025856,6.079559404546653241e+03
724.1437478932739,6.054328465119628163e+03
724.2176516517817,6.076268412447476294e+03
724.2915652506016,6.040067499356527151e+03
724.3654729499798,6.056522459852413704e+03
724.4393957341822,6.048843478287666585e+03
724.51330736185,6.041164496722919466e+03
724.587207821535,6.012642565196717442e+03
724.6611286098097,6.077365409813868609e+03
724.7350592296857,6.007157578364755864e+03
724.80895240124,6.032388517791780941e+03
724.882865897012,6.014836559929502073e+03
724.9567892135801,6.010448570463932811e+03
725.0307013255602,6.018127552028679020e+03
725.1046074792529,6.058716454585198335e+03
725.1785287017594,5.993993609968047167e+03
725.2524334382222,6.004963583631970323e+03
725.326358500832,5.987411625769692364e+03
725.4002723250796,5.989605620502476995e+03
725.4741222682113,6.024709536227033823e+03
725.5480398915687,5.984120633670515417e+03
725.6219462528422,5.996187604700831798e+03
725.6958676722687,5.969859667907414405e+03
725.769783084779,5.975344654739375983e+03
725.8436292602167,5.970956665273806721e+03
725.9175431603215,6.008254575731148179e+03
725.9914510329734,5.989605620502476995e+03
726.0653686850188,5.955598702144313393e+03
726.1392275716657,5.938046744282034524e+03
726.2131278556831,5.955598702144313393e+03
726.2870379081896,5.955598702144313393e+03
726.3608891425325,5.929270765350895090e+03
726.4348081680206,5.945725725846781643e+03
726.50866306773,5.917203794320578709e+03
726.5825857784921,5.936949746915642208e+03
726.6564232085193,5.928173767984502774e+03
726.730349586392,5.897457841725516118e+03
726.8042645953695,5.923785778518933512e+03
726.8781153887404,5.862353926000959291e+03
726.9520393221525,5.898554839091908434e+03
727.0258672943038,5.884293873328807422e+03
727.0997948515045,5.897457841725516118e+03
727.1736528398144,5.834928991841149582e+03
727.2475046789152,5.872226902298491041e+03
727.3214244199837,5.829444005009187094e+03
727.3952533686669,5.870032907565706410e+03
727.4691766890326,5.856868939168997713e+03
727.5430356383624,5.826153012910010148e+03
727.6168831154938,5.854674944436212172e+03
727.6907985389481,5.809698052414124504e+03
727.7646495352022,5.823959018177225516e+03
727.838494332822,5.804213065582162017e+03
727.9123488191613,5.788855102452668689e+03
727.986271291593,5.784467112987099426e+03
728.0601080662049,5.821765023444440885e+03
728.1339810274446,5.748266199896150283e+03
728.2078212555151,5.793243091918238861e+03
728.2817295008361,5.768012152491213783e+03
728.3555996998778,5.747169202529757968e+03
728.429453049297,5.752654189361719546e+03
728.5033054557948,5.754848184094505086e+03
728.577140989502,5.752654189361719546e+03
728.6509914915385,5.735102231499441586e+03
728.7248569664563,5.710968289438808824e+03
728.7987108614303,5.729617244667480009e+03
728.872558477417,5.697804321042100128e+03
728.9464688832253,5.708774294706024193e+03
729.0203145595359,5.715356278904378087e+03
729.0941805149681,5.663797402683935616e+03
729.1680295392798,5.694513328942923181e+03
729.2418722535059,5.653924426386403866e+03
729.3156767351837,5.636372468524125907e+03
729.3895227579071,5.639663460623302853e+03
729.4633837365335,5.657215418485581722e+03
729.5372330643772,5.639663460623302853e+03
729.6110920231105,5.631984479058556644e+03
729.6849499652391,5.623208500127417210e+03
729.7587909091665,5.605656542265139251e+03
729.832646799371,5.612238526463493145e+03
729.9064377258716,5.545321687113557346e+03
729.9802755476569,5.587007587036468067e+03
730.0541496290818,5.558485655510266042e+03
730.1279906863275,5.538739702915202542e+03
730.2018413503896,5.572746621273367055e+03
730.2756322932343,5.532157718716848649e+03
730.3494914925877,5.532157718716848649e+03
730.4233389576001,5.518993750320139952e+03
730.497121314011,5.503635787190645715e+03
730.5709933006522,5.481695839862798493e+03
730.6448321837362,5.478404847763620637e+03
730.7186379386568,5.454270905702988784e+03
730.7924799682986,5.457561897802165731e+03
730.8662835069548,5.455367903069381100e+03
730.940128667791,5.440009939939886863e+03
731.0139673771906,5.426845971543178166e+03
731.0877622124666,5.420263987344824272e+03
731.1616307539186,5.401615032116153088e+03
731.2354072830598,5.398324040016976141e+03
731.3092735761231,5.350056155895710617e+03
731.3830531589755,5.367608113757989486e+03
731.4569011330443,5.352250150628495248e+03
731.5307105078027,5.333601195399824974e+03
731.6044812553652,5.327019211201470171e+03
731.6783471861277,5.277654329713812331e+03
731.7521477148499,5.314952240171153790e+03
731.8259899112759,5.295206287576091199e+03
731.899766660658,5.257908377118749740e+03
731.9735636445379,5.300691274408052777e+03
732.0473701527895,5.237065427157293925e+03
732.1212183467612,5.254617385019572794e+03
732.195006386356,5.237065427157293925e+03
732.2688093011474,5.221707464027800597e+03
732.3426485486638,5.238162424523686241e+03
732.4164544099781,5.192088535135206257e+03
732.4902214949792,5.187700545669636085e+03
732.5640302732379,5.194282529867990888e+03
732.6378270896475,5.174536577272927389e+03
732.7116656191168,5.176730572005712020e+03
732.7854653361854,5.128462687884447405e+03
732.8592530670325,5.125171695785269549e+03
732.9330341718326,5.124074698418877233e+03
733.0068247610646,5.091164777427105946e+03
733.0806302100424,5.126268693151661864e+03
733.1544290226378,5.083485795862358827e+03
733.2282104378809,5.074709816931219393e+03
733.3020120820065,5.062642845900903012e+03
733.3758016923423,5.075806814297611709e+03
733.4495738776542,5.034120914374700988e+03
733.5233662868974,5.051672872236978947e+03
733.5971735461529,5.017665953878815344e+03
733.6709687462483,5.004501985482106647e+03
733.7447518754218,5.017665953878815344e+03
733.818549846392,4.985853030253435463e+03
733.8923357337387,5.005598982848498963e+03
733.9660610421337,4.974883056589511398e+03
734.039849657903,4.965010080291980557e+03
734.113653111708,4.927712169834639099e+03
734.1874498467755,4.912354206705144861e+03
734.2612290717857,4.939779140864955480e+03
734.3349476318791,4.915645198804322717e+03
734.4087618993168,4.904675225140398652e+03
734.4825316665394,4.891511256743689955e+03
734.5563216510071,4.872862301515018771e+03
734.6300724954872,4.864086322583880246e+03
734.7038651403906,4.858601335751917759e+03
734.7776456166251,4.857504338385525443e+03
734.8513869120628,4.871765304148626456e+03
734.9251700158896,4.832273398958500366e+03
734.99889230638,4.839952380523247484e+03
735.0727050353661,4.820206427928183984e+03
735.1464785471829,4.830079404225715734e+03
735.220218219237,4.824594417393753247e+03
735.2939943121419,4.782908517470842526e+03
735.367736543824,4.779617525371665579e+03
735.4415206118363,4.774132538539703091e+03
735.5152599796714,4.755483583311032817e+03
735.5890466014831,4.762065567509386710e+03
735.662766849309,4.758774575410209764e+03
735.7365830712438,4.731349641250400055e+03
735.8103058246913,4.732446638616792370e+03
735.8840433540496,4.709409693922551924e+03
735.957822745456,4.699536717625020174e+03
736.0315681756952,4.700633714991413399e+03
736.1052958754302,4.684178754495526846e+03
736.1790654451154,4.710506691288944239e+03
736.252801015933,4.656753820335717137e+03
736.326545937147,4.688566743961097018e+03
736.4003381699183,4.661141809801286399e+03
736.4740584115469,4.644686849305400756e+03
736.5477988397872,4.641395857206223809e+03
736.6215269056551,4.613970923046414100e+03
736.6952425972906,4.612873925680021785e+03
736.7690544685436,4.652365830870147875e+03
736.8427725447069,4.573382020489894785e+03
736.9165053742005,4.622746901977552625e+03
736.9902258037228,4.577770009955464957e+03
737.0639609845649,4.565703038925148576e+03
737.137689186275,4.603000949382490035e+03
737.2114267046566,4.559121054726793773e+03
737.2851517972983,4.562412046825971629e+03
737.358897074205,4.562412046825971629e+03
737.4326244765816,4.536084110032553326e+03
737.5063448675909,4.539375102131731182e+03
737.5800799995792,4.486719228544895486e+03
737.6538026703106,4.503174189040782039e+03
737.7275346375662,4.499883196941605092e+03
737.8012595719805,4.481234241712933908e+03
737.8749992432967,4.431869360225276068e+03
737.9487264275168,4.442839333889200134e+03
738.022468346593,4.445033328621984765e+03
738.0961977656417,4.445033328621984765e+03
738.169865632222,4.438451344423630871e+03
738.2435972558687,4.427481370759706806e+03
738.3173218057595,4.400056436599897097e+03
738.3910556298822,4.413220404996605794e+03
738.4647823694751,4.382504478737618228e+03
738.5384638351453,4.368243512974517216e+03
738.612192738524,4.393474452401542294e+03
738.685909081362,4.347400563013061401e+03
738.7595855634423,4.368243512974517216e+03
738.8332985789483,4.335333591982745020e+03
738.9070317658445,4.318878631486859376e+03
738.9807032179243,4.306811660456542995e+03
739.0544385201678,4.290356699960657352e+03
739.1281065918952,4.274998736831164024e+03
739.2018439933116,4.314490642021290114e+03
739.2755687822585,4.257446778968885155e+03
739.3492317494262,4.249767797404138946e+03
739.4229859424029,4.245379807938568774e+03
739.4966509491076,4.230021844809075446e+03
739.5703798618135,4.231118842175467762e+03
739.6440468874771,4.199305918550088791e+03
739.7177778366447,4.202596910649265737e+03
739.791446866122,4.190529939618949356e+03
739.8651032005454,4.133486076566544398e+03
739.9388289543585,4.158717015993569476e+03
740.0125146409633,4.154329026528000213e+03
740.086187618405,4.148844039696038635e+03
740.1599026583724,4.153232029161607898e+03
740.2335830692062,4.108255137139519320e+03
740.3072452674804,4.093994171376418308e+03
740.3809769441689,4.089606181910849045e+03
740.4546465508478,4.107158139773127004e+03
740.5283253357537,4.055599263552684533e+03
740.6019968452496,4.046823284621545554e+03
740.6757323886792,4.033659316224836857e+03
740.7493783611862,4.008428376797811779e+03
740.8230664214437,4.005137384698634378e+03
740.8967416974003,4.002943389965849747e+03
740.9704041770528,3.978809447905216985e+03
741.0440813057113,3.975518455806039583e+03
741.1177456249695,3.978809447905216985e+03
741.1914740338814,3.951384513745407276e+03
741.265145682029,3.951384513745407276e+03
741.3387990020083,3.906407621723318698e+03
741.4124669600711,3.943705532180660157e+03
741.4861550585991,3.876788692830724358e+03
741.5598248114671,3.929444566417559145e+03
741.6334872037764,3.880079684929901305e+03
741.7070817125386,3.861430729701230575e+03
741.7807678621677,3.858139737602053629e+03
741.8544191228816,3.874594698097939272e+03
741.9281125335501,3.852654750770091596e+03
742.0017600242695,3.839490782373382899e+03
742.0754276444354,3.846072766571737247e+03
742.1491098938311,3.829617806075851149e+03
742.2227792320809,3.817550835045534768e+03
742.2963860567804,3.783543916687370711e+03
742.3700570824167,3.791222898252117375e+03
742.4437151716932,3.764894961458699981e+03
742.5173878791576,3.787931906152940428e+03
742.5909980073593,3.765991958825092297e+03
742.6646723713906,3.748440000962813883e+03
742.7383392893086,3.733082037833320555e+03
742.8119656461523,3.723209061535788805e+03
742.8856286765096,3.718821072070219543e+03
742.9592842387771,3.696881124742371412e+03
743.0328991982909,3.717724074703826773e+03
743.1065563576633,3.685911151078447347e+03
743.1801728901319,3.672747182681738650e+03
743.2538592524501,3.657389219552245322e+03
743.3274497210764,3.659583214285029953e+03
743.4011100282263,3.666165198483384302e+03
743.4747296601421,3.639837261689966908e+03
743.5483970465806,3.648613240621105888e+03
743.6220182060574,3.650807235353890974e+03
743.6956816000841,3.616800316995726462e+03
743.7692821427946,3.592666374935093700e+03
743.8429470520473,3.616800316995726462e+03
743.916576747615,3.575114417072815741e+03
743.990165669035,3.602539351232625449e+03
744.0638466591978,3.580599403904777773e+03
744.1374370340701,3.565241440775283991e+03
744.2110696595498,3.574017419706423425e+03
744.284716858413,3.563047446042499359e+03
744.3583232280512,3.559756453943321958e+03
744.4319496995879,3.508197577722879487e+03
744.5055574804348,3.543301493447436314e+03
744.5791520991629,3.536719509249081966e+03
744.6528444452033,3.481869640929462093e+03
744.7264460022811,3.504906585623702540e+03
744.8000565630955,3.497227604058955421e+03
744.8736594835683,3.471996664631930344e+03
744.9472714032472,3.501615593524525138e+03
745.0208756714717,3.454444706769651930e+03
745.094494486024,3.476384654097500061e+03
745.168100087441,3.477481651463892376e+03
745.2416924635781,3.461026690968006733e+03
745.3152993770332,3.441280738372943233e+03
745.3889152760675,3.443474733105728319e+03
745.4625290474098,3.436892748907373971e+03
745.5361240107667,3.443474733105728319e+03
745.609733506721,3.440183741006550918e+03
745.6833575395775,3.435795751540981200e+03
745.7569683059694,3.419340791045095557e+03
745.8305713563644,3.425922775243449905e+03
745.9041833730809,3.366684917458260315e+03
745.9777876626403,3.407273820014779176e+03
746.0514009139459,3.372169904290222348e+03
746.1249507566789,3.380945883221361782e+03
746.1985429433485,3.364490922725475684e+03
746.2721496486159,3.355714943794336705e+03
746.3457708767787,3.359005935893513652e+03
746.4193230608547,3.385333872686931045e+03
746.4929176060401,3.322805022802564508e+03
746.5665266650274,3.344744970130412639e+03
746.640066621393,3.349132959595982356e+03
746.7136768253059,3.324999017535349594e+03
746.7873015449047,3.310738051772248582e+03
746.8608348022583,3.324999017535349594e+03
746.934460649653,3.311835049138640898e+03
747.0080507927156,3.294283091276362484e+03
747.0815940434294,3.300865075474716832e+03
747.1552131827909,3.295380088642754799e+03
747.2287630801482,3.276731133414084070e+03
747.3023777208953,3.273440141314907123e+03
747.3759007391845,3.250403196620666677e+03
747.4495220280663,3.251500193987058992e+03
747.5230740040879,3.237239228223957980e+03
747.5966125121065,3.260276172918198426e+03
747.6702213915038,3.215299280896109849e+03
747.7437608993716,3.228463249292818546e+03
747.8173763904779,3.207620299331363185e+03
747.8909168833824,3.224075259827249283e+03
747.9644718416794,3.218590272995287251e+03
748.0380188872018,3.180195365171553476e+03
748.111630768237,3.208717296697755501e+03
748.1851787691317,3.187874346736300140e+03
748.2587356337701,3.183486357270730423e+03
748.3322845630789,3.178001370438768390e+03
748.405875958131,3.145091449446996648e+03
748.4794258064913,3.158255417843705345e+03
748.5529901125466,3.139606462615034616e+03
748.626540858474,3.147285444179781734e+03
748.7000780320159,3.139606462615034616e+03
748.7736296540094,3.106696541623262874e+03
748.8471676901079,3.119860510019971571e+03
748.920776260387,3.116569517920794624e+03
748.994315154041,3.090241581127376776e+03
749.0678741021718,3.090241581127376776e+03
749.1414138274398,3.093532573226554177e+03
749.2149736068789,3.075980615364275764e+03
749.2885141477188,3.082562599562630112e+03
749.362046665244,3.059525654868390120e+03
749.4355374512597,3.029906725975795325e+03
749.5090988297237,3.061719649601174751e+03
749.5826465568359,3.058428657501997350e+03
749.656175000463,3.031003723342187641e+03
749.7297234916311,3.027712731243010239e+03
749.803286415846,3.031003723342187641e+03
749.8768356615918,3.011257770747124596e+03
749.9503205982728,3.035391712807757358e+03
750.0238705670453,2.990414820785669235e+03
750.0974068314757,2.987123828686491834e+03
750.170963144645,2.995899807617630813e+03
750.2444438267519,2.991511818152061551e+03
750.318000832892,2.950922915595542690e+03
750.3915384788514,2.952019912961935006e+03
750.4650398530696,2.967377876091428789e+03
750.5385837931271,2.953116910328327776e+03
750.6121083437756,2.928982968267695014e+03
750.6855965835151,2.942146936664403711e+03
750.7591555782365,2.903752028840669936e+03
750.8326444278694,2.919109991970163264e+03
750.9061758589805,2.921303986702948350e+03
750.9796652967866,2.884006076245606891e+03
751.053225528571,2.886200070978391523e+03
751.1267211857668,2.885103073611999207e+03
751.2002538005404,2.892782055176745871e+03
751.2737443726544,2.864260123650543392e+03
751.347283196831,2.876327094680859773e+03
751.4207743095347,2.859872134184974129e+03
751.4942572105898,2.822574223727632670e+03
751.567805321994,2.854387147353012097e+03
751.641288735935,2.824768218460417302e+03
751.7147865207419,2.835738192124341367e+03
751.7883269399143,2.810507252697316289e+03
751.8618252198199,2.813798244796493236e+03
751.9353096018531,2.807216260598138888e+03
752.0087800736492,2.802828271132569625e+03
752.082349748397,2.783082318537506126e+03
752.1558206716313,2.768821352774405113e+03
752.2293059510168,2.788567305369468158e+03
752.3028112503567,2.776500334339151777e+03
752.3762686487676,2.769918350140797429e+03
752.4497687028702,2.765530360675228167e+03
752.5232604672466,2.762239368576050765e+03
752.5967892449822,2.745784408080165122e+03
752.6702814069297,2.745784408080165122e+03
752.74378792351,2.735911431782633372e+03
752.8172521255437,2.731523442317063655e+03
752.890753342267,2.721650466019532359e+03
752.9642462347487,2.686546550294975532e+03
753.0377251232514,2.704098508157253946e+03
753.111218354199,2.694225531859722196e+03
753.1846408387155,2.703001510790861630e+03
753.2581116847355,2.697516523958899597e+03
753.331591190779,2.681061563463013499e+03
753.4050850339123,2.651442634570419159e+03
753.4785648318334,2.663509605600735085e+03
753.552064642568,2.683255558195798585e+03
753.6254879218887,2.648151642471241757e+03
753.698987997613,2.655830624035988421e+03
753.7724683210844,2.620726708311432049e+03
753.845940242228,2.639375663540102778e+03
753.9193696482735,2.640472660906495094e+03
753.9928702112186,2.636084671440925376e+03
754.0663566760842,2.653636629303203790e+03
754.1397721577508,2.616338718845862331e+03
754.2132588199502,2.611950729380292614e+03
754.286731357841,2.603174750449153635e+03
754.3601613060175,2.610853732013900299e+03
754.433662469434,2.582331800487697819e+03
754.5070697940439,2.587816787319659852e+03
754.580571120139,2.563682845259027545e+03
754.6540013426822,2.570264829457381893e+03
754.7274800348059,2.569167832090989123e+03
754.8009103674891,2.575749816289343471e+03
754.8743891803196,2.563682845259027545e+03
754.9478196065738,2.580137805754913188e+03
755.0212985235391,2.545033890030356815e+03
755.0947347284628,2.556003863694280426e+03
755.1681567061893,2.551615874228711164e+03
755.2416500027333,2.548324882129533762e+03
755.3150720303312,2.527481932168078401e+03
755.3884798044081,2.512123969038584619e+03
755.4619874570354,2.524190940068901000e+03
755.535395250506,2.517608955870546652e+03
755.6088173113466,2.506638982206622586e+03
755.6822593542736,2.494572011176306660e+03
755.7557385217809,2.492378016443521574e+03
755.8291520013627,2.482505040145990279e+03
755.9025740310907,2.489087024344344627e+03
755.9760160417866,2.519802950603331738e+03
756.0494380281855,2.489087024344344627e+03
756.122851408895,2.496766005909091291e+03
756.196279048058,2.494572011176306660e+03
756.2697209498288,2.478117050680420562e+03
756.3431485156143,2.492378016443521574e+03
756.4166132278519,2.456177103352572431e+03
756.490046430767,2.459468095451749832e+03
756.563402310791,2.450692116520610853e+03
756.6368296685728,2.439722142856686787e+03
756.710271280547,2.441916137589471418e+03
756.7836985147853,2.447401124421433451e+03
756.8571170870929,2.438625145490294472e+03
756.9305441765948,2.462759087550926779e+03
757.0039625924522,2.417782195528838656e+03
757.0773895204559,2.407909219231307361e+03
757.1508077630942,2.396939245567383296e+03
757.2241829078598,2.430946163925547353e+03
757.2975952154935,2.411200211330484308e+03
757.3710274951507,2.392551256101813578e+03
757.4444453309834,2.391454258735421263e+03
757.5178200187852,2.389260264002636632e+03
757.5912376210018,2.376096295605927935e+03
757.664669455667,2.385969271903459230e+03
757.7380294018718,2.370611308773965902e+03
757.8114609832415,2.364029324575611554e+03
757.884883822762,2.380484285071497197e+03
757.9582576961611,2.360738332476434152e+03
758.0316745087733,2.366223319308396185e+03
758.1050538201592,2.354156348278079804e+03
758.1784703328954,2.347574364079725456e+03
758.2518205742088,2.338798385148586476e+03
758.3252712680576,2.343186374614155739e+03
758.3986211596865,2.339895382514978792e+03
758.4720370175761,2.312470448355168628e+03
758.545415305501,2.324537419385485009e+03
758.6187790176235,2.322343424652700378e+03
758.692185702744,2.320149429919915747e+03
758.7655490229096,2.297112485225675300e+03
758.8389841161411,2.308082458889599366e+03
758.9123470329839,2.300403477324852702e+03
758.985729896929,2.294918490492890669e+03
759.0590923834825,2.272978543165042538e+03
759.1324978677417,2.264202564233903558e+03
759.2058656754364,2.257620580035549210e+03
759.2792419009955,2.262008569501118473e+03
759.3526092466964,2.270784548432257907e+03
759.4259619360007,2.257620580035549210e+03
759.4993807137987,2.233486637974916448e+03
759.5727617631621,2.233486637974916448e+03
759.6461281405926,2.232389640608524132e+03
759.7194798334775,2.245553609005232829e+03
759.79284569346,2.235680632707701079e+03
759.8662199506782,2.220322669578207751e+03
759.9395910557283,2.217031677479030350e+03
760.0129416740881,2.211546690647068317e+03
760.0863064536592,2.203867709082321653e+03
760.1596565064068,2.219225672211815436e+03
760.2330264969562,2.193994732784790358e+03
760.3064048714377,2.185218753853650924e+03
760.3797685035091,2.200576716983144706e+03
760.4531231634235,2.164375803892195563e+03
760.5264341378603,2.183024759120866293e+03
760.5997823891312,2.157793819693841215e+03
760.6731505760081,2.166569798624980194e+03
760.7465329185825,2.170957788090549911e+03
760.8198946901349,2.151211835495486866e+03
760.893195347572,2.162181809159410932e+03
760.9665564561759,2.141338859197955117e+03
761.039908545017,2.139144864465170485e+03
761.1132805694576,2.147920843396309465e+03
761.186574038077,2.139144864465170485e+03
761.2599395757078,2.139144864465170485e+03
761.3332612942629,2.115010922404537723e+03
761.4066319227295,2.104040948740613658e+03
761.4799819030882,2.089779982977512645e+03
761.5532938204132,2.110622932938968006e+03
761.6266430583955,2.108428938206183375e+03
761.6999542102297,2.089779982977512645e+03
761.7733026886444,2.098555961908651625e+03
761.8466130577877,2.087585988244728014e+03
761.9199955907541,2.070034030382449600e+03
761.9932761350078,2.066743038283272199e+03
762.0665998139598,2.063452046184095252e+03
762.1399666484456,2.056870061985740904e+03
762.2132604654904,2.072228025115234232e+03
762.2866264890819,2.041512098856247349e+03
762.3599194586624,2.046997085688209154e+03
762.4332265236651,2.049191080420994240e+03
762.5065244315081,2.038221106757070174e+03
762.5798887714861,2.033833117291500457e+03
762.653209066283,2.021766146261184076e+03
762.726491103933,2.019572151528399445e+03
762.7998163192037,2.025057138360361250e+03
762.8731789131846,2.018475154162006902e+03
762.9464741276457,2.009699175230867695e+03
763.0197834275534,1.995438209467766683e+03
763.0930777014148,1.997632204200551541e+03
763.1663802334256,1.992147217368589509e+03
763.2396735482423,1.981177243704665443e+03
763.312980942364,1.978983248971880812e+03
763.3863024198473,1.974595259506311095e+03
763.4595855263992,1.989953222635804650e+03
763.5329060235777,1.962528288475994714e+03
763.6062114503713,1.963625285842387257e+03
763.6795017940418,1.989953222635804650e+03
763.7528120409493,1.968013275307956746e+03
763.8261013583818,1.947170325346501386e+03
763.8994105781957,1.944976330613716527e+03
763.9727280347157,1.940588341148146810e+03
764.0459486507003,1.940588341148146810e+03
764.1192708849686,1.939491343781754495e+03
764.1925721540134,1.934006356949792462e+03
764.265864123763,1.915357401721121732e+03
764.339170153393,1.909872414889159927e+03
764.4124025979912,1.906581422789982753e+03
764.4857075207827,1.903290430690805579e+03
764.5590265043799,1.920842388553083765e+03
764.6322718534416,1.887932467561312023e+03
764.7055663242454,1.918648393820298907e+03
764.7788689989354,1.886835470194919480e+03
764.8520979783581,1.887932467561312023e+03
764.9254053449329,1.892320457026881513e+03
764.9986623906358,1.893417454393273829e+03
765.0719685894694,1.887932467561312023e+03
765.1451951672625,1.871477507065425925e+03
765.2185001752471,1.876962493897387958e+03
765.2917606634498,1.870380509699033610e+03
765.3650586119669,1.858313538668717229e+03
765.438288577042,1.875865496530995642e+03
765.5115911575078,1.864895522867071577e+03
765.5848491670143,1.861604530767894403e+03
765.6580918875516,1.872574504431818468e+03
765.7313779407682,1.851731554470362880e+03
765.8046193790093,1.850634557103970565e+03
765.8778806952203,1.852828551836755196e+03
765.9511794972256,1.844052572905616216e+03
766.0244043117671,1.842955575539223673e+03
766.0976489972652,1.851731554470362880e+03
766.1709018207467,1.846246567638400847e+03
766.2441451689594,1.859410536035109772e+03
766.31745537396,1.830888604508907292e+03
766.3906973785047,1.831985601875299835e+03
766.4639240114803,1.835276593974477009e+03
766.5371587632285,1.815530641379413964e+03
766.610413388223,1.825403617676945487e+03
766.6836526256157,1.834179596608084694e+03
766.7569058583788,1.806754662448274757e+03
766.8301436890999,1.801269675616312725e+03
766.9033661049401,1.802366672982705040e+03
766.9766319183701,1.806754662448274757e+03
767.049858779082,1.780426725654857137e+03
767.1230937389751,1.797978683517135551e+03
767.196342684586,1.805657665081882215e+03
767.2695820718163,1.782620720387641995e+03
767.3427706741372,1.791396699318781202e+03
767.4160085761127,1.762874767792578950e+03
767.4892545691928,1.778232730922072506e+03
767.5624909794419,1.773844741456502788e+03
767.6357413679548,1.774941738822895331e+03
767.7089173321764,1.758486778327009233e+03
767.7821603029794,1.769456751990933299e+03
767.8553936664732,1.753001791495047428e+03
767.928641001735,1.747516804663085395e+03
768.001843330076,1.753001791495047428e+03
768.0750596156819,1.745322809930300537e+03
768.1482662604737,1.738740825731946188e+03
768.2215104680862,1.723382862602452633e+03
768.2947391311019,1.738740825731946188e+03
768.3679227171707,1.725576857335237491e+03
768.441155676817,1.744225812563908221e+03
768.5143376298478,1.727770852068022350e+03
768.5875985030231,1.721188867869668002e+03
768.6607551772538,1.727770852068022350e+03
768.7340085126597,1.724479859968845176e+03
768.8071930624363,1.716800878404098285e+03
768.8803619892306,1.716800878404098285e+03
768.9535980606818,1.723382862602452633e+03
769.0267948587721,1.710218894205743936e+03
769.0999760176759,1.704733907373781904e+03
769.1732302685929,1.697054925809035240e+03
769.2464097142773,1.683890957412326543e+03
769.3195794118245,1.720091870503275459e+03
769.3928163071785,1.702539912640997272e+03
769.4660079399233,1.692666936343465522e+03
769.5391838897698,1.687181949511503717e+03
769.6123796819868,1.691569938977073207e+03
769.6855538548153,1.679502967946756826e+03
769.7587182425186,1.676211975847579652e+03
769.8319202468393,1.693763933709858065e+03
769.9051421026546,1.687181949511503717e+03
769.97834824532,1.679502967946756826e+03
770.0515030831361,1.658660017985301465e+03
770.1247074085248,1.663048007450870955e+03
770.1978663329771,1.675114978481187336e+03
770.2710688242653,1.657563020618908922e+03
770.3442258887268,1.647690044321377400e+03
770.4173671736539,1.650981036420554574e+03
770.4905282854356,1.665242002183655813e+03
770.5637270444658,1.631235083825491529e+03
770.6369100189285,1.645496049588592541e+03
770.7100771958651,1.622459104894352322e+03
770.7832642087253,1.632332081191883844e+03
770.856459180459,1.623556102260744638e+03
770.9295551317979,1.635623073291061019e+03
771.0027481693259,1.640011062756630736e+03
771.0759313239301,1.610392133864035941e+03
771.1490926926053,1.603810149665681593e+03
771.2222144154819,1.606004144398466451e+03
771.2954094963922,1.616974118062390289e+03
771.368588721728,1.598325162833719560e+03
771.4417223223901,1.590646181268972896e+03
771.5148995537488,1.596131168100934929e+03
771.5880013670636,1.610392133864035941e+03
771.6612063537742,1.590646181268972896e+03
771.734306117772,1.569803231307517308e+03
771.8074852581613,1.565415241841947818e+03
771.8806127402132,1.577482212872264199e+03
771.953783876625,1.559930255009985785e+03
772.0269152446992,1.571997226040302166e+03
772.1000843158894,1.556639262910808611e+03
772.1732135949969,1.570900228673909851e+03
772.2463209463975,1.567609236574732677e+03
772.3195077548475,1.562124249742770644e+03
