X,Y
534.0101317591491,1.452000000000000000e+03
534.0858154923093,1.448000000000000000e+03
534.1614989393564,1.446000000000000000e+03
534.2371827188268,1.461000000000000000e+03
534.3128661652567,1.446000000000000000e+03
534.3885498975031,1.475000000000000000e+03
534.4642333068265,1.455000000000000000e+03
534.5399780450128,1.480000000000000000e+03
534.6156616266504,1.462000000000000000e+03
534.6913452579174,1.471000000000000000e+03
534.7670287009721,1.486000000000000000e+03
534.8427124042446,1.490000000000000000e+03
534.9183960727204,1.490000000000000000e+03
534.9940796114086,1.517000000000000000e+03
535.0697633832956,1.498000000000000000e+03
535.1454468067278,1.501000000000000000e+03
535.221130445245,1.514000000000000000e+03
535.2968750369992,1.525000000000000000e+03
535.3725585229043,1.512000000000000000e+03
535.4482421968496,1.525000000000000000e+03
535.5239257631308,1.537000000000000000e+03
535.5996092125818,1.539000000000000000e+03
535.6752931099272,1.529000000000000000e+03
535.7509765853897,1.534000000000000000e+03
535.8266602037646,1.528000000000000000e+03
535.9023439561084,1.551000000000000000e+03
535.9780275462002,1.541000000000000000e+03
536.0537112521963,1.551000000000000000e+03
536.1293944902684,1.548000000000000000e+03
536.2050778259976,1.558000000000000000e+03
536.2807615380117,1.556000000000000000e+03
536.3564450422236,1.571000000000000000e+03
536.4321289049296,1.576000000000000000e+03
536.5078125417075,1.583000000000000000e+03
536.5834959433245,1.577000000000000000e+03
536.6591796765483,1.585000000000000000e+03
536.7348634445389,1.579000000000000000e+03
536.8105466619603,1.584000000000000000e+03
536.8862301840559,1.586000000000000000e+03
536.9619140020544,1.595000000000000000e+03
537.0375978187705,1.601000000000000000e+03
537.1132201766717,1.600000000000000000e+03
537.188903946424,1.618000000000000000e+03
537.2645876878013,1.626000000000000000e+03
537.3402711030283,1.624000000000000000e+03
537.4159547604477,1.633000000000000000e+03
537.4916380734585,1.626000000000000000e+03
537.5673216107183,1.648000000000000000e+03
537.6430053634106,1.633000000000000000e+03
537.7186890335724,1.639000000000000000e+03
537.794372612133,1.651000000000000000e+03
537.8699953361421,1.659000000000000000e+03
537.9456783977836,1.660000000000000000e+03
538.021362208817,1.649000000000000000e+03
538.0970458922386,1.670000000000000000e+03
538.1727294389524,1.668000000000000000e+03
538.2484128398571,1.665000000000000000e+03
538.3240966654321,1.660000000000000000e+03
538.3997191638312,1.673000000000000000e+03
538.4754029256472,1.668000000000000000e+03
538.5510865056854,1.694000000000000000e+03
538.6267701849378,1.698000000000000000e+03
538.7024536643171,1.715000000000000000e+03
538.7780762657804,1.699000000000000000e+03
538.8537598816796,1.707000000000000000e+03
538.9294432706045,1.713000000000000000e+03
539.005127004456,1.713000000000000000e+03
539.0808107839589,1.719000000000000000e+03
539.1564332646709,1.710000000000000000e+03
539.2321165099562,1.725000000000000000e+03
539.3078003555032,1.728000000000000000e+03
539.3834842110005,1.728000000000000000e+03
539.4591060810683,1.752000000000000000e+03
539.534789912255,1.739000000000000000e+03
539.6104737265628,1.737000000000000000e+03
539.6861575150391,1.744000000000000000e+03
539.7617795040509,1.741000000000000000e+03
539.8374631966658,1.763000000000000000e+03
539.9131474195725,1.762000000000000000e+03
539.9888304147614,1.762000000000000000e+03
540.0644529633364,1.759000000000000000e+03
540.1401366658797,1.771000000000000000e+03
540.2158202799441,1.767000000000000000e+03
540.2914433701576,1.774000000000000000e+03
540.3671264713553,1.775000000000000000e+03
540.4428103331512,1.792000000000000000e+03
540.5184327171496,1.779000000000000000e+03
540.5941163044432,1.803000000000000000e+03
540.6697994572272,1.798000000000000000e+03
540.745421930671,1.817000000000000000e+03
540.821105632202,1.808000000000000000e+03
540.8967891647902,1.798000000000000000e+03
540.972411647952,1.814000000000000000e+03
541.0480956767028,1.817000000000000000e+03
541.1237186043711,1.835000000000000000e+03
541.1994019229727,1.824000000000000000e+03
541.2750859066534,1.836000000000000000e+03
541.3507078321152,1.841000000000000000e+03
541.4263919308671,1.844000000000000000e+03
541.5020139190151,1.844000000000000000e+03
541.5776975109101,1.851000000000000000e+03
541.6533817245662,1.877000000000000000e+03
541.7290037489801,1.860000000000000000e+03
541.8046871086901,1.886000000000000000e+03
541.8803102816472,1.880000000000000000e+03
541.9559936322438,1.875000000000000000e+03
542.0316161571506,1.875000000000000000e+03
542.1072997568957,1.897000000000000000e+03
542.182921891493,1.904000000000000000e+03
542.2586057052214,1.907000000000000000e+03
542.3342282960375,1.923000000000000000e+03
542.4099119945816,1.916000000000000000e+03
542.4855953364454,1.927000000000000000e+03
542.561218260454,1.923000000000000000e+03
542.636840481542,1.936000000000000000e+03
542.7125244321167,1.937000000000000000e+03
542.7881467096405,1.940000000000000000e+03
542.8638304387697,1.949000000000000000e+03
542.9394533270257,1.939000000000000000e+03
543.0151370941302,1.973000000000000000e+03
543.0907590839746,1.953000000000000000e+03
543.1664425585407,1.983000000000000000e+03
543.242065384064,1.976000000000000000e+03
543.3177488258447,1.979000000000000000e+03
543.3933712718681,1.957000000000000000e+03
543.4689940969562,1.991000000000000000e+03
543.5446775625552,1.999000000000000000e+03
543.6203002505497,2.007000000000000000e+03
543.6959835951617,2.017000000000000000e+03
543.7716067020338,1.981000000000000000e+03
543.8472292575915,2.005000000000000000e+03
543.9229124939819,2.008000000000000000e+03
543.9985348240249,2.002000000000000000e+03
544.0742187390317,2.006000000000000000e+03
544.1498414005029,2.019000000000000000e+03
544.2254643542844,2.027000000000000000e+03
544.3011471408596,2.029000000000000000e+03
544.3767703738934,2.048000000000000000e+03
544.4523923913528,2.047000000000000000e+03
544.5280757472427,2.056000000000000000e+03
544.6036988807289,2.057000000000000000e+03
544.67932136464,2.051000000000000000e+03
544.7550046185858,2.060000000000000000e+03
544.8306272767223,2.069000000000000000e+03
544.9062501489861,2.070000000000000000e+03
544.9819341128931,2.088000000000000000e+03
545.0575562162575,2.096000000000000000e+03
545.1331788045511,2.108000000000000000e+03
545.2088012749358,2.102000000000000000e+03
545.2844848696172,2.112000000000000000e+03
545.3601076895079,2.122000000000000000e+03
545.43572947281,2.115000000000000000e+03
545.5113525905954,2.144000000000000000e+03
545.5870365682862,2.141000000000000000e+03
545.6626587757235,2.143000000000000000e+03
545.7382811014886,2.140000000000000000e+03
545.8139032390501,2.137000000000000000e+03
545.8895266695137,2.163000000000000000e+03
545.9652101066034,2.172000000000000000e+03
546.0408325382961,2.185000000000000000e+03
546.1164550450122,2.185000000000000000e+03
546.192077618109,2.176000000000000000e+03
546.2676999505306,2.205000000000000000e+03
546.3433835225351,2.187000000000000000e+03
546.4190059610715,2.198000000000000000e+03
546.4946284312066,2.210000000000000000e+03
546.5702518204907,2.197000000000000000e+03
546.6458743280662,2.226000000000000000e+03
546.7214965423211,2.228000000000000000e+03
546.7971190523004,2.233000000000000000e+03
546.8728022616718,2.231000000000000000e+03
546.9484253544907,2.242000000000000000e+03
547.0240475207671,2.231000000000000000e+03
547.0996702476461,2.244000000000000000e+03
547.1752923293161,2.249000000000000000e+03
547.2509149545047,2.255000000000000000e+03
547.3265384145596,2.255000000000000000e+03
547.4021609036118,2.269000000000000000e+03
547.4777839108516,2.275000000000000000e+03
547.5534062287874,2.246000000000000000e+03
547.6290290477787,2.276000000000000000e+03
547.7046508596815,2.274000000000000000e+03
547.7802734553864,2.283000000000000000e+03
547.8558968268902,2.282000000000000000e+03
547.9315795108378,2.278000000000000000e+03
548.0072023238916,2.290000000000000000e+03
548.0828240851819,2.298000000000000000e+03
548.158446588061,2.298000000000000000e+03
548.2340698245029,2.302000000000000000e+03
548.309691681972,2.303000000000000000e+03
548.3852538097661,2.314000000000000000e+03
548.4608773760027,2.317000000000000000e+03
548.536499536407,2.337000000000000000e+03
548.612122388014,2.343000000000000000e+03
548.68774411642,2.337000000000000000e+03
548.7633662177788,2.332000000000000000e+03
548.8389892862256,2.345000000000000000e+03
548.9146127113272,2.382000000000000000e+03
548.9902349778101,2.377000000000000000e+03
549.0658578849419,2.366000000000000000e+03
549.141479313746,2.364000000000000000e+03
549.2171016675064,2.392000000000000000e+03
549.2927243349359,2.387000000000000000e+03
549.3683479112998,2.401000000000000000e+03
549.4439089921315,2.392000000000000000e+03
549.5195316276067,2.390000000000000000e+03
549.5951530325656,2.421000000000000000e+03
549.6707765209143,2.407000000000000000e+03
549.7463990635691,2.410000000000000000e+03
549.822021860376,2.442000000000000000e+03
549.8976433910192,2.417000000000000000e+03
549.9732061764616,2.433000000000000000e+03
550.0488287607203,2.445000000000000000e+03
550.1244497492662,2.452000000000000000e+03
550.200073370286,2.463000000000000000e+03
550.2756953781283,2.481000000000000000e+03
550.3512570028997,2.455000000000000000e+03
550.4268799800959,2.468000000000000000e+03
550.5025031350328,2.476000000000000000e+03
550.5781252467448,2.484000000000000000e+03
550.6537475186851,2.497000000000000000e+03
550.7293092818632,2.492000000000000000e+03
550.8049324390782,2.518000000000000000e+03
550.8805542142017,2.514000000000000000e+03
550.9561764188561,2.490000000000000000e+03
551.0317377103687,2.532000000000000000e+03
551.1073604289286,2.514000000000000000e+03
551.1829838560429,2.520000000000000000e+03
551.2585441676853,2.542000000000000000e+03
551.3341680585975,2.542000000000000000e+03
551.4097905052907,2.538000000000000000e+03
551.4853518873565,2.535000000000000000e+03
551.560975050709,2.547000000000000000e+03
551.6365964383417,2.548000000000000000e+03
551.7121588156307,2.572000000000000000e+03
551.7877808687301,2.574000000000000000e+03
551.8634032503246,2.577000000000000000e+03
551.9389644155551,2.565000000000000000e+03
552.0145871077875,2.604000000000000000e+03
552.0902104083716,2.598000000000000000e+03
552.1657724172139,2.571000000000000000e+03
552.2413941487546,2.601000000000000000e+03
552.316956367426,2.588000000000000000e+03
552.3925786297606,2.622000000000000000e+03
552.4682011532487,2.628000000000000000e+03
552.543762258061,2.602000000000000000e+03
552.6193849567069,2.617000000000000000e+03
552.6949464916294,2.616000000000000000e+03
552.7705696373582,2.615000000000000000e+03
552.8461297353178,2.619000000000000000e+03
552.9217529886566,2.640000000000000000e+03
552.9973749156402,2.625000000000000000e+03
553.0729370817561,2.658000000000000000e+03
553.1485590650714,2.642000000000000000e+03
553.2241215439628,2.653000000000000000e+03
553.2997438559906,2.641000000000000000e+03
553.3753047769433,2.672000000000000000e+03
553.4509270774954,2.659000000000000000e+03
553.5264900812087,2.654000000000000000e+03
553.6020510419006,2.663000000000000000e+03
553.6776737137039,2.678000000000000000e+03
553.7532348683754,2.687000000000000000e+03
553.8288577510665,2.681000000000000000e+03
553.9044187594093,2.695000000000000000e+03
553.9800418193971,2.704000000000000000e+03
554.0556029544349,2.708000000000000000e+03
554.1312261581751,2.698000000000000000e+03
554.2067873863363,2.717000000000000000e+03
554.2823483327697,2.717000000000000000e+03
554.3579713732983,2.720000000000000000e+03
554.4335326694874,2.727000000000000000e+03
554.5090936584586,2.734000000000000000e+03
554.584716767065,2.751000000000000000e+03
554.6602777478835,2.739000000000000000e+03
554.7359005576258,2.746000000000000000e+03
554.811461496489,2.776000000000000000e+03
554.887024240689,2.760000000000000000e+03
554.9626469921724,2.789000000000000000e+03
555.0382074888055,2.794000000000000000e+03
555.1137700749202,2.789000000000000000e+03
555.1893923838069,2.791000000000000000e+03
555.2649526697769,2.810000000000000000e+03
555.3405147131978,2.819000000000000000e+03
555.4160766561847,2.803000000000000000e+03
555.4916986616038,2.838000000000000000e+03
555.567260086001,2.839000000000000000e+03
555.6428216930904,2.856000000000000000e+03
555.7183828569865,2.839000000000000000e+03
555.7940062770506,2.845000000000000000e+03
555.8695671633445,2.855000000000000000e+03
555.9451294349751,2.869000000000000000e+03
556.0206899931026,2.909000000000000000e+03
556.0963125320252,2.876000000000000000e+03
556.1718746003635,2.904000000000000000e+03
556.2474361661959,2.915000000000000000e+03
556.3229975302373,2.890000000000000000e+03
556.3985586839551,2.907000000000000000e+03
556.474121786456,2.885000000000000000e+03
556.5497428952771,2.915000000000000000e+03
556.6253049329307,2.917000000000000000e+03
556.7008670368431,2.947000000000000000e+03
556.7764288887112,2.920000000000000000e+03
556.8519901698909,2.949000000000000000e+03
556.9275511817332,2.966000000000000000e+03
557.0031119156688,2.961000000000000000e+03
557.0787350511337,2.949000000000000000e+03
557.1542970830619,2.987000000000000000e+03
557.2298585018557,2.955000000000000000e+03
557.3054199198536,2.960000000000000000e+03
557.3809810180427,2.971000000000000000e+03
557.4565433416152,2.960000000000000000e+03
557.5321034639713,2.973000000000000000e+03
557.6076654170306,2.987000000000000000e+03
557.6832285719311,2.981000000000000000e+03
557.758789499279,2.999000000000000000e+03
557.8343497448333,2.998000000000000000e+03
557.9099117898252,3.010000000000000000e+03
557.9854734479619,3.009000000000000000e+03
558.0610343991784,3.039000000000000000e+03
558.136597126716,3.020000000000000000e+03
558.212159130897,3.003000000000000000e+03
558.2877188443963,3.029000000000000000e+03
558.3632818688957,3.037000000000000000e+03
558.4388425854064,3.042000000000000000e+03
558.514404727009,3.022000000000000000e+03
558.5899664144215,3.043000000000000000e+03
558.6655273268674,3.030000000000000000e+03
558.7410880798027,3.041000000000000000e+03
558.8166499139063,3.054000000000000000e+03
558.8922112599597,3.048000000000000000e+03
558.967713057182,3.063000000000000000e+03
559.0432733851013,3.081000000000000000e+03
559.1188350745749,3.065000000000000000e+03
559.1943962422328,3.077000000000000000e+03
559.2699587560661,3.106000000000000000e+03
559.3455204188144,3.093000000000000000e+03
559.4210818474133,3.110000000000000000e+03
559.4965813652148,3.118000000000000000e+03
559.5721432228186,3.108000000000000000e+03
559.6477045081621,3.116000000000000000e+03
559.7232670922535,3.131000000000000000e+03
559.7988272073811,3.107000000000000000e+03
559.8743904855485,3.142000000000000000e+03
559.9498901362008,3.132000000000000000e+03
560.0254518646021,3.157000000000000000e+03
560.101013283851,3.150000000000000000e+03
560.1765737578455,3.152000000000000000e+03
560.2520742676722,3.184000000000000000e+03
560.3276375176861,3.176000000000000000e+03
560.403197913604,3.169000000000000000e+03
560.4787595286434,3.189000000000000000e+03
560.5542610824292,3.208000000000000000e+03
560.6298210114372,3.191000000000000000e+03
560.7053824499653,3.222000000000000000e+03
560.7808837538506,3.211000000000000000e+03
560.8564453427125,3.238000000000000000e+03
560.9320065306349,3.234000000000000000e+03
561.0075071957364,3.248000000000000000e+03
561.083068484358,3.244000000000000000e+03
561.1586309213625,3.240000000000000000e+03
561.2341311877121,3.279000000000000000e+03
561.3096921017152,3.277000000000000000e+03
561.38525414016,3.264000000000000000e+03
561.4607536176175,3.284000000000000000e+03
561.5363159739327,3.309000000000000000e+03
561.611815719338,3.309000000000000000e+03
561.6873783611869,3.318000000000000000e+03
561.7629398798018,3.343000000000000000e+03
561.8384390275503,3.305000000000000000e+03
561.9140001503621,3.313000000000000000e+03
561.9895023263028,3.331000000000000000e+03
562.0650627048851,3.343000000000000000e+03
562.14056440411,3.339000000000000000e+03
562.216124320646,3.347000000000000000e+03
562.2916255096501,3.337000000000000000e+03
562.3671880931936,3.342000000000000000e+03
562.4426887392855,3.353000000000000000e+03
562.5182476319993,3.373000000000000000e+03
562.5937508658709,3.374000000000000000e+03
562.6693123627057,3.342000000000000000e+03
562.74481182221,3.381000000000000000e+03
562.8203758929451,3.378000000000000000e+03
562.8958747095527,3.380000000000000000e+03
562.9714349860473,3.395000000000000000e+03
563.0469362954447,3.382000000000000000e+03
563.122495911675,3.401000000000000000e+03
563.1979996843967,3.401000000000000000e+03
563.2735014976146,3.377000000000000000e+03
563.3490616404131,3.405000000000000000e+03
563.4245626960928,3.373000000000000000e+03
563.5001252712681,3.422000000000000000e+03
563.5756223602802,3.417000000000000000e+03
563.651123796897,3.404000000000000000e+03
563.7266867782757,3.418000000000000000e+03
563.8021841965968,3.420000000000000000e+03
563.8776859417937,3.444000000000000000e+03
563.9532460765673,3.445000000000000000e+03
564.028750113478,3.441000000000000000e+03
564.1042489134966,3.414000000000000000e+03
564.1798093070488,3.443000000000000000e+03
564.2553103495502,3.447000000000000000e+03
564.3308093096751,3.445000000000000000e+03
564.406309363184,3.496000000000000000e+03
564.4818710443967,3.464000000000000000e+03
564.5573732791687,3.509000000000000000e+03
564.6328733975147,3.488000000000000000e+03
564.7083745785875,3.507000000000000000e+03
564.7839342316926,3.502000000000000000e+03
564.8594343411578,3.535000000000000000e+03
564.9349354898865,3.553000000000000000e+03
565.0104344782485,3.537000000000000000e+03
565.0859376828606,3.540000000000000000e+03
565.1614993982859,3.539000000000000000e+03
565.2370014509892,3.545000000000000000e+03
565.3125013091181,3.530000000000000000e+03
565.3880021594653,3.542000000000000000e+03
565.4635007972533,3.579000000000000000e+03
565.539003609317,3.550000000000000000e+03
565.6145009933294,3.600000000000000000e+03
565.6900633380124,3.558000000000000000e+03
565.7655626510617,3.575000000000000000e+03
565.8410629091292,3.581000000000000000e+03
565.9165641049021,3.607000000000000000e+03
565.9920662310642,3.638000000000000000e+03
566.0675660759697,3.627000000000000000e+03
566.1430668349094,3.652000000000000000e+03
566.218565294519,3.695000000000000000e+03
566.2940678586797,3.694000000000000000e+03
566.3695681071296,3.715000000000000000e+03
566.4450692385612,3.707000000000000000e+03
566.5205680361734,3.728000000000000000e+03
566.5960709106712,3.712000000000000000e+03
566.6715682237672,3.753000000000000000e+03
566.7470728110585,3.751000000000000000e+03
566.8225718188038,3.741000000000000000e+03
566.8980716619694,3.754000000000000000e+03
566.9735723331842,3.748000000000000000e+03
567.0490738250725,3.747000000000000000e+03
567.124576130255,3.766000000000000000e+03
567.2000728070295,3.747000000000000000e+03
567.2755767149324,3.773000000000000000e+03
567.3510749762214,3.787000000000000000e+03
567.4265740178183,3.760000000000000000e+03
567.5020158617796,3.763000000000000000e+03
567.5775164263603,3.745000000000000000e+03
567.6530145267328,3.780000000000000000e+03
567.7285165992258,3.779000000000000000e+03
567.8040161909661,3.773000000000000000e+03
567.8795165168312,3.779000000000000000e+03
567.9550143436667,3.791000000000000000e+03
568.030454809503,3.765000000000000000e+03
568.1059572760166,3.784000000000000000e+03
568.1814572186239,3.783000000000000000e+03
568.2569578564685,3.759000000000000000e+03
568.3324591821038,3.792000000000000000e+03
568.4078998014397,3.803000000000000000e+03
568.4833960005236,3.783000000000000000e+03
568.5588993267824,3.798000000000000000e+03
568.6344000775514,3.818000000000000000e+03
568.7098400252225,3.790000000000000000e+03
568.7853420497555,3.783000000000000000e+03
568.8608382360627,3.816000000000000000e+03
568.9363415190523,3.802000000000000000e+03
569.0117774282729,3.817000000000000000e+03
569.0872819234564,3.844000000000000000e+03
569.1627805435954,3.822000000000000000e+03
569.2382214308882,3.810000000000000000e+03
569.3137212139475,3.842000000000000000e+03
569.3892215749459,3.824000000000000000e+03
569.4646608912675,3.816000000000000000e+03
569.540159125513,3.838000000000000000e+03
569.6156611580557,3.835000000000000000e+03
569.6910988288769,3.851000000000000000e+03
569.7666019324384,3.840000000000000000e+03
569.8420406248207,3.858000000000000000e+03
569.9175415212134,3.877000000000000000e+03
569.9929779552226,3.862000000000000000e+03
570.0684831086841,3.888000000000000000e+03
570.1439790128743,3.867000000000000000e+03
570.2194233829667,3.889000000000000000e+03
570.2949202456999,3.885000000000000000e+03
570.3703622784494,3.911000000000000000e+03
570.445860068619,3.922000000000000000e+03
570.5213029843966,3.907000000000000000e+03
570.5968016717245,3.943000000000000000e+03
570.6722421835592,3.955000000000000000e+03
570.7477417368721,3.939000000000000000e+03
570.8231798101211,3.971000000000000000e+03
570.8986801982124,3.964000000000000000e+03
570.9741190583125,3.962000000000000000e+03
571.0495615532302,4.000000000000000000e+03
571.1250598673524,3.986000000000000000e+03
571.2004998425258,4.016000000000000000e+03
571.2759989128315,3.995000000000000000e+03
571.3514395979222,4.027000000000000000e+03
571.4268806187823,4.015000000000000000e+03
571.502380758473,4.043000000000000000e+03
571.5778191764954,4.039000000000000000e+03
571.6533199952911,4.018000000000000000e+03
571.7287590443648,4.060000000000000000e+03
571.8041983893075,4.034000000000000000e+03
571.8797001612785,4.050000000000000000e+03
571.9551400914053,4.060000000000000000e+03
572.0305770222557,4.057000000000000000e+03
572.1060796776984,4.054000000000000000e+03
572.1815171452012,4.058000000000000000e+03
572.2569581356788,4.071000000000000000e+03
572.3323960927605,4.095000000000000000e+03
572.407896536331,4.087000000000000000e+03
572.4833382452001,4.087000000000000000e+03
572.5587768950401,4.090000000000000000e+03
572.6342157546687,4.111000000000000000e+03
572.7097171357055,4.096000000000000000e+03
572.7851564082451,4.104000000000000000e+03
572.860595867482,4.105000000000000000e+03
572.9360355057098,4.108000000000000000e+03
573.0114753152181,4.110000000000000000e+03
573.0869120040069,4.116000000000000000e+03
573.1624145499371,4.142000000000000000e+03
573.2378548425522,4.109000000000000000e+03
573.3132919886866,4.098000000000000000e+03
573.3887358412536,4.094000000000000000e+03
573.4641732432628,4.112000000000000000e+03
573.5396140502145,4.111000000000000000e+03
573.6150516762765,4.104000000000000000e+03
573.6904894023135,4.102000000000000000e+03
573.765930512647,4.101000000000000000e+03
573.841430982091,4.132000000000000000e+03
573.9168689788429,4.113000000000000000e+03
573.992307044541,4.108000000000000000e+03
574.0677484669548,4.128000000000000000e+03
574.143186648103,4.139000000000000000e+03
574.2186281721514,4.104000000000000000e+03
574.2940664376455,4.127000000000000000e+03
574.369504733205,4.095000000000000000e+03
574.4449463509113,4.106000000000000000e+03
574.5203846840986,4.125000000000000000e+03
574.5958263255775,4.122000000000000000e+03
574.6712646652065,4.138000000000000000e+03
574.7467062992555,4.119000000000000000e+03
574.8220818342194,4.119000000000000000e+03
574.8975201080523,4.143000000000000000e+03
574.972958349526,4.146000000000000000e+03
575.0484031644328,4.167000000000000000e+03
575.123841319456,4.159000000000000000e+03
575.1992794186443,4.135000000000000000e+03
575.2747207635744,4.151000000000000000e+03
575.3501587284561,4.143000000000000000e+03
575.4255966139904,4.174000000000000000e+03
575.5009781080917,4.155000000000000000e+03
575.5764191095092,4.187000000000000000e+03
575.6518566960136,4.195000000000000000e+03
575.7272974863798,4.190000000000000000e+03
575.802734844376,4.205000000000000000e+03
575.878112381472,4.202000000000000000e+03
575.9535527802104,4.212000000000000000e+03
576.0289897203602,4.211000000000000000e+03
576.1044298293617,4.225000000000000000e+03
576.1798100251303,4.241000000000000000e+03
576.2552497980854,4.259000000000000000e+03
576.3306893990058,4.238000000000000000e+03
576.406128819997,4.278000000000000000e+03
576.4815049102774,4.254000000000000000e+03
576.5569472553619,4.283000000000000000e+03
576.6323827484481,4.261000000000000000e+03
576.7077614876248,4.315000000000000000e+03
576.7832031849985,4.317000000000000000e+03
576.8586413290665,4.305000000000000000e+03
576.9340193243025,4.308000000000000000e+03
577.0094636329511,4.322000000000000000e+03
577.0848377582512,4.338000000000000000e+03
577.16027821416,4.311000000000000000e+03
577.2357184047618,4.306000000000000000e+03
577.3110949973668,4.347000000000000000e+03
577.386537950721,4.308000000000000000e+03
577.4619139242055,4.334000000000000000e+03
577.537352941864,4.354000000000000000e+03
577.6127949908184,4.359000000000000000e+03
577.6881733209865,4.393000000000000000e+03
577.7636080466142,4.384000000000000000e+03
577.8389923568332,4.403000000000000000e+03
577.9144297398194,4.361000000000000000e+03
577.9898066448662,4.399000000000000000e+03
578.0652466558962,4.380000000000000000e+03
578.1406261433702,4.383000000000000000e+03
578.2160052322953,4.383000000000000000e+03
578.2914441104416,4.391000000000000000e+03
578.3668223939513,4.380000000000000000e+03
578.4422604820693,4.394000000000000000e+03
578.5176379281295,4.407000000000000000e+03
578.5930785418759,4.406000000000000000e+03
578.6684551192922,4.392000000000000000e+03
578.7438345915076,4.393000000000000000e+03
578.8192739085011,4.403000000000000000e+03
578.8946558177184,4.394000000000000000e+03
578.9700305475527,4.428000000000000000e+03
579.0454684963836,4.404000000000000000e+03
579.1208523226036,4.391000000000000000e+03
579.1962255871266,4.400000000000000000e+03
579.2716688073882,4.400000000000000000e+03
579.3470477731651,4.406000000000000000e+03
579.422426215372,4.400000000000000000e+03
579.4978645731351,4.385000000000000000e+03
579.5732419597228,4.381000000000000000e+03
579.6486187985292,4.409000000000000000e+03
579.7239984422739,4.377000000000000000e+03
579.7994413956197,4.401000000000000000e+03
579.8748165609454,4.406000000000000000e+03
579.9501978729944,4.408000000000000000e+03
580.0255752360272,4.412000000000000000e+03
580.1009520044923,4.389000000000000000e+03
580.1763315363321,4.433000000000000000e+03
580.2517676967962,4.413000000000000000e+03
580.3271460173379,4.392000000000000000e+03
580.4025270812958,4.429000000000000000e+03
580.4779075136299,4.419000000000000000e+03
580.5532839357954,4.449000000000000000e+03
580.6286630796322,4.426000000000000000e+03
580.7040415674625,4.410000000000000000e+03
580.7794193911507,4.423000000000000000e+03
580.8548606471003,4.437000000000000000e+03
580.93023713472,4.440000000000000000e+03
581.0056129337681,4.441000000000000000e+03
581.0809947891954,4.406000000000000000e+03
581.1563725658202,4.446000000000000000e+03
581.2317496311581,4.437000000000000000e+03
581.3071293562248,4.446000000000000000e+03
581.3825049753692,4.482000000000000000e+03
581.4578866205884,4.460000000000000000e+03
581.5332675253469,4.471000000000000000e+03
581.6086442987792,4.448000000000000000e+03
581.6840203136338,4.469000000000000000e+03
581.759402330603,4.479000000000000000e+03
581.8347192551039,4.525000000000000000e+03
581.9100963181176,4.489000000000000000e+03
581.9854725915296,4.508000000000000000e+03
582.0608514550846,4.515000000000000000e+03
582.1362295143807,4.523000000000000000e+03
582.2116067612063,4.496000000000000000e+03
582.2869865779265,4.539000000000000000e+03
582.3623655674955,4.557000000000000000e+03
582.4376826596256,4.547000000000000000e+03
582.5130633476253,4.579000000000000000e+03
582.5884397914516,4.582000000000000000e+03
582.663815375205,4.569000000000000000e+03
582.7391968823445,4.575000000000000000e+03
582.8145741197121,4.586000000000000000e+03
582.8898961123252,4.593000000000000000e+03
582.9652715612834,4.593000000000000000e+03
583.040649510047,4.594000000000000000e+03
583.1160265527496,4.590000000000000000e+03
583.1913482631782,4.611000000000000000e+03
583.2667234548948,4.626000000000000000e+03
583.3421045215043,4.609000000000000000e+03
583.4174199810626,4.631000000000000000e+03
583.4927957467897,4.613000000000000000e+03
583.5681773696024,4.627000000000000000e+03
583.6434933121396,4.632000000000000000e+03
583.7188729925016,4.641000000000000000e+03
583.7942482893968,4.641000000000000000e+03
583.8695680563296,4.632000000000000000e+03
583.9449481799317,4.642000000000000000e+03
584.0202659107239,4.666000000000000000e+03
584.0956440132398,4.653000000000000000e+03
584.1710211006637,4.643000000000000000e+03
584.2463391362261,4.663000000000000000e+03
584.3217175678463,4.637000000000000000e+03
584.397036902774,4.649000000000000000e+03
584.4724098183955,4.654000000000000000e+03
584.547730422869,4.649000000000000000e+03
584.6231080391428,4.656000000000000000e+03
584.6984264672309,4.656000000000000000e+03
584.7738053399806,4.652000000000000000e+03
584.8491181386739,4.647000000000000000e+03
584.9244982380097,4.656000000000000000e+03
584.999819059336,4.637000000000000000e+03
585.075196935735,4.662000000000000000e+03
585.1505120634026,4.655000000000000000e+03
585.2258328842156,4.635000000000000000e+03
585.3012073559288,4.655000000000000000e+03
585.3765258594744,4.627000000000000000e+03
585.4519014529151,4.640000000000000000e+03
585.5272210349477,4.663000000000000000e+03
585.6025394236891,4.636000000000000000e+03
585.6779183540843,4.659000000000000000e+03
585.7532343469177,4.636000000000000000e+03
585.8285525531982,4.673000000000000000e+03
585.903931325335,4.652000000000000000e+03
585.9792470887818,4.651000000000000000e+03
586.0545650448402,4.657000000000000000e+03
586.129943590941,4.643000000000000000e+03
586.2052590571699,4.640000000000000000e+03
586.2805801323906,4.648000000000000000e+03
586.3558964990681,4.655000000000000000e+03
586.4312734874165,4.667000000000000000e+03
586.5065907402152,4.646000000000000000e+03
586.581910138055,4.646000000000000000e+03
586.6572282334675,4.665000000000000000e+03
586.7325450179966,4.674000000000000000e+03
586.8078604831817,4.657000000000000000e+03
586.8832400626194,4.692000000000000000e+03
586.9585563257202,4.688000000000000000e+03
587.0338746919296,4.681000000000000000e+03
587.1091917084522,4.688000000000000000e+03
587.1845073668081,4.662000000000000000e+03
587.2598251072543,4.693000000000000000e+03
587.3351414743306,4.700000000000000000e+03
587.4104599100556,4.699000000000000000e+03
587.4857769571927,4.709000000000000000e+03
587.561154748295,4.692000000000000000e+03
587.6364724618505,4.722000000000000000e+03
587.7117956711814,4.739000000000000000e+03
587.7871070984039,4.737000000000000000e+03
587.8624274619677,4.735000000000000000e+03
587.9377429344911,4.763000000000000000e+03
588.0130604199811,4.756000000000000000e+03
588.0883799125671,4.784000000000000000e+03
588.1636356784406,4.777000000000000000e+03
588.238955690508,4.775000000000000000e+03
588.3142673068548,4.769000000000000000e+03
588.3895878237362,4.823000000000000000e+03
588.4649033889435,4.782000000000000000e+03
588.5402209188585,4.827000000000000000e+03
588.6155404075857,4.830000000000000000e+03
588.690858383657,4.804000000000000000e+03
588.7661713720535,4.816000000000000000e+03
588.8414897635765,4.821000000000000000e+03
588.9167476586122,4.838000000000000000e+03
588.9920664224305,4.844000000000000000e+03
589.0673836342858,4.825000000000000000e+03
589.1426992855957,4.850000000000000000e+03
589.218016839552,4.865000000000000000e+03
589.2932737822392,4.856000000000000000e+03
589.3685916341684,4.852000000000000000e+03
589.4439113691725,4.862000000000000000e+03
589.5192260306546,4.836000000000000000e+03
589.5944834640918,4.911000000000000000e+03
589.6698018398133,4.874000000000000000e+03
589.7451151152937,4.831000000000000000e+03
589.8203745749156,4.864000000000000000e+03
589.8956915227002,4.834000000000000000e+03
589.9710103048042,4.918000000000000000e+03
590.0462647658838,4.882000000000000000e+03
590.1215802169737,4.864000000000000000e+03
590.1969009642476,4.857000000000000000e+03
590.2721573201462,4.873000000000000000e+03
590.3474712065699,4.873000000000000000e+03
590.4227276225253,4.853000000000000000e+03
590.4980485574569,4.869000000000000000e+03
590.5733642980202,4.888000000000000000e+03
590.6486190143539,4.894000000000000000e+03
590.7239382761438,4.868000000000000000e+03
590.7991929792477,4.895000000000000000e+03
590.8745122460406,4.845000000000000000e+03
590.949766906547,4.884000000000000000e+03
591.0250861489686,4.891000000000000000e+03
591.1003407374803,4.887000000000000000e+03
591.1756599261265,4.888000000000000000e+03
591.2509179089925,4.851000000000000000e+03
591.3262300219859,4.871000000000000000e+03
591.4014878748632,4.864000000000000000e+03
591.4767473940146,4.884000000000000000e+03
591.5520645628086,4.849000000000000000e+03
591.6273204101701,4.846000000000000000e+03
591.7026374211463,4.844000000000000000e+03
591.7778930647432,4.877000000000000000e+03
591.8531503390309,4.862000000000000000e+03
591.9284652986332,4.859000000000000000e+03
592.0037223256917,4.870000000000000000e+03
592.078980963471,4.853000000000000000e+03
592.1542973093693,4.861000000000000000e+03
592.2295556572795,4.875000000000000000e+03
592.3048120876588,4.850000000000000000e+03
592.3800630826099,4.889000000000000000e+03
592.4553858514331,4.845000000000000000e+03
592.5306400045375,4.880000000000000000e+03
592.605895718667,4.855000000000000000e+03
592.6811529877263,4.865000000000000000e+03
592.7564680232479,4.894000000000000000e+03
592.8317248836482,4.887000000000000000e+03
592.9069797635018,4.901000000000000000e+03
592.9822361703012,4.869000000000000000e+03
593.0574940979332,4.914000000000000000e+03
593.1327535402811,4.896000000000000000e+03
593.2080707945502,4.919000000000000000e+03
593.2833262225523,4.918000000000000000e+03
593.3585831433304,4.935000000000000000e+03
593.4338380291163,4.910000000000000000e+03
593.5090943936262,4.935000000000000000e+03
593.5843487072985,4.925000000000000000e+03
593.659608009946,4.919000000000000000e+03
593.7348652476825,4.964000000000000000e+03
593.8101204116787,4.942000000000000000e+03
593.8853734931009,4.964000000000000000e+03
593.9606350667892,4.961000000000000000e+03
594.0358874880162,4.978000000000000000e+03
594.1111448612946,4.964000000000000000e+03
594.1864036525659,4.978000000000000000e+03
594.261656792722,5.009000000000000000e+03
594.3369113349503,4.987000000000000000e+03
594.412170806332,4.991000000000000000e+03
594.4874246009118,4.970000000000000000e+03
594.5626833122808,4.987000000000000000e+03
594.6379398650504,5.001000000000000000e+03
594.713137660945,4.984000000000000000e+03
594.7883898555625,5.012000000000000000e+03
594.8636469421946,5.009000000000000000e+03
594.9389018382798,4.978000000000000000e+03
595.0141616157636,5.004000000000000000e+03
595.089419188496,5.016000000000000000e+03
595.1646107878064,5.011000000000000000e+03
595.2398674513149,5.027000000000000000e+03
595.3151254291543,5.016000000000000000e+03
595.3903847151016,5.028000000000000000e+03
595.4656382113445,5.001000000000000000e+03
595.5408327059386,5.029000000000000000e+03
595.6160887648438,5.037000000000000000e+03
595.6913461033438,5.037000000000000000e+03
595.766537277015,5.046000000000000000e+03
595.8417935886669,5.023000000000000000e+03
595.9170511593863,4.995000000000000000e+03
595.9922460456994,5.019000000000000000e+03
596.0675025466851,5.025000000000000000e+03
596.1427638400409,5.034000000000000000e+03
596.2179588270185,5.032000000000000000e+03
596.2932154538282,5.018000000000000000e+03
596.3684092805976,5.038000000000000000e+03
596.4436647633602,5.030000000000000000e+03
596.5189214496943,5.014000000000000000e+03
596.5941188261428,5.001000000000000000e+03
596.66937432537,5.029000000000000000e+03
596.7445669087822,5.036000000000000000e+03
596.8198211894645,5.030000000000000000e+03
596.8950196332996,5.037000000000000000e+03
596.970276230399,4.998000000000000000e+03
597.0454733846776,5.022000000000000000e+03
597.1207287065554,5.023000000000000000e+03
597.1959245406573,5.034000000000000000e+03
597.2711821240141,5.013000000000000000e+03
597.346376608188,4.994000000000000000e+03
597.4215686134714,4.979000000000000000e+03
597.4968295313251,5.003000000000000000e+03
597.5720201406484,5.025000000000000000e+03
597.6472761104219,5.019000000000000000e+03
597.7224724376053,4.989000000000000000e+03
597.7976698215576,4.972000000000000000e+03
597.8729290227747,4.981000000000000000e+03
597.9481177902557,5.005000000000000000e+03
598.0233111663857,4.982000000000000000e+03
598.0985055702889,4.991000000000000000e+03
598.1737618236143,4.982000000000000000e+03
598.2489618582954,4.994000000000000000e+03
598.3241593235456,4.994000000000000000e+03
598.3994115033879,5.009000000000000000e+03
598.474610980403,5.007000000000000000e+03
598.5498078643709,4.990000000000000000e+03
598.6250021462114,4.969000000000000000e+03
598.7001974012594,4.990000000000000000e+03
598.7754509882492,4.970000000000000000e+03
598.8506481849574,4.972000000000000000e+03
598.9258427485826,4.993000000000000000e+03
599.0010346700252,5.035000000000000000e+03
599.0762311180282,4.968000000000000000e+03
599.1514249092414,5.010000000000000000e+03
599.2266232160047,4.964000000000000000e+03
599.3018152597305,5.002000000000000000e+03
599.377015398708,5.010000000000000000e+03
599.4522092582096,5.007000000000000000e+03
599.5274004207358,4.997000000000000000e+03
599.6026571865846,4.992000000000000000e+03
599.6778573294381,4.997000000000000000e+03
599.75305475513,5.010000000000000000e+03
599.8281846916185,5.022000000000000000e+03
599.9033838370023,5.043000000000000000e+03
599.9785766416528,5.021000000000000000e+03
600.053770295001,5.049000000000000000e+03
600.1289683921447,5.042000000000000000e+03
600.2041637244379,5.042000000000000000e+03
600.2793526793631,5.033000000000000000e+03
600.3545532663233,5.068000000000000000e+03
600.4297438560275,5.047000000000000000e+03
600.5049460702534,5.050000000000000000e+03
600.5801418758335,5.048000000000000000e+03
600.6552771428559,5.038000000000000000e+03
600.7304709082258,5.069000000000000000e+03
600.8056618443525,5.048000000000000000e+03
600.8808607737748,5.062000000000000000e+03
600.9560532494999,5.068000000000000000e+03
601.0311922986062,5.086000000000000000e+03
601.1063862725979,5.056000000000000000e+03
601.1815809927549,5.112000000000000000e+03
601.2567764525755,5.103000000000000000e+03
601.3319147895378,5.085000000000000000e+03
601.4071044608863,5.096000000000000000e+03
601.4823020843723,5.098000000000000000e+03
601.5574316659164,5.089000000000000000e+03
601.6326270733168,5.104000000000000000e+03
601.7078304205318,5.092000000000000000e+03
601.7829620350541,5.087000000000000000e+03
601.8581486377003,5.098000000000000000e+03
601.933346783807,5.095000000000000000e+03
602.0084839921338,5.132000000000000000e+03
602.083676211499,5.098000000000000000e+03
602.1588146975101,5.096000000000000000e+03
602.2340082086174,5.104000000000000000e+03
602.3091406905852,5.119000000000000000e+03
602.3843354654153,5.115000000000000000e+03
602.4594691672044,5.126000000000000000e+03
602.5346651795211,5.108000000000000000e+03
602.6098000748738,5.106000000000000000e+03
602.6850009307062,5.095000000000000000e+03
602.7601297278479,5.097000000000000000e+03
602.835324501311,5.089000000000000000e+03
602.9104617030976,5.127000000000000000e+03
602.9856576324572,5.106000000000000000e+03
603.0607923111419,5.058000000000000000e+03
603.1359238900089,5.095000000000000000e+03
603.2111214938288,5.059000000000000000e+03
603.286257780958,5.078000000000000000e+03
603.3613873052992,5.092000000000000000e+03
603.4365865232959,5.073000000000000000e+03
603.5117170740094,5.080000000000000000e+03
603.5868590488889,5.062000000000000000e+03
603.662052534344,5.082000000000000000e+03
603.7371845673017,5.101000000000000000e+03
603.81231707505,5.098000000000000000e+03
603.887453697761,5.085000000000000000e+03
603.9626491471525,5.058000000000000000e+03
604.0377794072089,5.062000000000000000e+03
604.1129174127565,5.048000000000000000e+03
604.1880449104403,5.035000000000000000e+03
604.2631837934832,5.084000000000000000e+03
604.3383778903907,5.070000000000000000e+03
604.4135103343683,5.059000000000000000e+03
604.4886504996763,5.031000000000000000e+03
604.563783765211,5.046000000000000000e+03
604.638917430624,5.053000000000000000e+03
604.7140551460399,5.068000000000000000e+03
604.7891822767169,5.089000000000000000e+03
604.8643171008456,5.053000000000000000e+03
604.9394559576849,5.089000000000000000e+03
605.0145842015769,5.079000000000000000e+03
605.0897237856702,5.099000000000000000e+03
605.1648564002364,5.083000000000000000e+03
605.2399856962843,5.069000000000000000e+03
605.3151189925194,5.068000000000000000e+03
605.3902636149207,5.078000000000000000e+03
605.4653975696758,5.052000000000000000e+03
605.5405318422726,5.085000000000000000e+03
605.6156590905977,5.086000000000000000e+03
605.6907939769335,5.088000000000000000e+03
605.7659328305035,5.109000000000000000e+03
605.8410609655854,5.040000000000000000e+03
605.9162003953313,5.095000000000000000e+03
605.9913290876823,5.096000000000000000e+03
606.0664066228989,5.108000000000000000e+03
606.1415395042012,5.101000000000000000e+03
606.2166799910092,5.086000000000000000e+03
606.2918133784608,5.102000000000000000e+03
606.3669470079659,5.075000000000000000e+03
606.4420183515472,5.084000000000000000e+03
606.5171524294295,5.082000000000000000e+03
606.5922867291196,5.111000000000000000e+03
606.6674138829553,5.090000000000000000e+03
606.7424897023321,5.123000000000000000e+03
606.8176282927667,5.116000000000000000e+03
606.892763396603,5.144000000000000000e+03
606.967832374639,5.116000000000000000e+03
607.0429715162923,5.102000000000000000e+03
607.1181034623711,5.154000000000000000e+03
607.1931802717572,5.145000000000000000e+03
607.2683125290589,5.107000000000000000e+03
607.3433822314132,5.108000000000000000e+03
607.4185147709629,5.123000000000000000e+03
607.4936474492058,5.111000000000000000e+03
607.568728579775,5.159000000000000000e+03
607.6438651945415,5.114000000000000000e+03
607.7189354514061,5.137000000000000000e+03
607.7940648948955,5.120000000000000000e+03
607.8691390154966,5.150000000000000000e+03
607.9442760360965,5.126000000000000000e+03
608.0193503026833,5.127000000000000000e+03
608.0944763933102,5.146000000000000000e+03
608.1695544745533,5.124000000000000000e+03
608.2446288993489,5.140000000000000000e+03
608.3197588665847,5.127000000000000000e+03
608.3948370686987,5.137000000000000000e+03
608.4699671264611,5.136000000000000000e+03
608.5450453798318,5.114000000000000000e+03
608.6201162337966,5.152000000000000000e+03
608.6952500728952,5.139000000000000000e+03
608.7703283444799,5.140000000000000000e+03
608.8453991906096,5.077000000000000000e+03
608.9205330479303,5.131000000000000000e+03
608.9956038584991,5.137000000000000000e+03
609.0706746332155,5.107000000000000000e+03
609.1457490757923,5.125000000000000000e+03
609.2208828546053,5.124000000000000000e+03
609.2959572093966,5.113000000000000000e+03
609.3710315026567,5.130000000000000000e+03
609.4461020132543,5.124000000000000000e+03
609.5211761618758,5.106000000000000000e+03
609.596313401595,5.149000000000000000e+03
609.6713911114757,5.094000000000000000e+03
609.7464575734725,5.105000000000000000e+03
609.8215313665582,5.096000000000000000e+03
609.8966087695813,5.082000000000000000e+03
609.9716823370709,5.118000000000000000e+03
610.0467520593664,5.121000000000000000e+03
610.1218253717766,5.104000000000000000e+03
610.1969022701301,5.098000000000000000e+03
610.2719715772956,5.101000000000000000e+03
610.3470481817901,5.102000000000000000e+03
610.4221171775756,5.087000000000000000e+03
610.497197187561,5.110000000000000000e+03
610.57226584515,5.081000000000000000e+03
610.6473343218574,5.113000000000000000e+03
610.7224138001953,5.095000000000000000e+03
610.797485627792,5.120000000000000000e+03
610.8725535238477,5.105000000000000000e+03
610.9476324089377,5.072000000000000000e+03
611.0227036169238,5.110000000000000000e+03
611.0977746041515,5.088000000000000000e+03
611.1727930691471,5.109000000000000000e+03
611.2478635811165,5.077000000000000000e+03
611.322933851425,5.098000000000000000e+03
611.3980076111742,5.129000000000000000e+03
611.4730885951344,5.104000000000000000e+03
611.5480945237883,5.094000000000000000e+03
611.6231674865746,5.114000000000000000e+03
611.6982401746329,5.104000000000000000e+03
611.7733125809731,5.101000000000000000e+03
611.8483322884233,5.119000000000000000e+03
611.9234040974807,5.087000000000000000e+03
611.9984756038272,5.118000000000000000e+03
612.0734868590204,5.112000000000000000e+03
612.1485577242255,5.093000000000000000e+03
612.2236320138743,5.113000000000000000e+03
612.29864223997,5.072000000000000000e+03
612.3737158491524,5.094000000000000000e+03
612.4487891153859,5.099000000000000000e+03
612.5238057538297,5.129000000000000000e+03
612.5988820520686,5.095000000000000000e+03
612.6738904216345,5.103000000000000000e+03
612.7489659718954,5.117000000000000000e+03
612.823973546304,5.108000000000000000e+03
612.8990483204313,5.128000000000000000e+03
612.9740588288777,5.084000000000000000e+03
613.0491327996091,5.117000000000000000e+03
613.1241424592772,5.105000000000000000e+03
613.1992155984035,5.128000000000000000e+03
613.2742356642218,5.131000000000000000e+03
613.3493004223218,5.148000000000000000e+03
613.4243195893181,5.125000000000000000e+03
613.4993307631479,5.131000000000000000e+03
613.5744016964444,5.149000000000000000e+03
613.649411925334,5.129000000000000000e+03
613.7244216637683,5.151000000000000000e+03
613.7994949521243,5.138000000000000000e+03
613.8745150092991,5.131000000000000000e+03
613.9495232522579,5.154000000000000000e+03
614.0245988411093,5.119000000000000000e+03
614.0996098270987,5.106000000000000000e+03
614.1746165098081,5.143000000000000000e+03
614.249637744498,5.149000000000000000e+03
614.3247112746017,5.174000000000000000e+03
614.3997201107526,5.138000000000000000e+03
614.4747283872863,5.143000000000000000e+03
614.5497436505112,5.143000000000000000e+03
614.6247545659288,5.155000000000000000e+03
614.6997724593214,5.151000000000000000e+03
614.7748464623442,5.138000000000000000e+03
614.849851856068,5.147000000000000000e+03
614.9248717727137,5.124000000000000000e+03
614.9998797404727,5.147000000000000000e+03
615.074887093413,5.127000000000000000e+03
615.1499013925762,5.121000000000000000e+03
615.2249112812997,5.129000000000000000e+03
615.2999281074821,5.104000000000000000e+03
615.37494429578,5.123000000000000000e+03
615.4499484756757,5.124000000000000000e+03
615.5249671526651,5.148000000000000000e+03
615.5999700135978,5.154000000000000000e+03
615.674987364677,5.125000000000000000e+03
615.7500040438919,5.130000000000000000e+03
615.8250086668538,5.111000000000000000e+03
615.9000239780391,5.154000000000000000e+03
615.9750385958242,5.139000000000000000e+03
616.0499879950269,5.111000000000000000e+03
616.125001188739,5.127000000000000000e+03
616.2000136674831,5.104000000000000000e+03
616.2750254240636,5.116000000000000000e+03
616.3500402501554,5.088000000000000000e+03
616.424989744965,5.119000000000000000e+03
616.4999992779765,5.122000000000000000e+03
616.5750118616551,5.126000000000000000e+03
616.6500236889908,5.109000000000000000e+03
616.7249700933148,5.110000000000000000e+03
616.7999917838531,5.096000000000000000e+03
616.8750012859002,5.103000000000000000e+03
616.9500138089951,5.093000000000000000e+03
617.0249684335095,5.083000000000000000e+03
617.0999755461561,5.122000000000000000e+03
617.1749323342385,5.089000000000000000e+03
617.2499416237376,5.084000000000000000e+03
617.3249500936826,5.073000000000000000e+03
617.3999005594274,5.102000000000000000e+03
617.4749187928894,5.097000000000000000e+03
617.5498713580679,5.068000000000000000e+03
617.6248764532221,5.106000000000000000e+03
617.6998272751239,5.091000000000000000e+03
617.774842087781,5.082000000000000000e+03
617.8497949575078,5.090000000000000000e+03
617.9248080184943,5.086000000000000000e+03
617.9997552731191,5.092000000000000000e+03
618.0747703725801,5.111000000000000000e+03
618.1497196214651,5.103000000000000000e+03
618.2247329138257,5.083000000000000000e+03
618.2996803095217,5.112000000000000000e+03
618.3746344075533,5.081000000000000000e+03
618.4496449285776,5.099000000000000000e+03
618.5246009609511,5.083000000000000000e+03
618.5996134313992,5.105000000000000000e+03
618.6745560641473,5.127000000000000000e+03
618.7495092005038,5.070000000000000000e+03
618.8244613531926,5.095000000000000000e+03
618.8994699703757,5.089000000000000000e+03
618.9744239789885,5.097000000000000000e+03
619.0493731516125,5.079000000000000000e+03
619.1243251444364,5.077000000000000000e+03
619.1993412981616,5.122000000000000000e+03
619.2742912625894,5.058000000000000000e+03
619.3492401939288,5.065000000000000000e+03
619.4241957585679,5.066000000000000000e+03
619.49914644136,5.090000000000000000e+03
619.574092232174,5.092000000000000000e+03
619.6491060742194,5.094000000000000000e+03
619.7240612712098,5.084000000000000000e+03
619.7990153966044,5.115000000000000000e+03
619.8739607581703,5.088000000000000000e+03
619.9489127164364,5.117000000000000000e+03
620.0238674253178,5.096000000000000000e+03
620.0988171897836,5.089000000000000000e+03
620.1737696919839,5.128000000000000000e+03
620.2487210802482,5.089000000000000000e+03
620.3236713471981,5.108000000000000000e+03
620.3986204854525,5.078000000000000000e+03
620.4735684876265,5.097000000000000000e+03
620.5485268987461,5.120000000000000000e+03
620.6234726093822,5.062000000000000000e+03
620.6983632244552,5.107000000000000000e+03
620.7733181589438,5.068000000000000000e+03
620.8482642169087,5.108000000000000000e+03
620.9232206626439,5.119000000000000000e+03
620.9981720715697,5.085000000000000000e+03
621.0731261481193,5.073000000000000000e+03
621.1480095809419,5.072000000000000000e+03
621.2229612428204,5.083000000000000000e+03
621.297911694613,5.073000000000000000e+03
621.3728609288961,5.070000000000000000e+03
621.4477548706138,5.076000000000000000e+03
621.5227016345505,5.089000000000000000e+03
621.5976587501937,5.099000000000000000e+03
621.6726030298828,5.091000000000000000e+03
621.7474919350946,5.077000000000000000e+03
621.8224452848259,5.097000000000000000e+03
621.8974012381406,5.072000000000000000e+03
621.9722862889673,5.059000000000000000e+03
622.0472396789139,5.069000000000000000e+03
622.1221337289863,5.082000000000000000e+03
622.1970845285309,5.059000000000000000e+03
622.2719759453078,5.055000000000000000e+03
622.3469241245926,5.057000000000000000e+03
622.4218128781972,5.063000000000000000e+03
622.4967622823602,5.064000000000000000e+03
622.5716599716851,5.074000000000000000e+03
622.6466028245032,5.089000000000000000e+03
622.7215016770383,5.087000000000000000e+03
622.7964418235973,5.056000000000000000e+03
622.871337934366,5.072000000000000000e+03
622.9462869865647,5.066000000000000000e+03
623.0211803283856,5.075000000000000000e+03
623.0960722679492,5.058000000000000000e+03
623.171021049062,5.066000000000000000e+03
623.2459101755901,5.048000000000000000e+03
623.3208017626214,5.068000000000000000e+03
623.395754098775,5.048000000000000000e+03
623.4706428323591,5.048000000000000000e+03
623.5455262323782,5.033000000000000000e+03
623.620478179971,5.061000000000000000e+03
623.6953742393713,5.080000000000000000e+03
623.770264945422,5.039000000000000000e+03
623.8451580714401,5.063000000000000000e+03
623.9200497199279,5.027000000000000000e+03
623.9949943951041,5.060000000000000000e+03
624.0698830789871,5.063000000000000000e+03
624.1447780538391,5.065000000000000000e+03
624.2196676282117,5.046000000000000000e+03
624.294551791745,5.054000000000000000e+03
624.3694461275634,5.073000000000000000e+03
624.4443389386003,5.073000000000000000e+03
624.5192302172907,5.032000000000000000e+03
624.594119956067,5.014000000000000000e+03
624.6690081473579,5.051000000000000000e+03
624.7438986866382,5.049000000000000000e+03
624.8187876651521,5.029000000000000000e+03
624.8936828851607,5.046000000000000000e+03
624.9685648154103,5.033000000000000000e+03
625.0434607874414,5.021000000000000000e+03
625.118343450791,5.057000000000000000e+03
625.1932323327678,5.026000000000000000e+03
625.2681235217902,5.041000000000000000e+03
625.3430131025287,5.053000000000000000e+03
625.4179088903309,5.029000000000000000e+03
625.4927952335612,5.012000000000000000e+03
625.5676916857351,5.035000000000000000e+03
625.6425199619503,5.013000000000000000e+03
625.7174131243843,5.024000000000000000e+03
625.7922928900053,5.052000000000000000e+03
625.8671827453387,5.037000000000000000e+03
625.9420160846083,5.020000000000000000e+03
626.0169025920226,5.040000000000000000e+03
626.0917991803195,5.037000000000000000e+03
626.1666862460672,5.030000000000000000e+03
626.2415206363681,5.035000000000000000e+03
626.3164042977897,5.003000000000000000e+03
626.3912940989977,5.048000000000000000e+03
626.4661272443966,5.026000000000000000e+03
626.5410175274903,4.991000000000000000e+03
626.615847188603,5.015000000000000000e+03
626.690730072822,5.013000000000000000e+03
626.7656269283852,5.000000000000000000e+03
626.840451314513,5.007000000000000000e+03
626.9153446610744,5.027000000000000000e+03
626.9901772825715,4.995000000000000000e+03
627.0650670922585,5.019000000000000000e+03
627.139896133363,5.032000000000000000e+03
627.2147823754598,5.012000000000000000e+03
627.2896117403598,5.047000000000000000e+03
627.3644353471379,4.999000000000000000e+03
627.439327984495,4.995000000000000000e+03
627.5141636877709,5.001000000000000000e+03
627.5890526928466,4.997000000000000000e+03
627.663880782514,5.010000000000000000e+03
627.7387109557335,4.981000000000000000e+03
627.8135983885963,5.003000000000000000e+03
627.888432727397,4.991000000000000000e+03
627.9632573049314,4.982000000000000000e+03
628.0380918294328,5.029000000000000000e+03
628.112979699485,4.991000000000000000e+03
628.1878104532764,5.017000000000000000e+03
628.2626393035407,4.999000000000000000e+03
628.3374662425448,5.026000000000000000e+03
628.4123504978592,4.992000000000000000e+03
628.4871815051602,5.003000000000000000e+03
628.5620145326476,4.989000000000000000e+03
628.63683771987,4.986000000000000000e+03
628.7116668645676,4.988000000000000000e+03
628.7864940571845,5.014000000000000000e+03
628.861331153962,4.956000000000000000e+03
628.936154421971,4.957000000000000000e+03
629.0110469324966,4.968000000000000000e+03
629.0858781314407,4.965000000000000000e+03
629.1607073451441,4.990000000000000000e+03
629.2355385252092,4.981000000000000000e+03
629.3103637460557,4.978000000000000000e+03
629.3851909195948,5.003000000000000000e+03
629.4599566456909,5.015000000000000000e+03
629.5347876946724,4.970000000000000000e+03
629.6096206814701,4.964000000000000000e+03
629.6844476710704,4.972000000000000000e+03
629.7592765847875,4.961000000000000000e+03
629.8341034507418,4.974000000000000000e+03
629.9089361968385,4.963000000000000000e+03
629.9837668833397,4.971000000000000000e+03
630.0585319866323,4.994000000000000000e+03
630.1333585154333,4.967000000000000000e+03
630.2081869328323,4.966000000000000000e+03
630.2830212064096,4.987000000000000000e+03
630.357845439965,4.979000000000000000e+03
630.4326198754851,4.985000000000000000e+03
630.5074438560955,4.981000000000000000e+03
630.5822696946797,5.012000000000000000e+03
630.6570417042689,4.984000000000000000e+03
630.731875208807,5.005000000000000000e+03
630.8066986206805,4.971000000000000000e+03
630.8814721252387,5.003000000000000000e+03
630.9562952071166,4.969000000000000000e+03
631.0310643632178,4.973000000000000000e+03
631.105891071369,4.976000000000000000e+03
631.180727559518,4.979000000000000000e+03
631.2554901467649,4.977000000000000000e+03
631.3303222623172,4.974000000000000000e+03
631.405096374139,5.005000000000000000e+03
631.4799240894147,5.005000000000000000e+03
631.5546897701579,5.003000000000000000e+03
631.6295170422857,4.995000000000000000e+03
631.7042902186802,4.986000000000000000e+03
631.7790531605395,5.002000000000000000e+03
631.8538817097726,4.982000000000000000e+03
631.92864811987,4.982000000000000000e+03
632.0034761631966,4.975000000000000000e+03
632.0782500155915,4.961000000000000000e+03
632.1530135902073,4.972000000000000000e+03
632.2278428187498,4.997000000000000000e+03
632.302613801501,4.985000000000000000e+03
632.3773784779866,4.988000000000000000e+03
632.4521448373721,4.950000000000000000e+03
632.5269768890333,4.972000000000000000e+03
632.6017506159666,4.956000000000000000e+03
632.676510001269,4.968000000000000000e+03
632.7512790509523,4.975000000000000000e+03
632.8260537609164,4.997000000000000000e+03
632.9008781908929,4.953000000000000000e+03
632.9756481987458,4.958000000000000000e+03
633.0504118299601,4.964000000000000000e+03
633.1251770907054,4.959000000000000000e+03
633.1999560041435,4.960000000000000000e+03
633.2747205011095,4.958000000000000000e+03
633.3494906217101,4.999000000000000000e+03
633.424254326886,4.948000000000000000e+03
633.4990196322598,4.956000000000000000e+03
633.5737865327139,4.964000000000000000e+03
633.648563053338,4.946000000000000000e+03
633.7233250983792,4.938000000000000000e+03
633.7980967533418,4.920000000000000000e+03
633.8728659649396,4.957000000000000000e+03
633.9476287063017,4.963000000000000000e+03
634.0223970261379,4.956000000000000000e+03
634.0971669013632,4.947000000000000000e+03
634.1719383268377,4.929000000000000000e+03
634.2466469344034,4.909000000000000000e+03
634.3214133824966,4.971000000000000000e+03
634.3961773370226,4.940000000000000000e+03
634.4709508665852,4.930000000000000000e+03
634.5457098128275,4.936000000000000000e+03
634.6204179123285,4.942000000000000000e+03
634.6951838891794,4.922000000000000000e+03
634.7699594261242,4.944000000000000000e+03
634.8446639181344,4.936000000000000000e+03
634.9194303392767,4.958000000000000000e+03
634.9941982444507,4.917000000000000000e+03
635.0689071315994,4.899000000000000000e+03
635.1436779750669,4.925000000000000000e+03
635.2184422169859,4.921000000000000000e+03
635.2931514147849,4.929000000000000000e+03
635.3679185572572,4.930000000000000000e+03
635.4426225428958,4.905000000000000000e+03
635.5173966020865,4.903000000000000000e+03
635.5920953462391,4.930000000000000000e+03
635.6668641820465,4.902000000000000000e+03
635.7415738192077,4.936000000000000000e+03
635.8163454884761,4.930000000000000000e+03
635.8910498330289,4.895000000000000000e+03
635.965820268507,4.948000000000000000e+03
636.040527380104,4.905000000000000000e+03
636.1152925097643,4.931000000000000000e+03
636.1900064130152,4.901000000000000000e+03
636.264705482508,4.913000000000000000e+03
636.3394747364619,4.914000000000000000e+03
636.4141805605591,4.938000000000000000e+03
636.4888958251801,4.895000000000000000e+03
636.5636569999903,4.902000000000000000e+03
636.638366837131,4.913000000000000000e+03
636.713077996721,4.915000000000000000e+03
636.7877823635431,4.901000000000000000e+03
636.8624839825806,4.935000000000000000e+03
636.9372558697529,4.903000000000000000e+03
637.0119641595608,4.889000000000000000e+03
637.0866696829735,4.891000000000000000e+03
637.1613724318777,4.868000000000000000e+03
637.2360845802513,4.857000000000000000e+03
637.3107939435926,4.840000000000000000e+03
637.3855005137792,4.870000000000000000e+03
637.4602652360181,4.909000000000000000e+03
637.5349702743098,4.896000000000000000e+03
637.609680627888,4.933000000000000000e+03
637.684388161506,4.921000000000000000e+03
637.7590928670257,4.956000000000000000e+03
637.8338028729448,4.916000000000000000e+03
637.9085059690191,4.936000000000000000e+03
637.9832143549187,4.896000000000000000e+03
638.0578588181736,4.917000000000000000e+03
638.1325736880859,4.922000000000000000e+03
638.2072734731871,4.922000000000000000e+03
638.2819826009681,4.918000000000000000e+03
638.3566888468711,4.935000000000000000e+03
638.4313922027295,4.934000000000000000e+03
638.5061048910752,4.941000000000000000e+03
638.5807535109456,4.927000000000000000e+03
638.6554603754779,4.920000000000000000e+03
638.7301643229926,4.927000000000000000e+03
638.8048735067408,4.956000000000000000e+03
638.8795144541899,4.931000000000000000e+03
638.9542177553427,4.952000000000000000e+03
639.0289344448668,4.945000000000000000e+03
639.1035746662708,4.944000000000000000e+03
639.1782854374011,4.901000000000000000e+03
639.2529891591856,4.959000000000000000e+03
639.3276367717727,4.933000000000000000e+03
639.4023467919625,4.917000000000000000e+03
639.4770538284506,4.945000000000000000e+03
639.5516924287989,4.934000000000000000e+03
639.6264057316112,4.953000000000000000e+03
639.7010464648362,4.965000000000000000e+03
639.7757578310734,4.937000000000000000e+03
639.8504047688706,4.926000000000000000e+03
639.9251059831907,4.937000000000000000e+03
639.9997591060155,4.926000000000000000e+03
640.0744050670974,4.943000000000000000e+03
640.1491135197724,4.955000000000000000e+03
640.2237574368812,4.918000000000000000e+03
640.2984556619596,4.940000000000000000e+03
640.3731057074891,4.931000000000000000e+03
640.4477526527309,4.919000000000000000e+03
640.5224621324655,4.910000000000000000e+03
640.5971028676591,4.930000000000000000e+03
640.671752791596,4.898000000000000000e+03
640.7463954823808,4.938000000000000000e+03
640.8211089526874,4.953000000000000000e+03
640.895749484344,4.912000000000000000e+03
640.9703950804545,4.893000000000000000e+03
641.0450416290943,4.920000000000000000e+03
641.1197548903732,4.907000000000000000e+03
641.1943910092469,4.902000000000000000e+03
641.2690403954497,4.927000000000000000e+03
641.3436948257445,4.914000000000000000e+03
641.418333726709,4.922000000000000000e+03
641.4929817722232,4.887000000000000000e+03
641.567626614336,4.929000000000000000e+03
641.6422723617926,4.887000000000000000e+03
641.7169231271671,4.900000000000000000e+03
641.7915706699706,4.902000000000000000e+03
641.8662149818913,4.909000000000000000e+03
641.9408560546143,4.908000000000000000e+03
642.0155062453381,4.915000000000000000e+03
642.0901531859752,4.920000000000000000e+03
642.1647968682013,4.900000000000000000e+03
642.239437283689,4.885000000000000000e+03
642.3140868011292,4.897000000000000000e+03
642.3887289142871,4.909000000000000000e+03
642.4633223360346,4.893000000000000000e+03
642.5379619830452,4.891000000000000000e+03
642.6126107159151,4.886000000000000000e+03
642.6872561435255,4.912000000000000000e+03
642.7619065203844,4.894000000000000000e+03
642.8364833285272,4.910000000000000000e+03
642.9111311778188,4.893000000000000000e+03
642.985783962808,4.926000000000000000e+03
643.0603631108244,4.899000000000000000e+03
643.135009196252,4.908000000000000000e+03
643.209656064696,4.870000000000000000e+03
643.2842457766144,4.913000000000000000e+03
643.3588859029596,4.874000000000000000e+03
643.4335309320675,4.871000000000000000e+03
643.5081228869376,4.907000000000000000e+03
643.5827611323161,4.902000000000000000e+03
643.6573504065863,4.932000000000000000e+03
643.7319942673752,4.917000000000000000e+03
643.8065766902959,4.910000000000000000e+03
643.8812220015031,4.918000000000000000e+03
643.9558099817795,4.938000000000000000e+03
644.0304608700544,4.904000000000000000e+03
644.1050419452306,4.913000000000000000e+03
644.1796278469061,4.940000000000000000e+03
644.2542725306924,4.923000000000000000e+03
644.3288597867236,4.931000000000000000e+03
644.4034393997881,4.930000000000000000e+03
644.478081968412,4.897000000000000000e+03
644.5526753593308,4.917000000000000000e+03
644.627252775928,4.930000000000000000e+03
644.7019014856205,4.911000000000000000e+03
644.7764926535398,4.939000000000000000e+03
644.8510719753529,4.936000000000000000e+03
644.9256560740118,4.927000000000000000e+03
645.0003031903943,4.943000000000000000e+03
645.0748926869838,4.955000000000000000e+03
645.1494703017615,4.976000000000000000e+03
645.2240651624862,4.938000000000000000e+03
645.2986439623119,4.947000000000000000e+03
645.3732358395787,4.964000000000000000e+03
645.4478199672328,4.941000000000000000e+03
645.5224005009125,4.967000000000000000e+03
645.596981600104,4.979000000000000000e+03
645.6715674281425,4.952000000000000000e+03
645.7461496425705,4.943000000000000000e+03
645.8207407474433,4.967000000000000000e+03
645.895328227528,4.972000000000000000e+03
645.9699120743411,4.972000000000000000e+03
646.0444922793964,4.949000000000000000e+03
646.1190771836012,4.970000000000000000e+03
646.1936626085833,4.986000000000000000e+03
646.2682443721119,4.964000000000000000e+03
646.3428308208696,5.018000000000000000e+03
646.4174177735846,4.980000000000000000e+03
646.4919383523458,5.014000000000000000e+03
646.5665262807054,4.980000000000000000e+03
646.6411146961769,4.990000000000000000e+03
646.7156952283162,4.988000000000000000e+03
646.7902260319503,4.997000000000000000e+03
646.864811675247,4.993000000000000000e+03
646.9393935959221,5.021000000000000000e+03
647.0139131776634,5.019000000000000000e+03
647.0885001757083,5.037000000000000000e+03
647.1630834313339,5.055000000000000000e+03
647.2376126660181,5.045000000000000000e+03
647.3121967798731,5.036000000000000000e+03
647.3867813206517,5.047000000000000000e+03
647.4613034017796,5.026000000000000000e+03
647.5358887649725,5.075000000000000000e+03
647.6104116282444,5.025000000000000000e+03
647.6849935962756,5.048000000000000000e+03
647.7595214140151,5.056000000000000000e+03
647.8341041572728,5.059000000000000000e+03
647.9086327137967,5.016000000000000000e+03
647.9831490284671,5.068000000000000000e+03
648.0577370826742,5.091000000000000000e+03
648.1322666966365,5.064000000000000000e+03
648.2068428671124,5.076000000000000000e+03
648.281368958504,5.081000000000000000e+03
648.3558953741831,5.088000000000000000e+03
648.4304851777703,5.093000000000000000e+03
648.5050080338709,5.077000000000000000e+03
648.5795311952579,5.071000000000000000e+03
648.6540546562356,5.092000000000000000e+03
648.7286415384275,5.107000000000000000e+03
648.8031613865388,5.088000000000000000e+03
648.877689936051,5.105000000000000000e+03
648.9522145528916,5.097000000000000000e+03
649.0267310160931,5.120000000000000000e+03
649.1013193673095,5.116000000000000000e+03
649.175844792816,5.138000000000000000e+03
649.250366256996,5.112000000000000000e+03
649.3248921836831,5.133000000000000000e+03
649.3994141356663,5.139000000000000000e+03
649.4739363224811,5.125000000000000000e+03
649.5484629575313,5.125000000000000000e+03
649.6229855977908,5.129000000000000000e+03
649.6975042346218,5.135000000000000000e+03
649.7720315254938,5.145000000000000000e+03
649.8465548014631,5.143000000000000000e+03
649.921082501831,5.153000000000000000e+03
649.9956103988171,5.204000000000000000e+03
650.0700708720927,5.215000000000000000e+03
650.1445906758098,5.168000000000000000e+03
650.2191148828695,5.184000000000000000e+03
650.2936392616062,5.186000000000000000e+03
650.3681680360504,5.168000000000000000e+03
650.4426927418366,5.209000000000000000e+03
650.5171541261292,5.191000000000000000e+03
650.5916706550105,5.202000000000000000e+03
650.6661957902058,5.191000000000000000e+03
650.740666012245,5.207000000000000000e+03
650.815182932034,5.224000000000000000e+03
650.8897084466328,5.262000000000000000e+03
650.964178992923,5.231000000000000000e+03
651.0386962516251,5.226000000000000000e+03
651.1132178541268,5.257000000000000000e+03
651.1876886716447,5.251000000000000000e+03
651.2622019747984,5.270000000000000000e+03
651.3366644542174,5.263000000000000000e+03
651.4111948833951,5.284000000000000000e+03
651.4856574843718,5.261000000000000000e+03
651.5601838092566,5.315000000000000000e+03
651.6346380150544,5.267000000000000000e+03
651.7091644528816,5.318000000000000000e+03
651.7836357198714,5.302000000000000000e+03
651.8581537529072,5.297000000000000000e+03
651.9326165743445,5.322000000000000000e+03
652.0070751540826,5.340000000000000000e+03
652.0816017691477,5.366000000000000000e+03
652.156064615008,5.365000000000000000e+03
652.2305317068713,5.361000000000000000e+03
652.3049860217482,5.363000000000000000e+03
652.3795211768377,5.384000000000000000e+03
652.4539797141078,5.395000000000000000e+03
652.5284424759848,5.380000000000000000e+03
652.6029009417302,5.401000000000000000e+03
652.6774317803844,5.434000000000000000e+03
652.7518944276276,5.411000000000000000e+03
652.8263527582819,5.464000000000000000e+03
652.900819551962,5.457000000000000000e+03
652.9752820173449,5.448000000000000000e+03
653.0497486751349,5.481000000000000000e+03
653.1242024595398,5.506000000000000000e+03
653.198673222737,5.478000000000000000e+03
653.2731310969292,5.499000000000000000e+03
653.3475931420147,5.530000000000000000e+03
653.4220636246453,5.535000000000000000e+03
653.4965169213231,5.535000000000000000e+03
653.570978643795,5.524000000000000000e+03
653.6454487920213,5.511000000000000000e+03
653.7199145454692,5.548000000000000000e+03
653.7943758953342,5.548000000000000000e+03
653.8688328328077,5.541000000000000000e+03
653.9432939019151,5.583000000000000000e+03
653.9927330350457,5.601431708997984970e+03
654.0177034935903,5.579000000000000000e+03
654.0673848929049,5.610047402683545442e+03
654.0921599692895,5.608000000000000000e+03
654.1419639360352,5.606970369224416572e+03
654.1666291205352,5.618000000000000000e+03
654.2166156285444,5.621740129828234785e+03
654.2410895486252,5.642000000000000000e+03
654.2911987423258,5.617432282985454549e+03
654.3658416830104,5.613124436142674313e+03
654.4404288467964,5.622970943211886151e+03
654.5150758549863,5.620509316444583419e+03
654.5897184695584,5.613124436142674313e+03
654.664305251433,5.654356684494999172e+03
654.7389476142009,5.637740703815704364e+03
654.8135383948625,5.645740990809438699e+03
654.888184771955,5.672818885249772393e+03
654.9627666643294,5.657433717954128042e+03
655.0373526739268,5.677126732092552629e+03
655.1119985900768,5.698665966306453811e+03
655.1865885451579,5.693127306080021299e+03
655.2612255432555,5.682665392318984232e+03
655.3358194230502,5.714666540293923390e+03
655.4104603574718,5.699896779690105177e+03
655.4850452543039,5.704204626532885413e+03
655.5596986994234,5.717128167061226122e+03
655.634274582699,5.716512760369399984e+03
655.7088674352764,5.748513908344339143e+03
655.7835073665872,5.734359554432347068e+03
655.8580911670134,5.726359267438612733e+03
655.9327392618014,5.753437161878945517e+03
656.0073268888157,5.773745582709195332e+03
656.0819099586474,5.766976109099111454e+03
656.1565530436084,5.752821755187119379e+03
656.2311355998527,5.808208357451437223e+03
656.3057308056235,5.800208070457701979e+03
656.3803688222278,5.794669410231270376e+03
656.454954867795,5.803285103916830849e+03
656.5295449351327,5.819901084596126566e+03
656.6041821341065,5.835901658583596145e+03
656.6787759333997,5.829132184973512267e+03
656.7533564903902,5.838978692042725015e+03
656.8279410471957,5.863594959715755067e+03
656.9025856984958,5.864210366407580295e+03
656.9771696261503,5.852517639262890953e+03
657.0517532233856,5.890672854156087851e+03
657.1264055746188,5.886365007313307615e+03
657.2009928278474,5.875903093552269638e+03
657.2755710944062,5.902365581300777194e+03
657.3501576467798,5.930674289124761344e+03
657.4247438407015,5.914673715137291765e+03
657.4993858698668,5.923904815514678376e+03
657.573971341612,5.955905963489617534e+03
657.6485607618943,5.942367016269450687e+03
657.7231498016442,5.982368451238125090e+03
657.7977341278665,6.003292278760200134e+03
657.87237432304,5.982368451238125090e+03
657.9469621958759,5.987907111464556692e+03
658.0215410042488,6.000215245301071263e+03
658.0961280598617,6.014985005904889476e+03
658.1707146988002,6.005753905527502866e+03
658.2453009150308,6.016831225980366980e+03
658.3198867025178,6.026677733049578819e+03
658.3945327428875,6.058063474332691840e+03
658.4691220043352,6.051294000722608871e+03
658.5437021472852,6.061755914483646848e+03
658.6182818353581,6.086372182156676899e+03
658.69286974003,6.083910555389373258e+03
658.767461521399,6.107911416370578081e+03
658.8420354727173,6.110988449829706951e+03
658.9166306515345,6.155913138332986819e+03
658.9912079822875,6.131296870659956767e+03
659.0657935091809,6.153451511565683177e+03
659.140382887388,6.148528258031077712e+03
659.2149717681472,6.175606152471410496e+03
659.289551452134,6.192222133150705304e+03
659.3641306225966,6.202684046911743280e+03
659.438717970647,6.206991893754523517e+03
659.5133047969533,6.217453807515561493e+03
659.5878910954348,6.203299453603569418e+03
659.6624768600082,6.250685768874152018e+03
659.7370620845874,6.284533136924568680e+03
659.8116467630838,6.278994476698136168e+03
659.8862265349078,6.306072371138469862e+03
659.9608101019778,6.330688638811499914e+03
660.0354018176174,6.330073232119673776e+03
660.1099798943757,6.343612179339840623e+03
660.1845748263452,6.352227873025401095e+03
660.259151743867,6.367613040321044537e+03
660.333684466581,6.382382800924862750e+03
660.4082645480388,6.388536867843120490e+03
660.4828527532469,6.392229307994074588e+03
660.5574316285567,6.428538302811793983e+03
660.6320229836718,6.458693230711255637e+03
660.7066049946801,6.471001364547771118e+03
660.7811820158635,6.455000790560301539e+03
660.8557147324121,6.502387105830884138e+03
660.9302992109782,6.506079545981839146e+03
661.0048830496228,6.496233038912626398e+03
661.0794662422122,6.495617632220801170e+03
661.1540575251042,6.536234473881300801e+03
661.2285781978873,6.539926914032254899e+03
661.3031681500861,6.573158875390845424e+03
661.3777399387936,6.581774569076405896e+03
661.452332922751,6.590390262761966369e+03
661.5269208535378,6.582389975768232034e+03
661.6014380645663,6.618698970585951429e+03
661.6760289813253,6.638391984724375106e+03
661.7506148234904,6.633468731189768732e+03
661.8251298800592,6.620545190661428023e+03
661.8997142930884,6.666085285856534028e+03
661.9743067544003,6.693163180296866813e+03
662.0488853483158,6.695009400372344317e+03
662.1234149871826,6.698701840523298415e+03
662.198000873726,6.727010548347283475e+03
662.2725860216412,6.722087294812677101e+03
662.347104619191,6.730087581806412345e+03
662.4216882564932,6.753473036095790121e+03
662.4962184684717,6.763934949856828098e+03
662.570804963388,6.781166337227949043e+03
662.6453862997457,6.792243657680813158e+03
662.7199097646629,6.793474471064464524e+03
662.7944939234665,6.813782891894714339e+03
662.869086084027,6.847630259945130092e+03
662.9436071371093,6.855015140247039199e+03
663.0181889069928,6.861784613857123077e+03
663.0927083152421,6.877169781152766518e+03
663.1673016492832,6.872246527618160144e+03
663.2418237897235,6.916555809429614783e+03
663.3164110793576,6.914709589354137279e+03
663.3909359310869,6.935633416876213232e+03
663.4655171474956,6.953480210939159406e+03
663.5400358838839,6.977481071920364229e+03
663.6146198039338,6.968249971542977619e+03
663.6891500154543,6.997789492750614045e+03
663.763736622158,7.001481932901568143e+03
663.8382518588492,7.006405186436174517e+03
663.9128411292601,7.051329874939454385e+03
663.9873589874919,7.048252841480325515e+03
664.0619509026042,7.044560401329370507e+03
664.136471363353,7.051329874939454385e+03
664.211061492379,7.095023750059081976e+03
664.285584535613,7.138717625178710477e+03
664.3601640270679,7.091946716599954016e+03
664.4346852160202,7.139333031870536615e+03
664.5092142934612,7.168872553078172132e+03
664.5838042596656,7.144256285405142080e+03
664.6583226187805,7.155333605858006194e+03
664.7328488535421,7.192258007367550817e+03
664.8074315802052,7.213181834889626771e+03
664.881960314152,7.262414370235686874e+03
664.9565455552175,7.224259155342489976e+03
665.031072346548,7.226720782109792708e+03
665.1055937270582,7.258721930084731866e+03
665.1801096874939,7.283338197757761918e+03
665.2546998800744,7.312877718965398344e+03
665.3292271235769,7.307954465430791970e+03
665.4037489291384,7.337493986638428396e+03
665.4783361453115,7.331339919720170656e+03
665.5528603518749,7.347955900399466373e+03
665.6273790986409,7.352263747242246609e+03
665.7019056711048,7.381803268449882125e+03
665.7764932599148,7.399034655821003071e+03
665.8510088931856,7.417496856575775382e+03
665.9255412083346,7.431035803795942229e+03
666.0000591620371,7.458113698236275013e+03
666.0746470335703,7.452575038009843411e+03
666.1491717378727,7.483960779292957341e+03
666.2236953664843,7.463036951770881387e+03
666.2982179130853,7.496268913129471912e+03
666.3727393713534,7.497499726513123278e+03
666.4472686180028,7.511038673733290125e+03
666.5218500778012,7.531962501255365169e+03
666.5963682490049,7.555347955544743854e+03
666.670894195563,7.554732548852918626e+03
666.7454190261132,7.591656950362463249e+03
666.8199427343175,7.580579629909600044e+03
666.8944653138359,7.605811304274455324e+03
666.9689912068017,7.652582212853212695e+03
667.043515960381,7.644581925859477451e+03
667.1180440186909,7.667351973457030908e+03
667.1925664754452,7.674736853758940015e+03
667.2671501081187,7.685814174211803220e+03
667.3416747090137,7.723969389105000118e+03
667.4162025951904,7.712276661960310776e+03
667.4907159415177,7.738123743016992194e+03
667.5652459277131,7.744277809935249934e+03
667.6397747296355,7.781202211444794557e+03
667.7142934240692,7.777509771293840458e+03
667.7888198363478,7.785510058287574793e+03
667.8633405848258,7.784894651595748655e+03
667.9378645829604,7.827357713331725790e+03
668.0123873649534,7.834127186941808759e+03
668.0868509002132,7.832896373558157393e+03
668.1613801466233,7.853204794388407208e+03
668.235899230937,7.851358574312930614e+03
668.3104215399541,7.876590248677785894e+03
668.3849470702704,7.875974841985960666e+03
668.4594713500996,7.911053023420027785e+03
668.533998842422,7.899360296275338442e+03
668.6085250734534,7.931361444250277600e+03
668.683041094052,7.927669004099323502e+03
668.7575647813001,7.945515798162269675e+03
668.8320290343215,7.951054458388702187e+03
668.9065546155499,7.965208812300694262e+03
668.9810833808008,7.949823645005049912e+03
669.0555974212344,8.007671874036670488e+03
669.130128062917,8.053827375923602631e+03
669.2046529196529,8.023672448024140067e+03
669.2791182298785,8.016287567722231870e+03
669.3536314765041,8.061212256225510828e+03
669.4281657979723,8.051981155848125127e+03
669.5026898264498,8.063673882992814470e+03
669.57714526615,8.058750629458208095e+03
669.65167108008,8.086443930590367017e+03
669.7261910590614,8.096905844351404994e+03
669.8007186526492,8.108598571496094337e+03
669.8751865504684,8.127676178942692786e+03
669.949711403622,8.111060198263397069e+03
670.0242348833766,8.175677900905100614e+03
670.0987480026345,8.149830819848419196e+03
670.1732193096983,8.141830532854684861e+03
670.2477431098745,8.154754073383025570e+03
670.3222655128286,8.126445365559040511e+03
670.396728085964,8.173831680829624020e+03
670.471252157415,8.143676752930161456e+03
670.5457118658269,8.198447948502653162e+03
670.6202330875843,8.183678187898835859e+03
670.6947618784129,8.215679335873774107e+03
670.7692307481261,8.207063642188213635e+03
670.8437476587868,8.227987469710289588e+03
670.918213608017,8.190447661508918827e+03
670.9927321095302,8.200909575269955894e+03
671.0672536563986,8.199063355194479300e+03
671.1417196890736,8.229218283093941864e+03
671.216251808498,8.253219144075144868e+03
671.290714863808,8.215063929181949788e+03
671.3652395155675,8.240295603546805069e+03
671.4396995665256,8.276604598364523554e+03
671.5142212289395,8.287681918817386759e+03
671.5886872701645,8.282758665282781294e+03
671.6632104305353,8.288297325509212897e+03
671.7376734223737,8.262450244452531479e+03
671.812193546355,8.272296751521744227e+03
671.8866579770747,8.280297038515478562e+03
671.9611795549314,8.289528138892865172e+03
672.0356408881489,8.297528425886599507e+03
672.1101096909673,8.282758665282781294e+03
672.1846266277597,8.311067373106765444e+03
672.2590968192625,8.302451679421204972e+03
672.3336151557181,8.311682779798591582e+03
672.4080821944679,8.291374358968341767e+03
672.482543119204,8.318452253408675460e+03
672.5570657703272,8.304913306188509523e+03
672.63152802642,8.338760674238925276e+03
672.705997721871,8.289528138892865172e+03
672.7805155931686,8.328914167169712528e+03
672.854982065397,8.337529860855273000e+03
672.9294423823377,8.320913880175978193e+03
673.0039644745739,8.335068234087970268e+03
673.0784260583234,8.322760100251454787e+03
673.152895058153,8.327067947094235933e+03
673.2274213293804,8.338145267547099138e+03
673.3018779706365,8.328298760477886390e+03
673.3763374799411,8.349222587999962343e+03
673.4508043890924,8.336914454163446862e+03
673.5252650884476,8.343068521081704603e+03
673.5997967036512,8.352915028150917351e+03
673.6742585868221,8.335068234087970268e+03
673.748714237457,8.343683927773530741e+03
673.823186347847,8.332606607320667536e+03
673.8976385924067,8.328914167169712528e+03
673.9721663425748,8.335068234087970268e+03
674.0466287979216,8.344299334465356878e+03
674.1210895311846,8.328914167169712528e+03
674.1955530811653,8.343068521081704603e+03
674.2700239906791,8.312298186490417720e+03
674.3444795221271,8.347376367924485749e+03
674.4189469503236,8.336299047471622544e+03
674.49346722243,8.325221727018757520e+03
674.567935708377,8.296913019194773369e+03
674.6424024340591,8.316606033333197047e+03
674.7168582880072,8.307374932955812255e+03
674.7913214713103,8.308605746339462712e+03
674.8657783200656,8.284604885358259708e+03
674.940251601854,8.307990339647636574e+03
675.0147094269751,8.315990626641372728e+03
675.0891700095718,8.304297899496683385e+03
675.1636379044918,8.272912158213570365e+03
675.2380994327431,8.258142397609752152e+03
675.312554584676,8.250142110616015998e+03
675.3870261580195,8.268604311370789219e+03
675.4614822208301,8.264911871219834211e+03
675.5359547018315,8.250757517307842136e+03
675.610407090499,8.237218570087676198e+03
675.6848804576179,8.258142397609752152e+03
675.7593337130725,8.200909575269955894e+03
675.8338033782419,8.218140962641078659e+03
675.9082026566803,8.217525555949252521e+03
675.9826594431638,8.162754360376759905e+03
676.0571234944312,8.179370341056055622e+03
676.1315948098625,8.149830819848419196e+03
676.2060550986515,8.136291872628253259e+03
676.2805134951972,8.143676752930161456e+03
676.3549745673919,8.131984025785473023e+03
676.4293879803434,8.127676178942692786e+03
676.5038498052293,8.125214552175389144e+03
676.5783051376296,8.087059337282193155e+03
676.6527677036122,8.095059624275927490e+03
676.7272329229447,8.058135222766382867e+03
676.8016366634976,8.067981729835594706e+03
676.8761025828228,8.056904409382730591e+03
676.9505619772531,8.086443930590367017e+03
677.0250240043307,8.013210534263103000e+03
677.0994290601088,8.021210821256837335e+03
677.1738917427178,8.010748907495799358e+03
677.2483524582894,7.971362879218952003e+03
677.3227561481843,7.959670152074262660e+03
677.3972128974716,7.962747185533391530e+03
677.4716768389669,7.920899530489239623e+03
677.5461433813275,7.886436755746997733e+03
677.6205482371186,7.912899243495505289e+03
677.6950015852051,7.878436468753263398e+03
677.7694069841688,7.893821636048906839e+03
677.8438746703705,7.824896086564423058e+03
677.9183311477581,7.821819053105294188e+03
677.9927396296163,7.815049579495211219e+03
678.0672012294622,7.788587091746703663e+03
678.1416056066512,7.798433598815915502e+03
678.2160631125909,7.749201063469855399e+03
678.2905277690969,7.747354843394377895e+03
678.3649259468506,7.711045848576659409e+03
678.4393864750938,7.688275800979105952e+03
678.513798898065,7.670429006916159778e+03
678.5882598799376,7.650735992777735191e+03
678.6626543015428,7.613196184576364431e+03
678.7371249257566,7.625504318412879911e+03
678.8115243461227,7.595349390513418257e+03
678.8859815585386,7.610119151117235560e+03
678.9603905685974,7.573194749607690937e+03
679.0348481677615,7.576887189758645036e+03
679.1092529209583,7.546116855167358153e+03
679.1836509171139,7.524577620953456062e+03
679.2581113551571,7.463036951770881387e+03
679.3325235125415,7.472883458840093226e+03
679.4069842868593,7.455652071468972281e+03
679.481378280968,7.426112550261336764e+03
679.5557839509504,7.435959057330548603e+03
679.6302474888498,7.421189296726730390e+03
679.704648807749,7.407650349506563543e+03
679.7790525553501,7.368879727921541416e+03
679.8535234360058,7.338109393330253624e+03
679.9279135518302,7.328878292952867923e+03
680.0023245731195,7.311646905581746978e+03
680.076784258521,7.315339345732701076e+03
680.1511816092886,7.235951882487179319e+03
680.2255859851732,7.266106810386640973e+03
680.3000482943368,7.245182982864565929e+03
680.374448213023,7.202104514436762656e+03
680.4488412562114,7.160872266084437797e+03
680.5232552007656,7.175026619996429872e+03
680.5976576301395,7.166410926310869399e+03
680.6721226617578,7.123332457883067036e+03
680.7465159407645,7.107947290587422685e+03
680.8209254830051,7.096254563442734252e+03
680.8953281128896,7.073484515845180795e+03
680.969723820552,7.040867961178416408e+03
681.0441775310805,7.022405760423644097e+03
681.118582574998,6.991020019140530167e+03
681.1929806772104,7.023021167115469325e+03
681.2673996753556,6.984250545530447198e+03
681.3418070819359,6.959634277857417146e+03
681.4162075273074,6.931940976725258224e+03
681.4906056458781,6.923325283039697752e+03
681.5649921401839,6.928863943266129354e+03
681.6393995215485,6.873477341001812420e+03
681.7137999143118,6.866092460699903313e+03
681.7882165503345,6.861169207165296939e+03
681.8626680324036,6.844553226486002131e+03
681.9370706711479,6.833475906033138017e+03
682.0114662918298,6.813167485202888201e+03
682.0858781465969,6.795320691139942028e+03
682.1602876270566,6.773166050234214708e+03
682.234615600839,6.775012270309692212e+03
682.3090342611832,6.754703849479442397e+03
682.3834179373963,6.727010548347283475e+03
682.4578224911205,6.728241361730934841e+03
682.5322153211919,6.667316099240185395e+03
682.6066290312607,6.707317534208858888e+03
682.6810356664762,6.639007391416201244e+03
682.7554352169042,6.633468731189768732e+03
682.8298276726078,6.618083563894125291e+03
682.9042363415565,6.610698683592216184e+03
682.9786379060591,6.599621363139352979e+03
683.052985700029,6.547927201025990144e+03
683.1273776822683,6.535619067189474663e+03
683.2017812028357,6.552235047868770380e+03
683.2761822579863,6.510387392824619383e+03
683.3505948498541,6.483309498384285689e+03
683.4249816151049,6.491925192069846162e+03
683.4993378598623,6.463616484245862011e+03
683.5737336498651,6.426692082736316479e+03
683.6481222681783,6.426692082736316479e+03
683.7225270786547,6.406999068597892801e+03
683.7968779498492,6.390383087918597084e+03
683.8712683772519,6.407614475289718939e+03
683.9456749923205,6.347920026182620859e+03
684.0200089024875,6.352843279717226324e+03
684.0944244901342,6.317149691591333067e+03
684.1688141432852,6.322072945125939441e+03
684.2431731578488,6.302995337679340992e+03
684.3175670692367,6.286379357000045275e+03
684.3919584235521,6.282071510157265038e+03
684.4662956794946,6.253147395641454750e+03
684.5407193753053,6.200837826836266686e+03
684.6151123876289,6.180529406006016870e+03
684.689455939193,6.148528258031077712e+03
684.7638578398391,6.085756775464850762e+03
684.8382055615216,6.071602421552858686e+03
684.9125975757681,6.056217254257214336e+03
684.9870010616816,6.070987014861032549e+03
685.0613315458365,6.031600986584185193e+03
685.1357438810281,5.989137924848208058e+03
685.2100831760683,6.002061465376548767e+03
685.2844855664139,5.947905676495882290e+03
685.3588336587155,5.937443762734845222e+03
685.4332213760933,5.944213236344928191e+03
685.5075782509971,5.938059169426670451e+03
685.5819089583205,5.922058595439200872e+03
685.6563216044284,5.925751035590155880e+03
685.7306563603778,5.953444336722314802e+03
685.8050589720733,5.923904815514678376e+03
685.8794024621719,5.922058595439200872e+03
685.9537903041233,5.897442327766170820e+03
686.0281472199982,5.872826060093140768e+03
686.1024731844336,5.880826347086876012e+03
686.1768811733403,5.837747878659073649e+03
686.2512158243778,5.795900223614921742e+03
686.3255665827462,5.813747017677868826e+03
686.3999617223745,5.762052855564505990e+03
686.4742975925424,5.774976396092846699e+03
686.5486495653337,5.756514195338074387e+03
686.6230412185406,5.707897066683839512e+03
686.6973829775881,5.668511038406992157e+03
686.7717408365776,5.661741564796908278e+03
686.8460676249846,5.662972378180559645e+03
686.920476563722,5.644510177425787333e+03
686.9948119535088,5.626047976671015022e+03
687.0691634335083,5.580507881475909016e+03
687.1434837923248,5.576200034633128780e+03
687.2178910716232,5.561430274029311477e+03
687.2922436114384,5.533121566205326417e+03
687.3665697193694,5.511582331991425235e+03
687.4409071790424,5.513428552066902739e+03
687.5152607193801,5.484504437551092451e+03
687.5896114344212,5.466042236796319230e+03
687.6639309442114,5.448810849425198285e+03
687.7383327394424,5.446349222657895552e+03
687.8126844041321,5.395270467236357945e+03
687.8870284875072,5.405116974305570693e+03
687.9613649794371,5.381731520016192007e+03
688.0357175394452,5.343576305122995109e+03
688.1100388231959,5.341730085047517605e+03
688.1843761649789,5.334345204745609408e+03
688.2587343070002,5.331883577978305766e+03
688.3330800913666,5.309728937072579356e+03
688.4074182439083,5.292497549701457501e+03
688.4817534945465,5.272189128871207686e+03
688.556104800579,5.278958602481291564e+03
688.6304200038998,5.230341473827056689e+03
688.7047797093452,5.227264440367928728e+03
688.7791080338786,5.193417072317512066e+03
688.8534524038824,5.174954871562739754e+03
688.9277890934775,5.194647885701163432e+03
689.0021418286908,5.162646737726224274e+03
689.0764868733971,5.142338316895974458e+03
689.1507577273879,5.131876403134936481e+03
689.2250873462091,5.129414776367633749e+03
689.2994377520117,5.119568269298421910e+03
689.3737756865256,5.096798221700869362e+03
689.4481106432635,5.094336594933565721e+03
689.5224616327603,5.088182528015308890e+03
689.5968001275772,5.043257839512029022e+03
689.6710880627454,5.070335733952361807e+03
689.745415792651,5.040180806052900152e+03
689.8197595452868,5.032180519059164908e+03
689.8941002876792,5.032795925750991046e+03
689.968380885931,4.992794490782317553e+03
690.0427250973174,4.998948557700574383e+03
690.1170662811704,4.994025304165968919e+03
690.1913949030705,4.952793055813643150e+03
690.2656966557213,4.947254395587211548e+03
690.3400334706062,4.944177362128082677e+03
690.4143672314507,4.953408462505469288e+03
690.4886454859029,4.944792768819908815e+03
690.5629874122526,4.932484634983393335e+03
690.6373214994773,4.914022434228621023e+03
690.7116000290887,4.896791046857500078e+03
690.7859422563533,4.888175353171939605e+03
690.8602336681432,4.871559372492643888e+03
690.9345601567937,4.854327985121522943e+03
691.0089026400582,4.857405018580651813e+03
691.0831942596561,4.866020712266212286e+03
691.157520963373,4.853712578429697714e+03
691.2318206545044,4.836481191058576769e+03
691.3061602170517,4.826019277297538792e+03
691.380444070193,4.805710856467288977e+03
691.45476779478,4.782325402177910291e+03
691.5290596795087,4.810018703310069213e+03
691.6033914459812,4.782325402177910291e+03
691.6776674311591,4.774325115184175957e+03
691.7520072241363,4.746631814052017035e+03
691.8262959912287,4.764478608114963208e+03
691.900643801485,4.736785306982805196e+03
691.9749166156074,4.738016120366456562e+03
692.0492005879099,4.728785019989069951e+03
692.123529252891,4.715246072768903105e+03
692.1978259721524,4.709707412542471502e+03
692.2721578136724,4.711553632617949006e+03
692.3464385130854,4.674629231108404383e+03
692.4207159769667,4.676475451183880978e+03
692.4950525395182,4.677090857875707115e+03
692.56933311711,4.645705116592594095e+03
692.6436056440851,4.646320523284419323e+03
692.7179660817585,4.661090283888237536e+03
692.7922272967613,4.628473729221472240e+03
692.8665236380322,4.621704255611389272e+03
692.9407927013435,4.610011528466699929e+03
693.0151497288059,4.619858035535911768e+03
693.089421837627,4.601395834781139456e+03
693.1636906489606,4.613088561925828799e+03
693.2379753787236,4.572471720265329168e+03
693.3122568047582,4.584164447410018511e+03
693.3865926140129,4.564471433271594833e+03
693.4608818498604,4.566933060038897565e+03
693.5351581466051,4.561394399812465963e+03
693.6094263017561,4.530008658529352942e+03
693.6837151767944,4.544778419133170246e+03
693.7579910889119,4.546009232516821612e+03
693.8322636527323,4.512777271158231088e+03
693.906552121247,4.512777271158231088e+03
693.9808998444166,4.530008658529352942e+03
694.0551719756728,4.490622630252504678e+03
694.1294600063287,4.493699663711633548e+03
694.2037398455482,4.472160429497732366e+03
694.2780114829652,4.464160142503997122e+03
694.3522990144666,4.438928468139140932e+03
694.426583156023,4.475237462956860327e+03
694.5008542537265,4.416158420541588384e+03
694.5751412401826,4.440774688214618436e+03
694.6494248189764,4.425389520918974995e+03
694.723700156412,4.410619760315156782e+03
694.7979624146619,4.404465693396899042e+03
694.8721970948218,4.388465119409429462e+03
694.9464717871994,4.402004066629596309e+03
695.0207623596758,4.389695932793081738e+03
695.0950205016327,4.370002918654657151e+03
695.1693186762369,4.366310478503703052e+03
695.2435843995215,4.360771818277271450e+03
695.3178708269531,4.334924737220589122e+03
695.3921441168008,4.310923876239385208e+03
695.4663655616765,4.320770383308597047e+03
695.5406463919401,4.301077369170173370e+03
695.6149237361514,4.317693349849468177e+03
695.6892121064967,4.306000622704778834e+03
695.7634969823528,4.264768374352453975e+03
695.8377008859716,4.281384355031748782e+03
695.9119932631442,4.258614307434196235e+03
695.9862772860863,4.269076221195234211e+03
696.06048026933,4.261075934201498967e+03
696.134771767185,4.253691053899590770e+03
696.2090548898484,4.246921580289506892e+03
696.2833296268801,4.240767513371249152e+03
696.3575523255896,4.232767226377514817e+03
696.4318151008928,4.208766365396310903e+03
696.5060403540568,4.207535552012658627e+03
696.58033480532,4.190919571333363820e+03
696.6545965750922,4.195227418176144056e+03
696.7288256373972,4.169995743811287866e+03
696.8030899410923,4.160149236742076027e+03
696.8773263707111,4.163226270201204898e+03
696.9516029071826,4.155841389899295791e+03
697.0258758450395,4.157687609974773295e+03
697.1000868630892,4.162610863509378760e+03
697.1743865928445,4.150302729672864189e+03
697.248609793035,4.112762921471493428e+03
697.3228682493078,4.121378615157053900e+03
697.3970987519848,4.097993160867675215e+03
697.4713645187727,4.123840241924356633e+03
697.5456023130668,4.125686461999834137e+03
697.6198072452165,4.094916127408546799e+03
697.6941009834452,4.093069907333069295e+03
697.7683131711979,4.108455074628713191e+03
697.8425898466292,4.088146653798463376e+03
697.9168092738975,4.064145792817259007e+03
697.9910201305657,4.067222826276387877e+03
698.0653003733468,4.053068472364395348e+03
698.1395184438109,4.045683592062486696e+03
698.2138010478819,4.029683018075017117e+03
698.2880311962213,4.045683592062486696e+03
698.3622527442063,4.036452491685100085e+03
698.4364656813189,4.040760338527880322e+03
698.510738305446,4.030913831458668483e+03
698.5849584048053,4.003220530326509561e+03
698.6591698720874,4.027836797999539613e+03
698.7334703424422,4.015528664163024587e+03
698.8076889513259,4.001989716942858195e+03
698.8818989069066,4.015528664163024587e+03
698.9561050840433,4.008143783861115935e+03
699.030322134609,3.978604262653479509e+03
699.1046038227042,4.003835937018335244e+03
699.1788328602486,3.988450769722691803e+03
699.2530532146016,3.982912109496259745e+03
699.3272599846256,3.957065028439578327e+03
699.4014873980228,3.949064741445843538e+03
699.4757061069474,3.958295841823229694e+03
699.5499161008405,3.945987707986714668e+03
699.6241418428359,3.942910674527586252e+03
699.6983588590565,3.976758042578002460e+03
699.7726405911895,3.948449334754017855e+03
699.8468646290141,3.940449047760283065e+03
699.9210848186354,3.928140913923768039e+03
699.9952913527262,3.917063593470904380e+03
700.0695185244031,3.934910387533851463e+03
700.1437320277023,3.893062732489700466e+03
700.2179661702849,3.918909813546381883e+03
700.2921670152689,3.891216512414222962e+03
700.3663345364773,3.910909526552647094e+03
700.4405423002715,3.890601105722397278e+03
700.5147657911945,3.891216512414222962e+03
700.5889804729994,3.867831058124844731e+03
700.6632108815323,3.889370292338745912e+03
700.7374324701444,3.869061871508496097e+03
700.81164522823,3.881370005345011123e+03
700.8858540575908,3.861676991206586990e+03
700.9600736910871,3.854907517596503567e+03
701.034240242214,3.849984264061897647e+03
701.1084716450022,3.863523211282064040e+03
701.1826646876575,3.841983977068162858e+03
701.2569029402329,3.848138043986420598e+03
701.3311077280009,3.819213929470610310e+03
701.4052790247227,3.830291249923473515e+03
701.4794906151762,3.824137183005216230e+03
701.5537179110803,3.818598522778784627e+03
701.6278673838922,3.797674695256709128e+03
701.7020768472739,3.821675556237913042e+03
701.776302010223,3.789059001571148201e+03
701.8505182480137,3.778597087810110679e+03
701.9246812071539,3.803213355483140731e+03
701.9989091214585,3.785981968112019786e+03
702.0730492261018,3.773673834275504760e+03
702.147283874415,3.768135174049072702e+03
702.2215095672381,3.754596226828906310e+03
702.2956523110257,3.763827327206292466e+03
702.3698847114229,3.764442733898118149e+03
702.4440341206173,3.752750006753429261e+03
702.5182485406029,3.731826179231353763e+03
702.5924786440079,3.752750006753429261e+03
702.6666306251165,3.742288092992391284e+03
702.7408427059752,3.731826179231353763e+03
702.8150013114393,3.722595078853967152e+03
702.8892200349155,3.713979385168406679e+03
702.9633852532902,3.708440724941975077e+03
703.0375414112833,3.711517758401103947e+03
703.1117577094595,3.712748571784755313e+03
703.1859204527385,3.702902064715543474e+03
703.2601235714659,3.689978524187202311e+03
703.3342928843769,3.691209337570854132e+03
703.4085025826428,3.699209624564588921e+03
703.482658658175,3.686286084036248212e+03
703.5568254210807,3.681978237193467521e+03
703.6310325789715,3.661669816363218160e+03
703.7052108243134,3.683824457268945025e+03
703.7793551808122,3.677054983658861602e+03
703.8535845204474,3.643823022300271077e+03
703.9277353723147,3.646284649067574264e+03
704.0019018493869,3.640130582149316524e+03
704.0760542132163,3.629668668388279002e+03
704.1502767406283,3.641361395532968345e+03
704.2244157321018,3.642592208916619711e+03
704.2985752975638,3.622283788086369896e+03
704.3727455222629,3.621668381394544213e+03
704.4469065581811,3.620437568010892846e+03
704.5211080295742,3.614898907784460789e+03
704.5952804534251,3.612437281017158057e+03
704.6694387032167,3.604436994023423267e+03
704.7435926983363,3.607514027482551683e+03
704.8177573342106,3.592744266878733924e+03
704.891917706452,3.589667233419605054e+03
704.9660688376695,3.597667520413339844e+03
705.0402107171044,3.582282353117695948e+03
705.114442771257,3.572435846048484109e+03
705.1885910002947,3.577974506274915711e+03
705.2627548254902,3.594590486954210974e+03
705.3369093767561,3.570589625973006605e+03
705.4110795235591,3.562589338979272270e+03
705.485220476971,3.557050678752840213e+03
705.5593969294841,3.555204458677363164e+03
705.6335441691415,3.537357664614416080e+03
705.7077020144703,3.533665224463461982e+03
705.7818057106044,3.539819291381719268e+03
705.8559498827009,3.534896037847113348e+03
705.9301096345012,3.524434124086075371e+03
706.0042849709166,3.531819004387984478e+03
706.0784260421825,3.516433837092340582e+03
706.1525826869397,3.517049243784166720e+03
706.2267549100956,3.522587904010598322e+03
706.3008928304606,3.529357377620681291e+03
706.3750014111765,3.504125703255825556e+03
706.4491704615375,3.517664650475992403e+03
706.5233051714449,3.497971636337568270e+03
706.5974853991634,3.493663789494788034e+03
706.6716262730434,3.501048669796697141e+03
706.745737753195,3.503510296563999873e+03
706.8198897594285,3.488740535960182115e+03
706.8940323424436,3.486894315884704611e+03
706.9681405012132,3.488740535960182115e+03
707.0422891955021,3.485663502501053244e+03
707.1164534452462,3.493048382802962351e+03
707.19055823756,3.493048382802962351e+03
707.2647035748213,3.482586469041924374e+03
707.3388694645195,3.467816708438106616e+03
707.4129708410553,3.484432689117401878e+03
707.4871177773351,3.477663215507318455e+03
707.5612752521206,3.486278909192878928e+03
707.6353781699282,3.483817282425575740e+03
707.7095466962406,3.474586182048189585e+03
707.7836305801062,3.459201014752545689e+03
707.857775071609,3.464739674978977746e+03
707.9318899937977,3.461662641519848876e+03
708.0060455013667,3.476432402123667089e+03
708.080146353211,3.463508861595326380e+03
708.1543078510902,3.453046947834288403e+03
708.2283845678539,3.464124268287152063e+03
708.3025520377458,3.459201014752545689e+03
708.3766397017445,3.467816708438106616e+03
708.4508131326904,3.435200153771341775e+03
708.5249067170731,3.442585034073250426e+03
708.5989906956581,3.451200727758811354e+03
708.673160478897,3.430892306928561538e+03
708.7472503492967,3.440123407305947694e+03
708.8213557131089,3.424738240010303798e+03
708.8955017018351,3.432123120312212905e+03
708.9696129404151,3.421661206551174928e+03
709.0436944296144,3.420430393167523562e+03
709.1178618009762,3.436430967154993141e+03
709.1919440994113,3.438277187230470190e+03
709.266041878377,3.403814412488228299e+03
709.3401601743607,3.421661206551174928e+03
709.4143140934323,3.417968766400220375e+03
709.4884130457813,3.414891732941091959e+03
709.5625023052012,3.407506852639182853e+03
709.6366020041326,3.380428958198849614e+03
709.71069703359,3.403199005796402616e+03
709.7848579170291,3.395814125494493510e+03
709.8589587159314,3.393352498727190778e+03
709.9330497882937,3.393967905419016461e+03
710.0071361642808,3.389660058576236224e+03
710.0812329625695,3.370582451129637775e+03
710.1553452280508,3.374274891280592328e+03
710.2294275672397,3.384121398349804167e+03
710.3035203190468,3.353966470450342513e+03
710.3776335778801,3.363812977519554352e+03
710.4517320198205,3.367505417670508905e+03
710.5258257276931,3.376736518047895061e+03
710.599909644176,3.351504843683039326e+03
710.6740090111854,3.352735657066691147e+03
710.7480985754111,3.339812116538350438e+03
710.8222035892967,3.374890297972418011e+03
710.8962987889969,3.358889723984948432e+03
710.9704094374856,3.337350489771047251e+03
711.0444849811654,3.343504556689304536e+03
711.1186012467011,3.342273743305653170e+03
711.1926874434225,3.319503695708100622e+03
711.2667840197356,3.333658049620092697e+03
711.3408251965476,3.318272882324448801e+03
711.4149070955419,3.322580729167229038e+03
711.4890246751831,3.331196422852789510e+03
711.5631121310784,3.321349915783577671e+03
711.6372150180558,3.306580155179759458e+03
711.7112320343467,3.307195561871585596e+03
711.7853404449295,3.296733648110547620e+03
711.8594389533098,3.304733935104282409e+03
711.9335275484821,3.305349341796108092e+03
712.0075605935059,3.310272595330714012e+03
712.0816546727544,3.272732787129343251e+03
712.1557641746032,3.279502260739426674e+03
712.2297927223119,3.291194987884116017e+03
712.3038823260575,3.265347906827434144e+03
712.377992420552,3.281963887506729861e+03
712.4520164203059,3.268424940286563015e+03
712.5261268825731,3.261040059984653908e+03
712.6001562828156,3.275194413896646438e+03
712.6742518579922,3.262886280060131412e+03
712.7483628435643,3.261655466676480046e+03
712.8223876211747,3.265347906827434144e+03
712.8964785986809,3.236423792311623856e+03
712.9705138140855,3.250578146223616386e+03
713.0446101673241,3.248116519456313199e+03
713.1186507279195,3.234577572236146807e+03
713.19275244439,3.240116232462578409e+03
713.2667983376626,3.231500538777017937e+03
713.3408290765726,3.219192404940502911e+03
713.4149057221886,3.208730491179465389e+03
713.4889468476811,3.211192117946768121e+03
713.5630542605719,3.179806376663655101e+03
713.6370752139885,3.208730491179465389e+03
713.71111152602,3.192114510500170127e+03
713.7852141503761,3.173652309745397361e+03
713.8592557248019,3.205038051028510836e+03
713.93328717658,3.181652596739132150e+03
714.0073900636712,3.195191543959298542e+03
714.0814267494405,3.192729917191995810e+03
714.1554583900697,3.177344749896351914e+03
714.2295512937391,3.174267716437223044e+03
714.3035881409775,3.177344749896351914e+03
714.3776148223176,3.165652022751662571e+03
714.451651744311,3.161344175908882335e+03
714.5256835921462,3.170575276286268945e+03
714.5997818492889,3.158267142449753919e+03
714.6738188625989,3.159497955833405285e+03
714.7478712188952,3.152113075531496179e+03
714.8218929356141,3.156420922374276415e+03
714.8959248750398,3.159497955833405285e+03
714.9699721505816,3.133035468084897730e+03
715.044014315487,3.137958721619504104e+03
715.1180411339378,3.138574128311329787e+03
715.1920883966163,3.149651448764192992e+03
715.2661714596333,3.125650587782989078e+03
715.3402238179556,3.133035468084897730e+03
715.4142403295658,3.142881975154110023e+03
715.488267040557,3.123188961015685891e+03
715.5623141930947,3.134266281468549550e+03
715.6363510669913,3.120727334248382704e+03
715.7103315493897,3.117650300789254288e+03
715.784373440411,3.134266281468549550e+03
715.8584050299637,3.125650587782989078e+03
715.932426306901,3.105342166952739262e+03
716.0064680199878,3.120727334248382704e+03
716.080494283165,3.112727047254648369e+03
716.1545409835085,3.113957860638299735e+03
716.2285722201125,3.134266281468549550e+03
716.3025469314863,3.111496233870996548e+03
716.3765882447348,3.098572693342655839e+03
716.4506192011959,3.085649152814315130e+03
716.5246654600803,3.094880253191701286e+03
716.5987013504475,3.089956999657095366e+03
716.6726754991479,3.097341879959004473e+03
716.7467162946405,3.102265133493610392e+03
716.8207466986998,3.091187813040746732e+03
716.8947667001454,3.099803506726307205e+03
716.9687557260248,3.060417478449459395e+03
717.0427805919613,3.119496520864731337e+03
717.116825887731,3.075802645745103291e+03
717.1908093232216,3.083802932738837626e+03
717.2648286044712,3.100418913418133343e+03
717.3388168541977,3.070879392210496917e+03
717.4128461038251,3.089956999657095366e+03
717.4868906346427,3.078264272512406023e+03
717.5608474726536,3.083802932738837626e+03
717.6348968087937,3.067186952059542364e+03
717.7088584084709,3.067186952059542364e+03
717.7828867763504,3.085033746122489447e+03
717.8568840385082,3.064109918600413948e+03
717.9309171761972,3.058571258373981891e+03
718.0048882559898,3.051186378072073239e+03
718.0789313004857,3.074571832361451470e+03
718.1528864689565,3.043801497770164133e+03
718.2268775063203,3.040109057619209580e+03
718.300914749167,3.058571258373981891e+03
718.3748898482226,3.040724464311035263e+03
718.4489059941204,3.045032311153815499e+03
718.5228857662477,3.034570397392777977e+03
718.5968549564894,3.049340157996595735e+03
718.6708910267723,3.041955277694686629e+03
718.7448648651658,3.029031737166345920e+03
718.8188539335962,3.018569823405308398e+03
718.8928117241455,3.037647430851906392e+03
718.9668571028507,3.032108770625474790e+03
719.040845353585,3.015492789946179528e+03
719.1148178064504,3.026570110399043187e+03
719.1887847916446,3.015492789946179528e+03
719.2628187285492,3.016723603329830894e+03
719.3367851179871,3.020416043480785447e+03
719.4107718973806,3.013646569870702024e+03
719.4847480151196,3.009954129719747925e+03
719.55871345993,3.006877096260619055e+03
719.6326941140954,3.001953842726013136e+03
719.7066692631995,3.016723603329830894e+03
719.780706250103,3.009338723027921787e+03
719.8546807424774,3.008723316336096104e+03
719.9286497097812,2.995799775807755395e+03
720.0026286960333,2.995184369115929712e+03
720.0766021474149,2.982876235279414686e+03
720.1505856143327,2.995184369115929712e+03
720.2245376004026,2.959490780990036001e+03
720.298530717732,2.971183508134725344e+03
720.3725079039693,2.991491928964975159e+03
720.446479525475,2.977337575052983084e+03
720.5204403826414,2.954567527455430081e+03
720.5943696939084,2.973029728210202848e+03
720.6683349523433,2.952105900688127349e+03
720.7423153966341,2.955798340839081447e+03
720.816285052651,2.967491067983770790e+03
720.890249105901,2.934259106625180266e+03
720.9642231419422,2.961337001065513505e+03
721.0382175601698,2.942874800310740738e+03
721.1121179678518,2.942259393618915055e+03
721.1860907374653,2.947182647153520975e+03
721.2600786851124,2.922566379480490923e+03
721.334050596095,2.921335566096839557e+03
721.4079648215145,2.935489920008832087e+03
721.4819202230957,2.910258245643975897e+03
721.5559168215076,2.927489633015097297e+03
721.6298296575088,2.904104178725718612e+03
721.7038045147077,2.911489059027627718e+03
721.777768491748,2.904104178725718612e+03
721.8516746809869,2.905334992109369978e+03
721.9256689717006,2.900411738574764058e+03
721.9996263053706,2.885026571279120162e+03
722.0735518685187,2.880718724436339926e+03
722.1475134315792,2.886257384662771983e+03
722.221443203523,2.884411164587294479e+03
722.2954141996532,2.875180064209908323e+03
722.369322077151,2.875795470901734006e+03
722.4432972736668,2.883795757895468796e+03
722.5172093181159,2.846255949694098035e+03
722.5911887015628,2.881334131128165609e+03
722.665104899496,2.869641403983476721e+03
722.7390623388185,2.867795183907999217e+03
722.8129878959985,2.856102456763309874e+03
722.8869756086152,2.836409442624886196e+03
722.9608791618889,2.844409729618620531e+03
723.0347925998112,2.850563796536878272e+03
723.1087786701618,2.836409442624886196e+03
723.1826700550422,2.834563222549408692e+03
723.2565817737539,2.839486476084014612e+03
723.3305609227724,2.805023701341772721e+03
723.4044767103132,2.832717002473931643e+03
723.4783814349788,2.825332122172022537e+03
723.5523797909511,2.819793461945590479e+03
723.6262885587613,2.801331261190818168e+03
723.7001862401456,2.808716141492727274e+03
723.7741042546204,2.807485328109075908e+03
723.8480321309023,2.800100447807166802e+03
723.9220013141903,2.796408007656212249e+03
723.9959122328532,2.782869060436045856e+03
724.0698330025856,2.787176907278826093e+03
724.1437478932739,2.788407720662477459e+03
724.2176516517817,2.789638534046128825e+03
724.2915652506016,2.786561500586999955e+03
724.3654729499798,2.773022553366833563e+03
724.4393957341822,2.773637960058659246e+03
724.51330736185,2.767483893140401960e+03
724.587207821535,2.762560639605796041e+03
724.6611286098097,2.774253366750484929e+03
724.7350592296857,2.752714132536583747e+03
724.80895240124,2.758868199454841488e+03
724.882865897012,2.762560639605796041e+03
724.9567892135801,2.757021979379363984e+03
725.0307013255602,2.752714132536583747e+03
725.1046074792529,2.751483319152932381e+03
725.1785287017594,2.759483606146667171e+03
725.2524334382222,2.763176046297621724e+03
725.326358500832,2.747790879001977828e+03
725.4002723250796,2.736713558549114168e+03
725.4741222682113,2.749021692385629194e+03
725.5480398915687,2.716405137718864353e+03
725.6219462528422,2.747175472310152145e+03
725.6958676722687,2.747790879001977828e+03
725.769783084779,2.723790018020773459e+03
725.8436292602167,2.729328678247205517e+03
725.9175431603215,2.725636238096250963e+03
725.9914510329734,2.732405711706333932e+03
726.0653686850188,2.733021118398159615e+03
726.1392275716657,2.725636238096250963e+03
726.2131278556831,2.725636238096250963e+03
726.2870379081896,2.709020257416955701e+03
726.3608891425325,2.703481597190523644e+03
726.4348081680206,2.715174324335212987e+03
726.50866306773,2.717635951102516174e+03
726.5825857784921,2.712097290876084116e+03
726.6564232085193,2.718251357794341857e+03
726.730349586392,2.686865616511228382e+03
726.8042645953695,2.702250783806872278e+03
726.8781153887404,2.714558917643387304e+03
726.9520393221525,2.688711836586705886e+03
727.0258672943038,2.707789444033303880e+03
727.0997948515045,2.687481023203054065e+03
727.1736528398144,2.682557769668448145e+03
727.2475046789152,2.681942362976622462e+03
727.3214244199837,2.687481023203054065e+03
727.3952533686669,2.674557482674713356e+03
727.4691766890326,2.694865903504963171e+03
727.5430356383624,2.675172889366539039e+03
727.6168831154938,2.688096429894880202e+03
727.6907985389481,2.664095568913675834e+03
727.7646495352022,2.649941215001683304e+03
727.838494332822,2.661018535454546964e+03
727.9123488191613,2.649941215001683304e+03
727.986271291593,2.657326095303592410e+03
728.0601080662049,2.634556047706039863e+03
728.1339810274446,2.648710401618031938e+03
728.2078212555151,2.641325521316122831e+03
728.2817295008361,2.648710401618031938e+03
728.3555996998778,2.622863320561350520e+03
728.429453049297,2.625940354020479390e+03
728.5033054557948,2.617324660334918462e+03
728.577140989502,2.632709827630562359e+03
728.6509914915385,2.637633081165168278e+03
728.7248569664563,2.616093846951267096e+03
728.7987108614303,2.622247913869524837e+03
728.872558477417,2.605016526498403437e+03
728.9464688832253,2.598862459580146151e+03
729.0203145595359,2.616709253643092779e+03
729.0941805149681,2.596400832812842964e+03
729.1680295392798,2.600708679655623200e+03
729.2418722535059,2.600708679655623200e+03
729.3156767351837,2.601939493039275021e+03
729.3895227579071,2.592708392661888411e+03
729.4633837365335,2.590862172586411361e+03
729.5372330643772,2.581015665517199523e+03
729.6110920231105,2.576707818674419286e+03
729.6849499652391,2.572399971831639050e+03
729.7587909091665,2.593939206045540232e+03
729.832646799371,2.577323225366244969e+03
729.9064377258716,2.563168871454252439e+03
729.9802755476569,2.569322938372510180e+03
730.0541496290818,2.563784278146078123e+03
730.1279906863275,2.550245330925911730e+03
730.2018413503896,2.555783991152343788e+03
730.2756322932343,2.550860737617737414e+03
730.3494914925877,2.538552603781222388e+03
730.4233389576001,2.530552316787487598e+03
730.497121314011,2.517013369567321206e+03
730.5709933006522,2.517628776259146889e+03
730.6448321837362,2.512090116032715287e+03
730.7186379386568,2.518244182950972572e+03
730.7924799682986,2.525629063252881679e+03
730.8662835069548,2.502243608963503448e+03
730.940128667791,2.507166862498109367e+03
731.0139673771906,2.499781982196200261e+03
731.0877622124666,2.492397101894291154e+03
731.1616307539186,2.475781121214995892e+03
731.2354072830598,2.488089255051510918e+03
731.3092735761231,2.483781408208730682e+03
731.3830531589755,2.472704087755867022e+03
731.4569011330443,2.453626480309269027e+03
731.5307105078027,2.477627341290473396e+03
731.6044812553652,2.478242747982299079e+03
731.6783471861277,2.447472413391011287e+03
731.7521477148499,2.456088107076571760e+03
731.8259899112759,2.452395666925617206e+03
731.899766660658,2.440702939780928318e+03
731.9735636445379,2.436395092938148082e+03
732.0473701527895,2.436395092938148082e+03
732.1212183467612,2.437010499629973765e+03
732.195006386356,2.435779686246321944e+03
732.2688093011474,2.424702365793458739e+03
732.3426485486638,2.419163705567026682e+03
732.4164544099781,2.425317772485284422e+03
732.4902214949792,2.406855571730511656e+03
732.5640302732379,2.416086672107898266e+03
732.6378270896475,2.386547150900261840e+03
732.7116656191168,2.396393657969474134e+03
732.7854653361854,2.390854997743042532e+03
732.8592530670325,2.393932031202170947e+03
732.9330341718326,2.382854710749307742e+03
733.0068247610646,2.376085237139224319e+03
733.0806302100424,2.369931170220966578e+03
733.1544290226378,2.371161983604618399e+03
733.2282104378809,2.355161409617148820e+03
733.3020120820065,2.357007629692625869e+03
733.3758016923423,2.367469543453663846e+03
733.4495738776542,2.347161122623414030e+03
733.5233662868974,2.349622749390717217e+03
733.5971735461529,2.336083802170550371e+03
733.6709687462483,2.345314902547936526e+03
733.7447518754218,2.338545428937853558e+03
733.818549846392,2.324391075025861028e+03
733.8923357337387,2.329929735252293085e+03
733.9660610421337,2.313929161264823506e+03
734.039849657903,2.318852414799429425e+03
734.113653111708,2.320698634874906929e+03
734.1874498467755,2.318237008107603742e+03
734.2612290717857,2.325006481717687166e+03
734.3349476318791,2.302236434120134163e+03
734.4087618993168,2.315159974648474872e+03
734.4825316665394,2.303467247503785529e+03
734.5563216510071,2.304082654195611212e+03
734.6300724954872,2.313313754572997823e+03
734.7038651403906,2.292389927050922324e+03
734.7776456166251,2.290543706975444820e+03
734.8513869120628,2.293620740434573690e+03
734.9251700158896,2.277620166447104111e+03
734.99889230638,2.298543993969179610e+03
735.0727050353661,2.275158539679800924e+03
735.1464785471829,2.270235286145195005e+03
735.220218219237,2.283158826673535714e+03
735.2939943121419,2.251157678698597010e+03
735.367736543824,2.256696338925028613e+03
735.4415206118363,2.252388492082248376e+03
735.5152599796714,2.245003611780339270e+03
735.5890466014831,2.259157965692331800e+03
735.662766849309,2.253619305465899743e+03
735.7365830712438,2.237003324786604480e+03
735.8103058246913,2.242541985013036538e+03
735.8840433540496,2.245003611780339270e+03
735.957822745456,2.254234712157725426e+03
736.0315681756952,2.254234712157725426e+03
736.1052958754302,2.241926578321210400e+03
736.1790654451154,2.245619018472164953e+03
736.252801015933,2.230233851176521512e+03
736.326545937147,2.234541698019301748e+03
736.4003381699183,2.239464951553907667e+03
736.4740584115469,2.201925143352536907e+03
736.5477988397872,2.237003324786604480e+03
736.6215269056551,2.233926291327475610e+03
736.6952425972906,2.218541124031832169e+03
736.7690544685436,2.220387344107309218e+03
736.8427725447069,2.216694903956354665e+03
736.9165053742005,2.211156243729923062e+03
736.9902258037228,2.206232990195317143e+03
737.0639609845649,2.206848396887142826e+03
737.137689186275,2.198848109893408036e+03
737.2114267046566,2.197617296509756670e+03
737.2851517972983,2.201925143352536907e+03
737.358897074205,2.203155956736188273e+03
737.4326244765816,2.190847822899673247e+03
737.5063448675909,2.184693755981415961e+03
737.5800799995792,2.187770789440544377e+03
737.6538026703106,2.176078062295855034e+03
737.7275346375662,2.189001602824196198e+03
737.8012595719805,2.168693181993946382e+03
737.8749992432967,2.180385909138635725e+03
737.9487264275168,2.183462942597764140e+03
738.022468346593,2.157615861541082722e+03
738.0961977656417,2.161308301692037276e+03
738.169865632222,2.159462081616559772e+03
738.2435972558687,2.172385622144900935e+03
738.3173218057595,2.152692608006476803e+03
738.3910556298822,2.166846961918468878e+03
738.4647823694751,2.154538828081953852e+03
738.5384638351453,2.136692034019007224e+03
738.612192738524,2.154538828081953852e+03
738.685909081362,2.134230407251704037e+03
738.7595855634423,2.126230120257969247e+03
738.8332985789483,2.129922560408923800e+03
738.9070317658445,2.114537393113280359e+03
738.9807032179243,2.121306866723363328e+03
739.0544385201678,2.115768206496931725e+03
739.1281065918952,2.102229259276765333e+03
739.2018439933116,2.113306579729628538e+03
739.2755687822585,2.098536819125810780e+03
739.3492317494262,2.091151938823901673e+03
739.4229859424029,2.088074905364772803e+03
739.4966509491076,2.090536532132075990e+03
739.5703798618135,2.074535958144606411e+03
739.6440468874771,2.062227824308091385e+03
739.7177778366447,2.071458924685477541e+03
739.791446866122,2.066535671150871622e+03
739.8651032005454,2.062227824308091385e+03
739.9388289543585,2.064689451075394118e+03
740.0125146409633,2.064689451075394118e+03
740.086187618405,2.048688877087924993e+03
740.1599026583724,2.043150216861492936e+03
740.2335830692062,2.038842370018712700e+03
740.3072452674804,2.039457776710538610e+03
740.3809769441689,2.038842370018712700e+03
740.4546465508478,2.036996149943235650e+03
740.5283253357537,2.023457202723069031e+03
740.6019968452496,2.034534523175932463e+03
740.6757323886792,2.015456915729334241e+03
740.7493783611862,2.007456628735599452e+03
740.8230664214437,1.999456341741864662e+03
740.8967416974003,2.009302848811076728e+03
740.9704041770528,1.991456054748129873e+03
741.0440813057113,1.985301987829872360e+03
741.1177456249695,1.980378734295266440e+03
741.1914740338814,1.984071174446220994e+03
741.265145682029,1.974224667377008927e+03
741.3387990020083,1.985301987829872360e+03
741.4124669600711,1.973609260685183244e+03
741.4861550585991,1.978532514219789164e+03
741.5598248114671,1.963762753615971178e+03
741.6334872037764,1.958839500081365259e+03
741.7070817125386,1.956377873314062072e+03
741.7807678621677,1.962531940232319585e+03
741.8544191228816,1.951454619779456152e+03
741.9281125335501,1.938531079251115443e+03
742.0017600242695,1.927453758798251783e+03
742.0754276444354,1.930530792257380654e+03
742.1491098938311,1.935454045791986573e+03
742.2227792320809,1.926838352106426100e+03
742.2963860567804,1.923145911955471547e+03
742.3700570824167,1.924992132030948824e+03
742.4437151716932,1.931761605641032020e+03
742.5173878791576,1.905299117892524919e+03
742.5909980073593,1.909606964735305155e+03
742.6646723713906,1.900991271049744682e+03
742.7383392893086,1.908376151351653562e+03
742.8119656461523,1.899760457666093089e+03
742.8856286765096,1.909606964735305155e+03
742.9592842387771,1.899760457666093089e+03
743.0328991982909,1.894837204131487169e+03
743.1065563576633,1.893606390747835576e+03
743.1801728901319,1.868374716382979841e+03
743.2538592524501,1.883759883678623510e+03
743.3274497210764,1.866528496307502564e+03
743.4011100282263,1.871451749842108484e+03
743.4747296601421,1.869605529766631207e+03
743.5483970465806,1.865297682923850971e+03
743.6220182060574,1.870220936458457118e+03
743.6956816000841,1.862220649464722328e+03
743.7692821427946,1.834527348332563406e+03
743.8429470520473,1.868990123074805524e+03
743.916576747615,1.838219788483517959e+03
743.990165669035,1.865297682923850971e+03
744.0638466591978,1.839450601867169553e+03
744.1374370340701,1.852374142395510262e+03
744.2110696595498,1.859143616005593458e+03
744.284716858413,1.843758448709949789e+03
744.3583232280512,1.835142755024389317e+03
744.4319496995879,1.855451175854638905e+03
744.5055574804348,1.835758161716215000e+03
744.5791520991629,1.829604094797957487e+03
744.6528444452033,1.824680841263351567e+03
744.7264460022811,1.825296247955177250e+03
744.8000565630955,1.822834621187874291e+03
744.8736594835683,1.828373281414305893e+03
744.9472714032472,1.835758161716215000e+03
745.0208756714717,1.812988114118662224e+03
745.094494486024,1.815449740885965184e+03
745.168100087441,1.811757300735010631e+03
745.2416924635781,1.821603807804222697e+03
745.3152993770332,1.811757300735010631e+03
745.3889152760675,1.808064860584056305e+03
745.4625290474098,1.801910793665798792e+03
745.5361240107667,1.808680267275881988e+03
745.609733506721,1.812372707426836541e+03
745.6833575395775,1.807449453892230395e+03
745.7569683059694,1.799449166898495605e+03
745.8305713563644,1.803141607049450158e+03
745.9041833730809,1.795756726747541279e+03
745.9777876626403,1.788987253137457856e+03
746.0514009139459,1.787756439753806490e+03
746.1249507566789,1.797602946823018328e+03
746.1985429433485,1.792064286596586726e+03
746.2721496486159,1.789602659829283766e+03
746.3457708767787,1.804987827124927435e+03
746.4193230608547,1.792679693288412409e+03
746.4929176060401,1.774217492533639870e+03
746.5665266650274,1.770525052382685317e+03
746.640066621393,1.775448305917291464e+03
746.7136768253059,1.780986966143723066e+03
746.7873015449047,1.771755865766336910e+03
746.8608348022583,1.779756152760071700e+03
746.934460649653,1.763140172080776438e+03
747.0080507927156,1.756986105162518925e+03
747.0815940434294,1.774217492533639870e+03
747.1552131827909,1.761293952005299161e+03
747.2287630801482,1.748370411476958452e+03
747.3023777208953,1.755139885087041648e+03
747.3759007391845,1.758832325237996201e+03
747.4495220280663,1.761909358697124844e+03
747.5230740040879,1.741600937866875029e+03
747.5966125121065,1.739754717791397752e+03
747.6702213915038,1.748370411476958452e+03
747.7437608993716,1.726831177263057043e+03
747.8173763904779,1.726215770571231360e+03
747.8909168833824,1.736062277640443426e+03
747.9644718416794,1.738523904407746386e+03
748.0380188872018,1.736677684332269109e+03
748.111630768237,1.713907636734716334e+03
748.1851787691317,1.714523043426542017e+03
748.2587356337701,1.707138163124633138e+03
748.3322845630789,1.712061416659239057e+03
748.405875958131,1.708368976508284504e+03
748.4794258064913,1.705907349740981545e+03
748.5529901125466,1.713907636734716334e+03
748.626540858474,1.710215196583761781e+03
748.7000780320159,1.709599789891936098e+03
748.7736296540094,1.705907349740981545e+03
748.8471676901079,1.705907349740981545e+03
748.920776260387,1.692368402520814925e+03
748.994315154041,1.699753282822724032e+03
749.0678741021718,1.707753569816458821e+03
749.1414138274398,1.689291369061686282e+03
749.2149736068789,1.680675675376125810e+03
749.2885141477188,1.670213761615088060e+03
749.362046665244,1.680675675376125810e+03
749.4355374512597,1.675137015149693980e+03
749.5090988297237,1.680060268684299899e+03
749.5826465568359,1.675752421841519663e+03
749.656175000463,1.665905914772307824e+03
749.7297234916311,1.661598067929527588e+03
749.803286415846,1.664675101388656230e+03
749.8768356615918,1.668367541539610784e+03
749.9503205982728,1.664059694696830547e+03
750.0238705670453,1.648059120709360968e+03
750.0974068314757,1.644366680558406415e+03
750.170963144645,1.649289934093012562e+03
750.2444438267519,1.644982087250232098e+03
750.318000832892,1.653597780935792798e+03
750.3915384788514,1.648059120709360968e+03
750.4650398530696,1.635135580181020259e+03
750.5385837931271,1.633289360105542983e+03
750.6121083437756,1.629596919954588429e+03
750.6855965835151,1.632673953413717072e+03
750.7591555782365,1.608673092432512931e+03
750.8326444278694,1.620981226269027957e+03
750.9061758589805,1.616057972734421810e+03
750.9796652967866,1.614827159350770444e+03
751.053225528571,1.601903618822429735e+03
751.1267211857668,1.603134432206081101e+03
751.2002538005404,1.603134432206081101e+03
751.2737443726544,1.593287925136869035e+03
751.347283196831,1.582826011375831285e+03
751.4207743095347,1.588364671602263115e+03
751.4942572105898,1.589595484985914709e+03
751.567805321994,1.577902757841225366e+03
751.641288735935,1.572979504306619447e+03
751.7147865207419,1.579748977916702643e+03
751.7883269399143,1.580364384608528326e+03
751.8618252198199,1.570517877539316260e+03
751.9353096018531,1.572364097614793536e+03
752.0087800736492,1.572364097614793536e+03
752.082349748397,1.566825437388361934e+03
752.1558206716313,1.563132997237407380e+03
752.2293059510168,1.564979217312884657e+03
752.3028112503567,1.546517016558112118e+03
752.3762686487676,1.554517303551846908e+03
752.4497687028702,1.552055676784543721e+03
752.5232604672466,1.548978643325415078e+03
752.5967892449822,1.546517016558112118e+03
752.6702814069297,1.532362662646119816e+03
752.74378792351,1.542209169715331882e+03
752.8172521255437,1.550824863400892355e+03
752.890753342267,1.537901322872551646e+03
752.9642462347487,1.540978356331680288e+03
753.0377251232514,1.520669935501430473e+03
753.111218354199,1.528054815803339579e+03
753.1846408387155,1.533593476029771182e+03
753.2581116847355,1.532362662646119816e+03
753.331591190779,1.518208308734127513e+03
753.4050850339123,1.510208021740392724e+03
753.4785648318334,1.518823715425953196e+03
753.552064642568,1.516977495350475920e+03
753.6254879218887,1.513285055199521594e+03
753.698987997613,1.516977495350475920e+03
753.7724683210844,1.510823428432218407e+03
753.845940242228,1.502823141438483844e+03
753.9193696482735,1.492361227677445868e+03
753.9928702112186,1.497284481212052015e+03
754.0663566760842,1.502823141438483844e+03
754.1397721577508,1.500361514671180657e+03
754.2132588199502,1.501592328054832251e+03
754.286731357841,1.489284194218317225e+03
754.3601613060175,1.499746107979354974e+03
754.433662469434,1.486207160759188355e+03
754.5070697940439,1.481283907224582435e+03
754.580571120139,1.476976060381802199e+03
754.6540013426822,1.483130127300059712e+03
754.7274800348059,1.486822567451014265e+03
754.8009103674891,1.478206873765453793e+03
754.8743891803196,1.479437687149105159e+03
754.9478196065738,1.476976060381802199e+03
755.0212985235391,1.471437400155370369e+03
755.0947347284628,1.468360366696241726e+03
755.1681567061893,1.470821993463544686e+03
755.2416500027333,1.480053093840931069e+03
755.3150720303312,1.457283046243378067e+03
755.3884798044081,1.459129266318855343e+03
755.4619874570354,1.457283046243378067e+03
755.535395250506,1.457283046243378067e+03
755.6088173113466,1.452359792708772147e+03
755.6822593542736,1.454206012784249424e+03
755.7557385217809,1.457283046243378067e+03
755.8291520013627,1.448667352557817594e+03
755.9025740310907,1.458513859627029660e+03
755.9760160417866,1.459129266318855343e+03
756.0494380281855,1.459129266318855343e+03
756.122851408895,1.465898739928938767e+03
756.196279048058,1.464667926545287173e+03
756.2697209498288,1.456052232859726701e+03
756.3431485156143,1.454821419476075107e+03
756.4166132278519,1.447436539174166228e+03
756.490046430767,1.435743812029476885e+03
756.563402310791,1.441282472255908715e+03
756.6368296685728,1.441897878947734398e+03
756.710271280547,1.431435965186696649e+03
756.7836985147853,1.438205438796779845e+03
756.8571170870929,1.440051658872257121e+03
756.9305441765948,1.433282185262173925e+03
757.0039625924522,1.433282185262173925e+03
757.0773895204559,1.431435965186696649e+03
757.1508077630942,1.421589458117484583e+03
757.2241829078598,1.424051084884787542e+03
757.2975952154935,1.416666204582878663e+03
757.3710274951507,1.419127831350181623e+03
757.4444453309834,1.418512424658355940e+03
757.5178200187852,1.417897017966530029e+03
757.5912376210018,1.409896730972795240e+03
757.664669455667,1.402511850670886361e+03
757.7380294018718,1.401896443979060678e+03
757.8114609832415,1.395126970368977254e+03
757.884883822762,1.412358357740098427e+03
757.9582576961611,1.397588597136280441e+03
758.0316745087733,1.404358070746363637e+03
758.1050538201592,1.393896156985325888e+03
758.1784703328954,1.408050510897318190e+03
758.2518205742088,1.385280463299765415e+03
758.3252712680576,1.385895869991591098e+03
758.3986211596865,1.391434530218022928e+03
758.4720370175761,1.400665630595409084e+03
758.545415305501,1.387126683375242465e+03
758.6187790176235,1.387126683375242465e+03
758.692185702744,1.378510989689681992e+03
758.7655490229096,1.374818549538727439e+03
758.8389841161411,1.380972616456984952e+03
758.9123470329839,1.379126396381507902e+03
758.985729896929,1.372972329463250389e+03
759.0590923834825,1.369895296004121519e+03
759.1324978677417,1.366202855853166966e+03
759.2058656754364,1.361895009010386730e+03
759.2792419009955,1.361279602318561047e+03
759.3526092466964,1.363741229085864006e+03
759.4259619360007,1.365587449161341283e+03
759.4993807137987,1.353894722016651940e+03
759.5727617631621,1.352048501941174663e+03
759.6461281405926,1.345894435022917150e+03
759.7194798334775,1.347125248406568744e+03
759.79284569346,1.347125248406568744e+03
759.8662199506782,1.347740655098394427e+03
759.9395910557283,1.331124674419099165e+03
760.0129416740881,1.336663334645530995e+03
760.0863064536592,1.326816827576318929e+03
760.1596565064068,1.332355487802750758e+03
760.2330264969562,1.337894148029182588e+03
760.3064048714377,1.334201707878228035e+03
760.3797685035091,1.324970607500841652e+03
760.4531231634235,1.325586014192667562e+03
760.5264341378603,1.319431947274410049e+03
760.5997823891312,1.324970607500841652e+03
760.6731505760081,1.327432234268144839e+03
760.7465329185825,1.329278454343621888e+03
760.8198946901349,1.321278167349887326e+03
760.893195347572,1.321278167349887326e+03
760.9665564561759,1.310816253588849349e+03
761.039908545017,1.312662473664326626e+03
761.1132805694576,1.323124387425364375e+03
761.186574038077,1.310200846897023666e+03
761.2599395757078,1.310200846897023666e+03
761.3332612942629,1.305277593362417747e+03
761.4066319227295,1.294200272909554087e+03
761.4799819030882,1.296661899676857274e+03
761.5532938204132,1.297892713060508640e+03
761.6266430583955,1.289277019374948168e+03
761.6999542102297,1.283738359148516338e+03
761.7733026886444,1.292354052834077038e+03
761.8466130577877,1.280045918997562012e+03
761.9199955907541,1.285584579223993615e+03
761.9932761350078,1.273276445387478589e+03
762.0665998139598,1.280661325689387695e+03
762.1399666484456,1.279430512305736102e+03
762.2132604654904,1.265891565085569709e+03
762.2866264890819,1.266506971777395393e+03
762.3599194586624,1.265891565085569709e+03
762.4332265236651,1.267122378469221076e+03
762.5065244315081,1.251121804481751724e+03
762.5798887714861,1.264045345010092433e+03
762.653209066283,1.265276158393743799e+03
762.726491103933,1.256660464708183326e+03
762.7998163192037,1.259122091475486286e+03
762.8731789131846,1.243736924179842617e+03
762.9464741276457,1.251121804481751724e+03
763.0197834275534,1.246813957638971260e+03
763.0930777014148,1.235121230494282145e+03
763.1663802334256,1.228967163576024632e+03
763.2396735482423,1.232044197035153275e+03
763.312980942364,1.245583144255319894e+03
763.3863024198473,1.233890417110630551e+03
763.4595855263992,1.222813096657767119e+03
763.5329060235777,1.240044484028888064e+03
763.6062114503713,1.233275010418804868e+03
763.6795017940418,1.238198263953410788e+03
763.7528120409493,1.232044197035153275e+03
763.8261013583818,1.218505249814986882e+03
763.8994105781957,1.222197689965941436e+03
763.9727280347157,1.216659029739509606e+03
764.0459486507003,1.208043336053949133e+03
764.1192708849686,1.217274436431335289e+03
764.1925721540134,1.228351756884198721e+03
764.265864123763,1.195735202217434107e+03
764.339170153393,1.206812522670297540e+03
764.4124025979912,1.206197115978471857e+03
764.4857075207827,1.192042762066479554e+03
764.5590265043799,1.203120082519342986e+03
764.6322718534416,1.206812522670297540e+03
764.7055663242454,1.193888982141956831e+03
764.7788689989354,1.196966015601085473e+03
764.8520979783581,1.198196828984737067e+03
764.9254053449329,1.188965728607350684e+03
764.9986623906358,1.177888408154487252e+03
765.0719685894694,1.193888982141956831e+03
765.1451951672625,1.192042762066479554e+03
765.2185001752471,1.189581135299176594e+03
765.2917606634498,1.196350608909259790e+03
765.3650586119669,1.182196254997267488e+03
765.438288577042,1.184042475072744764e+03
765.5115911575078,1.181580848305441805e+03
765.5848491670143,1.179734628229964528e+03
765.6580918875516,1.177888408154487252e+03
765.7313779407682,1.177888408154487252e+03
765.8046193790093,1.182811661689093171e+03
765.8778806952203,1.176042188079009975e+03
765.9511794972256,1.179119221538138845e+03
766.0244043117671,1.176042188079009975e+03
766.0976489972652,1.175426781387184292e+03
766.1709018207467,1.175426781387184292e+03
766.2441451689594,1.185273288456396358e+03
766.31745537396,1.177273001462661568e+03
766.3906973785047,1.170503527852578145e+03
766.4639240114803,1.170503527852578145e+03
766.5371587632285,1.167426494393449502e+03
766.610413388223,1.170503527852578145e+03
766.6836526256157,1.170503527852578145e+03
766.7569058583788,1.159426207399714713e+03
766.8301436890999,1.166811087701623819e+03
766.9033661049401,1.156964580632411753e+03
766.9766319183701,1.156349173940586070e+03
767.049858779082,1.158810800707889030e+03
767.1230937389751,1.149579700330502646e+03
767.196342684586,1.155118360556934476e+03
767.2695820718163,1.153272140481457200e+03
767.3427706741372,1.144041040104071044e+03
767.4160085761127,1.150810513714154240e+03
767.4892545691928,1.139733193261290808e+03
767.5624909794419,1.147118073563199687e+03
767.6357413679548,1.138502379877639214e+03
767.7089173321764,1.148348886946851280e+03
767.7821603029794,1.145887260179548321e+03
767.8553936664732,1.139733193261290808e+03
767.928641001735,1.145887260179548321e+03
768.001843330076,1.137271566493987621e+03
768.0750596156819,1.147118073563199687e+03
768.1482662604737,1.138502379877639214e+03
768.2215104680862,1.136040753110336254e+03
768.2947391311019,1.132963719651207384e+03
768.3679227171707,1.128040466116601465e+03
768.441155676817,1.127425059424775782e+03
768.5143376298478,1.121886399198343952e+03
768.5875985030231,1.122501805890169635e+03
768.6607551772538,1.130502092883904425e+03
768.7340085126597,1.122501805890169635e+03
768.8071930624363,1.119424772431040992e+03
768.8803619892306,1.119424772431040992e+03
768.9535980606818,1.120655585814692358e+03
769.0267948587721,1.107732045286351649e+03
769.0999760176759,1.116347738971912122e+03
769.1732302685929,1.108962858670003243e+03
769.2464097142773,1.109578265361828926e+03
769.3195794118245,1.100962571676268453e+03
769.3928163071785,1.109578265361828926e+03
769.4660079399233,1.100962571676268453e+03
769.5391838897698,1.118193959047389399e+03
769.6123796819868,1.110193672053654609e+03
769.6855538548153,1.123117212581995318e+03
769.7587182425186,1.124348025965646912e+03
769.8319202468393,1.106501231902700056e+03
769.9051421026546,1.096039318141662307e+03
769.97834824532,1.099116351600791177e+03
770.0515030831361,1.105270418519048690e+03
770.1247074085248,1.099731758292616860e+03
770.1978663329771,1.099731758292616860e+03
770.2710688242653,1.096039318141662307e+03
770.3442258887268,1.098500944908965494e+03
770.4173671736539,1.104655011827223007e+03
770.4905282854356,1.083115777613321598e+03
770.5637270444658,1.092346877990707981e+03
770.6369100189285,1.084346590996973191e+03
770.7100771958651,1.086192811072450468e+03
770.7832642087253,1.084961997688798874e+03
770.856459180459,1.086808217764276151e+03
770.9295551317979,1.076961710695064085e+03
771.0027481693259,1.072653863852283848e+03
771.0759313239301,1.067115203625852018e+03
771.1490926926053,1.076346304003238401e+03
771.2222144154819,1.067730610317677929e+03
771.2954094963922,1.067730610317677929e+03
771.368588721728,1.071423050468632255e+03
771.4417223223901,1.066499796934026335e+03
771.5148995537488,1.059730323323943139e+03
771.5880013670636,1.052960849713859716e+03
771.6612063537742,1.051730036330208350e+03
771.734306117772,1.049883816254731073e+03
771.8074852581613,1.048653002871079480e+03
771.8806127402132,1.048037596179253796e+03
771.953783876625,1.045575969411950837e+03
772.0269152446992,1.045575969411950837e+03
772.1000843158894,1.041883529260996283e+03
772.1732135949969,1.043729749336473560e+03
772.2463209463975,1.039421902493693324e+03
772.3195077548475,1.035729462342738771e+03
