X,Y
534.0051269287335,3.127000000000000000e+03
534.0808105837979,3.180000000000000000e+03
534.1564941245075,3.191000000000000000e+03
534.2322387608131,3.212000000000000000e+03
534.3079223194351,3.193000000000000000e+03
534.3836059646314,3.219000000000000000e+03
534.459289487409,3.230000000000000000e+03
534.534973107135,3.246000000000000000e+03
534.6106567862021,3.225000000000000000e+03
534.6863402868432,3.232000000000000000e+03
534.7620238571769,3.209000000000000000e+03
534.8377074881613,3.216000000000000000e+03
534.9134522313972,3.254000000000000000e+03
534.9891358020897,3.261000000000000000e+03
535.0648193202943,3.265000000000000000e+03
535.140502776876,3.277000000000000000e+03
535.2161864491509,3.306000000000000000e+03
535.2918700416792,3.303000000000000000e+03
535.367553831929,3.322000000000000000e+03
535.4432372375885,3.335000000000000000e+03
535.5189208228152,3.356000000000000000e+03
535.594604578686,3.362000000000000000e+03
535.6702882093306,3.361000000000000000e+03
535.745971418549,3.381000000000000000e+03
535.8216553453357,3.393000000000000000e+03
535.8973391196765,3.412000000000000000e+03
535.9730227323798,3.415000000000000000e+03
536.0487061742487,3.400000000000000000e+03
536.1243894360814,3.396000000000000000e+03
536.2000730836918,3.441000000000000000e+03
536.275756820763,3.404000000000000000e+03
536.3514406383212,3.422000000000000000e+03
536.4271239518794,3.423000000000000000e+03
536.5028079033076,3.441000000000000000e+03
536.5784913324379,3.446000000000000000e+03
536.6541748057845,3.467000000000000000e+03
536.7298583143477,3.478000000000000000e+03
536.8055421372837,3.498000000000000000e+03
536.8812254011024,3.466000000000000000e+03
536.9569092495924,3.483000000000000000e+03
537.0325928090099,3.497000000000000000e+03
537.1082763585715,3.496000000000000000e+03
537.1839598892475,3.535000000000000000e+03
537.2596436806508,3.521000000000000000e+03
537.3353268577979,3.547000000000000000e+03
537.411010566398,3.556000000000000000e+03
537.4866335528031,3.542000000000000000e+03
537.5623168365025,3.571000000000000000e+03
537.6380003360828,3.563000000000000000e+03
537.7136843318589,3.572000000000000000e+03
537.7893676583791,3.608000000000000000e+03
537.8650511739759,3.599000000000000000e+03
537.940734869813,3.615000000000000000e+03
538.0164184475874,3.619000000000000000e+03
538.0920408046188,3.617000000000000000e+03
538.1677246810524,3.627000000000000000e+03
538.2434084124591,3.640000000000000000e+03
538.3190919897331,3.639000000000000000e+03
538.3947756936324,3.640000000000000000e+03
538.4704589353845,3.663000000000000000e+03
538.5461425757196,3.662000000000000000e+03
538.6217653920648,3.658000000000000000e+03
538.6974486256656,3.685000000000000000e+03
538.7731322312683,3.690000000000000000e+03
538.8488156195046,3.690000000000000000e+03
538.9244993621073,3.670000000000000000e+03
539.0001221504488,3.693000000000000000e+03
539.0758056867688,3.703000000000000000e+03
539.1514895509623,3.715000000000000000e+03
539.2271725712882,3.729000000000000000e+03
539.3027954051873,3.739000000000000000e+03
539.378479310497,3.736000000000000000e+03
539.4541629264281,3.770000000000000000e+03
539.5298462437939,3.753000000000000000e+03
539.6054689803647,3.743000000000000000e+03
539.6811522386217,3.787000000000000000e+03
539.7568363363963,3.786000000000000000e+03
539.832519225528,3.808000000000000000e+03
539.9081423044014,3.831000000000000000e+03
539.9838259373797,3.803000000000000000e+03
540.0595095003099,3.835000000000000000e+03
540.1351320092971,3.829000000000000000e+03
540.2108150962631,3.845000000000000000e+03
540.2864989617823,3.844000000000000000e+03
540.362121111465,3.872000000000000000e+03
540.4378056155781,3.852000000000000000e+03
540.5134888278695,3.850000000000000000e+03
540.5891111220752,3.885000000000000000e+03
540.6647949195459,3.883000000000000000e+03
540.7404782741969,3.881000000000000000e+03
540.8161009254455,3.883000000000000000e+03
540.8917848125893,3.906000000000000000e+03
540.9674685225426,3.905000000000000000e+03
541.0430911589102,3.912000000000000000e+03
541.1187741775063,3.903000000000000000e+03
541.194457870279,3.927000000000000000e+03
541.2700807045082,3.924000000000000000e+03
541.3457636520761,3.929000000000000000e+03
541.4213865683067,3.928000000000000000e+03
541.497070200242,3.960000000000000000e+03
541.5727541699249,3.983000000000000000e+03
541.648376858336,3.961000000000000000e+03
541.7240599931954,3.950000000000000000e+03
541.7996829685276,4.009000000000000000e+03
541.8753664065381,4.006000000000000000e+03
541.950988459017,4.016000000000000000e+03
542.0266721649095,4.002000000000000000e+03
542.1022953150494,4.036000000000000000e+03
542.1779780782617,4.039000000000000000e+03
542.2536014098382,4.062000000000000000e+03
542.329284076073,4.031000000000000000e+03
542.4049075539548,4.106000000000000000e+03
542.4805912648831,4.092000000000000000e+03
542.5562136767595,4.107000000000000000e+03
542.631897220388,4.108000000000000000e+03
542.7075197075332,4.123000000000000000e+03
542.7832033429272,4.132000000000000000e+03
542.8588255754784,4.133000000000000000e+03
542.9345092673785,4.152000000000000000e+03
543.0101320942985,4.162000000000000000e+03
543.0858158076525,4.182000000000000000e+03
543.1614377193954,4.182000000000000000e+03
543.2371220089141,4.195000000000000000e+03
543.3127444450705,4.196000000000000000e+03
543.3884278000902,4.237000000000000000e+03
543.4640501352047,4.200000000000000000e+03
543.5396728412053,4.226000000000000000e+03
543.6153561952086,4.220000000000000000e+03
543.6909787475163,4.269000000000000000e+03
543.7666625552929,4.222000000000000000e+03
543.8422846228852,4.254000000000000000e+03
543.917907905318,4.272000000000000000e+03
543.9935909887698,4.262000000000000000e+03
544.0692140297832,4.268000000000000000e+03
544.1448361882029,4.333000000000000000e+03
544.220519947648,4.261000000000000000e+03
544.2961426997966,4.319000000000000000e+03
544.3718261809979,4.330000000000000000e+03
544.4474486032625,4.306000000000000000e+03
544.5230709870222,4.356000000000000000e+03
544.5987550137446,4.312000000000000000e+03
544.6743770145879,4.338000000000000000e+03
544.7500001373947,4.337000000000000000e+03
544.8256222965063,4.386000000000000000e+03
544.9013064288619,4.386000000000000000e+03
544.976929025401,4.380000000000000000e+03
545.0525518192319,4.395000000000000000e+03
545.1282345318966,4.400000000000000000e+03
545.2038574139079,4.435000000000000000e+03
545.27947957532,4.432000000000000000e+03
545.3551027912747,4.417000000000000000e+03
545.4307859578726,4.450000000000000000e+03
545.5064085974922,4.444000000000000000e+03
545.582031075963,4.487000000000000000e+03
545.6576539799133,4.489000000000000000e+03
545.7333374615957,4.477000000000000000e+03
545.8089603143547,4.537000000000000000e+03
545.8845823750287,4.501000000000000000e+03
545.9602051246089,4.539000000000000000e+03
546.0358279586479,4.553000000000000000e+03
546.1115111125337,4.542000000000000000e+03
546.1871341062584,4.577000000000000000e+03
546.2627559649052,4.566000000000000000e+03
546.3383790667153,4.592000000000000000e+03
546.4140010154777,4.597000000000000000e+03
546.4896238920949,4.619000000000000000e+03
546.5653080328324,4.656000000000000000e+03
546.6409297699242,4.646000000000000000e+03
546.7165527083374,4.643000000000000000e+03
546.7921753454747,4.650000000000000000e+03
546.8677979714669,4.651000000000000000e+03
546.9434205776232,4.673000000000000000e+03
547.0190431552487,4.690000000000000000e+03
547.0946647977053,4.683000000000000000e+03
547.1703492667542,4.712000000000000000e+03
547.2459723224066,4.701000000000000000e+03
547.3215944163495,4.743000000000000000e+03
547.3972173369806,4.705000000000000000e+03
547.4728389782355,4.726000000000000000e+03
547.5484617288662,4.734000000000000000e+03
547.6240849813485,4.729000000000000000e+03
547.6997072275658,4.722000000000000000e+03
547.7753302583766,4.758000000000000000e+03
547.8509522649341,4.777000000000000000e+03
547.9265750390812,4.767000000000000000e+03
548.0021964706609,4.766000000000000000e+03
548.0778207553666,4.802000000000000000e+03
548.1534418774738,4.822000000000000000e+03
548.2290652357153,4.829000000000000000e+03
548.3046878169241,4.800000000000000000e+03
548.3803093111,4.812000000000000000e+03
548.4559330175531,4.835000000000000000e+03
548.5315556197277,4.850000000000000000e+03
548.6071771080813,4.875000000000000000e+03
548.6828010856999,4.862000000000000000e+03
548.7584221255744,4.809000000000000000e+03
548.834045337373,4.848000000000000000e+03
548.9096673999533,4.856000000000000000e+03
548.9852904134418,4.882000000000000000e+03
549.0609137670749,4.908000000000000000e+03
549.1364750314843,4.900000000000000000e+03
549.2120978166789,4.905000000000000000e+03
549.2877191060418,4.906000000000000000e+03
549.3633428131332,4.933000000000000000e+03
549.4389653087501,4.929000000000000000e+03
549.5145865832915,4.910000000000000000e+03
549.590210251744,4.948000000000000000e+03
549.665832681899,4.967000000000000000e+03
549.7413946298766,4.971000000000000000e+03
549.8170160497809,4.964000000000000000e+03
549.8926398319383,4.980000000000000000e+03
549.9682623401311,5.011000000000000000e+03
550.0438835647246,5.043000000000000000e+03
550.1195068250248,5.033000000000000000e+03
550.1950679386268,5.051000000000000000e+03
550.2706906900269,5.039000000000000000e+03
550.3463136366366,5.045000000000000000e+03
550.421935255224,5.065000000000000000e+03
550.4975591726949,5.058000000000000000e+03
550.5731205123872,5.075000000000000000e+03
550.6487432287166,5.075000000000000000e+03
550.7243648844632,5.131000000000000000e+03
550.7999885039992,5.116000000000000000e+03
550.8755494425731,5.116000000000000000e+03
550.951172094361,5.142000000000000000e+03
551.0267951682852,5.127000000000000000e+03
551.1024165301448,5.169000000000000000e+03
551.1779790561093,5.177000000000000000e+03
551.2536012026161,5.170000000000000000e+03
551.3292237372492,5.185000000000000000e+03
551.4047855382855,5.180000000000000000e+03
551.4804066788231,5.220000000000000000e+03
551.5560303111364,5.220000000000000000e+03
551.6315910047903,5.219000000000000000e+03
551.7072150175466,5.253000000000000000e+03
551.7828375420726,5.241000000000000000e+03
551.8583991818102,5.260000000000000000e+03
551.9340205121266,5.246000000000000000e+03
552.0096436778041,5.252000000000000000e+03
552.0852040546326,5.285000000000000000e+03
552.1608281083562,5.302000000000000000e+03
552.2363887123648,5.309000000000000000e+03
552.3120111809802,5.340000000000000000e+03
552.3876339198484,5.329000000000000000e+03
552.4631955723437,5.326000000000000000e+03
552.5388185047575,5.338000000000000000e+03
552.614380300461,5.334000000000000000e+03
552.6900021708618,5.340000000000000000e+03
552.765564075718,5.377000000000000000e+03
552.8411860712373,5.357000000000000000e+03
552.9168082777293,5.358000000000000000e+03
552.9923707499584,5.365000000000000000e+03
553.0679933370403,5.380000000000000000e+03
553.1435543046211,5.376000000000000000e+03
553.2191769324178,5.371000000000000000e+03
553.2947381962192,5.409000000000000000e+03
553.3703611371725,5.407000000000000000e+03
553.4459223575054,5.396000000000000000e+03
553.521545578136,5.447000000000000000e+03
553.5971070276289,5.407000000000000000e+03
553.6727301879512,5.404000000000000000e+03
553.74829183306,5.447000000000000000e+03
553.823851714682,5.455000000000000000e+03
553.8994751723073,5.443000000000000000e+03
553.9750367322185,5.436000000000000000e+03
554.050658510177,5.468000000000000000e+03
554.1262201811371,5.459000000000000000e+03
554.2018439290302,5.501000000000000000e+03
554.2774053707294,5.469000000000000000e+03
554.3529671374815,5.486000000000000000e+03
554.4285888549837,5.524000000000000000e+03
554.5041506486573,5.498000000000000000e+03
554.579712127434,5.515000000000000000e+03
554.6553335805664,5.527000000000000000e+03
554.7308950353918,5.539000000000000000e+03
554.8065186350868,5.561000000000000000e+03
554.8820800328116,5.543000000000000000e+03
554.9576410728757,5.561000000000000000e+03
555.0332642831411,5.570000000000000000e+03
555.108825215094,5.604000000000000000e+03
555.1843863800646,5.620000000000000000e+03
555.2599490030949,5.631000000000000000e+03
555.3355716725129,5.647000000000000000e+03
555.4111322702728,5.642000000000000000e+03
555.486694610333,5.664000000000000000e+03
555.5623170204691,5.685000000000000000e+03
555.6378788265472,5.663000000000000000e+03
555.7134408077316,5.700000000000000000e+03
555.7890023379755,5.725000000000000000e+03
555.8646239696742,5.710000000000000000e+03
555.9401852063803,5.758000000000000000e+03
556.0157462753666,5.748000000000000000e+03
556.0913090235443,5.768000000000000000e+03
556.1668694227267,5.791000000000000000e+03
556.2424921284115,5.784000000000000000e+03
556.3180540060974,5.818000000000000000e+03
556.3936159838638,5.804000000000000000e+03
556.46917743411,5.807000000000000000e+03
556.544738657784,5.844000000000000000e+03
556.6202993365139,5.845000000000000000e+03
556.6959226832005,5.879000000000000000e+03
556.7714847427467,5.855000000000000000e+03
556.8470468524312,5.908000000000000000e+03
556.9226065226395,5.894000000000000000e+03
556.9981696377276,5.888000000000000000e+03
557.0737306061917,5.897000000000000000e+03
557.1492912804306,5.907000000000000000e+03
557.2248535148585,5.929000000000000000e+03
557.3004154389016,5.935000000000000000e+03
557.3759767333004,5.936000000000000000e+03
557.451598607399,5.961000000000000000e+03
557.5271614300829,5.965000000000000000e+03
557.6027217325554,5.994000000000000000e+03
557.6782835475029,6.005000000000000000e+03
557.7538450012918,5.982000000000000000e+03
557.8294060853028,5.991000000000000000e+03
557.9049686584602,6.005000000000000000e+03
557.9805305342576,6.010000000000000000e+03
558.0560904581027,6.007000000000000000e+03
558.1316534042687,6.004000000000000000e+03
558.2072143813721,6.047000000000000000e+03
558.2827764962979,6.051000000000000000e+03
558.3583381828406,6.017000000000000000e+03
558.4338994323449,6.018000000000000000e+03
558.5094602361507,6.012000000000000000e+03
558.5850224576968,6.036000000000000000e+03
558.6605230453073,6.037000000000000000e+03
558.7360843175928,5.991000000000000000e+03
558.8116447982349,6.066000000000000000e+03
558.8872066647817,6.093000000000000000e+03
558.9627683478695,6.068000000000000000e+03
559.0383292140123,6.078000000000000000e+03
559.1138914425185,6.099000000000000000e+03
559.1894531500513,6.098000000000000000e+03
559.2650140151281,6.122000000000000000e+03
559.3405155236203,6.094000000000000000e+03
559.4160774775995,6.109000000000000000e+03
559.491638563738,6.133000000000000000e+03
559.5671990861741,6.151000000000000000e+03
559.6427612285802,6.110000000000000000e+03
559.7183224777227,6.144000000000000000e+03
559.7938239112091,6.143000000000000000e+03
559.8693855251184,6.163000000000000000e+03
559.9449468470373,6.160000000000000000e+03
560.0205075548458,6.193000000000000000e+03
560.0960695220344,6.195000000000000000e+03
560.1715693553381,6.206000000000000000e+03
560.2471316053342,6.230000000000000000e+03
560.3226935219939,6.251000000000000000e+03
560.3982544687057,6.287000000000000000e+03
560.4737553798353,6.275000000000000000e+03
560.549316857351,6.275000000000000000e+03
560.6248776534629,6.279000000000000000e+03
560.70037802624,6.281000000000000000e+03
560.7759393038835,6.347000000000000000e+03
560.8515017620771,6.327000000000000000e+03
560.9270018364357,6.330000000000000000e+03
561.0025625253518,6.360000000000000000e+03
561.0781246855694,6.369000000000000000e+03
561.1536262760454,6.390000000000000000e+03
561.2291866163674,6.402000000000000000e+03
561.304748089255,6.398000000000000000e+03
561.3802492335784,6.447000000000000000e+03
561.4558107265045,6.445000000000000000e+03
561.5313717522904,6.461000000000000000e+03
561.6068723759059,6.458000000000000000e+03
561.6824333719698,6.498000000000000000e+03
561.7579339169324,6.500000000000000000e+03
561.8334954817075,6.526000000000000000e+03
561.9089955995389,6.561000000000000000e+03
561.9845564375671,6.520000000000000000e+03
562.0601218043322,6.571000000000000000e+03
562.1356190160956,6.521000000000000000e+03
562.2111807638972,6.570000000000000000e+03
562.2866837867199,6.589000000000000000e+03
562.3622450420103,6.582000000000000000e+03
562.4377443607594,6.607000000000000000e+03
562.5133050891404,6.618000000000000000e+03
562.5888069961169,6.612000000000000000e+03
562.6643671648543,6.592000000000000000e+03
562.739868463935,6.637000000000000000e+03
562.8154280394092,6.624000000000000000e+03
562.8909286969488,6.621000000000000000e+03
562.9664305978828,6.655000000000000000e+03
563.0419939681478,6.628000000000000000e+03
563.1174920085415,6.661000000000000000e+03
563.19305470474,6.651000000000000000e+03
563.2685551920358,6.697000000000000000e+03
563.3440568835294,6.668000000000000000e+03
563.419616911542,6.663000000000000000e+03
563.4951146546897,6.668000000000000000e+03
563.5706770994776,6.681000000000000000e+03
563.6461803879624,6.688000000000000000e+03
563.7216816652208,6.663000000000000000e+03
563.7972413162915,6.675000000000000000e+03
563.8727417375509,6.678000000000000000e+03
563.948243300408,6.717000000000000000e+03
564.0238032597638,6.700000000000000000e+03
564.0993039174446,6.724000000000000000e+03
564.1748025104577,6.721000000000000000e+03
564.2503658884998,6.716000000000000000e+03
564.3258667100131,6.745000000000000000e+03
564.4013686264184,6.742000000000000000e+03
564.4768684441426,6.754000000000000000e+03
564.5524298972744,6.776000000000000000e+03
564.6279318813953,6.790000000000000000e+03
564.7034317408531,6.798000000000000000e+03
564.7789326555933,6.806000000000000000e+03
564.8544314277575,6.855000000000000000e+03
564.9299918767013,6.888000000000000000e+03
565.005495928257,6.830000000000000000e+03
565.0809946197296,6.839000000000000000e+03
565.1564943267665,6.832000000000000000e+03
565.2319918472216,6.826000000000000000e+03
565.3075574772264,6.825000000000000000e+03
565.3830570069348,6.808000000000000000e+03
565.4585575213804,6.852000000000000000e+03
565.5340558149843,6.867000000000000000e+03
565.6095582761728,6.883000000000000000e+03
565.6850585002172,6.856000000000000000e+03
565.760556477251,6.904000000000000000e+03
565.8360618025167,6.924000000000000000e+03
565.9116225122199,6.951000000000000000e+03
565.9871233197282,6.955000000000000000e+03
566.0626218458439,6.992000000000000000e+03
566.1381244909254,7.047000000000000000e+03
566.2136216322725,7.071000000000000000e+03
566.289126084757,7.084000000000000000e+03
566.3646250154166,7.160000000000000000e+03
566.4401248288668,7.128000000000000000e+03
566.5156223083626,7.166000000000000000e+03
566.5911238644974,7.189000000000000000e+03
566.666626281373,7.195000000000000000e+03
566.7421263396649,7.194000000000000000e+03
566.8176240294433,7.233000000000000000e+03
566.8931289818083,7.246000000000000000e+03
566.9686283363882,7.263000000000000000e+03
567.044128511452,7.232000000000000000e+03
567.1196262833736,7.224000000000000000e+03
567.1951280764068,7.247000000000000000e+03
567.2706306677735,7.250000000000000000e+03
567.3460696737624,7.280000000000000000e+03
567.4215706028087,7.324000000000000000e+03
567.4970690857559,7.313000000000000000e+03
567.5725715554013,7.304000000000000000e+03
567.6480715624202,7.336000000000000000e+03
567.7235723199296,7.345000000000000000e+03
567.7990705965543,7.278000000000000000e+03
567.8745728319317,7.320000000000000000e+03
567.9500112820856,7.338000000000000000e+03
568.0255117228037,7.336000000000000000e+03
568.1010128751681,7.370000000000000000e+03
568.1765115034954,7.337000000000000000e+03
568.2520140559766,7.349000000000000000e+03
568.327455928513,7.360000000000000000e+03
568.4029533742392,7.326000000000000000e+03
568.478454722623,7.371000000000000000e+03
568.5539535037092,7.320000000000000000e+03
568.6293947397575,7.301000000000000000e+03
568.7048948100362,7.326000000000000000e+03
568.7803955214323,7.394000000000000000e+03
568.8558968664703,7.349000000000000000e+03
568.9313373379196,7.349000000000000000e+03
569.0068366737867,7.337000000000000000e+03
569.0823366191238,7.330000000000000000e+03
569.1577756177235,7.378000000000000000e+03
569.2332767431898,7.361000000000000000e+03
569.3087752145101,7.329000000000000000e+03
569.3842159078702,7.406000000000000000e+03
569.4597155117148,7.378000000000000000e+03
569.5352189219938,7.389000000000000000e+03
569.6106547533757,7.338000000000000000e+03
569.6861592519366,7.357000000000000000e+03
569.7615961204366,7.389000000000000000e+03
569.8370951828829,7.425000000000000000e+03
569.9125980167112,7.394000000000000000e+03
569.9880363908212,7.410000000000000000e+03
570.063540235015,7.445000000000000000e+03
570.1389763193972,7.415000000000000000e+03
570.2144778914571,7.415000000000000000e+03
570.2899149030349,7.433000000000000000e+03
570.3654174215969,7.493000000000000000e+03
570.4408585841445,7.507000000000000000e+03
570.516355510032,7.491000000000000000e+03
570.5917975400971,7.552000000000000000e+03
570.6672953476274,7.509000000000000000e+03
570.7427349574187,7.498000000000000000e+03
570.8182368737373,7.508000000000000000e+03
570.8936740294567,7.572000000000000000e+03
570.9691767675921,7.584000000000000000e+03
571.044617956385,7.578000000000000000e+03
571.120118225025,7.582000000000000000e+03
571.1955568946336,7.613000000000000000e+03
571.2709959150741,7.597000000000000000e+03
571.3464973017159,7.648000000000000000e+03
571.4219370173379,7.646000000000000000e+03
571.4974358505949,7.637000000000000000e+03
571.5728729630794,7.681000000000000000e+03
571.6483169221735,7.703000000000000000e+03
571.7238167556269,7.728000000000000000e+03
571.7992547962239,7.721000000000000000e+03
571.874696395271,7.751000000000000000e+03
571.9501938880238,7.749000000000000000e+03
572.0256327861869,7.750000000000000000e+03
572.1010752224225,7.751000000000000000e+03
572.1765735734161,7.783000000000000000e+03
572.2520132602132,7.802000000000000000e+03
572.3274531890821,7.794000000000000000e+03
572.4028933523459,7.825000000000000000e+03
572.4783960113044,7.845000000000000000e+03
572.5538333585442,7.843000000000000000e+03
572.6292741944405,7.843000000000000000e+03
572.7047119540778,7.806000000000000000e+03
572.780212242593,7.879000000000000000e+03
572.8556503993934,7.870000000000000000e+03
572.9310920175104,7.854000000000000000e+03
573.0065305250978,7.893000000000000000e+03
573.0819691960772,7.897000000000000000e+03
573.1574080227304,7.897000000000000000e+03
573.232909430562,7.922000000000000000e+03
573.3083485618251,7.909000000000000000e+03
573.3837911132744,7.880000000000000000e+03
573.4592305026606,7.895000000000000000e+03
573.5346700090696,7.912000000000000000e+03
573.6101096247586,7.892000000000000000e+03
573.6855493419805,7.900000000000000000e+03
573.7609858609676,7.918000000000000000e+03
573.8364257571322,7.880000000000000000e+03
573.9118624378157,7.863000000000000000e+03
573.9873057764995,7.886000000000000000e+03
574.0627425886909,7.924000000000000000e+03
574.1382453810519,7.885000000000000000e+03
574.2136823092575,7.913000000000000000e+03
574.2891225732211,7.863000000000000000e+03
574.3645628688121,7.899000000000000000e+03
574.4399404917988,7.848000000000000000e+03
574.5153808108072,7.924000000000000000e+03
574.5908178365182,7.916000000000000000e+03
574.6662581633567,7.930000000000000000e+03
574.7416984828392,7.929000000000000000e+03
574.8171387871569,7.926000000000000000e+03
574.8925790684976,7.940000000000000000e+03
574.9680160131622,7.935000000000000000e+03
575.0434562242268,7.909000000000000000e+03
575.1188930812343,7.926000000000000000e+03
575.1943364992081,7.903000000000000000e+03
575.2697765474628,7.946000000000000000e+03
575.3451536315831,7.963000000000000000e+03
575.4205935156243,7.951000000000000000e+03
575.4960333140378,7.902000000000000000e+03
575.5714730189743,7.993000000000000000e+03
575.6469093088864,7.995000000000000000e+03
575.7223521169975,7.950000000000000000e+03
575.7977285011834,7.981000000000000000e+03
575.8731677371276,8.003000000000000000e+03
575.9486101574518,7.999000000000000000e+03
576.0240491208147,8.037000000000000000e+03
576.0994281953324,8.034000000000000000e+03
576.1748668380864,8.020000000000000000e+03
576.2503053165299,8.050000000000000000e+03
576.3257436227722,8.093000000000000000e+03
576.401121946027,8.075000000000000000e+03
576.4765631917769,8.066000000000000000e+03
576.5520009192454,8.098000000000000000e+03
576.627378593058,8.075000000000000000e+03
576.7028192152051,8.146000000000000000e+03
576.7782596194585,8.186000000000000000e+03
576.8536365734708,8.153000000000000000e+03
576.9290798301113,8.199000000000000000e+03
577.0045161881444,8.203000000000000000e+03
577.0798956812308,8.219000000000000000e+03
577.1553348449369,8.213000000000000000e+03
577.2307737431714,8.196000000000000000e+03
577.3061523771543,8.287000000000000000e+03
577.3815940386273,8.247000000000000000e+03
577.4569687212091,8.276000000000000000e+03
577.5324097821534,8.282000000000000000e+03
577.6077871497567,8.308000000000000000e+03
577.6832275791974,8.329000000000000000e+03
577.7586042662564,8.342000000000000000e+03
577.8340473712362,8.316000000000000000e+03
577.9094233467189,8.317000000000000000e+03
577.9848624183549,8.329000000000000000e+03
578.06024099099,8.396000000000000000e+03
578.1356826786689,8.355000000000000000e+03
578.2110604784385,8.388000000000000000e+03
578.2865014103915,8.370000000000000000e+03
578.3618750602704,8.383000000000000000e+03
578.4373152036164,8.404000000000000000e+03
578.5126947075182,8.424000000000000000e+03
578.5880737744064,8.416000000000000000e+03
578.6635160180301,8.425000000000000000e+03
578.7388908540094,8.403000000000000000e+03
578.8143322323514,8.449000000000000000e+03
578.8897095032095,8.393000000000000000e+03
578.9650862969057,8.436000000000000000e+03
579.0405296629765,8.410000000000000000e+03
579.1159054956761,8.414000000000000000e+03
579.1912841817008,8.402000000000000000e+03
579.2667227590988,8.401000000000000000e+03
579.3421004375672,8.428000000000000000e+03
579.4174809495532,8.439000000000000000e+03
579.4928575733711,8.406000000000000000e+03
579.5682974782039,8.451000000000000000e+03
579.6436763906835,8.421000000000000000e+03
579.7190547488921,8.434000000000000000e+03
579.7944325447469,8.422000000000000000e+03
579.8698736574771,8.435000000000000000e+03
579.9452503209693,8.415000000000000000e+03
580.0206297620755,8.440000000000000000e+03
580.0960086102061,8.366000000000000000e+03
580.1713868572579,8.450000000000000000e+03
580.2467678619868,8.388000000000000000e+03
580.3222055027192,8.405000000000000000e+03
580.3975819144985,8.467000000000000000e+03
580.472964431725,8.447000000000000000e+03
580.5483361997073,8.392000000000000000e+03
580.6237208011142,8.417000000000000000e+03
580.6990980056318,8.385000000000000000e+03
580.774474545852,8.394000000000000000e+03
580.8498537875009,8.421000000000000000e+03
580.9252289755794,8.376000000000000000e+03
581.0006743628959,8.426000000000000000e+03
581.0760481837603,8.459000000000000000e+03
581.1514280543308,8.428000000000000000e+03
581.2268072152121,8.441000000000000000e+03
581.3021822791188,8.465000000000000000e+03
581.3775633752501,8.448000000000000000e+03
581.4529437389426,8.439000000000000000e+03
581.5283199802694,8.422000000000000000e+03
581.6036988536778,8.451000000000000000e+03
581.6790160670166,8.513000000000000000e+03
581.7543934024975,8.487000000000000000e+03
581.8297699646201,8.480000000000000000e+03
581.9051525174606,8.522000000000000000e+03
581.9805308970429,8.514000000000000000e+03
582.0559084804219,8.522000000000000000e+03
582.1312852593902,8.545000000000000000e+03
582.206668005028,8.548000000000000000e+03
582.2820397617667,8.562000000000000000e+03
582.3574242532981,8.530000000000000000e+03
582.4327366749485,8.621000000000000000e+03
582.508116082625,8.601000000000000000e+03
582.5834946400697,8.600000000000000000e+03
582.658872339047,8.624000000000000000e+03
582.7342525671091,8.600000000000000000e+03
582.8095673852416,8.633000000000000000e+03
582.8849492395216,8.694000000000000000e+03
582.9603268074364,8.677000000000000000e+03
583.0357068767066,8.679000000000000000e+03
583.1110214380087,8.688000000000000000e+03
583.1864030744695,8.733000000000000000e+03
583.2617769878166,8.704000000000000000e+03
583.3371601786139,8.716000000000000000e+03
583.4124743613642,8.764000000000000000e+03
583.4878556582576,8.718000000000000000e+03
583.5632325991093,8.753000000000000000e+03
583.6385472652148,8.729000000000000000e+03
583.7139290751193,8.831000000000000000e+03
583.7893065032263,8.799000000000000000e+03
583.8646249949269,8.789000000000000000e+03
583.9400004322508,8.828000000000000000e+03
584.0153168866366,8.826000000000000000e+03
584.0907005347968,8.861000000000000000e+03
584.1660763462396,8.842000000000000000e+03
584.2413965200363,8.857000000000000000e+03
584.3167736762043,8.835000000000000000e+03
584.3920917365156,8.855000000000000000e+03
584.4674702084938,8.836000000000000000e+03
584.5427861228587,8.851000000000000000e+03
584.6181658817017,8.870000000000000000e+03
584.6934796176279,8.882000000000000000e+03
584.7688572148127,8.859000000000000000e+03
584.8441755797492,8.810000000000000000e+03
584.919554404934,8.830000000000000000e+03
584.9948739529473,8.896000000000000000e+03
585.0702539779767,8.887000000000000000e+03
585.145567832981,8.847000000000000000e+03
585.2208873808705,8.879000000000000000e+03
585.2962674300239,8.853000000000000000e+03
585.3715812355221,8.868000000000000000e+03
585.446962410467,8.807000000000000000e+03
585.522277293224,8.812000000000000000e+03
585.5975978392732,8.852000000000000000e+03
585.6729720672993,8.864000000000000000e+03
585.7482902189189,8.868000000000000000e+03
585.8236071536562,8.892000000000000000e+03
585.8989880858402,8.838000000000000000e+03
585.9743025783406,8.861000000000000000e+03
586.0496192632522,8.838000000000000000e+03
586.1249381347992,8.786000000000000000e+03
586.200317604434,8.861000000000000000e+03
586.2756374097312,8.850000000000000000e+03
586.3509525064017,8.840000000000000000e+03
586.4262697612708,8.822000000000000000e+03
586.5016510856912,8.828000000000000000e+03
586.576965774025,8.834000000000000000e+03
586.6522825996321,8.827000000000000000e+03
586.7275981142149,8.839000000000000000e+03
586.8029157526896,8.828000000000000000e+03
586.878297505942,8.848000000000000000e+03
586.9536125003841,8.843000000000000000e+03
587.0289295977367,8.849000000000000000e+03
587.1042487921765,8.886000000000000000e+03
587.1795666300785,8.860000000000000000e+03
587.2548831029591,8.870000000000000000e+03
587.3301982023304,8.872000000000000000e+03
587.4055153701529,8.857000000000000000e+03
587.4808346005856,8.894000000000000000e+03
587.5561558877838,8.929000000000000000e+03
587.631468866577,8.904000000000000000e+03
587.7067838851247,8.946000000000000000e+03
587.78216658026,8.996000000000000000e+03
587.8574856775697,8.921000000000000000e+03
587.9328033404089,8.982000000000000000e+03
588.0080538670875,8.964000000000000000e+03
588.0833720770029,8.961000000000000000e+03
588.1586888286358,9.005000000000000000e+03
588.234007573644,9.041000000000000000e+03
588.3093248450679,8.987000000000000000e+03
588.3846440963296,9.052000000000000000e+03
588.4599618586897,9.077000000000000000e+03
588.5352781235977,9.057000000000000000e+03
588.6105963471232,9.095000000000000000e+03
588.6859130578563,9.124000000000000000e+03
588.761231713632,9.064000000000000000e+03
588.8364864301399,9.116000000000000000e+03
588.9118020050827,9.161000000000000000e+03
588.9871195037894,9.138000000000000000e+03
589.0624389203426,9.184000000000000000e+03
589.1377567779897,9.167000000000000000e+03
589.2130730681441,9.151000000000000000e+03
589.2883287478853,9.178000000000000000e+03
589.3636453356847,9.217000000000000000e+03
589.4389638063658,9.218000000000000000e+03
589.5142806787193,9.201000000000000000e+03
589.5895403256021,9.212000000000000000e+03
589.6648574383153,9.216000000000000000e+03
589.740176406581,9.251000000000000000e+03
589.8154276479908,9.235000000000000000e+03
589.8907468120178,9.254000000000000000e+03
589.9660643313503,9.280000000000000000e+03
590.0413210120631,9.260000000000000000e+03
590.1166352010036,9.253000000000000000e+03
590.1919546858783,9.278000000000000000e+03
590.2672132644499,9.255000000000000000e+03
590.3425293741994,9.262000000000000000e+03
590.4177880160598,9.218000000000000000e+03
590.4931042037921,9.305000000000000000e+03
590.568418683014,9.282000000000000000e+03
590.643675627467,9.260000000000000000e+03
590.7189936284246,9.305000000000000000e+03
590.7942505619948,9.300000000000000000e+03
590.8695685685237,9.239000000000000000e+03
590.9448219696872,9.232000000000000000e+03
591.0201399515241,9.293000000000000000e+03
591.0953967743105,9.260000000000000000e+03
591.1707147029425,9.252000000000000000e+03
591.2459714266577,9.295000000000000000e+03
591.3212892726514,9.279000000000000000e+03
591.3965458678394,9.268000000000000000e+03
591.4718006307248,9.288000000000000000e+03
591.547116539627,9.247000000000000000e+03
591.6223746281325,9.221000000000000000e+03
591.6976903797901,9.263000000000000000e+03
591.7729482668865,9.237000000000000000e+03
591.8482042834247,9.234000000000000000e+03
591.9235214878881,9.202000000000000000e+03
591.9987807623979,9.189000000000000000e+03
592.0740346381908,9.207000000000000000e+03
592.1493532320127,9.253000000000000000e+03
592.2246103231383,9.248000000000000000e+03
592.2998654966053,9.252000000000000000e+03
592.3751222527409,9.186000000000000000e+03
592.4504402550338,9.251000000000000000e+03
592.5256966625434,9.216000000000000000e+03
592.6009511209176,9.235000000000000000e+03
592.6762106466866,9.228000000000000000e+03
592.7515244260364,9.268000000000000000e+03
592.8267835455117,9.260000000000000000e+03
592.9020371707703,9.236000000000000000e+03
592.9772958390107,9.224000000000000000e+03
593.0525489954576,9.228000000000000000e+03
593.1278071826566,9.299000000000000000e+03
593.2031266995527,9.264000000000000000e+03
593.2783808730474,9.277000000000000000e+03
593.3536365391337,9.297000000000000000e+03
593.4288936916811,9.273000000000000000e+03
593.5041488020836,9.271000000000000000e+03
593.5794089082539,9.324000000000000000e+03
593.6546634339551,9.314000000000000000e+03
593.729919417986,9.293000000000000000e+03
593.8051733281523,9.324000000000000000e+03
593.8804322095,9.372000000000000000e+03
593.955689002888,9.412000000000000000e+03
594.0309472282032,9.374000000000000000e+03
594.1061998200399,9.405000000000000000e+03
594.1814573584147,9.410000000000000000e+03
594.2567163084306,9.392000000000000000e+03
594.3319695993049,9.367000000000000000e+03
594.4072278190921,9.403000000000000000e+03
594.4824803620132,9.405000000000000000e+03
594.5577413564724,9.433000000000000000e+03
594.6329931222317,9.397000000000000000e+03
594.7082533289405,9.462000000000000000e+03
594.7834441469494,9.461000000000000000e+03
594.85870352054,9.464000000000000000e+03
594.9339607052526,9.503000000000000000e+03
595.0092192325558,9.535000000000000000e+03
595.0844720137306,9.502000000000000000e+03
595.1596694470827,9.485000000000000000e+03
595.2349248608839,9.491000000000000000e+03
595.310178044894,9.524000000000000000e+03
595.3854360798784,9.503000000000000000e+03
595.4606918708308,9.553000000000000000e+03
595.5358886627483,9.519000000000000000e+03
595.611147019589,9.568000000000000000e+03
595.6864031092157,9.527000000000000000e+03
595.7615965842728,9.536000000000000000e+03
595.836855197865,9.523000000000000000e+03
595.9121115210278,9.555000000000000000e+03
595.9873051606659,9.513000000000000000e+03
596.0625604137975,9.561000000000000000e+03
596.1378169052595,9.606000000000000000e+03
596.2130106441916,9.553000000000000000e+03
596.2882695773723,9.622000000000000000e+03
596.3635261735925,9.561000000000000000e+03
596.4387199482267,9.575000000000000000e+03
596.5139753866564,9.538000000000000000e+03
596.5891715160268,9.543000000000000000e+03
596.6644293271388,9.550000000000000000e+03
596.739624225117,9.517000000000000000e+03
596.8148808209818,9.582000000000000000e+03
596.8900744570072,9.580000000000000000e+03
596.9653333707323,9.582000000000000000e+03
597.0405257151125,9.575000000000000000e+03
597.115786920592,9.535000000000000000e+03
597.1909779436049,9.567000000000000000e+03
597.2662342801653,9.580000000000000000e+03
597.3414275184313,9.579000000000000000e+03
597.4166254158234,9.520000000000000000e+03
597.491885088153,9.537000000000000000e+03
597.5670780238231,9.542000000000000000e+03
597.6423327487403,9.561000000000000000e+03
597.7175242592349,9.501000000000000000e+03
597.792720398088,9.488000000000000000e+03
597.8679783530253,9.526000000000000000e+03
597.9431801766776,9.491000000000000000e+03
598.0183687346421,9.524000000000000000e+03
598.0936227072775,9.533000000000000000e+03
598.1688204827943,9.508000000000000000e+03
598.2440156960317,9.465000000000000000e+03
598.3192119177841,9.487000000000000000e+03
598.3944735953452,9.494000000000000000e+03
598.4696646678975,9.483000000000000000e+03
598.5448638913675,9.506000000000000000e+03
598.6200605143976,9.487000000000000000e+03
598.6952545279034,9.471000000000000000e+03
598.7705032869707,9.473000000000000000e+03
598.845702827054,9.492000000000000000e+03
598.9209033228055,9.487000000000000000e+03
598.9960940039387,9.463000000000000000e+03
599.0712892114018,9.497000000000000000e+03
599.1464853517283,9.492000000000000000e+03
599.2216788278446,9.445000000000000000e+03
599.2968768137707,9.458000000000000000e+03
599.3720685283897,9.451000000000000000e+03
599.4472683333562,9.531000000000000000e+03
599.5225229531976,9.475000000000000000e+03
599.5977173765003,9.435000000000000000e+03
599.6729126841367,9.504000000000000000e+03
599.7481088696748,9.529000000000000000e+03
599.8232987309193,9.523000000000000000e+03
599.8985002499289,9.540000000000000000e+03
599.9736306356483,9.506000000000000000e+03
600.0488302503571,9.545000000000000000e+03
600.1240271092662,9.553000000000000000e+03
600.1992212032151,9.527000000000000000e+03
600.274408919746,9.560000000000000000e+03
600.3496082679649,9.530000000000000000e+03
600.4248084342357,9.560000000000000000e+03
600.499998594085,9.568000000000000000e+03
600.5751931605373,9.550000000000000000e+03
600.6503235814662,9.566000000000000000e+03
600.7255197152398,9.582000000000000000e+03
600.8007166310834,9.606000000000000000e+03
600.875914322513,9.571000000000000000e+03
600.9511163944641,9.599000000000000000e+03
601.0262433719869,9.610000000000000000e+03
601.1014361076029,9.642000000000000000e+03
601.1766404316174,9.591000000000000000e+03
601.2518346554406,9.579000000000000000e+03
601.3269681412486,9.622000000000000000e+03
601.4021565754814,9.650000000000000000e+03
601.4773565793163,9.657000000000000000e+03
601.55249578129,9.670000000000000000e+03
601.6276863350764,9.660000000000000000e+03
601.7028775856559,9.657000000000000000e+03
601.7780115846128,9.685000000000000000e+03
601.8532078169892,9.688000000000000000e+03
601.9284011052009,9.709000000000000000e+03
602.0035370787526,9.743000000000000000e+03
602.0787353122603,9.705000000000000000e+03
602.1538653131911,9.727000000000000000e+03
602.2290648417321,9.714000000000000000e+03
602.3041960901958,9.700000000000000000e+03
602.3793896303448,9.713000000000000000e+03
602.4545329868457,9.726000000000000000e+03
602.52972050603,9.716000000000000000e+03
602.6048541681286,9.695000000000000000e+03
602.6800537894703,9.710000000000000000e+03
602.7551886194266,9.720000000000000000e+03
602.8303821600039,9.727000000000000000e+03
602.9055217646458,9.695000000000000000e+03
602.9807128258426,9.678000000000000000e+03
603.055846272166,9.703000000000000000e+03
603.1309766185691,9.730000000000000000e+03
603.2061729886882,9.723000000000000000e+03
603.281308042969,9.705000000000000000e+03
603.3564436151993,9.723000000000000000e+03
603.4316452421198,9.709000000000000000e+03
603.5067745623387,9.661000000000000000e+03
603.5819116632719,9.717000000000000000e+03
603.6571039159869,9.687000000000000000e+03
603.732238361985,9.707000000000000000e+03
603.8073696385936,9.717000000000000000e+03
603.8825123234259,9.693000000000000000e+03
603.9576992468579,9.648000000000000000e+03
604.0328355724649,9.665000000000000000e+03
604.1079723479853,9.677000000000000000e+03
604.1831095667776,9.679000000000000000e+03
604.2582983401253,9.635000000000000000e+03
604.3334364382367,9.671000000000000000e+03
604.4085676534826,9.706000000000000000e+03
604.4836992817685,9.621000000000000000e+03
604.5588422811774,9.674000000000000000e+03
604.6339747182885,9.625000000000000000e+03
604.7091075484526,9.690000000000000000e+03
604.7842444226404,9.669000000000000000e+03
604.859378019808,9.668000000000000000e+03
604.9345046710955,9.662000000000000000e+03
605.009704892442,9.643000000000000000e+03
605.0848359419433,9.665000000000000000e+03
605.1599746669862,9.638000000000000000e+03
605.23510275086,9.653000000000000000e+03
605.310245826721,9.675000000000000000e+03
605.3853159408447,9.657000000000000000e+03
605.4604486674336,9.676000000000000000e+03
605.535581711707,9.682000000000000000e+03
605.6107150669574,9.657000000000000000e+03
605.6858487264751,9.675000000000000000e+03
605.7609863530097,9.654000000000000000e+03
605.8361242722013,9.654000000000000000e+03
605.9112514634761,9.690000000000000000e+03
605.9863899450862,9.676000000000000000e+03
606.0615286991821,9.686000000000000000e+03
606.1365942387108,9.664000000000000000e+03
606.2117261495124,9.680000000000000000e+03
606.2868656606279,9.708000000000000000e+03
606.3619980637881,9.672000000000000000e+03
606.4370718595482,9.731000000000000000e+03
606.5122047116855,9.710000000000000000e+03
606.5873377854751,9.728000000000000000e+03
606.6624747545558,9.739000000000000000e+03
606.7375456701113,9.683000000000000000e+03
606.8126830359437,9.720000000000000000e+03
606.8878205982112,9.735000000000000000e+03
606.9628957214667,9.749000000000000000e+03
607.0380225859356,9.773000000000000000e+03
607.1131606786419,9.750000000000000000e+03
607.1882288919476,9.771000000000000000e+03
607.2633709869046,9.765000000000000000e+03
607.3385021736576,9.760000000000000000e+03
607.4135707840262,9.726000000000000000e+03
607.4887096199877,9.723000000000000000e+03
607.5637821472627,9.753000000000000000e+03
607.6389138462803,9.793000000000000000e+03
607.7139865728267,9.790000000000000000e+03
607.7891221807843,9.771000000000000000e+03
607.8641950802765,9.761000000000000000e+03
607.9393308785938,9.768000000000000000e+03
608.0144039237675,9.781000000000000000e+03
608.089539885174,9.780000000000000000e+03
608.1646130487377,9.779000000000000000e+03
608.2397417468239,9.737000000000000000e+03
608.3148187001017,9.757000000000000000e+03
608.3898956827247,9.777000000000000000e+03
608.4650245200035,9.789000000000000000e+03
608.5401015535813,9.748000000000000000e+03
608.6151785959717,9.792000000000000000e+03
608.6903112159022,9.822000000000000000e+03
608.7653771512115,9.775000000000000000e+03
608.8404578967535,9.796000000000000000e+03
608.9155905344547,9.795000000000000000e+03
608.990660126277,9.827000000000000000e+03
609.0657296820973,9.807000000000000000e+03
609.1408659845031,9.797000000000000000e+03
609.2159465984835,9.784000000000000000e+03
609.2910160242585,9.765000000000000000e+03
609.3660890997941,9.782000000000000000e+03
609.4411621067635,9.809000000000000000e+03
609.5162981949915,9.798000000000000000e+03
609.591371059717,9.779000000000000000e+03
609.6664438352011,9.740000000000000000e+03
609.7415165145444,9.827000000000000000e+03
609.8165928096073,9.765000000000000000e+03
609.8916652768738,9.804000000000000000e+03
609.9667339066874,9.767000000000000000e+03
610.041806132408,9.786000000000000000e+03
610.1168819498673,9.765000000000000000e+03
610.1919576315516,9.773000000000000000e+03
610.2670257220219,9.806000000000000000e+03
610.3421011095528,9.764000000000000000e+03
610.4171800666223,9.740000000000000000e+03
610.4922476810158,9.727000000000000000e+03
610.5673225771701,9.740000000000000000e+03
610.6423935671218,9.772000000000000000e+03
610.7174681006938,9.744000000000000000e+03
610.7925387123403,9.759000000000000000e+03
610.8676165871373,9.756000000000000000e+03
610.9426867935962,9.734000000000000000e+03
611.0177642529652,9.768000000000000000e+03
611.0928340264109,9.731000000000000000e+03
611.1679035719891,9.743000000000000000e+03
611.2429205762214,9.774000000000000000e+03
611.3179896323122,9.760000000000000000e+03
611.3930696536677,9.816000000000000000e+03
611.4681382079762,9.763000000000000000e+03
611.543210239399,9.763000000000000000e+03
611.6182258914046,9.741000000000000000e+03
611.6932973662973,9.730000000000000000e+03
611.7683685593274,9.749000000000000000e+03
611.8434394635015,9.765000000000000000e+03
611.91845764963,9.745000000000000000e+03
611.9935279422344,9.810000000000000000e+03
612.06860167126,9.775000000000000000e+03
612.1436188772811,9.743000000000000000e+03
612.2186919554537,9.802000000000000000e+03
612.2937609555369,9.765000000000000000e+03
612.368769618424,9.734000000000000000e+03
612.443841671833,9.723000000000000000e+03
612.518860850012,9.761000000000000000e+03
612.5939321832865,9.771000000000000000e+03
612.668943094263,9.742000000000000000e+03
612.7440136774355,9.786000000000000000e+03
612.8190876378331,9.788000000000000000e+03
612.8941048689004,9.777000000000000000e+03
612.9691780415548,9.793000000000000000e+03
613.0441869267229,9.809000000000000000e+03
613.1192028943198,9.785000000000000000e+03
613.1942785838127,9.750000000000000000e+03
613.2692861585759,9.842000000000000000e+03
613.3443572287938,9.812000000000000000e+03
613.4193751865103,9.825000000000000000e+03
613.4944491348593,9.807000000000000000e+03
613.5694586386024,9.809000000000000000e+03
613.644467658833,9.779000000000000000e+03
613.7195402192466,9.817000000000000000e+03
613.794555801729,9.784000000000000000e+03
613.8695671147681,9.816000000000000000e+03
613.9446382262654,9.802000000000000000e+03
614.0196560673113,9.832000000000000000e+03
614.0946658455853,9.813000000000000000e+03
614.1696826366328,9.854000000000000000e+03
614.2447554874341,9.848000000000000000e+03
614.3197636679537,9.842000000000000000e+03
614.3947788454523,9.810000000000000000e+03
614.4697859154201,9.831000000000000000e+03
614.5448037484722,9.871000000000000000e+03
614.619873899117,9.860000000000000000e+03
614.694883044028,9.860000000000000000e+03
614.769899161373,9.847000000000000000e+03
614.8449071281832,9.889000000000000000e+03
614.9199220568489,9.840000000000000000e+03
614.994936381391,9.914000000000000000e+03
615.0699463115571,9.855000000000000000e+03
615.1449594055,9.888000000000000000e+03
615.219968088927,9.831000000000000000e+03
615.2949799236752,9.862000000000000000e+03
615.3699949053583,9.825000000000000000e+03
615.4450130295872,9.851000000000000000e+03
615.5200153487256,9.818000000000000000e+03
615.5950321611059,9.866000000000000000e+03
615.6700445181616,9.833000000000000000e+03
615.7450599927896,9.828000000000000000e+03
615.8200634112113,9.866000000000000000e+03
615.8950775175382,9.855000000000000000e+03
615.9700909303292,9.784000000000000000e+03
616.045103642399,9.811000000000000000e+03
616.1200587059649,9.795000000000000000e+03
616.1950737781215,9.851000000000000000e+03
616.2700843319404,9.807000000000000000e+03
616.3450979550751,9.806000000000000000e+03
616.4201070436227,9.801000000000000000e+03
616.4950545776754,9.816000000000000000e+03
616.5700659579935,9.790000000000000000e+03
616.6450765818348,9.792000000000000000e+03
616.720097852294,9.746000000000000000e+03
616.7950422701603,9.795000000000000000e+03
616.8700581788843,9.763000000000000000e+03
616.9450694997388,9.789000000000000000e+03
617.0200229227949,9.799000000000000000e+03
617.0950326410584,9.764000000000000000e+03
617.1700377451283,9.786000000000000000e+03
617.2449925060192,9.798000000000000000e+03
617.3200073947381,9.799000000000000000e+03
617.395013836697,9.767000000000000000e+03
617.4699660667885,9.767000000000000000e+03
617.5449822610196,9.719000000000000000e+03
617.6199327648687,9.743000000000000000e+03
617.6949472498279,9.756000000000000000e+03
617.7698959983896,9.749000000000000000e+03
617.8449087450254,9.747000000000000000e+03
617.9198595274773,9.756000000000000000e+03
617.9948705076381,9.719000000000000000e+03
618.069827119618,9.753000000000000000e+03
618.144840127084,9.740000000000000000e+03
618.2197872618343,9.705000000000000000e+03
618.2947411041071,9.772000000000000000e+03
618.3697513617161,9.741000000000000000e+03
618.44469567746,9.750000000000000000e+03
618.5196505100681,9.759000000000000000e+03
618.5946694328892,9.750000000000000000e+03
618.6696146951708,9.731000000000000000e+03
618.7445666341545,9.741000000000000000e+03
618.8195826887393,9.746000000000000000e+03
618.8945326685835,9.751000000000000000e+03
618.9694854812299,9.752000000000000000e+03
619.0444334578197,9.734000000000000000e+03
619.1194494169247,9.717000000000000000e+03
619.1943992107521,9.720000000000000000e+03
619.2693479786984,9.765000000000000000e+03
619.3442957134283,9.733000000000000000e+03
619.4192500812071,9.736000000000000000e+03
619.4942648084996,9.738000000000000000e+03
619.5692094181061,9.758000000000000000e+03
619.6441644838893,9.753000000000000000e+03
619.7191184853039,9.776000000000000000e+03
619.7940637321011,9.734000000000000000e+03
619.8690155808523,9.709000000000000000e+03
619.9439663431604,9.813000000000000000e+03
620.0189198558951,9.763000000000000000e+03
620.0938722693128,9.745000000000000000e+03
620.1688197299484,9.756000000000000000e+03
620.2437699216852,9.759000000000000000e+03
620.3187305358406,9.741000000000000000e+03
620.393678480104,9.738000000000000000e+03
620.4686252881608,9.728000000000000000e+03
620.543582504853,9.791000000000000000e+03
620.61852702112,9.747000000000000000e+03
620.6934819368186,9.744000000000000000e+03
620.7684356923214,9.720000000000000000e+03
620.8433227543279,9.715000000000000000e+03
620.9182780068074,9.717000000000000000e+03
620.9932282224137,9.750000000000000000e+03
621.0681811054573,9.681000000000000000e+03
621.1431327931294,9.776000000000000000e+03
621.2180794188941,9.741000000000000000e+03
621.2929746519387,9.738000000000000000e+03
621.3679226950109,9.720000000000000000e+03
621.4428695130218,9.750000000000000000e+03
621.5177610187308,9.725000000000000000e+03
621.5927130788318,9.756000000000000000e+03
621.6676600305892,9.755000000000000000e+03
621.7426134606835,9.779000000000000000e+03
621.8174999024244,9.724000000000000000e+03
621.8924507959133,9.767000000000000000e+03
621.9673462597708,9.731000000000000000e+03
622.0422984590124,9.719000000000000000e+03
622.1172493736544,9.712000000000000000e+03
622.1921409277729,9.711000000000000000e+03
622.2670892368434,9.698000000000000000e+03
622.3419781424883,9.706000000000000000e+03
622.4169354382018,9.703000000000000000e+03
622.4918216682801,9.680000000000000000e+03
622.5667763070498,9.671000000000000000e+03
622.6416637084727,9.716000000000000000e+03
622.7166156613104,9.678000000000000000e+03
622.791500330108,9.732000000000000000e+03
622.8664495670652,9.664000000000000000e+03
622.9413431149467,9.712000000000000000e+03
623.0162352679529,9.738000000000000000e+03
623.0911842549693,9.719000000000000000e+03
623.1660736097131,9.679000000000000000e+03
623.2409693156505,9.705000000000000000e+03
623.3159141083677,9.675000000000000000e+03
623.3908108627464,9.696000000000000000e+03
623.4656984085988,9.710000000000000000e+03
623.54065060535,9.693000000000000000e+03
623.6155430462911,9.663000000000000000e+03
623.6904262505253,9.689000000000000000e+03
623.7653157682421,9.639000000000000000e+03
623.8402738657751,9.683000000000000000e+03
623.9151643415145,9.646000000000000000e+03
623.9900494384281,9.691000000000000000e+03
624.0649369353079,9.676000000000000000e+03
624.1398346184196,9.729000000000000000e+03
624.2147191099846,9.677000000000000000e+03
624.2896137782844,9.699000000000000000e+03
624.3645615055957,9.647000000000000000e+03
624.4394531447507,9.676000000000000000e+03
624.5143432514428,9.697000000000000000e+03
624.5892357192214,9.682000000000000000e+03
624.6641227392169,9.660000000000000000e+03
624.739008204036,9.646000000000000000e+03
624.8139077217978,9.637000000000000000e+03
624.8887900572714,9.657000000000000000e+03
624.9636825322137,9.649000000000000000e+03
625.0385773339976,9.664000000000000000e+03
625.1134666425047,9.648000000000000000e+03
625.1883582645422,9.693000000000000000e+03
625.263181823586,9.691000000000000000e+03
625.3380780414589,9.626000000000000000e+03
625.4129648242472,9.618000000000000000e+03
625.4878578081264,9.647000000000000000e+03
625.5627413379577,9.604000000000000000e+03
625.6376349716288,9.622000000000000000e+03
625.7124604067309,9.668000000000000000e+03
625.7873507351937,9.656000000000000000e+03
625.8622394075853,9.672000000000000000e+03
625.9371381701984,9.626000000000000000e+03
626.0119647267263,9.620000000000000000e+03
626.0868522937308,9.633000000000000000e+03
626.1617460175852,9.631000000000000000e+03
626.2366380528313,9.615000000000000000e+03
626.3114617065921,9.636000000000000000e+03
626.3863503257447,9.573000000000000000e+03
626.4611822898413,9.622000000000000000e+03
626.5360713905895,9.610000000000000000e+03
626.6109666191869,9.604000000000000000e+03
626.6857933539325,9.593000000000000000e+03
626.7606772445703,9.575000000000000000e+03
626.8355122365108,9.620000000000000000e+03
626.9104044027886,9.654000000000000000e+03
626.985224051504,9.612000000000000000e+03
627.0601205419518,9.581000000000000000e+03
627.1349523354077,9.623000000000000000e+03
627.2098373967692,9.582000000000000000e+03
627.2846616468294,9.588000000000000000e+03
627.3595549170336,9.598000000000000000e+03
627.4343873380152,9.563000000000000000e+03
627.5092769901677,9.559000000000000000e+03
627.5841096881397,9.553000000000000000e+03
627.6589365990222,9.544000000000000000e+03
627.7338247007415,9.581000000000000000e+03
627.8086518461457,9.587000000000000000e+03
627.8834850056414,9.586000000000000000e+03
627.9583754402697,9.620000000000000000e+03
628.0332088011603,9.594000000000000000e+03
628.1080284382782,9.572000000000000000e+03
628.182858012259,9.555000000000000000e+03
628.2577527829216,9.562000000000000000e+03
628.3325785578783,9.599000000000000000e+03
628.4074142606058,9.573000000000000000e+03
628.4822361924339,9.546000000000000000e+03
628.5570680421939,9.577000000000000000e+03
628.6318979552647,9.569000000000000000e+03
628.706785214725,9.576000000000000000e+03
628.7816191526078,9.541000000000000000e+03
628.8564471797065,9.559000000000000000e+03
628.9312811520758,9.555000000000000000e+03
629.0061012851678,9.571000000000000000e+03
629.0809313073146,9.533000000000000000e+03
629.155759344112,9.541000000000000000e+03
629.2305893470999,9.547000000000000000e+03
629.3054252715824,9.579000000000000000e+03
629.380247309458,9.607000000000000000e+03
629.4550831794276,9.541000000000000000e+03
629.5299011803792,9.525000000000000000e+03
629.6047330053896,9.500000000000000000e+03
629.6795707280481,9.554000000000000000e+03
629.7543389940075,9.530000000000000000e+03
629.8291607196976,9.501000000000000000e+03
629.9039962589939,9.506000000000000000e+03
629.9788178342736,9.463000000000000000e+03
630.0536452776254,9.470000000000000000e+03
630.1284746162776,9.491000000000000000e+03
630.2032423002603,9.540000000000000000e+03
630.2780753994684,9.501000000000000000e+03
630.3529103790165,9.541000000000000000e+03
630.4277313363475,9.515000000000000000e+03
630.5025024771371,9.499000000000000000e+03
630.5773311190919,9.547000000000000000e+03
630.6521576385172,9.495000000000000000e+03
630.7269342895984,9.536000000000000000e+03
630.8017565291294,9.549000000000000000e+03
630.8765845827202,9.514000000000000000e+03
630.9513587332427,9.505000000000000000e+03
631.0261864484233,9.510000000000000000e+03
631.1009522564115,9.509000000000000000e+03
631.175787573207,9.544000000000000000e+03
631.2506087617126,9.523000000000000000e+03
631.3253799341081,9.536000000000000000e+03
631.400208688403,9.513000000000000000e+03
631.4749754310345,9.513000000000000000e+03
631.5498037567131,9.560000000000000000e+03
631.6245780075234,9.514000000000000000e+03
631.6993420335924,9.532000000000000000e+03
631.7741716576955,9.528000000000000000e+03
631.8489391655564,9.502000000000000000e+03
631.923764305041,9.507000000000000000e+03
631.9985312783703,9.544000000000000000e+03
632.0733039606179,9.537000000000000000e+03
632.1481342990165,9.511000000000000000e+03
632.2228944223607,9.563000000000000000e+03
632.2976642345945,9.514000000000000000e+03
632.3724997216107,9.521000000000000000e+03
632.4472649272958,9.503000000000000000e+03
632.5220358114818,9.512000000000000000e+03
632.5968083701387,9.523000000000000000e+03
632.6716346337209,9.523000000000000000e+03
632.746402531009,9.503000000000000000e+03
632.8211640744752,9.531000000000000000e+03
632.895939281213,9.499000000000000000e+03
632.9707001090119,9.475000000000000000e+03
633.0454705862102,9.475000000000000000e+03
633.1202346797379,9.489000000000000000e+03
633.1950124256075,9.503000000000000000e+03
633.2698318993826,9.483000000000000000e+03
633.3446048767886,9.459000000000000000e+03
633.4193754528278,9.479000000000000000e+03
633.4941436195448,9.442000000000000000e+03
633.5689053548851,9.499000000000000000e+03
633.6436807232593,9.472000000000000000e+03
633.718441616138,9.510000000000000000e+03
633.7932121186539,9.437000000000000000e+03
633.8679199094199,9.440000000000000000e+03
633.9426855028164,9.475000000000000000e+03
634.0174606961399,9.478000000000000000e+03
634.0922213655654,9.431000000000000000e+03
634.1669876029633,9.435000000000000000e+03
634.2417553834099,9.404000000000000000e+03
634.3165327489089,9.435000000000000000e+03
634.3912351850232,9.450000000000000000e+03
634.4660075495017,9.447000000000000000e+03
634.5407774100094,9.437000000000000000e+03
634.6155447585436,9.426000000000000000e+03
634.6902491623354,9.413000000000000000e+03
634.7650114486645,9.432000000000000000e+03
634.8397832896367,9.434000000000000000e+03
634.9145525922855,9.436000000000000000e+03
634.9892588668829,9.410000000000000000e+03
635.0640230545828,9.396000000000000000e+03
635.1387362717429,9.359000000000000000e+03
635.2135074201229,9.390000000000000000e+03
635.2882719598388,9.362000000000000000e+03
635.362981437668,9.434000000000000000e+03
635.4377448294332,9.406000000000000000e+03
635.512457159198,9.369000000000000000e+03
635.5872153377827,9.420000000000000000e+03
635.6619224154749,9.379000000000000000e+03
635.7366995983534,9.399000000000000000e+03
635.8114013974615,9.399000000000000000e+03
635.8861733198535,9.374000000000000000e+03
635.960881941529,9.386000000000000000e+03
636.0356485740448,9.382000000000000000e+03
636.1103518611941,9.348000000000000000e+03
636.1850565091609,9.358000000000000000e+03
636.2598232366993,9.357000000000000000e+03
636.3345306048863,9.362000000000000000e+03
636.4092393182117,9.372000000000000000e+03
636.4840101382218,9.347000000000000000e+03
636.5587134362514,9.361000000000000000e+03
636.6334221129331,9.413000000000000000e+03
636.7081848135534,9.365000000000000000e+03
636.78290019687,9.377000000000000000e+03
636.857604726266,9.340000000000000000e+03
636.9323146152394,9.334000000000000000e+03
637.0070217458345,9.318000000000000000e+03
637.0817261099415,9.235000000000000000e+03
637.1564967140678,9.231000000000000000e+03
637.2311995976745,9.183000000000000000e+03
637.3059078155254,9.203000000000000000e+03
637.3806132401302,9.202000000000000000e+03
637.4553280538418,9.246000000000000000e+03
637.5300278704315,9.289000000000000000e+03
637.6047370655823,9.331000000000000000e+03
637.679443440681,9.362000000000000000e+03
637.7541469875897,9.342000000000000000e+03
637.8288599029363,9.392000000000000000e+03
637.9035659103154,9.286000000000000000e+03
637.978273139046,9.369000000000000000e+03
638.052977512721,9.350000000000000000e+03
638.1276830952562,9.358000000000000000e+03
638.2023898813551,9.331000000000000000e+03
638.2770978657181,9.336000000000000000e+03
638.3517418441655,9.344000000000000000e+03
638.4264562697699,9.376000000000000000e+03
638.5011555722814,9.308000000000000000e+03
638.5758642016897,9.316000000000000000e+03
638.6505699221697,9.341000000000000000e+03
638.7252237691496,9.345000000000000000e+03
638.7999236357822,9.316000000000000000e+03
638.874628732156,9.321000000000000000e+03
638.9493472209352,9.353000000000000000e+03
639.0239892680094,9.374000000000000000e+03
639.098689601196,9.381000000000000000e+03
639.173395144716,9.359000000000000000e+03
639.2480405140027,9.351000000000000000e+03
639.3227564554909,9.338000000000000000e+03
639.3973958340758,9.354000000000000000e+03
639.4721058028182,9.336000000000000000e+03
639.5468086912668,9.376000000000000000e+03
639.6214635767756,9.331000000000000000e+03
639.6961604460553,9.370000000000000000e+03
639.7708092749344,9.393000000000000000e+03
639.8455164682429,9.331000000000000000e+03
639.9201674013606,9.347000000000000000e+03
639.9948767149377,9.357000000000000000e+03
640.0695174401586,9.337000000000000000e+03
640.1441591862857,9.343000000000000000e+03
640.2188716275688,9.330000000000000000e+03
640.2935236151387,9.315000000000000000e+03
640.3681602084457,9.303000000000000000e+03
640.4428757290473,9.370000000000000000e+03
640.5175143262505,9.316000000000000000e+03
640.592166218985,9.332000000000000000e+03
640.6668724558668,9.339000000000000000e+03
640.7415181149009,9.359000000000000000e+03
640.8161565315354,9.365000000000000000e+03
640.8908041242695,9.347000000000000000e+03
640.9655143022176,9.293000000000000000e+03
641.0401638233027,9.264000000000000000e+03
641.1148060727106,9.311000000000000000e+03
641.1894533730033,9.327000000000000000e+03
641.2641016094406,9.315000000000000000e+03
641.3387425502967,9.308000000000000000e+03
641.4134543525283,9.296000000000000000e+03
641.488101262261,9.334000000000000000e+03
641.5627449685089,9.301000000000000000e+03
641.6373854629693,9.287000000000000000e+03
641.7120350911663,9.305000000000000000e+03
641.7866814967092,9.236000000000000000e+03
641.8613246712862,9.280000000000000000e+03
641.9359769690361,9.259000000000000000e+03
642.0106260249374,9.265000000000000000e+03
642.0852718306695,9.272000000000000000e+03
642.1598525225107,9.291000000000000000e+03
642.2344917885489,9.256000000000000000e+03
642.3091401562656,9.269000000000000000e+03
642.3837934993884,9.230000000000000000e+03
642.4584353052218,9.242000000000000000e+03
642.5330862021095,9.260000000000000000e+03
642.6077296725547,9.241000000000000000e+03
642.6823120100572,9.281000000000000000e+03
642.7569529755671,9.236000000000000000e+03
642.8315988836831,9.212000000000000000e+03
642.9062455985243,9.260000000000000000e+03
642.9808352351971,9.247000000000000000e+03
643.055475263203,9.263000000000000000e+03
643.1301243499755,9.250000000000000000e+03
643.2047163018128,9.176000000000000000e+03
643.279354524987,9.250000000000000000e+03
643.3539438476895,9.234000000000000000e+03
643.4285877299418,9.217000000000000000e+03
643.5032406530961,9.221000000000000000e+03
643.5778197789244,9.224000000000000000e+03
643.6524659081414,9.182000000000000000e+03
643.7270464782921,9.219000000000000000e+03
643.8016982163535,9.236000000000000000e+03
643.876284355504,9.239000000000000000e+03
643.9509292459394,9.174000000000000000e+03
644.0255084918365,9.160000000000000000e+03
644.1001589469886,9.189000000000000000e+03
644.1747437177227,9.218000000000000000e+03
644.2493250109602,9.200000000000000000e+03
644.3239775458864,9.190000000000000000e+03
644.3985601811679,9.179000000000000000e+03
644.4731434709971,9.200000000000000000e+03
644.5477855716856,9.212000000000000000e+03
644.6223743228242,9.236000000000000000e+03
644.6969595574612,9.196000000000000000e+03
644.7715495817692,9.218000000000000000e+03
644.8461901340061,9.210000000000000000e+03
644.9207731033271,9.203000000000000000e+03
644.9953650068094,9.208000000000000000e+03
645.0699450389038,9.208000000000000000e+03
645.1445298338459,9.242000000000000000e+03
645.219177672042,9.203000000000000000e+03
645.2937678340779,9.220000000000000000e+03
645.3683419239809,9.203000000000000000e+03
645.4429290863851,9.236000000000000000e+03
645.5175168235929,9.257000000000000000e+03
645.5921051300253,9.278000000000000000e+03
645.6666898312457,9.234000000000000000e+03
645.7412750885978,9.254000000000000000e+03
645.8158525549321,9.259000000000000000e+03
645.8904389058563,9.258000000000000000e+03
645.9650299688499,9.228000000000000000e+03
646.0396090465212,9.227000000000000000e+03
646.1141969977764,9.249000000000000000e+03
646.1887812959989,9.239000000000000000e+03
646.2633076373747,9.280000000000000000e+03
646.3378845915109,9.256000000000000000e+03
646.4124787595719,9.279000000000000000e+03
646.4870608913304,9.286000000000000000e+03
646.5616476941717,9.289000000000000000e+03
646.6361722632304,9.289000000000000000e+03
646.7107558375826,9.302000000000000000e+03
646.7853440690486,9.254000000000000000e+03
646.859928586342,9.261000000000000000e+03
646.9344466023072,9.270000000000000000e+03
647.0090362098298,9.335000000000000000e+03
647.083622083392,9.296000000000000000e+03
647.1581413924066,9.279000000000000000e+03
647.2327239470708,9.328000000000000000e+03
647.307306934167,9.285000000000000000e+03
647.3818400556567,9.304000000000000000e+03
647.456419687093,9.282000000000000000e+03
647.5309452235595,9.314000000000000000e+03
647.6055298578293,9.320000000000000000e+03
647.6800561677495,9.301000000000000000e+03
647.7546415911931,9.313000000000000000e+03
647.829164455096,9.320000000000000000e+03
647.9037464463057,9.341000000000000000e+03
647.9782700344881,9.339000000000000000e+03
648.0527939695423,9.334000000000000000e+03
648.1273854568424,9.305000000000000000e+03
648.2019100840658,9.327000000000000000e+03
648.2764938778582,9.367000000000000000e+03
648.3510107654179,9.368000000000000000e+03
648.425536376692,9.357000000000000000e+03
648.5000623007427,9.350000000000000000e+03
648.5746432162518,9.362000000000000000e+03
648.6491655538866,9.358000000000000000e+03
648.7236881852804,9.357000000000000000e+03
648.7982195235151,9.349000000000000000e+03
648.8728058826379,9.305000000000000000e+03
648.9473293775359,9.336000000000000000e+03
649.0218489310823,9.380000000000000000e+03
649.0963729611857,9.404000000000000000e+03
649.1708972508054,9.353000000000000000e+03
649.2454260094211,9.391000000000000000e+03
649.3199508018886,9.350000000000000000e+03
649.3944716195824,9.403000000000000000e+03
649.4689926719741,9.394000000000000000e+03
649.5435181724034,9.384000000000000000e+03
649.6180396779724,9.395000000000000000e+03
649.6925698430567,9.420000000000000000e+03
649.7670917798398,9.465000000000000000e+03
649.8416139226556,9.394000000000000000e+03
649.9161320418531,9.463000000000000000e+03
649.9906588034178,9.463000000000000000e+03
650.0651815298742,9.411000000000000000e+03
650.1397086661992,9.453000000000000000e+03
650.2142317539774,9.401000000000000000e+03
650.2887550133019,9.435000000000000000e+03
650.3632192222857,9.417000000000000000e+03
650.4377470245496,9.422000000000000000e+03
650.5122665196939,9.392000000000000000e+03
650.5867946266628,9.412000000000000000e+03
650.6612551406859,9.433000000000000000e+03
650.7357750465694,9.401000000000000000e+03
650.8103035527816,9.430000000000000000e+03
650.8847644021826,9.437000000000000000e+03
650.9592931417967,9.441000000000000000e+03
651.0338092818513,9.412000000000000000e+03
651.1082704136296,9.479000000000000000e+03
651.182799464824,9.471000000000000000e+03
651.2572649940395,9.475000000000000000e+03
651.3317857370804,9.465000000000000000e+03
651.4062556434649,9.442000000000000000e+03
651.4807807792504,9.523000000000000000e+03
651.5552380644563,9.498000000000000000e+03
651.6297548330812,9.502000000000000000e+03
651.7042206933047,9.492000000000000000e+03
651.7787503045504,9.517000000000000000e+03
651.8532162309156,9.523000000000000000e+03
651.9277374256133,9.556000000000000000e+03
652.0021948907765,9.561000000000000000e+03
652.0766608615594,9.535000000000000000e+03
652.1511863740992,9.525000000000000000e+03
652.2256523518495,9.589000000000000000e+03
652.3001055526772,9.582000000000000000e+03
652.3745757534864,9.576000000000000000e+03
652.4490927583861,9.560000000000000000e+03
652.523554404734,9.576000000000000000e+03
652.5980245314129,9.604000000000000000e+03
652.6724818393412,9.654000000000000000e+03
652.7469518786384,9.620000000000000000e+03
652.8214730080308,9.625000000000000000e+03
652.8959386884019,9.648000000000000000e+03
652.9703957767102,9.655000000000000000e+03
653.0448655846427,9.655000000000000000e+03
653.1193267868492,9.688000000000000000e+03
653.1937879048733,9.687000000000000000e+03
653.268253200443,9.712000000000000000e+03
653.3427141334746,9.684000000000000000e+03
653.417174964718,9.703000000000000000e+03
653.4916399588126,9.725000000000000000e+03
653.5661005698283,9.676000000000000000e+03
653.640569606346,9.685000000000000000e+03
653.7150299745911,9.730000000000000000e+03
653.7894902116518,9.731000000000000000e+03
653.8638947316973,9.718000000000000000e+03
653.938354676066,9.790000000000000000e+03
653.9927330350457,9.796307384718711546e+03
654.0128144715792,9.749000000000000000e+03
654.0673848929049,9.774898385373224301e+03
654.0872783906434,9.805000000000000000e+03
654.1419639360352,9.785039490326349551e+03
654.1617421510075,9.803000000000000000e+03
654.2166156285444,9.803068121354128380e+03
654.2361458232748,9.804000000000000000e+03
654.2911987423258,9.822223541821142135e+03
654.3658416830104,9.852646856680516066e+03
654.4404288467964,9.832364646774267385e+03
654.5150758549863,9.852646856680516066e+03
654.5897184695584,9.867295119390586478e+03
654.664305251433,9.844759330605864307e+03
654.7389476142009,9.869548698269058150e+03
654.8135383948625,9.895464855371488738e+03
654.888184771955,9.893211276493017067e+03
654.9627666643294,9.905605960324613989e+03
655.0373526739268,9.941663222380168008e+03
655.1119985900768,9.887577329296835160e+03
655.1865885451579,9.952931116772530004e+03
655.2612255432555,9.927014959670099415e+03
655.3358194230502,9.957438274529475166e+03
655.4104603574718,9.969832958361072087e+03
655.4850452543039,9.991241957706557514e+03
655.5596986994234,9.975466905557252176e+03
655.634274582699,1.002053848312669652e+04
655.7088674352764,9.979974063314197338e+03
655.7835073665872,1.000701700985586285e+04
655.8580911670134,1.005096179798607045e+04
655.9327392618014,1.005772253462148728e+04
656.0073268888157,1.001490453593051643e+04
656.0819099586474,1.004420106135065544e+04
656.1565530436084,1.009716016499475154e+04
656.2311355998527,1.010842805938711354e+04
656.3057308056235,1.007913153396697453e+04
656.3803688222278,1.014786568976037597e+04
656.454954867795,1.013547100592877905e+04
656.5295449351327,1.018392295181593181e+04
656.6041821341065,1.013659779536801580e+04
656.6787759333997,1.016364074190968131e+04
656.7533564903902,1.017378184686280656e+04
656.8279410471957,1.019744442508676548e+04
656.9025856984958,1.020871231947912565e+04
656.9771696261503,1.017941579405898665e+04
657.0517532233856,1.021096589835759914e+04
657.1264055746188,1.021659984555377923e+04
657.2009928278474,1.024251600265620982e+04
657.2755710944062,1.030223584293572276e+04
657.3501576467798,1.025491068648780674e+04
657.4247438407015,1.033829310499127860e+04
657.4993858698668,1.030336263237495950e+04
657.573971341612,1.034167347330898701e+04
657.6485607618943,1.036533605153294411e+04
657.7231498016442,1.037998431424301452e+04
657.7977341278665,1.035857531489752910e+04
657.87237432304,1.038674505087843136e+04
657.9469621958759,1.042392910237322212e+04
658.0215410042488,1.041604157629857036e+04
658.0961280598617,1.039350578751384819e+04
658.1707146988002,1.042392910237322212e+04
658.2453009150308,1.042280231293398720e+04
658.3198867025178,1.048139536377426339e+04
658.3945327428875,1.056590457171697199e+04
658.4691220043352,1.052421336246523606e+04
658.5437021472852,1.054336878293224981e+04
658.6182818353581,1.052759373078294448e+04
658.69286974003,1.054900273012842990e+04
658.767461521399,1.060646899152947117e+04
658.8420354727173,1.052646694134370773e+04
658.9166306515345,1.058731357106245741e+04
658.9912079822875,1.059294751825863932e+04
659.0657935091809,1.062787799087495841e+04
659.140382887388,1.063125835919266683e+04
659.2149717681472,1.072027472489231877e+04
659.289551452134,1.066956920012669434e+04
659.3641306225966,1.069773893610759660e+04
659.438717970647,1.078562851236801362e+04
659.5133047969533,1.074055693479856927e+04
659.5878910954348,1.071802114601384710e+04
659.6624768600082,1.081041788003120746e+04
659.7370620845874,1.078562851236801362e+04
659.8116467630838,1.088027882526384565e+04
659.8862265349078,1.085774303647912348e+04
659.9608101019778,1.088929314077773415e+04
660.0354018176174,1.091858966619787316e+04
660.1099798943757,1.098619703255203967e+04
660.1845748263452,1.098056308535585958e+04
660.259151743867,1.092535040283328999e+04
660.333684466581,1.096704161208502592e+04
660.4082645480388,1.100985961077599859e+04
660.4828527532469,1.108760808208328854e+04
660.5574316285567,1.105267760946696944e+04
660.6320229836718,1.109774918703641379e+04
660.7066049946801,1.116310297451210863e+04
660.7811820158635,1.115634223787669180e+04
660.8557147324121,1.119352628937148256e+04
660.9302992109782,1.118113160553988564e+04
661.0048830496228,1.121042813096002465e+04
661.0794662422122,1.125211934021176057e+04
661.1540575251042,1.126676760292183098e+04
661.2285781978873,1.126902118180030266e+04
661.3031681500861,1.129268376002426157e+04
661.3777399387936,1.129831770722044166e+04
661.452332922751,1.135015002142530284e+04
661.5269208535378,1.138395370460238519e+04
661.6014380645663,1.141325023002252419e+04
661.6760289813253,1.137043223133155152e+04
661.7506148234904,1.143015207161106628e+04
661.8251298800592,1.147973080693745396e+04
661.8997142930884,1.147635043861974555e+04
661.9743067544003,1.152705596338537180e+04
662.0488853483158,1.153607027889926030e+04
662.1234149871826,1.161494553964578699e+04
662.198000873726,1.160255085581419007e+04
662.2725860216412,1.162170627628120383e+04
662.347104619191,1.165325638057981450e+04
662.4216882564932,1.166452427497217650e+04
662.4962184684717,1.166903143272911984e+04
662.570804963388,1.172649769413016111e+04
662.6453862997457,1.171861016805550935e+04
662.7199097646629,1.172762448356939785e+04
662.7944939234665,1.174790669347564835e+04
662.869086084027,1.181213369151210645e+04
662.9436071371093,1.185495169020307731e+04
663.0181889069928,1.183917663805377197e+04
663.0927083152421,1.181664084926904980e+04
663.1673016492832,1.187185353179161939e+04
663.2418237897235,1.193495374038884074e+04
663.3164110793576,1.191016437272564690e+04
663.3909359310869,1.198791284403293866e+04
663.4655171474956,1.198115210739752183e+04
663.5400358838839,1.201044863281766084e+04
663.6146198039338,1.202622368496696618e+04
663.6891500154543,1.209270426188189595e+04
663.763736622158,1.209946499851731278e+04
663.8382518588492,1.209495784076036944e+04
663.9128411292601,1.205664699982634193e+04
663.9873589874919,1.215242410216141070e+04
664.0619509026042,1.219636889029161830e+04
664.136471363353,1.220876357412321522e+04
664.211061492379,1.220425641636627188e+04
664.285584535613,1.227749772991661848e+04
664.3601640270679,1.224594762561800781e+04
664.4346852160202,1.230228709757981233e+04
664.5092142934612,1.237778199000863060e+04
664.5838042596656,1.224144046786106264e+04
664.6583226187805,1.238341593720481251e+04
664.7328488535421,1.236651409561627042e+04
664.8074315802052,1.241383925206418644e+04
664.881960314152,1.245665725075515911e+04
664.9565455552175,1.248031982897911803e+04
665.031072346548,1.251525030159543712e+04
665.1055937270582,1.250398240720307513e+04
665.1801096874939,1.258060408907113015e+04
665.2546998800744,1.258060408907113015e+04
665.3292271235769,1.258961840458501865e+04
665.4037489291384,1.258961840458501865e+04
665.4783361453115,1.263807035047217141e+04
665.5528603518749,1.266736687589231042e+04
665.6273790986409,1.270004376963015784e+04
665.7019056711048,1.268088834916314408e+04
665.7764932599148,1.273497424224647693e+04
665.8510088931856,1.280821555579682354e+04
665.9255412083346,1.281835666074994879e+04
666.0000591620371,1.282511739738536562e+04
666.0746470335703,1.284765318617008779e+04
666.1491717378727,1.291864092084196272e+04
666.2236953664843,1.286230144888015639e+04
666.2982179130853,1.290624623701036580e+04
666.3727393713534,1.296934644560758716e+04
666.4472686180028,1.293328918355203132e+04
666.5218500778012,1.298061433999994915e+04
666.5963682490049,1.302117875981244833e+04
666.670894195563,1.302005197037321159e+04
666.7454190261132,1.302455912813015675e+04
666.8199427343175,1.310230759943744852e+04
666.8944653138359,1.310794154663362860e+04
666.9689912068017,1.315639349252078136e+04
667.043515960381,1.315188633476383620e+04
667.1180440186909,1.322287406943571114e+04
667.1925664754452,1.320709901728640580e+04
667.2671501081187,1.321047938560411421e+04
667.3416747090137,1.325893133149126697e+04
667.4162025951904,1.329836896186453123e+04
667.4907159415177,1.330851006681765466e+04
667.5652459277131,1.335583522326557249e+04
667.6397747296355,1.333104585560237683e+04
667.7142934240692,1.344147122064751602e+04
667.7888198363478,1.339301927476036326e+04
667.8633405848258,1.345161232560064127e+04
667.9378645829604,1.347978206158154353e+04
668.0123873649534,1.349668390317008561e+04
668.0868509002132,1.350457142924473737e+04
668.1613801466233,1.350006427148779403e+04
668.235899230937,1.355753053288883530e+04
668.3104215399541,1.355753053288883530e+04
668.3849470702704,1.367133626625168108e+04
668.4594713500996,1.361499679428987656e+04
668.533998842422,1.363640579363536199e+04
668.6085250734534,1.367358984513015457e+04
668.683041094052,1.368485773952251475e+04
668.7575647813001,1.371077389662494534e+04
668.8320290343215,1.373669005372737593e+04
668.9065546155499,1.375133831643744452e+04
668.9810833808008,1.384486183989404162e+04
669.0555974212344,1.381331173559543095e+04
669.130128062917,1.385612973428640362e+04
669.2046529196529,1.384598862933327837e+04
669.2791182298785,1.385838331316487529e+04
669.3536314765041,1.395078004718223565e+04
669.4281657979723,1.393500499503293031e+04
669.5026898264498,1.390458168017355638e+04
669.57714526615,1.400373915082633357e+04
669.65167108008,1.400486594026556850e+04
669.7261910590614,1.402402136073258407e+04
669.8007186526492,1.402064099241487565e+04
669.8751865504684,1.405669825447042967e+04
669.949711403622,1.400373915082633357e+04
670.0242348833766,1.407585367493744343e+04
670.0987480026345,1.414796819904855511e+04
670.1732193096983,1.408599477989056868e+04
670.2477431098745,1.406345899110584651e+04
670.3222655128286,1.407923404325515185e+04
670.396728085964,1.414458783073084669e+04
670.471252157415,1.419867372381417954e+04
670.5457118658269,1.420430767101035963e+04
670.6202330875843,1.415698251456244361e+04
670.6947618784129,1.417163077727251402e+04
670.7692307481261,1.424261851194438714e+04
670.8437476587868,1.423247740699126371e+04
670.918213608017,1.422458988091661013e+04
670.9927321095302,1.427078824792529122e+04
671.0672536563986,1.430121156278466515e+04
671.1417196890736,1.424149172250515221e+04
671.216251808498,1.433050808820480415e+04
671.290714863808,1.436769213969959492e+04
671.3652395155675,1.427980256343917972e+04
671.4396995665256,1.432036698325167890e+04
671.5142212289395,1.436543856082112325e+04
671.5886872701645,1.439586187568049900e+04
671.6632104305353,1.438572077072737375e+04
671.7376734223737,1.439698866511973392e+04
671.812193546355,1.434853671923258116e+04
671.8866579770747,1.440149582287667909e+04
671.9611795549314,1.436881892913883166e+04
672.0356408881489,1.434740992979334624e+04
672.1101096909673,1.441051013839056759e+04
672.1846266277597,1.440487619119438750e+04
672.2590968192625,1.439360829680202551e+04
672.3336151557181,1.445220134764230352e+04
672.4080821944679,1.439360829680202551e+04
672.482543119204,1.443755308493223492e+04
672.5570657703272,1.442628519053987293e+04
672.63152802642,1.441501729614751275e+04
672.705997721871,1.449727292521174786e+04
672.7805155931686,1.446121566315619202e+04
672.854982065397,1.443529950605376143e+04
672.9294423823377,1.447361034698778894e+04
673.0039644745739,1.448600503081938768e+04
673.0784260583234,1.445896208427772035e+04
673.152895058153,1.456375350212667763e+04
673.2274213293804,1.448825860969785936e+04
673.3018779706365,1.449952650409021953e+04
673.3763374799411,1.452431587175341519e+04
673.4508043890924,1.448037108362320578e+04
673.5252650884476,1.449051218857633103e+04
673.5997967036512,1.450178008296869302e+04
673.6742585868221,1.454459808165966388e+04
673.748714237457,1.456037313380896921e+04
673.823186347847,1.447924429418397085e+04
673.8976385924067,1.447473713642702569e+04
673.9721663425748,1.447135676810931727e+04
674.0466287979216,1.450628724072563637e+04
674.1210895311846,1.450065329352945628e+04
674.1955530811653,1.451417476680028994e+04
674.2700239906791,1.447924429418397085e+04
674.3444795221271,1.455248560773431745e+04
674.4189469503236,1.454347129222042895e+04
674.49346722243,1.447248355754855402e+04
674.567935708377,1.446684961035237393e+04
674.6424024340591,1.448825860969785936e+04
674.7168582880072,1.452994981894959528e+04
674.7913214713103,1.455586597605202587e+04
674.8657783200656,1.448938539913709610e+04
674.940251601854,1.452093550343570678e+04
675.0147094269751,1.453558376614577537e+04
675.0891700095718,1.446572282091313718e+04
675.1636379044918,1.443417271661452651e+04
675.2380994327431,1.444882097932459510e+04
675.312554584676,1.444656740044612343e+04
675.3870261580195,1.448262466250167927e+04
675.4614822208301,1.440938334895133085e+04
675.5359547018315,1.441727087502598442e+04
675.610407090499,1.441389050670827601e+04
675.6848804576179,1.442515840110063800e+04
675.7593337130725,1.438234040240966533e+04
675.8338033782419,1.439022792848431709e+04
675.9082026566803,1.438572077072737375e+04
675.9826594431638,1.428092935287841465e+04
676.0571234944312,1.436205819250341483e+04
676.1315948098625,1.430346514166313682e+04
676.2060550986515,1.432374735156938732e+04
676.2805134951972,1.436205819250341483e+04
676.3549745673919,1.426064714297216597e+04
676.4293879803434,1.429670440502772180e+04
676.5038498052293,1.425952035353292922e+04
676.5783051376296,1.417613793502945737e+04
676.6527677036122,1.422684345979508180e+04
676.7272329229447,1.416825040895480561e+04
676.8016366634976,1.419416656605723620e+04
676.8761025828228,1.413444672577772144e+04
676.9505619772531,1.412655919970306968e+04
677.0250240043307,1.412881277858154135e+04
677.0994290601088,1.413219314689924977e+04
677.1738917427178,1.404430357063883275e+04
677.2483524582894,1.409951625316140235e+04
677.3227561481843,1.405895183334890316e+04
677.3972128974716,1.395303362606070914e+04
677.4716768389669,1.396542830989230606e+04
677.5461433813275,1.402064099241487565e+04
677.6205482371186,1.396993546764924940e+04
677.6950015852051,1.392824425839751348e+04
677.7694069841688,1.386965120755723729e+04
677.8438746703705,1.390345489073431963e+04
677.9183311477581,1.381331173559543095e+04
677.9927396296163,1.381669210391313936e+04
678.0672012294622,1.377387410522216669e+04
678.1416056066512,1.370964710718570859e+04
678.2160631125909,1.373443647484890425e+04
678.2905277690969,1.370739352830723692e+04
678.3649259468506,1.368711131840098824e+04
678.4393864750938,1.360372889989751457e+04
678.513798898065,1.360485568933675131e+04
678.5882598799376,1.355978411176730697e+04
678.6626543015428,1.353386795466487638e+04
678.7371249257566,1.349668390317008561e+04
678.8115243461227,1.348992316653466878e+04
678.8859815585386,1.345837306223605810e+04
678.9603905685974,1.339189248532112651e+04
679.0348481677615,1.340090680083501684e+04
679.1092529209583,1.338513174868571150e+04
679.1836509171139,1.326456527868744706e+04
679.2581113551571,1.329611538298605774e+04
679.3325235125415,1.325217059485585014e+04
679.4069842868593,1.323639554270654480e+04
679.481378280968,1.315864707139925304e+04
679.5557839509504,1.309329328392356001e+04
679.6302474888498,1.309780044168050335e+04
679.704648807749,1.305385565355029576e+04
679.7790525553501,1.300089654990619783e+04
679.8535234360058,1.298737507663536599e+04
679.9279135518302,1.298962865551383766e+04
680.0023245731195,1.296483928785064381e+04
680.076784258521,1.293328918355203132e+04
680.1511816092886,1.281835666074994879e+04
680.2255859851732,1.282511739738536562e+04
680.3000482943368,1.282624418682460237e+04
680.374448213023,1.275525645215272743e+04
680.4488412562114,1.278342618813362969e+04
680.5232552007656,1.269666340131244942e+04
680.5976576301395,1.264370429766835332e+04
680.6721226617578,1.262454887720133956e+04
680.7465159407645,1.262454887720133956e+04
680.8209254830051,1.253327893262321413e+04
680.8953281128896,1.254116645869786771e+04
680.969723820552,1.250060203888536671e+04
681.0441775310805,1.247243230290446445e+04
681.118582574998,1.243412146197043694e+04
681.1929806772104,1.242961430421349178e+04
681.2673996753556,1.237890877944786735e+04
681.3418070819359,1.233721757019613142e+04
681.4162075273074,1.229101920318745033e+04
681.4906056458781,1.226735662496349323e+04
681.5649921401839,1.223129936290793739e+04
681.6393995215485,1.224932799393571440e+04
681.7137999143118,1.219862246917008997e+04
681.7882165503345,1.214228299720828545e+04
681.8626680324036,1.212988831337668853e+04
681.9370706711479,1.209495784076036944e+04
682.0114662918298,1.206904168365793885e+04
682.0858781465969,1.198115210739752183e+04
682.1602876270566,1.200594147506071567e+04
682.234615600839,1.200030752786453559e+04
682.3090342611832,1.191354474104335532e+04
682.3834179373963,1.190453042552946681e+04
682.4578224911205,1.184706416412842555e+04
682.5322153211919,1.182227479646523170e+04
682.6066290312607,1.181889442814752329e+04
682.6810356664762,1.175917458786800853e+04
682.7554352169042,1.178396395553120237e+04
682.8298276726078,1.169156722151384201e+04
682.9042363415565,1.170959585254162084e+04
682.9786379060591,1.160931159244960691e+04
683.052985700029,1.161945269740273216e+04
683.1273776822683,1.157663469871175948e+04
683.2017812028357,1.157776148815099623e+04
683.2761822579863,1.155860606768398247e+04
683.3505948498541,1.149888622740446772e+04
683.4249816151049,1.146620933366662030e+04
683.4993378598623,1.144029317656419153e+04
683.5737336498651,1.140085554619092727e+04
683.6481222681783,1.139860196731245560e+04
683.7225270786547,1.134226249535064926e+04
683.7968779498492,1.131183918049127533e+04
683.8712683772519,1.128479623394960799e+04
683.9456749923205,1.124310502469787207e+04
684.0200089024875,1.123071034086627515e+04
684.0944244901342,1.119352628937148256e+04
684.1688141432852,1.117324407946523388e+04
684.2431731578488,1.120028702600689940e+04
684.3175670692367,1.110676350255030229e+04
684.3919584235521,1.112704571245655279e+04
684.4662956794946,1.105605797778467786e+04
684.5407193753053,1.099408455862669325e+04
684.6151123876289,1.095013977049648383e+04
684.689455939193,1.088140561470308239e+04
684.7638578398391,1.084309477376905488e+04
684.8382055615216,1.077098024965794320e+04
684.9125975757681,1.072478188264926212e+04
684.9870010616816,1.073154261928467895e+04
685.0613315458365,1.067858351564058285e+04
685.1357438810281,1.063013156975343009e+04
685.2100831760683,1.061210293872565308e+04
685.2844855664139,1.053998841461454140e+04
685.3588336587155,1.054449557237148656e+04
685.4332213760933,1.046223994330724963e+04
685.5075782509971,1.052534015190447280e+04
685.5819089583205,1.048477573209197180e+04
685.6563216044284,1.053097409910065289e+04
685.7306563603778,1.049379004760586031e+04
685.8050589720733,1.051294546807287406e+04
685.8794024621719,1.047576141657808330e+04
685.9537903041233,1.044646489115794429e+04
686.0281472199982,1.042730947069093054e+04
686.1024731844336,1.043294341788711063e+04
686.1768811733403,1.039350578751384819e+04
686.2512158243778,1.028984115910412584e+04
686.3255665827462,1.030223584293572276e+04
686.3999617223745,1.028646079078641742e+04
686.4742975925424,1.026617858088016692e+04
686.5486495653337,1.015688000527426448e+04
686.6230412185406,1.020195158284370882e+04
686.6973829775881,1.012082274321871046e+04
686.7717408365776,1.007462437621002937e+04
686.8460676249846,1.000814379929509960e+04
686.920476563722,1.002504564088363986e+04
686.9948119535088,9.983354431631903935e+03
687.0691634335083,9.986734799949612352e+03
687.1434837923248,9.925888170230862670e+03
687.2178910716232,9.897718434249960410e+03
687.2922436114384,9.848139698923572723e+03
687.3665697193694,9.821096752381905389e+03
687.4409071790424,9.778278753690932717e+03
687.5152607193801,9.760250122663155707e+03
687.5896114344212,9.708417808458294530e+03
687.6639309442114,9.687008809112809104e+03
687.7383327394424,9.688135598552044030e+03
687.8126844041321,9.600246022291628833e+03
687.8870284875072,9.592358496216975254e+03
687.9613649794371,9.556301234161421235e+03
688.0357175394452,9.540526182012114077e+03
688.1100388231959,9.504468919956560057e+03
688.1843761649789,9.465031289583295802e+03
688.2587343070002,9.471792026218712635e+03
688.3330800913666,9.436861553602393542e+03
688.4074182439083,9.385029239397532365e+03
688.4817534945465,9.362493450612810193e+03
688.556104800579,9.354605924538156614e+03
688.6304200038998,9.291505715940935261e+03
688.7047797093452,9.282491400427046756e+03
688.7791080338786,9.201362560802046573e+03
688.8534524038824,9.235166243979130741e+03
688.9277890934775,9.199108981923574902e+03
689.0021418286908,9.184460719213504490e+03
689.0764868733971,9.143896299401005308e+03
689.1507577273879,9.102205090149269381e+03
689.2250873462091,9.097697932392324219e+03
689.2994377520117,9.001920830057255444e+03
689.3737756865256,9.031217355477394449e+03
689.4481106432635,8.980511830711770017e+03
689.5224616327603,8.945581358095450923e+03
689.5968001275772,8.954595673609339428e+03
689.6710880627454,8.939947410899270835e+03
689.745415792651,8.905016938282949923e+03
689.8197595452868,8.899382991086769835e+03
689.8941002876792,8.884734728376701241e+03
689.968380885931,8.858818571274270653e+03
690.0427250973174,8.819380940901006397e+03
690.1170662811704,8.814873783144063054e+03
690.1913949030705,8.795718362677049299e+03
690.2656966557213,8.731491364640591200e+03
690.3400334706062,8.748393206229131465e+03
690.4143672314507,8.734871732958297798e+03
690.4886454859029,8.701068049781215450e+03
690.5629874122526,8.690926944828090200e+03
690.6373214994773,8.688673365949618528e+03
690.7116000290887,8.654869682772534361e+03
690.7859422563533,8.646982156697882601e+03
690.8602336681432,8.605290947446146674e+03
690.9345601567937,8.596276631932258169e+03
691.0089026400582,8.555712212119757169e+03
691.0831942596561,8.556839001558993914e+03
691.157520963373,8.510640634550312825e+03
691.2318206545044,8.533176423335034997e+03
691.3061602170517,8.530922844456563325e+03
691.380444070193,8.498245950718715903e+03
691.45476779478,8.396834901187467040e+03
691.5290596795087,8.426131426607606045e+03
691.6033914459812,8.427258216046840971e+03
691.6776674311591,8.417117111093715721e+03
691.7520072241363,8.385567006795105044e+03
691.8262959912287,8.399088480065938711e+03
691.900643801485,8.332607903151008941e+03
691.9749166156074,8.346129376421842608e+03
692.0492005879099,8.333734692590243867e+03
692.123529252891,8.335988271468717357e+03
692.1978259721524,8.287536325581564597e+03
692.2721578136724,8.226689695862814915e+03
692.3464385130854,8.304438167170106681e+03
692.4207159769667,8.246971905769063596e+03
692.4950525395182,8.223309327545106498e+03
692.56933311711,8.224436116984343244e+03
692.6436056440851,8.182744907732606407e+03
692.7179660817585,8.157955540069411654e+03
692.7922272967613,8.162462697826356816e+03
692.8665236380322,8.151194803433995730e+03
692.9407927013435,8.129785804088509394e+03
693.0151497288059,8.118517909696148308e+03
693.089421837627,8.106123225864551387e+03
693.1636906489606,8.090348173715246048e+03
693.2379753787236,8.077953489883648217e+03
693.3122568047582,8.037389070071149035e+03
693.3865926140129,8.005838965772537449e+03
693.4608818498604,8.024994386239551204e+03
693.5351581466051,7.995697860819413108e+03
693.6094263017561,7.997951439697884780e+03
693.6837151767944,7.933724441661426681e+03
693.7579910889119,7.975415650913162608e+03
693.8322636527323,7.966401335399274103e+03
693.906552121247,7.915695810633648762e+03
693.9808998444166,7.935978020539899262e+03
694.0551719756728,7.904427916241287676e+03
694.1294600063287,7.907808284558996093e+03
694.2037398455482,7.880765338017329668e+03
694.2780114829652,7.919076178951357178e+03
694.3522990144666,7.877384969699621251e+03
694.426583156023,7.818791918859344150e+03
694.5008542537265,7.795129340635386143e+03
694.5751412401826,7.804143656149274648e+03
694.6494248189764,7.773720341289899807e+03
694.723700156412,7.753438131383650216e+03
694.7979624146619,7.753438131383650216e+03
694.8721970948218,7.730902342598928044e+03
694.9464717871994,7.728648763720455463e+03
695.0207623596758,7.719634448206566958e+03
695.0950205016327,7.738789868673580713e+03
695.1693186762369,7.658787818487816367e+03
695.2435843995215,7.681323607272538538e+03
695.3178708269531,7.594560820451359177e+03
695.3921441168008,7.647519924095456190e+03
695.4663655616765,7.632871661385386687e+03
695.5406463919401,7.618223398675317185e+03
695.6149237361514,7.566391084470456008e+03
695.6892121064967,7.588926873255178180e+03
695.7634969823528,7.582166136619761346e+03
695.8377008859716,7.552869611199622341e+03
695.9119932631442,7.523573085779484245e+03
695.9862772860863,7.551742821760386505e+03
696.06048026933,7.488642613163165151e+03
696.134771767185,7.483008665966984154e+03
696.2090548898484,7.468360403256914651e+03
696.2833296268801,7.453712140546845148e+03
696.3575523255896,7.433429930640595558e+03
696.4318151008928,7.443571035593720808e+03
696.5060403540568,7.404133405220456552e+03
696.58033480532,7.415401299612817638e+03
696.6545965750922,7.366949353725664878e+03
696.7288256373972,7.387231563631915378e+03
696.8030899410923,7.353427880454832120e+03
696.8773263707111,7.302722355689206779e+03
696.9516029071826,7.361315406529484790e+03
697.0258758450395,7.316243828960040446e+03
697.1000868630892,7.320750986716984698e+03
697.1743865928445,7.294834829614554110e+03
697.248609793035,7.272299040829831938e+03
697.3228682493078,7.261031146437470852e+03
697.3970987519848,7.262157935876707597e+03
697.4713645187727,7.253143620362818183e+03
697.5456023130668,7.215959568868026508e+03
697.6198072452165,7.226100673821151759e+03
697.6941009834452,7.228354252699624340e+03
697.7683131711979,7.197930937840249499e+03
697.8425898466292,7.182155885690944160e+03
697.9168092738975,7.167507622980874658e+03
697.9910201305657,7.157366518027749407e+03
698.0653003733468,7.204691674475665423e+03
698.1395184438109,7.137084308121499816e+03
698.2138010478819,7.152859360270805155e+03
698.2880311962213,7.097646677748235561e+03
698.3622527442063,7.096519888308999725e+03
698.4364656813189,7.055955468496499634e+03
698.510738305446,7.086378783355874475e+03
698.5849584048053,7.072857310085041718e+03
698.6591698720874,7.059335836814208051e+03
698.7334703424422,7.037926837468721715e+03
698.8076889513259,7.061589415692680632e+03
698.8818989069066,7.062716205131916468e+03
698.9561050840433,7.026658943076360629e+03
699.030322134609,7.006376733170111038e+03
699.1046038227042,7.008630312048583619e+03
699.1788328602486,6.947783682329833937e+03
699.2530532146016,6.999615996534694204e+03
699.3272599846256,6.979333786628444614e+03
699.4014873980228,6.963558734479139275e+03
699.4757061069474,6.913979999152750679e+03
699.5499161008405,6.934262209059000270e+03
699.6241418428359,6.928628261862819272e+03
699.6983588590565,6.915106788591986515e+03
699.7726405911895,6.945530103451361356e+03
699.8468646290141,6.921867525227403348e+03
699.9210848186354,6.913979999152750679e+03
699.9952913527262,6.892570999807264343e+03
700.0695185244031,6.873415579340250588e+03
700.1437320277023,6.866654842704833754e+03
700.2179661702849,6.839611896163167330e+03
700.2921670152689,6.863274474387125338e+03
700.3663345364773,6.841865475041639911e+03
700.4405423002715,6.818202896817680994e+03
700.5147657911945,6.820456475696153575e+03
700.5889804729994,6.836231527845458913e+03
700.6632108815323,6.790033160836778734e+03
700.7374324701444,6.793413529154487151e+03
700.81164522823,6.769750950930528234e+03
700.8858540575908,6.766370582612820726e+03
700.9600736910871,6.791159950276014570e+03
701.034240242214,6.768624161491292398e+03
701.1084716450022,6.734820478314209140e+03
701.1826646876575,6.761863424855875564e+03
701.2569029402329,6.764117003734348145e+03
701.3311077280009,6.728059741678792307e+03
701.4052790247227,6.699890005697890047e+03
701.4794906151762,6.689748900744764796e+03
701.5537179110803,6.666086322520806789e+03
701.6278673838922,6.676227427473932039e+03
701.7020768472739,6.684114953548584708e+03
701.776302010223,6.669466690838515206e+03
701.8505182480137,6.669466690838515206e+03
701.9246812071539,6.688622111305528961e+03
701.9989091214585,6.655945217567681539e+03
702.0730492261018,6.631155849904487695e+03
702.147283874415,6.600732535045112854e+03
702.2215095672381,6.622141534390598281e+03
702.2956523110257,6.590591430091987604e+03
702.3698847114229,6.604112903362821271e+03
702.4440341206173,6.605239692802057107e+03
702.5182485406029,6.577069956821154847e+03
702.5924786440079,6.563548483550321180e+03
702.6666306251165,6.554534168036432675e+03
702.7408427059752,6.553407378597195930e+03
702.8150013114393,6.572562799064209685e+03
702.8892200349155,6.541012694765599008e+03
702.9633852532902,6.529744800373237922e+03
703.0375414112833,6.545519852522543260e+03
703.1117577094595,6.529744800373237922e+03
703.1859204527385,6.508335801027751586e+03
703.2601235714659,6.512842958784696748e+03
703.3342928843769,6.472278538972196657e+03
703.4085025826428,6.498194696074627245e+03
703.482658658175,6.484673222803793578e+03
703.5568254210807,6.459883855140599735e+03
703.6310325789715,6.463264223458307242e+03
703.7052108243134,6.474532117850668328e+03
703.7793551808122,6.456503486822891318e+03
703.8535845204474,6.414812277571155391e+03
703.9277353723147,6.446362381869766068e+03
704.0019018493869,6.423826593085043896e+03
704.0760542132163,6.390022909907960639e+03
704.1502767406283,6.431714119159696565e+03
704.2244157321018,6.410305119814210229e+03
704.2985752975638,6.346078121777753040e+03
704.3727455222629,6.371994278880182719e+03
704.4469065581811,6.357346016170113217e+03
704.5211080295742,6.347204911216988876e+03
704.5952804534251,6.332556648506919373e+03
704.6694387032167,6.339317385142336207e+03
704.7435926983363,6.295372597012127699e+03
704.8177573342106,6.297626175890600280e+03
704.891917706452,6.284104702619766613e+03
704.9660688376695,6.293119018133656027e+03
705.0402107171044,6.291992228694419282e+03
705.114442771257,6.235652756732613852e+03
705.1885910002947,6.252554598321155936e+03
705.2627548254902,6.211990178508655845e+03
705.3369093767561,6.233399177854142181e+03
705.4110795235591,6.240159914489559014e+03
705.485220476971,6.263822492713517022e+03
705.5593969294841,6.259315334956572769e+03
705.6335441691415,6.215370546826364262e+03
705.7077020144703,6.196215126359350506e+03
705.7818057106044,6.222131283461781095e+03
705.8559498827009,6.208609810190947428e+03
705.9301096345012,6.182693653088516839e+03
706.0042849709166,6.165791811499975665e+03
706.0784260421825,6.189454389723933673e+03
706.1525826869397,6.172552548135392499e+03
706.2267549100956,6.187200810845462001e+03
706.3008928304606,6.170298969256919918e+03
706.3750014111765,6.159031074864558832e+03
706.4491704615375,6.122973812809003903e+03
706.5233051714449,6.135368496640600824e+03
706.5974853991634,6.124100602248239738e+03
706.6716262730434,6.133114917762128243e+03
706.745737753195,6.130861338883656572e+03
706.8198897594285,6.111705918416642817e+03
706.8940323424436,6.143256022715253494e+03
706.9681405012132,6.092550497949628152e+03
707.0422891955021,6.066634340847198473e+03
707.1164534452462,6.090296919071156481e+03
707.19055823756,6.074521866921851142e+03
707.2647035748213,6.042971762623239556e+03
707.3388694645195,6.122973812809003903e+03
707.4129708410553,6.092550497949628152e+03
707.4871177773351,6.100438024024281731e+03
707.5612752521206,6.079029024678795395e+03
707.6353781699282,6.071141498604142726e+03
707.7095466962406,6.066634340847198473e+03
707.7836305801062,6.076775445800322814e+03
707.857775071609,6.076775445800322814e+03
707.9318899937977,6.062127183090253311e+03
708.0060455013667,6.030577078791642634e+03
708.080146353211,6.032830657670115215e+03
708.1543078510902,6.048605709819420554e+03
708.2283845678539,6.053112867576364806e+03
708.3025520377458,6.029450289352406799e+03
708.3766397017445,6.071141498604142726e+03
708.4508131326904,6.040718183744767884e+03
708.5249067170731,6.013675237203101460e+03
708.5989906956581,6.018182394960045713e+03
708.673160478897,5.975364396269073950e+03
708.7472503492967,6.028323499913170963e+03
708.8213557131089,5.996773395614559377e+03
708.8955017018351,5.999026974493031958e+03
708.9696129404151,6.001280553371503629e+03
709.0436944296144,6.009168079446156298e+03
709.1178618009762,6.020435973838517384e+03
709.1919440994113,5.999026974493031958e+03
709.266041878377,5.980998343465254038e+03
709.3401601743607,6.000153763932267793e+03
709.4143140934323,6.002407342810740374e+03
709.4884130457813,5.942687502531226528e+03
709.5625023052012,5.982125132904489874e+03
709.6366020041326,5.957335765241296031e+03
709.71069703359,5.926912450381921190e+03
709.7848579170291,5.951701818045115033e+03
709.8589587159314,5.956208975802059285e+03
709.9330497882937,5.985505501222198291e+03
710.0071361642808,5.953955396923587614e+03
710.0812329625695,5.949448239166643361e+03
710.1553452280508,5.951701818045115033e+03
710.2294275672397,5.916771345428795939e+03
710.3035203190468,5.915644555989560104e+03
710.3776335778801,5.904376661597199018e+03
710.4517320198205,5.905503451036434853e+03
710.5258257276931,5.948321449727406616e+03
710.599909644176,5.872826557298587431e+03
710.6740090111854,5.891981977765601187e+03
710.7480985754111,5.867192610102407343e+03
710.8222035892967,5.854797926270810422e+03
710.8962987889969,5.877333715055532593e+03
710.9704094374856,5.832262137486088250e+03
711.0444849811654,5.894235556644073768e+03
711.1186012467011,5.869446188980879924e+03
711.1926874434225,5.855924715710046257e+03
711.2667840197356,5.852544347392337841e+03
711.3408251965476,5.858178294588518838e+03
711.4149070955419,5.860431873466990510e+03
711.4890246751831,5.822121032532963000e+03
711.5631121310784,5.820994243093727164e+03
711.6372150180558,5.828881769168379833e+03
711.7112320343467,5.793951296552060739e+03
711.7853404449295,5.809726348701366078e+03
711.8594389533098,5.761274402814213317e+03
711.9335275484821,5.781556612720462908e+03
712.0075605935059,5.791697717673588159e+03
712.0816546727544,5.779303033841991237e+03
712.1557641746032,5.790570928234352323e+03
712.2297927223119,5.773669086645810239e+03
712.3038823260575,5.760147613374977482e+03
712.377992420552,5.768035139449630151e+03
712.4520164203059,5.730851087954838476e+03
712.5261268825731,5.726343930197894224e+03
712.6001562828156,5.740992192907963727e+03
712.6742518579922,5.733104666833310148e+03
712.7483628435643,5.679018773749977299e+03
712.8223876211747,5.680145563189213135e+03
712.8964785986809,5.718456404123241555e+03
712.9705138140855,5.658736563843727708e+03
713.0446101673241,5.709442088609352140e+03
713.1186507279195,5.692540247020810966e+03
713.19275244439,5.670004458236088794e+03
713.2667983376626,5.663243721600671961e+03
713.3408290765726,5.638454353937477208e+03
713.4149057221886,5.648595458890602458e+03
713.4889468476811,5.649722248329838294e+03
713.5630542605719,5.632820406741297120e+03
713.6370752139885,5.597889934124978026e+03
713.71111152602,5.656482984965255127e+03
713.7852141503761,5.604650670760394860e+03
713.8592557248019,5.611411407395810784e+03
713.93328717658,5.613664986274283365e+03
714.0073900636712,5.597889934124978026e+03
714.0814267494405,5.592255986928797029e+03
714.1554583900697,5.585495250293380195e+03
714.2295512937391,5.557325514312477935e+03
714.3035881409775,5.585495250293380195e+03
714.3776148223176,5.567466619265603185e+03
714.451651744311,5.570846987583311602e+03
714.5256835921462,5.529155778331575675e+03
714.5997818492889,5.526902199453103094e+03
714.6738188625989,5.537043304406228344e+03
714.7478712188952,5.506619989546853503e+03
714.8218929356141,5.517887883939214589e+03
714.8959248750398,5.499859252911436670e+03
714.9699721505816,5.489718147958311420e+03
715.044014315487,5.516761094499977844e+03
715.1180411339378,5.506619989546853503e+03
715.1920883966163,5.534789725527755763e+03
715.2661714596333,5.486337779640603003e+03
715.3402238179556,5.519014673378450425e+03
715.4142403295658,5.513380726182269427e+03
715.488267040557,5.496478884593728253e+03
715.5623141930947,5.489718147958311420e+03
715.6363510669913,5.472816306369770246e+03
715.7103315493897,5.484084200762131331e+03
715.784373440411,5.475069885248241917e+03
715.8584050299637,5.455914464781228162e+03
715.932426306901,5.472816306369770246e+03
716.0064680199878,5.468309148612825084e+03
716.080494283165,5.460421622538172414e+03
716.1545409835085,5.427744728800325902e+03
716.2285722201125,5.468309148612825084e+03
716.3025469314863,5.451407307024283909e+03
716.3765882447348,5.435632254874978571e+03
716.4506192011959,5.428871518239561738e+03
716.5246654600803,5.431125097118034319e+03
716.5987013504475,5.409716097772547982e+03
716.6726754991479,5.428871518239561738e+03
716.7467162946405,5.410842887211783818e+03
716.8207466986998,5.391687466744770063e+03
716.8947667001454,5.429998307678797573e+03
716.9687557260248,5.401828571697895313e+03
717.0427805919613,5.414223255529492235e+03
717.116825887731,5.431125097118034319e+03
717.1908093232216,5.380419572352408977e+03
717.2648286044712,5.406335729454839566e+03
717.3388168541977,5.390560677305534227e+03
717.4128461038251,5.363517730763867803e+03
717.4868906346427,5.423237571043381649e+03
717.5608474726536,5.374785625156228889e+03
717.6348968087937,5.386053519548589975e+03
717.7088584084709,5.354503415249978389e+03
717.7828867763504,5.345489099736089884e+03
717.8568840385082,5.362390941324631058e+03
717.9309171761972,5.400701782258659478e+03
718.0048882559898,5.339855152539909795e+03
718.0789313004857,5.360137362446159386e+03
718.1528864689565,5.359010573006923551e+03
718.2268775063203,5.333094415904492962e+03
718.300914749167,5.334221205343728798e+03
718.3748898482226,5.320699732072895131e+03
718.4489059941204,5.301544311605881376e+03
718.5228857662477,5.335347994782964633e+03
718.5968549564894,5.315065784876715043e+03
718.6708910267723,5.289149627774284454e+03
718.7448648651658,5.321826521512131876e+03
718.8188539335962,5.326333679269076129e+03
718.8928117241455,5.327460468708311964e+03
718.9668571028507,5.329714047586784545e+03
719.040845353585,5.301544311605881376e+03
719.1148178064504,5.286896048895812783e+03
719.1887847916446,5.274501365064214951e+03
719.2628187285492,5.295910364409701288e+03
719.3367851179871,5.281262101699631785e+03
719.4107718973806,5.318446153194423459e+03
719.4847480151196,5.269994207307270699e+03
719.55871345993,5.253092365718729525e+03
719.6326941140954,5.269994207307270699e+03
719.7066692631995,5.266613838989562282e+03
719.780706250103,5.282388891138867621e+03
719.8546807424774,5.245204839644075946e+03
719.9286497097812,5.266613838989562282e+03
720.0026286960333,5.233936945251715770e+03
720.0766021474149,5.253092365718729525e+03
720.1505856143327,5.222669050859354684e+03
720.2245376004026,5.217035103663173686e+03
720.298530717732,5.230556576934007353e+03
720.3725079039693,5.233936945251715770e+03
720.446479525475,5.221542261420117939e+03
720.5204403826414,5.201260051513868348e+03
720.5943696939084,5.204640419831576764e+03
720.6683349523433,5.162949210579840837e+03
720.7423153966341,5.195626104317687350e+03
720.816285052651,5.169709947215257671e+03
720.890249105901,5.199006472635395767e+03
720.9642231419422,5.177597473289910340e+03
721.0382175601698,5.173090315532965178e+03
721.1121179678518,5.175343894411437759e+03
721.1860907374653,5.173090315532965178e+03
721.2600786851124,5.170836736654493507e+03
721.334050596095,5.137033053477410249e+03
721.4079648215145,5.129145527402757580e+03
721.4819202230957,5.135906264038174413e+03
721.5559168215076,5.100975791421854410e+03
721.6298296575088,5.140413421795118666e+03
721.7038045147077,5.102102580861091155e+03
721.777768491748,5.125765159085049163e+03
721.8516746809869,5.078440002637132238e+03
721.9256689717006,5.095341844225674322e+03
721.9996263053706,5.095341844225674322e+03
722.0735518685187,5.040129161703104728e+03
722.1475134315792,5.078440002637132238e+03
722.221443203523,5.063791739927063645e+03
722.2954141996532,5.054777424413174231e+03
722.369322077151,5.035622003946160476e+03
722.4432972736668,5.071679266001716314e+03
722.5172093181159,5.009705846843729887e+03
722.5911887015628,5.026607688432271971e+03
722.665104899496,5.057031003291646812e+03
722.7390623388185,4.997311163012132965e+03
722.8129878959985,5.019846951796855137e+03
722.8869756086152,5.020973741236090973e+03
722.9608791618889,4.955619953760397038e+03
723.0347925998112,4.992804005255188713e+03
723.1087786701618,5.005198689086785635e+03
723.1826700550422,4.966887848152758124e+03
723.2565817737539,4.964634269274285543e+03
723.3305609227724,4.938718112171854955e+03
723.4044767103132,4.980409321423591791e+03
723.4783814349788,4.939844901611091700e+03
723.5523797909511,4.927450217779494778e+03
723.6262885587613,4.944352059368035953e+03
723.7001862401456,4.951112796003452786e+03
723.7741042546204,4.886885797966994687e+03
723.8480321309023,4.939844901611091700e+03
723.9220013141903,4.918435902265605364e+03
723.9959122328532,4.953366374881924457e+03
724.0698330025856,4.907168007873244278e+03
724.1437478932739,4.869983956378452604e+03
724.2176516517817,4.907168007873244278e+03
724.2915652506016,4.901534060677064190e+03
724.3654729499798,4.863223219743036680e+03
724.4393957341822,4.878998271892342018e+03
724.51330736185,4.891392955723938940e+03
724.587207821535,4.858716061986091518e+03
724.6611286098097,4.884632219088522106e+03
724.7350592296857,4.850828535911438848e+03
724.80895240124,4.885759008527757942e+03
724.882865897012,4.848574957032967177e+03
724.9567892135801,4.844067799276022015e+03
725.0307013255602,4.871110745817689349e+03
725.1046074792529,4.845194588715258760e+03
725.1785287017594,4.830546326005189258e+03
725.2524334382222,4.822658799930536588e+03
725.326358500832,4.813644484416647174e+03
725.4002723250796,4.791108695631925002e+03
725.4741222682113,4.836180273201369346e+03
725.5480398915687,4.794489063949633419e+03
725.6219462528422,4.792235485071161747e+03
725.6958676722687,4.812517694977411338e+03
725.769783084779,4.761812170211786906e+03
725.8436292602167,4.783221169557272333e+03
725.9175431603215,4.785474748435744914e+03
725.9914510329734,4.756178223015605909e+03
726.0653686850188,4.778714011800328080e+03
726.1392275716657,4.759558591333314325e+03
726.2131278556831,4.755051433576370073e+03
726.2870379081896,4.777587222361092245e+03
726.3608891425325,4.726881697595466903e+03
726.4348081680206,4.771953275164911247e+03
726.50866306773,4.765192538529495323e+03
726.5825857784921,4.751671065258661656e+03
726.6564232085193,4.765192538529495323e+03
726.730349586392,4.759558591333314325e+03
726.8042645953695,4.741529960305536406e+03
726.8781153887404,4.725754908156231068e+03
726.9520393221525,4.755051433576370073e+03
727.0258672943038,4.733642434230883737e+03
727.0997948515045,4.744910328623244823e+03
727.1736528398144,4.728008487034703649e+03
727.2475046789152,4.723501329277759396e+03
727.3214244199837,4.689697646100676138e+03
727.3952533686669,4.698711961614564643e+03
727.4691766890326,4.737022802548592153e+03
727.5430356383624,4.698711961614564643e+03
727.6168831154938,4.677302962269078307e+03
727.6907985389481,4.684063698904495141e+03
727.7646495352022,4.643499279091995049e+03
727.838494332822,4.652513594605884464e+03
727.9123488191613,4.690824435539911974e+03
727.986271291593,4.664908278437481385e+03
728.0601080662049,4.660401120680537133e+03
728.1339810274446,4.650260015727411883e+03
728.2078212555151,4.631104595260398128e+03
728.2817295008361,4.634484963578106544e+03
728.3555996998778,4.623217069185745459e+03
728.429453049297,4.650260015727411883e+03
728.5033054557948,4.662654699559009714e+03
728.577140989502,4.608568806475675956e+03
728.6509914915385,4.645752857970467630e+03
728.7248569664563,4.589413386008662201e+03
728.7987108614303,4.587159807130190529e+03
728.872558477417,4.582652649373245367e+03
728.9464688832253,4.592793754326370617e+03
729.0203145595359,4.604061648718731703e+03
729.0941805149681,4.581525859934009532e+03
729.1680295392798,4.563497228906231612e+03
729.2418722535059,4.572511544420121027e+03
729.3156767351837,4.539834650682273605e+03
729.3895227579071,4.545468597878454602e+03
729.4633837365335,4.556736492270815688e+03
729.5372330643772,4.543215018999982021e+03
729.6110920231105,4.555609702831578943e+03
729.6849499652391,4.542088229560746186e+03
729.7587909091665,4.510538125262134599e+03
729.832646799371,4.537581071803801024e+03
729.9064377258716,4.511664914701371345e+03
729.9802755476569,4.506030967505190347e+03
730.0541496290818,4.501523809748246094e+03
730.1279906863275,4.513918493579843016e+03
730.2018413503896,4.491382704795120844e+03
730.2756322932343,4.500397020309010259e+03
730.3494914925877,4.460959389935746003e+03
730.4233389576001,4.458705811057274332e+03
730.497121314011,4.444057548347204829e+03
730.5709933006522,4.435043232833315415e+03
730.6448321837362,4.436170022272552160e+03
730.7186379386568,4.427155706758662745e+03
730.7924799682986,4.451945074421857498e+03
730.8662835069548,4.403493128534704738e+03
730.940128667791,4.444057548347204829e+03
731.0139673771906,4.391098444703107816e+03
731.0877622124666,4.395605602460052069e+03
731.1616307539186,4.382084129189218402e+03
731.2354072830598,4.398985970777760485e+03
731.3092735761231,4.367435866479148899e+03
731.3830531589755,4.376450181993038314e+03
731.4569011330443,4.362928708722204647e+03
731.5307105078027,4.337012551619774058e+03
731.6044812553652,4.338139341059010803e+03
731.6783471861277,4.320110710031232884e+03
731.7521477148499,4.333632183302066551e+03
731.8259899112759,4.318983920591997048e+03
731.899766660658,4.289687395171858043e+03
731.9735636445379,4.270531974704844288e+03
732.0473701527895,4.288560605732622207e+03
732.1212183467612,4.276165921901024376e+03
732.195006386356,4.285180237414913790e+03
732.2688093011474,4.306589236760399217e+03
732.3426485486638,4.266024816947900035e+03
732.4164544099781,4.288560605732622207e+03
732.4902214949792,4.262644448630191619e+03
732.5640302732379,4.249122975359357952e+03
732.6378270896475,4.236728291527761030e+03
732.7116656191168,4.199544240032969356e+03
732.7854653361854,4.224333607696164108e+03
732.8592530670325,4.217572871060747275e+03
732.9330341718326,4.205178187229150353e+03
733.0068247610646,4.211938923864566277e+03
733.0806302100424,4.201797818911441937e+03
733.1544290226378,4.182642398444428181e+03
733.2282104378809,4.195037082276025103e+03
733.3020120820065,4.140951189192692254e+03
733.3758016923423,4.169120925173594514e+03
733.4495738776542,4.152219083585053340e+03
733.5233662868974,4.156726241341997593e+03
733.5971735461529,4.130810084239567004e+03
733.6709687462483,4.164613767416650262e+03
733.7447518754218,4.118415400407970083e+03
733.818549846392,4.116161821529497502e+03
733.8923357337387,4.109401084894080668e+03
733.9660610421337,4.122922558164914335e+03
734.039849657903,4.084611717230886370e+03
734.113653111708,4.084611717230886370e+03
734.1874498467755,4.103767137697900580e+03
734.2612290717857,4.057568770689219946e+03
734.3349476318791,4.084611717230886370e+03
734.4087618993168,4.068836665081581032e+03
734.4825316665394,4.102640348258663835e+03
734.5563216510071,4.059822349567692072e+03
734.6300724954872,4.065456296763872615e+03
734.7038651403906,4.046300876296858860e+03
734.7776456166251,4.023765087512136688e+03
734.8513869120628,4.022638298072900852e+03
734.9251700158896,4.027145455829845105e+03
734.99889230638,4.027145455829845105e+03
735.0727050353661,3.978693509942692344e+03
735.1464785471829,3.977566720503456509e+03
735.220218219237,4.007990035362831350e+03
735.2939943121419,4.006863245923595059e+03
735.367736543824,3.997848930409706554e+03
735.4415206118363,3.971932773307275966e+03
735.5152599796714,3.982073878260400761e+03
735.5890466014831,3.944889826765609541e+03
735.662766849309,3.988834614895817595e+03
735.7365830712438,3.960664878914914880e+03
735.8103058246913,3.979820299381928635e+03
735.8840433540496,3.943763037326373251e+03
735.957822745456,3.948270195083317503e+03
736.0315681756952,3.979820299381928635e+03
736.1052958754302,3.931368353494775874e+03
736.1790654451154,3.921227248541651079e+03
736.252801015933,3.922354037980887369e+03
736.326545937147,3.909959354149289993e+03
736.4003381699183,3.938129090130192708e+03
736.4740584115469,3.915593301345470536e+03
736.5477988397872,3.915593301345470536e+03
736.6215269056551,3.897564670317693071e+03
736.6952425972906,3.894184301999984655e+03
736.7690544685436,3.882916407607623569e+03
736.8427725447069,3.891930723121512528e+03
736.9165053742005,3.873902092093734609e+03
736.9902258037228,3.879536039289915152e+03
737.0639609845649,3.885169986486095695e+03
737.137689186275,3.850239513869776601e+03
737.2114267046566,3.882916407607623569e+03
737.2851517972983,3.864887776579845649e+03
737.358897074205,3.862634197701373523e+03
737.4326244765816,3.878409249850678862e+03
737.5063448675909,3.826576935645818139e+03
737.5800799995792,3.855873461065956690e+03
737.6538026703106,3.818689409571165470e+03
737.7275346375662,3.800660778543387551e+03
737.8012595719805,3.829957303963526556e+03
737.8749992432967,3.796153620786443298e+03
737.9487264275168,3.822069777888873887e+03
738.022468346593,3.801787567982623841e+03
738.0961977656417,3.776998200319429543e+03
738.169865632222,3.807421515178804384e+03
738.2435972558687,3.770237463684012710e+03
738.3173218057595,3.809675094057276510e+03
738.3910556298822,3.807421515178804384e+03
738.4647823694751,3.784885726394082212e+03
738.5384638351453,3.758969569291651624e+03
738.612192738524,3.749955253777762664e+03
738.685909081362,3.773617832001721126e+03
738.7595855634423,3.733053412189221490e+03
738.8332985789483,3.763476727048596331e+03
738.9070317658445,3.734180201628457326e+03
738.9807032179243,3.715024781161443570e+03
739.0544385201678,3.709390833965263027e+03
739.1281065918952,3.731926622749985199e+03
739.2018439933116,3.719531938918387823e+03
739.2755687822585,3.725165886114568366e+03
739.3492317494262,3.693615781815957689e+03
739.4229859424029,3.698122939572901942e+03
739.4966509491076,3.702630097329846194e+03
739.5703798618135,3.656431730321166015e+03
739.6440468874771,3.689108624059012982e+03
739.7177778366447,3.680094308545124477e+03
739.791446866122,3.648544204246513345e+03
739.8651032005454,3.629388783779499590e+03
739.9388289543585,3.651924572564221762e+03
740.0125146409633,3.647417414807277055e+03
740.086187618405,3.618120889387138504e+03
740.1599026583724,3.622628047144082757e+03
740.2335830692062,3.623754836583319047e+03
740.3072452674804,3.588824363966999499e+03
740.3809769441689,3.600092258359360585e+03
740.4546465508478,3.575302890696166287e+03
740.5283253357537,3.594458311163180042e+03
740.6019968452496,3.600092258359360585e+03
740.6757323886792,3.558401049107624658e+03
740.7493783611862,3.542625996958319320e+03
740.8230664214437,3.538118839201375067e+03
740.8967416974003,3.552767101911444115e+03
740.9704041770528,3.531358102565958234e+03
741.0440813057113,3.502061577145819228e+03
741.1177456249695,3.538118839201375067e+03
741.1914740338814,3.499807998267347102e+03
741.265145682029,3.550513523032971989e+03
741.3387990020083,3.485159735557278054e+03
741.4124669600711,3.485159735557278054e+03
741.4861550585991,3.481779367239569638e+03
741.5598248114671,3.480652577800333347e+03
741.6334872037764,3.453609631258666923e+03
741.7070817125386,3.469384683407972261e+03
741.7807678621677,3.437834579109361130e+03
741.8544191228816,3.438961368548597420e+03
741.9281125335501,3.437834579109361130e+03
742.0017600242695,3.424313105838527918e+03
742.0754276444354,3.435581000230889003e+03
742.1491098938311,3.432200631913181041e+03
742.2227792320809,3.409664843128458870e+03
742.2963860567804,3.376987949390611448e+03
742.3700570824167,3.404030895932278327e+03
742.4437151716932,3.401777317053805746e+03
742.5173878791576,3.387129054343736698e+03
742.5909980073593,3.381495107147556155e+03
742.6646723713906,3.382621896586791991e+03
742.7383392893086,3.351071792288181314e+03
742.8119656461523,3.391636212100680950e+03
742.8856286765096,3.371354002194430905e+03
742.9592842387771,3.328536003503459142e+03
743.0328991982909,3.366846844437486652e+03
743.1065563576633,3.325155635185750725e+03
743.1801728901319,3.343184266213528190e+03
743.2538592524501,3.319521687989570182e+03
743.3274497210764,3.324028845746514435e+03
743.4011100282263,3.299239478083320137e+03
743.4747296601421,3.299239478083320137e+03
743.5483970465806,3.316141319671861766e+03
743.6220182060574,3.287971583690959051e+03
743.6956816000841,3.299239478083320137e+03
743.7692821427946,3.282337636494778508e+03
743.8429470520473,3.258675058270820500e+03
743.916576747615,3.255294689953112083e+03
743.990165669035,3.260928637149292626e+03
744.0638466591978,3.258675058270820500e+03
744.1374370340701,3.232758901168389912e+03
744.2110696595498,3.257548268831584210e+03
744.284716858413,3.225998164532973078e+03
744.3583232280512,3.267689373784709460e+03
744.4319496995879,3.256421479392348374e+03
744.5055574804348,3.237266058925334164e+03
744.5791520991629,3.204589165187487197e+03
744.6528444452033,3.210223112383667740e+03
744.7264460022811,3.216983849019084573e+03
744.8000565630955,3.200082007430542944e+03
744.8736594835683,3.195574849673598237e+03
744.9472714032472,3.186560534159709732e+03
745.0208756714717,3.213603480701376157e+03
745.094494486024,3.205715954626723487e+03
745.168100087441,3.207969533505195614e+03
745.2416924635781,3.165151534814223396e+03
745.3152993770332,3.180926586963529189e+03
745.3889152760675,3.185433744720473442e+03
745.4625290474098,3.170785482010403939e+03
745.5361240107667,3.170785482010403939e+03
745.609733506721,3.165151534814223396e+03
745.6833575395775,3.170785482010403939e+03
745.7569683059694,3.174165850328112356e+03
745.8305713563644,3.186560534159709732e+03
745.9041833730809,3.162897955935751270e+03
745.9777876626403,3.164024745374987560e+03
746.0514009139459,3.143742535468737515e+03
746.1249507566789,3.166278324253459687e+03
746.1985429433485,3.142615746029501224e+03
746.2721496486159,3.131347851637140138e+03
746.3457708767787,3.118953167805543217e+03
746.4193230608547,3.126840693880195886e+03
746.4929176060401,3.136981798833320681e+03
746.5665266650274,3.107685273413182131e+03
746.640066621393,3.122333536123251633e+03
746.7136768253059,3.080642326871515706e+03
746.7873015449047,3.096417379020821045e+03
746.8608348022583,3.106558483973945840e+03
746.934460649653,3.107685273413182131e+03
747.0080507927156,3.108812062852418421e+03
747.0815940434294,3.087403063506932085e+03
747.1552131827909,3.118953167805543217e+03
747.2287630801482,3.067120853600682494e+03
747.3023777208953,3.090783431824640502e+03
747.3759007391845,3.071628011357626747e+03
747.4495220280663,3.064867274722209913e+03
747.5230740040879,3.087403063506932085e+03
747.5966125121065,3.051345801451376701e+03
747.6702213915038,3.084022695189223668e+03
747.7437608993716,3.061486906404501951e+03
747.8173763904779,3.058106538086793535e+03
747.8909168833824,3.055852959208321408e+03
747.9644718416794,3.069374432479154621e+03
748.0380188872018,3.047965433133668284e+03
748.111630768237,3.054726169769085118e+03
748.1851787691317,3.049092222572904575e+03
748.2587356337701,3.037824328180543489e+03
748.3322845630789,3.000640276685751815e+03
748.405875958131,3.023176065470473986e+03
748.4794258064913,3.026556433788182403e+03
748.5529901125466,3.014161749956585481e+03
748.626540858474,3.011908171078112900e+03
748.7000780320159,2.991625961171863310e+03
748.7736296540094,3.002893855564224395e+03
748.8471676901079,3.016415328835057608e+03
748.920776260387,2.999513487246515979e+03
748.994315154041,2.997259908368043853e+03
749.0678741021718,2.967963382947904847e+03
749.1414138274398,2.987118803414918602e+03
749.2149736068789,2.985992013975682767e+03
749.2885141477188,2.970216961826376973e+03
749.362046665244,2.969090172387141138e+03
749.4355374512597,2.942047225845474259e+03
749.5090988297237,2.960075856873252178e+03
749.5826465568359,2.954441909677071635e+03
749.656175000463,2.956695488555543761e+03
749.7297234916311,2.934159699770821589e+03
749.803286415846,2.927398963135405211e+03
749.8768356615918,2.948807962480891092e+03
749.9503205982728,2.904863174350683039e+03
750.0238705670453,2.915004279303807834e+03
750.0974068314757,2.925145384256932630e+03
750.170963144645,2.900356016593738332e+03
750.2444438267519,2.912750700425335708e+03
750.318000832892,2.887961332762141410e+03
750.3915384788514,2.902609595472210913e+03
750.4650398530696,2.867679122855891364e+03
750.5385837931271,2.865425543977419238e+03
750.6121083437756,2.873313070052071907e+03
750.6855965835151,2.875566648930544034e+03
750.7591555782365,2.867679122855891364e+03
750.8326444278694,2.849650491828113900e+03
750.9061758589805,2.859791596781238695e+03
750.9796652967866,2.877820227809016160e+03
751.053225528571,2.831621860800335980e+03
751.1267211857668,2.828241492482627564e+03
751.2002538005404,2.818100387529502768e+03
751.2737443726544,2.831621860800335980e+03
751.347283196831,2.806832493137141682e+03
751.4207743095347,2.796691388184016887e+03
751.4942572105898,2.809086072015613809e+03
751.567805321994,2.782043125473947384e+03
751.641288735935,2.767394862763877882e+03
751.7147865207419,2.779789546595475258e+03
751.7883269399143,2.758380547249988922e+03
751.8618252198199,2.758380547249988922e+03
751.9353096018531,2.780916336034711094e+03
752.0087800736492,2.756126968371516796e+03
752.082349748397,2.753873389493044670e+03
752.1558206716313,2.759507336689225212e+03
752.2293059510168,2.768521652203114172e+03
752.3028112503567,2.748239442296864127e+03
752.3762686487676,2.751619810614572543e+03
752.4497687028702,2.756126968371516796e+03
752.5232604672466,2.727957232390614081e+03
752.5967892449822,2.722323285194433538e+03
752.6702814069297,2.706548233045128200e+03
752.74378792351,2.711055390802072452e+03
752.8172521255437,2.693026759774294987e+03
752.890753342267,2.713308969680544578e+03
752.9642462347487,2.697533917531239240e+03
753.0377251232514,2.702041075288183492e+03
753.111218354199,2.695280338652767114e+03
753.1846408387155,2.696407128092003404e+03
753.2581116847355,2.696407128092003404e+03
753.331591190779,2.699787496409711366e+03
753.4050850339123,2.694153549213530823e+03
753.4785648318334,2.685139233699642318e+03
753.552064642568,2.697533917531239240e+03
753.6254879218887,2.676124918185753359e+03
753.698987997613,2.649081971644086480e+03
753.7724683210844,2.651335550522559060e+03
753.845940242228,2.635560498373253267e+03
753.9193696482735,2.659223076597211730e+03
753.9928702112186,2.643448024447906391e+03
754.0663566760842,2.647955182204850644e+03
754.1397721577508,2.651335550522559060e+03
754.2132588199502,2.645701603326378518e+03
754.286731357841,2.625419393420128472e+03
754.3601613060175,2.633306919494781141e+03
754.433662469434,2.636687287812489558e+03
754.5070697940439,2.607390762392350553e+03
754.580571120139,2.593869289121517340e+03
754.6540013426822,2.585981763046864671e+03
754.7274800348059,2.616405077906239512e+03
754.8009103674891,2.604010394074642591e+03
754.8743891803196,2.594996078560753631e+03
754.9478196065738,2.591615710243045214e+03
755.0212985235391,2.607390762392350553e+03
755.0947347284628,2.590488920803809378e+03
755.1681567061893,2.571333500336795169e+03
755.2416500027333,2.573587079215267750e+03
755.3150720303312,2.557812027065961956e+03
755.3884798044081,2.553304869309017704e+03
755.4619874570354,2.539783396038184492e+03
755.535395250506,2.570206710897559333e+03
755.6088173113466,2.556685237626726121e+03
755.6822593542736,2.536403027720476075e+03
755.7557385217809,2.527388712206587115e+03
755.8291520013627,2.554431658748253540e+03
755.9025740310907,2.528515501645823406e+03
755.9760160417866,2.540910185477420328e+03
756.0494380281855,2.547670922112837161e+03
756.122851408895,2.560065605944434083e+03
756.196279048058,2.546544132673600870e+03
756.2697209498288,2.529642291085059242e+03
756.3431485156143,2.540910185477420328e+03
756.4166132278519,2.520627975571170737e+03
756.490046430767,2.529642291085059242e+03
756.563402310791,2.521754765010406572e+03
756.6368296685728,2.513867238935753903e+03
756.710271280547,2.526261922767351280e+03
756.7836985147853,2.536403027720476075e+03
756.8571170870929,2.530769080524295532e+03
756.9305441765948,2.502599344543392817e+03
757.0039625924522,2.535276238281239785e+03
757.0773895204559,2.505979712861101234e+03
757.1508077630942,2.493585029029503858e+03
757.2241829078598,2.483443924076379062e+03
757.2975952154935,2.498092186786448565e+03
757.3710274951507,2.504852923421864944e+03
757.4444453309834,2.496965397347212274e+03
757.5178200187852,2.478936766319434810e+03
757.5912376210018,2.478936766319434810e+03
757.664669455667,2.475556398001726393e+03
757.7380294018718,2.475556398001726393e+03
757.8114609832415,2.478936766319434810e+03
757.884883822762,2.473302819123254267e+03
757.9582576961611,2.472176029684017976e+03
758.0316745087733,2.462034924730893181e+03
758.1050538201592,2.457527766973948474e+03
758.1784703328954,2.455274188095476347e+03
758.2518205742088,2.446259872581587388e+03
758.3252712680576,2.442879504263878971e+03
758.3986211596865,2.439499135946171009e+03
758.4720370175761,2.460908135291656890e+03
758.545415305501,2.437245557067698883e+03
758.6187790176235,2.422597294357629380e+03
758.692185702744,2.413582978843740420e+03
758.7655490229096,2.444006293703115261e+03
758.8389841161411,2.441752714824643135e+03
758.9123470329839,2.439499135946171009e+03
758.985729896929,2.425977662675337797e+03
759.0590923834825,2.395554347815962501e+03
759.1324978677417,2.437245557067698883e+03
759.2058656754364,2.403441873890615625e+03
759.2792419009955,2.412456189404504130e+03
759.3526092466964,2.400061505572907208e+03
759.4259619360007,2.409075821086796168e+03
759.4993807137987,2.405695452769087751e+03
759.5727617631621,2.400061505572907208e+03
759.6461281405926,2.370764980152768203e+03
759.7194798334775,2.376398927348948746e+03
759.79284569346,2.386540032302073996e+03
759.8662199506782,2.362877454078115534e+03
759.9395910557283,2.374145348470476620e+03
760.0129416740881,2.368511401274296077e+03
760.0863064536592,2.338088086414921236e+03
760.1596565064068,2.344848823050338069e+03
760.2330264969562,2.358370296321171281e+03
760.3064048714377,2.359497085760407117e+03
760.3797685035091,2.351609559685754448e+03
760.4531231634235,2.324566613144088024e+03
760.5264341378603,2.351609559685754448e+03
760.5997823891312,2.317805876508671190e+03
760.6731505760081,2.343722033611101779e+03
760.7465329185825,2.318932665947907481e+03
760.8198946901349,2.313298718751726938e+03
760.893195347572,2.326820192022560150e+03
760.9665564561759,2.306537982116310104e+03
761.039908545017,2.291889719406241056e+03
761.1132805694576,2.309918350434018521e+03
761.186574038077,2.316679087069435354e+03
761.2599395757078,2.302030824359365852e+03
761.3332612942629,2.299777245480893725e+03
761.4066319227295,2.281748614453115806e+03
761.4799819030882,2.277241456696171554e+03
761.5532938204132,2.277241456696171554e+03
761.6266430583955,2.274987877817699427e+03
761.6999542102297,2.294143298284713183e+03
761.7733026886444,2.284002193331587932e+03
761.8466130577877,2.268227141182282594e+03
761.9199955907541,2.267100351743046758e+03
761.9932761350078,2.267100351743046758e+03
762.0665998139598,2.253578878472213091e+03
762.1399666484456,2.234423458005199336e+03
762.2132604654904,2.252452089032977256e+03
762.2866264890819,2.264846772864574177e+03
762.3599194586624,2.229916300248255084e+03
762.4332265236651,2.223155563612838250e+03
762.5065244315081,2.225409142491310831e+03
762.5798887714861,2.226535931930546667e+03
762.653209066283,2.215268037538185581e+03
762.726491103933,2.202873353706588659e+03
762.7998163192037,2.211887669220477164e+03
762.8731789131846,2.179210775482630197e+03
762.9464741276457,2.197239406510408116e+03
763.0197834275534,2.217521616416657707e+03
763.0930777014148,2.201746564267352369e+03
763.1663802334256,2.191605459314227573e+03
763.2396735482423,2.180337564921866488e+03
763.312980942364,2.191605459314227573e+03
763.3863024198473,2.192732248753463409e+03
763.4595855263992,2.174703617725685945e+03
763.5329060235777,2.185971512118047031e+03
763.6062114503713,2.157801776137144316e+03
763.6795017940418,2.162308933894088568e+03
763.7528120409493,2.169069670529505402e+03
763.8261013583818,2.151041039501727482e+03
763.8994105781957,2.167942881090269111e+03
763.9727280347157,2.142026723987838523e+03
764.0459486507003,2.142026723987838523e+03
764.1192708849686,2.143153513427074813e+03
764.1925721540134,2.155548197258672189e+03
764.265864123763,2.133012408473950018e+03
764.339170153393,2.133012408473950018e+03
764.4124025979912,2.126251671838533184e+03
764.4857075207827,2.126251671838533184e+03
764.5590265043799,2.118364145763880515e+03
764.6322718534416,2.118364145763880515e+03
764.7055663242454,2.128505250717005310e+03
764.7788689989354,2.104842672493047303e+03
764.8520979783581,2.113856988006936263e+03
764.9254053449329,2.081180094269088841e+03
764.9986623906358,2.114983777446172098e+03
765.0719685894694,2.090194409782977800e+03
765.1451951672625,2.122871303520824767e+03
765.2185001752471,2.095828356979158343e+03
765.2917606634498,2.080053304829853005e+03
765.3650586119669,2.092447988661449926e+03
765.438288577042,2.090194409782977800e+03
765.5115911575078,2.078926515390616714e+03
765.5848491670143,2.055263937166658707e+03
765.6580918875516,2.068785410437491919e+03
765.7313779407682,2.065405042119783502e+03
765.8046193790093,2.074419357633672462e+03
765.8778806952203,2.065405042119783502e+03
765.9511794972256,2.054137147727422416e+03
766.0244043117671,2.045122832213533457e+03
766.0976489972652,2.045122832213533457e+03
766.1709018207467,2.056390726605894542e+03
766.2441451689594,2.040615674456589204e+03
766.31745537396,2.068785410437491919e+03
766.3906973785047,2.057517516045130833e+03
766.4639240114803,2.033854937821172371e+03
766.5371587632285,2.049629989970478164e+03
766.610413388223,2.062024673802075085e+03
766.6836526256157,2.051883568848950290e+03
766.7569058583788,2.043996042774297393e+03
766.8301436890999,2.023713832868047575e+03
766.9033661049401,2.032728148381936307e+03
766.9766319183701,2.045122832213533457e+03
767.049858779082,2.041742463895825267e+03
767.1230937389751,2.010192359597214136e+03
767.196342684586,2.018079885671867032e+03
767.2695820718163,2.029347780064228118e+03
767.3427706741372,2.005685201840269883e+03
767.4160085761127,2.019206675111103095e+03
767.4892545691928,2.030474569503464181e+03
767.5624909794419,2.028220990624992055e+03
767.6357413679548,2.011319149036450426e+03
767.7089173321764,1.997797675765616987e+03
767.7821603029794,1.985402991934019838e+03
767.8553936664732,2.007938780718742009e+03
767.928641001735,2.001178044083325403e+03
768.001843330076,1.993290518008672734e+03
768.0750596156819,1.994417307447908797e+03
768.1482662604737,2.000051254644089340e+03
768.2215104680862,2.005685201840269883e+03
768.2947391311019,1.983149413055547711e+03
768.3679227171707,1.988783360251728254e+03
768.441155676817,1.985402991934019838e+03
768.5143376298478,1.982022623616311648e+03
768.5875985030231,1.957233255953117123e+03
768.6607551772538,1.980895834177075358e+03
768.7340085126597,1.966247571467006082e+03
768.8071930624363,1.966247571467006082e+03
768.8803619892306,1.968501150345478209e+03
768.9535980606818,1.977515465859367168e+03
769.0267948587721,1.976388676420131105e+03
769.0999760176759,1.960613624270825539e+03
769.1732302685929,1.954979677074644997e+03
769.2464097142773,1.965120782027770019e+03
769.3195794118245,1.958360045392353413e+03
769.3928163071785,1.962867203149297666e+03
769.4660079399233,1.940331414364575721e+03
769.5391838897698,1.943711782682283911e+03
769.6123796819868,1.944838572121519974e+03
769.6855538548153,1.922302783336798029e+03
769.7587182425186,1.939204624925339431e+03
769.8319202468393,1.935824256607631241e+03
769.9051421026546,1.921175993897561739e+03
769.97834824532,1.932443888289922825e+03
770.0515030831361,1.948218940439228390e+03
770.1247074085248,1.930190309411450698e+03
770.1978663329771,1.914415257262145133e+03
770.2710688242653,1.923429572776034092e+03
770.3442258887268,1.924556362215270156e+03
770.4173671736539,1.912161678383673006e+03
770.4905282854356,1.898640205112839794e+03
770.5637270444658,1.926809941093742282e+03
770.6369100189285,1.929063519972214635e+03
770.7100771958651,1.913288467822909070e+03
770.7832642087253,1.920049204458325676e+03
770.856459180459,1.905400941748256400e+03
770.9295551317979,1.898640205112839794e+03
771.0027481693259,1.900893783991311921e+03
771.0759313239301,1.899766994552075857e+03
771.1490926926053,1.894133047355895314e+03
771.2222144154819,1.878357995206589749e+03
771.2954094963922,1.881738363524298165e+03
771.368588721728,1.872724048010409206e+03
771.4417223223901,1.876104416328117622e+03
771.5148995537488,1.864836521935756537e+03
771.5880013670636,1.855822206421867577e+03
771.6612063537742,1.859202574739575994e+03
771.734306117772,1.865963311374992600e+03
771.8074852581613,1.844554312029506491e+03
771.8806127402132,1.837793575394089885e+03
771.953783876625,1.847934680347214908e+03
772.0269152446992,1.841173943711798302e+03
772.1000843158894,1.837793575394089885e+03
772.1732135949969,1.829906049319437216e+03
772.2463209463975,1.826525681001728799e+03
772.3195077548475,1.814130997170131650e+03
