X,Y
534.0051269287335,2.841000000000000000e+03
534.0808105837979,2.878000000000000000e+03
534.1564941245075,2.900000000000000000e+03
534.2322387608131,2.892000000000000000e+03
534.3079223194351,2.909000000000000000e+03
534.3836059646314,2.918000000000000000e+03
534.459289487409,2.932000000000000000e+03
534.534973107135,2.910000000000000000e+03
534.6106567862021,2.927000000000000000e+03
534.6863402868432,2.944000000000000000e+03
534.7620238571769,2.938000000000000000e+03
534.8377074881613,2.956000000000000000e+03
534.9134522313972,2.947000000000000000e+03
534.9891358020897,2.951000000000000000e+03
535.0648193202943,2.957000000000000000e+03
535.140502776876,2.984000000000000000e+03
535.2161864491509,2.990000000000000000e+03
535.2918700416792,3.000000000000000000e+03
535.367553831929,3.011000000000000000e+03
535.4432372375885,3.026000000000000000e+03
535.5189208228152,3.033000000000000000e+03
535.594604578686,3.035000000000000000e+03
535.6702882093306,3.077000000000000000e+03
535.745971418549,3.066000000000000000e+03
535.8216553453357,3.106000000000000000e+03
535.8973391196765,3.079000000000000000e+03
535.9730227323798,3.083000000000000000e+03
536.0487061742487,3.117000000000000000e+03
536.1243894360814,3.109000000000000000e+03
536.2000730836918,3.117000000000000000e+03
536.275756820763,3.129000000000000000e+03
536.3514406383212,3.128000000000000000e+03
536.4271239518794,3.135000000000000000e+03
536.5028079033076,3.121000000000000000e+03
536.5784913324379,3.139000000000000000e+03
536.6541748057845,3.141000000000000000e+03
536.7298583143477,3.140000000000000000e+03
536.8055421372837,3.168000000000000000e+03
536.8812254011024,3.191000000000000000e+03
536.9569092495924,3.150000000000000000e+03
537.0325928090099,3.181000000000000000e+03
537.1082763585715,3.199000000000000000e+03
537.1839598892475,3.203000000000000000e+03
537.2596436806508,3.196000000000000000e+03
537.3353268577979,3.215000000000000000e+03
537.411010566398,3.215000000000000000e+03
537.4866335528031,3.253000000000000000e+03
537.5623168365025,3.229000000000000000e+03
537.6380003360828,3.221000000000000000e+03
537.7136843318589,3.265000000000000000e+03
537.7893676583791,3.260000000000000000e+03
537.8650511739759,3.266000000000000000e+03
537.940734869813,3.291000000000000000e+03
538.0164184475874,3.284000000000000000e+03
538.0920408046188,3.294000000000000000e+03
538.1677246810524,3.288000000000000000e+03
538.2434084124591,3.290000000000000000e+03
538.3190919897331,3.318000000000000000e+03
538.3947756936324,3.299000000000000000e+03
538.4704589353845,3.321000000000000000e+03
538.5461425757196,3.334000000000000000e+03
538.6217653920648,3.329000000000000000e+03
538.6974486256656,3.329000000000000000e+03
538.7731322312683,3.331000000000000000e+03
538.8488156195046,3.357000000000000000e+03
538.9244993621073,3.349000000000000000e+03
539.0001221504488,3.383000000000000000e+03
539.0758056867688,3.362000000000000000e+03
539.1514895509623,3.400000000000000000e+03
539.2271725712882,3.371000000000000000e+03
539.3027954051873,3.406000000000000000e+03
539.378479310497,3.409000000000000000e+03
539.4541629264281,3.424000000000000000e+03
539.5298462437939,3.422000000000000000e+03
539.6054689803647,3.409000000000000000e+03
539.6811522386217,3.432000000000000000e+03
539.7568363363963,3.443000000000000000e+03
539.832519225528,3.444000000000000000e+03
539.9081423044014,3.479000000000000000e+03
539.9838259373797,3.465000000000000000e+03
540.0595095003099,3.489000000000000000e+03
540.1351320092971,3.479000000000000000e+03
540.2108150962631,3.493000000000000000e+03
540.2864989617823,3.491000000000000000e+03
540.362121111465,3.509000000000000000e+03
540.4378056155781,3.491000000000000000e+03
540.5134888278695,3.546000000000000000e+03
540.5891111220752,3.527000000000000000e+03
540.6647949195459,3.518000000000000000e+03
540.7404782741969,3.501000000000000000e+03
540.8161009254455,3.553000000000000000e+03
540.8917848125893,3.560000000000000000e+03
540.9674685225426,3.556000000000000000e+03
541.0430911589102,3.558000000000000000e+03
541.1187741775063,3.555000000000000000e+03
541.194457870279,3.561000000000000000e+03
541.2700807045082,3.573000000000000000e+03
541.3457636520761,3.590000000000000000e+03
541.4213865683067,3.590000000000000000e+03
541.497070200242,3.583000000000000000e+03
541.5727541699249,3.607000000000000000e+03
541.648376858336,3.597000000000000000e+03
541.7240599931954,3.642000000000000000e+03
541.7996829685276,3.649000000000000000e+03
541.8753664065381,3.654000000000000000e+03
541.950988459017,3.663000000000000000e+03
542.0266721649095,3.680000000000000000e+03
542.1022953150494,3.702000000000000000e+03
542.1779780782617,3.677000000000000000e+03
542.2536014098382,3.710000000000000000e+03
542.329284076073,3.723000000000000000e+03
542.4049075539548,3.729000000000000000e+03
542.4805912648831,3.705000000000000000e+03
542.5562136767595,3.725000000000000000e+03
542.631897220388,3.755000000000000000e+03
542.7075197075332,3.747000000000000000e+03
542.7832033429272,3.764000000000000000e+03
542.8588255754784,3.788000000000000000e+03
542.9345092673785,3.801000000000000000e+03
543.0101320942985,3.789000000000000000e+03
543.0858158076525,3.808000000000000000e+03
543.1614377193954,3.806000000000000000e+03
543.2371220089141,3.807000000000000000e+03
543.3127444450705,3.808000000000000000e+03
543.3884278000902,3.818000000000000000e+03
543.4640501352047,3.809000000000000000e+03
543.5396728412053,3.858000000000000000e+03
543.6153561952086,3.826000000000000000e+03
543.6909787475163,3.871000000000000000e+03
543.7666625552929,3.852000000000000000e+03
543.8422846228852,3.876000000000000000e+03
543.917907905318,3.883000000000000000e+03
543.9935909887698,3.852000000000000000e+03
544.0692140297832,3.886000000000000000e+03
544.1448361882029,3.930000000000000000e+03
544.220519947648,3.923000000000000000e+03
544.2961426997966,3.906000000000000000e+03
544.3718261809979,3.926000000000000000e+03
544.4474486032625,3.965000000000000000e+03
544.5230709870222,3.939000000000000000e+03
544.5987550137446,3.931000000000000000e+03
544.6743770145879,3.947000000000000000e+03
544.7500001373947,3.968000000000000000e+03
544.8256222965063,3.970000000000000000e+03
544.9013064288619,3.993000000000000000e+03
544.976929025401,4.002000000000000000e+03
545.0525518192319,4.011000000000000000e+03
545.1282345318966,4.008000000000000000e+03
545.2038574139079,4.021000000000000000e+03
545.27947957532,4.031000000000000000e+03
545.3551027912747,4.034000000000000000e+03
545.4307859578726,4.045000000000000000e+03
545.5064085974922,4.083000000000000000e+03
545.582031075963,4.102000000000000000e+03
545.6576539799133,4.074000000000000000e+03
545.7333374615957,4.117000000000000000e+03
545.8089603143547,4.117000000000000000e+03
545.8845823750287,4.119000000000000000e+03
545.9602051246089,4.127000000000000000e+03
546.0358279586479,4.167000000000000000e+03
546.1115111125337,4.179000000000000000e+03
546.1871341062584,4.209000000000000000e+03
546.2627559649052,4.195000000000000000e+03
546.3383790667153,4.220000000000000000e+03
546.4140010154777,4.213000000000000000e+03
546.4896238920949,4.200000000000000000e+03
546.5653080328324,4.222000000000000000e+03
546.6409297699242,4.227000000000000000e+03
546.7165527083374,4.243000000000000000e+03
546.7921753454747,4.244000000000000000e+03
546.8677979714669,4.253000000000000000e+03
546.9434205776232,4.261000000000000000e+03
547.0190431552487,4.273000000000000000e+03
547.0946647977053,4.300000000000000000e+03
547.1703492667542,4.293000000000000000e+03
547.2459723224066,4.311000000000000000e+03
547.3215944163495,4.323000000000000000e+03
547.3972173369806,4.338000000000000000e+03
547.4728389782355,4.308000000000000000e+03
547.5484617288662,4.320000000000000000e+03
547.6240849813485,4.334000000000000000e+03
547.6997072275658,4.337000000000000000e+03
547.7753302583766,4.329000000000000000e+03
547.8509522649341,4.368000000000000000e+03
547.9265750390812,4.379000000000000000e+03
548.0021964706609,4.398000000000000000e+03
548.0778207553666,4.386000000000000000e+03
548.1534418774738,4.394000000000000000e+03
548.2290652357153,4.412000000000000000e+03
548.3046878169241,4.383000000000000000e+03
548.3803093111,4.399000000000000000e+03
548.4559330175531,4.422000000000000000e+03
548.5315556197277,4.422000000000000000e+03
548.6071771080813,4.403000000000000000e+03
548.6828010856999,4.417000000000000000e+03
548.7584221255744,4.419000000000000000e+03
548.834045337373,4.448000000000000000e+03
548.9096673999533,4.465000000000000000e+03
548.9852904134418,4.461000000000000000e+03
549.0609137670749,4.483000000000000000e+03
549.1364750314843,4.477000000000000000e+03
549.2120978166789,4.483000000000000000e+03
549.2877191060418,4.487000000000000000e+03
549.3633428131332,4.473000000000000000e+03
549.4389653087501,4.533000000000000000e+03
549.5145865832915,4.538000000000000000e+03
549.590210251744,4.532000000000000000e+03
549.665832681899,4.544000000000000000e+03
549.7413946298766,4.518000000000000000e+03
549.8170160497809,4.545000000000000000e+03
549.8926398319383,4.553000000000000000e+03
549.9682623401311,4.557000000000000000e+03
550.0438835647246,4.574000000000000000e+03
550.1195068250248,4.609000000000000000e+03
550.1950679386268,4.598000000000000000e+03
550.2706906900269,4.623000000000000000e+03
550.3463136366366,4.623000000000000000e+03
550.421935255224,4.637000000000000000e+03
550.4975591726949,4.654000000000000000e+03
550.5731205123872,4.657000000000000000e+03
550.6487432287166,4.639000000000000000e+03
550.7243648844632,4.696000000000000000e+03
550.7999885039992,4.687000000000000000e+03
550.8755494425731,4.688000000000000000e+03
550.951172094361,4.689000000000000000e+03
551.0267951682852,4.700000000000000000e+03
551.1024165301448,4.756000000000000000e+03
551.1779790561093,4.733000000000000000e+03
551.2536012026161,4.745000000000000000e+03
551.3292237372492,4.752000000000000000e+03
551.4047855382855,4.756000000000000000e+03
551.4804066788231,4.787000000000000000e+03
551.5560303111364,4.792000000000000000e+03
551.6315910047903,4.810000000000000000e+03
551.7072150175466,4.799000000000000000e+03
551.7828375420726,4.822000000000000000e+03
551.8583991818102,4.845000000000000000e+03
551.9340205121266,4.832000000000000000e+03
552.0096436778041,4.843000000000000000e+03
552.0852040546326,4.836000000000000000e+03
552.1608281083562,4.859000000000000000e+03
552.2363887123648,4.868000000000000000e+03
552.3120111809802,4.895000000000000000e+03
552.3876339198484,4.895000000000000000e+03
552.4631955723437,4.904000000000000000e+03
552.5388185047575,4.891000000000000000e+03
552.614380300461,4.903000000000000000e+03
552.6900021708618,4.905000000000000000e+03
552.765564075718,4.888000000000000000e+03
552.8411860712373,4.928000000000000000e+03
552.9168082777293,4.905000000000000000e+03
552.9923707499584,4.933000000000000000e+03
553.0679933370403,4.933000000000000000e+03
553.1435543046211,4.957000000000000000e+03
553.2191769324178,4.944000000000000000e+03
553.2947381962192,4.933000000000000000e+03
553.3703611371725,4.947000000000000000e+03
553.4459223575054,4.953000000000000000e+03
553.521545578136,4.949000000000000000e+03
553.5971070276289,4.966000000000000000e+03
553.6727301879512,4.992000000000000000e+03
553.74829183306,4.995000000000000000e+03
553.823851714682,4.998000000000000000e+03
553.8994751723073,4.996000000000000000e+03
553.9750367322185,5.028000000000000000e+03
554.050658510177,5.010000000000000000e+03
554.1262201811371,5.031000000000000000e+03
554.2018439290302,5.028000000000000000e+03
554.2774053707294,5.012000000000000000e+03
554.3529671374815,5.043000000000000000e+03
554.4285888549837,5.067000000000000000e+03
554.5041506486573,5.056000000000000000e+03
554.579712127434,5.079000000000000000e+03
554.6553335805664,5.095000000000000000e+03
554.7308950353918,5.075000000000000000e+03
554.8065186350868,5.065000000000000000e+03
554.8820800328116,5.110000000000000000e+03
554.9576410728757,5.121000000000000000e+03
555.0332642831411,5.121000000000000000e+03
555.108825215094,5.139000000000000000e+03
555.1843863800646,5.158000000000000000e+03
555.2599490030949,5.157000000000000000e+03
555.3355716725129,5.177000000000000000e+03
555.4111322702728,5.203000000000000000e+03
555.486694610333,5.195000000000000000e+03
555.5623170204691,5.227000000000000000e+03
555.6378788265472,5.222000000000000000e+03
555.7134408077316,5.209000000000000000e+03
555.7890023379755,5.255000000000000000e+03
555.8646239696742,5.259000000000000000e+03
555.9401852063803,5.277000000000000000e+03
556.0157462753666,5.271000000000000000e+03
556.0913090235443,5.308000000000000000e+03
556.1668694227267,5.301000000000000000e+03
556.2424921284115,5.305000000000000000e+03
556.3180540060974,5.302000000000000000e+03
556.3936159838638,5.326000000000000000e+03
556.46917743411,5.335000000000000000e+03
556.544738657784,5.333000000000000000e+03
556.6202993365139,5.394000000000000000e+03
556.6959226832005,5.410000000000000000e+03
556.7714847427467,5.365000000000000000e+03
556.8470468524312,5.417000000000000000e+03
556.9226065226395,5.421000000000000000e+03
556.9981696377276,5.451000000000000000e+03
557.0737306061917,5.446000000000000000e+03
557.1492912804306,5.445000000000000000e+03
557.2248535148585,5.442000000000000000e+03
557.3004154389016,5.495000000000000000e+03
557.3759767333004,5.457000000000000000e+03
557.451598607399,5.448000000000000000e+03
557.5271614300829,5.450000000000000000e+03
557.6027217325554,5.498000000000000000e+03
557.6782835475029,5.490000000000000000e+03
557.7538450012918,5.501000000000000000e+03
557.8294060853028,5.499000000000000000e+03
557.9049686584602,5.516000000000000000e+03
557.9805305342576,5.533000000000000000e+03
558.0560904581027,5.533000000000000000e+03
558.1316534042687,5.537000000000000000e+03
558.2072143813721,5.546000000000000000e+03
558.2827764962979,5.526000000000000000e+03
558.3583381828406,5.536000000000000000e+03
558.4338994323449,5.533000000000000000e+03
558.5094602361507,5.552000000000000000e+03
558.5850224576968,5.535000000000000000e+03
558.6605230453073,5.571000000000000000e+03
558.7360843175928,5.563000000000000000e+03
558.8116447982349,5.583000000000000000e+03
558.8872066647817,5.598000000000000000e+03
558.9627683478695,5.580000000000000000e+03
559.0383292140123,5.577000000000000000e+03
559.1138914425185,5.578000000000000000e+03
559.1894531500513,5.617000000000000000e+03
559.2650140151281,5.612000000000000000e+03
559.3405155236203,5.650000000000000000e+03
559.4160774775995,5.617000000000000000e+03
559.491638563738,5.623000000000000000e+03
559.5671990861741,5.667000000000000000e+03
559.6427612285802,5.673000000000000000e+03
559.7183224777227,5.701000000000000000e+03
559.7938239112091,5.652000000000000000e+03
559.8693855251184,5.675000000000000000e+03
559.9449468470373,5.689000000000000000e+03
560.0205075548458,5.715000000000000000e+03
560.0960695220344,5.703000000000000000e+03
560.1715693553381,5.724000000000000000e+03
560.2471316053342,5.722000000000000000e+03
560.3226935219939,5.737000000000000000e+03
560.3982544687057,5.731000000000000000e+03
560.4737553798353,5.804000000000000000e+03
560.549316857351,5.791000000000000000e+03
560.6248776534629,5.778000000000000000e+03
560.70037802624,5.805000000000000000e+03
560.7759393038835,5.843000000000000000e+03
560.8515017620771,5.850000000000000000e+03
560.9270018364357,5.820000000000000000e+03
561.0025625253518,5.860000000000000000e+03
561.0781246855694,5.848000000000000000e+03
561.1536262760454,5.895000000000000000e+03
561.2291866163674,5.914000000000000000e+03
561.304748089255,5.937000000000000000e+03
561.3802492335784,5.937000000000000000e+03
561.4558107265045,5.917000000000000000e+03
561.5313717522904,5.999000000000000000e+03
561.6068723759059,5.983000000000000000e+03
561.6824333719698,5.955000000000000000e+03
561.7579339169324,5.989000000000000000e+03
561.8334954817075,6.018000000000000000e+03
561.9089955995389,6.021000000000000000e+03
561.9845564375671,6.025000000000000000e+03
562.0601218043322,6.019000000000000000e+03
562.1356190160956,6.014000000000000000e+03
562.2111807638972,6.052000000000000000e+03
562.2866837867199,6.072000000000000000e+03
562.3622450420103,6.072000000000000000e+03
562.4377443607594,6.065000000000000000e+03
562.5133050891404,6.073000000000000000e+03
562.5888069961169,6.111000000000000000e+03
562.6643671648543,6.104000000000000000e+03
562.739868463935,6.086000000000000000e+03
562.8154280394092,6.084000000000000000e+03
562.8909286969488,6.114000000000000000e+03
562.9664305978828,6.091000000000000000e+03
563.0419939681478,6.115000000000000000e+03
563.1174920085415,6.131000000000000000e+03
563.19305470474,6.130000000000000000e+03
563.2685551920358,6.107000000000000000e+03
563.3440568835294,6.148000000000000000e+03
563.419616911542,6.175000000000000000e+03
563.4951146546897,6.171000000000000000e+03
563.5706770994776,6.191000000000000000e+03
563.6461803879624,6.133000000000000000e+03
563.7216816652208,6.159000000000000000e+03
563.7972413162915,6.154000000000000000e+03
563.8727417375509,6.192000000000000000e+03
563.948243300408,6.186000000000000000e+03
564.0238032597638,6.184000000000000000e+03
564.0993039174446,6.180000000000000000e+03
564.1748025104577,6.218000000000000000e+03
564.2503658884998,6.202000000000000000e+03
564.3258667100131,6.238000000000000000e+03
564.4013686264184,6.225000000000000000e+03
564.4768684441426,6.230000000000000000e+03
564.5524298972744,6.228000000000000000e+03
564.6279318813953,6.249000000000000000e+03
564.7034317408531,6.271000000000000000e+03
564.7789326555933,6.277000000000000000e+03
564.8544314277575,6.312000000000000000e+03
564.9299918767013,6.290000000000000000e+03
565.005495928257,6.281000000000000000e+03
565.0809946197296,6.298000000000000000e+03
565.1564943267665,6.294000000000000000e+03
565.2319918472216,6.302000000000000000e+03
565.3075574772264,6.272000000000000000e+03
565.3830570069348,6.336000000000000000e+03
565.4585575213804,6.342000000000000000e+03
565.5340558149843,6.343000000000000000e+03
565.6095582761728,6.345000000000000000e+03
565.6850585002172,6.334000000000000000e+03
565.760556477251,6.398000000000000000e+03
565.8360618025167,6.386000000000000000e+03
565.9116225122199,6.409000000000000000e+03
565.9871233197282,6.461000000000000000e+03
566.0626218458439,6.486000000000000000e+03
566.1381244909254,6.507000000000000000e+03
566.2136216322725,6.539000000000000000e+03
566.289126084757,6.545000000000000000e+03
566.3646250154166,6.589000000000000000e+03
566.4401248288668,6.583000000000000000e+03
566.5156223083626,6.615000000000000000e+03
566.5911238644974,6.646000000000000000e+03
566.666626281373,6.674000000000000000e+03
566.7421263396649,6.663000000000000000e+03
566.8176240294433,6.648000000000000000e+03
566.8931289818083,6.672000000000000000e+03
566.9686283363882,6.662000000000000000e+03
567.044128511452,6.693000000000000000e+03
567.1196262833736,6.698000000000000000e+03
567.1951280764068,6.698000000000000000e+03
567.2706306677735,6.736000000000000000e+03
567.3460696737624,6.734000000000000000e+03
567.4215706028087,6.767000000000000000e+03
567.4970690857559,6.728000000000000000e+03
567.5725715554013,6.742000000000000000e+03
567.6480715624202,6.756000000000000000e+03
567.7235723199296,6.758000000000000000e+03
567.7990705965543,6.768000000000000000e+03
567.8745728319317,6.756000000000000000e+03
567.9500112820856,6.741000000000000000e+03
568.0255117228037,6.743000000000000000e+03
568.1010128751681,6.758000000000000000e+03
568.1765115034954,6.757000000000000000e+03
568.2520140559766,6.765000000000000000e+03
568.327455928513,6.776000000000000000e+03
568.4029533742392,6.770000000000000000e+03
568.478454722623,6.787000000000000000e+03
568.5539535037092,6.770000000000000000e+03
568.6293947397575,6.794000000000000000e+03
568.7048948100362,6.778000000000000000e+03
568.7803955214323,6.799000000000000000e+03
568.8558968664703,6.797000000000000000e+03
568.9313373379196,6.799000000000000000e+03
569.0068366737867,6.799000000000000000e+03
569.0823366191238,6.798000000000000000e+03
569.1577756177235,6.804000000000000000e+03
569.2332767431898,6.786000000000000000e+03
569.3087752145101,6.798000000000000000e+03
569.3842159078702,6.815000000000000000e+03
569.4597155117148,6.803000000000000000e+03
569.5352189219938,6.795000000000000000e+03
569.6106547533757,6.805000000000000000e+03
569.6861592519366,6.819000000000000000e+03
569.7615961204366,6.851000000000000000e+03
569.8370951828829,6.852000000000000000e+03
569.9125980167112,6.809000000000000000e+03
569.9880363908212,6.864000000000000000e+03
570.063540235015,6.794000000000000000e+03
570.1389763193972,6.839000000000000000e+03
570.2144778914571,6.908000000000000000e+03
570.2899149030349,6.903000000000000000e+03
570.3654174215969,6.931000000000000000e+03
570.4408585841445,6.896000000000000000e+03
570.516355510032,6.917000000000000000e+03
570.5917975400971,6.983000000000000000e+03
570.6672953476274,6.993000000000000000e+03
570.7427349574187,6.944000000000000000e+03
570.8182368737373,6.964000000000000000e+03
570.8936740294567,6.971000000000000000e+03
570.9691767675921,7.023000000000000000e+03
571.044617956385,7.012000000000000000e+03
571.120118225025,7.040000000000000000e+03
571.1955568946336,7.047000000000000000e+03
571.2709959150741,7.036000000000000000e+03
571.3464973017159,7.092000000000000000e+03
571.4219370173379,7.066000000000000000e+03
571.4974358505949,7.077000000000000000e+03
571.5728729630794,7.080000000000000000e+03
571.6483169221735,7.130000000000000000e+03
571.7238167556269,7.106000000000000000e+03
571.7992547962239,7.158000000000000000e+03
571.874696395271,7.166000000000000000e+03
571.9501938880238,7.185000000000000000e+03
572.0256327861869,7.189000000000000000e+03
572.1010752224225,7.223000000000000000e+03
572.1765735734161,7.208000000000000000e+03
572.2520132602132,7.205000000000000000e+03
572.3274531890821,7.206000000000000000e+03
572.4028933523459,7.222000000000000000e+03
572.4783960113044,7.254000000000000000e+03
572.5538333585442,7.267000000000000000e+03
572.6292741944405,7.236000000000000000e+03
572.7047119540778,7.249000000000000000e+03
572.780212242593,7.284000000000000000e+03
572.8556503993934,7.284000000000000000e+03
572.9310920175104,7.275000000000000000e+03
573.0065305250978,7.302000000000000000e+03
573.0819691960772,7.314000000000000000e+03
573.1574080227304,7.320000000000000000e+03
573.232909430562,7.317000000000000000e+03
573.3083485618251,7.299000000000000000e+03
573.3837911132744,7.339000000000000000e+03
573.4592305026606,7.317000000000000000e+03
573.5346700090696,7.271000000000000000e+03
573.6101096247586,7.306000000000000000e+03
573.6855493419805,7.313000000000000000e+03
573.7609858609676,7.313000000000000000e+03
573.8364257571322,7.307000000000000000e+03
573.9118624378157,7.286000000000000000e+03
573.9873057764995,7.344000000000000000e+03
574.0627425886909,7.330000000000000000e+03
574.1382453810519,7.304000000000000000e+03
574.2136823092575,7.313000000000000000e+03
574.2891225732211,7.333000000000000000e+03
574.3645628688121,7.308000000000000000e+03
574.4399404917988,7.320000000000000000e+03
574.5153808108072,7.312000000000000000e+03
574.5908178365182,7.326000000000000000e+03
574.6662581633567,7.329000000000000000e+03
574.7416984828392,7.353000000000000000e+03
574.8171387871569,7.307000000000000000e+03
574.8925790684976,7.329000000000000000e+03
574.9680160131622,7.312000000000000000e+03
575.0434562242268,7.326000000000000000e+03
575.1188930812343,7.356000000000000000e+03
575.1943364992081,7.322000000000000000e+03
575.2697765474628,7.393000000000000000e+03
575.3451536315831,7.366000000000000000e+03
575.4205935156243,7.363000000000000000e+03
575.4960333140378,7.385000000000000000e+03
575.5714730189743,7.382000000000000000e+03
575.6469093088864,7.354000000000000000e+03
575.7223521169975,7.381000000000000000e+03
575.7977285011834,7.383000000000000000e+03
575.8731677371276,7.417000000000000000e+03
575.9486101574518,7.416000000000000000e+03
576.0240491208147,7.428000000000000000e+03
576.0994281953324,7.426000000000000000e+03
576.1748668380864,7.423000000000000000e+03
576.2503053165299,7.445000000000000000e+03
576.3257436227722,7.431000000000000000e+03
576.401121946027,7.470000000000000000e+03
576.4765631917769,7.512000000000000000e+03
576.5520009192454,7.498000000000000000e+03
576.627378593058,7.514000000000000000e+03
576.7028192152051,7.554000000000000000e+03
576.7782596194585,7.531000000000000000e+03
576.8536365734708,7.543000000000000000e+03
576.9290798301113,7.559000000000000000e+03
577.0045161881444,7.596000000000000000e+03
577.0798956812308,7.606000000000000000e+03
577.1553348449369,7.619000000000000000e+03
577.2307737431714,7.641000000000000000e+03
577.3061523771543,7.670000000000000000e+03
577.3815940386273,7.627000000000000000e+03
577.4569687212091,7.690000000000000000e+03
577.5324097821534,7.617000000000000000e+03
577.6077871497567,7.677000000000000000e+03
577.6832275791974,7.708000000000000000e+03
577.7586042662564,7.699000000000000000e+03
577.8340473712362,7.678000000000000000e+03
577.9094233467189,7.709000000000000000e+03
577.9848624183549,7.698000000000000000e+03
578.06024099099,7.752000000000000000e+03
578.1356826786689,7.767000000000000000e+03
578.2110604784385,7.741000000000000000e+03
578.2865014103915,7.763000000000000000e+03
578.3618750602704,7.750000000000000000e+03
578.4373152036164,7.749000000000000000e+03
578.5126947075182,7.785000000000000000e+03
578.5880737744064,7.769000000000000000e+03
578.6635160180301,7.779000000000000000e+03
578.7388908540094,7.745000000000000000e+03
578.8143322323514,7.779000000000000000e+03
578.8897095032095,7.781000000000000000e+03
578.9650862969057,7.806000000000000000e+03
579.0405296629765,7.817000000000000000e+03
579.1159054956761,7.831000000000000000e+03
579.1912841817008,7.797000000000000000e+03
579.2667227590988,7.776000000000000000e+03
579.3421004375672,7.832000000000000000e+03
579.4174809495532,7.757000000000000000e+03
579.4928575733711,7.763000000000000000e+03
579.5682974782039,7.806000000000000000e+03
579.6436763906835,7.768000000000000000e+03
579.7190547488921,7.790000000000000000e+03
579.7944325447469,7.772000000000000000e+03
579.8698736574771,7.748000000000000000e+03
579.9452503209693,7.800000000000000000e+03
580.0206297620755,7.813000000000000000e+03
580.0960086102061,7.796000000000000000e+03
580.1713868572579,7.777000000000000000e+03
580.2467678619868,7.776000000000000000e+03
580.3222055027192,7.810000000000000000e+03
580.3975819144985,7.799000000000000000e+03
580.472964431725,7.810000000000000000e+03
580.5483361997073,7.821000000000000000e+03
580.6237208011142,7.807000000000000000e+03
580.6990980056318,7.812000000000000000e+03
580.774474545852,7.791000000000000000e+03
580.8498537875009,7.798000000000000000e+03
580.9252289755794,7.806000000000000000e+03
581.0006743628959,7.785000000000000000e+03
581.0760481837603,7.833000000000000000e+03
581.1514280543308,7.837000000000000000e+03
581.2268072152121,7.788000000000000000e+03
581.3021822791188,7.808000000000000000e+03
581.3775633752501,7.809000000000000000e+03
581.4529437389426,7.829000000000000000e+03
581.5283199802694,7.848000000000000000e+03
581.6036988536778,7.842000000000000000e+03
581.6790160670166,7.823000000000000000e+03
581.7543934024975,7.856000000000000000e+03
581.8297699646201,7.902000000000000000e+03
581.9051525174606,7.895000000000000000e+03
581.9805308970429,7.868000000000000000e+03
582.0559084804219,7.897000000000000000e+03
582.1312852593902,7.951000000000000000e+03
582.206668005028,7.949000000000000000e+03
582.2820397617667,7.905000000000000000e+03
582.3574242532981,7.948000000000000000e+03
582.4327366749485,7.944000000000000000e+03
582.508116082625,7.968000000000000000e+03
582.5834946400697,7.969000000000000000e+03
582.658872339047,7.986000000000000000e+03
582.7342525671091,8.001000000000000000e+03
582.8095673852416,7.987000000000000000e+03
582.8849492395216,8.055000000000000000e+03
582.9603268074364,8.030000000000000000e+03
583.0357068767066,8.038000000000000000e+03
583.1110214380087,8.079000000000000000e+03
583.1864030744695,8.079000000000000000e+03
583.2617769878166,8.093000000000000000e+03
583.3371601786139,8.099000000000000000e+03
583.4124743613642,8.101000000000000000e+03
583.4878556582576,8.121000000000000000e+03
583.5632325991093,8.171000000000000000e+03
583.6385472652148,8.130000000000000000e+03
583.7139290751193,8.165000000000000000e+03
583.7893065032263,8.156000000000000000e+03
583.8646249949269,8.170000000000000000e+03
583.9400004322508,8.205000000000000000e+03
584.0153168866366,8.189000000000000000e+03
584.0907005347968,8.175000000000000000e+03
584.1660763462396,8.195000000000000000e+03
584.2413965200363,8.201000000000000000e+03
584.3167736762043,8.215000000000000000e+03
584.3920917365156,8.176000000000000000e+03
584.4674702084938,8.247000000000000000e+03
584.5427861228587,8.206000000000000000e+03
584.6181658817017,8.208000000000000000e+03
584.6934796176279,8.230000000000000000e+03
584.7688572148127,8.215000000000000000e+03
584.8441755797492,8.232000000000000000e+03
584.919554404934,8.222000000000000000e+03
584.9948739529473,8.199000000000000000e+03
585.0702539779767,8.185000000000000000e+03
585.145567832981,8.191000000000000000e+03
585.2208873808705,8.184000000000000000e+03
585.2962674300239,8.233000000000000000e+03
585.3715812355221,8.207000000000000000e+03
585.446962410467,8.204000000000000000e+03
585.522277293224,8.200000000000000000e+03
585.5975978392732,8.172000000000000000e+03
585.6729720672993,8.179000000000000000e+03
585.7482902189189,8.196000000000000000e+03
585.8236071536562,8.181000000000000000e+03
585.8989880858402,8.197000000000000000e+03
585.9743025783406,8.163000000000000000e+03
586.0496192632522,8.189000000000000000e+03
586.1249381347992,8.156000000000000000e+03
586.200317604434,8.140000000000000000e+03
586.2756374097312,8.177000000000000000e+03
586.3509525064017,8.194000000000000000e+03
586.4262697612708,8.200000000000000000e+03
586.5016510856912,8.155000000000000000e+03
586.576965774025,8.154000000000000000e+03
586.6522825996321,8.153000000000000000e+03
586.7275981142149,8.138000000000000000e+03
586.8029157526896,8.181000000000000000e+03
586.878297505942,8.196000000000000000e+03
586.9536125003841,8.177000000000000000e+03
587.0289295977367,8.188000000000000000e+03
587.1042487921765,8.230000000000000000e+03
587.1795666300785,8.214000000000000000e+03
587.2548831029591,8.239000000000000000e+03
587.3301982023304,8.195000000000000000e+03
587.4055153701529,8.236000000000000000e+03
587.4808346005856,8.246000000000000000e+03
587.5561558877838,8.248000000000000000e+03
587.631468866577,8.249000000000000000e+03
587.7067838851247,8.252000000000000000e+03
587.78216658026,8.275000000000000000e+03
587.8574856775697,8.281000000000000000e+03
587.9328033404089,8.322000000000000000e+03
588.0080538670875,8.310000000000000000e+03
588.0833720770029,8.318000000000000000e+03
588.1586888286358,8.311000000000000000e+03
588.234007573644,8.342000000000000000e+03
588.3093248450679,8.376000000000000000e+03
588.3846440963296,8.392000000000000000e+03
588.4599618586897,8.374000000000000000e+03
588.5352781235977,8.368000000000000000e+03
588.6105963471232,8.436000000000000000e+03
588.6859130578563,8.418000000000000000e+03
588.761231713632,8.416000000000000000e+03
588.8364864301399,8.437000000000000000e+03
588.9118020050827,8.485000000000000000e+03
588.9871195037894,8.468000000000000000e+03
589.0624389203426,8.460000000000000000e+03
589.1377567779897,8.489000000000000000e+03
589.2130730681441,8.488000000000000000e+03
589.2883287478853,8.507000000000000000e+03
589.3636453356847,8.510000000000000000e+03
589.4389638063658,8.535000000000000000e+03
589.5142806787193,8.549000000000000000e+03
589.5895403256021,8.525000000000000000e+03
589.6648574383153,8.564000000000000000e+03
589.740176406581,8.585000000000000000e+03
589.8154276479908,8.606000000000000000e+03
589.8907468120178,8.592000000000000000e+03
589.9660643313503,8.575000000000000000e+03
590.0413210120631,8.629000000000000000e+03
590.1166352010036,8.559000000000000000e+03
590.1919546858783,8.597000000000000000e+03
590.2672132644499,8.605000000000000000e+03
590.3425293741994,8.593000000000000000e+03
590.4177880160598,8.608000000000000000e+03
590.4931042037921,8.586000000000000000e+03
590.568418683014,8.593000000000000000e+03
590.643675627467,8.592000000000000000e+03
590.7189936284246,8.583000000000000000e+03
590.7942505619948,8.608000000000000000e+03
590.8695685685237,8.610000000000000000e+03
590.9448219696872,8.608000000000000000e+03
591.0201399515241,8.606000000000000000e+03
591.0953967743105,8.588000000000000000e+03
591.1707147029425,8.580000000000000000e+03
591.2459714266577,8.606000000000000000e+03
591.3212892726514,8.556000000000000000e+03
591.3965458678394,8.569000000000000000e+03
591.4718006307248,8.600000000000000000e+03
591.547116539627,8.565000000000000000e+03
591.6223746281325,8.575000000000000000e+03
591.6976903797901,8.609000000000000000e+03
591.7729482668865,8.526000000000000000e+03
591.8482042834247,8.605000000000000000e+03
591.9235214878881,8.589000000000000000e+03
591.9987807623979,8.590000000000000000e+03
592.0740346381908,8.564000000000000000e+03
592.1493532320127,8.582000000000000000e+03
592.2246103231383,8.561000000000000000e+03
592.2998654966053,8.531000000000000000e+03
592.3751222527409,8.596000000000000000e+03
592.4504402550338,8.598000000000000000e+03
592.5256966625434,8.560000000000000000e+03
592.6009511209176,8.605000000000000000e+03
592.6762106466866,8.566000000000000000e+03
592.7515244260364,8.580000000000000000e+03
592.8267835455117,8.572000000000000000e+03
592.9020371707703,8.601000000000000000e+03
592.9772958390107,8.607000000000000000e+03
593.0525489954576,8.597000000000000000e+03
593.1278071826566,8.561000000000000000e+03
593.2031266995527,8.637000000000000000e+03
593.2783808730474,8.601000000000000000e+03
593.3536365391337,8.614000000000000000e+03
593.4288936916811,8.640000000000000000e+03
593.5041488020836,8.642000000000000000e+03
593.5794089082539,8.627000000000000000e+03
593.6546634339551,8.639000000000000000e+03
593.729919417986,8.649000000000000000e+03
593.8051733281523,8.659000000000000000e+03
593.8804322095,8.707000000000000000e+03
593.955689002888,8.676000000000000000e+03
594.0309472282032,8.688000000000000000e+03
594.1061998200399,8.708000000000000000e+03
594.1814573584147,8.712000000000000000e+03
594.2567163084306,8.710000000000000000e+03
594.3319695993049,8.699000000000000000e+03
594.4072278190921,8.701000000000000000e+03
594.4824803620132,8.657000000000000000e+03
594.5577413564724,8.714000000000000000e+03
594.6329931222317,8.709000000000000000e+03
594.7082533289405,8.768000000000000000e+03
594.7834441469494,8.771000000000000000e+03
594.85870352054,8.769000000000000000e+03
594.9339607052526,8.791000000000000000e+03
595.0092192325558,8.801000000000000000e+03
595.0844720137306,8.822000000000000000e+03
595.1596694470827,8.815000000000000000e+03
595.2349248608839,8.821000000000000000e+03
595.310178044894,8.830000000000000000e+03
595.3854360798784,8.785000000000000000e+03
595.4606918708308,8.810000000000000000e+03
595.5358886627483,8.821000000000000000e+03
595.611147019589,8.850000000000000000e+03
595.6864031092157,8.840000000000000000e+03
595.7615965842728,8.835000000000000000e+03
595.836855197865,8.811000000000000000e+03
595.9121115210278,8.881000000000000000e+03
595.9873051606659,8.874000000000000000e+03
596.0625604137975,8.852000000000000000e+03
596.1378169052595,8.865000000000000000e+03
596.2130106441916,8.870000000000000000e+03
596.2882695773723,8.882000000000000000e+03
596.3635261735925,8.883000000000000000e+03
596.4387199482267,8.891000000000000000e+03
596.5139753866564,8.843000000000000000e+03
596.5891715160268,8.864000000000000000e+03
596.6644293271388,8.871000000000000000e+03
596.739624225117,8.902000000000000000e+03
596.8148808209818,8.861000000000000000e+03
596.8900744570072,8.854000000000000000e+03
596.9653333707323,8.875000000000000000e+03
597.0405257151125,8.903000000000000000e+03
597.115786920592,8.912000000000000000e+03
597.1909779436049,8.828000000000000000e+03
597.2662342801653,8.823000000000000000e+03
597.3414275184313,8.832000000000000000e+03
597.4166254158234,8.834000000000000000e+03
597.491885088153,8.827000000000000000e+03
597.5670780238231,8.851000000000000000e+03
597.6423327487403,8.829000000000000000e+03
597.7175242592349,8.841000000000000000e+03
597.792720398088,8.836000000000000000e+03
597.8679783530253,8.840000000000000000e+03
597.9431801766776,8.809000000000000000e+03
598.0183687346421,8.818000000000000000e+03
598.0936227072775,8.865000000000000000e+03
598.1688204827943,8.818000000000000000e+03
598.2440156960317,8.814000000000000000e+03
598.3192119177841,8.833000000000000000e+03
598.3944735953452,8.805000000000000000e+03
598.4696646678975,8.794000000000000000e+03
598.5448638913675,8.824000000000000000e+03
598.6200605143976,8.797000000000000000e+03
598.6952545279034,8.814000000000000000e+03
598.7705032869707,8.802000000000000000e+03
598.845702827054,8.827000000000000000e+03
598.9209033228055,8.777000000000000000e+03
598.9960940039387,8.769000000000000000e+03
599.0712892114018,8.826000000000000000e+03
599.1464853517283,8.809000000000000000e+03
599.2216788278446,8.819000000000000000e+03
599.2968768137707,8.812000000000000000e+03
599.3720685283897,8.825000000000000000e+03
599.4472683333562,8.795000000000000000e+03
599.5225229531976,8.800000000000000000e+03
599.5977173765003,8.781000000000000000e+03
599.6729126841367,8.787000000000000000e+03
599.7481088696748,8.775000000000000000e+03
599.8232987309193,8.807000000000000000e+03
599.8985002499289,8.804000000000000000e+03
599.9736306356483,8.822000000000000000e+03
600.0488302503571,8.850000000000000000e+03
600.1240271092662,8.848000000000000000e+03
600.1992212032151,8.799000000000000000e+03
600.274408919746,8.868000000000000000e+03
600.3496082679649,8.857000000000000000e+03
600.4248084342357,8.859000000000000000e+03
600.499998594085,8.833000000000000000e+03
600.5751931605373,8.884000000000000000e+03
600.6503235814662,8.862000000000000000e+03
600.7255197152398,8.898000000000000000e+03
600.8007166310834,8.877000000000000000e+03
600.875914322513,8.885000000000000000e+03
600.9511163944641,8.877000000000000000e+03
601.0262433719869,8.896000000000000000e+03
601.1014361076029,8.921000000000000000e+03
601.1766404316174,8.963000000000000000e+03
601.2518346554406,8.955000000000000000e+03
601.3269681412486,8.978000000000000000e+03
601.4021565754814,8.956000000000000000e+03
601.4773565793163,8.955000000000000000e+03
601.55249578129,8.987000000000000000e+03
601.6276863350764,8.965000000000000000e+03
601.7028775856559,8.965000000000000000e+03
601.7780115846128,9.000000000000000000e+03
601.8532078169892,8.970000000000000000e+03
601.9284011052009,9.016000000000000000e+03
602.0035370787526,9.043000000000000000e+03
602.0787353122603,9.023000000000000000e+03
602.1538653131911,9.025000000000000000e+03
602.2290648417321,8.989000000000000000e+03
602.3041960901958,9.022000000000000000e+03
602.3793896303448,8.989000000000000000e+03
602.4545329868457,8.958000000000000000e+03
602.52972050603,8.991000000000000000e+03
602.6048541681286,9.001000000000000000e+03
602.6800537894703,9.001000000000000000e+03
602.7551886194266,9.012000000000000000e+03
602.8303821600039,8.999000000000000000e+03
602.9055217646458,9.034000000000000000e+03
602.9807128258426,8.992000000000000000e+03
603.055846272166,9.010000000000000000e+03
603.1309766185691,8.956000000000000000e+03
603.2061729886882,9.036000000000000000e+03
603.281308042969,9.014000000000000000e+03
603.3564436151993,9.013000000000000000e+03
603.4316452421198,9.011000000000000000e+03
603.5067745623387,8.997000000000000000e+03
603.5819116632719,8.964000000000000000e+03
603.6571039159869,8.985000000000000000e+03
603.732238361985,8.990000000000000000e+03
603.8073696385936,9.012000000000000000e+03
603.8825123234259,9.014000000000000000e+03
603.9576992468579,8.956000000000000000e+03
604.0328355724649,8.957000000000000000e+03
604.1079723479853,8.972000000000000000e+03
604.1831095667776,8.885000000000000000e+03
604.2582983401253,8.950000000000000000e+03
604.3334364382367,8.974000000000000000e+03
604.4085676534826,8.929000000000000000e+03
604.4836992817685,8.929000000000000000e+03
604.5588422811774,8.920000000000000000e+03
604.6339747182885,8.939000000000000000e+03
604.7091075484526,8.950000000000000000e+03
604.7842444226404,8.947000000000000000e+03
604.859378019808,8.940000000000000000e+03
604.9345046710955,8.926000000000000000e+03
605.009704892442,8.952000000000000000e+03
605.0848359419433,8.953000000000000000e+03
605.1599746669862,8.937000000000000000e+03
605.23510275086,8.956000000000000000e+03
605.310245826721,8.889000000000000000e+03
605.3853159408447,8.933000000000000000e+03
605.4604486674336,8.927000000000000000e+03
605.535581711707,8.957000000000000000e+03
605.6107150669574,8.995000000000000000e+03
605.6858487264751,8.987000000000000000e+03
605.7609863530097,8.974000000000000000e+03
605.8361242722013,8.985000000000000000e+03
605.9112514634761,8.963000000000000000e+03
605.9863899450862,9.002000000000000000e+03
606.0615286991821,8.987000000000000000e+03
606.1365942387108,8.992000000000000000e+03
606.2117261495124,9.007000000000000000e+03
606.2868656606279,8.970000000000000000e+03
606.3619980637881,8.987000000000000000e+03
606.4370718595482,8.980000000000000000e+03
606.5122047116855,9.014000000000000000e+03
606.5873377854751,8.997000000000000000e+03
606.6624747545558,8.977000000000000000e+03
606.7375456701113,9.025000000000000000e+03
606.8126830359437,9.054000000000000000e+03
606.8878205982112,9.055000000000000000e+03
606.9628957214667,9.032000000000000000e+03
607.0380225859356,9.027000000000000000e+03
607.1131606786419,9.021000000000000000e+03
607.1882288919476,9.045000000000000000e+03
607.2633709869046,9.033000000000000000e+03
607.3385021736576,9.018000000000000000e+03
607.4135707840262,9.048000000000000000e+03
607.4887096199877,9.038000000000000000e+03
607.5637821472627,9.045000000000000000e+03
607.6389138462803,9.068000000000000000e+03
607.7139865728267,9.053000000000000000e+03
607.7891221807843,9.081000000000000000e+03
607.8641950802765,9.037000000000000000e+03
607.9393308785938,9.051000000000000000e+03
608.0144039237675,9.074000000000000000e+03
608.089539885174,9.078000000000000000e+03
608.1646130487377,9.025000000000000000e+03
608.2397417468239,9.090000000000000000e+03
608.3148187001017,9.065000000000000000e+03
608.3898956827247,9.049000000000000000e+03
608.4650245200035,9.083000000000000000e+03
608.5401015535813,9.087000000000000000e+03
608.6151785959717,9.129000000000000000e+03
608.6903112159022,9.100000000000000000e+03
608.7653771512115,9.098000000000000000e+03
608.8404578967535,9.067000000000000000e+03
608.9155905344547,9.083000000000000000e+03
608.990660126277,9.081000000000000000e+03
609.0657296820973,9.073000000000000000e+03
609.1408659845031,9.083000000000000000e+03
609.2159465984835,9.077000000000000000e+03
609.2910160242585,9.033000000000000000e+03
609.3660890997941,9.069000000000000000e+03
609.4411621067635,9.038000000000000000e+03
609.5162981949915,9.082000000000000000e+03
609.591371059717,9.040000000000000000e+03
609.6664438352011,9.083000000000000000e+03
609.7415165145444,9.046000000000000000e+03
609.8165928096073,9.093000000000000000e+03
609.8916652768738,9.049000000000000000e+03
609.9667339066874,9.085000000000000000e+03
610.041806132408,9.064000000000000000e+03
610.1168819498673,9.056000000000000000e+03
610.1919576315516,9.033000000000000000e+03
610.2670257220219,9.053000000000000000e+03
610.3421011095528,9.010000000000000000e+03
610.4171800666223,9.072000000000000000e+03
610.4922476810158,9.042000000000000000e+03
610.5673225771701,9.041000000000000000e+03
610.6423935671218,9.056000000000000000e+03
610.7174681006938,9.052000000000000000e+03
610.7925387123403,9.069000000000000000e+03
610.8676165871373,9.045000000000000000e+03
610.9426867935962,9.040000000000000000e+03
611.0177642529652,9.060000000000000000e+03
611.0928340264109,9.034000000000000000e+03
611.1679035719891,9.033000000000000000e+03
611.2429205762214,9.081000000000000000e+03
611.3179896323122,9.055000000000000000e+03
611.3930696536677,9.050000000000000000e+03
611.4681382079762,9.094000000000000000e+03
611.543210239399,9.055000000000000000e+03
611.6182258914046,9.035000000000000000e+03
611.6932973662973,9.026000000000000000e+03
611.7683685593274,9.033000000000000000e+03
611.8434394635015,9.029000000000000000e+03
611.91845764963,9.032000000000000000e+03
611.9935279422344,9.069000000000000000e+03
612.06860167126,9.079000000000000000e+03
612.1436188772811,9.046000000000000000e+03
612.2186919554537,9.059000000000000000e+03
612.2937609555369,9.060000000000000000e+03
612.368769618424,9.034000000000000000e+03
612.443841671833,9.030000000000000000e+03
612.518860850012,9.080000000000000000e+03
612.5939321832865,9.047000000000000000e+03
612.668943094263,9.032000000000000000e+03
612.7440136774355,9.069000000000000000e+03
612.8190876378331,9.086000000000000000e+03
612.8941048689004,9.113000000000000000e+03
612.9691780415548,9.072000000000000000e+03
613.0441869267229,9.083000000000000000e+03
613.1192028943198,9.096000000000000000e+03
613.1942785838127,9.068000000000000000e+03
613.2692861585759,9.101000000000000000e+03
613.3443572287938,9.073000000000000000e+03
613.4193751865103,9.075000000000000000e+03
613.4944491348593,9.117000000000000000e+03
613.5694586386024,9.116000000000000000e+03
613.644467658833,9.111000000000000000e+03
613.7195402192466,9.098000000000000000e+03
613.794555801729,9.102000000000000000e+03
613.8695671147681,9.104000000000000000e+03
613.9446382262654,9.121000000000000000e+03
614.0196560673113,9.079000000000000000e+03
614.0946658455853,9.119000000000000000e+03
614.1696826366328,9.095000000000000000e+03
614.2447554874341,9.131000000000000000e+03
614.3197636679537,9.092000000000000000e+03
614.3947788454523,9.142000000000000000e+03
614.4697859154201,9.112000000000000000e+03
614.5448037484722,9.109000000000000000e+03
614.619873899117,9.123000000000000000e+03
614.694883044028,9.170000000000000000e+03
614.769899161373,9.177000000000000000e+03
614.8449071281832,9.148000000000000000e+03
614.9199220568489,9.143000000000000000e+03
614.994936381391,9.144000000000000000e+03
615.0699463115571,9.167000000000000000e+03
615.1449594055,9.136000000000000000e+03
615.219968088927,9.105000000000000000e+03
615.2949799236752,9.127000000000000000e+03
615.3699949053583,9.130000000000000000e+03
615.4450130295872,9.105000000000000000e+03
615.5200153487256,9.114000000000000000e+03
615.5950321611059,9.124000000000000000e+03
615.6700445181616,9.089000000000000000e+03
615.7450599927896,9.129000000000000000e+03
615.8200634112113,9.154000000000000000e+03
615.8950775175382,9.146000000000000000e+03
615.9700909303292,9.082000000000000000e+03
616.045103642399,9.097000000000000000e+03
616.1200587059649,9.119000000000000000e+03
616.1950737781215,9.106000000000000000e+03
616.2700843319404,9.102000000000000000e+03
616.3450979550751,9.135000000000000000e+03
616.4201070436227,9.115000000000000000e+03
616.4950545776754,9.100000000000000000e+03
616.5700659579935,9.083000000000000000e+03
616.6450765818348,9.095000000000000000e+03
616.720097852294,9.102000000000000000e+03
616.7950422701603,9.053000000000000000e+03
616.8700581788843,9.066000000000000000e+03
616.9450694997388,9.099000000000000000e+03
617.0200229227949,9.077000000000000000e+03
617.0950326410584,9.056000000000000000e+03
617.1700377451283,9.075000000000000000e+03
617.2449925060192,9.043000000000000000e+03
617.3200073947381,9.062000000000000000e+03
617.395013836697,9.091000000000000000e+03
617.4699660667885,9.054000000000000000e+03
617.5449822610196,9.037000000000000000e+03
617.6199327648687,9.064000000000000000e+03
617.6949472498279,9.043000000000000000e+03
617.7698959983896,9.110000000000000000e+03
617.8449087450254,9.063000000000000000e+03
617.9198595274773,9.071000000000000000e+03
617.9948705076381,9.045000000000000000e+03
618.069827119618,9.047000000000000000e+03
618.144840127084,9.074000000000000000e+03
618.2197872618343,8.999000000000000000e+03
618.2947411041071,9.025000000000000000e+03
618.3697513617161,9.048000000000000000e+03
618.44469567746,9.022000000000000000e+03
618.5196505100681,9.010000000000000000e+03
618.5946694328892,9.032000000000000000e+03
618.6696146951708,9.064000000000000000e+03
618.7445666341545,9.038000000000000000e+03
618.8195826887393,9.037000000000000000e+03
618.8945326685835,9.029000000000000000e+03
618.9694854812299,9.043000000000000000e+03
619.0444334578197,9.032000000000000000e+03
619.1194494169247,9.029000000000000000e+03
619.1943992107521,9.064000000000000000e+03
619.2693479786984,9.040000000000000000e+03
619.3442957134283,9.012000000000000000e+03
619.4192500812071,9.042000000000000000e+03
619.4942648084996,9.053000000000000000e+03
619.5692094181061,9.051000000000000000e+03
619.6441644838893,9.031000000000000000e+03
619.7191184853039,9.021000000000000000e+03
619.7940637321011,9.067000000000000000e+03
619.8690155808523,9.035000000000000000e+03
619.9439663431604,9.079000000000000000e+03
620.0189198558951,9.114000000000000000e+03
620.0938722693128,9.062000000000000000e+03
620.1688197299484,9.048000000000000000e+03
620.2437699216852,9.081000000000000000e+03
620.3187305358406,9.039000000000000000e+03
620.393678480104,9.097000000000000000e+03
620.4686252881608,9.054000000000000000e+03
620.543582504853,9.051000000000000000e+03
620.61852702112,9.010000000000000000e+03
620.6934819368186,9.101000000000000000e+03
620.7684356923214,9.043000000000000000e+03
620.8433227543279,9.092000000000000000e+03
620.9182780068074,9.038000000000000000e+03
620.9932282224137,9.024000000000000000e+03
621.0681811054573,9.038000000000000000e+03
621.1431327931294,9.097000000000000000e+03
621.2180794188941,9.060000000000000000e+03
621.2929746519387,9.066000000000000000e+03
621.3679226950109,9.018000000000000000e+03
621.4428695130218,9.036000000000000000e+03
621.5177610187308,9.071000000000000000e+03
621.5927130788318,9.044000000000000000e+03
621.6676600305892,9.055000000000000000e+03
621.7426134606835,9.068000000000000000e+03
621.8174999024244,9.011000000000000000e+03
621.8924507959133,9.050000000000000000e+03
621.9673462597708,9.034000000000000000e+03
622.0422984590124,9.032000000000000000e+03
622.1172493736544,9.039000000000000000e+03
622.1921409277729,9.003000000000000000e+03
622.2670892368434,9.008000000000000000e+03
622.3419781424883,8.990000000000000000e+03
622.4169354382018,8.990000000000000000e+03
622.4918216682801,8.997000000000000000e+03
622.5667763070498,8.994000000000000000e+03
622.6416637084727,9.009000000000000000e+03
622.7166156613104,9.010000000000000000e+03
622.791500330108,8.996000000000000000e+03
622.8664495670652,8.991000000000000000e+03
622.9413431149467,9.058000000000000000e+03
623.0162352679529,9.021000000000000000e+03
623.0911842549693,8.972000000000000000e+03
623.1660736097131,8.940000000000000000e+03
623.2409693156505,8.967000000000000000e+03
623.3159141083677,9.017000000000000000e+03
623.3908108627464,8.992000000000000000e+03
623.4656984085988,9.020000000000000000e+03
623.54065060535,8.987000000000000000e+03
623.6155430462911,9.017000000000000000e+03
623.6904262505253,8.998000000000000000e+03
623.7653157682421,8.978000000000000000e+03
623.8402738657751,8.964000000000000000e+03
623.9151643415145,8.974000000000000000e+03
623.9900494384281,8.996000000000000000e+03
624.0649369353079,8.999000000000000000e+03
624.1398346184196,8.959000000000000000e+03
624.2147191099846,9.009000000000000000e+03
624.2896137782844,8.981000000000000000e+03
624.3645615055957,8.949000000000000000e+03
624.4394531447507,9.019000000000000000e+03
624.5143432514428,8.923000000000000000e+03
624.5892357192214,8.987000000000000000e+03
624.6641227392169,8.934000000000000000e+03
624.739008204036,8.951000000000000000e+03
624.8139077217978,8.993000000000000000e+03
624.8887900572714,8.956000000000000000e+03
624.9636825322137,8.963000000000000000e+03
625.0385773339976,8.945000000000000000e+03
625.1134666425047,8.963000000000000000e+03
625.1883582645422,8.945000000000000000e+03
625.263181823586,8.920000000000000000e+03
625.3380780414589,8.956000000000000000e+03
625.4129648242472,8.938000000000000000e+03
625.4878578081264,8.924000000000000000e+03
625.5627413379577,8.935000000000000000e+03
625.6376349716288,8.914000000000000000e+03
625.7124604067309,8.929000000000000000e+03
625.7873507351937,8.982000000000000000e+03
625.8622394075853,8.939000000000000000e+03
625.9371381701984,8.983000000000000000e+03
626.0119647267263,8.876000000000000000e+03
626.0868522937308,8.912000000000000000e+03
626.1617460175852,8.949000000000000000e+03
626.2366380528313,8.942000000000000000e+03
626.3114617065921,8.968000000000000000e+03
626.3863503257447,8.954000000000000000e+03
626.4611822898413,8.912000000000000000e+03
626.5360713905895,8.919000000000000000e+03
626.6109666191869,8.938000000000000000e+03
626.6857933539325,8.930000000000000000e+03
626.7606772445703,8.892000000000000000e+03
626.8355122365108,8.923000000000000000e+03
626.9104044027886,8.921000000000000000e+03
626.985224051504,8.919000000000000000e+03
627.0601205419518,8.906000000000000000e+03
627.1349523354077,8.921000000000000000e+03
627.2098373967692,8.940000000000000000e+03
627.2846616468294,8.901000000000000000e+03
627.3595549170336,8.886000000000000000e+03
627.4343873380152,8.866000000000000000e+03
627.5092769901677,8.912000000000000000e+03
627.5841096881397,8.897000000000000000e+03
627.6589365990222,8.900000000000000000e+03
627.7338247007415,8.874000000000000000e+03
627.8086518461457,8.917000000000000000e+03
627.8834850056414,8.886000000000000000e+03
627.9583754402697,8.928000000000000000e+03
628.0332088011603,8.889000000000000000e+03
628.1080284382782,8.929000000000000000e+03
628.182858012259,8.890000000000000000e+03
628.2577527829216,8.841000000000000000e+03
628.3325785578783,8.886000000000000000e+03
628.4074142606058,8.861000000000000000e+03
628.4822361924339,8.870000000000000000e+03
628.5570680421939,8.869000000000000000e+03
628.6318979552647,8.890000000000000000e+03
628.706785214725,8.881000000000000000e+03
628.7816191526078,8.867000000000000000e+03
628.8564471797065,8.869000000000000000e+03
628.9312811520758,8.859000000000000000e+03
629.0061012851678,8.860000000000000000e+03
629.0809313073146,8.901000000000000000e+03
629.155759344112,8.842000000000000000e+03
629.2305893470999,8.866000000000000000e+03
629.3054252715824,8.850000000000000000e+03
629.380247309458,8.858000000000000000e+03
629.4550831794276,8.873000000000000000e+03
629.5299011803792,8.842000000000000000e+03
629.6047330053896,8.850000000000000000e+03
629.6795707280481,8.808000000000000000e+03
629.7543389940075,8.823000000000000000e+03
629.8291607196976,8.827000000000000000e+03
629.9039962589939,8.833000000000000000e+03
629.9788178342736,8.831000000000000000e+03
630.0536452776254,8.818000000000000000e+03
630.1284746162776,8.819000000000000000e+03
630.2032423002603,8.820000000000000000e+03
630.2780753994684,8.842000000000000000e+03
630.3529103790165,8.835000000000000000e+03
630.4277313363475,8.807000000000000000e+03
630.5025024771371,8.849000000000000000e+03
630.5773311190919,8.871000000000000000e+03
630.6521576385172,8.844000000000000000e+03
630.7269342895984,8.883000000000000000e+03
630.8017565291294,8.839000000000000000e+03
630.8765845827202,8.888000000000000000e+03
630.9513587332427,8.852000000000000000e+03
631.0261864484233,8.847000000000000000e+03
631.1009522564115,8.835000000000000000e+03
631.175787573207,8.832000000000000000e+03
631.2506087617126,8.853000000000000000e+03
631.3253799341081,8.894000000000000000e+03
631.400208688403,8.841000000000000000e+03
631.4749754310345,8.875000000000000000e+03
631.5498037567131,8.847000000000000000e+03
631.6245780075234,8.838000000000000000e+03
631.6993420335924,8.848000000000000000e+03
631.7741716576955,8.841000000000000000e+03
631.8489391655564,8.874000000000000000e+03
631.923764305041,8.854000000000000000e+03
631.9985312783703,8.860000000000000000e+03
632.0733039606179,8.844000000000000000e+03
632.1481342990165,8.833000000000000000e+03
632.2228944223607,8.858000000000000000e+03
632.2976642345945,8.835000000000000000e+03
632.3724997216107,8.823000000000000000e+03
632.4472649272958,8.845000000000000000e+03
632.5220358114818,8.819000000000000000e+03
632.5968083701387,8.853000000000000000e+03
632.6716346337209,8.850000000000000000e+03
632.746402531009,8.838000000000000000e+03
632.8211640744752,8.865000000000000000e+03
632.895939281213,8.866000000000000000e+03
632.9707001090119,8.829000000000000000e+03
633.0454705862102,8.872000000000000000e+03
633.1202346797379,8.808000000000000000e+03
633.1950124256075,8.832000000000000000e+03
633.2698318993826,8.801000000000000000e+03
633.3446048767886,8.829000000000000000e+03
633.4193754528278,8.827000000000000000e+03
633.4941436195448,8.812000000000000000e+03
633.5689053548851,8.813000000000000000e+03
633.6436807232593,8.846000000000000000e+03
633.718441616138,8.814000000000000000e+03
633.7932121186539,8.789000000000000000e+03
633.8679199094199,8.818000000000000000e+03
633.9426855028164,8.773000000000000000e+03
634.0174606961399,8.741000000000000000e+03
634.0922213655654,8.793000000000000000e+03
634.1669876029633,8.800000000000000000e+03
634.2417553834099,8.781000000000000000e+03
634.3165327489089,8.807000000000000000e+03
634.3912351850232,8.771000000000000000e+03
634.4660075495017,8.798000000000000000e+03
634.5407774100094,8.763000000000000000e+03
634.6155447585436,8.765000000000000000e+03
634.6902491623354,8.729000000000000000e+03
634.7650114486645,8.772000000000000000e+03
634.8397832896367,8.759000000000000000e+03
634.9145525922855,8.729000000000000000e+03
634.9892588668829,8.741000000000000000e+03
635.0640230545828,8.729000000000000000e+03
635.1387362717429,8.759000000000000000e+03
635.2135074201229,8.746000000000000000e+03
635.2882719598388,8.709000000000000000e+03
635.362981437668,8.774000000000000000e+03
635.4377448294332,8.713000000000000000e+03
635.512457159198,8.740000000000000000e+03
635.5872153377827,8.714000000000000000e+03
635.6619224154749,8.726000000000000000e+03
635.7366995983534,8.725000000000000000e+03
635.8114013974615,8.756000000000000000e+03
635.8861733198535,8.704000000000000000e+03
635.960881941529,8.703000000000000000e+03
636.0356485740448,8.710000000000000000e+03
636.1103518611941,8.702000000000000000e+03
636.1850565091609,8.807000000000000000e+03
636.2598232366993,8.738000000000000000e+03
636.3345306048863,8.713000000000000000e+03
636.4092393182117,8.723000000000000000e+03
636.4840101382218,8.747000000000000000e+03
636.5587134362514,8.728000000000000000e+03
636.6334221129331,8.748000000000000000e+03
636.7081848135534,8.703000000000000000e+03
636.78290019687,8.725000000000000000e+03
636.857604726266,8.678000000000000000e+03
636.9323146152394,8.703000000000000000e+03
637.0070217458345,8.674000000000000000e+03
637.0817261099415,8.619000000000000000e+03
637.1564967140678,8.582000000000000000e+03
637.2311995976745,8.531000000000000000e+03
637.3059078155254,8.598000000000000000e+03
637.3806132401302,8.597000000000000000e+03
637.4553280538418,8.606000000000000000e+03
637.5300278704315,8.660000000000000000e+03
637.6047370655823,8.699000000000000000e+03
637.679443440681,8.712000000000000000e+03
637.7541469875897,8.711000000000000000e+03
637.8288599029363,8.718000000000000000e+03
637.9035659103154,8.719000000000000000e+03
637.978273139046,8.703000000000000000e+03
638.052977512721,8.696000000000000000e+03
638.1276830952562,8.710000000000000000e+03
638.2023898813551,8.702000000000000000e+03
638.2770978657181,8.695000000000000000e+03
638.3517418441655,8.688000000000000000e+03
638.4264562697699,8.709000000000000000e+03
638.5011555722814,8.761000000000000000e+03
638.5758642016897,8.685000000000000000e+03
638.6505699221697,8.712000000000000000e+03
638.7252237691496,8.713000000000000000e+03
638.7999236357822,8.701000000000000000e+03
638.874628732156,8.722000000000000000e+03
638.9493472209352,8.719000000000000000e+03
639.0239892680094,8.694000000000000000e+03
639.098689601196,8.748000000000000000e+03
639.173395144716,8.735000000000000000e+03
639.2480405140027,8.699000000000000000e+03
639.3227564554909,8.703000000000000000e+03
639.3973958340758,8.696000000000000000e+03
639.4721058028182,8.772000000000000000e+03
639.5468086912668,8.750000000000000000e+03
639.6214635767756,8.756000000000000000e+03
639.6961604460553,8.729000000000000000e+03
639.7708092749344,8.721000000000000000e+03
639.8455164682429,8.717000000000000000e+03
639.9201674013606,8.704000000000000000e+03
639.9948767149377,8.721000000000000000e+03
640.0695174401586,8.690000000000000000e+03
640.1441591862857,8.710000000000000000e+03
640.2188716275688,8.712000000000000000e+03
640.2935236151387,8.725000000000000000e+03
640.3681602084457,8.713000000000000000e+03
640.4428757290473,8.694000000000000000e+03
640.5175143262505,8.700000000000000000e+03
640.592166218985,8.716000000000000000e+03
640.6668724558668,8.716000000000000000e+03
640.7415181149009,8.680000000000000000e+03
640.8161565315354,8.708000000000000000e+03
640.8908041242695,8.688000000000000000e+03
640.9655143022176,8.670000000000000000e+03
641.0401638233027,8.685000000000000000e+03
641.1148060727106,8.700000000000000000e+03
641.1894533730033,8.669000000000000000e+03
641.2641016094406,8.689000000000000000e+03
641.3387425502967,8.673000000000000000e+03
641.4134543525283,8.696000000000000000e+03
641.488101262261,8.683000000000000000e+03
641.5627449685089,8.684000000000000000e+03
641.6373854629693,8.671000000000000000e+03
641.7120350911663,8.669000000000000000e+03
641.7866814967092,8.639000000000000000e+03
641.8613246712862,8.656000000000000000e+03
641.9359769690361,8.668000000000000000e+03
642.0106260249374,8.655000000000000000e+03
642.0852718306695,8.659000000000000000e+03
642.1598525225107,8.677000000000000000e+03
642.2344917885489,8.659000000000000000e+03
642.3091401562656,8.648000000000000000e+03
642.3837934993884,8.661000000000000000e+03
642.4584353052218,8.691000000000000000e+03
642.5330862021095,8.641000000000000000e+03
642.6077296725547,8.681000000000000000e+03
642.6823120100572,8.648000000000000000e+03
642.7569529755671,8.645000000000000000e+03
642.8315988836831,8.646000000000000000e+03
642.9062455985243,8.605000000000000000e+03
642.9808352351971,8.605000000000000000e+03
643.055475263203,8.641000000000000000e+03
643.1301243499755,8.635000000000000000e+03
643.2047163018128,8.590000000000000000e+03
643.279354524987,8.657000000000000000e+03
643.3539438476895,8.585000000000000000e+03
643.4285877299418,8.611000000000000000e+03
643.5032406530961,8.625000000000000000e+03
643.5778197789244,8.600000000000000000e+03
643.6524659081414,8.614000000000000000e+03
643.7270464782921,8.628000000000000000e+03
643.8016982163535,8.634000000000000000e+03
643.876284355504,8.609000000000000000e+03
643.9509292459394,8.605000000000000000e+03
644.0255084918365,8.615000000000000000e+03
644.1001589469886,8.605000000000000000e+03
644.1747437177227,8.640000000000000000e+03
644.2493250109602,8.628000000000000000e+03
644.3239775458864,8.600000000000000000e+03
644.3985601811679,8.628000000000000000e+03
644.4731434709971,8.639000000000000000e+03
644.5477855716856,8.631000000000000000e+03
644.6223743228242,8.665000000000000000e+03
644.6969595574612,8.632000000000000000e+03
644.7715495817692,8.657000000000000000e+03
644.8461901340061,8.638000000000000000e+03
644.9207731033271,8.658000000000000000e+03
644.9953650068094,8.609000000000000000e+03
645.0699450389038,8.647000000000000000e+03
645.1445298338459,8.679000000000000000e+03
645.219177672042,8.657000000000000000e+03
645.2937678340779,8.616000000000000000e+03
645.3683419239809,8.656000000000000000e+03
645.4429290863851,8.662000000000000000e+03
645.5175168235929,8.671000000000000000e+03
645.5921051300253,8.681000000000000000e+03
645.6666898312457,8.706000000000000000e+03
645.7412750885978,8.677000000000000000e+03
645.8158525549321,8.658000000000000000e+03
645.8904389058563,8.713000000000000000e+03
645.9650299688499,8.668000000000000000e+03
646.0396090465212,8.678000000000000000e+03
646.1141969977764,8.706000000000000000e+03
646.1887812959989,8.661000000000000000e+03
646.2633076373747,8.687000000000000000e+03
646.3378845915109,8.693000000000000000e+03
646.4124787595719,8.736000000000000000e+03
646.4870608913304,8.728000000000000000e+03
646.5616476941717,8.727000000000000000e+03
646.6361722632304,8.723000000000000000e+03
646.7107558375826,8.710000000000000000e+03
646.7853440690486,8.691000000000000000e+03
646.859928586342,8.759000000000000000e+03
646.9344466023072,8.763000000000000000e+03
647.0090362098298,8.744000000000000000e+03
647.083622083392,8.737000000000000000e+03
647.1581413924066,8.750000000000000000e+03
647.2327239470708,8.787000000000000000e+03
647.307306934167,8.775000000000000000e+03
647.3818400556567,8.754000000000000000e+03
647.456419687093,8.770000000000000000e+03
647.5309452235595,8.770000000000000000e+03
647.6055298578293,8.809000000000000000e+03
647.6800561677495,8.781000000000000000e+03
647.7546415911931,8.766000000000000000e+03
647.829164455096,8.783000000000000000e+03
647.9037464463057,8.803000000000000000e+03
647.9782700344881,8.849000000000000000e+03
648.0527939695423,8.784000000000000000e+03
648.1273854568424,8.780000000000000000e+03
648.2019100840658,8.780000000000000000e+03
648.2764938778582,8.786000000000000000e+03
648.3510107654179,8.783000000000000000e+03
648.425536376692,8.862000000000000000e+03
648.5000623007427,8.798000000000000000e+03
648.5746432162518,8.826000000000000000e+03
648.6491655538866,8.827000000000000000e+03
648.7236881852804,8.833000000000000000e+03
648.7982195235151,8.875000000000000000e+03
648.8728058826379,8.806000000000000000e+03
648.9473293775359,8.797000000000000000e+03
649.0218489310823,8.861000000000000000e+03
649.0963729611857,8.873000000000000000e+03
649.1708972508054,8.843000000000000000e+03
649.2454260094211,8.831000000000000000e+03
649.3199508018886,8.902000000000000000e+03
649.3944716195824,8.891000000000000000e+03
649.4689926719741,8.873000000000000000e+03
649.5435181724034,8.861000000000000000e+03
649.6180396779724,8.877000000000000000e+03
649.6925698430567,8.874000000000000000e+03
649.7670917798398,8.870000000000000000e+03
649.8416139226556,8.901000000000000000e+03
649.9161320418531,8.923000000000000000e+03
649.9906588034178,8.905000000000000000e+03
650.0651815298742,8.947000000000000000e+03
650.1397086661992,8.910000000000000000e+03
650.2142317539774,8.933000000000000000e+03
650.2887550133019,8.938000000000000000e+03
650.3632192222857,8.926000000000000000e+03
650.4377470245496,8.907000000000000000e+03
650.5122665196939,8.932000000000000000e+03
650.5867946266628,8.948000000000000000e+03
650.6612551406859,8.966000000000000000e+03
650.7357750465694,8.955000000000000000e+03
650.8103035527816,8.998000000000000000e+03
650.8847644021826,8.960000000000000000e+03
650.9592931417967,8.998000000000000000e+03
651.0338092818513,8.955000000000000000e+03
651.1082704136296,9.002000000000000000e+03
651.182799464824,9.016000000000000000e+03
651.2572649940395,9.005000000000000000e+03
651.3317857370804,9.018000000000000000e+03
651.4062556434649,9.037000000000000000e+03
651.4807807792504,9.059000000000000000e+03
651.5552380644563,9.041000000000000000e+03
651.6297548330812,9.073000000000000000e+03
651.7042206933047,9.067000000000000000e+03
651.7787503045504,9.106000000000000000e+03
651.8532162309156,9.067000000000000000e+03
651.9277374256133,9.078000000000000000e+03
652.0021948907765,9.129000000000000000e+03
652.0766608615594,9.070000000000000000e+03
652.1511863740992,9.102000000000000000e+03
652.2256523518495,9.128000000000000000e+03
652.3001055526772,9.115000000000000000e+03
652.3745757534864,9.149000000000000000e+03
652.4490927583861,9.160000000000000000e+03
652.523554404734,9.177000000000000000e+03
652.5980245314129,9.168000000000000000e+03
652.6724818393412,9.223000000000000000e+03
652.7469518786384,9.209000000000000000e+03
652.8214730080308,9.235000000000000000e+03
652.8959386884019,9.210000000000000000e+03
652.9703957767102,9.249000000000000000e+03
653.0448655846427,9.274000000000000000e+03
653.1193267868492,9.222000000000000000e+03
653.1937879048733,9.298000000000000000e+03
653.268253200443,9.332000000000000000e+03
653.3427141334746,9.299000000000000000e+03
653.417174964718,9.316000000000000000e+03
653.4916399588126,9.296000000000000000e+03
653.5661005698283,9.343000000000000000e+03
653.640569606346,9.350000000000000000e+03
653.7150299745911,9.349000000000000000e+03
653.7894902116518,9.397000000000000000e+03
653.8638947316973,9.342000000000000000e+03
653.938354676066,9.398000000000000000e+03
653.9927330350457,9.435253819587780526e+03
654.0128144715792,9.385000000000000000e+03
654.0673848929049,9.426832708184349030e+03
654.0872783906434,9.442000000000000000e+03
654.1419639360352,9.444877946905988210e+03
654.1617421510075,9.432000000000000000e+03
654.2166156285444,9.425629692269574662e+03
654.2361458232748,9.471000000000000000e+03
654.2911987423258,9.479765408434492201e+03
654.3658416830104,9.470141281116284517e+03
654.4404288467964,9.462923185627629209e+03
654.5150758549863,9.476156360690163638e+03
654.5897184695584,9.412396517207038414e+03
654.664305251433,9.472547312945835074e+03
654.7389476142009,9.452096042394645337e+03
654.8135383948625,9.539916204173288861e+03
654.888184771955,9.507434774474339065e+03
654.9627666643294,9.518261917707322937e+03
655.0373526739268,9.544728267832393612e+03
655.1119985900768,9.521870965451649681e+03
655.1865885451579,9.527886045025528801e+03
655.2612255432555,9.571194617957464288e+03
655.3358194230502,9.567585570213135725e+03
655.4104603574718,9.580818745275671972e+03
655.4850452543039,9.607285095400742648e+03
655.5596986994234,9.591645888508655844e+03
655.634274582699,9.627736365951934204e+03
655.7088674352764,9.609691127230295024e+03
655.7835073665872,9.655405731991781067e+03
655.8580911670134,9.636157477355365700e+03
655.9327392618014,9.648187636503123940e+03
656.0073268888157,9.609691127230295024e+03
656.0819099586474,9.655405731991781067e+03
656.1565530436084,9.729992718707890162e+03
656.2311355998527,9.686684145775954676e+03
656.3057308056235,9.755256052918184650e+03
656.3803688222278,9.729992718707890162e+03
656.454954867795,9.758865100662511395e+03
656.5295449351327,9.776910339384150575e+03
656.6041821341065,9.769692243895495267e+03
656.6787759333997,9.780519387128479138e+03
656.7533564903902,9.808188753168326002e+03
656.8279410471957,9.792549546276239198e+03
656.9025856984958,9.843076214696828174e+03
656.9771696261503,9.803376689509223070e+03
657.0517532233856,9.829843039634293746e+03
657.1264055746188,9.838264151037725242e+03
657.2009928278474,9.845482246526380550e+03
657.2755710944062,9.893602883117418969e+03
657.3501576467798,9.887587803543538030e+03
657.4247438407015,9.894805899032195157e+03
657.4993858698668,9.869542564821898850e+03
657.573971341612,9.873151612566227413e+03
657.6485607618943,9.926084312816368765e+03
657.7231498016442,9.965783838003975688e+03
657.7977341278665,9.971798917577854809e+03
657.87237432304,9.930896376475473517e+03
657.9469621958759,9.976610981236959560e+03
658.0215410042488,9.994656219958598740e+03
658.0961280598617,1.002352860191322179e+04
658.1707146988002,1.002473161782799798e+04
658.2453009150308,1.003074669740187710e+04
658.3198867025178,1.003916780880530860e+04
658.3945327428875,1.005721304752694778e+04
658.4691220043352,1.003194971331665329e+04
658.5437021472852,1.008247638173724226e+04
658.6182818353581,1.012578495466917775e+04
658.69286974003,1.008849146131112320e+04
658.767461521399,1.018112368674887148e+04
658.8420354727173,1.012819098649872831e+04
658.9166306515345,1.009089749314067376e+04
658.9912079822875,1.013781511381693599e+04
659.0657935091809,1.019796590955573447e+04
659.140382887388,1.022924432333990808e+04
659.2149717681472,1.018593575040797441e+04
659.289551452134,1.024969559389109963e+04
659.3641306225966,1.028578607133437799e+04
659.438717970647,1.030383131005601717e+04
659.5133047969533,1.024247749840244433e+04
659.5878910954348,1.026774083261273881e+04
659.6624768600082,1.033029766018108967e+04
659.7370620845874,1.036037305805048709e+04
659.8116467630838,1.037120020128347096e+04
659.8862265349078,1.038563639226078340e+04
659.9608101019778,1.042292988561883612e+04
660.0354018176174,1.047706560178375548e+04
660.1099798943757,1.045180226757345918e+04
660.1845748263452,1.051556211105658440e+04
660.259151743867,1.043616306068137237e+04
660.333684466581,1.051796814288613677e+04
660.4082645480388,1.051195306331225765e+04
660.4828527532469,1.055405862032941513e+04
660.5574316285567,1.057090084313627813e+04
660.6320229836718,1.064909687759671579e+04
660.7066049946801,1.063105163887507661e+04
660.7811820158635,1.065150290942626816e+04
660.8557147324121,1.061781846381254036e+04
660.9302992109782,1.071285672107984101e+04
661.0048830496228,1.068518735503999415e+04
661.0794662422122,1.069721751418775420e+04
661.1540575251042,1.072248084839804869e+04
661.2285781978873,1.072127783248327250e+04
661.3031681500861,1.077300751681863949e+04
661.3777399387936,1.087165482183026688e+04
661.452332922751,1.083315831255743615e+04
661.5269208535378,1.085721863085295445e+04
661.6014380645663,1.085842164676773064e+04
661.6760289813253,1.088488799689280131e+04
661.7506148234904,1.091135434701787381e+04
661.8251298800592,1.091977545842130530e+04
661.8997142930884,1.099315942922263821e+04
661.9743067544003,1.095586593586458366e+04
662.0488853483158,1.104248308172845100e+04
662.1234149871826,1.102323482709203563e+04
662.198000873726,1.104368609764322719e+04
662.2725860216412,1.104609212947277956e+04
662.347104619191,1.111947610027411247e+04
662.4216882564932,1.109421276606381798e+04
662.4962184684717,1.116398768912082232e+04
662.570804963388,1.109060371831948942e+04
662.6453862997457,1.116398768912082232e+04
662.7199097646629,1.116398768912082232e+04
662.7944939234665,1.119767213473455013e+04
662.869086084027,1.126022896230289916e+04
662.9436071371093,1.126263499413244972e+04
663.0181889069928,1.126504102596200210e+04
663.0927083152421,1.129271039200184896e+04
663.1673016492832,1.132037975804169582e+04
663.2418237897235,1.133240991718945588e+04
663.3164110793576,1.132037975804169582e+04
663.3909359310869,1.137331245829183717e+04
663.4655171474956,1.139616976067258111e+04
663.5400358838839,1.137812452195094193e+04
663.6146198039338,1.140459087207601260e+04
663.6891500154543,1.149481706568420850e+04
663.763736622158,1.148278690653645026e+04
663.8382518588492,1.149361404976943231e+04
663.9128411292601,1.150444119300241618e+04
663.9873589874919,1.154414071819002311e+04
664.0619509026042,1.157060706831509378e+04
664.136471363353,1.155857690916733372e+04
664.211061492379,1.159947945026971684e+04
664.285584535613,1.160790056167314833e+04
664.3601640270679,1.159587040252538827e+04
664.4346852160202,1.166203627783806587e+04
664.5092142934612,1.166684834149717062e+04
664.5838042596656,1.167767548473015268e+04
664.6583226187805,1.168248754838925743e+04
664.7328488535421,1.176549564650879802e+04
664.8074315802052,1.180038310803730019e+04
664.881960314152,1.180760120352595550e+04
664.9565455552175,1.184970676054311480e+04
665.031072346548,1.184850374462833861e+04
665.1055937270582,1.186775199926475398e+04
665.1801096874939,1.186414295152042541e+04
665.2546998800744,1.191106057219668764e+04
665.3292271235769,1.191587263585579240e+04
665.4037489291384,1.201331692495264360e+04
665.4783361453115,1.201211390903786742e+04
665.5528603518749,1.197361739976503668e+04
665.6273790986409,1.197722644750936524e+04
665.7019056711048,1.202414406818562748e+04
665.7764932599148,1.207467073660621645e+04
665.8510088931856,1.211437026179382337e+04
665.9255412083346,1.210234010264606331e+04
666.0000591620371,1.211677629362337575e+04
666.0746470335703,1.214324264374844643e+04
666.1491717378727,1.219376931216903722e+04
666.2236953664843,1.220459645540201927e+04
666.2982179130853,1.217813010527694860e+04
666.3727393713534,1.222985978961231558e+04
666.4472686180028,1.224910804424873095e+04
666.5218500778012,1.227437137845902544e+04
666.5963682490049,1.230805582407275142e+04
666.670894195563,1.234655233334558216e+04
666.7454190261132,1.234294328560125359e+04
666.8199427343175,1.240670312908437882e+04
666.8944653138359,1.236940963572632609e+04
666.9689912068017,1.239828201768094732e+04
667.043515960381,1.243437249512422568e+04
667.1180440186909,1.247647805214138498e+04
667.1925664754452,1.248730519537436885e+04
667.2671501081187,1.250775646592556041e+04
667.3416747090137,1.253903487970973401e+04
667.4162025951904,1.253542583196540727e+04
667.4907159415177,1.252219265690287102e+04
667.5652459277131,1.255467408660182082e+04
667.6397747296355,1.263647916880658704e+04
667.7142934240692,1.262444900965882698e+04
667.7888198363478,1.261482488234061930e+04
667.8633405848258,1.265572742344300059e+04
667.9378645829604,1.267016361442031302e+04
668.0123873649534,1.270745710777836757e+04
668.0868509002132,1.267858472582374452e+04
668.1613801466233,1.273031441015910968e+04
668.235899230937,1.275798377619895655e+04
668.3104215399541,1.281091647644909972e+04
668.3849470702704,1.279527726955701110e+04
668.4594713500996,1.280610441278999497e+04
668.533998842422,1.280490139687521878e+04
668.6085250734534,1.283617981065939421e+04
668.683041094052,1.284339790614804951e+04
668.7575647813001,1.286866124035834400e+04
668.8320290343215,1.294324822707445310e+04
668.9065546155499,1.291196981329027949e+04
668.9810833808008,1.294084219524490254e+04
669.0555974212344,1.294204521115967691e+04
669.130128062917,1.304791061165996143e+04
669.2046529196529,1.305151965940429000e+04
669.2791182298785,1.300219600689847539e+04
669.3536314765041,1.305151965940429000e+04
669.4281657979723,1.304309854800085850e+04
669.5026898264498,1.308159505727368742e+04
669.57714526615,1.304189553208608231e+04
669.65167108008,1.310926442331353428e+04
669.7261910590614,1.308159505727368742e+04
669.8007186526492,1.312610664612039909e+04
669.8751865504684,1.316821220313755657e+04
669.949711403622,1.317182125088188513e+04
670.0242348833766,1.320189664875128256e+04
670.0987480026345,1.321633283972859499e+04
670.1732193096983,1.320189664875128256e+04
670.2477431098745,1.321272379198426643e+04
670.3222655128286,1.319106950551829868e+04
670.396728085964,1.325843839674575247e+04
670.471252157415,1.325001728534232097e+04
670.5457118658269,1.325723538083097628e+04
670.6202330875843,1.330174696967768614e+04
670.6947618784129,1.330294998559246233e+04
670.7692307481261,1.331377712882544620e+04
670.8437476587868,1.330655903333679089e+04
670.918213608017,1.327046855589351253e+04
670.9927321095302,1.334986760626872456e+04
671.0672536563986,1.335107062218350075e+04
671.1417196890736,1.332460427205843007e+04
671.216251808498,1.331137109699589382e+04
671.290714863808,1.333783744712096632e+04
671.3652395155675,1.338595808371200292e+04
671.4396995665256,1.337753697230857142e+04
671.5142212289395,1.337994300413812380e+04
671.5886872701645,1.337753697230857142e+04
671.6632104305353,1.333182236754708538e+04
671.7376734223737,1.339437919511543441e+04
671.812193546355,1.341603348158140216e+04
671.8866579770747,1.339317617920066004e+04
671.9611795549314,1.339919125877453916e+04
672.0356408881489,1.346776316591676732e+04
672.1101096909673,1.342926665664393840e+04
672.1846266277597,1.345452999085423289e+04
672.2590968192625,1.342686062481438603e+04
672.3336151557181,1.341603348158140216e+04
672.4080821944679,1.343648475213259371e+04
672.482543119204,1.343889078396214609e+04
672.5570657703272,1.348821443646795888e+04
672.63152802642,1.347618427732020064e+04
672.705997721871,1.349422951604183982e+04
672.7805155931686,1.343287570438826515e+04
672.854982065397,1.351949285025213430e+04
672.9294423823377,1.346535713408721676e+04
673.0039644745739,1.347738729323497500e+04
673.0784260583234,1.347498126140542445e+04
673.152895058153,1.346656015000199295e+04
673.2274213293804,1.348219935689407976e+04
673.3018779706365,1.352430491391123724e+04
673.3763374799411,1.352310189799646105e+04
673.4508043890924,1.345934205451333582e+04
673.5252650884476,1.349182348421228744e+04
673.5997967036512,1.349182348421228744e+04
673.6742585868221,1.352189888208168668e+04
673.748714237457,1.351708681842258193e+04
673.823186347847,1.350385364336004750e+04
673.8976385924067,1.350144761153049512e+04
673.9721663425748,1.351107173884870281e+04
674.0466287979216,1.353031999348511818e+04
674.1210895311846,1.347859030914975119e+04
674.1955530811653,1.352189888208168668e+04
674.2700239906791,1.346054507042811201e+04
674.3444795221271,1.350265062744527131e+04
674.4189469503236,1.347618427732020064e+04
674.49346722243,1.352430491391123724e+04
674.567935708377,1.352671094574078961e+04
674.6424024340591,1.348340237280885594e+04
674.7168582880072,1.350746269110437424e+04
674.7913214713103,1.346054507042811201e+04
674.8657783200656,1.351588380250780574e+04
674.940251601854,1.347016919774631970e+04
675.0147094269751,1.345092094310990433e+04
675.0891700095718,1.345693602268378527e+04
675.1636379044918,1.342084554524050691e+04
675.2380994327431,1.341362744975184978e+04
675.312554584676,1.339558221103021060e+04
675.3870261580195,1.339197316328588386e+04
675.4614822208301,1.337152189273469230e+04
675.5359547018315,1.340640935426319447e+04
675.610407090499,1.343046967255871459e+04
675.6848804576179,1.342204856115528128e+04
675.7593337130725,1.332099522431410151e+04
675.8338033782419,1.336069474950170843e+04
675.9082026566803,1.337513094047902086e+04
675.9826594431638,1.331257411291067001e+04
676.0571234944312,1.331016808108111945e+04
676.1315948098625,1.329091982644470409e+04
676.2060550986515,1.324279918985366567e+04
676.2805134951972,1.330054395376291177e+04
676.3549745673919,1.323558109436501036e+04
676.4293879803434,1.327888966729694403e+04
676.5038498052293,1.323317506253545798e+04
676.5783051376296,1.320670871241038731e+04
676.6527677036122,1.313091870977950202e+04
676.7272329229447,1.313573077343860496e+04
676.8016366634976,1.316941521905233276e+04
676.8761025828228,1.311046743922831047e+04
676.9505619772531,1.312851267794994965e+04
677.0250240043307,1.311046743922831047e+04
677.0994290601088,1.306715886629637680e+04
677.1738917427178,1.302024124562011457e+04
677.2483524582894,1.306234680263727205e+04
677.3227561481843,1.304069251617130612e+04
677.3972128974716,1.294926330664833404e+04
677.4716768389669,1.297212060902907615e+04
677.5461433813275,1.290715774963117474e+04
677.6205482371186,1.291196981329027949e+04
677.6950015852051,1.290595473371639855e+04
677.7694069841688,1.288430044725043263e+04
677.8438746703705,1.291076679737550330e+04
677.9183311477581,1.284820996980715427e+04
677.9927396296163,1.282414965151163415e+04
678.0672012294622,1.274715663296597450e+04
678.1416056066512,1.278685615815357960e+04
678.2160631125909,1.271106615552269432e+04
678.2905277690969,1.267738170990896833e+04
678.3649259468506,1.260399773910763543e+04
678.4393864750938,1.264610329612479472e+04
678.513798898065,1.259918567544853249e+04
678.5882598799376,1.255226805477227026e+04
678.6626543015428,1.253181678422107871e+04
678.7371249257566,1.259557662770420393e+04
678.8115243461227,1.246685392482317729e+04
678.8859815585386,1.252219265690287102e+04
678.9603905685974,1.239707900176617295e+04
679.0348481677615,1.238986090627751582e+04
679.1092529209583,1.233331915828304591e+04
679.1836509171139,1.235136439700468509e+04
679.2581113551571,1.232128899913528767e+04
679.3325235125415,1.229121360126588843e+04
679.4069842868593,1.222745375778276320e+04
679.481378280968,1.219737835991336397e+04
679.5557839509504,1.211677629362337575e+04
679.6302474888498,1.220579947131679546e+04
679.704648807749,1.215527280289620649e+04
679.7790525553501,1.214685169149277499e+04
679.8535234360058,1.205542248196980290e+04
679.9279135518302,1.207226470477666589e+04
680.0023245731195,1.201572295678219598e+04
680.076784258521,1.195436914512862313e+04
680.1511816092886,1.195797819287294988e+04
680.2255859851732,1.190384247670803234e+04
680.3000482943368,1.189181231756027228e+04
680.374448213023,1.187376707883863310e+04
680.4488412562114,1.179316501254864488e+04
680.5232552007656,1.182324041041804412e+04
680.5976576301395,1.174384136004283027e+04
680.6721226617578,1.173060818498029585e+04
680.7465159407645,1.168128453247448124e+04
680.8209254830051,1.166925437332672118e+04
680.8953281128896,1.163797595954254757e+04
680.969723820552,1.158384024337763003e+04
681.0441775310805,1.158384024337763003e+04
681.118582574998,1.156338897282643848e+04
681.1929806772104,1.152729849538316012e+04
681.2673996753556,1.145632055641137777e+04
681.3418070819359,1.140579388799078879e+04
681.4162075273074,1.139977880841690967e+04
681.4906056458781,1.141541801530899647e+04
681.5649921401839,1.137812452195094193e+04
681.6393995215485,1.130955261480871195e+04
681.7137999143118,1.133962801267811119e+04
681.7882165503345,1.127466515328020978e+04
681.8626680324036,1.131436467846781670e+04
681.9370706711479,1.120970229388230837e+04
682.0114662918298,1.121210832571186074e+04
682.0858781465969,1.115556657771739083e+04
682.1602876270566,1.113992737082530402e+04
682.234615600839,1.113030324350709634e+04
682.3090342611832,1.106774641593874730e+04
682.3834179373963,1.102924990666591657e+04
682.4578224911205,1.100278355654084589e+04
682.5322153211919,1.097270815867144665e+04
682.6066290312607,1.096789609501234190e+04
682.6810356664762,1.096188101543846278e+04
682.7554352169042,1.091376037884742436e+04
682.8298276726078,1.088849704463712987e+04
682.9042363415565,1.088729402872235369e+04
682.9786379060591,1.081030101017669222e+04
683.052985700029,1.078142862822207098e+04
683.1273776822683,1.075255624626744793e+04
683.2017812028357,1.074052608711968787e+04
683.2761822579863,1.068879640278432271e+04
683.3505948498541,1.073691703937535931e+04
683.4249816151049,1.066954814814790734e+04
683.4993378598623,1.060819433649433267e+04
683.5737336498651,1.067556322772178646e+04
683.6481222681783,1.058413401819881437e+04
683.7225270786547,1.055405862032941513e+04
683.7968779498492,1.054443449301120745e+04
683.8712683772519,1.050954703148270528e+04
683.9456749923205,1.048789274501673754e+04
684.0200089024875,1.045420829940301155e+04
684.0944244901342,1.041210274238585407e+04
684.1688141432852,1.040247861506764639e+04
684.2431731578488,1.040007258323809401e+04
684.3175670692367,1.039405750366421489e+04
684.3919584235521,1.035195194664705559e+04
684.4662956794946,1.032428258060720873e+04
684.5407193753053,1.027134988035706738e+04
684.6151123876289,1.016668749577155904e+04
684.689455939193,1.010653670003276238e+04
684.7638578398391,1.012337892283962537e+04
684.8382055615216,1.007525828624858696e+04
684.9125975757681,1.003555876106098003e+04
684.9870010616816,9.988641140384719620e+03
685.0613315458365,9.983829076725614868e+03
685.1357438810281,9.904430026350402841e+03
685.2100831760683,9.896008914946971345e+03
685.2844855664139,9.825030975975188994e+03
685.3588336587155,9.875557644395779789e+03
685.4332213760933,9.794955578105791574e+03
685.5075782509971,9.800970657679670694e+03
685.5819089583205,9.784128434872807702e+03
685.6563216044284,9.806985737253549814e+03
685.7306563603778,9.814203832742205122e+03
685.8050589720733,9.813000816827430754e+03
685.8794024621719,9.794955578105791574e+03
685.9537903041233,9.766083196151168522e+03
686.0281472199982,9.757662084747737026e+03
686.1024731844336,9.716759543645353915e+03
686.1768811733403,9.677060018457746992e+03
686.2512158243778,9.622924302292829452e+03
686.3255665827462,9.569991602042688100e+03
686.3999617223745,9.550743347406272733e+03
686.4742975925424,9.551946363321048921e+03
686.5486495653337,9.502622710815234313e+03
686.6230412185406,9.489389535752699885e+03
686.6973829775881,9.441268899161661466e+03
686.7717408365776,9.399163342144502167e+03
686.8460676249846,9.401569373974054542e+03
686.920476563722,9.391945246655846859e+03
686.9948119535088,9.322170323598842515e+03
687.0691634335083,9.294500957558995651e+03
687.1434837923248,9.274049687007804096e+03
687.2178910716232,9.223523018587213301e+03
687.2922436114384,9.186229525229158753e+03
687.3665697193694,9.206680795780350309e+03
687.4409071790424,9.183823493399608196e+03
687.5152607193801,9.105627458939170538e+03
687.5896114344212,9.118860634001706785e+03
687.6639309442114,9.049085710944700622e+03
687.7383327394424,9.002168090268438391e+03
687.8126844041321,8.988934915205903962e+03
687.8870284875072,8.943220310444417919e+03
687.9613649794371,8.939611262700089355e+03
688.0357175394452,8.914347928489794867e+03
688.1100388231959,8.891490626109050936e+03
688.1843761649789,8.860212212324877328e+03
688.2587343070002,8.819309671222494217e+03
688.3330800913666,8.784422209693992045e+03
688.4074182439083,8.797655384756528292e+03
688.4817534945465,8.718256334381314446e+03
688.556104800579,8.750737764080266061e+03
688.6304200038998,8.725474429869969754e+03
688.7047797093452,8.703820143404003829e+03
688.7791080338786,8.662917602301620718e+03
688.8534524038824,8.607578870221926991e+03
688.9277890934775,8.631639188517447110e+03
689.0021418286908,8.601563790648047870e+03
689.0764868733971,8.591939663329840187e+03
689.1507577273879,8.522164740272834024e+03
689.2250873462091,8.493292358318212791e+03
689.2994377520117,8.573894424608201007e+03
689.3737756865256,8.487277278744331852e+03
689.4481106432635,8.399457116965688328e+03
689.5224616327603,8.412690292028222757e+03
689.5968001275772,8.457201880874932613e+03
689.6710880627454,8.380208862329272961e+03
689.745415792651,8.363366639522409969e+03
689.8197595452868,8.350133464459873721e+03
689.8941002876792,8.324870130249579233e+03
689.968380885931,8.339306321226889850e+03
690.0427250973174,8.239456000300486266e+03
690.1170662811704,8.273140445914212250e+03
690.1913949030705,8.263516318596004567e+03
690.2656966557213,8.212989650175415591e+03
690.3400334706062,8.223816793408399462e+03
690.4143672314507,8.212989650175415591e+03
690.4886454859029,8.204568538771984095e+03
690.5629874122526,8.103515201930804324e+03
690.6373214994773,8.131184567970651187e+03
690.7116000290887,8.135996631629755029e+03
690.7859422563533,8.108327265589908166e+03
690.8602336681432,8.080657899550061302e+03
690.9345601567937,8.059003613084093558e+03
691.0089026400582,8.060206628998869746e+03
691.0831942596561,8.015695040152159891e+03
691.157520963373,8.039755358447678191e+03
691.2318206545044,8.006070912833952207e+03
691.3061602170517,7.974792499049777689e+03
691.380444070193,7.956747260328137600e+03
691.45476779478,7.906220591907547714e+03
691.5290596795087,7.930280910203066924e+03
691.6033914459812,7.924265830629186894e+03
691.6776674311591,7.891784400930237098e+03
691.7520072241363,7.877348209952925572e+03
691.8262959912287,7.868927098549493167e+03
691.900643801485,7.841257732509646303e+03
691.9749166156074,7.820806461958455657e+03
692.0492005879099,7.842460748424422491e+03
692.123529252891,7.799152175492488823e+03
692.1978259721524,7.812385350555024161e+03
692.2721578136724,7.764264713963985741e+03
692.3464385130854,7.759452650304881900e+03
692.4207159769667,7.776294873111745801e+03
692.4950525395182,7.743813443412795095e+03
692.56933311711,7.734189316094587411e+03
692.6436056440851,7.732986300179811224e+03
692.7179660817585,7.713738045543395856e+03
692.7922272967613,7.683662647673997526e+03
692.8665236380322,7.631932963338631453e+03
692.9407927013435,7.652384233889822099e+03
693.0151497288059,7.649978202060270633e+03
693.089421837627,7.619902804190871393e+03
693.1636906489606,7.627120899679527611e+03
693.2379753787236,7.548924865219090862e+03
693.3122568047582,7.581406294918041567e+03
693.3865926140129,7.556142960707746170e+03
693.4608818498604,7.540503753815659366e+03
693.5351581466051,7.516443435520140156e+03
693.6094263017561,7.556142960707746170e+03
693.6837151767944,7.479149942162085608e+03
693.7579910889119,7.475540894417757954e+03
693.8322636527323,7.509225340031483938e+03
693.906552121247,7.475540894417757954e+03
693.9808998444166,7.452683592037014932e+03
694.0551719756728,7.483962005821189450e+03
694.1294600063287,7.434638353315375753e+03
694.2037398455482,7.412984066849408009e+03
694.2780114829652,7.432232321485823377e+03
694.3522990144666,7.400953907701648859e+03
694.426583156023,7.366066446173145778e+03
694.5008542537265,7.412984066849408009e+03
694.5751412401826,7.387720732639113521e+03
694.6494248189764,7.331178984644643606e+03
694.723700156412,7.258998029758086886e+03
694.7979624146619,7.285464379883157562e+03
694.8721970948218,7.331178984644643606e+03
694.9464717871994,7.310727714093452050e+03
695.0207623596758,7.268622157076294570e+03
695.0950205016327,7.284261363968381374e+03
695.1693186762369,7.224110568229583805e+03
695.2435843995215,7.179598979382873949e+03
695.3178708269531,7.212080409081824655e+03
695.3921441168008,7.195238186274961663e+03
695.4663655616765,7.177192947553321574e+03
695.5406463919401,7.159147708831682394e+03
695.6149237361514,7.130275326877060252e+03
695.6892121064967,7.163959772490786236e+03
695.7634969823528,7.156741677002130928e+03
695.8377008859716,7.105011992666764854e+03
695.9119932631442,7.085763738030349487e+03
695.9862772860863,7.083357706200798020e+03
696.06048026933,7.086966753945125674e+03
696.134771767185,7.065312467479158840e+03
696.2090548898484,7.037643101439311977e+03
696.2833296268801,7.068921515223486495e+03
696.3575523255896,7.040049133268863443e+03
696.4318151008928,7.044861196927967285e+03
696.5060403540568,6.964259130637979069e+03
696.58033480532,6.976289289785738220e+03
696.6545965750922,6.978695321615289686e+03
696.7288256373972,6.955838019234546664e+03
696.8030899410923,6.970274210211858190e+03
696.8773263707111,6.931777700939028364e+03
696.9516029071826,6.910123414473060620e+03
697.0258758450395,6.926965637279924522e+03
697.1000868630892,6.911326430387836808e+03
697.1743865928445,6.884860080262766132e+03
697.248609793035,6.887266112092317599e+03
697.3228682493078,6.857190714222919269e+03
697.3970987519848,6.846363570989935397e+03
697.4713645187727,6.847566586904711585e+03
697.5456023130668,6.855987698308143081e+03
697.6198072452165,6.842754523245607743e+03
697.6941009834452,6.798242934398897887e+03
697.7683131711979,6.788618807080690203e+03
697.8425898466292,6.803054998058001729e+03
697.9168092738975,6.785009759336361640e+03
697.9910201305657,6.732077059086220288e+03
698.0653003733468,6.736889122745324130e+03
698.1395184438109,6.741701186404427972e+03
698.2138010478819,6.754934361466963310e+03
698.2880311962213,6.723655947682788792e+03
698.3622527442063,6.721249915853236416e+03
698.4364656813189,6.698392613472493395e+03
698.510738305446,6.694783565728165740e+03
698.5849584048053,6.691174517983838086e+03
698.6591698720874,6.656287056455335005e+03
698.7334703424422,6.664708167858766501e+03
698.8076889513259,6.659896104199663569e+03
698.8818989069066,6.662302136029215035e+03
698.9561050840433,6.610572451693848961e+03
699.030322134609,6.683956422495181869e+03
699.1046038227042,6.628617690415488141e+03
699.1788328602486,6.592527212972209782e+03
699.2530532146016,6.593730228886985969e+03
699.3272599846256,6.637038801818919637e+03
699.4014873980228,6.616587531267728991e+03
699.4757061069474,6.569669910591466760e+03
699.5499161008405,6.638241817733695825e+03
699.6241418428359,6.554030703699379046e+03
699.6983588590565,6.588918165227882128e+03
699.7726405911895,6.534782449062964588e+03
699.8468646290141,6.546812608210723738e+03
699.9210848186354,6.542000544551619896e+03
699.9952913527262,6.558842767358482888e+03
700.0695185244031,6.501098003449237694e+03
700.1437320277023,6.499894987534461507e+03
700.2179661702849,6.509519114852669190e+03
700.2921670152689,6.511925146682221566e+03
700.3663345364773,6.523955305829980716e+03
700.4405423002715,6.497488955704910040e+03
700.5147657911945,6.462601494176406959e+03
700.5889804729994,6.432526096307008629e+03
700.6632108815323,6.426511016733128599e+03
700.7374324701444,6.463804510091183147e+03
700.81164522823,6.479443716983270861e+03
700.8858540575908,6.450571335028647809e+03
700.9600736910871,6.452977366858199275e+03
701.034240242214,6.391623555204626427e+03
701.1084716450022,6.381999427886418744e+03
701.1826646876575,6.384405459715970210e+03
701.2569029402329,6.413277841670593261e+03
701.3311077280009,6.378390380142091090e+03
701.4052790247227,6.355533077761347158e+03
701.4794906151762,6.367563236909107218e+03
701.5537179110803,6.327863711721500295e+03
701.6278673838922,6.366360220994331030e+03
701.7020768472739,6.332675775380604136e+03
701.776302010223,6.313427520744189678e+03
701.8505182480137,6.355533077761347158e+03
701.9246812071539,6.323051648062397362e+03
701.9989091214585,6.327863711721500295e+03
702.0730492261018,6.309818472999861115e+03
702.147283874415,6.305006409340757273e+03
702.2215095672381,6.277337043300910409e+03
702.2956523110257,6.307412441170309648e+03
702.3698847114229,6.280946091045238973e+03
702.4440341206173,6.265306884153151259e+03
702.5182485406029,6.248464661346288267e+03
702.5924786440079,6.264103868238375071e+03
702.6666306251165,6.232825454454200553e+03
702.7408427059752,6.201547040670026036e+03
702.8150013114393,6.220795295306441403e+03
702.8892200349155,6.234028470368976741e+03
702.9633852532902,6.201547040670026036e+03
703.0375414112833,6.197937992925698381e+03
703.1117577094595,6.167862595056299142e+03
703.1859204527385,6.217186247562112840e+03
703.2601235714659,6.160644499567643834e+03
703.3342928843769,6.171471642800626796e+03
703.4085025826428,6.143802276760779932e+03
703.482658658175,6.138990213101676090e+03
703.5568254210807,6.108914815232277761e+03
703.6310325789715,6.117335926635709257e+03
703.7052108243134,6.111320847061829227e+03
703.7793551808122,6.128163069868693128e+03
703.8535845204474,6.071621321874223213e+03
703.9277353723147,6.110117831147053948e+03
704.0019018493869,6.074027353703775589e+03
704.0760542132163,6.063200210470791717e+03
704.1502767406283,6.069215290044671747e+03
704.2244157321018,6.064403226385567905e+03
704.2985752975638,6.046357987663928725e+03
704.3727455222629,6.035530844430944853e+03
704.4469065581811,6.061997194556015529e+03
704.5211080295742,5.985004176010354968e+03
704.5952804534251,6.003049414731994148e+03
704.6694387032167,6.051170051323031657e+03
704.7435926983363,6.009064494305874177e+03
704.8177573342106,5.991019255584234998e+03
704.891917706452,5.966958937288715788e+03
704.9660688376695,5.965755921373939600e+03
705.0402107171044,5.974177032777371096e+03
705.114442771257,5.982598144180802592e+03
705.1885910002947,5.903199093805590564e+03
705.2627548254902,5.928462428015885052e+03
705.3369093767561,5.948913698567076608e+03
705.4110795235591,5.905605125635142031e+03
705.485220476971,5.893574966487382881e+03
705.5593969294841,5.922447348442005023e+03
705.6335441691415,5.936883539419316548e+03
705.7077020144703,5.879138775510071355e+03
705.7818057106044,5.938086555334092736e+03
705.8559498827009,5.886356870998726663e+03
705.9301096345012,5.887559886913502851e+03
706.0042849709166,5.874326711850967513e+03
706.0784260421825,5.857484489044103611e+03
706.1525826869397,5.837033218492912965e+03
706.2267549100956,5.835830202578136777e+03
706.3008928304606,5.846657345811120649e+03
706.3750014111765,5.837033218492912965e+03
706.4491704615375,5.849063377640672115e+03
706.5233051714449,5.855078457214552145e+03
706.5974853991634,5.806957820623513726e+03
706.6716262730434,5.829815123004256748e+03
706.745737753195,5.776882422754115396e+03
706.8198897594285,5.820190995686049973e+03
706.8940323424436,5.805754804708738448e+03
706.9681405012132,5.778085438668891584e+03
707.0422891955021,5.784100518242770704e+03
707.1164534452462,5.800942741049634606e+03
707.19055823756,5.781694486413219238e+03
707.2647035748213,5.775679406839339208e+03
707.3388694645195,5.800942741049634606e+03
707.4129708410553,5.779288454583666862e+03
707.4871177773351,5.784100518242770704e+03
707.5612752521206,5.758837184032476216e+03
707.6353781699282,5.770867343180235366e+03
707.7095466962406,5.772070359095011554e+03
707.7836305801062,5.787709565987099268e+03
707.857775071609,5.764852263606356246e+03
707.9318899937977,5.696280356464126271e+03
708.0060455013667,5.781694486413219238e+03
708.080146353211,5.713122579270990173e+03
708.1543078510902,5.741994961225612315e+03
708.2283845678539,5.785303534157546892e+03
708.3025520377458,5.758837184032476216e+03
708.3766397017445,5.719137658844869293e+03
708.4508131326904,5.746807024884716157e+03
708.5249067170731,5.727558770248301698e+03
708.5989906956581,5.729964802077853165e+03
708.673160478897,5.713122579270990173e+03
708.7472503492967,5.721543690674421669e+03
708.8213557131089,5.695077340549350993e+03
708.8955017018351,5.711919563356213985e+03
708.9696129404151,5.715528611100541639e+03
709.0436944296144,5.651768767617416415e+03
709.1178618009762,5.689062260975470963e+03
709.1919440994113,5.739588929396060848e+03
709.266041878377,5.679438133657263279e+03
709.3401601743607,5.658986863106071723e+03
709.4143140934323,5.695077340549350993e+03
709.4884130457813,5.636129560725328702e+03
709.5625023052012,5.660189879020847911e+03
709.6366020041326,5.634926544810553423e+03
709.71069703359,5.684250197316367121e+03
709.7848579170291,5.691468292805022429e+03
709.8589587159314,5.663798926765175565e+03
709.9330497882937,5.640941624384432544e+03
710.0071361642808,5.657783847191296445e+03
710.0812329625695,5.606054162855930372e+03
710.1553452280508,5.652971783532192603e+03
710.2294275672397,5.633723528895777235e+03
710.3035203190468,5.610866226515034214e+03
710.3776335778801,5.621693369748018085e+03
710.4517320198205,5.597633051452498876e+03
710.5258257276931,5.640941624384432544e+03
710.599909644176,5.619287337918465710e+03
710.6740090111854,5.622896385662793364e+03
710.7480985754111,5.586805908219515004e+03
710.8222035892967,5.592820987793395034e+03
710.8962987889969,5.584399876389963538e+03
710.9704094374856,5.578384796816083508e+03
711.0444849811654,5.559136542179668140e+03
711.1186012467011,5.575978764986531132e+03
711.1926874434225,5.538685271628477494e+03
711.2667840197356,5.561542574009220516e+03
711.3408251965476,5.580790828645634974e+03
711.4149070955419,5.503797810099974413e+03
711.4890246751831,5.566354637668324358e+03
711.5631121310784,5.532670192054597464e+03
711.6372150180558,5.529061144310269810e+03
711.7112320343467,5.525452096565941247e+03
711.7853404449295,5.513421937418182097e+03
711.8594389533098,5.537482255713701306e+03
711.9335275484821,5.527858128395493623e+03
712.0075605935059,5.497782730526094383e+03
712.0816546727544,5.485752571378335233e+03
712.1557641746032,5.480940507719231391e+03
712.2297927223119,5.443647014361176844e+03
712.3038823260575,5.478534475889679925e+03
712.377992420552,5.458083205338488369e+03
712.4520164203059,5.460489237168039836e+03
712.5261268825731,5.432819871128192972e+03
712.6001562828156,5.453271141679384527e+03
712.6742518579922,5.440037966616849189e+03
712.7483628435643,5.448459078020280685e+03
712.8223876211747,5.421992727895210010e+03
712.8964785986809,5.405150505088346108e+03
712.9705138140855,5.402744473258794642e+03
713.0446101673241,5.395526377770139334e+03
713.1186507279195,5.413571616491778514e+03
713.19275244439,5.369060027645067748e+03
713.2667983376626,5.405150505088346108e+03
713.3408290765726,5.406353521003122296e+03
713.4149057221886,5.387105266366706928e+03
713.4889468476811,5.364247963985963906e+03
713.5630542605719,5.329360502457461735e+03
713.6370752139885,5.349811773008652381e+03
713.71111152602,5.336578597946117043e+03
713.7852141503761,5.322142406968805517e+03
713.8592557248019,5.332969550201789389e+03
713.93328717658,5.357029868497308598e+03
714.0073900636712,5.330563518372237922e+03
714.0814267494405,5.313721295565374021e+03
714.1554583900697,5.335375582031341764e+03
714.2295512937391,5.283645897695975691e+03
714.3035881409775,5.308909231906270179e+03
714.3776148223176,5.302894152332391059e+03
714.451651744311,5.319736375139254051e+03
714.5256835921462,5.305300184161942525e+03
714.5997818492889,5.272818754462991819e+03
714.6738188625989,5.239134308849264926e+03
714.7478712188952,5.290863993184630999e+03
714.8218929356141,5.239134308849264926e+03
714.8959248750398,5.227104149701505776e+03
714.9699721505816,5.221089070127625746e+03
715.044014315487,5.237931292934489647e+03
715.1180411339378,5.247555420252697331e+03
715.1920883966163,5.283645897695975691e+03
715.2661714596333,5.241540340678817302e+03
715.3402238179556,5.227104149701505776e+03
715.4142403295658,5.215073990553746626e+03
715.488267040557,5.252367483911801173e+03
715.5623141930947,5.233119229275385806e+03
715.6363510669913,5.207855895065090408e+03
715.7103315493897,5.193419704087778882e+03
715.784373440411,5.237931292934489647e+03
715.8584050299637,5.181389544940019732e+03
715.932426306901,5.198231767746882724e+03
716.0064680199878,5.197028751832107446e+03
716.080494283165,5.198231767746882724e+03
716.1545409835085,5.189810656343451228e+03
716.2285722201125,5.176577481280915890e+03
716.3025469314863,5.162141290303604364e+03
716.3765882447348,5.172968433536588236e+03
716.4506192011959,5.175374465366139702e+03
716.5246654600803,5.136877956093309876e+03
716.5987013504475,5.140487003837637531e+03
716.6726754991479,5.158532242559276710e+03
716.7467162946405,5.148908115241069027e+03
716.8207466986998,5.152517162985396681e+03
716.8947667001454,5.126050812860326005e+03
716.9687557260248,5.112817637797790667e+03
717.0427805919613,5.159735258474052898e+03
717.116825887731,5.145299067496741372e+03
717.1908093232216,5.126050812860326005e+03
717.2648286044712,5.146502083411517560e+03
717.3388168541977,5.145299067496741372e+03
717.4128461038251,5.091163351331823833e+03
717.4868906346427,5.127253828775102193e+03
717.5608474726536,5.121238749201222163e+03
717.6348968087937,5.120035733286445975e+03
717.7088584084709,5.100787478650030607e+03
717.7828867763504,5.094772399076151487e+03
717.8568840385082,5.116426685542118321e+03
717.9309171761972,5.093569383161375299e+03
718.0048882559898,5.079133192184063773e+03
718.0789313004857,5.049057794314665443e+03
718.1528864689565,5.109208590053463013e+03
718.2268775063203,5.074321128524959931e+03
718.300914749167,5.076727160354512307e+03
718.3748898482226,5.043042714740785414e+03
718.4489059941204,5.064697001206752248e+03
718.5228857662477,5.071915096695408465e+03
718.5968549564894,5.099584462735255329e+03
718.6708910267723,5.062290969377200781e+03
718.7448648651658,5.089960335417047645e+03
718.8188539335962,5.034621603337353918e+03
718.8928117241455,5.023794460104370046e+03
718.9668571028507,5.058681921632873127e+03
719.040845353585,5.031012555593026264e+03
719.1148178064504,5.077930176269287585e+03
719.1887847916446,5.044245730655561601e+03
719.2628187285492,5.026200491933922422e+03
719.3367851179871,5.033418587422577730e+03
719.4107718973806,5.040636682911233038e+03
719.4847480151196,5.000937157723627024e+03
719.55871345993,5.006952237297507054e+03
719.6326941140954,5.015373348700938550e+03
719.7066692631995,4.974470807598556348e+03
719.780706250103,4.990110014490643152e+03
719.8546807424774,4.979282871257660190e+03
719.9286497097812,4.994922078149746994e+03
720.0026286960333,5.017779380530490016e+03
720.0766021474149,5.003343189553179400e+03
720.1505856143327,4.968455728024676318e+03
720.2245376004026,4.976876839428107814e+03
720.298530717732,4.963643664365572477e+03
720.3725079039693,4.960034616621244822e+03
720.446479525475,4.935974298325725613e+03
720.5204403826414,4.948004457473485672e+03
720.5943696939084,4.956425568876917168e+03
720.6683349523433,4.921538107348414087e+03
720.7423153966341,4.929959218751845583e+03
720.816285052651,4.960034616621244822e+03
720.890249105901,4.920335091433638809e+03
720.9642231419422,4.934771282410949425e+03
721.0382175601698,4.917929059604086433e+03
721.1121179678518,4.898680804967671065e+03
721.1860907374653,4.954019537047364793e+03
721.2600786851124,4.891462709479015757e+03
721.334050596095,4.886650645819911915e+03
721.4079648215145,4.892665725393791945e+03
721.4819202230957,4.873417470757376577e+03
721.5559168215076,4.849357152461857368e+03
721.6298296575088,4.863793343439168893e+03
721.7038045147077,4.866199375268720360e+03
721.777768491748,4.844545088802753526e+03
721.8516746809869,4.848154136547081180e+03
721.9256689717006,4.826499850081114346e+03
721.9996263053706,4.821687786422010504e+03
722.0735518685187,4.845748104717529714e+03
722.1475134315792,4.837326993314098218e+03
722.221443203523,4.814469690933355196e+03
722.2954141996532,4.851763184291408834e+03
722.369322077151,4.786800324893508332e+03
722.4432972736668,4.807251595444698978e+03
722.5172093181159,4.785597308978732144e+03
722.5911887015628,4.775973181660524460e+03
722.665104899496,4.778379213490075927e+03
722.7390623388185,4.759130958853661468e+03
722.8129878959985,4.757927942938885280e+03
722.8869756086152,4.755521911109332905e+03
722.9608791618889,4.748303815620677597e+03
723.0347925998112,4.777176197575300648e+03
723.1087786701618,4.739882704217246101e+03
723.1826700550422,4.736273656472917537e+03
723.2565817737539,4.717025401836503079e+03
723.3305609227724,4.713416354092174515e+03
723.4044767103132,4.713416354092174515e+03
723.4783814349788,4.718228417751278357e+03
723.5523797909511,4.706198258603519207e+03
723.6262885587613,4.701386194944415365e+03
723.7001862401456,4.683340956222776185e+03
723.7741042546204,4.670107781160240847e+03
723.8480321309023,4.694168099455760057e+03
723.9220013141903,4.670107781160240847e+03
723.9959122328532,4.640032383290841608e+03
724.0698330025856,4.665295717501137005e+03
724.1437478932739,4.656874606097705509e+03
724.2176516517817,4.614769049080547120e+03
724.2915652506016,4.650859526523825480e+03
724.3654729499798,4.614769049080547120e+03
724.4393957341822,4.631611271887410112e+03
724.51330736185,4.638829367376066330e+03
724.587207821535,4.624393176398754804e+03
724.6611286098097,4.626799208228306270e+03
724.7350592296857,4.609956985421443278e+03
724.80895240124,4.602738889932787060e+03
724.882865897012,4.606347937677115624e+03
724.9567892135801,4.588302698955476444e+03
725.0307013255602,4.602738889932787060e+03
725.1046074792529,4.606347937677115624e+03
725.1785287017594,4.603941905847563248e+03
725.2524334382222,4.602738889932787060e+03
725.326358500832,4.591911746699804098e+03
725.4002723250796,4.534166982790557995e+03
725.4741222682113,4.578678571637268760e+03
725.5480398915687,4.565445396574732513e+03
725.6219462528422,4.540182062364438025e+03
725.6958676722687,4.591911746699804098e+03
725.769783084779,4.557024285171301017e+03
725.8436292602167,4.554618253341749551e+03
725.9175431603215,4.585896667125924068e+03
725.9914510329734,4.535369998705334183e+03
726.0653686850188,4.567851428404284889e+03
726.1392275716657,4.511309680409814973e+03
726.2131278556831,4.524542855472350311e+03
726.2870379081896,4.522136823642798845e+03
726.3608891425325,4.500482537176832011e+03
726.4348081680206,4.526948887301902687e+03
726.50866306773,4.563039364745181047e+03
726.5825857784921,4.523339839557575033e+03
726.6564232085193,4.518527775898471191e+03
726.730349586392,4.501685553091607289e+03
726.8042645953695,4.498076505347279635e+03
726.8781153887404,4.495670473517728169e+03
726.9520393221525,4.493264441688175793e+03
727.0258672943038,4.498076505347279635e+03
727.0997948515045,4.475219202966536614e+03
727.1736528398144,4.475219202966536614e+03
727.2475046789152,4.478828250710864268e+03
727.3214244199837,4.480031266625640455e+03
727.3952533686669,4.443940789182362096e+03
727.4691766890326,4.496873489432503447e+03
727.5430356383624,4.481234282540416643e+03
727.6168831154938,4.454767932415345058e+03
727.6907985389481,4.470407139307432772e+03
727.7646495352022,4.433113645949378224e+03
727.838494332822,4.459579996074448900e+03
727.9123488191613,4.445143805097138284e+03
727.986271291593,4.452361900585793592e+03
728.0601080662049,4.416271423142515232e+03
728.1339810274446,4.430707614119826758e+03
728.2078212555151,4.375368882040133030e+03
728.2817295008361,4.441534757352809720e+03
728.3555996998778,4.381383961614012151e+03
728.429453049297,4.394617136676548398e+03
728.5033054557948,4.388602057102668368e+03
728.577140989502,4.375368882040133030e+03
728.6509914915385,4.389805073017444556e+03
728.7248569664563,4.397023168506099864e+03
728.7987108614303,4.381383961614012151e+03
728.872558477417,4.368150786551476813e+03
728.9464688832253,4.375368882040133030e+03
729.0203145595359,4.348902531915061445e+03
729.0941805149681,4.399429200335651331e+03
729.1680295392798,4.324842213619543145e+03
729.2418722535059,4.345293484170733791e+03
729.3156767351837,4.338075388682078483e+03
729.3895227579071,4.320030149960439303e+03
729.4633837365335,4.324842213619543145e+03
729.5372330643772,4.293563799835367718e+03
729.6110920231105,4.324842213619543145e+03
729.6849499652391,4.307999990812679243e+03
729.7587909091665,4.303187927153575401e+03
729.832646799371,4.289954752091040064e+03
729.9064377258716,4.291157768005816251e+03
729.9802755476569,4.258676338306865546e+03
730.0541496290818,4.276721577028504726e+03
730.1279906863275,4.238225067755673990e+03
730.2018413503896,4.270706497454624696e+03
730.2756322932343,4.241834115500002554e+03
730.3494914925877,4.241834115500002554e+03
730.4233389576001,4.232209988181794870e+03
730.497121314011,4.223788876778363374e+03
730.5709933006522,4.203337606227171818e+03
730.6448321837362,4.222585860863587186e+03
730.7186379386568,4.228600940437466306e+03
730.7924799682986,4.200931574397619443e+03
730.8662835069548,4.193713478908964134e+03
730.940128667791,4.199728558482844164e+03
731.0139673771906,4.194916494823740322e+03
731.0877622124666,4.179277287931652609e+03
731.1616307539186,4.143186810488374249e+03
731.2354072830598,4.119126492192855039e+03
731.3092735761231,4.163638081039565805e+03
731.3830531589755,4.173262208357772579e+03
731.4569011330443,4.129953635425838911e+03
731.5307105078027,4.110705380789423543e+03
731.6044812553652,4.125141571766735069e+03
731.6783471861277,4.093863157982560097e+03
731.7521477148499,4.086645062493904788e+03
731.8259899112759,4.104690301215543514e+03
731.899766660658,4.095066173897336284e+03
731.9735636445379,4.058975696454057925e+03
732.0473701527895,4.077020935175697105e+03
732.1212183467612,4.064990776027937500e+03
732.195006386356,4.079426967005249026e+03
732.2688093011474,4.063787760113161312e+03
732.3426485486638,4.056569664624506004e+03
732.4164544099781,4.054163632794954083e+03
732.4902214949792,4.034915378158538715e+03
732.5640302732379,4.036118394073314448e+03
732.6378270896475,4.015667123522123347e+03
732.7116656191168,3.996418868885708434e+03
732.7854653361854,4.033712362243762527e+03
732.8592530670325,4.004839980289139930e+03
732.9330341718326,4.002433948459588009e+03
733.0068247610646,4.018073155351675268e+03
733.0806302100424,3.978373630164068800e+03
733.1544290226378,3.981982677908396909e+03
733.2282104378809,4.010855059863019505e+03
733.3020120820065,3.954313311868550045e+03
733.3758016923423,3.962734423271981541e+03
733.4495738776542,3.948298232294670015e+03
733.5233662868974,3.932659025402582756e+03
733.5971735461529,3.949501248209446203e+03
733.6709687462483,3.944689184550342361e+03
733.7447518754218,3.937471089061686598e+03
733.818549846392,3.933862041317358944e+03
733.8923357337387,3.919425850340047418e+03
733.9660610421337,3.903786643447960159e+03
734.039849657903,3.890553468385424821e+03
734.113653111708,3.885741404726320980e+03
734.1874498467755,3.925440929913926993e+03
734.2612290717857,3.871305213749009454e+03
734.3349476318791,3.861681086430801770e+03
734.4087618993168,3.873711245578561375e+03
734.4825316665394,3.874914261493337108e+03
734.5563216510071,3.854462990942146007e+03
734.6300724954872,3.850853943197818353e+03
734.7038651403906,3.853259975027370274e+03
734.7776456166251,3.821981561243195301e+03
734.8513869120628,3.825590608987523410e+03
734.9251700158896,3.818372513498867647e+03
734.99889230638,3.840026799964834481e+03
735.0727050353661,3.827996640817075331e+03
735.1464785471829,3.806342354351108042e+03
735.220218219237,3.789500131544244596e+03
735.2939943121419,3.781079020140813100e+03
735.367736543824,3.803936322521556122e+03
735.4415206118363,3.777469972396485446e+03
735.5152599796714,3.781079020140813100e+03
735.5890466014831,3.760627749589621999e+03
735.662766849309,3.799124258862452280e+03
735.7365830712438,3.784688067885140754e+03
735.8103058246913,3.760627749589621999e+03
735.8840433540496,3.734161399464550868e+03
735.957822745456,3.740176479038430898e+03
736.0315681756952,3.746191558612310473e+03
736.1052958754302,3.734161399464550868e+03
736.1790654451154,3.731755367634998947e+03
736.252801015933,3.767845845078277762e+03
736.326545937147,3.730552351720223214e+03
736.4003381699183,3.734161399464550868e+03
736.4740584115469,3.726943303975895105e+03
736.5477988397872,3.712507112998584034e+03
736.6215269056551,3.751003622271414315e+03
736.6952425972906,3.716116160742911688e+03
736.7690544685436,3.705289017509928271e+03
736.8427725447069,3.676416635555305220e+03
736.9165053742005,3.701679969765600163e+03
736.9902258037228,3.696867906106496321e+03
737.0639609845649,3.682431715129185250e+03
737.137689186275,3.675213619640529487e+03
737.2114267046566,3.684837746958737171e+03
737.2851517972983,3.651153301345010277e+03
737.358897074205,3.669198540066649457e+03
737.4326244765816,3.677619651470081408e+03
737.5063448675909,3.636717110367699206e+03
737.5800799995792,3.657168380918890307e+03
737.6538026703106,3.642732189941578781e+03
737.7275346375662,3.648747269515458356e+03
737.8012595719805,3.629499014879043443e+03
737.8749992432967,3.621077903475611492e+03
737.9487264275168,3.630702030793819176e+03
738.022468346593,3.637920126282474939e+03
738.0961977656417,3.607844728413076155e+03
738.169865632222,3.621077903475611492e+03
738.2435972558687,3.588596473776660787e+03
738.3173218057595,3.629499014879043443e+03
738.3910556298822,3.623483935305163413e+03
738.4647823694751,3.600626632924420392e+03
738.5384638351453,3.595814569265316550e+03
738.612192738524,3.586190441947108866e+03
738.685909081362,3.611453776157404263e+03
738.7595855634423,3.571754250969797795e+03
738.8332985789483,3.547693932674278585e+03
738.9070317658445,3.558521075907262002e+03
738.9807032179243,3.538069805356070901e+03
739.0544385201678,3.564536155481142032e+03
739.1281065918952,3.540475837185622822e+03
739.2018439933116,3.534460757611743247e+03
739.2755687822585,3.518821550719655988e+03
739.3492317494262,3.507994407486672117e+03
739.4229859424029,3.512806471145775959e+03
739.4966509491076,3.526039646208311751e+03
739.5703798618135,3.507994407486672117e+03
739.6440468874771,3.538069805356070901e+03
739.7177778366447,3.464685834554737994e+03
739.791446866122,3.488746152850257204e+03
739.8651032005454,3.486340121020705283e+03
739.9388289543585,3.491152184679809125e+03
740.0125146409633,3.470700914128618024e+03
740.086187618405,3.456264723151306498e+03
740.1599026583724,3.455061707236530310e+03
740.2335830692062,3.455061707236530310e+03
740.3072452674804,3.441828532173994972e+03
740.3809769441689,3.427392341196683446e+03
740.4546465508478,3.418971229793251950e+03
740.5283253357537,3.398519959242060850e+03
740.6019968452496,3.411753134304596188e+03
740.6757323886792,3.385286784179525512e+03
740.7493783611862,3.386489800094301245e+03
740.8230664214437,3.393707895582957008e+03
740.8967416974003,3.375662656861317828e+03
740.9704041770528,3.366038529543110144e+03
741.0440813057113,3.378068688690869749e+03
741.1177456249695,3.356414402224902460e+03
741.1914740338814,3.329948052099831784e+03
741.265145682029,3.326339004355503675e+03
741.3387990020083,3.319120908866847913e+03
741.4124669600711,3.299872654230433000e+03
741.4861550585991,3.319120908866847913e+03
741.5598248114671,3.329948052099831784e+03
741.6334872037764,3.307090749719088308e+03
741.7070817125386,3.291451542827001049e+03
741.7807678621677,3.290248526912225316e+03
741.8544191228816,3.297466622400881079e+03
741.9281125335501,3.263782176787154185e+03
742.0017600242695,3.250549001724618847e+03
742.0754276444354,3.245736938065515005e+03
742.1491098938311,3.240924874406411163e+03
742.2227792320809,3.246939953980291193e+03
742.2963860567804,3.239721858491635430e+03
742.3700570824167,3.224082651599547717e+03
742.4437151716932,3.255361065383722689e+03
742.5173878791576,3.198819317389252774e+03
742.5909980073593,3.231300747088203480e+03
742.6646723713906,3.203631381048356616e+03
742.7383392893086,3.214458524281340488e+03
742.8119656461523,3.227691699343875825e+03
742.8856286765096,3.187992174156269357e+03
742.9592842387771,3.196413285559700853e+03
743.0328991982909,3.195210269644925120e+03
743.1065563576633,3.175962015008509752e+03
743.1801728901319,3.167540903605078256e+03
743.2538592524501,3.151901696712990997e+03
743.3274497210764,3.166337887690302068e+03
743.4011100282263,3.148292648968662888e+03
743.4747296601421,3.145886617139110967e+03
743.5483970465806,3.142277569394783313e+03
743.6220182060574,3.133856457991351817e+03
743.6956816000841,3.137465505735679471e+03
743.7692821427946,3.131450426161799896e+03
743.8429470520473,3.118217251099264104e+03
743.916576747615,3.118217251099264104e+03
743.990165669035,3.103781060121953033e+03
744.0638466591978,3.115811219269712183e+03
744.1374370340701,3.100172012377624924e+03
744.2110696595498,3.114608203354936450e+03
744.284716858413,3.106187091951504954e+03
744.3583232280512,3.101375028292401112e+03
744.4319496995879,3.077314709996881902e+03
744.5055574804348,3.092953916888969161e+03
744.5791520991629,3.072502646337778060e+03
744.6528444452033,3.067690582678674218e+03
744.7264460022811,3.064081534934346564e+03
744.8000565630955,3.056863439445690801e+03
744.8736594835683,3.073705662252554248e+03
744.9472714032472,3.040021216638827354e+03
745.0208756714717,3.058066455360466534e+03
745.094494486024,3.046036296212707384e+03
745.168100087441,3.052051375786586959e+03
745.2416924635781,3.032803121150171592e+03
745.3152993770332,3.035209152979723513e+03
745.3889152760675,3.027991057491067750e+03
745.4625290474098,3.026788041576292017e+03
745.5361240107667,3.026788041576292017e+03
745.609733506721,2.995509627792117499e+03
745.6833575395775,3.043630264383155463e+03
745.7569683059694,3.011148834684204758e+03
745.8305713563644,3.034006137064947779e+03
745.9041833730809,3.012351850598980491e+03
745.9777876626403,3.000321691451220886e+03
746.0514009139459,3.019569946087636254e+03
746.1249507566789,2.995509627792117499e+03
746.1985429433485,3.007539786939876649e+03
746.2721496486159,3.006336771025100916e+03
746.3457708767787,2.984682484559133627e+03
746.4193230608547,3.001524707365997074e+03
746.4929176060401,2.978667404985254052e+03
746.5665266650274,2.996712643706893232e+03
746.640066621393,2.967840261752270180e+03
746.7136768253059,2.981073436814805973e+03
746.7873015449047,2.955810102604511030e+03
746.8608348022583,2.965434229922718714e+03
746.934460649653,2.969043277667046368e+03
747.0080507927156,2.971449309496598289e+03
747.0815940434294,2.959419150348838684e+03
747.1552131827909,2.971449309496598289e+03
747.2287630801482,2.946185975286303346e+03
747.3023777208953,2.949795023030631000e+03
747.3759007391845,2.931749784308991821e+03
747.4495220280663,2.930546768394216087e+03
747.5230740040879,2.934155816138543742e+03
747.5966125121065,2.937764863882871850e+03
747.6702213915038,2.934155816138543742e+03
747.7437608993716,2.931749784308991821e+03
747.8173763904779,2.910095497843024987e+03
747.8909168833824,2.931749784308991821e+03
747.9644718416794,2.930546768394216087e+03
748.0380188872018,2.914907561502128374e+03
748.111630768237,2.910095497843024987e+03
748.1851787691317,2.913704545587352641e+03
748.2587356337701,2.895659306865713461e+03
748.3322845630789,2.904080418269144957e+03
748.405875958131,2.882426131803178123e+03
748.4794258064913,2.904080418269144957e+03
748.5529901125466,2.883629147717953856e+03
748.626540858474,2.883629147717953856e+03
748.7000780320159,2.861974861251986567e+03
748.7736296540094,2.902877402354369224e+03
748.8471676901079,2.866786924911090409e+03
748.920776260387,2.865583908996314676e+03
748.994315154041,2.860771845337210834e+03
749.0678741021718,2.870395972655418518e+03
749.1414138274398,2.835508511126915892e+03
749.2149736068789,2.864380893081538488e+03
749.2885141477188,2.833102479297363971e+03
749.362046665244,2.852350733933779338e+03
749.4355374512597,2.821072320149604366e+03
749.5090988297237,2.827087399723484396e+03
749.5826465568359,2.817463272405276712e+03
749.656175000463,2.829493431553035862e+03
749.7297234916311,2.788590890450653660e+03
749.803286415846,2.811448192831396682e+03
749.8768356615918,2.812651208746172870e+03
749.9503205982728,2.803027081427965186e+03
750.0238705670453,2.792199938194981769e+03
750.0974068314757,2.764530572155134905e+03
750.170963144645,2.797012001854085611e+03
750.2444438267519,2.777763747217670243e+03
750.318000832892,2.769342635814238747e+03
750.3915384788514,2.781372794961997897e+03
750.4650398530696,2.770545651729014480e+03
750.5385837931271,2.770545651729014480e+03
750.6121083437756,2.763327556240358717e+03
750.6855965835151,2.758515492581254875e+03
750.7591555782365,2.754906444836927221e+03
750.8326444278694,2.730846126541408012e+03
750.9061758589805,2.699567712757233494e+03
750.9796652967866,2.729643110626632279e+03
751.053225528571,2.722425015137976516e+03
751.1267211857668,2.711597871904993099e+03
751.2002538005404,2.722425015137976516e+03
751.2737443726544,2.701973744586785415e+03
751.347283196831,2.679116442206042393e+03
751.4207743095347,2.682725489950370047e+03
751.4942572105898,2.683928505865146235e+03
751.567805321994,2.687537553609473889e+03
751.641288735935,2.683928505865146235e+03
751.7147865207419,2.680319458120818126e+03
751.7883269399143,2.669492314887834709e+03
751.8618252198199,2.655056123910523183e+03
751.9353096018531,2.668289298973058521e+03
752.0087800736492,2.661071203484402758e+03
752.082349748397,2.651447076166195529e+03
752.1558206716313,2.647838028421867421e+03
752.2293059510168,2.647838028421867421e+03
752.3028112503567,2.632198821529780162e+03
752.3762686487676,2.615356598722916715e+03
752.4497687028702,2.618965646467244824e+03
752.5232604672466,2.634604853359332083e+03
752.5967892449822,2.617762630552468636e+03
752.6702814069297,2.590093264512621772e+03
752.74378792351,2.579266121279638355e+03
752.8172521255437,2.596108344086501802e+03
752.890753342267,2.591296280427397960e+03
752.9642462347487,2.596108344086501802e+03
753.0377251232514,2.587687232683069851e+03
753.111218354199,2.568438978046654938e+03
753.1846408387155,2.579266121279638355e+03
753.2581116847355,2.584078184938742197e+03
753.331591190779,2.564829930302326829e+03
753.4050850339123,2.585281200853517930e+03
753.4785648318334,2.557611834813671067e+03
753.552064642568,2.568438978046654938e+03
753.6254879218887,2.551596755239791491e+03
753.698987997613,2.555205802984119146e+03
753.7724683210844,2.561220882557999175e+03
753.845940242228,2.540769612006808075e+03
753.9193696482735,2.519115325540840786e+03
753.9928702112186,2.533551516518152312e+03
754.0663566760842,2.532348500603376124e+03
754.1397721577508,2.519115325540840786e+03
754.2132588199502,2.509491198222633102e+03
754.286731357841,2.498664054989649685e+03
754.3601613060175,2.505882150478305448e+03
754.433662469434,2.513100245966961211e+03
754.5070697940439,2.509491198222633102e+03
754.580571120139,2.493851991330545843e+03
754.6540013426822,2.486633895841890080e+03
754.7274800348059,2.496258023160097764e+03
754.8009103674891,2.490242943586218189e+03
754.8743891803196,2.508288182307857369e+03
754.9478196065738,2.487836911756666268e+03
755.0212985235391,2.480618816268010505e+03
755.0947347284628,2.484227864012338159e+03
755.1681567061893,2.492648975415769655e+03
755.2416500027333,2.483024848097562426e+03
755.3150720303312,2.469791673035026633e+03
755.3884798044081,2.463776593461147058e+03
755.4619874570354,2.436107227421300195e+03
755.535395250506,2.461370561631595137e+03
755.6088173113466,2.442122306995179770e+03
755.6822593542736,2.430092147847420620e+03
755.7557385217809,2.444528338824731691e+03
755.8291520013627,2.432498179676972541e+03
755.9025740310907,2.452949450228163641e+03
755.9760160417866,2.458964529802043216e+03
756.0494380281855,2.430092147847420620e+03
756.122851408895,2.464979609375922792e+03
756.196279048058,2.450543418398611720e+03
756.2697209498288,2.449340402483835533e+03
756.3431485156143,2.424077068273540590e+03
756.4166132278519,2.438513259250852116e+03
756.490046430767,2.403625797722349489e+03
756.563402310791,2.427686116017868699e+03
756.6368296685728,2.419265004614436748e+03
756.710271280547,2.424077068273540590e+03
756.7836985147853,2.434904211506524462e+03
756.8571170870929,2.422874052358764857e+03
756.9305441765948,2.415655956870109094e+03
757.0039625924522,2.420468020529212936e+03
757.0773895204559,2.385580559000710309e+03
757.1508077630942,2.396407702233693726e+03
757.2241829078598,2.422874052358764857e+03
757.2975952154935,2.401219765892797568e+03
757.3710274951507,2.400016749978021835e+03
757.4444453309834,2.373550399852950704e+03
757.5178200187852,2.373550399852950704e+03
757.5912376210018,2.368738336193846862e+03
757.664669455667,2.395204686318917993e+03
757.7380294018718,2.381971511256382200e+03
757.8114609832415,2.371144368023398783e+03
757.884883822762,2.365129288449519208e+03
757.9582576961611,2.345881033813103841e+03
758.0316745087733,2.373550399852950704e+03
758.1050538201592,2.381971511256382200e+03
758.1784703328954,2.360317224790415366e+03
758.2518205742088,2.350693097472207683e+03
758.3252712680576,2.345881033813103841e+03
758.3986211596865,2.344678017898328108e+03
758.4720370175761,2.357911192960863445e+03
758.545415305501,2.318211667773256977e+03
758.6187790176235,2.318211667773256977e+03
758.692185702744,2.321820715517585086e+03
758.7655490229096,2.323023731432360819e+03
758.8389841161411,2.339865954239224266e+03
758.9123470329839,2.324226747347136552e+03
758.985729896929,2.326632779176688473e+03
759.0590923834825,2.321820715517585086e+03
759.1324978677417,2.318211667773256977e+03
759.2058656754364,2.300166429051617797e+03
759.2792419009955,2.306181508625497372e+03
759.3526092466964,2.310993572284601214e+03
759.4259619360007,2.283324206244754350e+03
759.4993807137987,2.270091031182219012e+03
759.5727617631621,2.303775476795945451e+03
759.6461281405926,2.302572460881169718e+03
759.7194798334775,2.286933253989082459e+03
759.79284569346,2.317008651858481244e+03
759.8662199506782,2.283324206244754350e+03
759.9395910557283,2.271294047096994746e+03
760.0129416740881,2.286933253989082459e+03
760.0863064536592,2.261669919778787516e+03
760.1596565064068,2.250842776545803645e+03
760.2330264969562,2.282121190329978617e+03
760.3064048714377,2.268888015267442825e+03
760.3797685035091,2.260466903864011329e+03
760.4531231634235,2.252045792460579833e+03
760.5264341378603,2.237609601483268307e+03
760.5997823891312,2.237609601483268307e+03
760.6731505760081,2.241218649227595961e+03
760.7465329185825,2.250842776545803645e+03
760.8198946901349,2.243624681057147882e+03
760.893195347572,2.226782458250284890e+03
760.9665564561759,2.205128171784317601e+03
761.039908545017,2.211143251358197631e+03
761.1132805694576,2.195504044466109917e+03
761.186574038077,2.207534203613869522e+03
761.2599395757078,2.229188490079836811e+03
761.3332612942629,2.209940235443421443e+03
761.4066319227295,2.212346267272973364e+03
761.4799819030882,2.190691980807006075e+03
761.5532938204132,2.219564362761629127e+03
761.6266430583955,2.193098012636557996e+03
761.6999542102297,2.197910076295661838e+03
761.7733026886444,2.193098012636557996e+03
761.8466130577877,2.179864837574022658e+03
761.9199955907541,2.175052773914918816e+03
761.9932761350078,2.169037694341039241e+03
762.0665998139598,2.169037694341039241e+03
762.1399666484456,2.164225630681935399e+03
762.2132604654904,2.165428646596711133e+03
762.2866264890819,2.147383407875071953e+03
762.3599194586624,2.143774360130744299e+03
762.4332265236651,2.153398487448951983e+03
762.5065244315081,2.164225630681935399e+03
762.5798887714861,2.154601503363727716e+03
762.653209066283,2.126932137323880852e+03
762.726491103933,2.137759280556864269e+03
762.7998163192037,2.124526105494328931e+03
762.8731789131846,2.122120073664777010e+03
762.9464741276457,2.112495946346569326e+03
763.0197834275534,2.102871819028361642e+03
763.0930777014148,2.108886898602241672e+03
763.1663802334256,2.092044675795378225e+03
763.2396735482423,2.124526105494328931e+03
763.312980942364,2.094450707624930146e+03
763.3863024198473,2.126932137323880852e+03
763.4595855263992,2.086029596221498650e+03
763.5329060235777,2.107683882687465484e+03
763.6062114503713,2.082420548477170541e+03
763.6795017940418,2.073999437073739045e+03
763.7528120409493,2.093247691710154413e+03
763.8261013583818,2.083623564391946729e+03
763.8994105781957,2.064375309755531362e+03
763.9727280347157,2.065578325670307549e+03
764.0459486507003,2.081217532562394808e+03
764.1192708849686,2.057157214266875599e+03
764.1925721540134,2.059563246096427520e+03
764.265864123763,2.084826580306722462e+03
764.339170153393,2.047533086948668142e+03
764.4124025979912,2.030690864141804695e+03
764.4857075207827,2.041518007374788340e+03
764.5590265043799,2.049939118778219836e+03
764.6322718534416,2.043924039204340261e+03
764.7055663242454,2.036705943715684498e+03
764.7788689989354,2.036705943715684498e+03
764.8520979783581,2.015051657249717437e+03
764.9254053449329,2.034299911886132577e+03
764.9986623906358,2.011442609505389555e+03
765.0719685894694,2.015051657249717437e+03
765.1451951672625,2.022269752738373199e+03
765.2185001752471,2.006630545846285713e+03
765.2917606634498,2.017457689079269358e+03
765.3650586119669,1.989788323039422494e+03
765.438288577042,1.992194354868974415e+03
765.5115911575078,1.998209434442854217e+03
765.5848491670143,2.001818482187181871e+03
765.6580918875516,1.983773243465542691e+03
765.7313779407682,1.984976259380318652e+03
765.8046193790093,1.992194354868974415e+03
765.8778806952203,2.000615466272406138e+03
765.9511794972256,1.978961179806438849e+03
766.0244043117671,1.988585307124646533e+03
766.0976489972652,1.982570227550766731e+03
766.1709018207467,1.987382291209870573e+03
766.2441451689594,1.983773243465542691e+03
766.31745537396,1.984976259380318652e+03
766.3906973785047,1.986179275295094612e+03
766.4639240114803,1.986179275295094612e+03
766.5371587632285,1.980164195721214810e+03
766.610413388223,1.969337052488231393e+03
766.6836526256157,1.971743084317783314e+03
766.7569058583788,1.962118956999575630e+03
766.8301436890999,1.957306893340471788e+03
766.9033661049401,1.970540068403007353e+03
766.9766319183701,1.956103877425695828e+03
767.049858779082,1.946479750107488144e+03
767.1230937389751,1.954900861510919867e+03
767.196342684586,1.950088797851816025e+03
767.2695820718163,1.944073718277936450e+03
767.3427706741372,1.942870702363160490e+03
767.4160085761127,1.945276734192712411e+03
767.4892545691928,1.939261654618832608e+03
767.5624909794419,1.936855622789280687e+03
767.6357413679548,1.928434511385848964e+03
767.7089173321764,1.946479750107488144e+03
767.7821603029794,1.938058638704056648e+03
767.8553936664732,1.911592288578985745e+03
767.928641001735,1.932043559130176845e+03
768.001843330076,1.929637527300624924e+03
768.0750596156819,1.924825463641521083e+03
768.1482662604737,1.927231495471073004e+03
768.2215104680862,1.921216415897193201e+03
768.2947391311019,1.907983240834657863e+03
768.3679227171707,1.911592288578985745e+03
768.441155676817,1.910389272664209784e+03
768.5143376298478,1.904374193090329982e+03
768.5875985030231,1.913998320408537666e+03
768.6607551772538,1.894750065772122298e+03
768.7340085126597,1.915201336323313626e+03
768.8071930624363,1.922419431811969162e+03
768.8803619892306,1.916404352238089587e+03
768.9535980606818,1.887531970283466762e+03
769.0267948587721,1.899562129431226140e+03
769.0999760176759,1.870689747476603316e+03
769.1732302685929,1.898359113516450179e+03
769.2464097142773,1.892344033942570377e+03
769.3195794118245,1.887531970283466762e+03
769.3928163071785,1.874298795220931197e+03
769.4660079399233,1.895953081686898258e+03
769.5391838897698,1.885125938453914841e+03
769.6123796819868,1.870689747476603316e+03
769.6855538548153,1.875501811135707158e+03
769.7587182425186,1.875501811135707158e+03
769.8319202468393,1.876704827050483118e+03
769.9051421026546,1.869486731561827355e+03
769.97834824532,1.864674667902723513e+03
770.0515030831361,1.877907842965259078e+03
770.1247074085248,1.870689747476603316e+03
770.1978663329771,1.867080699732275434e+03
770.2710688242653,1.883922922539138881e+03
770.3442258887268,1.865877683817499474e+03
770.4173671736539,1.838208317777652610e+03
770.4905282854356,1.828584190459445153e+03
770.5637270444658,1.851441492840188175e+03
770.6369100189285,1.851441492840188175e+03
770.7100771958651,1.838208317777652610e+03
770.7832642087253,1.837005301862876649e+03
770.856459180459,1.834599270033324729e+03
770.9295551317979,1.830990222288997074e+03
771.0027481693259,1.824975142715117272e+03
771.0759313239301,1.827381174544669193e+03
771.1490926926053,1.816554031311685549e+03
771.2222144154819,1.803320856249150211e+03
771.2954094963922,1.817757047226461509e+03
771.368588721728,1.802117840334374250e+03
771.4417223223901,1.806929903993477865e+03
771.5148995537488,1.790087681186614645e+03
771.5880013670636,1.805726888078702132e+03
771.6612063537742,1.776854506124079307e+03
771.734306117772,1.797305776675270408e+03
771.8074852581613,1.800914824419598290e+03
771.8806127402132,1.790087681186614645e+03
771.953783876625,1.787681649357062724e+03
772.0269152446992,1.773245458379751426e+03
772.1000843158894,1.780463553868406962e+03
772.1732135949969,1.768433394720647584e+03
772.2463209463975,1.751591171913784137e+03
772.3195077548475,1.784072601612734843e+03
