X,Y
534.0051269287335,2.891000000000000000e+03
534.0808105837979,2.891000000000000000e+03
534.1564941245075,2.908000000000000000e+03
534.2322387608131,2.930000000000000000e+03
534.3079223194351,2.937000000000000000e+03
534.3836059646314,2.906000000000000000e+03
534.459289487409,2.950000000000000000e+03
534.534973107135,2.919000000000000000e+03
534.6106567862021,2.944000000000000000e+03
534.6863402868432,2.946000000000000000e+03
534.7620238571769,2.977000000000000000e+03
534.8377074881613,2.960000000000000000e+03
534.9134522313972,2.988000000000000000e+03
534.9891358020897,2.984000000000000000e+03
535.0648193202943,3.023000000000000000e+03
535.140502776876,3.041000000000000000e+03
535.2161864491509,3.044000000000000000e+03
535.2918700416792,3.059000000000000000e+03
535.367553831929,3.077000000000000000e+03
535.4432372375885,3.074000000000000000e+03
535.5189208228152,3.106000000000000000e+03
535.594604578686,3.100000000000000000e+03
535.6702882093306,3.087000000000000000e+03
535.745971418549,3.116000000000000000e+03
535.8216553453357,3.151000000000000000e+03
535.8973391196765,3.153000000000000000e+03
535.9730227323798,3.138000000000000000e+03
536.0487061742487,3.125000000000000000e+03
536.1243894360814,3.162000000000000000e+03
536.2000730836918,3.170000000000000000e+03
536.275756820763,3.160000000000000000e+03
536.3514406383212,3.168000000000000000e+03
536.4271239518794,3.204000000000000000e+03
536.5028079033076,3.210000000000000000e+03
536.5784913324379,3.202000000000000000e+03
536.6541748057845,3.217000000000000000e+03
536.7298583143477,3.209000000000000000e+03
536.8055421372837,3.228000000000000000e+03
536.8812254011024,3.261000000000000000e+03
536.9569092495924,3.254000000000000000e+03
537.0325928090099,3.253000000000000000e+03
537.1082763585715,3.289000000000000000e+03
537.1839598892475,3.308000000000000000e+03
537.2596436806508,3.324000000000000000e+03
537.3353268577979,3.330000000000000000e+03
537.411010566398,3.351000000000000000e+03
537.4866335528031,3.337000000000000000e+03
537.5623168365025,3.351000000000000000e+03
537.6380003360828,3.352000000000000000e+03
537.7136843318589,3.367000000000000000e+03
537.7893676583791,3.386000000000000000e+03
537.8650511739759,3.379000000000000000e+03
537.940734869813,3.400000000000000000e+03
538.0164184475874,3.420000000000000000e+03
538.0920408046188,3.410000000000000000e+03
538.1677246810524,3.431000000000000000e+03
538.2434084124591,3.426000000000000000e+03
538.3190919897331,3.433000000000000000e+03
538.3947756936324,3.442000000000000000e+03
538.4704589353845,3.475000000000000000e+03
538.5461425757196,3.457000000000000000e+03
538.6217653920648,3.465000000000000000e+03
538.6974486256656,3.487000000000000000e+03
538.7731322312683,3.484000000000000000e+03
538.8488156195046,3.496000000000000000e+03
538.9244993621073,3.514000000000000000e+03
539.0001221504488,3.516000000000000000e+03
539.0758056867688,3.528000000000000000e+03
539.1514895509623,3.540000000000000000e+03
539.2271725712882,3.553000000000000000e+03
539.3027954051873,3.553000000000000000e+03
539.378479310497,3.548000000000000000e+03
539.4541629264281,3.562000000000000000e+03
539.5298462437939,3.613000000000000000e+03
539.6054689803647,3.615000000000000000e+03
539.6811522386217,3.618000000000000000e+03
539.7568363363963,3.615000000000000000e+03
539.832519225528,3.636000000000000000e+03
539.9081423044014,3.656000000000000000e+03
539.9838259373797,3.656000000000000000e+03
540.0595095003099,3.654000000000000000e+03
540.1351320092971,3.670000000000000000e+03
540.2108150962631,3.674000000000000000e+03
540.2864989617823,3.700000000000000000e+03
540.362121111465,3.718000000000000000e+03
540.4378056155781,3.692000000000000000e+03
540.5134888278695,3.715000000000000000e+03
540.5891111220752,3.710000000000000000e+03
540.6647949195459,3.728000000000000000e+03
540.7404782741969,3.757000000000000000e+03
540.8161009254455,3.774000000000000000e+03
540.8917848125893,3.771000000000000000e+03
540.9674685225426,3.796000000000000000e+03
541.0430911589102,3.784000000000000000e+03
541.1187741775063,3.810000000000000000e+03
541.194457870279,3.801000000000000000e+03
541.2700807045082,3.814000000000000000e+03
541.3457636520761,3.826000000000000000e+03
541.4213865683067,3.842000000000000000e+03
541.497070200242,3.842000000000000000e+03
541.5727541699249,3.859000000000000000e+03
541.648376858336,3.867000000000000000e+03
541.7240599931954,3.887000000000000000e+03
541.7996829685276,3.910000000000000000e+03
541.8753664065381,3.914000000000000000e+03
541.950988459017,3.908000000000000000e+03
542.0266721649095,3.953000000000000000e+03
542.1022953150494,3.954000000000000000e+03
542.1779780782617,3.957000000000000000e+03
542.2536014098382,3.980000000000000000e+03
542.329284076073,4.004000000000000000e+03
542.4049075539548,3.996000000000000000e+03
542.4805912648831,4.015000000000000000e+03
542.5562136767595,4.037000000000000000e+03
542.631897220388,4.038000000000000000e+03
542.7075197075332,4.057000000000000000e+03
542.7832033429272,4.077000000000000000e+03
542.8588255754784,4.092000000000000000e+03
542.9345092673785,4.094000000000000000e+03
543.0101320942985,4.104000000000000000e+03
543.0858158076525,4.110000000000000000e+03
543.1614377193954,4.144000000000000000e+03
543.2371220089141,4.129000000000000000e+03
543.3127444450705,4.134000000000000000e+03
543.3884278000902,4.136000000000000000e+03
543.4640501352047,4.152000000000000000e+03
543.5396728412053,4.176000000000000000e+03
543.6153561952086,4.190000000000000000e+03
543.6909787475163,4.185000000000000000e+03
543.7666625552929,4.229000000000000000e+03
543.8422846228852,4.235000000000000000e+03
543.917907905318,4.243000000000000000e+03
543.9935909887698,4.228000000000000000e+03
544.0692140297832,4.282000000000000000e+03
544.1448361882029,4.244000000000000000e+03
544.220519947648,4.250000000000000000e+03
544.2961426997966,4.275000000000000000e+03
544.3718261809979,4.278000000000000000e+03
544.4474486032625,4.293000000000000000e+03
544.5230709870222,4.322000000000000000e+03
544.5987550137446,4.324000000000000000e+03
544.6743770145879,4.352000000000000000e+03
544.7500001373947,4.361000000000000000e+03
544.8256222965063,4.353000000000000000e+03
544.9013064288619,4.372000000000000000e+03
544.976929025401,4.409000000000000000e+03
545.0525518192319,4.434000000000000000e+03
545.1282345318966,4.438000000000000000e+03
545.2038574139079,4.433000000000000000e+03
545.27947957532,4.475000000000000000e+03
545.3551027912747,4.485000000000000000e+03
545.4307859578726,4.480000000000000000e+03
545.5064085974922,4.491000000000000000e+03
545.582031075963,4.519000000000000000e+03
545.6576539799133,4.547000000000000000e+03
545.7333374615957,4.536000000000000000e+03
545.8089603143547,4.552000000000000000e+03
545.8845823750287,4.584000000000000000e+03
545.9602051246089,4.598000000000000000e+03
546.0358279586479,4.600000000000000000e+03
546.1115111125337,4.644000000000000000e+03
546.1871341062584,4.629000000000000000e+03
546.2627559649052,4.642000000000000000e+03
546.3383790667153,4.680000000000000000e+03
546.4140010154777,4.675000000000000000e+03
546.4896238920949,4.704000000000000000e+03
546.5653080328324,4.702000000000000000e+03
546.6409297699242,4.733000000000000000e+03
546.7165527083374,4.719000000000000000e+03
546.7921753454747,4.733000000000000000e+03
546.8677979714669,4.760000000000000000e+03
546.9434205776232,4.785000000000000000e+03
547.0190431552487,4.782000000000000000e+03
547.0946647977053,4.792000000000000000e+03
547.1703492667542,4.800000000000000000e+03
547.2459723224066,4.826000000000000000e+03
547.3215944163495,4.804000000000000000e+03
547.3972173369806,4.801000000000000000e+03
547.4728389782355,4.864000000000000000e+03
547.5484617288662,4.851000000000000000e+03
547.6240849813485,4.849000000000000000e+03
547.6997072275658,4.860000000000000000e+03
547.7753302583766,4.874000000000000000e+03
547.8509522649341,4.888000000000000000e+03
547.9265750390812,4.890000000000000000e+03
548.0021964706609,4.880000000000000000e+03
548.0778207553666,4.933000000000000000e+03
548.1534418774738,4.929000000000000000e+03
548.2290652357153,4.973000000000000000e+03
548.3046878169241,4.972000000000000000e+03
548.3803093111,4.990000000000000000e+03
548.4559330175531,4.975000000000000000e+03
548.5315556197277,4.966000000000000000e+03
548.6071771080813,5.037000000000000000e+03
548.6828010856999,5.004000000000000000e+03
548.7584221255744,5.048000000000000000e+03
548.834045337373,5.032000000000000000e+03
548.9096673999533,5.042000000000000000e+03
548.9852904134418,5.084000000000000000e+03
549.0609137670749,5.095000000000000000e+03
549.1364750314843,5.081000000000000000e+03
549.2120978166789,5.111000000000000000e+03
549.2877191060418,5.110000000000000000e+03
549.3633428131332,5.115000000000000000e+03
549.4389653087501,5.111000000000000000e+03
549.5145865832915,5.172000000000000000e+03
549.590210251744,5.154000000000000000e+03
549.665832681899,5.140000000000000000e+03
549.7413946298766,5.189000000000000000e+03
549.8170160497809,5.201000000000000000e+03
549.8926398319383,5.212000000000000000e+03
549.9682623401311,5.242000000000000000e+03
550.0438835647246,5.220000000000000000e+03
550.1195068250248,5.265000000000000000e+03
550.1950679386268,5.278000000000000000e+03
550.2706906900269,5.297000000000000000e+03
550.3463136366366,5.325000000000000000e+03
550.421935255224,5.291000000000000000e+03
550.4975591726949,5.348000000000000000e+03
550.5731205123872,5.335000000000000000e+03
550.6487432287166,5.401000000000000000e+03
550.7243648844632,5.368000000000000000e+03
550.7999885039992,5.400000000000000000e+03
550.8755494425731,5.439000000000000000e+03
550.951172094361,5.426000000000000000e+03
551.0267951682852,5.416000000000000000e+03
551.1024165301448,5.449000000000000000e+03
551.1779790561093,5.456000000000000000e+03
551.2536012026161,5.500000000000000000e+03
551.3292237372492,5.505000000000000000e+03
551.4047855382855,5.489000000000000000e+03
551.4804066788231,5.479000000000000000e+03
551.5560303111364,5.544000000000000000e+03
551.6315910047903,5.568000000000000000e+03
551.7072150175466,5.564000000000000000e+03
551.7828375420726,5.579000000000000000e+03
551.8583991818102,5.599000000000000000e+03
551.9340205121266,5.606000000000000000e+03
552.0096436778041,5.622000000000000000e+03
552.0852040546326,5.643000000000000000e+03
552.1608281083562,5.628000000000000000e+03
552.2363887123648,5.670000000000000000e+03
552.3120111809802,5.671000000000000000e+03
552.3876339198484,5.695000000000000000e+03
552.4631955723437,5.660000000000000000e+03
552.5388185047575,5.680000000000000000e+03
552.614380300461,5.707000000000000000e+03
552.6900021708618,5.715000000000000000e+03
552.765564075718,5.722000000000000000e+03
552.8411860712373,5.770000000000000000e+03
552.9168082777293,5.756000000000000000e+03
552.9923707499584,5.752000000000000000e+03
553.0679933370403,5.792000000000000000e+03
553.1435543046211,5.756000000000000000e+03
553.2191769324178,5.790000000000000000e+03
553.2947381962192,5.811000000000000000e+03
553.3703611371725,5.839000000000000000e+03
553.4459223575054,5.835000000000000000e+03
553.521545578136,5.854000000000000000e+03
553.5971070276289,5.835000000000000000e+03
553.6727301879512,5.861000000000000000e+03
553.74829183306,5.868000000000000000e+03
553.823851714682,5.882000000000000000e+03
553.8994751723073,5.883000000000000000e+03
553.9750367322185,5.893000000000000000e+03
554.050658510177,5.907000000000000000e+03
554.1262201811371,5.928000000000000000e+03
554.2018439290302,5.906000000000000000e+03
554.2774053707294,5.941000000000000000e+03
554.3529671374815,5.966000000000000000e+03
554.4285888549837,5.996000000000000000e+03
554.5041506486573,5.985000000000000000e+03
554.579712127434,5.985000000000000000e+03
554.6553335805664,5.984000000000000000e+03
554.7308950353918,6.038000000000000000e+03
554.8065186350868,6.054000000000000000e+03
554.8820800328116,6.063000000000000000e+03
554.9576410728757,6.070000000000000000e+03
555.0332642831411,6.135000000000000000e+03
555.108825215094,6.099000000000000000e+03
555.1843863800646,6.114000000000000000e+03
555.2599490030949,6.153000000000000000e+03
555.3355716725129,6.157000000000000000e+03
555.4111322702728,6.205000000000000000e+03
555.486694610333,6.188000000000000000e+03
555.5623170204691,6.190000000000000000e+03
555.6378788265472,6.234000000000000000e+03
555.7134408077316,6.261000000000000000e+03
555.7890023379755,6.300000000000000000e+03
555.8646239696742,6.280000000000000000e+03
555.9401852063803,6.311000000000000000e+03
556.0157462753666,6.361000000000000000e+03
556.0913090235443,6.363000000000000000e+03
556.1668694227267,6.399000000000000000e+03
556.2424921284115,6.396000000000000000e+03
556.3180540060974,6.379000000000000000e+03
556.3936159838638,6.390000000000000000e+03
556.46917743411,6.457000000000000000e+03
556.544738657784,6.447000000000000000e+03
556.6202993365139,6.451000000000000000e+03
556.6959226832005,6.492000000000000000e+03
556.7714847427467,6.483000000000000000e+03
556.8470468524312,6.508000000000000000e+03
556.9226065226395,6.521000000000000000e+03
556.9981696377276,6.560000000000000000e+03
557.0737306061917,6.556000000000000000e+03
557.1492912804306,6.570000000000000000e+03
557.2248535148585,6.604000000000000000e+03
557.3004154389016,6.612000000000000000e+03
557.3759767333004,6.649000000000000000e+03
557.451598607399,6.630000000000000000e+03
557.5271614300829,6.643000000000000000e+03
557.6027217325554,6.649000000000000000e+03
557.6782835475029,6.657000000000000000e+03
557.7538450012918,6.637000000000000000e+03
557.8294060853028,6.673000000000000000e+03
557.9049686584602,6.696000000000000000e+03
557.9805305342576,6.699000000000000000e+03
558.0560904581027,6.726000000000000000e+03
558.1316534042687,6.699000000000000000e+03
558.2072143813721,6.739000000000000000e+03
558.2827764962979,6.718000000000000000e+03
558.3583381828406,6.756000000000000000e+03
558.4338994323449,6.738000000000000000e+03
558.5094602361507,6.767000000000000000e+03
558.5850224576968,6.751000000000000000e+03
558.6605230453073,6.783000000000000000e+03
558.7360843175928,6.765000000000000000e+03
558.8116447982349,6.784000000000000000e+03
558.8872066647817,6.799000000000000000e+03
558.9627683478695,6.841000000000000000e+03
559.0383292140123,6.816000000000000000e+03
559.1138914425185,6.838000000000000000e+03
559.1894531500513,6.866000000000000000e+03
559.2650140151281,6.874000000000000000e+03
559.3405155236203,6.923000000000000000e+03
559.4160774775995,6.946000000000000000e+03
559.491638563738,6.939000000000000000e+03
559.5671990861741,6.941000000000000000e+03
559.6427612285802,6.957000000000000000e+03
559.7183224777227,6.947000000000000000e+03
559.7938239112091,6.984000000000000000e+03
559.8693855251184,6.992000000000000000e+03
559.9449468470373,7.026000000000000000e+03
560.0205075548458,7.004000000000000000e+03
560.0960695220344,7.067000000000000000e+03
560.1715693553381,7.079000000000000000e+03
560.2471316053342,7.108000000000000000e+03
560.3226935219939,7.113000000000000000e+03
560.3982544687057,7.169000000000000000e+03
560.4737553798353,7.147000000000000000e+03
560.549316857351,7.166000000000000000e+03
560.6248776534629,7.183000000000000000e+03
560.70037802624,7.225000000000000000e+03
560.7759393038835,7.254000000000000000e+03
560.8515017620771,7.252000000000000000e+03
560.9270018364357,7.245000000000000000e+03
561.0025625253518,7.313000000000000000e+03
561.0781246855694,7.301000000000000000e+03
561.1536262760454,7.320000000000000000e+03
561.2291866163674,7.362000000000000000e+03
561.304748089255,7.364000000000000000e+03
561.3802492335784,7.400000000000000000e+03
561.4558107265045,7.437000000000000000e+03
561.5313717522904,7.450000000000000000e+03
561.6068723759059,7.441000000000000000e+03
561.6824333719698,7.508000000000000000e+03
561.7579339169324,7.496000000000000000e+03
561.8334954817075,7.538000000000000000e+03
561.9089955995389,7.501000000000000000e+03
561.9845564375671,7.552000000000000000e+03
562.0601218043322,7.531000000000000000e+03
562.1356190160956,7.571000000000000000e+03
562.2111807638972,7.600000000000000000e+03
562.2866837867199,7.587000000000000000e+03
562.3622450420103,7.607000000000000000e+03
562.4377443607594,7.658000000000000000e+03
562.5133050891404,7.638000000000000000e+03
562.5888069961169,7.647000000000000000e+03
562.6643671648543,7.665000000000000000e+03
562.739868463935,7.679000000000000000e+03
562.8154280394092,7.648000000000000000e+03
562.8909286969488,7.694000000000000000e+03
562.9664305978828,7.688000000000000000e+03
563.0419939681478,7.717000000000000000e+03
563.1174920085415,7.719000000000000000e+03
563.19305470474,7.720000000000000000e+03
563.2685551920358,7.722000000000000000e+03
563.3440568835294,7.788000000000000000e+03
563.419616911542,7.775000000000000000e+03
563.4951146546897,7.771000000000000000e+03
563.5706770994776,7.812000000000000000e+03
563.6461803879624,7.793000000000000000e+03
563.7216816652208,7.812000000000000000e+03
563.7972413162915,7.787000000000000000e+03
563.8727417375509,7.789000000000000000e+03
563.948243300408,7.838000000000000000e+03
564.0238032597638,7.838000000000000000e+03
564.0993039174446,7.809000000000000000e+03
564.1748025104577,7.840000000000000000e+03
564.2503658884998,7.867000000000000000e+03
564.3258667100131,7.906000000000000000e+03
564.4013686264184,7.888000000000000000e+03
564.4768684441426,7.939000000000000000e+03
564.5524298972744,7.952000000000000000e+03
564.6279318813953,7.946000000000000000e+03
564.7034317408531,7.959000000000000000e+03
564.7789326555933,8.004000000000000000e+03
564.8544314277575,8.049000000000000000e+03
564.9299918767013,8.083000000000000000e+03
565.005495928257,8.030000000000000000e+03
565.0809946197296,8.059000000000000000e+03
565.1564943267665,8.088000000000000000e+03
565.2319918472216,8.091000000000000000e+03
565.3075574772264,8.106000000000000000e+03
565.3830570069348,8.120000000000000000e+03
565.4585575213804,8.155000000000000000e+03
565.5340558149843,8.159000000000000000e+03
565.6095582761728,8.177000000000000000e+03
565.6850585002172,8.200000000000000000e+03
565.760556477251,8.191000000000000000e+03
565.8360618025167,8.240000000000000000e+03
565.9116225122199,8.287000000000000000e+03
565.9871233197282,8.287000000000000000e+03
566.0626218458439,8.389000000000000000e+03
566.1381244909254,8.376000000000000000e+03
566.2136216322725,8.457000000000000000e+03
566.289126084757,8.498000000000000000e+03
566.3646250154166,8.496000000000000000e+03
566.4401248288668,8.514000000000000000e+03
566.5156223083626,8.495000000000000000e+03
566.5911238644974,8.567000000000000000e+03
566.666626281373,8.609000000000000000e+03
566.7421263396649,8.584000000000000000e+03
566.8176240294433,8.619000000000000000e+03
566.8931289818083,8.641000000000000000e+03
566.9686283363882,8.657000000000000000e+03
567.044128511452,8.683000000000000000e+03
567.1196262833736,8.670000000000000000e+03
567.1951280764068,8.659000000000000000e+03
567.2706306677735,8.680000000000000000e+03
567.3460696737624,8.727000000000000000e+03
567.4215706028087,8.732000000000000000e+03
567.4970690857559,8.677000000000000000e+03
567.5725715554013,8.758000000000000000e+03
567.6480715624202,8.743000000000000000e+03
567.7235723199296,8.747000000000000000e+03
567.7990705965543,8.740000000000000000e+03
567.8745728319317,8.733000000000000000e+03
567.9500112820856,8.771000000000000000e+03
568.0255117228037,8.788000000000000000e+03
568.1010128751681,8.795000000000000000e+03
568.1765115034954,8.853000000000000000e+03
568.2520140559766,8.824000000000000000e+03
568.327455928513,8.790000000000000000e+03
568.4029533742392,8.835000000000000000e+03
568.478454722623,8.824000000000000000e+03
568.5539535037092,8.810000000000000000e+03
568.6293947397575,8.813000000000000000e+03
568.7048948100362,8.840000000000000000e+03
568.7803955214323,8.850000000000000000e+03
568.8558968664703,8.860000000000000000e+03
568.9313373379196,8.858000000000000000e+03
569.0068366737867,8.872000000000000000e+03
569.0823366191238,8.870000000000000000e+03
569.1577756177235,8.901000000000000000e+03
569.2332767431898,8.875000000000000000e+03
569.3087752145101,8.870000000000000000e+03
569.3842159078702,8.904000000000000000e+03
569.4597155117148,8.907000000000000000e+03
569.5352189219938,8.937000000000000000e+03
569.6106547533757,8.924000000000000000e+03
569.6861592519366,8.927000000000000000e+03
569.7615961204366,9.003000000000000000e+03
569.8370951828829,9.017000000000000000e+03
569.9125980167112,8.998000000000000000e+03
569.9880363908212,9.049000000000000000e+03
570.063540235015,9.034000000000000000e+03
570.1389763193972,9.032000000000000000e+03
570.2144778914571,9.085000000000000000e+03
570.2899149030349,9.087000000000000000e+03
570.3654174215969,9.061000000000000000e+03
570.4408585841445,9.160000000000000000e+03
570.516355510032,9.127000000000000000e+03
570.5917975400971,9.194000000000000000e+03
570.6672953476274,9.199000000000000000e+03
570.7427349574187,9.207000000000000000e+03
570.8182368737373,9.230000000000000000e+03
570.8936740294567,9.264000000000000000e+03
570.9691767675921,9.299000000000000000e+03
571.044617956385,9.302000000000000000e+03
571.120118225025,9.340000000000000000e+03
571.1955568946336,9.353000000000000000e+03
571.2709959150741,9.375000000000000000e+03
571.3464973017159,9.402000000000000000e+03
571.4219370173379,9.422000000000000000e+03
571.4974358505949,9.407000000000000000e+03
571.5728729630794,9.485000000000000000e+03
571.6483169221735,9.468000000000000000e+03
571.7238167556269,9.511000000000000000e+03
571.7992547962239,9.525000000000000000e+03
571.874696395271,9.550000000000000000e+03
571.9501938880238,9.554000000000000000e+03
572.0256327861869,9.559000000000000000e+03
572.1010752224225,9.577000000000000000e+03
572.1765735734161,9.603000000000000000e+03
572.2520132602132,9.656000000000000000e+03
572.3274531890821,9.608000000000000000e+03
572.4028933523459,9.652000000000000000e+03
572.4783960113044,9.669000000000000000e+03
572.5538333585442,9.674000000000000000e+03
572.6292741944405,9.717000000000000000e+03
572.7047119540778,9.702000000000000000e+03
572.780212242593,9.687000000000000000e+03
572.8556503993934,9.692000000000000000e+03
572.9310920175104,9.691000000000000000e+03
573.0065305250978,9.732000000000000000e+03
573.0819691960772,9.742000000000000000e+03
573.1574080227304,9.745000000000000000e+03
573.232909430562,9.750000000000000000e+03
573.3083485618251,9.767000000000000000e+03
573.3837911132744,9.726000000000000000e+03
573.4592305026606,9.776000000000000000e+03
573.5346700090696,9.725000000000000000e+03
573.6101096247586,9.748000000000000000e+03
573.6855493419805,9.785000000000000000e+03
573.7609858609676,9.796000000000000000e+03
573.8364257571322,9.759000000000000000e+03
573.9118624378157,9.780000000000000000e+03
573.9873057764995,9.790000000000000000e+03
574.0627425886909,9.800000000000000000e+03
574.1382453810519,9.833000000000000000e+03
574.2136823092575,9.788000000000000000e+03
574.2891225732211,9.811000000000000000e+03
574.3645628688121,9.793000000000000000e+03
574.4399404917988,9.797000000000000000e+03
574.5153808108072,9.814000000000000000e+03
574.5908178365182,9.850000000000000000e+03
574.6662581633567,9.815000000000000000e+03
574.7416984828392,9.856000000000000000e+03
574.8171387871569,9.838000000000000000e+03
574.8925790684976,9.843000000000000000e+03
574.9680160131622,9.861000000000000000e+03
575.0434562242268,9.857000000000000000e+03
575.1188930812343,9.870000000000000000e+03
575.1943364992081,9.941000000000000000e+03
575.2697765474628,9.903000000000000000e+03
575.3451536315831,9.913000000000000000e+03
575.4205935156243,9.953000000000000000e+03
575.4960333140378,9.958000000000000000e+03
575.5714730189743,1.000300000000000000e+04
575.6469093088864,9.959000000000000000e+03
575.7223521169975,1.001900000000000000e+04
575.7977285011834,1.000500000000000000e+04
575.8731677371276,9.982000000000000000e+03
575.9486101574518,1.003100000000000000e+04
576.0240491208147,1.002200000000000000e+04
576.0994281953324,1.007800000000000000e+04
576.1748668380864,1.017200000000000000e+04
576.2503053165299,1.013300000000000000e+04
576.3257436227722,1.018500000000000000e+04
576.401121946027,1.020100000000000000e+04
576.4765631917769,1.021600000000000000e+04
576.5520009192454,1.021800000000000000e+04
576.627378593058,1.025400000000000000e+04
576.7028192152051,1.026000000000000000e+04
576.7782596194585,1.033000000000000000e+04
576.8536365734708,1.031300000000000000e+04
576.9290798301113,1.035200000000000000e+04
577.0045161881444,1.038600000000000000e+04
577.0798956812308,1.035800000000000000e+04
577.1553348449369,1.034000000000000000e+04
577.2307737431714,1.038600000000000000e+04
577.3061523771543,1.039400000000000000e+04
577.3815940386273,1.043800000000000000e+04
577.4569687212091,1.046000000000000000e+04
577.5324097821534,1.043900000000000000e+04
577.6077871497567,1.049000000000000000e+04
577.6832275791974,1.046600000000000000e+04
577.7586042662564,1.051000000000000000e+04
577.8340473712362,1.054000000000000000e+04
577.9094233467189,1.050000000000000000e+04
577.9848624183549,1.053700000000000000e+04
578.06024099099,1.060000000000000000e+04
578.1356826786689,1.054800000000000000e+04
578.2110604784385,1.060100000000000000e+04
578.2865014103915,1.065100000000000000e+04
578.3618750602704,1.055900000000000000e+04
578.4373152036164,1.061600000000000000e+04
578.5126947075182,1.065000000000000000e+04
578.5880737744064,1.062600000000000000e+04
578.6635160180301,1.061700000000000000e+04
578.7388908540094,1.062100000000000000e+04
578.8143322323514,1.066300000000000000e+04
578.8897095032095,1.067500000000000000e+04
578.9650862969057,1.063400000000000000e+04
579.0405296629765,1.062800000000000000e+04
579.1159054956761,1.070500000000000000e+04
579.1912841817008,1.066200000000000000e+04
579.2667227590988,1.066100000000000000e+04
579.3421004375672,1.069300000000000000e+04
579.4174809495532,1.062600000000000000e+04
579.4928575733711,1.065000000000000000e+04
579.5682974782039,1.063400000000000000e+04
579.6436763906835,1.067900000000000000e+04
579.7190547488921,1.075100000000000000e+04
579.7944325447469,1.071300000000000000e+04
579.8698736574771,1.068600000000000000e+04
579.9452503209693,1.067400000000000000e+04
580.0206297620755,1.066200000000000000e+04
580.0960086102061,1.070900000000000000e+04
580.1713868572579,1.070000000000000000e+04
580.2467678619868,1.067200000000000000e+04
580.3222055027192,1.069900000000000000e+04
580.3975819144985,1.067300000000000000e+04
580.472964431725,1.072700000000000000e+04
580.5483361997073,1.069700000000000000e+04
580.6237208011142,1.076700000000000000e+04
580.6990980056318,1.069200000000000000e+04
580.774474545852,1.072300000000000000e+04
580.8498537875009,1.076200000000000000e+04
580.9252289755794,1.076600000000000000e+04
581.0006743628959,1.077900000000000000e+04
581.0760481837603,1.078100000000000000e+04
581.1514280543308,1.076100000000000000e+04
581.2268072152121,1.078500000000000000e+04
581.3021822791188,1.081200000000000000e+04
581.3775633752501,1.079100000000000000e+04
581.4529437389426,1.081400000000000000e+04
581.5283199802694,1.082400000000000000e+04
581.6036988536778,1.082800000000000000e+04
581.6790160670166,1.090800000000000000e+04
581.7543934024975,1.088500000000000000e+04
581.8297699646201,1.089700000000000000e+04
581.9051525174606,1.095700000000000000e+04
581.9805308970429,1.090300000000000000e+04
582.0559084804219,1.097500000000000000e+04
582.1312852593902,1.098700000000000000e+04
582.206668005028,1.098100000000000000e+04
582.2820397617667,1.098800000000000000e+04
582.3574242532981,1.105000000000000000e+04
582.4327366749485,1.108500000000000000e+04
582.508116082625,1.108000000000000000e+04
582.5834946400697,1.110700000000000000e+04
582.658872339047,1.114900000000000000e+04
582.7342525671091,1.109800000000000000e+04
582.8095673852416,1.116500000000000000e+04
582.8849492395216,1.117100000000000000e+04
582.9603268074364,1.120400000000000000e+04
583.0357068767066,1.116700000000000000e+04
583.1110214380087,1.127100000000000000e+04
583.1864030744695,1.123700000000000000e+04
583.2617769878166,1.126300000000000000e+04
583.3371601786139,1.128300000000000000e+04
583.4124743613642,1.127700000000000000e+04
583.4878556582576,1.133100000000000000e+04
583.5632325991093,1.130300000000000000e+04
583.6385472652148,1.129800000000000000e+04
583.7139290751193,1.129300000000000000e+04
583.7893065032263,1.139800000000000000e+04
583.8646249949269,1.135700000000000000e+04
583.9400004322508,1.141300000000000000e+04
584.0153168866366,1.138400000000000000e+04
584.0907005347968,1.139900000000000000e+04
584.1660763462396,1.143200000000000000e+04
584.2413965200363,1.140000000000000000e+04
584.3167736762043,1.140800000000000000e+04
584.3920917365156,1.139200000000000000e+04
584.4674702084938,1.136700000000000000e+04
584.5427861228587,1.143500000000000000e+04
584.6181658817017,1.141300000000000000e+04
584.6934796176279,1.139800000000000000e+04
584.7688572148127,1.141100000000000000e+04
584.8441755797492,1.139500000000000000e+04
584.919554404934,1.147100000000000000e+04
584.9948739529473,1.139900000000000000e+04
585.0702539779767,1.145100000000000000e+04
585.145567832981,1.141800000000000000e+04
585.2208873808705,1.144600000000000000e+04
585.2962674300239,1.144800000000000000e+04
585.3715812355221,1.139500000000000000e+04
585.446962410467,1.139700000000000000e+04
585.522277293224,1.140100000000000000e+04
585.5975978392732,1.144000000000000000e+04
585.6729720672993,1.142200000000000000e+04
585.7482902189189,1.139800000000000000e+04
585.8236071536562,1.146700000000000000e+04
585.8989880858402,1.137600000000000000e+04
585.9743025783406,1.145600000000000000e+04
586.0496192632522,1.144700000000000000e+04
586.1249381347992,1.144800000000000000e+04
586.200317604434,1.144100000000000000e+04
586.2756374097312,1.139800000000000000e+04
586.3509525064017,1.145200000000000000e+04
586.4262697612708,1.144300000000000000e+04
586.5016510856912,1.142100000000000000e+04
586.576965774025,1.142000000000000000e+04
586.6522825996321,1.140800000000000000e+04
586.7275981142149,1.149000000000000000e+04
586.8029157526896,1.147500000000000000e+04
586.878297505942,1.153500000000000000e+04
586.9536125003841,1.150600000000000000e+04
587.0289295977367,1.151900000000000000e+04
587.1042487921765,1.154700000000000000e+04
587.1795666300785,1.153600000000000000e+04
587.2548831029591,1.155500000000000000e+04
587.3301982023304,1.155600000000000000e+04
587.4055153701529,1.156800000000000000e+04
587.4808346005856,1.159300000000000000e+04
587.5561558877838,1.157100000000000000e+04
587.631468866577,1.162400000000000000e+04
587.7067838851247,1.162500000000000000e+04
587.78216658026,1.166000000000000000e+04
587.8574856775697,1.169100000000000000e+04
587.9328033404089,1.171500000000000000e+04
588.0080538670875,1.176500000000000000e+04
588.0833720770029,1.174400000000000000e+04
588.1586888286358,1.177600000000000000e+04
588.234007573644,1.184000000000000000e+04
588.3093248450679,1.175200000000000000e+04
588.3846440963296,1.183200000000000000e+04
588.4599618586897,1.185900000000000000e+04
588.5352781235977,1.186900000000000000e+04
588.6105963471232,1.187700000000000000e+04
588.6859130578563,1.184900000000000000e+04
588.761231713632,1.190400000000000000e+04
588.8364864301399,1.191400000000000000e+04
588.9118020050827,1.190100000000000000e+04
588.9871195037894,1.196800000000000000e+04
589.0624389203426,1.198000000000000000e+04
589.1377567779897,1.200400000000000000e+04
589.2130730681441,1.201700000000000000e+04
589.2883287478853,1.198000000000000000e+04
589.3636453356847,1.205300000000000000e+04
589.4389638063658,1.202400000000000000e+04
589.5142806787193,1.204100000000000000e+04
589.5895403256021,1.203200000000000000e+04
589.6648574383153,1.205000000000000000e+04
589.740176406581,1.205200000000000000e+04
589.8154276479908,1.209000000000000000e+04
589.8907468120178,1.213700000000000000e+04
589.9660643313503,1.215300000000000000e+04
590.0413210120631,1.213800000000000000e+04
590.1166352010036,1.207800000000000000e+04
590.1919546858783,1.206700000000000000e+04
590.2672132644499,1.208100000000000000e+04
590.3425293741994,1.213500000000000000e+04
590.4177880160598,1.212900000000000000e+04
590.4931042037921,1.207700000000000000e+04
590.568418683014,1.209000000000000000e+04
590.643675627467,1.214800000000000000e+04
590.7189936284246,1.215300000000000000e+04
590.7942505619948,1.214300000000000000e+04
590.8695685685237,1.210400000000000000e+04
590.9448219696872,1.208300000000000000e+04
591.0201399515241,1.214900000000000000e+04
591.0953967743105,1.211900000000000000e+04
591.1707147029425,1.210100000000000000e+04
591.2459714266577,1.210800000000000000e+04
591.3212892726514,1.206100000000000000e+04
591.3965458678394,1.206100000000000000e+04
591.4718006307248,1.210600000000000000e+04
591.547116539627,1.207400000000000000e+04
591.6223746281325,1.208700000000000000e+04
591.6976903797901,1.208600000000000000e+04
591.7729482668865,1.211400000000000000e+04
591.8482042834247,1.211900000000000000e+04
591.9235214878881,1.211200000000000000e+04
591.9987807623979,1.214200000000000000e+04
592.0740346381908,1.211500000000000000e+04
592.1493532320127,1.208800000000000000e+04
592.2246103231383,1.213200000000000000e+04
592.2998654966053,1.207200000000000000e+04
592.3751222527409,1.212700000000000000e+04
592.4504402550338,1.213900000000000000e+04
592.5256966625434,1.214300000000000000e+04
592.6009511209176,1.210200000000000000e+04
592.6762106466866,1.217700000000000000e+04
592.7515244260364,1.216900000000000000e+04
592.8267835455117,1.213000000000000000e+04
592.9020371707703,1.212900000000000000e+04
592.9772958390107,1.218400000000000000e+04
593.0525489954576,1.219900000000000000e+04
593.1278071826566,1.221000000000000000e+04
593.2031266995527,1.224700000000000000e+04
593.2783808730474,1.221000000000000000e+04
593.3536365391337,1.220500000000000000e+04
593.4288936916811,1.225200000000000000e+04
593.5041488020836,1.224700000000000000e+04
593.5794089082539,1.226900000000000000e+04
593.6546634339551,1.230000000000000000e+04
593.729919417986,1.228600000000000000e+04
593.8051733281523,1.232900000000000000e+04
593.8804322095,1.234600000000000000e+04
593.955689002888,1.238300000000000000e+04
594.0309472282032,1.241500000000000000e+04
594.1061998200399,1.241000000000000000e+04
594.1814573584147,1.242600000000000000e+04
594.2567163084306,1.240900000000000000e+04
594.3319695993049,1.240300000000000000e+04
594.4072278190921,1.242600000000000000e+04
594.4824803620132,1.246900000000000000e+04
594.5577413564724,1.241600000000000000e+04
594.6329931222317,1.249800000000000000e+04
594.7082533289405,1.247800000000000000e+04
594.7834441469494,1.250400000000000000e+04
594.85870352054,1.252400000000000000e+04
594.9339607052526,1.248300000000000000e+04
595.0092192325558,1.254700000000000000e+04
595.0844720137306,1.255700000000000000e+04
595.1596694470827,1.253500000000000000e+04
595.2349248608839,1.257100000000000000e+04
595.310178044894,1.258300000000000000e+04
595.3854360798784,1.256600000000000000e+04
595.4606918708308,1.260100000000000000e+04
595.5358886627483,1.256100000000000000e+04
595.611147019589,1.256200000000000000e+04
595.6864031092157,1.257000000000000000e+04
595.7615965842728,1.262300000000000000e+04
595.836855197865,1.257700000000000000e+04
595.9121115210278,1.262500000000000000e+04
595.9873051606659,1.262900000000000000e+04
596.0625604137975,1.263200000000000000e+04
596.1378169052595,1.269500000000000000e+04
596.2130106441916,1.267800000000000000e+04
596.2882695773723,1.268700000000000000e+04
596.3635261735925,1.264700000000000000e+04
596.4387199482267,1.264100000000000000e+04
596.5139753866564,1.262400000000000000e+04
596.5891715160268,1.259600000000000000e+04
596.6644293271388,1.266400000000000000e+04
596.739624225117,1.258600000000000000e+04
596.8148808209818,1.266200000000000000e+04
596.8900744570072,1.260800000000000000e+04
596.9653333707323,1.262500000000000000e+04
597.0405257151125,1.258700000000000000e+04
597.115786920592,1.263600000000000000e+04
597.1909779436049,1.259700000000000000e+04
597.2662342801653,1.261200000000000000e+04
597.3414275184313,1.260100000000000000e+04
597.4166254158234,1.264600000000000000e+04
597.491885088153,1.256000000000000000e+04
597.5670780238231,1.257600000000000000e+04
597.6423327487403,1.262700000000000000e+04
597.7175242592349,1.259900000000000000e+04
597.792720398088,1.255200000000000000e+04
597.8679783530253,1.261200000000000000e+04
597.9431801766776,1.257400000000000000e+04
598.0183687346421,1.259200000000000000e+04
598.0936227072775,1.260400000000000000e+04
598.1688204827943,1.255900000000000000e+04
598.2440156960317,1.255900000000000000e+04
598.3192119177841,1.257100000000000000e+04
598.3944735953452,1.258300000000000000e+04
598.4696646678975,1.256100000000000000e+04
598.5448638913675,1.252000000000000000e+04
598.6200605143976,1.263700000000000000e+04
598.6952545279034,1.253000000000000000e+04
598.7705032869707,1.254400000000000000e+04
598.845702827054,1.252800000000000000e+04
598.9209033228055,1.256500000000000000e+04
598.9960940039387,1.255600000000000000e+04
599.0712892114018,1.255300000000000000e+04
599.1464853517283,1.256000000000000000e+04
599.2216788278446,1.258900000000000000e+04
599.2968768137707,1.261700000000000000e+04
599.3720685283897,1.258300000000000000e+04
599.4472683333562,1.261200000000000000e+04
599.5225229531976,1.257700000000000000e+04
599.5977173765003,1.265000000000000000e+04
599.6729126841367,1.261800000000000000e+04
599.7481088696748,1.259400000000000000e+04
599.8232987309193,1.263500000000000000e+04
599.8985002499289,1.264400000000000000e+04
599.9736306356483,1.265300000000000000e+04
600.0488302503571,1.269800000000000000e+04
600.1240271092662,1.264400000000000000e+04
600.1992212032151,1.269000000000000000e+04
600.274408919746,1.272000000000000000e+04
600.3496082679649,1.269700000000000000e+04
600.4248084342357,1.274400000000000000e+04
600.499998594085,1.272200000000000000e+04
600.5751931605373,1.276000000000000000e+04
600.6503235814662,1.278900000000000000e+04
600.7255197152398,1.271100000000000000e+04
600.8007166310834,1.277400000000000000e+04
600.875914322513,1.275700000000000000e+04
600.9511163944641,1.280000000000000000e+04
601.0262433719869,1.280700000000000000e+04
601.1014361076029,1.275800000000000000e+04
601.1766404316174,1.283000000000000000e+04
601.2518346554406,1.284500000000000000e+04
601.3269681412486,1.287300000000000000e+04
601.4021565754814,1.281800000000000000e+04
601.4773565793163,1.286900000000000000e+04
601.55249578129,1.286900000000000000e+04
601.6276863350764,1.286600000000000000e+04
601.7028775856559,1.283600000000000000e+04
601.7780115846128,1.294200000000000000e+04
601.8532078169892,1.290200000000000000e+04
601.9284011052009,1.288800000000000000e+04
602.0035370787526,1.290000000000000000e+04
602.0787353122603,1.290500000000000000e+04
602.1538653131911,1.294700000000000000e+04
602.2290648417321,1.291800000000000000e+04
602.3041960901958,1.289500000000000000e+04
602.3793896303448,1.292900000000000000e+04
602.4545329868457,1.287600000000000000e+04
602.52972050603,1.290500000000000000e+04
602.6048541681286,1.291800000000000000e+04
602.6800537894703,1.292200000000000000e+04
602.7551886194266,1.292000000000000000e+04
602.8303821600039,1.293800000000000000e+04
602.9055217646458,1.291800000000000000e+04
602.9807128258426,1.291400000000000000e+04
603.055846272166,1.291100000000000000e+04
603.1309766185691,1.290300000000000000e+04
603.2061729886882,1.292900000000000000e+04
603.281308042969,1.293600000000000000e+04
603.3564436151993,1.293800000000000000e+04
603.4316452421198,1.290200000000000000e+04
603.5067745623387,1.289700000000000000e+04
603.5819116632719,1.287600000000000000e+04
603.6571039159869,1.292700000000000000e+04
603.732238361985,1.292400000000000000e+04
603.8073696385936,1.296400000000000000e+04
603.8825123234259,1.288100000000000000e+04
603.9576992468579,1.288000000000000000e+04
604.0328355724649,1.285100000000000000e+04
604.1079723479853,1.285300000000000000e+04
604.1831095667776,1.284100000000000000e+04
604.2582983401253,1.284300000000000000e+04
604.3334364382367,1.283900000000000000e+04
604.4085676534826,1.283900000000000000e+04
604.4836992817685,1.285200000000000000e+04
604.5588422811774,1.284800000000000000e+04
604.6339747182885,1.282300000000000000e+04
604.7091075484526,1.286600000000000000e+04
604.7842444226404,1.286400000000000000e+04
604.859378019808,1.283700000000000000e+04
604.9345046710955,1.282900000000000000e+04
605.009704892442,1.286800000000000000e+04
605.0848359419433,1.285000000000000000e+04
605.1599746669862,1.285200000000000000e+04
605.23510275086,1.285400000000000000e+04
605.310245826721,1.286600000000000000e+04
605.3853159408447,1.287700000000000000e+04
605.4604486674336,1.287300000000000000e+04
605.535581711707,1.290300000000000000e+04
605.6107150669574,1.289900000000000000e+04
605.6858487264751,1.294200000000000000e+04
605.7609863530097,1.293700000000000000e+04
605.8361242722013,1.288700000000000000e+04
605.9112514634761,1.291900000000000000e+04
605.9863899450862,1.298000000000000000e+04
606.0615286991821,1.288100000000000000e+04
606.1365942387108,1.294700000000000000e+04
606.2117261495124,1.292200000000000000e+04
606.2868656606279,1.294200000000000000e+04
606.3619980637881,1.291900000000000000e+04
606.4370718595482,1.298200000000000000e+04
606.5122047116855,1.296900000000000000e+04
606.5873377854751,1.299100000000000000e+04
606.6624747545558,1.295200000000000000e+04
606.7375456701113,1.295100000000000000e+04
606.8126830359437,1.295300000000000000e+04
606.8878205982112,1.299700000000000000e+04
606.9628957214667,1.301500000000000000e+04
607.0380225859356,1.304400000000000000e+04
607.1131606786419,1.304200000000000000e+04
607.1882288919476,1.301500000000000000e+04
607.2633709869046,1.298900000000000000e+04
607.3385021736576,1.305300000000000000e+04
607.4135707840262,1.305700000000000000e+04
607.4887096199877,1.305800000000000000e+04
607.5637821472627,1.304000000000000000e+04
607.6389138462803,1.309100000000000000e+04
607.7139865728267,1.306900000000000000e+04
607.7891221807843,1.302100000000000000e+04
607.8641950802765,1.307800000000000000e+04
607.9393308785938,1.308500000000000000e+04
608.0144039237675,1.305000000000000000e+04
608.089539885174,1.305700000000000000e+04
608.1646130487377,1.303900000000000000e+04
608.2397417468239,1.308400000000000000e+04
608.3148187001017,1.306900000000000000e+04
608.3898956827247,1.307800000000000000e+04
608.4650245200035,1.304500000000000000e+04
608.5401015535813,1.308900000000000000e+04
608.6151785959717,1.307500000000000000e+04
608.6903112159022,1.308000000000000000e+04
608.7653771512115,1.306200000000000000e+04
608.8404578967535,1.306700000000000000e+04
608.9155905344547,1.305200000000000000e+04
608.990660126277,1.308500000000000000e+04
609.0657296820973,1.306400000000000000e+04
609.1408659845031,1.305200000000000000e+04
609.2159465984835,1.306500000000000000e+04
609.2910160242585,1.302000000000000000e+04
609.3660890997941,1.302200000000000000e+04
609.4411621067635,1.308500000000000000e+04
609.5162981949915,1.309500000000000000e+04
609.591371059717,1.302800000000000000e+04
609.6664438352011,1.310300000000000000e+04
609.7415165145444,1.300200000000000000e+04
609.8165928096073,1.310600000000000000e+04
609.8916652768738,1.306900000000000000e+04
609.9667339066874,1.308700000000000000e+04
610.041806132408,1.302600000000000000e+04
610.1168819498673,1.303100000000000000e+04
610.1919576315516,1.303500000000000000e+04
610.2670257220219,1.300000000000000000e+04
610.3421011095528,1.302600000000000000e+04
610.4171800666223,1.303000000000000000e+04
610.4922476810158,1.306500000000000000e+04
610.5673225771701,1.304000000000000000e+04
610.6423935671218,1.303500000000000000e+04
610.7174681006938,1.308600000000000000e+04
610.7925387123403,1.309000000000000000e+04
610.8676165871373,1.304600000000000000e+04
610.9426867935962,1.306200000000000000e+04
611.0177642529652,1.299500000000000000e+04
611.0928340264109,1.304600000000000000e+04
611.1679035719891,1.303500000000000000e+04
611.2429205762214,1.300800000000000000e+04
611.3179896323122,1.309100000000000000e+04
611.3930696536677,1.312400000000000000e+04
611.4681382079762,1.306700000000000000e+04
611.543210239399,1.303700000000000000e+04
611.6182258914046,1.304900000000000000e+04
611.6932973662973,1.306200000000000000e+04
611.7683685593274,1.304500000000000000e+04
611.8434394635015,1.306400000000000000e+04
611.91845764963,1.308700000000000000e+04
611.9935279422344,1.307000000000000000e+04
612.06860167126,1.309300000000000000e+04
612.1436188772811,1.310100000000000000e+04
612.2186919554537,1.307800000000000000e+04
612.2937609555369,1.306900000000000000e+04
612.368769618424,1.308900000000000000e+04
612.443841671833,1.307000000000000000e+04
612.518860850012,1.312100000000000000e+04
612.5939321832865,1.310000000000000000e+04
612.668943094263,1.308400000000000000e+04
612.7440136774355,1.314300000000000000e+04
612.8190876378331,1.304900000000000000e+04
612.8941048689004,1.313500000000000000e+04
612.9691780415548,1.317700000000000000e+04
613.0441869267229,1.311500000000000000e+04
613.1192028943198,1.312200000000000000e+04
613.1942785838127,1.310100000000000000e+04
613.2692861585759,1.314400000000000000e+04
613.3443572287938,1.311200000000000000e+04
613.4193751865103,1.314000000000000000e+04
613.4944491348593,1.315600000000000000e+04
613.5694586386024,1.314200000000000000e+04
613.644467658833,1.316600000000000000e+04
613.7195402192466,1.317500000000000000e+04
613.794555801729,1.318600000000000000e+04
613.8695671147681,1.314200000000000000e+04
613.9446382262654,1.319300000000000000e+04
614.0196560673113,1.318800000000000000e+04
614.0946658455853,1.324900000000000000e+04
614.1696826366328,1.316400000000000000e+04
614.2447554874341,1.326900000000000000e+04
614.3197636679537,1.321000000000000000e+04
614.3947788454523,1.325400000000000000e+04
614.4697859154201,1.320900000000000000e+04
614.5448037484722,1.317600000000000000e+04
614.619873899117,1.320100000000000000e+04
614.694883044028,1.318400000000000000e+04
614.769899161373,1.321100000000000000e+04
614.8449071281832,1.321200000000000000e+04
614.9199220568489,1.321700000000000000e+04
614.994936381391,1.326500000000000000e+04
615.0699463115571,1.318000000000000000e+04
615.1449594055,1.321100000000000000e+04
615.219968088927,1.317300000000000000e+04
615.2949799236752,1.322000000000000000e+04
615.3699949053583,1.316900000000000000e+04
615.4450130295872,1.320700000000000000e+04
615.5200153487256,1.314800000000000000e+04
615.5950321611059,1.322200000000000000e+04
615.6700445181616,1.321100000000000000e+04
615.7450599927896,1.319300000000000000e+04
615.8200634112113,1.316700000000000000e+04
615.8950775175382,1.320600000000000000e+04
615.9700909303292,1.321200000000000000e+04
616.045103642399,1.317200000000000000e+04
616.1200587059649,1.321600000000000000e+04
616.1950737781215,1.317700000000000000e+04
616.2700843319404,1.318300000000000000e+04
616.3450979550751,1.315700000000000000e+04
616.4201070436227,1.312700000000000000e+04
616.4950545776754,1.315300000000000000e+04
616.5700659579935,1.316000000000000000e+04
616.6450765818348,1.313400000000000000e+04
616.720097852294,1.316800000000000000e+04
616.7950422701603,1.313000000000000000e+04
616.8700581788843,1.311800000000000000e+04
616.9450694997388,1.314700000000000000e+04
617.0200229227949,1.315900000000000000e+04
617.0950326410584,1.316700000000000000e+04
617.1700377451283,1.315600000000000000e+04
617.2449925060192,1.310600000000000000e+04
617.3200073947381,1.314300000000000000e+04
617.395013836697,1.310800000000000000e+04
617.4699660667885,1.310800000000000000e+04
617.5449822610196,1.316000000000000000e+04
617.6199327648687,1.312600000000000000e+04
617.6949472498279,1.311200000000000000e+04
617.7698959983896,1.314200000000000000e+04
617.8449087450254,1.312000000000000000e+04
617.9198595274773,1.308800000000000000e+04
617.9948705076381,1.314500000000000000e+04
618.069827119618,1.310600000000000000e+04
618.144840127084,1.306000000000000000e+04
618.2197872618343,1.309000000000000000e+04
618.2947411041071,1.308100000000000000e+04
618.3697513617161,1.310900000000000000e+04
618.44469567746,1.315400000000000000e+04
618.5196505100681,1.316300000000000000e+04
618.5946694328892,1.312200000000000000e+04
618.6696146951708,1.316200000000000000e+04
618.7445666341545,1.312000000000000000e+04
618.8195826887393,1.312500000000000000e+04
618.8945326685835,1.316600000000000000e+04
618.9694854812299,1.312500000000000000e+04
619.0444334578197,1.312300000000000000e+04
619.1194494169247,1.314500000000000000e+04
619.1943992107521,1.310700000000000000e+04
619.2693479786984,1.310100000000000000e+04
619.3442957134283,1.312100000000000000e+04
619.4192500812071,1.316100000000000000e+04
619.4942648084996,1.318500000000000000e+04
619.5692094181061,1.313500000000000000e+04
619.6441644838893,1.318100000000000000e+04
619.7191184853039,1.318500000000000000e+04
619.7940637321011,1.318600000000000000e+04
619.8690155808523,1.317300000000000000e+04
619.9439663431604,1.317100000000000000e+04
620.0189198558951,1.323800000000000000e+04
620.0938722693128,1.311900000000000000e+04
620.1688197299484,1.314000000000000000e+04
620.2437699216852,1.317800000000000000e+04
620.3187305358406,1.318700000000000000e+04
620.393678480104,1.318700000000000000e+04
620.4686252881608,1.316900000000000000e+04
620.543582504853,1.318700000000000000e+04
620.61852702112,1.315700000000000000e+04
620.6934819368186,1.318800000000000000e+04
620.7684356923214,1.317800000000000000e+04
620.8433227543279,1.318200000000000000e+04
620.9182780068074,1.314600000000000000e+04
620.9932282224137,1.317400000000000000e+04
621.0681811054573,1.314800000000000000e+04
621.1431327931294,1.317200000000000000e+04
621.2180794188941,1.314400000000000000e+04
621.2929746519387,1.314800000000000000e+04
621.3679226950109,1.317900000000000000e+04
621.4428695130218,1.313600000000000000e+04
621.5177610187308,1.315600000000000000e+04
621.5927130788318,1.317500000000000000e+04
621.6676600305892,1.318900000000000000e+04
621.7426134606835,1.317200000000000000e+04
621.8174999024244,1.317800000000000000e+04
621.8924507959133,1.319300000000000000e+04
621.9673462597708,1.315500000000000000e+04
622.0422984590124,1.316800000000000000e+04
622.1172493736544,1.314700000000000000e+04
622.1921409277729,1.316600000000000000e+04
622.2670892368434,1.311500000000000000e+04
622.3419781424883,1.315500000000000000e+04
622.4169354382018,1.313300000000000000e+04
622.4918216682801,1.309700000000000000e+04
622.5667763070498,1.310500000000000000e+04
622.6416637084727,1.313800000000000000e+04
622.7166156613104,1.309400000000000000e+04
622.791500330108,1.313200000000000000e+04
622.8664495670652,1.311300000000000000e+04
622.9413431149467,1.307000000000000000e+04
623.0162352679529,1.314300000000000000e+04
623.0911842549693,1.312800000000000000e+04
623.1660736097131,1.317500000000000000e+04
623.2409693156505,1.312700000000000000e+04
623.3159141083677,1.311200000000000000e+04
623.3908108627464,1.309000000000000000e+04
623.4656984085988,1.309300000000000000e+04
623.54065060535,1.312400000000000000e+04
623.6155430462911,1.312600000000000000e+04
623.6904262505253,1.312400000000000000e+04
623.7653157682421,1.311200000000000000e+04
623.8402738657751,1.311000000000000000e+04
623.9151643415145,1.307200000000000000e+04
623.9900494384281,1.311400000000000000e+04
624.0649369353079,1.317600000000000000e+04
624.1398346184196,1.314200000000000000e+04
624.2147191099846,1.315300000000000000e+04
624.2896137782844,1.305200000000000000e+04
624.3645615055957,1.314400000000000000e+04
624.4394531447507,1.315200000000000000e+04
624.5143432514428,1.309500000000000000e+04
624.5892357192214,1.309300000000000000e+04
624.6641227392169,1.310100000000000000e+04
624.739008204036,1.309700000000000000e+04
624.8139077217978,1.310200000000000000e+04
624.8887900572714,1.309200000000000000e+04
624.9636825322137,1.308200000000000000e+04
625.0385773339976,1.306500000000000000e+04
625.1134666425047,1.306300000000000000e+04
625.1883582645422,1.312000000000000000e+04
625.263181823586,1.308700000000000000e+04
625.3380780414589,1.305300000000000000e+04
625.4129648242472,1.304600000000000000e+04
625.4878578081264,1.306300000000000000e+04
625.5627413379577,1.311800000000000000e+04
625.6376349716288,1.305500000000000000e+04
625.7124604067309,1.303600000000000000e+04
625.7873507351937,1.309500000000000000e+04
625.8622394075853,1.304400000000000000e+04
625.9371381701984,1.310000000000000000e+04
626.0119647267263,1.303400000000000000e+04
626.0868522937308,1.306400000000000000e+04
626.1617460175852,1.306800000000000000e+04
626.2366380528313,1.304600000000000000e+04
626.3114617065921,1.303500000000000000e+04
626.3863503257447,1.305100000000000000e+04
626.4611822898413,1.304000000000000000e+04
626.5360713905895,1.303100000000000000e+04
626.6109666191869,1.304400000000000000e+04
626.6857933539325,1.304900000000000000e+04
626.7606772445703,1.303900000000000000e+04
626.8355122365108,1.303600000000000000e+04
626.9104044027886,1.308000000000000000e+04
626.985224051504,1.308800000000000000e+04
627.0601205419518,1.306300000000000000e+04
627.1349523354077,1.306400000000000000e+04
627.2098373967692,1.306600000000000000e+04
627.2846616468294,1.303800000000000000e+04
627.3595549170336,1.301400000000000000e+04
627.4343873380152,1.304000000000000000e+04
627.5092769901677,1.304200000000000000e+04
627.5841096881397,1.304000000000000000e+04
627.6589365990222,1.302000000000000000e+04
627.7338247007415,1.307600000000000000e+04
627.8086518461457,1.306400000000000000e+04
627.8834850056414,1.306900000000000000e+04
627.9583754402697,1.300800000000000000e+04
628.0332088011603,1.306900000000000000e+04
628.1080284382782,1.306900000000000000e+04
628.182858012259,1.301300000000000000e+04
628.2577527829216,1.297800000000000000e+04
628.3325785578783,1.307300000000000000e+04
628.4074142606058,1.306200000000000000e+04
628.4822361924339,1.302300000000000000e+04
628.5570680421939,1.301200000000000000e+04
628.6318979552647,1.301400000000000000e+04
628.706785214725,1.300000000000000000e+04
628.7816191526078,1.304900000000000000e+04
628.8564471797065,1.303600000000000000e+04
628.9312811520758,1.302600000000000000e+04
629.0061012851678,1.300100000000000000e+04
629.0809313073146,1.300000000000000000e+04
629.155759344112,1.304800000000000000e+04
629.2305893470999,1.300900000000000000e+04
629.3054252715824,1.304700000000000000e+04
629.380247309458,1.303800000000000000e+04
629.4550831794276,1.303100000000000000e+04
629.5299011803792,1.298400000000000000e+04
629.6047330053896,1.298900000000000000e+04
629.6795707280481,1.299400000000000000e+04
629.7543389940075,1.301900000000000000e+04
629.8291607196976,1.297700000000000000e+04
629.9039962589939,1.297100000000000000e+04
629.9788178342736,1.296600000000000000e+04
630.0536452776254,1.298800000000000000e+04
630.1284746162776,1.300800000000000000e+04
630.2032423002603,1.306700000000000000e+04
630.2780753994684,1.297800000000000000e+04
630.3529103790165,1.297700000000000000e+04
630.4277313363475,1.296900000000000000e+04
630.5025024771371,1.301200000000000000e+04
630.5773311190919,1.305500000000000000e+04
630.6521576385172,1.302400000000000000e+04
630.7269342895984,1.306400000000000000e+04
630.8017565291294,1.305400000000000000e+04
630.8765845827202,1.306700000000000000e+04
630.9513587332427,1.299900000000000000e+04
631.0261864484233,1.297200000000000000e+04
631.1009522564115,1.305200000000000000e+04
631.175787573207,1.301200000000000000e+04
631.2506087617126,1.301700000000000000e+04
631.3253799341081,1.303900000000000000e+04
631.400208688403,1.303100000000000000e+04
631.4749754310345,1.307100000000000000e+04
631.5498037567131,1.301900000000000000e+04
631.6245780075234,1.301400000000000000e+04
631.6993420335924,1.301300000000000000e+04
631.7741716576955,1.300300000000000000e+04
631.8489391655564,1.311400000000000000e+04
631.923764305041,1.302200000000000000e+04
631.9985312783703,1.312300000000000000e+04
632.0733039606179,1.305800000000000000e+04
632.1481342990165,1.304600000000000000e+04
632.2228944223607,1.307500000000000000e+04
632.2976642345945,1.306000000000000000e+04
632.3724997216107,1.302800000000000000e+04
632.4472649272958,1.306200000000000000e+04
632.5220358114818,1.304200000000000000e+04
632.5968083701387,1.303600000000000000e+04
632.6716346337209,1.302400000000000000e+04
632.746402531009,1.300300000000000000e+04
632.8211640744752,1.307200000000000000e+04
632.895939281213,1.297400000000000000e+04
632.9707001090119,1.304700000000000000e+04
633.0454705862102,1.302500000000000000e+04
633.1202346797379,1.300600000000000000e+04
633.1950124256075,1.299100000000000000e+04
633.2698318993826,1.300600000000000000e+04
633.3446048767886,1.300500000000000000e+04
633.4193754528278,1.301800000000000000e+04
633.4941436195448,1.303300000000000000e+04
633.5689053548851,1.303100000000000000e+04
633.6436807232593,1.301100000000000000e+04
633.718441616138,1.302500000000000000e+04
633.7932121186539,1.299600000000000000e+04
633.8679199094199,1.299300000000000000e+04
633.9426855028164,1.294700000000000000e+04
634.0174606961399,1.299000000000000000e+04
634.0922213655654,1.300200000000000000e+04
634.1669876029633,1.293200000000000000e+04
634.2417553834099,1.295700000000000000e+04
634.3165327489089,1.302500000000000000e+04
634.3912351850232,1.298100000000000000e+04
634.4660075495017,1.299900000000000000e+04
634.5407774100094,1.297300000000000000e+04
634.6155447585436,1.298900000000000000e+04
634.6902491623354,1.298400000000000000e+04
634.7650114486645,1.294100000000000000e+04
634.8397832896367,1.295200000000000000e+04
634.9145525922855,1.292800000000000000e+04
634.9892588668829,1.295000000000000000e+04
635.0640230545828,1.293300000000000000e+04
635.1387362717429,1.291100000000000000e+04
635.2135074201229,1.292000000000000000e+04
635.2882719598388,1.289400000000000000e+04
635.362981437668,1.288300000000000000e+04
635.4377448294332,1.294200000000000000e+04
635.512457159198,1.289200000000000000e+04
635.5872153377827,1.294700000000000000e+04
635.6619224154749,1.296000000000000000e+04
635.7366995983534,1.294300000000000000e+04
635.8114013974615,1.291500000000000000e+04
635.8861733198535,1.293500000000000000e+04
635.960881941529,1.291000000000000000e+04
636.0356485740448,1.288700000000000000e+04
636.1103518611941,1.289800000000000000e+04
636.1850565091609,1.293600000000000000e+04
636.2598232366993,1.290800000000000000e+04
636.3345306048863,1.295000000000000000e+04
636.4092393182117,1.286800000000000000e+04
636.4840101382218,1.290300000000000000e+04
636.5587134362514,1.294300000000000000e+04
636.6334221129331,1.289900000000000000e+04
636.7081848135534,1.294500000000000000e+04
636.78290019687,1.292300000000000000e+04
636.857604726266,1.288600000000000000e+04
636.9323146152394,1.288100000000000000e+04
637.0070217458345,1.285800000000000000e+04
637.0817261099415,1.275300000000000000e+04
637.1564967140678,1.274300000000000000e+04
637.2311995976745,1.275600000000000000e+04
637.3059078155254,1.280600000000000000e+04
637.3806132401302,1.275200000000000000e+04
637.4553280538418,1.282800000000000000e+04
637.5300278704315,1.289600000000000000e+04
637.6047370655823,1.290400000000000000e+04
637.679443440681,1.296100000000000000e+04
637.7541469875897,1.291500000000000000e+04
637.8288599029363,1.296200000000000000e+04
637.9035659103154,1.294300000000000000e+04
637.978273139046,1.292500000000000000e+04
638.052977512721,1.297100000000000000e+04
638.1276830952562,1.294400000000000000e+04
638.2023898813551,1.290400000000000000e+04
638.2770978657181,1.296200000000000000e+04
638.3517418441655,1.297800000000000000e+04
638.4264562697699,1.292700000000000000e+04
638.5011555722814,1.300100000000000000e+04
638.5758642016897,1.303100000000000000e+04
638.6505699221697,1.294700000000000000e+04
638.7252237691496,1.298800000000000000e+04
638.7999236357822,1.297300000000000000e+04
638.874628732156,1.301400000000000000e+04
638.9493472209352,1.298600000000000000e+04
639.0239892680094,1.302000000000000000e+04
639.098689601196,1.298300000000000000e+04
639.173395144716,1.300200000000000000e+04
639.2480405140027,1.296000000000000000e+04
639.3227564554909,1.301500000000000000e+04
639.3973958340758,1.301500000000000000e+04
639.4721058028182,1.302500000000000000e+04
639.5468086912668,1.306700000000000000e+04
639.6214635767756,1.299900000000000000e+04
639.6961604460553,1.301800000000000000e+04
639.7708092749344,1.300300000000000000e+04
639.8455164682429,1.299600000000000000e+04
639.9201674013606,1.305300000000000000e+04
639.9948767149377,1.301000000000000000e+04
640.0695174401586,1.299200000000000000e+04
640.1441591862857,1.299900000000000000e+04
640.2188716275688,1.296700000000000000e+04
640.2935236151387,1.301700000000000000e+04
640.3681602084457,1.299600000000000000e+04
640.4428757290473,1.302900000000000000e+04
640.5175143262505,1.301900000000000000e+04
640.592166218985,1.301500000000000000e+04
640.6668724558668,1.303500000000000000e+04
640.7415181149009,1.302500000000000000e+04
640.8161565315354,1.303000000000000000e+04
640.8908041242695,1.299100000000000000e+04
640.9655143022176,1.297700000000000000e+04
641.0401638233027,1.299000000000000000e+04
641.1148060727106,1.299900000000000000e+04
641.1894533730033,1.305900000000000000e+04
641.2641016094406,1.298900000000000000e+04
641.3387425502967,1.298100000000000000e+04
641.4134543525283,1.304400000000000000e+04
641.488101262261,1.302100000000000000e+04
641.5627449685089,1.302400000000000000e+04
641.6373854629693,1.299900000000000000e+04
641.7120350911663,1.295600000000000000e+04
641.7866814967092,1.297000000000000000e+04
641.8613246712862,1.305400000000000000e+04
641.9359769690361,1.300700000000000000e+04
642.0106260249374,1.301600000000000000e+04
642.0852718306695,1.302200000000000000e+04
642.1598525225107,1.298900000000000000e+04
642.2344917885489,1.301500000000000000e+04
642.3091401562656,1.300300000000000000e+04
642.3837934993884,1.298300000000000000e+04
642.4584353052218,1.292600000000000000e+04
642.5330862021095,1.302000000000000000e+04
642.6077296725547,1.298700000000000000e+04
642.6823120100572,1.297800000000000000e+04
642.7569529755671,1.296000000000000000e+04
642.8315988836831,1.297900000000000000e+04
642.9062455985243,1.300600000000000000e+04
642.9808352351971,1.300700000000000000e+04
643.055475263203,1.302000000000000000e+04
643.1301243499755,1.295200000000000000e+04
643.2047163018128,1.295500000000000000e+04
643.279354524987,1.295300000000000000e+04
643.3539438476895,1.296300000000000000e+04
643.4285877299418,1.300500000000000000e+04
643.5032406530961,1.300000000000000000e+04
643.5778197789244,1.300300000000000000e+04
643.6524659081414,1.297400000000000000e+04
643.7270464782921,1.305300000000000000e+04
643.8016982163535,1.296400000000000000e+04
643.876284355504,1.294000000000000000e+04
643.9509292459394,1.299500000000000000e+04
644.0255084918365,1.301100000000000000e+04
644.1001589469886,1.304100000000000000e+04
644.1747437177227,1.304200000000000000e+04
644.2493250109602,1.307100000000000000e+04
644.3239775458864,1.304700000000000000e+04
644.3985601811679,1.301100000000000000e+04
644.4731434709971,1.307600000000000000e+04
644.5477855716856,1.306000000000000000e+04
644.6223743228242,1.309500000000000000e+04
644.6969595574612,1.304600000000000000e+04
644.7715495817692,1.305700000000000000e+04
644.8461901340061,1.313100000000000000e+04
644.9207731033271,1.305700000000000000e+04
644.9953650068094,1.311800000000000000e+04
645.0699450389038,1.311600000000000000e+04
645.1445298338459,1.313600000000000000e+04
645.219177672042,1.313200000000000000e+04
645.2937678340779,1.314900000000000000e+04
645.3683419239809,1.317200000000000000e+04
645.4429290863851,1.317500000000000000e+04
645.5175168235929,1.319900000000000000e+04
645.5921051300253,1.322500000000000000e+04
645.6666898312457,1.319700000000000000e+04
645.7412750885978,1.326600000000000000e+04
645.8158525549321,1.319200000000000000e+04
645.8904389058563,1.330700000000000000e+04
645.9650299688499,1.327500000000000000e+04
646.0396090465212,1.331500000000000000e+04
646.1141969977764,1.327300000000000000e+04
646.1887812959989,1.329600000000000000e+04
646.2633076373747,1.335000000000000000e+04
646.3378845915109,1.331100000000000000e+04
646.4124787595719,1.335800000000000000e+04
646.4870608913304,1.332700000000000000e+04
646.5616476941717,1.336900000000000000e+04
646.6361722632304,1.336700000000000000e+04
646.7107558375826,1.338100000000000000e+04
646.7853440690486,1.336000000000000000e+04
646.859928586342,1.337900000000000000e+04
646.9344466023072,1.344800000000000000e+04
647.0090362098298,1.339400000000000000e+04
647.083622083392,1.344900000000000000e+04
647.1581413924066,1.345100000000000000e+04
647.2327239470708,1.344300000000000000e+04
647.307306934167,1.344200000000000000e+04
647.3818400556567,1.349800000000000000e+04
647.456419687093,1.346500000000000000e+04
647.5309452235595,1.354600000000000000e+04
647.6055298578293,1.353400000000000000e+04
647.6800561677495,1.354100000000000000e+04
647.7546415911931,1.356100000000000000e+04
647.829164455096,1.351700000000000000e+04
647.9037464463057,1.357300000000000000e+04
647.9782700344881,1.357300000000000000e+04
648.0527939695423,1.361500000000000000e+04
648.1273854568424,1.361600000000000000e+04
648.2019100840658,1.361900000000000000e+04
648.2764938778582,1.365300000000000000e+04
648.3510107654179,1.364300000000000000e+04
648.425536376692,1.374200000000000000e+04
648.5000623007427,1.372300000000000000e+04
648.5746432162518,1.376200000000000000e+04
648.6491655538866,1.370700000000000000e+04
648.7236881852804,1.371000000000000000e+04
648.7982195235151,1.373100000000000000e+04
648.8728058826379,1.375000000000000000e+04
648.9473293775359,1.374900000000000000e+04
649.0218489310823,1.379300000000000000e+04
649.0963729611857,1.375500000000000000e+04
649.1708972508054,1.379600000000000000e+04
649.2454260094211,1.380700000000000000e+04
649.3199508018886,1.383600000000000000e+04
649.3944716195824,1.387000000000000000e+04
649.4689926719741,1.386300000000000000e+04
649.5435181724034,1.389600000000000000e+04
649.6180396779724,1.388300000000000000e+04
649.6925698430567,1.389100000000000000e+04
649.7670917798398,1.391400000000000000e+04
649.8416139226556,1.394800000000000000e+04
649.9161320418531,1.396900000000000000e+04
649.9906588034178,1.404700000000000000e+04
650.0651815298742,1.397300000000000000e+04
650.1397086661992,1.406400000000000000e+04
650.2142317539774,1.403900000000000000e+04
650.2887550133019,1.403800000000000000e+04
650.3632192222857,1.407800000000000000e+04
650.4377470245496,1.402200000000000000e+04
650.5122665196939,1.407100000000000000e+04
650.5867946266628,1.413100000000000000e+04
650.6612551406859,1.412800000000000000e+04
650.7357750465694,1.416100000000000000e+04
650.8103035527816,1.419000000000000000e+04
650.8847644021826,1.423800000000000000e+04
650.9592931417967,1.420100000000000000e+04
651.0338092818513,1.419700000000000000e+04
651.1082704136296,1.421600000000000000e+04
651.182799464824,1.428700000000000000e+04
651.2572649940395,1.429300000000000000e+04
651.3317857370804,1.435400000000000000e+04
651.4062556434649,1.442200000000000000e+04
651.4807807792504,1.438900000000000000e+04
651.5552380644563,1.446100000000000000e+04
651.6297548330812,1.445300000000000000e+04
651.7042206933047,1.436800000000000000e+04
651.7787503045504,1.443900000000000000e+04
651.8532162309156,1.448300000000000000e+04
651.9277374256133,1.456900000000000000e+04
652.0021948907765,1.457100000000000000e+04
652.0766608615594,1.453700000000000000e+04
652.1511863740992,1.461100000000000000e+04
652.2256523518495,1.463800000000000000e+04
652.3001055526772,1.465300000000000000e+04
652.3745757534864,1.466600000000000000e+04
652.4490927583861,1.468600000000000000e+04
652.523554404734,1.474800000000000000e+04
652.5980245314129,1.476000000000000000e+04
652.6724818393412,1.485100000000000000e+04
652.7469518786384,1.487800000000000000e+04
652.8214730080308,1.489100000000000000e+04
652.8959386884019,1.493100000000000000e+04
652.9703957767102,1.498700000000000000e+04
653.0448655846427,1.501500000000000000e+04
653.1193267868492,1.507500000000000000e+04
653.1937879048733,1.505500000000000000e+04
653.268253200443,1.512100000000000000e+04
653.3427141334746,1.519300000000000000e+04
653.417174964718,1.517700000000000000e+04
653.4916399588126,1.515200000000000000e+04
653.5661005698283,1.518400000000000000e+04
653.640569606346,1.521800000000000000e+04
653.7150299745911,1.523000000000000000e+04
653.7894902116518,1.529900000000000000e+04
653.8638947316973,1.527200000000000000e+04
653.938354676066,1.536100000000000000e+04
653.9927330350457,1.540039483022747481e+04
654.0128144715792,1.542900000000000000e+04
654.0673848929049,1.548314759798614614e+04
654.0872783906434,1.549200000000000000e+04
654.1419639360352,1.550828767933055133e+04
654.1617421510075,1.549600000000000000e+04
654.2166156285444,1.551457269966665262e+04
654.2361458232748,1.552000000000000000e+04
654.2911987423258,1.559313545386792248e+04
654.3658416830104,1.561199051487622637e+04
654.4404288467964,1.566017567078633874e+04
654.5150758549863,1.564446311994608550e+04
654.5897184695584,1.573245340465150730e+04
654.664305251433,1.572721588770475500e+04
654.7389476142009,1.579844611818057274e+04
654.8135383948625,1.583510873680783152e+04
654.888184771955,1.589900644355819713e+04
654.9627666643294,1.596604666047661340e+04
655.0373526739268,1.593357405540675609e+04
655.1119985900768,1.597233168081271469e+04
655.1865885451579,1.608336704008384186e+04
655.2612255432555,1.607498701296904073e+04
655.3358194230502,1.610222210109214757e+04
655.4104603574718,1.614307473327680782e+04
655.4850452543039,1.621954248069937603e+04
655.5596986994234,1.625934760949468546e+04
655.634274582699,1.633476785352790466e+04
655.7088674352764,1.630753276540479783e+04
655.7835073665872,1.636724045859776197e+04
655.8580911670134,1.643532817890552906e+04
655.9327392618014,1.643637568229487806e+04
656.0073268888157,1.652960348394705215e+04
656.0819099586474,1.658512116358261483e+04
656.1565530436084,1.663225881610337819e+04
656.2311355998527,1.672758162453425030e+04
656.3057308056235,1.669510901946439117e+04
656.3803688222278,1.677576678044436267e+04
656.454954867795,1.679985935839941885e+04
656.5295449351327,1.687318459565393641e+04
656.6041821341065,1.688889714649418966e+04
656.6787759333997,1.699783749898661699e+04
656.7533564903902,1.700936003626947058e+04
656.8279410471957,1.703345261422452677e+04
656.9025856984958,1.709316030741748909e+04
656.9771696261503,1.715915302094655635e+04
657.0517532233856,1.722409823108627097e+04
657.1264055746188,1.726180835310288239e+04
657.2009928278474,1.730266098528754083e+04
657.2755710944062,1.740007880049711457e+04
657.3501576467798,1.744616894962852530e+04
657.4247438407015,1.748178406486643507e+04
657.4993858698668,1.749016409198123802e+04
657.573971341612,1.758339189363340847e+04
657.6485607618943,1.758862941058016077e+04
657.7231498016442,1.768499972240038551e+04
657.7977341278665,1.782117516301591968e+04
657.87237432304,1.778137003422061025e+04
657.9469621958759,1.786517030536862876e+04
658.0215410042488,1.792173548839354407e+04
658.0961280598617,1.792697300534029273e+04
658.1707146988002,1.807676599001738214e+04
658.2453009150308,1.809247854085763538e+04
658.3198867025178,1.817942132217370454e+04
658.3945327428875,1.825065155264952409e+04
658.4691220043352,1.833340432040819360e+04
658.5437021472852,1.835225938141649749e+04
658.6182818353581,1.839520702037985757e+04
658.69286974003,1.845491471357282353e+04
658.767461521399,1.851043239320838620e+04
658.8420354727173,1.855338003217174628e+04
658.9166306515345,1.864975034399197102e+04
658.9912079822875,1.872831309819324088e+04
659.0657935091809,1.884353847102176951e+04
659.140382887388,1.887915358625967929e+04
659.2149717681472,1.896819137435445009e+04
659.289551452134,1.897866640824795104e+04
659.3641306225966,1.915150446749074399e+04
659.438717970647,1.913474441326114174e+04
659.5133047969533,1.922901971830266484e+04
659.5878910954348,1.923844724880681679e+04
659.6624768600082,1.934005507757379019e+04
659.7370620845874,1.941861783177506004e+04
659.8116467630838,1.947832552496802600e+04
659.8862265349078,1.961031095202615688e+04
659.9608101019778,1.973705886213753911e+04
660.0354018176174,1.981562161633880896e+04
660.1099798943757,1.983238167056841121e+04
660.1845748263452,1.992979948577798496e+04
660.259151743867,1.992770447899928331e+04
660.333684466581,2.003978734165976130e+04
660.4082645480388,2.019691285006230100e+04
660.4828527532469,2.028280812798902116e+04
660.5574316285567,2.031528073305888029e+04
660.6320229836718,2.032994578050978453e+04
660.7066049946801,2.049859382619517419e+04
660.7811820158635,2.056353903633489244e+04
660.8557147324121,2.067143188543796714e+04
660.9302992109782,2.080027480232804737e+04
661.0048830496228,2.083798492434465879e+04
661.0794662422122,2.089036009381217082e+04
661.1540575251042,2.102339302425965434e+04
661.2285781978873,2.111243081235442514e+04
661.3031681500861,2.121613364790010019e+04
661.3777399387936,2.125279626652735897e+04
661.452332922751,2.130936144955227428e+04
661.5269208535378,2.139211421731094379e+04
661.6014380645663,2.144867940033585910e+04
661.6760289813253,2.154504971215608020e+04
661.7506148234904,2.164142002397630495e+04
661.8251298800592,2.174931287307937964e+04
661.8997142930884,2.177131044425573782e+04
661.9743067544003,2.191900842215412194e+04
662.0488853483158,2.201014121702759439e+04
662.1234149871826,2.212327158307742138e+04
662.198000873726,2.217040923559818475e+04
662.2725860216412,2.227620707792256144e+04
662.347104619191,2.235895984568123095e+04
662.4216882564932,2.238619493380433778e+04
662.4962184684717,2.250875283035831671e+04
662.570804963388,2.259255310150633886e+04
662.6453862997457,2.270777847433486750e+04
662.7199097646629,2.280100627598703795e+04
662.7944939234665,2.285128643867585197e+04
662.869086084027,2.296965432167243125e+04
662.9436071371093,2.308173718433290924e+04
663.0181889069928,2.313096984363237061e+04
663.0927083152421,2.320848509444428782e+04
663.1673016492832,2.329019035881360833e+04
663.2418237897235,2.342322328926109185e+04
663.3164110793576,2.352483111802806525e+04
663.3909359310869,2.363691398068854323e+04
663.4655171474956,2.369452666710280755e+04
663.5400358838839,2.376470939418927446e+04
663.6146198039338,2.385793719584144856e+04
663.6891500154543,2.398678011273152879e+04
663.763736622158,2.408734043810915318e+04
663.8382518588492,2.414600062791277014e+04
663.9128411292601,2.423922842956494060e+04
663.9873589874919,2.439635393796748031e+04
664.0619509026042,2.442882654303733943e+04
664.136471363353,2.451053180740665994e+04
664.211061492379,2.473469753272761227e+04
664.285584535613,2.468965488698555055e+04
664.3601640270679,2.487401548351119709e+04
664.4346852160202,2.496200576821661889e+04
664.5092142934612,2.507408863087709688e+04
664.5838042596656,2.513798633762746249e+04
664.6583226187805,2.527416177824299666e+04
664.7328488535421,2.535900955278036781e+04
664.8074315802052,2.547213991883019480e+04
664.881960314152,2.561879039333922992e+04
664.9565455552175,2.564183546790493710e+04
665.031072346548,2.573506326955710756e+04
665.1055937270582,2.588695126101289497e+04
665.1801096874939,2.600950915756687391e+04
665.2546998800744,2.613730457106760878e+04
665.3292271235769,2.619282225070317145e+04
665.4037489291384,2.629338257608079584e+04
665.4783361453115,2.647250565565969009e+04
665.5528603518749,2.646098311837683650e+04
665.6273790986409,2.660868109627522426e+04
665.7019056711048,2.677209162501386163e+04
665.7764932599148,2.682970431142812595e+04
665.8510088931856,2.692607462324835069e+04
665.9255412083346,2.705072752658103127e+04
666.0000591620371,2.718376045702851479e+04
666.0746470335703,2.727489325190198724e+04
666.1491717378727,2.727070323834458395e+04
666.2236953664843,2.747182388909983274e+04
666.2982179130853,2.754514912635435394e+04
666.3727393713534,2.763209190767042310e+04
666.4472686180028,2.780178745674516540e+04
666.5218500778012,2.789815776856539014e+04
666.5963682490049,2.798300554310276129e+04
666.670894195563,2.815689110573490325e+04
666.7454190261132,2.820298125486631398e+04
666.8199427343175,2.832972916497769620e+04
666.8944653138359,2.851932727845009140e+04
666.9689912068017,2.864188517500407033e+04
667.043515960381,2.871730541903728954e+04
667.1180440186909,2.876758558172610356e+04
667.1925664754452,2.891842606979253833e+04
667.2671501081187,2.903155643584236532e+04
667.3416747090137,2.904622148329326956e+04
667.4162025951904,2.920439449508515827e+04
667.4907159415177,2.924315212049111869e+04
667.5652459277131,2.944846278480376714e+04
667.6397747296355,2.955426062712814382e+04
667.7142934240692,2.963806089827616597e+04
667.7888198363478,2.974281123721119002e+04
667.8633405848258,2.993031434390488721e+04
667.9378645829604,2.993031434390488721e+04
668.0123873649534,3.017438263362349608e+04
668.0868509002132,3.021837777597620880e+04
668.1613801466233,3.026132541493956887e+04
668.235899230937,3.040902339283795300e+04
668.3104215399541,3.048130112670312155e+04
668.3849470702704,3.060071651308904984e+04
668.4594713500996,3.077145956555314478e+04
668.533998842422,3.083954728586091005e+04
668.6085250734534,3.098305525020189452e+04
668.683041094052,3.107523554846471598e+04
668.7575647813001,3.121141098908025015e+04
668.8320290343215,3.128368872294541870e+04
668.9065546155499,3.134758642969578432e+04
668.9810833808008,3.152147199232792627e+04
669.0555974212344,3.153823204655753216e+04
669.130128062917,3.171630762274707376e+04
669.2046529196529,3.183677051252235469e+04
669.2791182298785,3.196142341585503527e+04
669.3536314765041,3.201798859887994695e+04
669.4281657979723,3.211540641408952069e+04
669.5026898264498,3.223167929030740197e+04
669.57714526615,3.237413975125903744e+04
669.65167108008,3.243384744445199976e+04
669.7261910590614,3.260773300708414172e+04
669.8007186526492,3.268105824433866292e+04
669.8751865504684,3.268629576128541157e+04
669.949711403622,3.285389630358145223e+04
670.0242348833766,3.290417646627026261e+04
670.0987480026345,3.299111924758633540e+04
670.1732193096983,3.303092437638164847e+04
670.2477431098745,3.306653949161955825e+04
670.3222655128286,3.324252006103040185e+04
670.396728085964,3.324880508136650315e+04
670.471252157415,3.342688065755604475e+04
670.5457118658269,3.340174057621163956e+04
670.6202330875843,3.356829361511833122e+04
670.6947618784129,3.375474921842267213e+04
670.7692307481261,3.376208174214812607e+04
670.8437476587868,3.382702695228784432e+04
670.918213608017,3.388044962514470535e+04
670.9927321095302,3.398100995052233338e+04
671.0672536563986,3.399148498441583070e+04
671.1417196890736,3.405643019455554895e+04
671.216251808498,3.420622317923263472e+04
671.290714863808,3.422298323346224061e+04
671.3652395155675,3.432668606900791201e+04
671.4396995665256,3.443353141472164134e+04
671.5142212289395,3.447962156385304843e+04
671.5886872701645,3.449009659774655302e+04
671.6632104305353,3.456237433161172521e+04
671.7376734223737,3.469854977222725574e+04
671.812193546355,3.473835490102256881e+04
671.8866579770747,3.486824532130199805e+04
671.9611795549314,3.481796515861318767e+04
672.0356408881489,3.494366556533521361e+04
672.1101096909673,3.501070578225362988e+04
672.1846266277597,3.505155841443829559e+04
672.2590968192625,3.506308095172114554e+04
672.3336151557181,3.512488365169281315e+04
672.4080821944679,3.514478621609046240e+04
672.482543119204,3.525163156180419173e+04
672.5570657703272,3.533019431600545795e+04
672.63152802642,3.540142454648127750e+04
672.705997721871,3.545903723289554182e+04
672.7805155931686,3.550093736846955289e+04
672.854982065397,3.551664991930980614e+04
672.9294423823377,3.555226503454771591e+04
673.0039644745739,3.557845261928147374e+04
673.0784260583234,3.560359270062587893e+04
673.152895058153,3.564444533281053737e+04
673.2274213293804,3.572300808701180358e+04
673.3018779706365,3.576281321580711665e+04
673.3763374799411,3.582356841238943161e+04
673.4508043890924,3.584556598356578615e+04
673.5252650884476,3.588746611913979723e+04
673.5997967036512,3.592412873776705965e+04
673.6742585868221,3.592308123437770701e+04
673.748714237457,3.597545640384521539e+04
673.823186347847,3.599850147841092257e+04
673.8976385924067,3.595974385300496215e+04
673.9721663425748,3.601316652586183045e+04
674.0466287979216,3.605925667499323754e+04
674.1210895311846,3.611372685123945121e+04
674.1955530811653,3.608439675633764273e+04
674.2700239906791,3.608230174955894472e+04
674.3444795221271,3.609068177667374403e+04
674.4189469503236,3.609487179023114732e+04
674.49346722243,3.609382428684179467e+04
674.567935708377,3.610534682412465190e+04
674.6424024340591,3.613781942919451103e+04
674.7168582880072,3.617552955121111881e+04
674.7913214713103,3.618076706815786747e+04
674.8657783200656,3.616191200714956358e+04
674.940251601854,3.618495708171527076e+04
675.0147094269751,3.617448204782176617e+04
675.0891700095718,3.613153440885840973e+04
675.1636379044918,3.606658919871869148e+04
675.2380994327431,3.607077921227609477e+04
675.312554584676,3.602364155975532776e+04
675.3870261580195,3.601735653941922646e+04
675.4614822208301,3.606239918516128819e+04
675.5359547018315,3.604354412415298430e+04
675.610407090499,3.602678406992337841e+04
675.6848804576179,3.600269149196832586e+04
675.7593337130725,3.600059648518962786e+04
675.8338033782419,3.593146126149250631e+04
675.9082026566803,3.588956112591849524e+04
675.9826594431638,3.582147340561073361e+04
676.0571234944312,3.581099837171722902e+04
676.1315948098625,3.580261834460242972e+04
676.2060550986515,3.575129067852426670e+04
676.2805134951972,3.573453062429466081e+04
676.3549745673919,3.571567556328635692e+04
676.4293879803434,3.572091308023310557e+04
676.5038498052293,3.560883021757262759e+04
676.5783051376296,3.558264263283886976e+04
676.6527677036122,3.552712495320331072e+04
676.7272329229447,3.538152198208362097e+04
676.8016366634976,3.536057191429661907e+04
676.8761025828228,3.530191172449300211e+04
676.9505619772531,3.534381186006701319e+04
677.0250240043307,3.522334897029173590e+04
677.0994290601088,3.515945126354137028e+04
677.1738917427178,3.513954869914371375e+04
677.2483524582894,3.504108338054479100e+04
677.3227561481843,3.498451819751987932e+04
677.3972128974716,3.488919538908899995e+04
677.4716768389669,3.491328796704405977e+04
677.5461433813275,3.480225260777293443e+04
677.6205482371186,3.467550469766154856e+04
677.6950015852051,3.456761184855847387e+04
677.7694069841688,3.461055948752183758e+04
677.8438746703705,3.450685665197615890e+04
677.9183311477581,3.445762399267669389e+04
677.9927396296163,3.430678350461026275e+04
678.0672012294622,3.418317810466692754e+04
678.1416056066512,3.412137540469526721e+04
678.2160631125909,3.408680779284670280e+04
678.2905277690969,3.390244719632105989e+04
678.3649259468506,3.384588201329614822e+04
678.4393864750938,3.377360427943097602e+04
678.513798898065,3.366152141677049804e+04
678.5882598799376,3.361438376424973831e+04
678.6626543015428,3.350963342531471426e+04
678.7371249257566,3.338498052198203368e+04
678.8115243461227,3.325090008814520115e+04
678.8859815585386,3.318595487800548290e+04
678.9603905685974,3.314091223226342117e+04
679.0348481677615,3.292722154083596979e+04
679.1092529209583,3.299845177131178934e+04
679.1836509171139,3.287589387475780677e+04
679.2581113551571,3.274600345447837753e+04
679.3325235125415,3.256373786473143264e+04
679.4069842868593,3.250612517831716832e+04
679.481378280968,3.233328711907437537e+04
679.5557839509504,3.225577186826245816e+04
679.6302474888498,3.228195945299621235e+04
679.704648807749,3.210807389036407039e+04
679.7790525553501,3.202846363277345154e+04
679.8535234360058,3.186924311759221382e+04
679.9279135518302,3.181477294134600015e+04
680.0023245731195,3.174982773120628190e+04
680.076784258521,3.158013218213153959e+04
680.1511816092886,3.146176429913496395e+04
680.2255859851732,3.127740370260931741e+04
680.3000482943368,3.118103339078909266e+04
680.374448213023,3.112027819420677770e+04
680.4488412562114,3.099562529087409712e+04
680.5232552007656,3.090449249600062467e+04
680.5976576301395,3.077250706894249379e+04
680.6721226617578,3.072641691981108306e+04
680.7465159407645,3.058186145208074595e+04
680.8209254830051,3.046454107247351931e+04
680.8953281128896,3.035141070642368868e+04
680.969723820552,3.020999774886140585e+04
681.0441775310805,3.014924255227909089e+04
681.118582574998,3.001201960827420771e+04
681.1929806772104,2.983394403208466247e+04
681.2673996753556,2.981718397785506022e+04
681.3418070819359,2.962549085760396338e+04
681.4162075273074,2.956054564746424512e+04
681.4906056458781,2.945474780513987207e+04
681.5649921401839,2.934999746620484439e+04
681.6393995215485,2.919601446797035533e+04
681.7137999143118,2.905879152396547215e+04
681.7882165503345,2.900536885110861112e+04
681.8626680324036,2.893937613757954387e+04
681.9370706711479,2.879586817323855939e+04
682.0114662918298,2.871311540547988989e+04
682.0858781465969,2.856017991063474983e+04
682.1602876270566,2.852351729200749105e+04
682.234615600839,2.833810919209249550e+04
682.3090342611832,2.824069137688292176e+04
682.3834179373963,2.816736613962840420e+04
682.4578224911205,2.802176316850871808e+04
682.5322153211919,2.793272538041394728e+04
682.6066290312607,2.779131242285166081e+04
682.6810356664762,2.774207976355219944e+04
682.7554352169042,2.765827949240418093e+04
682.8298276726078,2.750848650772709152e+04
682.9042363415565,2.735659851627130774e+04
682.9786379060591,2.726441821800848265e+04
683.052985700029,2.714709783840125601e+04
683.1273776822683,2.711567273672074589e+04
683.2017812028357,2.703396747235142539e+04
683.2761822579863,2.689360201817849156e+04
683.3505948498541,2.672704897927179991e+04
683.4249816151049,2.666105626574273629e+04
683.4993378598623,2.658144600815211743e+04
683.5737336498651,2.643479553364307867e+04
683.6481222681783,2.634052022860155557e+04
683.7225270786547,2.625252994389613377e+04
683.7968779498492,2.618025221003096885e+04
683.8712683772519,2.601684168129232785e+04
683.9456749923205,2.590580632202119887e+04
684.0200089024875,2.577696340513111863e+04
684.0944244901342,2.576648837123761768e+04
684.1688141432852,2.565126299840908905e+04
684.2431731578488,2.555908270014626396e+04
684.3175670692367,2.543338229342423438e+04
684.3919584235521,2.527730428841104731e+04
684.4662956794946,2.524378417995183918e+04
684.5407193753053,2.507513613426644588e+04
684.6151123876289,2.489601305468755163e+04
684.689455939193,2.473888754628501556e+04
684.7638578398391,2.459433207855467845e+04
684.8382055615216,2.443406405998408809e+04
684.9125975757681,2.436388133289762118e+04
684.9870010616816,2.421513585160988441e+04
685.0613315458365,2.409886297539200677e+04
685.1357438810281,2.400354016696113467e+04
685.2100831760683,2.393754745343206741e+04
685.2844855664139,2.372804677556201568e+04
685.3588336587155,2.370290669421761049e+04
685.4332213760933,2.357825379088492991e+04
685.5075782509971,2.355625621970857537e+04
685.5819089583205,2.349445351973690777e+04
685.6563216044284,2.350492855363041235e+04
685.7306563603778,2.338341816046578242e+04
685.8050589720733,2.340646323503148597e+04
685.8794024621719,2.336246809267877688e+04
685.9537903041233,2.313725486396847191e+04
686.0281472199982,2.314458738769392221e+04
686.1024731844336,2.302621950469734293e+04
686.1768811733403,2.290051909797531334e+04
686.2512158243778,2.280205377937639059e+04
686.3255665827462,2.263340573369099729e+04
686.3999617223745,2.252446538119856996e+04
686.4742975925424,2.243123757954639950e+04
686.5486495653337,2.227306456775451079e+04
686.6230412185406,2.214631665764312856e+04
686.6973829775881,2.210651152884781914e+04
686.7717408365776,2.199861867974474080e+04
686.8460676249846,2.186349074251855927e+04
686.920476563722,2.175874040358353523e+04
686.9948119535088,2.168855767649706831e+04
687.0691634335083,2.155133473249218150e+04
687.1434837923248,2.147067697151221364e+04
687.2178910716232,2.136802163935588760e+04
687.2922436114384,2.126955632075696485e+04
687.3665697193694,2.118470854621959370e+04
687.4409071790424,2.105900813949756048e+04
687.5152607193801,2.100453796325135045e+04
687.5896114344212,2.088617008025477116e+04
687.6639309442114,2.075732716336468729e+04
687.7383327394424,2.071961704134807951e+04
687.8126844041321,2.069028694644627103e+04
687.8870284875072,2.052478141092893202e+04
687.9613649794371,2.040955603810040338e+04
688.0357175394452,2.027652310765291986e+04
688.1100388231959,2.025347803308721632e+04
688.1843761649789,2.009949503485272726e+04
688.2587343070002,2.003035981115560935e+04
688.3330800913666,1.994970205017564149e+04
688.4074182439083,1.988370933664657423e+04
688.4817534945465,1.979048153499440014e+04
688.556104800579,1.971715629773988258e+04
688.6304200038998,1.961554846897290918e+04
688.7047797093452,1.947308800802127371e+04
688.7791080338786,1.946366047751712176e+04
688.8534524038824,1.939243024704130221e+04
688.9277890934775,1.928034738438082786e+04
689.0021418286908,1.922063969118786190e+04
689.0764868733971,1.916721701833099723e+04
689.1507577273879,1.906037167261727154e+04
689.2250873462091,1.897657140146925303e+04
689.2994377520117,1.887915358625967929e+04
689.3737756865256,1.891476870149758543e+04
689.4481106432635,1.871260054735298763e+04
689.5224616327603,1.870736303040623534e+04
689.5968001275772,1.862042024909016618e+04
689.6710880627454,1.852823995082734109e+04
689.745415792651,1.852300243388058880e+04
689.8197595452868,1.837425695259285567e+04
689.8941002876792,1.835959190514195143e+04
689.968380885931,1.829045668144483352e+04
690.0427250973174,1.821713144419031596e+04
690.1170662811704,1.817942132217370454e+04
690.1913949030705,1.810295357475113633e+04
690.2656966557213,1.794897057651665091e+04
690.3400334706062,1.796049311379950086e+04
690.4143672314507,1.793325802567639766e+04
690.4886454859029,1.785155276130707716e+04
690.5629874122526,1.782431767318397033e+04
690.6373214994773,1.774575491898270047e+04
690.7116000290887,1.767871470206428421e+04
690.7859422563533,1.759386692752691306e+04
690.8602336681432,1.756034681906770493e+04
690.9345601567937,1.745350147335397924e+04
691.0089026400582,1.741893386150541846e+04
691.0831942596561,1.733408608696804731e+04
691.157520963373,1.729847097173014117e+04
691.2318206545044,1.722514573447562361e+04
691.3061602170517,1.722305072769692197e+04
691.380444070193,1.716543804128265765e+04
691.45476779478,1.707640025318788685e+04
691.5290596795087,1.700307501593336929e+04
691.6033914459812,1.695488986002325692e+04
691.6776674311591,1.691403722783859484e+04
691.7520072241363,1.684909201769888023e+04
691.8262959912287,1.686270956176043182e+04
691.900643801485,1.676319673977216007e+04
691.9749166156074,1.672862912792359930e+04
692.0492005879099,1.671920159741944735e+04
692.123529252891,1.666787393134128433e+04
692.1978259721524,1.659978621103351907e+04
692.2721578136724,1.654845854495535605e+04
692.3464385130854,1.651074842293874826e+04
692.4207159769667,1.641752062128657417e+04
692.4950525395182,1.635467041792555938e+04
692.56933311711,1.638295300943801521e+04
692.6436056440851,1.624677756882248286e+04
692.7179660817585,1.627715516711364035e+04
692.7922272967613,1.617868984851471578e+04
692.8665236380322,1.615669227733836124e+04
692.9407927013435,1.608441454347319268e+04
693.0151497288059,1.605717945535008585e+04
693.089421837627,1.606555948246488879e+04
693.1636906489606,1.600166177571452317e+04
693.2379753787236,1.591262398761975055e+04
693.3122568047582,1.587386636221379194e+04
693.3865926140129,1.582672870969303040e+04
693.4608818498604,1.582253869613562892e+04
693.5351581466051,1.575026096227046037e+04
693.6094263017561,1.567379321484789216e+04
693.6837151767944,1.562351305215907996e+04
693.7579910889119,1.562665556232713061e+04
693.8322636527323,1.557847040641701824e+04
693.906552121247,1.549886014882639938e+04
693.9808998444166,1.550514516916250068e+04
694.0551719756728,1.544438997258018571e+04
694.1294600063287,1.541505987767837905e+04
694.2037398455482,1.536268470821086521e+04
694.2780114829652,1.534697215737061197e+04
694.3522990144666,1.527259941672674358e+04
694.426583156023,1.526317188622259164e+04
694.5008542537265,1.520660670319767814e+04
694.5751412401826,1.514480400322601236e+04
694.6494248189764,1.511128389476680422e+04
694.723700156412,1.507671628291824527e+04
694.7979624146619,1.508719131681174804e+04
694.8721970948218,1.493739833213466227e+04
694.9464717871994,1.493006580840921015e+04
695.0207623596758,1.495101587619621569e+04
695.0950205016327,1.483264799319963640e+04
695.1693186762369,1.478341533390017321e+04
695.2435843995215,1.478446283728952403e+04
695.3178708269531,1.476665527967056914e+04
695.3921441168008,1.466399994751424492e+04
695.4663655616765,1.465561992039944198e+04
695.5406463919401,1.465666742378879280e+04
695.6149237361514,1.460533975771062978e+04
695.6892121064967,1.452363449334130928e+04
695.7634969823528,1.449011438488210115e+04
695.8377008859716,1.448592437132470150e+04
695.9119932631442,1.443878671880393995e+04
695.9862772860863,1.442621667813173553e+04
696.06048026933,1.435289144087721797e+04
696.134771767185,1.433822639342631555e+04
696.2090548898484,1.430156377479905495e+04
696.2833296268801,1.430156377479905495e+04
696.3575523255896,1.420519346297883203e+04
696.4318151008928,1.424395108838479246e+04
696.5060403540568,1.417272085790897472e+04
696.58033480532,1.405016296135499397e+04
696.6545965750922,1.403759292068279137e+04
696.7288256373972,1.403654541729344055e+04
696.8030899410923,1.398417024782592853e+04
696.8773263707111,1.394541262241996810e+04
696.9516029071826,1.392132004446491192e+04
697.0258758450395,1.390455999023530785e+04
697.1000868630892,1.388570492922700396e+04
697.1743865928445,1.383123475298079029e+04
697.248609793035,1.379771464452158216e+04
697.3228682493078,1.382809224281273964e+04
697.3970987519848,1.371496187676291265e+04
697.4713645187727,1.367829925813565387e+04
697.5456023130668,1.368982179541850564e+04
697.6198072452165,1.371810438693096330e+04
697.6941009834452,1.364582665306579474e+04
697.7683131711979,1.355050384463492082e+04
697.8425898466292,1.355050384463492082e+04
697.9168092738975,1.348346362771650456e+04
697.9910201305657,1.349498616499935815e+04
698.0653003733468,1.353269628701596775e+04
698.1395184438109,1.341642341079808830e+04
698.2138010478819,1.344470600231054595e+04
698.2880311962213,1.342061342435548977e+04
698.3622527442063,1.339337833623238294e+04
698.4364656813189,1.336823825488797775e+04
698.510738305446,1.335043069726902286e+04
698.5849584048053,1.330748305830566278e+04
698.6591698720874,1.325196537867009829e+04
698.7334703424422,1.326244041256360106e+04
698.8076889513259,1.324672786172334781e+04
698.8818989069066,1.321425525665348869e+04
698.9561050840433,1.313569250245222065e+04
699.030322134609,1.319121018208778332e+04
699.1046038227042,1.310217239399301252e+04
699.1788328602486,1.308122232620600698e+04
699.2530532146016,1.311893244822261659e+04
699.3272599846256,1.305503474147225097e+04
699.4014873980228,1.303303717029589461e+04
699.4757061069474,1.303198966690654379e+04
699.5499161008405,1.298799452455383289e+04
699.6241418428359,1.296599695337747835e+04
699.6983588590565,1.296285444320942770e+04
699.7726405911895,1.297332947710293047e+04
699.8468646290141,1.293771436186502069e+04
699.9210848186354,1.291047927374191386e+04
699.9952913527262,1.290209924662711273e+04
700.0695185244031,1.284029654665544695e+04
700.1437320277023,1.282248898903649388e+04
700.2179661702849,1.281096645175364029e+04
700.2921670152689,1.276173379245417891e+04
700.3663345364773,1.272402367043756931e+04
700.4405423002715,1.278373136363053345e+04
700.5147657911945,1.277116132295833086e+04
700.5889804729994,1.273868871788847355e+04
700.6632108815323,1.273030869077367061e+04
700.7374324701444,1.263917589590019816e+04
700.81164522823,1.261194080777709132e+04
700.8858540575908,1.264127090267889798e+04
700.9600736910871,1.262241584167059409e+04
701.034240242214,1.253547306035452311e+04
701.1084716450022,1.258994323660073678e+04
701.1826646876575,1.253547306035452311e+04
701.2569029402329,1.251976050951426987e+04
701.3311077280009,1.247262285699350832e+04
701.4052790247227,1.249671543494856269e+04
701.4794906151762,1.244015025192364919e+04
701.5537179110803,1.240348763329639041e+04
701.6278673838922,1.243386523158754790e+04
701.7020768472739,1.239929761973898894e+04
701.776302010223,1.240348763329639041e+04
701.8505182480137,1.239825011634963994e+04
701.9246812071539,1.231549734859096861e+04
701.9989091214585,1.234796995366082774e+04
702.0730492261018,1.229768979097201372e+04
702.147283874415,1.232178236892706991e+04
702.2215095672381,1.228197724013176048e+04
702.2956523110257,1.232911489265252203e+04
702.3698847114229,1.224950463506190317e+04
702.4440341206173,1.221284201643464439e+04
702.5182485406029,1.219817696898374015e+04
702.5924786440079,1.216046684696713055e+04
702.6666306251165,1.219189194864763886e+04
702.7408427059752,1.220760449948789210e+04
702.8150013114393,1.213218425545467471e+04
702.8892200349155,1.217408439102868397e+04
702.9633852532902,1.207457156904041040e+04
703.0375414112833,1.208295159615521152e+04
703.1117577094595,1.205257399786405404e+04
703.1859204527385,1.208190409276586252e+04
703.2601235714659,1.203267143346639932e+04
703.3342928843769,1.200543634534329249e+04
703.4085025826428,1.204000395719185144e+04
703.482658658175,1.196667871993733388e+04
703.5568254210807,1.194677615553967917e+04
703.6310325789715,1.190173350979761744e+04
703.7052108243134,1.195515618265448029e+04
703.7793551808122,1.195934619621188176e+04
703.8535845204474,1.190592352335501892e+04
703.9277353723147,1.189859099962956680e+04
704.0019018493869,1.181583823187089729e+04
704.0760542132163,1.187240341489581078e+04
704.1502767406283,1.187659342845321044e+04
704.2244157321018,1.179384066069454093e+04
704.2985752975638,1.180955321153479417e+04
704.3727455222629,1.178022311663298751e+04
704.4469065581811,1.172156292682937419e+04
704.5211080295742,1.177498559968623704e+04
704.5952804534251,1.174565550478442856e+04
704.6694387032167,1.167756778447666329e+04
704.7435926983363,1.166080773024705923e+04
704.8177573342106,1.169747034887431801e+04
704.891917706452,1.161681258789434833e+04
704.9660688376695,1.162938262856655092e+04
705.0402107171044,1.165033269635355646e+04
705.114442771257,1.159062500316059050e+04
705.1885910002947,1.160633755400084556e+04
705.2627548254902,1.156024740486943301e+04
705.3369093767561,1.150996724218062081e+04
705.4110795235591,1.152672729641022488e+04
705.485220476971,1.155815239809073319e+04
705.5593969294841,1.152567979302087588e+04
705.6335441691415,1.151101474556997164e+04
705.7077020144703,1.147958964388946333e+04
705.7818057106044,1.146178208627051026e+04
705.8559498827009,1.144921204559830585e+04
705.9301096345012,1.143978451509415390e+04
706.0042849709166,1.137798181512248993e+04
706.0784260421825,1.137798181512248993e+04
706.1525826869397,1.140940691680299642e+04
706.2267549100956,1.140521690324559495e+04
706.3008928304606,1.140312189646689512e+04
706.3750014111765,1.139788437952014465e+04
706.4491704615375,1.138950435240534171e+04
706.5233051714449,1.134027169310588033e+04
706.5974853991634,1.136855428461833617e+04
706.6716262730434,1.132560664565497609e+04
706.745737753195,1.135388923716743375e+04
706.8198897594285,1.134027169310588033e+04
706.8940323424436,1.128056399991291437e+04
706.9681405012132,1.127427897957681307e+04
707.0422891955021,1.132665414904432691e+04
707.1164534452462,1.130256157108927073e+04
707.19055823756,1.126485144907266113e+04
707.2647035748213,1.122504632027735170e+04
707.3388694645195,1.134550921005263081e+04
707.4129708410553,1.127218397279811325e+04
707.4871177773351,1.124809139484305706e+04
707.5612752521206,1.123133134061345299e+04
707.6353781699282,1.121666629316254875e+04
707.7095466962406,1.126170893890461048e+04
707.7836305801062,1.124913889823240788e+04
707.857775071609,1.115905360674828626e+04
707.9318899937977,1.120619125926904780e+04
708.0060455013667,1.119466872198619421e+04
708.080146353211,1.116429112369503673e+04
708.1543078510902,1.120304874910099534e+04
708.2283845678539,1.116010111013763526e+04
708.3025520377458,1.112029598134232583e+04
708.3766397017445,1.121038127282644746e+04
708.4508131326904,1.112762850506777795e+04
708.5249067170731,1.113077101523582860e+04
708.5989906956581,1.113915104235062972e+04
708.673160478897,1.109410839660856982e+04
708.7472503492967,1.115172108302283414e+04
708.8213557131089,1.111820097456362600e+04
708.8955017018351,1.111610596778492436e+04
708.9696129404151,1.106582580509611216e+04
709.0436944296144,1.108468086610441787e+04
709.1178618009762,1.112343849151037648e+04
709.1919440994113,1.113705603557192990e+04
709.266041878377,1.114857857285478349e+04
709.3401601743607,1.105325576442390957e+04
709.4143140934323,1.102287816613275209e+04
709.4884130457813,1.103963822036235615e+04
709.5625023052012,1.107525333560026411e+04
709.6366020041326,1.104068572375170697e+04
709.71069703359,1.101659314579665079e+04
709.7848579170291,1.099040556106289478e+04
709.8589587159314,1.099459557462029443e+04
709.9330497882937,1.104173322714105598e+04
710.0071361642808,1.099040556106289478e+04
710.0812329625695,1.096317047293978794e+04
710.1553452280508,1.101135562884989849e+04
710.2294275672397,1.095164793565693435e+04
710.3035203190468,1.095164793565693435e+04
710.3776335778801,1.093698288820603011e+04
710.4517320198205,1.089927276618942233e+04
710.5258257276931,1.098935805767354395e+04
710.599909644176,1.093803039159538093e+04
710.6740090111854,1.090555778652552362e+04
710.7480985754111,1.089927276618942233e+04
710.8222035892967,1.086994267128761385e+04
710.8962987889969,1.085946763739411108e+04
710.9704094374856,1.088251271195981826e+04
711.0444849811654,1.083013754249230442e+04
711.1186012467011,1.087832269840241679e+04
711.1926874434225,1.086889516789826484e+04
711.2667840197356,1.084689759672190849e+04
711.3408251965476,1.082909003910295542e+04
711.4149070955419,1.083432755604970589e+04
711.4890246751831,1.075471729845908703e+04
711.5631121310784,1.080499746114789923e+04
711.6372150180558,1.084689759672190849e+04
711.7112320343467,1.076623983574193880e+04
711.7853404449295,1.073795724422948297e+04
711.8594389533098,1.076309732557388816e+04
711.9335275484821,1.071491216966377579e+04
712.0075605935059,1.069605710865547189e+04
712.0816546727544,1.066672701375366523e+04
712.1557641746032,1.068139206120456765e+04
712.2297927223119,1.067720204764716800e+04
712.3038823260575,1.067091702731106488e+04
712.377992420552,1.068034455781521865e+04
712.4520164203059,1.067720204764716800e+04
712.5261268825731,1.063844442224120758e+04
712.6001562828156,1.063215940190510628e+04
712.6742518579922,1.060701932056069927e+04
712.7483628435643,1.061854185784355286e+04
712.8223876211747,1.060073430022459797e+04
712.8964785986809,1.060911432733940092e+04
712.9705138140855,1.063006439512640645e+04
713.0446101673241,1.052321904941267894e+04
713.1186507279195,1.062273187140095433e+04
713.19275244439,1.055150164092513660e+04
713.2667983376626,1.055359664770383642e+04
713.3408290765726,1.052845656635943124e+04
713.4149057221886,1.052845656635943124e+04
713.4889468476811,1.049284145112152146e+04
713.5630542605719,1.047084387994516692e+04
713.6370752139885,1.046560636299841462e+04
713.71111152602,1.045513132910491368e+04
713.7852141503761,1.043313375792855732e+04
713.8592557248019,1.046246385283036398e+04
713.93328717658,1.044046628165400944e+04
714.0073900636712,1.044779880537946156e+04
714.0814267494405,1.041637370369895325e+04
714.1554583900697,1.035038099016988781e+04
714.2295512937391,1.042475373081375619e+04
714.3035881409775,1.037237856134624235e+04
714.3776148223176,1.033676344610833439e+04
714.451651744311,1.037761607829299464e+04
714.5256835921462,1.034619097661248634e+04
714.5997818492889,1.031895588848937950e+04
714.6738188625989,1.034095345966573404e+04
714.7478712188952,1.032105089526807933e+04
714.8218929356141,1.029905332409172479e+04
714.8959248750398,1.035666601050598911e+04
714.9699721505816,1.024772565801356177e+04
715.044014315487,1.030010082748107561e+04
715.1180411339378,1.025715318851771372e+04
715.1920883966163,1.028124576647276990e+04
715.2661714596333,1.026134320207511519e+04
715.3402238179556,1.026343820885381501e+04
715.4142403295658,1.025924819529641536e+04
715.488267040557,1.026972322918991813e+04
715.5623141930947,1.024667815462421095e+04
715.6363510669913,1.020373051566085087e+04
715.7103315493897,1.023096560378395770e+04
715.784373440411,1.024144063767746047e+04
715.8584050299637,1.020792052921825234e+04
715.932426306901,1.020896803260760316e+04
716.0064680199878,1.020792052921825234e+04
716.080494283165,1.023620312073071000e+04
716.1545409835085,1.024563065123486194e+04
716.2285722201125,1.021315804616500282e+04
716.3025469314863,1.017649542753774404e+04
716.3765882447348,1.020477801905020169e+04
716.4506192011959,1.014192781568918690e+04
716.5246654600803,1.019011297159929745e+04
716.5987013504475,1.015554535975074032e+04
716.6726754991479,1.008955264622167306e+04
716.7467162946405,1.020373051566085087e+04
716.8207466986998,1.016183038008684161e+04
716.8947667001454,1.014821283602528820e+04
716.9687557260248,1.012097774790218136e+04
717.0427805919613,1.018697046143124680e+04
717.116825887731,1.014297531907853590e+04
717.1908093232216,1.015449785636138949e+04
717.2648286044712,1.014297531907853590e+04
717.3388168541977,1.013145278179568413e+04
717.4128461038251,1.009688516994712518e+04
717.4868906346427,1.011469272756608007e+04
717.5608474726536,1.007174508860271817e+04
717.6348968087937,1.018278044787384533e+04
717.7088584084709,1.008955264622167306e+04
717.7828867763504,1.011364522417672924e+04
717.8568840385082,1.008745763944297323e+04
717.9309171761972,1.007593510216011964e+04
718.0048882559898,1.008117261910687193e+04
718.0789313004857,1.010002768011517583e+04
718.1528864689565,1.007593510216011964e+04
718.2268775063203,1.009374265977907453e+04
718.300914749167,1.004660500725831298e+04
718.3748898482226,1.005917504793051557e+04
718.4489059941204,1.006650757165596769e+04
718.5228857662477,1.000889488524170338e+04
718.5968549564894,1.003508246997545939e+04
718.6708910267723,1.008012511571752111e+04
718.7448648651658,1.004136749031156069e+04
718.8188539335962,1.005917504793051557e+04
718.8928117241455,1.001517990557780467e+04
718.9668571028507,9.998419851348200609e+03
719.040845353585,1.003508246997545939e+04
719.1148178064504,1.003089245641805974e+04
719.1887847916446,9.944997178491337763e+03
719.2628187285492,1.001727491235650632e+04
719.3367851179871,9.980612293729245721e+03
719.4107718973806,1.000156236151625126e+04
719.4847480151196,9.935569647987185817e+03
719.55871345993,9.997372347958849787e+03
719.6326941140954,9.991087327622748489e+03
719.7066692631995,9.955472212384840532e+03
719.780706250103,9.909382063253429806e+03
719.8546807424774,9.908334559864078983e+03
719.9286497097812,9.913572076810829458e+03
720.0026286960333,9.894717015802525566e+03
720.0766021474149,9.894717015802525566e+03
720.1505856143327,9.922999607314983223e+03
720.2245376004026,9.842341846335013543e+03
720.298530717732,9.925094614093683049e+03
720.3725079039693,9.859101900564617608e+03
720.446479525475,9.890527002245124095e+03
720.5204403826414,9.838151832777612071e+03
720.5943696939084,9.836056825998910426e+03
720.6683349523433,9.806726731097103766e+03
720.7423153966341,9.840246839556311897e+03
720.816285052651,9.781586649752698577e+03
720.890249105901,9.814059254822555886e+03
720.9642231419422,9.823486785326707832e+03
721.0382175601698,9.824534288716058654e+03
721.1121179678518,9.798346703982302643e+03
721.1860907374653,9.792061683646199526e+03
721.2600786851124,9.796251697203600997e+03
721.334050596095,9.772159119248544812e+03
721.4079648215145,9.770064112469844986e+03
721.4819202230957,9.716641439612982140e+03
721.5559168215076,9.753304058240240920e+03
721.6298296575088,9.749114044682839449e+03
721.7038045147077,9.742829024346738152e+03
721.777768491748,9.707213909108830194e+03
721.8516746809869,9.701976392162077900e+03
721.9256689717006,9.732353990453235383e+03
721.9996263053706,9.714546432834280495e+03
722.0735518685187,9.659028753198717823e+03
722.1475134315792,9.654838739641316351e+03
722.221443203523,9.670551290481571414e+03
722.2954141996532,9.606653583731203980e+03
722.369322077151,9.653791236251967348e+03
722.4432972736668,9.595131046448352208e+03
722.5172093181159,9.573133475271995849e+03
722.5911887015628,9.664266270145468297e+03
722.665104899496,9.542755876980838366e+03
722.7390623388185,9.569990965103945200e+03
722.8129878959985,9.580465998997447969e+03
722.8869756086152,9.477810666841123748e+03
722.9608791618889,9.577323488829397320e+03
723.0347925998112,9.523900815972534474e+03
723.1087786701618,9.475715660062422103e+03
723.1826700550422,9.533328346476686420e+03
723.2565817737539,9.467335632947620979e+03
723.3305609227724,9.471525646505022451e+03
723.4044767103132,9.490380707513326342e+03
723.4783814349788,9.413912960090758133e+03
723.5523797909511,9.411817953312056488e+03
723.6262885587613,9.465240626168919334e+03
723.7001862401456,9.402390422807904542e+03
723.7741042546204,9.444290558381915616e+03
723.8480321309023,9.376202838074148531e+03
723.9220013141903,9.386677871967651299e+03
723.9959122328532,9.431720517709711203e+03
724.0698330025856,9.374107831295448705e+03
724.1437478932739,9.310210124545083090e+03
724.2176516517817,9.382487858410249828e+03
724.2915652506016,9.315447641491833565e+03
724.3654729499798,9.316495144881184387e+03
724.4393957341822,9.309162621155732268e+03
724.51330736185,9.315447641491833565e+03
724.587207821535,9.291355063536777379e+03
724.6611286098097,9.285070043200676082e+03
724.7350592296857,9.260977465245619896e+03
724.80895240124,9.267262485581721194e+03
724.882865897012,9.225362350007711939e+03
724.9567892135801,9.282975036421976256e+03
725.0307013255602,9.271452499139122665e+03
725.1046074792529,9.232694873733164059e+03
725.1785287017594,9.235837383901214707e+03
725.2524334382222,9.221172336450310468e+03
725.326358500832,9.176129690708248745e+03
725.4002723250796,9.262024968634970719e+03
725.4741222682113,9.204412282220706402e+03
725.5480398915687,9.162512146646695328e+03
725.6219462528422,9.212792309335507525e+03
725.6958676722687,9.199174765273954108e+03
725.769783084779,9.153084616142543382e+03
725.8436292602167,9.180319704265650216e+03
725.9175431603215,9.144704589027742259e+03
725.9914510329734,9.147847099195792907e+03
726.0653686850188,9.143657085638391436e+03
726.1392275716657,9.126897031408787370e+03
726.2131278556831,9.169844670372147448e+03
726.2870379081896,9.072426855162573702e+03
726.3608891425325,9.136324561912939316e+03
726.4348081680206,9.114326990736584776e+03
726.50866306773,9.114326990736584776e+03
726.5825857784921,9.113279487347233953e+03
726.6564232085193,9.104899460232431011e+03
726.730349586392,9.045191767039466868e+03
726.8042645953695,9.095471929728279065e+03
726.8781153887404,9.091281916170879413e+03
726.9520393221525,9.086044399224127119e+03
727.0258672943038,9.006434141633508261e+03
727.0997948515045,8.985484073846502724e+03
727.1736528398144,9.030526719588564447e+03
727.2475046789152,9.043096760260767041e+03
727.3214244199837,9.005386638244157439e+03
727.3952533686669,9.010624155190907913e+03
727.4691766890326,8.981294060289101253e+03
727.5430356383624,8.972914033174300130e+03
727.6168831154938,8.990721590793253199e+03
727.6907985389481,8.925776380653538581e+03
727.7646495352022,8.935203911157690527e+03
727.838494332822,8.965581509448848010e+03
727.9123488191613,8.924728877264187759e+03
727.986271291593,8.969771523006249481e+03
728.0601080662049,8.942536434883142647e+03
728.1339810274446,8.867116190849923441e+03
728.2078212555151,8.878638728132777032e+03
728.2817295008361,8.855593653567071669e+03
728.3555996998778,8.857688660345771495e+03
728.429453049297,8.830453572222664661e+03
728.5033054557948,8.796933463763456530e+03
728.577140989502,8.849308633230968553e+03
728.6509914915385,8.802170980710207004e+03
728.7248569664563,8.815788524771760422e+03
728.7987108614303,8.791695946816704236e+03
728.872558477417,8.738273273959841390e+03
728.9464688832253,8.765508362082948224e+03
729.0203145595359,8.759223341746846927e+03
729.0941805149681,8.709990682447385552e+03
729.1680295392798,8.693230628217781486e+03
729.2418722535059,8.669138050262725301e+03
729.3156767351837,8.678565580766877247e+03
729.3895227579071,8.728845743455689444e+03
729.4633837365335,8.660758023147922358e+03
729.5372330643772,8.653425499422472058e+03
729.6110920231105,8.653425499422472058e+03
729.6849499652391,8.617810384184562281e+03
729.7587909091665,8.609430357069761158e+03
729.832646799371,8.557055187602247315e+03
729.9064377258716,8.568577724885100906e+03
729.9802755476569,8.597907819786907567e+03
730.0541496290818,8.594765309618856918e+03
730.1279906863275,8.563340207938348613e+03
730.2018413503896,8.517250058806937886e+03
730.2756322932343,8.475349923232926812e+03
730.3494914925877,8.532962609647191130e+03
730.4233389576001,8.453352352056572272e+03
730.497121314011,8.483729950347729755e+03
730.5709933006522,8.458589869003322747e+03
730.6448321837362,8.427164767322816260e+03
730.7186379386568,8.412499719871912021e+03
730.7924799682986,8.406214699535810723e+03
730.8662835069548,8.407262202925161546e+03
730.940128667791,8.372694591076602592e+03
731.0139673771906,8.354887033457647703e+03
731.0877622124666,8.382122121580754538e+03
731.1616307539186,8.350697019900246232e+03
731.2354072830598,8.248041687743922012e+03
731.3092735761231,8.299369353822085031e+03
731.3830531589755,8.271086762309627375e+03
731.4569011330443,8.249089191133272834e+03
731.5307105078027,8.268991755530927549e+03
731.6044812553652,8.214521579284713880e+03
731.6783471861277,8.217664089452764529e+03
731.7521477148499,8.183096477604205575e+03
731.8259899112759,8.142243845419546233e+03
731.899766660658,8.176811457268104277e+03
731.9735636445379,8.082536152226581180e+03
732.0473701527895,8.093011186120083948e+03
732.1212183467612,8.080441145447880444e+03
732.195006386356,8.074156125111779147e+03
732.2688093011474,8.055301064103474346e+03
732.3426485486638,8.059491077660875817e+03
732.4164544099781,8.029113479369718334e+03
732.4902214949792,8.014448431918815004e+03
732.5640302732379,7.954740738725849951e+03
732.6378270896475,7.987213343795708170e+03
732.7116656191168,7.973595799734154753e+03
732.7854653361854,7.948455718389748654e+03
732.8592530670325,7.948455718389748654e+03
732.9330341718326,7.928553153992093939e+03
733.0068247610646,7.920173126877291907e+03
733.0806302100424,7.912840603151839787e+03
733.1544290226378,7.854180413348225557e+03
733.2282104378809,7.865702950631078238e+03
733.3020120820065,7.840562869286672139e+03
733.3758016923423,7.774570155757605789e+03
733.4495738776542,7.833230345561220020e+03
733.5233662868974,7.791330209987209855e+03
733.5971735461529,7.776665162536306525e+03
733.6709687462483,7.780855176093707087e+03
733.7447518754218,7.732670020183595625e+03
733.818549846392,7.729527510015544976e+03
733.8923357337387,7.707529938839189526e+03
733.9660610421337,7.691817387998935374e+03
734.039849657903,7.727432503236844241e+03
734.113653111708,7.661439789707777891e+03
734.1874498467755,7.642584728699473089e+03
734.2612290717857,7.661439789707777891e+03
734.3349476318791,7.627919681248569759e+03
734.4087618993168,7.599637089736113012e+03
734.4825316665394,7.590209559231960156e+03
734.5563216510071,7.608017116850915045e+03
734.6300724954872,7.546214416879250166e+03
734.7038651403906,7.479174199960832993e+03
734.7776456166251,7.532596872817696749e+03
734.8513869120628,7.510599301641341299e+03
734.9251700158896,7.492791744022386411e+03
734.99889230638,7.491744240633036497e+03
735.0727050353661,7.461366642341879015e+03
735.1464785471829,7.450891608448376246e+03
735.220218219237,7.464509152509929663e+03
735.2939943121419,7.412133983042416730e+03
735.367736543824,7.428894037272020796e+03
735.4415206118363,7.397468935591513400e+03
735.5152599796714,7.368138840689705830e+03
735.5890466014831,7.405848962706315433e+03
735.662766849309,7.348236276292051116e+03
735.7365830712438,7.306336140718040951e+03
735.8103058246913,7.324143698336994930e+03
735.8840433540496,7.318906181390244456e+03
735.957822745456,7.314716167832842984e+03
736.0315681756952,7.273863535648182733e+03
736.1052958754302,7.282243562762984766e+03
736.1790654451154,7.245580944135725986e+03
736.252801015933,7.247675950914426721e+03
736.326545937147,7.269673522090782171e+03
736.4003381699183,7.220440862791319887e+03
736.4740584115469,7.227773386516772007e+03
736.5477988397872,7.229868393295471833e+03
736.6215269056551,7.189015761110812491e+03
736.6952425972906,7.201585801783015086e+03
736.7690544685436,7.138735598422000294e+03
736.8427725447069,7.152353142483553711e+03
736.9165053742005,7.120928040803045405e+03
736.9902258037228,7.093692952679938571e+03
737.0639609845649,7.130355571307198261e+03
737.137689186275,7.128260564528497525e+03
737.2114267046566,7.107310496741491988e+03
737.2851517972983,7.095787959458639307e+03
737.358897074205,7.087407932343837274e+03
737.4326244765816,7.062267850999431175e+03
737.5063448675909,7.062267850999431175e+03
737.5800799995792,7.021415218814770924e+03
737.6538026703106,7.031890252708273692e+03
737.7275346375662,6.975325069683360198e+03
737.8012595719805,6.985800103576862057e+03
737.8749992432967,6.986847606966212879e+03
737.9487264275168,6.948089981560253364e+03
738.022468346593,6.981610090019461495e+03
738.0961977656417,6.923997403605197178e+03
738.169865632222,6.923997403605197178e+03
738.2435972558687,6.878954757863136365e+03
738.3173218057595,6.873717240916384981e+03
738.3910556298822,6.891524798535338959e+03
738.4647823694751,6.852767173129379444e+03
738.5384638351453,6.842292139235877585e+03
738.612192738524,6.880002261252486278e+03
738.685909081362,6.809819534166019366e+03
738.7595855634423,6.818199561280821399e+03
738.8332985789483,6.776299425706811235e+03
738.9070317658445,6.762681881645257818e+03
738.9807032179243,6.799344500272516598e+03
739.0544385201678,6.704021691841643587e+03
739.1281065918952,6.735446793522150983e+03
739.2018439933116,6.714496725735146356e+03
739.2755687822585,6.716591732513846182e+03
739.3492317494262,6.671549086771785369e+03
739.4229859424029,6.645361502038029357e+03
739.4966509491076,6.652694025763480568e+03
739.5703798618135,6.652694025763480568e+03
739.6440468874771,6.609746386800120490e+03
739.7177778366447,6.596128842738567073e+03
739.791446866122,6.557371217332607557e+03
739.8651032005454,6.579368788508963007e+03
739.9388289543585,6.522803605484048603e+03
740.0125146409633,6.529088625820150810e+03
740.086187618405,6.509186061422495186e+03
740.1599026583724,6.488235993635490559e+03
740.2335830692062,6.448430864840181130e+03
740.3072452674804,6.493473510582241943e+03
740.3809769441689,6.436908327557327539e+03
740.4546465508478,6.441098341114729010e+03
740.5283253357537,6.435860824167977626e+03
740.6019968452496,6.366725600470860627e+03
740.6757323886792,6.406530729266170056e+03
740.7493783611862,6.342633022515804441e+03
740.8230664214437,6.341585519126454528e+03
740.8967416974003,6.323777961507500549e+03
740.9704041770528,6.316445437782048430e+03
741.0440813057113,6.292352859826992244e+03
741.1177456249695,6.266165275093236232e+03
741.1914740338814,6.213790105625723299e+03
741.265145682029,6.247310214084931431e+03
741.3387990020083,6.213790105625723299e+03
741.4124669600711,6.167699956494311664e+03
741.4861550585991,6.170842466662362312e+03
741.5598248114671,6.151987405654058421e+03
741.6334872037764,6.146749888707307036e+03
741.7070817125386,6.122657310752250851e+03
741.7807678621677,6.126847324309652322e+03
741.8544191228816,6.097517229407844752e+03
741.9281125335501,6.102754746354596136e+03
742.0017600242695,6.083899685346291335e+03
742.0754276444354,6.051427080276433117e+03
742.1491098938311,6.018954475206575808e+03
742.2227792320809,5.996956904030220358e+03
742.2963860567804,6.062949617559285798e+03
742.3700570824167,6.003241924366321655e+03
742.4437151716932,5.956104271845560106e+03
742.5173878791576,5.967626809128412788e+03
742.5909980073593,5.941439224394656776e+03
742.6646723713906,5.952961761677509458e+03
742.7383392893086,5.935154204058554569e+03
742.8119656461523,5.876494014254940339e+03
742.8856286765096,5.896396578652595053e+03
742.9592842387771,5.879636524422990988e+03
743.0328991982909,5.852401436299884153e+03
743.1065563576633,5.852401436299884153e+03
743.1801728901319,5.819928831230026844e+03
743.2538592524501,5.832498871902229439e+03
743.3274497210764,5.819928831230026844e+03
743.4011100282263,5.758126131258361056e+03
743.4747296601421,5.779076199045366593e+03
743.5483970465806,5.772791178709265296e+03
743.6220182060574,5.747651097364859197e+03
743.6956816000841,5.734033553303305780e+03
743.7692821427946,5.722511016020453098e+03
743.8429470520473,5.716225995684350892e+03
743.916576747615,5.676420866889041463e+03
743.990165669035,5.687943404171894144e+03
744.0638466591978,5.669088343163589343e+03
744.1374370340701,5.675373363499691550e+03
744.2110696595498,5.684800894003843496e+03
744.284716858413,5.640805751651132596e+03
744.3583232280512,5.641853255040483418e+03
744.4319496995879,5.648138275376584716e+03
744.5055574804348,5.609380649970625200e+03
744.5791520991629,5.610428153359975113e+03
744.6528444452033,5.605190636413223729e+03
744.7264460022811,5.609380649970625200e+03
744.8000565630955,5.585288072015569014e+03
744.8736594835683,5.547577949998960321e+03
744.9472714032472,5.540245426273508201e+03
745.0208756714717,5.505677814424949247e+03
745.094494486024,5.551767963556360883e+03
745.168100087441,5.511962834761051454e+03
745.2416924635781,5.511962834761051454e+03
745.3152993770332,5.467967692408340554e+03
745.3889152760675,5.481585236469893971e+03
745.4625290474098,5.499392794088847950e+03
745.5361240107667,5.498345290699498037e+03
745.609733506721,5.474252712744441851e+03
745.6833575395775,5.465872685629639818e+03
745.7569683059694,5.447017624621335017e+03
745.8305713563644,5.429210067002381038e+03
745.9041833730809,5.408259999215375501e+03
745.9777876626403,5.435495087338482335e+03
746.0514009139459,5.413497516162126885e+03
746.1249507566789,5.371597380588116721e+03
746.1985429433485,5.374739890756167370e+03
746.2721496486159,5.368454870420066072e+03
746.3457708767787,5.366359863641365337e+03
746.4193230608547,5.329697245014106556e+03
746.4929176060401,5.364264856862664601e+03
746.5665266650274,5.350647312801111184e+03
746.640066621393,5.324459728067355172e+03
746.7136768253059,5.364264856862664601e+03
746.7873015449047,5.312937190784502491e+03
746.8608348022583,5.319222211120603788e+03
746.934460649653,5.303509660280349635e+03
747.0080507927156,5.288844612829446305e+03
747.0815940434294,5.284654599272045743e+03
747.1552131827909,5.279417082325294359e+03
747.2287630801482,5.257419511148938909e+03
747.3023777208953,5.261609524706339471e+03
747.3759007391845,5.274179565378542975e+03
747.4495220280663,5.274179565378542975e+03
747.5230740040879,5.216566878964278658e+03
747.5966125121065,5.223899402689730778e+03
747.6702213915038,5.201901831513375328e+03
747.7437608993716,5.227041912857781426e+03
747.8173763904779,5.208186851849476625e+03
747.8909168833824,5.172571736611567758e+03
747.9644718416794,5.188284287451821911e+03
748.0380188872018,5.133814111205608242e+03
748.111630768237,5.163144206107415812e+03
748.1851787691317,5.150574165435212308e+03
748.2587356337701,5.118101560365354999e+03
748.3322845630789,5.156859185771314515e+03
748.405875958131,5.099246499357050197e+03
748.4794258064913,5.078296431570044660e+03
748.5529901125466,5.108674029861202143e+03
748.626540858474,5.082486445127446132e+03
748.7000780320159,5.051061343446937826e+03
748.7736296540094,5.053156350225638562e+03
748.8471676901079,5.033253785827983847e+03
748.920776260387,5.047918833278887178e+03
748.994315154041,5.025921262102531728e+03
749.0678741021718,5.029063772270582376e+03
749.1414138274398,5.028016268881232463e+03
749.2149736068789,5.017541234987729695e+03
749.2885141477188,5.001828684147476451e+03
749.362046665244,4.988211140085923034e+03
749.4355374512597,4.973546092635018795e+03
749.5090988297237,4.945263501122562047e+03
749.5826465568359,4.940025984175810663e+03
749.656175000463,4.907553379105953354e+03
749.7297234916311,4.914885902831404564e+03
749.803286415846,4.882413297761547256e+03
749.8768356615918,4.880318290982846520e+03
749.9503205982728,4.890793324876349288e+03
750.0238705670453,4.911743392663353916e+03
750.0974068314757,4.858320719806491070e+03
750.170963144645,4.840513162187536182e+03
750.2444438267519,4.815373080843130083e+03
750.318000832892,4.852035699470389773e+03
750.3915384788514,4.810135563896378699e+03
750.4650398530696,4.820610597789881467e+03
750.5385837931271,4.832133135072734149e+03
750.6121083437756,4.780805468994572038e+03
750.6855965835151,4.766140421543668708e+03
750.7591555782365,4.749380367314064642e+03
750.8326444278694,4.753570380871465204e+03
750.9061758589805,4.723192782580307721e+03
750.9796652967866,4.713765252076155775e+03
751.053225528571,4.723192782580307721e+03
751.1267211857668,4.689672674121099590e+03
751.2002538005404,4.656152565661891458e+03
751.2737443726544,4.657200069051241371e+03
751.347283196831,4.650915048715140074e+03
751.4207743095347,4.653010055493840810e+03
751.4942572105898,4.633107491096186095e+03
751.567805321994,4.643582524989687954e+03
751.641288735935,4.596444872468926405e+03
751.7147865207419,4.598539879247627141e+03
751.7883269399143,4.585969838575424546e+03
751.8618252198199,4.562924764009718274e+03
751.9353096018531,4.595397369079576492e+03
752.0087800736492,4.571304791124520307e+03
752.082349748397,4.569209784345820481e+03
752.1558206716313,4.536737179275962262e+03
752.2293059510168,4.552449730116215505e+03
752.3028112503567,4.510549594542205341e+03
752.3762686487676,4.509502091152855428e+03
752.4497687028702,4.495884547091302011e+03
752.5232604672466,4.469696962357545999e+03
752.5967892449822,4.501122064038053395e+03
752.6702814069297,4.459221928464043231e+03
752.74378792351,4.489599526755200714e+03
752.8172521255437,4.445604384402489814e+03
752.890753342267,4.456079418295992582e+03
752.9642462347487,4.419416799668732892e+03
753.0377251232514,4.430939336951586483e+03
753.111218354199,4.411036772553930859e+03
753.1846408387155,4.408941765775231033e+03
753.2581116847355,4.377516664094722728e+03
753.331591190779,4.399514235271078178e+03
753.4050850339123,4.382754181041474112e+03
753.4785648318334,4.364946623422520133e+03
753.552064642568,4.378564167484073550e+03
753.6254879218887,4.334569025131362650e+03
753.698987997613,4.326188998016560618e+03
753.7724683210844,4.337711535299413299e+03
753.845940242228,4.326188998016560618e+03
753.9193696482735,4.313618957344357113e+03
753.9928702112186,4.305238930229555081e+03
754.0663566760842,4.288478875999951015e+03
754.1397721577508,4.268576311602296300e+03
754.2132588199502,4.289526379389301837e+03
754.286731357841,4.275908835327748420e+03
754.3601613060175,4.282193855663849718e+03
754.433662469434,4.248673747204641586e+03
754.5070697940439,4.242388726868540289e+03
754.580571120139,4.238198713311138818e+03
754.6540013426822,4.227723679417636049e+03
754.7274800348059,4.209916121798682070e+03
754.8009103674891,4.215153638745433454e+03
754.8743891803196,4.225628672638936223e+03
754.9478196065738,4.216201142134783368e+03
755.0212985235391,4.198393584515829389e+03
755.0947347284628,4.202583598073229950e+03
755.1681567061893,4.175348509950123116e+03
755.2416500027333,4.160683462499219786e+03
755.3150720303312,4.165920979445971170e+03
755.3884798044081,4.160683462499219786e+03
755.4619874570354,4.143923408269615720e+03
755.535395250506,4.127163354040011654e+03
755.6088173113466,4.109355796421057676e+03
755.6822593542736,4.074788184572498722e+03
755.7557385217809,4.095738252359503804e+03
755.8291520013627,4.095738252359503804e+03
755.9025740310907,4.093643245580803523e+03
755.9760160417866,4.098880762527554907e+03
756.0494380281855,4.122973340482611093e+03
756.122851408895,4.124020843871961006e+03
756.196279048058,4.092595742191453155e+03
756.2697209498288,4.080025701519250106e+03
756.3431485156143,4.099928265916904820e+03
756.4166132278519,4.076883191351199457e+03
756.490046430767,4.051743110006793358e+03
756.563402310791,4.046505593060041974e+03
756.6368296685728,4.061170640510945304e+03
756.710271280547,4.038125565945239941e+03
756.7836985147853,4.049648103228092623e+03
756.8571170870929,4.011937981211483475e+03
756.9305441765948,4.017175498158234859e+03
757.0039625924522,3.989940410035128025e+03
757.0773895204559,4.012985484600833843e+03
757.1508077630942,3.989940410035128025e+03
757.2241829078598,3.994130423592529041e+03
757.2975952154935,3.967942838858772575e+03
757.3710274951507,3.997272933760579690e+03
757.4444453309834,3.934422730399564443e+03
757.5178200187852,3.960610315133320910e+03
757.5912376210018,3.945945267682417125e+03
757.664669455667,3.945945267682417125e+03
757.7380294018718,3.941755254125016108e+03
757.8114609832415,3.915567669391259642e+03
757.884883822762,3.953277791407869245e+03
757.9582576961611,3.926042703284762410e+03
758.0316745087733,3.895665104993604928e+03
758.1050538201592,3.892522594825554279e+03
758.1784703328954,3.889380084657503630e+03
758.2518205742088,3.902997628719056593e+03
758.3252712680576,3.868430016870498093e+03
758.3986211596865,3.878905050764000862e+03
758.4720370175761,3.854812472808945131e+03
758.545415305501,3.870525023649198829e+03
758.6187790176235,3.832814901632589681e+03
758.692185702744,3.816054847402985615e+03
758.7655490229096,3.821292364349736545e+03
758.8389841161411,3.795104779615980078e+03
758.9123470329839,3.815007344013635247e+03
758.985729896929,3.790914766058579062e+03
759.0590923834825,3.800342296562731462e+03
759.1324978677417,3.803484806730782566e+03
759.2058656754364,3.786724752501178045e+03
759.2792419009955,3.780439732165076748e+03
759.3526092466964,3.771012201660924347e+03
759.4259619360007,3.796152283005330446e+03
759.4993807137987,3.750062133873919265e+03
759.5727617631621,3.747967127095218530e+03
759.6461281405926,3.742729610148467600e+03
759.7194798334775,3.737492093201716216e+03
759.79284569346,3.743777113537817513e+03
759.8662199506782,3.714447018636010398e+03
759.9395910557283,3.716542025414711134e+03
760.0129416740881,3.678831903398101986e+03
760.0863064536592,3.691401944070305035e+03
760.1596565064068,3.676736896619401250e+03
760.2330264969562,3.659976842389797184e+03
760.3064048714377,3.656834332221746536e+03
760.3797685035091,3.636931767824091366e+03
760.4531231634235,3.646359298328243767e+03
760.5264341378603,3.655786828832396168e+03
760.5997823891312,3.628551740709289334e+03
760.6731505760081,3.636931767824091366e+03
760.7465329185825,3.619124210205136933e+03
760.8198946901349,3.627504237319939421e+03
760.893195347572,3.567796544126974368e+03
760.9665564561759,3.604459162754233603e+03
761.039908545017,3.584556598356578888e+03
761.1132805694576,3.578271578020477136e+03
761.186574038077,3.555226503454771319e+03
761.2599395757078,3.561511523790873071e+03
761.3332612942629,3.560464020401522703e+03
761.4066319227295,3.545798972950619373e+03
761.4799819030882,3.541608959393218356e+03
761.5532938204132,3.514373871270111522e+03
761.6266430583955,3.511231361102060873e+03
761.6999542102297,3.521706394995563187e+03
761.7733026886444,3.507041347544659857e+03
761.8466130577877,3.497613817040507456e+03
761.9199955907541,3.470378728917400622e+03
761.9932761350078,3.475616245864152006e+03
762.0665998139598,3.460951198413248221e+03
762.1399666484456,3.485043776368304407e+03
762.2132604654904,3.454666178077146924e+03
762.2866264890819,3.453618674687796556e+03
762.3599194586624,3.405433518777684640e+03
762.4332265236651,3.454666178077146924e+03
762.5065244315081,3.410671035724436024e+03
762.5798887714861,3.429526096732740825e+03
762.653209066283,3.400196001830933710e+03
762.726491103933,3.383435947601329190e+03
762.7998163192037,3.384483450990679557e+03
762.8731789131846,3.397053491662882607e+03
762.9464741276457,3.348868335752770690e+03
763.0197834275534,3.365628389982375211e+03
763.0930777014148,3.367723396761075492e+03
763.1663802334256,3.365628389982375211e+03
763.2396735482423,3.325823261187065327e+03
763.312980942364,3.332108281523166625e+03
763.3863024198473,3.350963342531471426e+03
763.4595855263992,3.342583315416669393e+03
763.5329060235777,3.327918267965765608e+03
763.6062114503713,3.309063206957461261e+03
763.6795017940418,3.325823261187065327e+03
763.7528120409493,3.277638105276953411e+03
763.8261013583818,3.280780615445004059e+03
763.8994105781957,3.302778186621359509e+03
763.9727280347157,3.298588173063958493e+03
764.0459486507003,3.266115567994100729e+03
764.1192708849686,3.243070493428394911e+03
764.1925721540134,3.256688037489948329e+03
764.265864123763,3.224215432420090565e+03
764.339170153393,3.233642962924242511e+03
764.4124025979912,3.249355513764496663e+03
764.4857075207827,3.218977915473339181e+03
764.5590265043799,3.193837834128933082e+03
764.6322718534416,3.193837834128933082e+03
764.7055663242454,3.209550384969186780e+03
764.7788689989354,3.186505310403480962e+03
764.8520979783581,3.201170357854384747e+03
764.9254053449329,3.173935269731277913e+03
764.9986623906358,3.173935269731277913e+03
765.0719685894694,3.171840262952577632e+03
765.1451951672625,3.151937698554922463e+03
765.2185001752471,3.144605174829470798e+03
765.2917606634498,3.133082637546618116e+03
765.3650586119669,3.133082637546618116e+03
765.438288577042,3.106895052812861650e+03
765.5115911575078,3.101657535866110265e+03
765.5848491670143,3.120512596874415067e+03
765.6580918875516,3.132035134157267748e+03
765.7313779407682,3.113180073148962947e+03
765.8046193790093,3.097467522308709249e+03
765.8778806952203,3.094325012140658600e+03
765.9511794972256,3.101657535866110265e+03
766.0244043117671,3.099562529087409985e+03
766.0976489972652,3.112132569759613034e+03
766.1709018207467,3.100610032476759898e+03
766.2441451689594,3.076517454521704167e+03
766.31745537396,3.070232434185602415e+03
766.3906973785047,3.059757400292100101e+03
766.4639240114803,3.075469951132353799e+03
766.5371587632285,3.069184930796252502e+03
766.610413388223,3.062899910460150750e+03
766.6836526256157,3.082802474857805464e+03
766.7569058583788,3.061852407070800382e+03
766.8301436890999,3.064994917238851485e+03
766.9033661049401,3.042997346062496035e+03
766.9766319183701,3.020999774886140585e+03
767.049858779082,3.023094781664840866e+03
767.1230937389751,3.010524740992637817e+03
767.196342684586,3.008429734213937536e+03
767.2695820718163,3.040902339283795300e+03
767.3427706741372,3.028332298611592250e+03
767.4160085761127,3.011572244381988185e+03
767.4892545691928,2.978052135922780053e+03
767.5624909794419,2.997954700320434767e+03
767.6357413679548,2.968624605418627652e+03
767.7089173321764,2.947674537631622570e+03
767.7821603029794,2.975957129144079317e+03
767.8553936664732,2.953959557967724322e+03
767.928641001735,2.962339585082526355e+03
768.001843330076,2.952912054578373954e+03
768.0750596156819,2.946627034242272202e+03
768.1482662604737,2.943484524074221554e+03
768.2215104680862,2.929866980012668137e+03
768.2947391311019,2.928819476623317769e+03
768.3679227171707,2.935104496959419521e+03
768.441155676817,2.909964415615013422e+03
768.5143376298478,2.918344442729815455e+03
768.5875985030231,2.914154429172414439e+03
768.6607551772538,2.916249435951114720e+03
768.7340085126597,2.919391946119165823e+03
768.8071930624363,2.915201932561764806e+03
768.8803619892306,2.903679395278911670e+03
768.9535980606818,2.909964415615013422e+03
769.0267948587721,2.905774402057612406e+03
769.0999760176759,2.899489381721510654e+03
769.1732302685929,2.898441878332160286e+03
769.2464097142773,2.876444307155805291e+03
769.3195794118245,2.882729327491906588e+03
769.3928163071785,2.869111783430353171e+03
769.4660079399233,2.879586817323855939e+03
769.5391838897698,2.831401661413744023e+03
769.6123796819868,2.861779259704901506e+03
769.6855538548153,2.851304225811398737e+03
769.7587182425186,2.854446735979449841e+03
769.8319202468393,2.843971702085947072e+03
769.9051421026546,2.830354158024393655e+03
769.97834824532,2.824069137688292358e+03
770.0515030831361,2.817784117352190606e+03
770.1247074085248,2.834544171581794672e+03
770.1978663329771,2.825116641077642726e+03
770.2710688242653,2.808356586848038205e+03
770.3442258887268,2.797881552954535891e+03
770.4173671736539,2.811499097016089308e+03
770.4905282854356,2.804166573290637189e+03
770.5637270444658,2.795786546175835156e+03
770.6369100189285,2.785311512282332842e+03
770.7100771958651,2.766456451274028041e+03
770.7832642087253,2.765408947884677673e+03
770.856459180459,2.764361444495327760e+03
770.9295551317979,2.751791403823124710e+03
771.0027481693259,2.767503954663378408e+03
771.0759313239301,2.729793832646769260e+03
771.1490926926053,2.725603819089368244e+03
771.2222144154819,2.715128785195865476e+03
771.2954094963922,2.722461308921317141e+03
771.368588721728,2.711986275027814827e+03
771.4417223223901,2.693131214019510026e+03
771.5148995537488,2.701511241134312058e+03
771.5880013670636,2.684751186904707993e+03
771.6612063537742,2.675323656400555592e+03
771.734306117772,2.669038636064454295e+03
771.8074852581613,2.657516098781601613e+03
771.8806127402132,2.654373588613550510e+03
771.953783876625,2.677418663179256328e+03
772.0269152446992,2.637613534383946444e+03
772.1000843158894,2.658563602170951526e+03
772.1732135949969,2.644946058109398564e+03
772.2463209463975,2.630281010658494779e+03
772.3195077548475,2.638661037773296812e+03
