X,Y
534.0051269287335,2.878000000000000000e+03
534.0808105837979,2.855000000000000000e+03
534.1564941245075,2.864000000000000000e+03
534.2322387608131,2.884000000000000000e+03
534.3079223194351,2.899000000000000000e+03
534.3836059646314,2.898000000000000000e+03
534.459289487409,2.913000000000000000e+03
534.534973107135,2.903000000000000000e+03
534.6106567862021,2.902000000000000000e+03
534.6863402868432,2.919000000000000000e+03
534.7620238571769,2.936000000000000000e+03
534.8377074881613,2.933000000000000000e+03
534.9134522313972,2.949000000000000000e+03
534.9891358020897,2.984000000000000000e+03
535.0648193202943,2.997000000000000000e+03
535.140502776876,3.005000000000000000e+03
535.2161864491509,2.997000000000000000e+03
535.2918700416792,3.047000000000000000e+03
535.367553831929,3.036000000000000000e+03
535.4432372375885,3.049000000000000000e+03
535.5189208228152,3.076000000000000000e+03
535.594604578686,3.097000000000000000e+03
535.6702882093306,3.087000000000000000e+03
535.745971418549,3.107000000000000000e+03
535.8216553453357,3.080000000000000000e+03
535.8973391196765,3.106000000000000000e+03
535.9730227323798,3.123000000000000000e+03
536.0487061742487,3.118000000000000000e+03
536.1243894360814,3.113000000000000000e+03
536.2000730836918,3.147000000000000000e+03
536.275756820763,3.136000000000000000e+03
536.3514406383212,3.147000000000000000e+03
536.4271239518794,3.158000000000000000e+03
536.5028079033076,3.193000000000000000e+03
536.5784913324379,3.164000000000000000e+03
536.6541748057845,3.189000000000000000e+03
536.7298583143477,3.193000000000000000e+03
536.8055421372837,3.233000000000000000e+03
536.8812254011024,3.210000000000000000e+03
536.9569092495924,3.235000000000000000e+03
537.0325928090099,3.227000000000000000e+03
537.1082763585715,3.263000000000000000e+03
537.1839598892475,3.263000000000000000e+03
537.2596436806508,3.279000000000000000e+03
537.3353268577979,3.285000000000000000e+03
537.411010566398,3.286000000000000000e+03
537.4866335528031,3.301000000000000000e+03
537.5623168365025,3.299000000000000000e+03
537.6380003360828,3.349000000000000000e+03
537.7136843318589,3.321000000000000000e+03
537.7893676583791,3.373000000000000000e+03
537.8650511739759,3.350000000000000000e+03
537.940734869813,3.354000000000000000e+03
538.0164184475874,3.369000000000000000e+03
538.0920408046188,3.392000000000000000e+03
538.1677246810524,3.381000000000000000e+03
538.2434084124591,3.379000000000000000e+03
538.3190919897331,3.393000000000000000e+03
538.3947756936324,3.415000000000000000e+03
538.4704589353845,3.420000000000000000e+03
538.5461425757196,3.405000000000000000e+03
538.6217653920648,3.439000000000000000e+03
538.6974486256656,3.447000000000000000e+03
538.7731322312683,3.457000000000000000e+03
538.8488156195046,3.479000000000000000e+03
538.9244993621073,3.490000000000000000e+03
539.0001221504488,3.477000000000000000e+03
539.0758056867688,3.501000000000000000e+03
539.1514895509623,3.517000000000000000e+03
539.2271725712882,3.509000000000000000e+03
539.3027954051873,3.526000000000000000e+03
539.378479310497,3.547000000000000000e+03
539.4541629264281,3.567000000000000000e+03
539.5298462437939,3.568000000000000000e+03
539.6054689803647,3.563000000000000000e+03
539.6811522386217,3.574000000000000000e+03
539.7568363363963,3.591000000000000000e+03
539.832519225528,3.611000000000000000e+03
539.9081423044014,3.597000000000000000e+03
539.9838259373797,3.637000000000000000e+03
540.0595095003099,3.621000000000000000e+03
540.1351320092971,3.643000000000000000e+03
540.2108150962631,3.668000000000000000e+03
540.2864989617823,3.666000000000000000e+03
540.362121111465,3.689000000000000000e+03
540.4378056155781,3.663000000000000000e+03
540.5134888278695,3.688000000000000000e+03
540.5891111220752,3.683000000000000000e+03
540.6647949195459,3.702000000000000000e+03
540.7404782741969,3.713000000000000000e+03
540.8161009254455,3.735000000000000000e+03
540.8917848125893,3.727000000000000000e+03
540.9674685225426,3.753000000000000000e+03
541.0430911589102,3.740000000000000000e+03
541.1187741775063,3.764000000000000000e+03
541.194457870279,3.764000000000000000e+03
541.2700807045082,3.772000000000000000e+03
541.3457636520761,3.811000000000000000e+03
541.4213865683067,3.819000000000000000e+03
541.497070200242,3.837000000000000000e+03
541.5727541699249,3.816000000000000000e+03
541.648376858336,3.843000000000000000e+03
541.7240599931954,3.849000000000000000e+03
541.7996829685276,3.879000000000000000e+03
541.8753664065381,3.882000000000000000e+03
541.950988459017,3.864000000000000000e+03
542.0266721649095,3.877000000000000000e+03
542.1022953150494,3.922000000000000000e+03
542.1779780782617,3.927000000000000000e+03
542.2536014098382,3.981000000000000000e+03
542.329284076073,3.948000000000000000e+03
542.4049075539548,3.963000000000000000e+03
542.4805912648831,3.971000000000000000e+03
542.5562136767595,3.997000000000000000e+03
542.631897220388,3.999000000000000000e+03
542.7075197075332,3.992000000000000000e+03
542.7832033429272,4.039000000000000000e+03
542.8588255754784,4.043000000000000000e+03
542.9345092673785,4.057000000000000000e+03
543.0101320942985,4.071000000000000000e+03
543.0858158076525,4.071000000000000000e+03
543.1614377193954,4.099000000000000000e+03
543.2371220089141,4.107000000000000000e+03
543.3127444450705,4.114000000000000000e+03
543.3884278000902,4.117000000000000000e+03
543.4640501352047,4.143000000000000000e+03
543.5396728412053,4.146000000000000000e+03
543.6153561952086,4.137000000000000000e+03
543.6909787475163,4.134000000000000000e+03
543.7666625552929,4.183000000000000000e+03
543.8422846228852,4.192000000000000000e+03
543.917907905318,4.222000000000000000e+03
543.9935909887698,4.214000000000000000e+03
544.0692140297832,4.207000000000000000e+03
544.1448361882029,4.231000000000000000e+03
544.220519947648,4.235000000000000000e+03
544.2961426997966,4.270000000000000000e+03
544.3718261809979,4.244000000000000000e+03
544.4474486032625,4.259000000000000000e+03
544.5230709870222,4.271000000000000000e+03
544.5987550137446,4.291000000000000000e+03
544.6743770145879,4.313000000000000000e+03
544.7500001373947,4.312000000000000000e+03
544.8256222965063,4.297000000000000000e+03
544.9013064288619,4.374000000000000000e+03
544.976929025401,4.372000000000000000e+03
545.0525518192319,4.391000000000000000e+03
545.1282345318966,4.408000000000000000e+03
545.2038574139079,4.422000000000000000e+03
545.27947957532,4.422000000000000000e+03
545.3551027912747,4.462000000000000000e+03
545.4307859578726,4.445000000000000000e+03
545.5064085974922,4.470000000000000000e+03
545.582031075963,4.486000000000000000e+03
545.6576539799133,4.503000000000000000e+03
545.7333374615957,4.516000000000000000e+03
545.8089603143547,4.541000000000000000e+03
545.8845823750287,4.524000000000000000e+03
545.9602051246089,4.575000000000000000e+03
546.0358279586479,4.570000000000000000e+03
546.1115111125337,4.621000000000000000e+03
546.1871341062584,4.610000000000000000e+03
546.2627559649052,4.629000000000000000e+03
546.3383790667153,4.650000000000000000e+03
546.4140010154777,4.632000000000000000e+03
546.4896238920949,4.635000000000000000e+03
546.5653080328324,4.673000000000000000e+03
546.6409297699242,4.671000000000000000e+03
546.7165527083374,4.693000000000000000e+03
546.7921753454747,4.710000000000000000e+03
546.8677979714669,4.713000000000000000e+03
546.9434205776232,4.724000000000000000e+03
547.0190431552487,4.761000000000000000e+03
547.0946647977053,4.739000000000000000e+03
547.1703492667542,4.724000000000000000e+03
547.2459723224066,4.759000000000000000e+03
547.3215944163495,4.789000000000000000e+03
547.3972173369806,4.778000000000000000e+03
547.4728389782355,4.808000000000000000e+03
547.5484617288662,4.822000000000000000e+03
547.6240849813485,4.799000000000000000e+03
547.6997072275658,4.808000000000000000e+03
547.7753302583766,4.835000000000000000e+03
547.8509522649341,4.875000000000000000e+03
547.9265750390812,4.853000000000000000e+03
548.0021964706609,4.877000000000000000e+03
548.0778207553666,4.891000000000000000e+03
548.1534418774738,4.883000000000000000e+03
548.2290652357153,4.921000000000000000e+03
548.3046878169241,4.912000000000000000e+03
548.3803093111,4.929000000000000000e+03
548.4559330175531,4.934000000000000000e+03
548.5315556197277,4.959000000000000000e+03
548.6071771080813,4.956000000000000000e+03
548.6828010856999,4.970000000000000000e+03
548.7584221255744,4.984000000000000000e+03
548.834045337373,5.014000000000000000e+03
548.9096673999533,5.027000000000000000e+03
548.9852904134418,4.972000000000000000e+03
549.0609137670749,5.035000000000000000e+03
549.1364750314843,5.048000000000000000e+03
549.2120978166789,5.075000000000000000e+03
549.2877191060418,5.069000000000000000e+03
549.3633428131332,5.089000000000000000e+03
549.4389653087501,5.087000000000000000e+03
549.5145865832915,5.096000000000000000e+03
549.590210251744,5.133000000000000000e+03
549.665832681899,5.157000000000000000e+03
549.7413946298766,5.157000000000000000e+03
549.8170160497809,5.136000000000000000e+03
549.8926398319383,5.179000000000000000e+03
549.9682623401311,5.166000000000000000e+03
550.0438835647246,5.215000000000000000e+03
550.1195068250248,5.231000000000000000e+03
550.1950679386268,5.229000000000000000e+03
550.2706906900269,5.247000000000000000e+03
550.3463136366366,5.255000000000000000e+03
550.421935255224,5.295000000000000000e+03
550.4975591726949,5.300000000000000000e+03
550.5731205123872,5.297000000000000000e+03
550.6487432287166,5.344000000000000000e+03
550.7243648844632,5.350000000000000000e+03
550.7999885039992,5.341000000000000000e+03
550.8755494425731,5.338000000000000000e+03
550.951172094361,5.376000000000000000e+03
551.0267951682852,5.419000000000000000e+03
551.1024165301448,5.420000000000000000e+03
551.1779790561093,5.423000000000000000e+03
551.2536012026161,5.457000000000000000e+03
551.3292237372492,5.444000000000000000e+03
551.4047855382855,5.488000000000000000e+03
551.4804066788231,5.470000000000000000e+03
551.5560303111364,5.495000000000000000e+03
551.6315910047903,5.476000000000000000e+03
551.7072150175466,5.533000000000000000e+03
551.7828375420726,5.549000000000000000e+03
551.8583991818102,5.533000000000000000e+03
551.9340205121266,5.562000000000000000e+03
552.0096436778041,5.582000000000000000e+03
552.0852040546326,5.601000000000000000e+03
552.1608281083562,5.583000000000000000e+03
552.2363887123648,5.614000000000000000e+03
552.3120111809802,5.615000000000000000e+03
552.3876339198484,5.633000000000000000e+03
552.4631955723437,5.633000000000000000e+03
552.5388185047575,5.650000000000000000e+03
552.614380300461,5.659000000000000000e+03
552.6900021708618,5.689000000000000000e+03
552.765564075718,5.667000000000000000e+03
552.8411860712373,5.711000000000000000e+03
552.9168082777293,5.685000000000000000e+03
552.9923707499584,5.715000000000000000e+03
553.0679933370403,5.697000000000000000e+03
553.1435543046211,5.738000000000000000e+03
553.2191769324178,5.743000000000000000e+03
553.2947381962192,5.750000000000000000e+03
553.3703611371725,5.776000000000000000e+03
553.4459223575054,5.750000000000000000e+03
553.521545578136,5.784000000000000000e+03
553.5971070276289,5.810000000000000000e+03
553.6727301879512,5.808000000000000000e+03
553.74829183306,5.833000000000000000e+03
553.823851714682,5.859000000000000000e+03
553.8994751723073,5.883000000000000000e+03
553.9750367322185,5.849000000000000000e+03
554.050658510177,5.867000000000000000e+03
554.1262201811371,5.856000000000000000e+03
554.2018439290302,5.890000000000000000e+03
554.2774053707294,5.916000000000000000e+03
554.3529671374815,5.906000000000000000e+03
554.4285888549837,5.917000000000000000e+03
554.5041506486573,5.932000000000000000e+03
554.579712127434,5.989000000000000000e+03
554.6553335805664,5.943000000000000000e+03
554.7308950353918,5.973000000000000000e+03
554.8065186350868,6.014000000000000000e+03
554.8820800328116,6.002000000000000000e+03
554.9576410728757,6.033000000000000000e+03
555.0332642831411,6.038000000000000000e+03
555.108825215094,6.081000000000000000e+03
555.1843863800646,6.078000000000000000e+03
555.2599490030949,6.127000000000000000e+03
555.3355716725129,6.142000000000000000e+03
555.4111322702728,6.148000000000000000e+03
555.486694610333,6.140000000000000000e+03
555.5623170204691,6.187000000000000000e+03
555.6378788265472,6.218000000000000000e+03
555.7134408077316,6.183000000000000000e+03
555.7890023379755,6.245000000000000000e+03
555.8646239696742,6.264000000000000000e+03
555.9401852063803,6.304000000000000000e+03
556.0157462753666,6.295000000000000000e+03
556.0913090235443,6.303000000000000000e+03
556.1668694227267,6.347000000000000000e+03
556.2424921284115,6.334000000000000000e+03
556.3180540060974,6.361000000000000000e+03
556.3936159838638,6.341000000000000000e+03
556.46917743411,6.404000000000000000e+03
556.544738657784,6.410000000000000000e+03
556.6202993365139,6.438000000000000000e+03
556.6959226832005,6.410000000000000000e+03
556.7714847427467,6.447000000000000000e+03
556.8470468524312,6.494000000000000000e+03
556.9226065226395,6.499000000000000000e+03
556.9981696377276,6.504000000000000000e+03
557.0737306061917,6.495000000000000000e+03
557.1492912804306,6.528000000000000000e+03
557.2248535148585,6.514000000000000000e+03
557.3004154389016,6.559000000000000000e+03
557.3759767333004,6.557000000000000000e+03
557.451598607399,6.587000000000000000e+03
557.5271614300829,6.590000000000000000e+03
557.6027217325554,6.610000000000000000e+03
557.6782835475029,6.606000000000000000e+03
557.7538450012918,6.593000000000000000e+03
557.8294060853028,6.601000000000000000e+03
557.9049686584602,6.659000000000000000e+03
557.9805305342576,6.641000000000000000e+03
558.0560904581027,6.678000000000000000e+03
558.1316534042687,6.677000000000000000e+03
558.2072143813721,6.682000000000000000e+03
558.2827764962979,6.705000000000000000e+03
558.3583381828406,6.691000000000000000e+03
558.4338994323449,6.715000000000000000e+03
558.5094602361507,6.716000000000000000e+03
558.5850224576968,6.720000000000000000e+03
558.6605230453073,6.744000000000000000e+03
558.7360843175928,6.710000000000000000e+03
558.8116447982349,6.755000000000000000e+03
558.8872066647817,6.761000000000000000e+03
558.9627683478695,6.786000000000000000e+03
559.0383292140123,6.804000000000000000e+03
559.1138914425185,6.778000000000000000e+03
559.1894531500513,6.856000000000000000e+03
559.2650140151281,6.852000000000000000e+03
559.3405155236203,6.835000000000000000e+03
559.4160774775995,6.818000000000000000e+03
559.491638563738,6.904000000000000000e+03
559.5671990861741,6.870000000000000000e+03
559.6427612285802,6.923000000000000000e+03
559.7183224777227,6.923000000000000000e+03
559.7938239112091,6.954000000000000000e+03
559.8693855251184,6.981000000000000000e+03
559.9449468470373,7.008000000000000000e+03
560.0205075548458,7.024000000000000000e+03
560.0960695220344,7.064000000000000000e+03
560.1715693553381,7.019000000000000000e+03
560.2471316053342,7.044000000000000000e+03
560.3226935219939,7.078000000000000000e+03
560.3982544687057,7.091000000000000000e+03
560.4737553798353,7.105000000000000000e+03
560.549316857351,7.127000000000000000e+03
560.6248776534629,7.164000000000000000e+03
560.70037802624,7.115000000000000000e+03
560.7759393038835,7.178000000000000000e+03
560.8515017620771,7.216000000000000000e+03
560.9270018364357,7.232000000000000000e+03
561.0025625253518,7.242000000000000000e+03
561.0781246855694,7.249000000000000000e+03
561.1536262760454,7.327000000000000000e+03
561.2291866163674,7.333000000000000000e+03
561.304748089255,7.317000000000000000e+03
561.3802492335784,7.347000000000000000e+03
561.4558107265045,7.357000000000000000e+03
561.5313717522904,7.396000000000000000e+03
561.6068723759059,7.425000000000000000e+03
561.6824333719698,7.412000000000000000e+03
561.7579339169324,7.414000000000000000e+03
561.8334954817075,7.467000000000000000e+03
561.9089955995389,7.469000000000000000e+03
561.9845564375671,7.471000000000000000e+03
562.0601218043322,7.513000000000000000e+03
562.1356190160956,7.506000000000000000e+03
562.2111807638972,7.524000000000000000e+03
562.2866837867199,7.552000000000000000e+03
562.3622450420103,7.570000000000000000e+03
562.4377443607594,7.563000000000000000e+03
562.5133050891404,7.561000000000000000e+03
562.5888069961169,7.576000000000000000e+03
562.6643671648543,7.563000000000000000e+03
562.739868463935,7.569000000000000000e+03
562.8154280394092,7.644000000000000000e+03
562.8909286969488,7.653000000000000000e+03
562.9664305978828,7.631000000000000000e+03
563.0419939681478,7.611000000000000000e+03
563.1174920085415,7.689000000000000000e+03
563.19305470474,7.667000000000000000e+03
563.2685551920358,7.686000000000000000e+03
563.3440568835294,7.699000000000000000e+03
563.419616911542,7.674000000000000000e+03
563.4951146546897,7.699000000000000000e+03
563.5706770994776,7.711000000000000000e+03
563.6461803879624,7.727000000000000000e+03
563.7216816652208,7.726000000000000000e+03
563.7972413162915,7.726000000000000000e+03
563.8727417375509,7.783000000000000000e+03
563.948243300408,7.756000000000000000e+03
564.0238032597638,7.796000000000000000e+03
564.0993039174446,7.837000000000000000e+03
564.1748025104577,7.844000000000000000e+03
564.2503658884998,7.813000000000000000e+03
564.3258667100131,7.869000000000000000e+03
564.4013686264184,7.838000000000000000e+03
564.4768684441426,7.894000000000000000e+03
564.5524298972744,7.893000000000000000e+03
564.6279318813953,7.925000000000000000e+03
564.7034317408531,7.928000000000000000e+03
564.7789326555933,7.973000000000000000e+03
564.8544314277575,7.966000000000000000e+03
564.9299918767013,8.003000000000000000e+03
565.005495928257,7.997000000000000000e+03
565.0809946197296,8.024000000000000000e+03
565.1564943267665,8.054000000000000000e+03
565.2319918472216,8.051000000000000000e+03
565.3075574772264,8.006000000000000000e+03
565.3830570069348,8.090000000000000000e+03
565.4585575213804,8.064000000000000000e+03
565.5340558149843,8.116000000000000000e+03
565.6095582761728,8.131000000000000000e+03
565.6850585002172,8.145000000000000000e+03
565.760556477251,8.160000000000000000e+03
565.8360618025167,8.192000000000000000e+03
565.9116225122199,8.238000000000000000e+03
565.9871233197282,8.258000000000000000e+03
566.0626218458439,8.326000000000000000e+03
566.1381244909254,8.393000000000000000e+03
566.2136216322725,8.425000000000000000e+03
566.289126084757,8.460000000000000000e+03
566.3646250154166,8.433000000000000000e+03
566.4401248288668,8.456000000000000000e+03
566.5156223083626,8.464000000000000000e+03
566.5911238644974,8.513000000000000000e+03
566.666626281373,8.534000000000000000e+03
566.7421263396649,8.542000000000000000e+03
566.8176240294433,8.566000000000000000e+03
566.8931289818083,8.563000000000000000e+03
566.9686283363882,8.601000000000000000e+03
567.044128511452,8.588000000000000000e+03
567.1196262833736,8.573000000000000000e+03
567.1951280764068,8.594000000000000000e+03
567.2706306677735,8.641000000000000000e+03
567.3460696737624,8.653000000000000000e+03
567.4215706028087,8.652000000000000000e+03
567.4970690857559,8.695000000000000000e+03
567.5725715554013,8.677000000000000000e+03
567.6480715624202,8.688000000000000000e+03
567.7235723199296,8.705000000000000000e+03
567.7990705965543,8.705000000000000000e+03
567.8745728319317,8.697000000000000000e+03
567.9500112820856,8.816000000000000000e+03
568.0255117228037,8.694000000000000000e+03
568.1010128751681,8.727000000000000000e+03
568.1765115034954,8.724000000000000000e+03
568.2520140559766,8.757000000000000000e+03
568.327455928513,8.725000000000000000e+03
568.4029533742392,8.756000000000000000e+03
568.478454722623,8.781000000000000000e+03
568.5539535037092,8.739000000000000000e+03
568.6293947397575,8.800000000000000000e+03
568.7048948100362,8.758000000000000000e+03
568.7803955214323,8.793000000000000000e+03
568.8558968664703,8.776000000000000000e+03
568.9313373379196,8.807000000000000000e+03
569.0068366737867,8.780000000000000000e+03
569.0823366191238,8.849000000000000000e+03
569.1577756177235,8.816000000000000000e+03
569.2332767431898,8.819000000000000000e+03
569.3087752145101,8.843000000000000000e+03
569.3842159078702,8.796000000000000000e+03
569.4597155117148,8.912000000000000000e+03
569.5352189219938,8.870000000000000000e+03
569.6106547533757,8.837000000000000000e+03
569.6861592519366,8.903000000000000000e+03
569.7615961204366,8.932000000000000000e+03
569.8370951828829,8.939000000000000000e+03
569.9125980167112,8.982000000000000000e+03
569.9880363908212,8.964000000000000000e+03
570.063540235015,8.933000000000000000e+03
570.1389763193972,9.007000000000000000e+03
570.2144778914571,9.034000000000000000e+03
570.2899149030349,9.031000000000000000e+03
570.3654174215969,9.067000000000000000e+03
570.4408585841445,9.083000000000000000e+03
570.516355510032,9.085000000000000000e+03
570.5917975400971,9.134000000000000000e+03
570.6672953476274,9.163000000000000000e+03
570.7427349574187,9.165000000000000000e+03
570.8182368737373,9.190000000000000000e+03
570.8936740294567,9.197000000000000000e+03
570.9691767675921,9.253000000000000000e+03
571.044617956385,9.223000000000000000e+03
571.120118225025,9.247000000000000000e+03
571.1955568946336,9.311000000000000000e+03
571.2709959150741,9.344000000000000000e+03
571.3464973017159,9.351000000000000000e+03
571.4219370173379,9.328000000000000000e+03
571.4974358505949,9.342000000000000000e+03
571.5728729630794,9.375000000000000000e+03
571.6483169221735,9.418000000000000000e+03
571.7238167556269,9.433000000000000000e+03
571.7992547962239,9.474000000000000000e+03
571.874696395271,9.458000000000000000e+03
571.9501938880238,9.484000000000000000e+03
572.0256327861869,9.511000000000000000e+03
572.1010752224225,9.533000000000000000e+03
572.1765735734161,9.514000000000000000e+03
572.2520132602132,9.582000000000000000e+03
572.3274531890821,9.558000000000000000e+03
572.4028933523459,9.621000000000000000e+03
572.4783960113044,9.628000000000000000e+03
572.5538333585442,9.608000000000000000e+03
572.6292741944405,9.633000000000000000e+03
572.7047119540778,9.658000000000000000e+03
572.780212242593,9.665000000000000000e+03
572.8556503993934,9.646000000000000000e+03
572.9310920175104,9.641000000000000000e+03
573.0065305250978,9.637000000000000000e+03
573.0819691960772,9.726000000000000000e+03
573.1574080227304,9.648000000000000000e+03
573.232909430562,9.706000000000000000e+03
573.3083485618251,9.703000000000000000e+03
573.3837911132744,9.690000000000000000e+03
573.4592305026606,9.720000000000000000e+03
573.5346700090696,9.691000000000000000e+03
573.6101096247586,9.690000000000000000e+03
573.6855493419805,9.728000000000000000e+03
573.7609858609676,9.695000000000000000e+03
573.8364257571322,9.744000000000000000e+03
573.9118624378157,9.692000000000000000e+03
573.9873057764995,9.741000000000000000e+03
574.0627425886909,9.742000000000000000e+03
574.1382453810519,9.731000000000000000e+03
574.2136823092575,9.717000000000000000e+03
574.2891225732211,9.718000000000000000e+03
574.3645628688121,9.754000000000000000e+03
574.4399404917988,9.739000000000000000e+03
574.5153808108072,9.750000000000000000e+03
574.5908178365182,9.781000000000000000e+03
574.6662581633567,9.755000000000000000e+03
574.7416984828392,9.777000000000000000e+03
574.8171387871569,9.779000000000000000e+03
574.8925790684976,9.797000000000000000e+03
574.9680160131622,9.787000000000000000e+03
575.0434562242268,9.851000000000000000e+03
575.1188930812343,9.812000000000000000e+03
575.1943364992081,9.874000000000000000e+03
575.2697765474628,9.865000000000000000e+03
575.3451536315831,9.890000000000000000e+03
575.4205935156243,9.866000000000000000e+03
575.4960333140378,9.888000000000000000e+03
575.5714730189743,9.928000000000000000e+03
575.6469093088864,9.904000000000000000e+03
575.7223521169975,9.931000000000000000e+03
575.7977285011834,9.934000000000000000e+03
575.8731677371276,9.961000000000000000e+03
575.9486101574518,1.001600000000000000e+04
576.0240491208147,1.001600000000000000e+04
576.0994281953324,1.005300000000000000e+04
576.1748668380864,1.007100000000000000e+04
576.2503053165299,1.010600000000000000e+04
576.3257436227722,1.012700000000000000e+04
576.401121946027,1.013700000000000000e+04
576.4765631917769,1.008300000000000000e+04
576.5520009192454,1.016700000000000000e+04
576.627378593058,1.020600000000000000e+04
576.7028192152051,1.024300000000000000e+04
576.7782596194585,1.024200000000000000e+04
576.8536365734708,1.022100000000000000e+04
576.9290798301113,1.023200000000000000e+04
577.0045161881444,1.031100000000000000e+04
577.0798956812308,1.028700000000000000e+04
577.1553348449369,1.031400000000000000e+04
577.2307737431714,1.032400000000000000e+04
577.3061523771543,1.034100000000000000e+04
577.3815940386273,1.040200000000000000e+04
577.4569687212091,1.036700000000000000e+04
577.5324097821534,1.041300000000000000e+04
577.6077871497567,1.041500000000000000e+04
577.6832275791974,1.046200000000000000e+04
577.7586042662564,1.044400000000000000e+04
577.8340473712362,1.047400000000000000e+04
577.9094233467189,1.045900000000000000e+04
577.9848624183549,1.047000000000000000e+04
578.06024099099,1.049600000000000000e+04
578.1356826786689,1.052200000000000000e+04
578.2110604784385,1.046700000000000000e+04
578.2865014103915,1.050300000000000000e+04
578.3618750602704,1.051200000000000000e+04
578.4373152036164,1.053800000000000000e+04
578.5126947075182,1.058300000000000000e+04
578.5880737744064,1.056300000000000000e+04
578.6635160180301,1.055900000000000000e+04
578.7388908540094,1.057500000000000000e+04
578.8143322323514,1.055600000000000000e+04
578.8897095032095,1.059600000000000000e+04
578.9650862969057,1.057900000000000000e+04
579.0405296629765,1.057300000000000000e+04
579.1159054956761,1.059700000000000000e+04
579.1912841817008,1.058900000000000000e+04
579.2667227590988,1.060600000000000000e+04
579.3421004375672,1.059900000000000000e+04
579.4174809495532,1.056000000000000000e+04
579.4928575733711,1.061000000000000000e+04
579.5682974782039,1.059400000000000000e+04
579.6436763906835,1.060300000000000000e+04
579.7190547488921,1.058000000000000000e+04
579.7944325447469,1.062000000000000000e+04
579.8698736574771,1.060400000000000000e+04
579.9452503209693,1.061900000000000000e+04
580.0206297620755,1.065600000000000000e+04
580.0960086102061,1.063000000000000000e+04
580.1713868572579,1.062800000000000000e+04
580.2467678619868,1.063900000000000000e+04
580.3222055027192,1.061400000000000000e+04
580.3975819144985,1.066500000000000000e+04
580.472964431725,1.063900000000000000e+04
580.5483361997073,1.066900000000000000e+04
580.6237208011142,1.065800000000000000e+04
580.6990980056318,1.069300000000000000e+04
580.774474545852,1.065600000000000000e+04
580.8498537875009,1.063900000000000000e+04
580.9252289755794,1.067800000000000000e+04
581.0006743628959,1.065200000000000000e+04
581.0760481837603,1.072200000000000000e+04
581.1514280543308,1.078300000000000000e+04
581.2268072152121,1.070600000000000000e+04
581.3021822791188,1.073500000000000000e+04
581.3775633752501,1.072100000000000000e+04
581.4529437389426,1.076000000000000000e+04
581.5283199802694,1.074100000000000000e+04
581.6036988536778,1.078900000000000000e+04
581.6790160670166,1.082500000000000000e+04
581.7543934024975,1.085600000000000000e+04
581.8297699646201,1.082800000000000000e+04
581.9051525174606,1.087700000000000000e+04
581.9805308970429,1.087400000000000000e+04
582.0559084804219,1.089300000000000000e+04
582.1312852593902,1.092400000000000000e+04
582.206668005028,1.095300000000000000e+04
582.2820397617667,1.092900000000000000e+04
582.3574242532981,1.094800000000000000e+04
582.4327366749485,1.097300000000000000e+04
582.508116082625,1.100900000000000000e+04
582.5834946400697,1.102700000000000000e+04
582.658872339047,1.103500000000000000e+04
582.7342525671091,1.108600000000000000e+04
582.8095673852416,1.110000000000000000e+04
582.8849492395216,1.104300000000000000e+04
582.9603268074364,1.112300000000000000e+04
583.0357068767066,1.116200000000000000e+04
583.1110214380087,1.116700000000000000e+04
583.1864030744695,1.117400000000000000e+04
583.2617769878166,1.122200000000000000e+04
583.3371601786139,1.119000000000000000e+04
583.4124743613642,1.121500000000000000e+04
583.4878556582576,1.124900000000000000e+04
583.5632325991093,1.126000000000000000e+04
583.6385472652148,1.126900000000000000e+04
583.7139290751193,1.126000000000000000e+04
583.7893065032263,1.129100000000000000e+04
583.8646249949269,1.130800000000000000e+04
583.9400004322508,1.129400000000000000e+04
584.0153168866366,1.130100000000000000e+04
584.0907005347968,1.131600000000000000e+04
584.1660763462396,1.133900000000000000e+04
584.2413965200363,1.131000000000000000e+04
584.3167736762043,1.134800000000000000e+04
584.3920917365156,1.132900000000000000e+04
584.4674702084938,1.135700000000000000e+04
584.5427861228587,1.137600000000000000e+04
584.6181658817017,1.134700000000000000e+04
584.6934796176279,1.133400000000000000e+04
584.7688572148127,1.134700000000000000e+04
584.8441755797492,1.132300000000000000e+04
584.919554404934,1.141600000000000000e+04
584.9948739529473,1.133500000000000000e+04
585.0702539779767,1.141200000000000000e+04
585.145567832981,1.134500000000000000e+04
585.2208873808705,1.136700000000000000e+04
585.2962674300239,1.138000000000000000e+04
585.3715812355221,1.131700000000000000e+04
585.446962410467,1.133700000000000000e+04
585.522277293224,1.137600000000000000e+04
585.5975978392732,1.132900000000000000e+04
585.6729720672993,1.134900000000000000e+04
585.7482902189189,1.135000000000000000e+04
585.8236071536562,1.136100000000000000e+04
585.8989880858402,1.137900000000000000e+04
585.9743025783406,1.133100000000000000e+04
586.0496192632522,1.132600000000000000e+04
586.1249381347992,1.134300000000000000e+04
586.200317604434,1.131700000000000000e+04
586.2756374097312,1.138600000000000000e+04
586.3509525064017,1.137000000000000000e+04
586.4262697612708,1.142500000000000000e+04
586.5016510856912,1.137600000000000000e+04
586.576965774025,1.138700000000000000e+04
586.6522825996321,1.141600000000000000e+04
586.7275981142149,1.140900000000000000e+04
586.8029157526896,1.141900000000000000e+04
586.878297505942,1.140800000000000000e+04
586.9536125003841,1.138600000000000000e+04
587.0289295977367,1.144400000000000000e+04
587.1042487921765,1.142400000000000000e+04
587.1795666300785,1.145400000000000000e+04
587.2548831029591,1.147500000000000000e+04
587.3301982023304,1.147000000000000000e+04
587.4055153701529,1.146400000000000000e+04
587.4808346005856,1.148100000000000000e+04
587.5561558877838,1.150900000000000000e+04
587.631468866577,1.156800000000000000e+04
587.7067838851247,1.154000000000000000e+04
587.78216658026,1.157300000000000000e+04
587.8574856775697,1.163100000000000000e+04
587.9328033404089,1.161400000000000000e+04
588.0080538670875,1.165100000000000000e+04
588.0833720770029,1.162700000000000000e+04
588.1586888286358,1.169600000000000000e+04
588.234007573644,1.169400000000000000e+04
588.3093248450679,1.173900000000000000e+04
588.3846440963296,1.172200000000000000e+04
588.4599618586897,1.175700000000000000e+04
588.5352781235977,1.177700000000000000e+04
588.6105963471232,1.178400000000000000e+04
588.6859130578563,1.177800000000000000e+04
588.761231713632,1.181300000000000000e+04
588.8364864301399,1.187000000000000000e+04
588.9118020050827,1.185900000000000000e+04
588.9871195037894,1.195000000000000000e+04
589.0624389203426,1.190000000000000000e+04
589.1377567779897,1.187200000000000000e+04
589.2130730681441,1.191200000000000000e+04
589.2883287478853,1.197900000000000000e+04
589.3636453356847,1.193300000000000000e+04
589.4389638063658,1.195300000000000000e+04
589.5142806787193,1.193100000000000000e+04
589.5895403256021,1.199300000000000000e+04
589.6648574383153,1.200800000000000000e+04
589.740176406581,1.202600000000000000e+04
589.8154276479908,1.201400000000000000e+04
589.8907468120178,1.203200000000000000e+04
589.9660643313503,1.201800000000000000e+04
590.0413210120631,1.203500000000000000e+04
590.1166352010036,1.200600000000000000e+04
590.1919546858783,1.200100000000000000e+04
590.2672132644499,1.202400000000000000e+04
590.3425293741994,1.200900000000000000e+04
590.4177880160598,1.202000000000000000e+04
590.4931042037921,1.204100000000000000e+04
590.568418683014,1.207300000000000000e+04
590.643675627467,1.200800000000000000e+04
590.7189936284246,1.206800000000000000e+04
590.7942505619948,1.204900000000000000e+04
590.8695685685237,1.199300000000000000e+04
590.9448219696872,1.205200000000000000e+04
591.0201399515241,1.205100000000000000e+04
591.0953967743105,1.204000000000000000e+04
591.1707147029425,1.199600000000000000e+04
591.2459714266577,1.202900000000000000e+04
591.3212892726514,1.199200000000000000e+04
591.3965458678394,1.205200000000000000e+04
591.4718006307248,1.205000000000000000e+04
591.547116539627,1.204100000000000000e+04
591.6223746281325,1.198000000000000000e+04
591.6976903797901,1.196200000000000000e+04
591.7729482668865,1.199500000000000000e+04
591.8482042834247,1.201900000000000000e+04
591.9235214878881,1.202100000000000000e+04
591.9987807623979,1.202400000000000000e+04
592.0740346381908,1.202600000000000000e+04
592.1493532320127,1.200300000000000000e+04
592.2246103231383,1.203100000000000000e+04
592.2998654966053,1.205000000000000000e+04
592.3751222527409,1.204200000000000000e+04
592.4504402550338,1.199400000000000000e+04
592.5256966625434,1.203400000000000000e+04
592.6009511209176,1.201200000000000000e+04
592.6762106466866,1.207900000000000000e+04
592.7515244260364,1.212200000000000000e+04
592.8267835455117,1.207800000000000000e+04
592.9020371707703,1.207700000000000000e+04
592.9772958390107,1.210000000000000000e+04
593.0525489954576,1.211600000000000000e+04
593.1278071826566,1.214900000000000000e+04
593.2031266995527,1.214500000000000000e+04
593.2783808730474,1.220100000000000000e+04
593.3536365391337,1.217600000000000000e+04
593.4288936916811,1.215500000000000000e+04
593.5041488020836,1.221700000000000000e+04
593.5794089082539,1.222500000000000000e+04
593.6546634339551,1.221700000000000000e+04
593.729919417986,1.219400000000000000e+04
593.8051733281523,1.222200000000000000e+04
593.8804322095,1.225200000000000000e+04
593.955689002888,1.229400000000000000e+04
594.0309472282032,1.224900000000000000e+04
594.1061998200399,1.230000000000000000e+04
594.1814573584147,1.232200000000000000e+04
594.2567163084306,1.232900000000000000e+04
594.3319695993049,1.232800000000000000e+04
594.4072278190921,1.236300000000000000e+04
594.4824803620132,1.232200000000000000e+04
594.5577413564724,1.231600000000000000e+04
594.6329931222317,1.240400000000000000e+04
594.7082533289405,1.237500000000000000e+04
594.7834441469494,1.236600000000000000e+04
594.85870352054,1.242000000000000000e+04
594.9339607052526,1.245900000000000000e+04
595.0092192325558,1.245100000000000000e+04
595.0844720137306,1.246000000000000000e+04
595.1596694470827,1.245300000000000000e+04
595.2349248608839,1.247100000000000000e+04
595.310178044894,1.248800000000000000e+04
595.3854360798784,1.249900000000000000e+04
595.4606918708308,1.247700000000000000e+04
595.5358886627483,1.248200000000000000e+04
595.611147019589,1.252000000000000000e+04
595.6864031092157,1.250500000000000000e+04
595.7615965842728,1.253500000000000000e+04
595.836855197865,1.252300000000000000e+04
595.9121115210278,1.250600000000000000e+04
595.9873051606659,1.256400000000000000e+04
596.0625604137975,1.253800000000000000e+04
596.1378169052595,1.258100000000000000e+04
596.2130106441916,1.255000000000000000e+04
596.2882695773723,1.257000000000000000e+04
596.3635261735925,1.259100000000000000e+04
596.4387199482267,1.248900000000000000e+04
596.5139753866564,1.253600000000000000e+04
596.5891715160268,1.251600000000000000e+04
596.6644293271388,1.255800000000000000e+04
596.739624225117,1.253500000000000000e+04
596.8148808209818,1.253700000000000000e+04
596.8900744570072,1.252900000000000000e+04
596.9653333707323,1.254500000000000000e+04
597.0405257151125,1.253300000000000000e+04
597.115786920592,1.255600000000000000e+04
597.1909779436049,1.251800000000000000e+04
597.2662342801653,1.251800000000000000e+04
597.3414275184313,1.250700000000000000e+04
597.4166254158234,1.250400000000000000e+04
597.491885088153,1.250500000000000000e+04
597.5670780238231,1.252900000000000000e+04
597.6423327487403,1.250100000000000000e+04
597.7175242592349,1.249000000000000000e+04
597.792720398088,1.252300000000000000e+04
597.8679783530253,1.249800000000000000e+04
597.9431801766776,1.252000000000000000e+04
598.0183687346421,1.246900000000000000e+04
598.0936227072775,1.246600000000000000e+04
598.1688204827943,1.248100000000000000e+04
598.2440156960317,1.250200000000000000e+04
598.3192119177841,1.250100000000000000e+04
598.3944735953452,1.251400000000000000e+04
598.4696646678975,1.244500000000000000e+04
598.5448638913675,1.247200000000000000e+04
598.6200605143976,1.248400000000000000e+04
598.6952545279034,1.248800000000000000e+04
598.7705032869707,1.247400000000000000e+04
598.845702827054,1.253100000000000000e+04
598.9209033228055,1.242500000000000000e+04
598.9960940039387,1.249600000000000000e+04
599.0712892114018,1.246300000000000000e+04
599.1464853517283,1.250400000000000000e+04
599.2216788278446,1.252100000000000000e+04
599.2968768137707,1.250500000000000000e+04
599.3720685283897,1.247100000000000000e+04
599.4472683333562,1.255200000000000000e+04
599.5225229531976,1.249800000000000000e+04
599.5977173765003,1.249300000000000000e+04
599.6729126841367,1.252600000000000000e+04
599.7481088696748,1.253400000000000000e+04
599.8232987309193,1.255700000000000000e+04
599.8985002499289,1.257100000000000000e+04
599.9736306356483,1.261700000000000000e+04
600.0488302503571,1.263100000000000000e+04
600.1240271092662,1.259700000000000000e+04
600.1992212032151,1.261300000000000000e+04
600.274408919746,1.262500000000000000e+04
600.3496082679649,1.257600000000000000e+04
600.4248084342357,1.263000000000000000e+04
600.499998594085,1.264300000000000000e+04
600.5751931605373,1.264200000000000000e+04
600.6503235814662,1.265800000000000000e+04
600.7255197152398,1.270000000000000000e+04
600.8007166310834,1.268300000000000000e+04
600.875914322513,1.267200000000000000e+04
600.9511163944641,1.272600000000000000e+04
601.0262433719869,1.271200000000000000e+04
601.1014361076029,1.272100000000000000e+04
601.1766404316174,1.269700000000000000e+04
601.2518346554406,1.276200000000000000e+04
601.3269681412486,1.274000000000000000e+04
601.4021565754814,1.277800000000000000e+04
601.4773565793163,1.279900000000000000e+04
601.55249578129,1.281800000000000000e+04
601.6276863350764,1.277400000000000000e+04
601.7028775856559,1.276100000000000000e+04
601.7780115846128,1.283800000000000000e+04
601.8532078169892,1.278700000000000000e+04
601.9284011052009,1.281900000000000000e+04
602.0035370787526,1.283200000000000000e+04
602.0787353122603,1.284200000000000000e+04
602.1538653131911,1.286600000000000000e+04
602.2290648417321,1.284900000000000000e+04
602.3041960901958,1.280900000000000000e+04
602.3793896303448,1.284300000000000000e+04
602.4545329868457,1.278900000000000000e+04
602.52972050603,1.282200000000000000e+04
602.6048541681286,1.281700000000000000e+04
602.6800537894703,1.287500000000000000e+04
602.7551886194266,1.281800000000000000e+04
602.8303821600039,1.283800000000000000e+04
602.9055217646458,1.282600000000000000e+04
602.9807128258426,1.279800000000000000e+04
603.055846272166,1.279700000000000000e+04
603.1309766185691,1.281900000000000000e+04
603.2061729886882,1.281900000000000000e+04
603.281308042969,1.283600000000000000e+04
603.3564436151993,1.282400000000000000e+04
603.4316452421198,1.283900000000000000e+04
603.5067745623387,1.279600000000000000e+04
603.5819116632719,1.280600000000000000e+04
603.6571039159869,1.284800000000000000e+04
603.732238361985,1.283300000000000000e+04
603.8073696385936,1.282800000000000000e+04
603.8825123234259,1.280600000000000000e+04
603.9576992468579,1.282700000000000000e+04
604.0328355724649,1.275100000000000000e+04
604.1079723479853,1.274600000000000000e+04
604.1831095667776,1.277500000000000000e+04
604.2582983401253,1.274200000000000000e+04
604.3334364382367,1.279000000000000000e+04
604.4085676534826,1.273600000000000000e+04
604.4836992817685,1.271400000000000000e+04
604.5588422811774,1.276700000000000000e+04
604.6339747182885,1.274400000000000000e+04
604.7091075484526,1.278600000000000000e+04
604.7842444226404,1.274300000000000000e+04
604.859378019808,1.273100000000000000e+04
604.9345046710955,1.274300000000000000e+04
605.009704892442,1.279400000000000000e+04
605.0848359419433,1.280600000000000000e+04
605.1599746669862,1.278500000000000000e+04
605.23510275086,1.282500000000000000e+04
605.310245826721,1.274400000000000000e+04
605.3853159408447,1.277900000000000000e+04
605.4604486674336,1.275300000000000000e+04
605.535581711707,1.280100000000000000e+04
605.6107150669574,1.280100000000000000e+04
605.6858487264751,1.283200000000000000e+04
605.7609863530097,1.283900000000000000e+04
605.8361242722013,1.285600000000000000e+04
605.9112514634761,1.281600000000000000e+04
605.9863899450862,1.280100000000000000e+04
606.0615286991821,1.282100000000000000e+04
606.1365942387108,1.284800000000000000e+04
606.2117261495124,1.287400000000000000e+04
606.2868656606279,1.277100000000000000e+04
606.3619980637881,1.281000000000000000e+04
606.4370718595482,1.290900000000000000e+04
606.5122047116855,1.288000000000000000e+04
606.5873377854751,1.290700000000000000e+04
606.6624747545558,1.283800000000000000e+04
606.7375456701113,1.288300000000000000e+04
606.8126830359437,1.287300000000000000e+04
606.8878205982112,1.289400000000000000e+04
606.9628957214667,1.293700000000000000e+04
607.0380225859356,1.290600000000000000e+04
607.1131606786419,1.293700000000000000e+04
607.1882288919476,1.290300000000000000e+04
607.2633709869046,1.288100000000000000e+04
607.3385021736576,1.294000000000000000e+04
607.4135707840262,1.293600000000000000e+04
607.4887096199877,1.293100000000000000e+04
607.5637821472627,1.296700000000000000e+04
607.6389138462803,1.296600000000000000e+04
607.7139865728267,1.297700000000000000e+04
607.7891221807843,1.291300000000000000e+04
607.8641950802765,1.299700000000000000e+04
607.9393308785938,1.301400000000000000e+04
608.0144039237675,1.299500000000000000e+04
608.089539885174,1.298200000000000000e+04
608.1646130487377,1.292700000000000000e+04
608.2397417468239,1.298500000000000000e+04
608.3148187001017,1.298400000000000000e+04
608.3898956827247,1.292700000000000000e+04
608.4650245200035,1.299600000000000000e+04
608.5401015535813,1.297800000000000000e+04
608.6151785959717,1.301500000000000000e+04
608.6903112159022,1.297600000000000000e+04
608.7653771512115,1.299900000000000000e+04
608.8404578967535,1.297900000000000000e+04
608.9155905344547,1.297500000000000000e+04
608.990660126277,1.298500000000000000e+04
609.0657296820973,1.297200000000000000e+04
609.1408659845031,1.293100000000000000e+04
609.2159465984835,1.295800000000000000e+04
609.2910160242585,1.297700000000000000e+04
609.3660890997941,1.291000000000000000e+04
609.4411621067635,1.299700000000000000e+04
609.5162981949915,1.296400000000000000e+04
609.591371059717,1.300600000000000000e+04
609.6664438352011,1.298900000000000000e+04
609.7415165145444,1.296300000000000000e+04
609.8165928096073,1.298800000000000000e+04
609.8916652768738,1.296500000000000000e+04
609.9667339066874,1.299200000000000000e+04
610.041806132408,1.293400000000000000e+04
610.1168819498673,1.296000000000000000e+04
610.1919576315516,1.293400000000000000e+04
610.2670257220219,1.291100000000000000e+04
610.3421011095528,1.296600000000000000e+04
610.4171800666223,1.292500000000000000e+04
610.4922476810158,1.295600000000000000e+04
610.5673225771701,1.298700000000000000e+04
610.6423935671218,1.295300000000000000e+04
610.7174681006938,1.297000000000000000e+04
610.7925387123403,1.293100000000000000e+04
610.8676165871373,1.298500000000000000e+04
610.9426867935962,1.291900000000000000e+04
611.0177642529652,1.296600000000000000e+04
611.0928340264109,1.295900000000000000e+04
611.1679035719891,1.296100000000000000e+04
611.2429205762214,1.297700000000000000e+04
611.3179896323122,1.294500000000000000e+04
611.3930696536677,1.293300000000000000e+04
611.4681382079762,1.300000000000000000e+04
611.543210239399,1.297600000000000000e+04
611.6182258914046,1.292200000000000000e+04
611.6932973662973,1.294200000000000000e+04
611.7683685593274,1.290500000000000000e+04
611.8434394635015,1.296100000000000000e+04
611.91845764963,1.298600000000000000e+04
611.9935279422344,1.295900000000000000e+04
612.06860167126,1.298300000000000000e+04
612.1436188772811,1.300400000000000000e+04
612.2186919554537,1.303200000000000000e+04
612.2937609555369,1.296600000000000000e+04
612.368769618424,1.297400000000000000e+04
612.443841671833,1.296500000000000000e+04
612.518860850012,1.297700000000000000e+04
612.5939321832865,1.299500000000000000e+04
612.668943094263,1.299800000000000000e+04
612.7440136774355,1.299800000000000000e+04
612.8190876378331,1.300300000000000000e+04
612.8941048689004,1.306900000000000000e+04
612.9691780415548,1.306500000000000000e+04
613.0441869267229,1.304600000000000000e+04
613.1192028943198,1.301900000000000000e+04
613.1942785838127,1.302100000000000000e+04
613.2692861585759,1.303700000000000000e+04
613.3443572287938,1.300900000000000000e+04
613.4193751865103,1.303800000000000000e+04
613.4944491348593,1.311000000000000000e+04
613.5694586386024,1.308100000000000000e+04
613.644467658833,1.308700000000000000e+04
613.7195402192466,1.303200000000000000e+04
613.794555801729,1.306000000000000000e+04
613.8695671147681,1.302400000000000000e+04
613.9446382262654,1.305600000000000000e+04
614.0196560673113,1.306200000000000000e+04
614.0946658455853,1.311100000000000000e+04
614.1696826366328,1.313500000000000000e+04
614.2447554874341,1.310700000000000000e+04
614.3197636679537,1.312500000000000000e+04
614.3947788454523,1.314300000000000000e+04
614.4697859154201,1.308900000000000000e+04
614.5448037484722,1.308800000000000000e+04
614.619873899117,1.304800000000000000e+04
614.694883044028,1.309700000000000000e+04
614.769899161373,1.307000000000000000e+04
614.8449071281832,1.315300000000000000e+04
614.9199220568489,1.311700000000000000e+04
614.994936381391,1.315300000000000000e+04
615.0699463115571,1.315800000000000000e+04
615.1449594055,1.316800000000000000e+04
615.219968088927,1.310900000000000000e+04
615.2949799236752,1.315300000000000000e+04
615.3699949053583,1.305600000000000000e+04
615.4450130295872,1.313300000000000000e+04
615.5200153487256,1.311500000000000000e+04
615.5950321611059,1.310400000000000000e+04
615.6700445181616,1.313900000000000000e+04
615.7450599927896,1.308500000000000000e+04
615.8200634112113,1.309600000000000000e+04
615.8950775175382,1.313000000000000000e+04
615.9700909303292,1.310400000000000000e+04
616.045103642399,1.305400000000000000e+04
616.1200587059649,1.312000000000000000e+04
616.1950737781215,1.308900000000000000e+04
616.2700843319404,1.307000000000000000e+04
616.3450979550751,1.312200000000000000e+04
616.4201070436227,1.307200000000000000e+04
616.4950545776754,1.307100000000000000e+04
616.5700659579935,1.310500000000000000e+04
616.6450765818348,1.308800000000000000e+04
616.720097852294,1.306300000000000000e+04
616.7950422701603,1.303800000000000000e+04
616.8700581788843,1.306300000000000000e+04
616.9450694997388,1.306300000000000000e+04
617.0200229227949,1.302100000000000000e+04
617.0950326410584,1.309000000000000000e+04
617.1700377451283,1.305700000000000000e+04
617.2449925060192,1.301900000000000000e+04
617.3200073947381,1.304900000000000000e+04
617.395013836697,1.306900000000000000e+04
617.4699660667885,1.299500000000000000e+04
617.5449822610196,1.298800000000000000e+04
617.6199327648687,1.298400000000000000e+04
617.6949472498279,1.301200000000000000e+04
617.7698959983896,1.301600000000000000e+04
617.8449087450254,1.307000000000000000e+04
617.9198595274773,1.300500000000000000e+04
617.9948705076381,1.307300000000000000e+04
618.069827119618,1.299900000000000000e+04
618.144840127084,1.301800000000000000e+04
618.2197872618343,1.299800000000000000e+04
618.2947411041071,1.302500000000000000e+04
618.3697513617161,1.300600000000000000e+04
618.44469567746,1.297200000000000000e+04
618.5196505100681,1.304600000000000000e+04
618.5946694328892,1.304000000000000000e+04
618.6696146951708,1.302400000000000000e+04
618.7445666341545,1.303400000000000000e+04
618.8195826887393,1.306900000000000000e+04
618.8945326685835,1.301700000000000000e+04
618.9694854812299,1.304400000000000000e+04
619.0444334578197,1.308800000000000000e+04
619.1194494169247,1.304500000000000000e+04
619.1943992107521,1.302400000000000000e+04
619.2693479786984,1.300900000000000000e+04
619.3442957134283,1.308200000000000000e+04
619.4192500812071,1.303200000000000000e+04
619.4942648084996,1.310400000000000000e+04
619.5692094181061,1.306300000000000000e+04
619.6441644838893,1.306200000000000000e+04
619.7191184853039,1.302500000000000000e+04
619.7940637321011,1.305200000000000000e+04
619.8690155808523,1.304400000000000000e+04
619.9439663431604,1.307900000000000000e+04
620.0189198558951,1.307100000000000000e+04
620.0938722693128,1.306500000000000000e+04
620.1688197299484,1.307400000000000000e+04
620.2437699216852,1.306400000000000000e+04
620.3187305358406,1.307600000000000000e+04
620.393678480104,1.305300000000000000e+04
620.4686252881608,1.308700000000000000e+04
620.543582504853,1.311700000000000000e+04
620.61852702112,1.306900000000000000e+04
620.6934819368186,1.311200000000000000e+04
620.7684356923214,1.308300000000000000e+04
620.8433227543279,1.309000000000000000e+04
620.9182780068074,1.308200000000000000e+04
620.9932282224137,1.306000000000000000e+04
621.0681811054573,1.303600000000000000e+04
621.1431327931294,1.306200000000000000e+04
621.2180794188941,1.309300000000000000e+04
621.2929746519387,1.306600000000000000e+04
621.3679226950109,1.306300000000000000e+04
621.4428695130218,1.306500000000000000e+04
621.5177610187308,1.304600000000000000e+04
621.5927130788318,1.304400000000000000e+04
621.6676600305892,1.309200000000000000e+04
621.7426134606835,1.312100000000000000e+04
621.8174999024244,1.306900000000000000e+04
621.8924507959133,1.304700000000000000e+04
621.9673462597708,1.302500000000000000e+04
622.0422984590124,1.304500000000000000e+04
622.1172493736544,1.302800000000000000e+04
622.1921409277729,1.303500000000000000e+04
622.2670892368434,1.307700000000000000e+04
622.3419781424883,1.300100000000000000e+04
622.4169354382018,1.301200000000000000e+04
622.4918216682801,1.303600000000000000e+04
622.5667763070498,1.303600000000000000e+04
622.6416637084727,1.308800000000000000e+04
622.7166156613104,1.300500000000000000e+04
622.791500330108,1.303800000000000000e+04
622.8664495670652,1.303900000000000000e+04
622.9413431149467,1.302500000000000000e+04
623.0162352679529,1.304700000000000000e+04
623.0911842549693,1.303300000000000000e+04
623.1660736097131,1.299100000000000000e+04
623.2409693156505,1.303700000000000000e+04
623.3159141083677,1.304600000000000000e+04
623.3908108627464,1.299000000000000000e+04
623.4656984085988,1.299500000000000000e+04
623.54065060535,1.305000000000000000e+04
623.6155430462911,1.297800000000000000e+04
623.6904262505253,1.302200000000000000e+04
623.7653157682421,1.299200000000000000e+04
623.8402738657751,1.304700000000000000e+04
623.9151643415145,1.301900000000000000e+04
623.9900494384281,1.300500000000000000e+04
624.0649369353079,1.305000000000000000e+04
624.1398346184196,1.302700000000000000e+04
624.2147191099846,1.304100000000000000e+04
624.2896137782844,1.300800000000000000e+04
624.3645615055957,1.299800000000000000e+04
624.4394531447507,1.301500000000000000e+04
624.5143432514428,1.298300000000000000e+04
624.5892357192214,1.295700000000000000e+04
624.6641227392169,1.300500000000000000e+04
624.739008204036,1.299700000000000000e+04
624.8139077217978,1.298200000000000000e+04
624.8887900572714,1.301300000000000000e+04
624.9636825322137,1.301000000000000000e+04
625.0385773339976,1.299000000000000000e+04
625.1134666425047,1.299500000000000000e+04
625.1883582645422,1.296400000000000000e+04
625.263181823586,1.302500000000000000e+04
625.3380780414589,1.297800000000000000e+04
625.4129648242472,1.295800000000000000e+04
625.4878578081264,1.296200000000000000e+04
625.5627413379577,1.298500000000000000e+04
625.6376349716288,1.297900000000000000e+04
625.7124604067309,1.299600000000000000e+04
625.7873507351937,1.299700000000000000e+04
625.8622394075853,1.299800000000000000e+04
625.9371381701984,1.301500000000000000e+04
626.0119647267263,1.292100000000000000e+04
626.0868522937308,1.296300000000000000e+04
626.1617460175852,1.294700000000000000e+04
626.2366380528313,1.297800000000000000e+04
626.3114617065921,1.297200000000000000e+04
626.3863503257447,1.296500000000000000e+04
626.4611822898413,1.296400000000000000e+04
626.5360713905895,1.298500000000000000e+04
626.6109666191869,1.294500000000000000e+04
626.6857933539325,1.297200000000000000e+04
626.7606772445703,1.294700000000000000e+04
626.8355122365108,1.298400000000000000e+04
626.9104044027886,1.297200000000000000e+04
626.985224051504,1.299700000000000000e+04
627.0601205419518,1.301300000000000000e+04
627.1349523354077,1.299400000000000000e+04
627.2098373967692,1.291900000000000000e+04
627.2846616468294,1.295600000000000000e+04
627.3595549170336,1.292700000000000000e+04
627.4343873380152,1.298700000000000000e+04
627.5092769901677,1.296100000000000000e+04
627.5841096881397,1.295500000000000000e+04
627.6589365990222,1.296800000000000000e+04
627.7338247007415,1.296400000000000000e+04
627.8086518461457,1.290500000000000000e+04
627.8834850056414,1.298600000000000000e+04
627.9583754402697,1.294000000000000000e+04
628.0332088011603,1.292100000000000000e+04
628.1080284382782,1.294700000000000000e+04
628.182858012259,1.293600000000000000e+04
628.2577527829216,1.295000000000000000e+04
628.3325785578783,1.298200000000000000e+04
628.4074142606058,1.291900000000000000e+04
628.4822361924339,1.295700000000000000e+04
628.5570680421939,1.294500000000000000e+04
628.6318979552647,1.298700000000000000e+04
628.706785214725,1.301400000000000000e+04
628.7816191526078,1.292400000000000000e+04
628.8564471797065,1.290800000000000000e+04
628.9312811520758,1.289800000000000000e+04
629.0061012851678,1.295600000000000000e+04
629.0809313073146,1.295200000000000000e+04
629.155759344112,1.295500000000000000e+04
629.2305893470999,1.292100000000000000e+04
629.3054252715824,1.292800000000000000e+04
629.380247309458,1.296700000000000000e+04
629.4550831794276,1.291300000000000000e+04
629.5299011803792,1.295700000000000000e+04
629.6047330053896,1.292100000000000000e+04
629.6795707280481,1.292500000000000000e+04
629.7543389940075,1.288400000000000000e+04
629.8291607196976,1.288500000000000000e+04
629.9039962589939,1.283300000000000000e+04
629.9788178342736,1.287300000000000000e+04
630.0536452776254,1.290100000000000000e+04
630.1284746162776,1.294100000000000000e+04
630.2032423002603,1.291200000000000000e+04
630.2780753994684,1.292300000000000000e+04
630.3529103790165,1.289200000000000000e+04
630.4277313363475,1.296500000000000000e+04
630.5025024771371,1.295000000000000000e+04
630.5773311190919,1.297600000000000000e+04
630.6521576385172,1.293900000000000000e+04
630.7269342895984,1.298700000000000000e+04
630.8017565291294,1.297900000000000000e+04
630.8765845827202,1.293100000000000000e+04
630.9513587332427,1.291300000000000000e+04
631.0261864484233,1.296200000000000000e+04
631.1009522564115,1.293700000000000000e+04
631.175787573207,1.300500000000000000e+04
631.2506087617126,1.295100000000000000e+04
631.3253799341081,1.293800000000000000e+04
631.400208688403,1.300900000000000000e+04
631.4749754310345,1.302700000000000000e+04
631.5498037567131,1.292700000000000000e+04
631.6245780075234,1.301400000000000000e+04
631.6993420335924,1.302400000000000000e+04
631.7741716576955,1.295900000000000000e+04
631.8489391655564,1.302800000000000000e+04
631.923764305041,1.299700000000000000e+04
631.9985312783703,1.299500000000000000e+04
632.0733039606179,1.299900000000000000e+04
632.1481342990165,1.299900000000000000e+04
632.2228944223607,1.301000000000000000e+04
632.2976642345945,1.297500000000000000e+04
632.3724997216107,1.296600000000000000e+04
632.4472649272958,1.296100000000000000e+04
632.5220358114818,1.296700000000000000e+04
632.5968083701387,1.298300000000000000e+04
632.6716346337209,1.298700000000000000e+04
632.746402531009,1.297200000000000000e+04
632.8211640744752,1.296500000000000000e+04
632.895939281213,1.297800000000000000e+04
632.9707001090119,1.295800000000000000e+04
633.0454705862102,1.292800000000000000e+04
633.1202346797379,1.294500000000000000e+04
633.1950124256075,1.294700000000000000e+04
633.2698318993826,1.294200000000000000e+04
633.3446048767886,1.302000000000000000e+04
633.4193754528278,1.297700000000000000e+04
633.4941436195448,1.293600000000000000e+04
633.5689053548851,1.295900000000000000e+04
633.6436807232593,1.295000000000000000e+04
633.718441616138,1.296300000000000000e+04
633.7932121186539,1.293800000000000000e+04
633.8679199094199,1.288400000000000000e+04
633.9426855028164,1.293600000000000000e+04
634.0174606961399,1.290400000000000000e+04
634.0922213655654,1.286000000000000000e+04
634.1669876029633,1.289800000000000000e+04
634.2417553834099,1.285900000000000000e+04
634.3165327489089,1.290200000000000000e+04
634.3912351850232,1.290400000000000000e+04
634.4660075495017,1.293600000000000000e+04
634.5407774100094,1.289900000000000000e+04
634.6155447585436,1.291900000000000000e+04
634.6902491623354,1.293400000000000000e+04
634.7650114486645,1.295600000000000000e+04
634.8397832896367,1.284400000000000000e+04
634.9145525922855,1.290900000000000000e+04
634.9892588668829,1.288500000000000000e+04
635.0640230545828,1.287100000000000000e+04
635.1387362717429,1.290400000000000000e+04
635.2135074201229,1.290400000000000000e+04
635.2882719598388,1.285800000000000000e+04
635.362981437668,1.286100000000000000e+04
635.4377448294332,1.286900000000000000e+04
635.512457159198,1.291400000000000000e+04
635.5872153377827,1.287700000000000000e+04
635.6619224154749,1.289400000000000000e+04
635.7366995983534,1.286900000000000000e+04
635.8114013974615,1.292000000000000000e+04
635.8861733198535,1.286600000000000000e+04
635.960881941529,1.295100000000000000e+04
636.0356485740448,1.289800000000000000e+04
636.1103518611941,1.290000000000000000e+04
636.1850565091609,1.288700000000000000e+04
636.2598232366993,1.288600000000000000e+04
636.3345306048863,1.288100000000000000e+04
636.4092393182117,1.289000000000000000e+04
636.4840101382218,1.289900000000000000e+04
636.5587134362514,1.289300000000000000e+04
636.6334221129331,1.286300000000000000e+04
636.7081848135534,1.293400000000000000e+04
636.78290019687,1.287900000000000000e+04
636.857604726266,1.289600000000000000e+04
636.9323146152394,1.287100000000000000e+04
637.0070217458345,1.277500000000000000e+04
637.0817261099415,1.273500000000000000e+04
637.1564967140678,1.278800000000000000e+04
637.2311995976745,1.265700000000000000e+04
637.3059078155254,1.266600000000000000e+04
637.3806132401302,1.268600000000000000e+04
637.4553280538418,1.279700000000000000e+04
637.5300278704315,1.279100000000000000e+04
637.6047370655823,1.292300000000000000e+04
637.679443440681,1.296700000000000000e+04
637.7541469875897,1.293400000000000000e+04
637.8288599029363,1.292900000000000000e+04
637.9035659103154,1.295200000000000000e+04
637.978273139046,1.294300000000000000e+04
638.052977512721,1.294300000000000000e+04
638.1276830952562,1.295400000000000000e+04
638.2023898813551,1.294100000000000000e+04
638.2770978657181,1.291700000000000000e+04
638.3517418441655,1.292600000000000000e+04
638.4264562697699,1.294400000000000000e+04
638.5011555722814,1.295000000000000000e+04
638.5758642016897,1.299000000000000000e+04
638.6505699221697,1.296700000000000000e+04
638.7252237691496,1.293700000000000000e+04
638.7999236357822,1.299500000000000000e+04
638.874628732156,1.299600000000000000e+04
638.9493472209352,1.299700000000000000e+04
639.0239892680094,1.299700000000000000e+04
639.098689601196,1.302400000000000000e+04
639.173395144716,1.298100000000000000e+04
639.2480405140027,1.299500000000000000e+04
639.3227564554909,1.295700000000000000e+04
639.3973958340758,1.301100000000000000e+04
639.4721058028182,1.300700000000000000e+04
639.5468086912668,1.300400000000000000e+04
639.6214635767756,1.302000000000000000e+04
639.6961604460553,1.302000000000000000e+04
639.7708092749344,1.306600000000000000e+04
639.8455164682429,1.307000000000000000e+04
639.9201674013606,1.303500000000000000e+04
639.9948767149377,1.299000000000000000e+04
640.0695174401586,1.303800000000000000e+04
640.1441591862857,1.304100000000000000e+04
640.2188716275688,1.301400000000000000e+04
640.2935236151387,1.302900000000000000e+04
640.3681602084457,1.300500000000000000e+04
640.4428757290473,1.302800000000000000e+04
640.5175143262505,1.304800000000000000e+04
640.592166218985,1.300500000000000000e+04
640.6668724558668,1.305400000000000000e+04
640.7415181149009,1.308400000000000000e+04
640.8161565315354,1.300000000000000000e+04
640.8908041242695,1.304200000000000000e+04
640.9655143022176,1.296300000000000000e+04
641.0401638233027,1.302400000000000000e+04
641.1148060727106,1.306300000000000000e+04
641.1894533730033,1.305500000000000000e+04
641.2641016094406,1.303700000000000000e+04
641.3387425502967,1.305200000000000000e+04
641.4134543525283,1.308200000000000000e+04
641.488101262261,1.307800000000000000e+04
641.5627449685089,1.305700000000000000e+04
641.6373854629693,1.305500000000000000e+04
641.7120350911663,1.302000000000000000e+04
641.7866814967092,1.302600000000000000e+04
641.8613246712862,1.307500000000000000e+04
641.9359769690361,1.304500000000000000e+04
642.0106260249374,1.304800000000000000e+04
642.0852718306695,1.306800000000000000e+04
642.1598525225107,1.305600000000000000e+04
642.2344917885489,1.305300000000000000e+04
642.3091401562656,1.309200000000000000e+04
642.3837934993884,1.313100000000000000e+04
642.4584353052218,1.306400000000000000e+04
642.5330862021095,1.308400000000000000e+04
642.6077296725547,1.308700000000000000e+04
642.6823120100572,1.306500000000000000e+04
642.7569529755671,1.305700000000000000e+04
642.8315988836831,1.307200000000000000e+04
642.9062455985243,1.306700000000000000e+04
642.9808352351971,1.315300000000000000e+04
643.055475263203,1.313800000000000000e+04
643.1301243499755,1.308300000000000000e+04
643.2047163018128,1.300700000000000000e+04
643.279354524987,1.303100000000000000e+04
643.3539438476895,1.306800000000000000e+04
643.4285877299418,1.309200000000000000e+04
643.5032406530961,1.308000000000000000e+04
643.5778197789244,1.310600000000000000e+04
643.6524659081414,1.311900000000000000e+04
643.7270464782921,1.309600000000000000e+04
643.8016982163535,1.313200000000000000e+04
643.876284355504,1.311300000000000000e+04
643.9509292459394,1.313200000000000000e+04
644.0255084918365,1.318100000000000000e+04
644.1001589469886,1.316000000000000000e+04
644.1747437177227,1.313400000000000000e+04
644.2493250109602,1.314800000000000000e+04
644.3239775458864,1.318200000000000000e+04
644.3985601811679,1.314300000000000000e+04
644.4731434709971,1.319000000000000000e+04
644.5477855716856,1.322400000000000000e+04
644.6223743228242,1.322300000000000000e+04
644.6969595574612,1.324500000000000000e+04
644.7715495817692,1.321800000000000000e+04
644.8461901340061,1.318100000000000000e+04
644.9207731033271,1.329600000000000000e+04
644.9953650068094,1.326600000000000000e+04
645.0699450389038,1.329200000000000000e+04
645.1445298338459,1.329300000000000000e+04
645.219177672042,1.333000000000000000e+04
645.2937678340779,1.336800000000000000e+04
645.3683419239809,1.335500000000000000e+04
645.4429290863851,1.338000000000000000e+04
645.5175168235929,1.339400000000000000e+04
645.5921051300253,1.340300000000000000e+04
645.6666898312457,1.340400000000000000e+04
645.7412750885978,1.343600000000000000e+04
645.8158525549321,1.343600000000000000e+04
645.8904389058563,1.348600000000000000e+04
645.9650299688499,1.350400000000000000e+04
646.0396090465212,1.344500000000000000e+04
646.1141969977764,1.347500000000000000e+04
646.1887812959989,1.350500000000000000e+04
646.2633076373747,1.351500000000000000e+04
646.3378845915109,1.355500000000000000e+04
646.4124787595719,1.353800000000000000e+04
646.4870608913304,1.358100000000000000e+04
646.5616476941717,1.363200000000000000e+04
646.6361722632304,1.361100000000000000e+04
646.7107558375826,1.363200000000000000e+04
646.7853440690486,1.363000000000000000e+04
646.859928586342,1.367000000000000000e+04
646.9344466023072,1.366200000000000000e+04
647.0090362098298,1.369100000000000000e+04
647.083622083392,1.368800000000000000e+04
647.1581413924066,1.369700000000000000e+04
647.2327239470708,1.373300000000000000e+04
647.307306934167,1.376200000000000000e+04
647.3818400556567,1.378100000000000000e+04
647.456419687093,1.377500000000000000e+04
647.5309452235595,1.383300000000000000e+04
647.6055298578293,1.383100000000000000e+04
647.6800561677495,1.382500000000000000e+04
647.7546415911931,1.388100000000000000e+04
647.829164455096,1.387200000000000000e+04
647.9037464463057,1.386600000000000000e+04
647.9782700344881,1.391600000000000000e+04
648.0527939695423,1.393200000000000000e+04
648.1273854568424,1.395100000000000000e+04
648.2019100840658,1.399600000000000000e+04
648.2764938778582,1.399100000000000000e+04
648.3510107654179,1.394500000000000000e+04
648.425536376692,1.403200000000000000e+04
648.5000623007427,1.401000000000000000e+04
648.5746432162518,1.409000000000000000e+04
648.6491655538866,1.407700000000000000e+04
648.7236881852804,1.410200000000000000e+04
648.7982195235151,1.414800000000000000e+04
648.8728058826379,1.416300000000000000e+04
648.9473293775359,1.413100000000000000e+04
649.0218489310823,1.420300000000000000e+04
649.0963729611857,1.419800000000000000e+04
649.1708972508054,1.423000000000000000e+04
649.2454260094211,1.426600000000000000e+04
649.3199508018886,1.428000000000000000e+04
649.3944716195824,1.431100000000000000e+04
649.4689926719741,1.429500000000000000e+04
649.5435181724034,1.434200000000000000e+04
649.6180396779724,1.436100000000000000e+04
649.6925698430567,1.441000000000000000e+04
649.7670917798398,1.443600000000000000e+04
649.8416139226556,1.448500000000000000e+04
649.9161320418531,1.448800000000000000e+04
649.9906588034178,1.449400000000000000e+04
650.0651815298742,1.450900000000000000e+04
650.1397086661992,1.455100000000000000e+04
650.2142317539774,1.454200000000000000e+04
650.2887550133019,1.451600000000000000e+04
650.3632192222857,1.461000000000000000e+04
650.4377470245496,1.464100000000000000e+04
650.5122665196939,1.456400000000000000e+04
650.5867946266628,1.468600000000000000e+04
650.6612551406859,1.473600000000000000e+04
650.7357750465694,1.475700000000000000e+04
650.8103035527816,1.479800000000000000e+04
650.8847644021826,1.481600000000000000e+04
650.9592931417967,1.479300000000000000e+04
651.0338092818513,1.484700000000000000e+04
651.1082704136296,1.495000000000000000e+04
651.182799464824,1.488400000000000000e+04
651.2572649940395,1.494000000000000000e+04
651.3317857370804,1.500300000000000000e+04
651.4062556434649,1.505400000000000000e+04
651.4807807792504,1.504300000000000000e+04
651.5552380644563,1.509500000000000000e+04
651.6297548330812,1.510900000000000000e+04
651.7042206933047,1.513000000000000000e+04
651.7787503045504,1.519800000000000000e+04
651.8532162309156,1.518900000000000000e+04
651.9277374256133,1.523100000000000000e+04
652.0021948907765,1.526700000000000000e+04
652.0766608615594,1.531000000000000000e+04
652.1511863740992,1.542500000000000000e+04
652.2256523518495,1.543800000000000000e+04
652.3001055526772,1.542900000000000000e+04
652.3745757534864,1.550500000000000000e+04
652.4490927583861,1.553100000000000000e+04
652.523554404734,1.555100000000000000e+04
652.5980245314129,1.565000000000000000e+04
652.6724818393412,1.567900000000000000e+04
652.7469518786384,1.574100000000000000e+04
652.8214730080308,1.578900000000000000e+04
652.8959386884019,1.575300000000000000e+04
652.9703957767102,1.591200000000000000e+04
653.0448655846427,1.593000000000000000e+04
653.1193267868492,1.594000000000000000e+04
653.1937879048733,1.599600000000000000e+04
653.268253200443,1.597700000000000000e+04
653.3427141334746,1.614300000000000000e+04
653.417174964718,1.617300000000000000e+04
653.4916399588126,1.616200000000000000e+04
653.5661005698283,1.624700000000000000e+04
653.640569606346,1.625600000000000000e+04
653.7150299745911,1.625700000000000000e+04
653.7894902116518,1.631600000000000000e+04
653.8638947316973,1.635900000000000000e+04
653.938354676066,1.642000000000000000e+04
653.9927330350457,1.656613622449864124e+04
654.0128144715792,1.650500000000000000e+04
654.0673848929049,1.657973825218895581e+04
654.0872783906434,1.648300000000000000e+04
654.1419639360352,1.652306313681263418e+04
654.1617421510075,1.662800000000000000e+04
654.2166156285444,1.658200525680400824e+04
654.2361458232748,1.663900000000000000e+04
654.2911987423258,1.663527986525775123e+04
654.3658416830104,1.670102299909428257e+04
654.4404288467964,1.669875599447923014e+04
654.5150758549863,1.678036816062113212e+04
654.5897184695584,1.678150166292865833e+04
654.664305251433,1.681777373676950447e+04
654.7389476142009,1.688238336829850959e+04
654.8135383948625,1.694245899059740987e+04
654.888184771955,1.699460009674362664e+04
654.9627666643294,1.694812650213504457e+04
655.0373526739268,1.703653968212210384e+04
655.1119985900768,1.702860516596942034e+04
655.1865885451579,1.712495286210916674e+04
655.2612255432555,1.714308889902958617e+04
655.3358194230502,1.719182949825322430e+04
655.4104603574718,1.722130055824890951e+04
655.4850452543039,1.728704369208544449e+04
655.5596986994234,1.731198074285102484e+04
655.634274582699,1.736978936053487269e+04
655.7088674352764,1.736412184899724161e+04
655.7835073665872,1.744913452206172224e+04
655.8580911670134,1.744006650360150888e+04
655.9327392618014,1.751034364666814872e+04
656.0073268888157,1.756588525973694414e+04
656.0819099586474,1.763502890049605412e+04
656.1565530436084,1.763162839357347548e+04
656.2311355998527,1.770870655048527260e+04
656.3057308056235,1.777898369355190880e+04
656.3803688222278,1.781412226508522872e+04
656.454954867795,1.787533138969165520e+04
656.5295449351327,1.793427350968302926e+04
656.6041821341065,1.795240954660345233e+04
656.6787759333997,1.796147756506366204e+04
656.7533564903902,1.804649023812814630e+04
656.8279410471957,1.806349277274104315e+04
656.9025856984958,1.814057092965283664e+04
656.9771696261503,1.814850544580552378e+04
657.0517532233856,1.823578512348505683e+04
657.1264055746188,1.827545770424848160e+04
657.2009928278474,1.843301452499465449e+04
657.2755710944062,1.841487848807423143e+04
657.3501576467798,1.846021858037528727e+04
657.4247438407015,1.845115056191507756e+04
657.4993858698668,1.850669217498387297e+04
657.573971341612,1.860644037804619802e+04
657.6485607618943,1.869485355803325729e+04
657.7231498016442,1.874246065494936920e+04
657.7977341278665,1.885354388108695639e+04
657.87237432304,1.885581088570200882e+04
657.9469621958759,1.892042051723101395e+04
658.0215410042488,1.898049613952991422e+04
658.0961280598617,1.901563471106323414e+04
658.1707146988002,1.904963978028902784e+04
658.2453009150308,1.916412351334919731e+04
658.3198867025178,1.918339305257714659e+04
658.3945327428875,1.927520673948678450e+04
658.4691220043352,1.931714632486526170e+04
658.5437021472852,1.936248641716632119e+04
658.6182818353581,1.939649148639211126e+04
658.69286974003,1.950644121022217587e+04
658.767461521399,1.960618941328450092e+04
658.8420354727173,1.953137826098775622e+04
658.9166306515345,1.966059752404577011e+04
658.9912079822875,1.971953964403714417e+04
659.0657935091809,1.978754978248872794e+04
659.140382887388,1.984989240940268064e+04
659.2149717681472,1.993490508246716126e+04
659.289551452134,2.000291522091874867e+04
659.3641306225966,2.006752485244775380e+04
659.438717970647,2.020807913858102984e+04
659.5133047969533,2.020921264088855605e+04
659.5878910954348,2.027835628164766604e+04
659.6624768600082,2.041437655855083722e+04
659.7370620845874,2.047218517623468506e+04
659.8116467630838,2.051299125930563605e+04
659.8862265349078,2.063767651313354145e+04
659.9608101019778,2.068528361004965336e+04
660.0354018176174,2.078389831080445219e+04
660.1099798943757,2.085417545387108839e+04
660.1845748263452,2.096525868000867922e+04
660.259151743867,2.094598914078072994e+04
660.333684466581,2.103553582307531542e+04
660.4082645480388,2.114888605382795868e+04
660.4828527532469,2.122596421073975580e+04
660.5574316285567,2.132684591610960706e+04
660.6320229836718,2.145153116993751246e+04
660.7066049946801,2.146626669993535688e+04
660.7811820158635,2.160568748376110671e+04
660.8557147324121,2.163629204606431813e+04
660.9302992109782,2.175417628604706624e+04
661.0048830496228,2.182672043372875851e+04
661.0794662422122,2.187659453525992285e+04
661.1540575251042,2.198994476601256247e+04
661.2285781978873,2.202168283062330374e+04
661.3031681500861,2.214636808445120914e+04
661.3777399387936,2.230505840750490825e+04
661.452332922751,2.236173352288122987e+04
661.5269208535378,2.244221218671560564e+04
661.6014380645663,2.247168324671129085e+04
661.6760289813253,2.251135582747471562e+04
661.7506148234904,2.265984462976067880e+04
661.8251298800592,2.266664564360583609e+04
661.8997142930884,2.282986997588964005e+04
661.9743067544003,2.290354762587885853e+04
662.0488853483158,2.304750241893471321e+04
662.1234149871826,2.311891306430887926e+04
662.198000873726,2.321299375583356959e+04
662.2725860216412,2.324926582967441573e+04
662.347104619191,2.334448002350663592e+04
662.4216882564932,2.339208712042274419e+04
662.4962184684717,2.355984546193665665e+04
662.570804963388,2.352584039271086294e+04
662.6453862997457,2.370153325037745890e+04
662.7199097646629,2.379107993267204438e+04
662.7944939234665,2.388742762881179078e+04
662.869086084027,2.394070223726553377e+04
662.9436071371093,2.408692403493644088e+04
663.0181889069928,2.421047578645682006e+04
663.0927083152421,2.422974532568476934e+04
663.1673016492832,2.429095445029119583e+04
663.2418237897235,2.443830975026963279e+04
663.3164110793576,2.450065237718358549e+04
663.3909359310869,2.465027468177707124e+04
663.4655171474956,2.468768025792544358e+04
663.5400358838839,2.475682389868455721e+04
663.6146198039338,2.500279389941778936e+04
663.6891500154543,2.498125735557478765e+04
663.763736622158,2.508100555863711270e+04
663.8382518588492,2.522269334707791495e+04
663.9128411292601,2.520795781708007053e+04
663.9873589874919,2.541085473012730290e+04
664.0619509026042,2.542672376243266990e+04
664.136471363353,2.560921763394442314e+04
664.211061492379,2.563642168932505956e+04
664.285584535613,2.575883993853791253e+04
664.3601640270679,2.580758053776154702e+04
664.4346852160202,2.588352519236581793e+04
664.5092142934612,2.602634648311414639e+04
664.5838042596656,2.610569164464099595e+04
664.6583226187805,2.623604441000653605e+04
664.7328488535421,2.635279514768175795e+04
664.8074315802052,2.647974740612471578e+04
664.881960314152,2.664070473379346731e+04
664.9565455552175,2.674271994147084479e+04
665.031072346548,2.685607017222348804e+04
665.1055937270582,2.699889146297181651e+04
665.1801096874939,2.704763206219545100e+04
665.2546998800744,2.714284625602767119e+04
665.3292271235769,2.724146095678247002e+04
665.4037489291384,2.728566754677599965e+04
665.4783361453115,2.746589441367270047e+04
665.5528603518749,2.751123450597375995e+04
665.6273790986409,2.763138575057156049e+04
665.7019056711048,2.777194003670483653e+04
665.7764932599148,2.791476132745316499e+04
665.8510088931856,2.799637349359506698e+04
665.9255412083346,2.809385469204233959e+04
666.0000591620371,2.819360289510466464e+04
666.0746470335703,2.831828814893257004e+04
666.1491717378727,2.842937137507016087e+04
666.2236953664843,2.852571907120990363e+04
666.2982179130853,2.864246980888512553e+04
666.3727393713534,2.872181497041197508e+04
666.4472686180028,2.881816266655172149e+04
666.5218500778012,2.893377990191941717e+04
666.5963682490049,2.901199156113874051e+04
666.670894195563,2.920582045572575953e+04
666.7454190261132,2.923302451110639231e+04
666.8199427343175,2.940304985723535356e+04
666.8944653138359,2.949939755337509996e+04
666.9689912068017,2.965242036489116799e+04
667.043515960381,2.973516603334059619e+04
667.1180440186909,2.979410815333197024e+04
667.1925664754452,2.988818884485666422e+04
667.2671501081187,3.006048119560067789e+04
667.3416747090137,3.015682889174042430e+04
667.4162025951904,3.028378115018338576e+04
667.4907159415177,3.029851668018122655e+04
667.5652459277131,3.039486437632097295e+04
667.6397747296355,3.057509124321767376e+04
667.7142934240692,3.067483944627999881e+04
667.7888198363478,3.075191760319179593e+04
667.8633405848258,3.089473889394012440e+04
667.9378645829604,3.106703124468414171e+04
668.0123873649534,3.115204391774862233e+04
668.0868509002132,3.128919769695931973e+04
668.1613801466233,3.129146470157437216e+04
668.235899230937,3.154196871153771281e+04
668.3104215399541,3.161224585460434901e+04
668.3849470702704,3.167118797459572306e+04
668.4594713500996,3.177093617765804811e+04
668.533998842422,3.186048285995263359e+04
668.6085250734534,3.196929908147517199e+04
668.683041094052,3.201690617839128026e+04
668.7575647813001,3.216426147836971722e+04
668.8320290343215,3.227534470450730441e+04
668.9065546155499,3.244537005063626930e+04
668.9810833808008,3.246690659447927101e+04
669.0555974212344,3.269474055829208010e+04
669.130128062917,3.285683138826835784e+04
669.2046529196529,3.280922429135224957e+04
669.2791182298785,3.286136539749846270e+04
669.3536314765041,3.302232272516721423e+04
669.4281657979723,3.311526991438438563e+04
669.5026898264498,3.324788968436497089e+04
669.57714526615,3.335670590588750929e+04
669.65167108008,3.356640383277989895e+04
669.7261910590614,3.358227286508526595e+04
669.8007186526492,3.368088756584006478e+04
669.8751865504684,3.377496825736475876e+04
669.949711403622,3.393932609195609257e+04
670.0242348833766,3.402093825809799455e+04
670.0987480026345,3.403227328117325669e+04
670.1732193096983,3.407081235962915525e+04
670.2477431098745,3.419549761345706065e+04
670.3222655128286,3.417622807422911137e+04
670.396728085964,3.437685798266129132e+04
670.471252157415,3.444940213034298358e+04
670.5457118658269,3.452988079417735571e+04
670.6202330875843,3.460469194647410040e+04
670.6947618784129,3.465343254569773853e+04
670.7692307481261,3.473731171645469294e+04
670.8437476587868,3.487446549566539034e+04
670.918213608017,3.493114061104170833e+04
670.9927321095302,3.497988121026534645e+04
671.0672536563986,3.504222383717929915e+04
671.1417196890736,3.509209793871045986e+04
671.216251808498,3.517824411408246669e+04
671.290714863808,3.520431466715557326e+04
671.3652395155675,3.536640549713185464e+04
671.4396995665256,3.539247605020496121e+04
671.5142212289395,3.545595217942644376e+04
671.5886872701645,3.556136789402639988e+04
671.6632104305353,3.559990697248229844e+04
671.7376734223737,3.570078867785214970e+04
671.812193546355,3.578806835553168639e+04
671.8866579770747,3.582434042937252525e+04
671.9611795549314,3.579260236476179125e+04
672.0356408881489,3.585721199629079638e+04
672.1101096909673,3.601023480780686077e+04
672.1846266277597,3.606804342549070861e+04
672.2590968192625,3.609298047625629260e+04
672.3336151557181,3.610658250394660718e+04
672.4080821944679,3.620179669777882373e+04
672.482543119204,3.626753983161535871e+04
672.5570657703272,3.642509665236153523e+04
672.63152802642,3.636502103006263496e+04
672.705997721871,3.634575149083468568e+04
672.7805155931686,3.645003370312711195e+04
672.854982065397,3.651350983234859450e+04
672.9294423823377,3.660078951002812391e+04
673.0039644745739,3.663819508617649990e+04
673.0784260583234,3.667106665309476375e+04
673.152895058153,3.664386259771413461e+04
673.2274213293804,3.672660826616355916e+04
673.3018779706365,3.687056305921941384e+04
673.3763374799411,3.683995849691620242e+04
673.4508043890924,3.686942955691189127e+04
673.5252650884476,3.699411481073979667e+04
673.5997967036512,3.686829605460436142e+04
673.6742585868221,3.697711227612689981e+04
673.748714237457,3.697824577843442239e+04
673.823186347847,3.697597877381936996e+04
673.8976385924067,3.700091582458495395e+04
673.9721663425748,3.697144476458926511e+04
674.0466287979216,3.712446757610533678e+04
674.1210895311846,3.706325845149890665e+04
674.1955530811653,3.713806960379565135e+04
674.2700239906791,3.709386301380211808e+04
674.3444795221271,3.706779246072901151e+04
674.4189469503236,3.718907720763434190e+04
674.49346722243,3.712446757610533678e+04
674.567935708377,3.703265388919569523e+04
674.6424024340591,3.712786808302791178e+04
674.7168582880072,3.725595384377839946e+04
674.7913214713103,3.722081527224507590e+04
674.8657783200656,3.715733914302360063e+04
674.940251601854,3.725708734608592204e+04
675.0147094269751,3.715847264533112320e+04
675.0891700095718,3.720494623993970890e+04
675.1636379044918,3.715960614763865306e+04
675.2380994327431,3.715280513379349577e+04
675.312554584676,3.712220057149027707e+04
675.3870261580195,3.708706199995696079e+04
675.4614822208301,3.704738941919353965e+04
675.5359547018315,3.718454319840423705e+04
675.610407090499,3.710519803687738749e+04
675.6848804576179,3.699298130843226681e+04
675.7593337130725,3.700318282920000638e+04
675.8338033782419,3.697031126228174253e+04
675.9082026566803,3.689323310536994541e+04
675.9826594431638,3.685129351999146456e+04
676.0571234944312,3.689096610075489298e+04
676.1315948098625,3.688416508690973569e+04
676.2060550986515,3.677874937230977230e+04
676.2805134951972,3.680481992538288614e+04
676.3549745673919,3.672774176847108902e+04
676.4293879803434,3.672320775924097688e+04
676.5038498052293,3.668353517847755575e+04
676.5783051376296,3.661099103079586348e+04
676.6527677036122,3.658151997080017463e+04
676.7272329229447,3.650784232081095979e+04
676.8016366634976,3.647950476312280080e+04
676.8761025828228,3.630154490084115241e+04
676.9505619772531,3.631968093776157184e+04
677.0250240043307,3.630041139853362256e+04
677.0994290601088,3.620973121393151087e+04
677.1738917427178,3.615078909394014045e+04
677.2483524582894,3.608957996933371032e+04
677.3227561481843,3.603290485395739233e+04
677.3972128974716,3.597622973858106707e+04
677.4716768389669,3.589688457705421752e+04
677.5461433813275,3.583794245706284710e+04
677.6205482371186,3.573819425400051841e+04
677.6950015852051,3.564298006016830186e+04
677.7694069841688,3.561010849325003801e+04
677.8438746703705,3.558290443786940159e+04
677.9183311477581,3.547975572788449790e+04
677.9927396296163,3.534146844636627065e+04
678.0672012294622,3.518617863023515383e+04
678.1416056066512,3.518277812331257155e+04
678.2160631125909,3.502862180948898458e+04
678.2905277690969,3.495947816872986732e+04
678.3649259468506,3.484726144028475392e+04
678.4393864750938,3.482005738490411750e+04
678.513798898065,3.465116554108268610e+04
678.5882598799376,3.462056097877946740e+04
678.6626543015428,3.451514526417951129e+04
678.7371249257566,3.441199655419460760e+04
678.8115243461227,3.438705950342903088e+04
678.8859815585386,3.418983010191943322e+04
678.9603905685974,3.407307936424420768e+04
679.0348481677615,3.397559816579693870e+04
679.1092529209583,3.397106415656683384e+04
679.1836509171139,3.375456521582928690e+04
679.2581113551571,3.368315457045511721e+04
679.3325235125415,3.356640383277989895e+04
679.4069842868593,3.351539622894120839e+04
679.481378280968,3.332723484589182044e+04
679.5557839509504,3.323882166590476118e+04
679.6302474888498,3.307559733362095722e+04
679.704648807749,3.306312880823816522e+04
679.7790525553501,3.300418668824679480e+04
679.8535234360058,3.280922429135224957e+04
679.9279135518302,3.271287659521250316e+04
680.0023245731195,3.257118880677170091e+04
680.076784258521,3.252018120293301399e+04
680.1511816092886,3.237735991218468189e+04
680.2255859851732,3.225267465835677649e+04
680.3000482943368,3.222093659374603885e+04
680.374448213023,3.204751074069449533e+04
680.4488412562114,3.195002954224722271e+04
680.5232552007656,3.187748539456553044e+04
680.5976576301395,3.176980267535052189e+04
680.6721226617578,3.165418543998282621e+04
680.7465159407645,3.153063368846244703e+04
680.8209254830051,3.150909714461944532e+04
680.8953281128896,3.128579719003674109e+04
680.969723820552,3.120871903312494396e+04
681.0441775310805,3.109196829544972206e+04
681.118582574998,3.094688000008634117e+04
681.1929806772104,3.086980184317454405e+04
681.2673996753556,3.074738359396169108e+04
681.3418070819359,3.053315165783919656e+04
681.4162075273074,3.046400801708008657e+04
681.4906056458781,3.035179128863496953e+04
681.5649921401839,3.030531769402638747e+04
681.6393995215485,3.015456188712537187e+04
681.7137999143118,3.001514110329962205e+04
681.7882165503345,2.997546852253619727e+04
681.8626680324036,2.983038022717281638e+04
681.9370706711479,2.980997718563734088e+04
682.0114662918298,2.960934727720516457e+04
682.0858781465969,2.951753359029552303e+04
682.1602876270566,2.948466202337725917e+04
682.234615600839,2.930783566340313700e+04
682.3090342611832,2.919221842803544132e+04
682.3834179373963,2.909247022497311627e+04
682.4578224911205,2.902105957959895022e+04
682.5322153211919,2.892357838115167760e+04
682.6066290312607,2.879549262040119356e+04
682.6810356664762,2.870481243579907823e+04
682.7554352169042,2.858919520043138618e+04
682.8298276726078,2.848831349506153492e+04
682.9042363415565,2.842710437045510844e+04
682.9786379060591,2.830241911662719940e+04
683.052985700029,2.809952220357997066e+04
683.1273776822683,2.801677653513054247e+04
683.2017812028357,2.795330040590906356e+04
683.2761822579863,2.778554206439515110e+04
683.3505948498541,2.772546644209625083e+04
683.4249816151049,2.759171316980813572e+04
683.4993378598623,2.744435786982969876e+04
683.5737336498651,2.741261980521896112e+04
683.6481222681783,2.733667515061469021e+04
683.7225270786547,2.712584372141477434e+04
683.7968779498492,2.710997468910940734e+04
683.8712683772519,2.698528943528149830e+04
683.9456749923205,2.687193920452885868e+04
684.0200089024875,2.678806003377190063e+04
684.0944244901342,2.664410524071604596e+04
684.1688141432852,2.659876514841499011e+04
684.2431731578488,2.652395399611824541e+04
684.3175670692367,2.638339970998496938e+04
684.3919584235521,2.626324846538716884e+04
684.4662956794946,2.615443224386463407e+04
684.5407193753053,2.596853786543029855e+04
684.6151123876289,2.588012468544323929e+04
684.689455939193,2.560468362471431828e+04
684.7638578398391,2.546639634319609468e+04
684.8382055615216,2.532470855475529243e+04
684.9125975757681,2.522836085861554602e+04
684.9870010616816,2.513541366939838190e+04
685.0613315458365,2.506173601940916342e+04
685.1357438810281,2.491664772404578252e+04
685.2100831760683,2.469788177869318315e+04
685.2844855664139,2.471035030407597151e+04
685.3588336587155,2.463667265408675667e+04
685.4332213760933,2.444624426642231629e+04
685.5075782509971,2.436463210028041431e+04
685.5819089583205,2.438050113258578494e+04
685.6563216044284,2.440317117873631287e+04
685.7306563603778,2.437370011874062766e+04
685.8050589720733,2.433629454259225531e+04
685.8794024621719,2.420934228414929385e+04
685.9537903041233,2.412886362031491808e+04
686.0281472199982,2.402911541725259303e+04
686.1024731844336,2.392143269803758449e+04
686.1768811733403,2.378881292805699195e+04
686.2512158243778,2.368339721345703583e+04
686.3255665827462,2.355984546193665665e+04
686.3999617223745,2.341815767349585440e+04
686.4742975925424,2.324473182044431087e+04
686.5486495653337,2.326966887120989122e+04
686.6230412185406,2.310984504584866590e+04
686.6973829775881,2.298289278740570808e+04
686.7717408365776,2.285027301742511554e+04
686.8460676249846,2.280153241820148105e+04
686.920476563722,2.266211163437573123e+04
686.9948119535088,2.260430301669188339e+04
687.0691634335083,2.251815684131987655e+04
687.1434837923248,2.237533555057154445e+04
687.2178910716232,2.228692237058448518e+04
687.2922436114384,2.209876098753510087e+04
687.3665697193694,2.198654425908998383e+04
687.4409071790424,2.195367269217171633e+04
687.5152607193801,2.192646863679108355e+04
687.5896114344212,2.172810573297395968e+04
687.6639309442114,2.173150623989653832e+04
687.7383327394424,2.164762706913958391e+04
687.8126844041321,2.147306771378051417e+04
687.8870284875072,2.144473015609235517e+04
687.9613649794371,2.132911292072465949e+04
688.0357175394452,2.117382310459353903e+04
688.1100388231959,2.111601448690969119e+04
688.1843761649789,2.096412517770115301e+04
688.2587343070002,2.095732416385599208e+04
688.3330800913666,2.089384803463451317e+04
688.4074182439083,2.078163130618939977e+04
688.4817534945465,2.065807955466902058e+04
688.556104800579,2.064674453159375480e+04
688.6304200038998,2.051752526853574091e+04
688.7047797093452,2.048918771084758191e+04
688.7791080338786,2.026815476087993011e+04
688.8534524038824,2.025115222626703326e+04
688.9277890934775,2.013326798628428514e+04
689.0021418286908,2.007885987552301594e+04
689.0764868733971,2.000971623476390596e+04
689.1507577273879,1.989976651093384498e+04
689.2250873462091,1.982495535863710029e+04
689.2994377520117,1.976941374556830488e+04
689.3737756865256,1.966286452866082254e+04
689.4481106432635,1.955291480483075793e+04
689.5224616327603,1.951324222406733315e+04
689.5968001275772,1.945883411330606395e+04
689.6710880627454,1.942369554177274767e+04
689.745415792651,1.930127729255989470e+04
689.8197595452868,1.926727222333410100e+04
689.8941002876792,1.922419913564809758e+04
689.968380885931,1.906890931951697712e+04
690.0427250973174,1.901450120875570792e+04
690.1170662811704,1.899976567875786350e+04
690.1913949030705,1.893402254492133216e+04
690.2656966557213,1.879006775186547748e+04
690.3400334706062,1.875039517110205270e+04
690.4143672314507,1.872205761341389371e+04
690.4886454859029,1.868238503265046893e+04
690.5629874122526,1.864497945650209658e+04
690.6373214994773,1.858717083881824874e+04
690.7116000290887,1.847268710575807927e+04
690.7859422563533,1.852256120728924361e+04
690.8602336681432,1.835706987039038358e+04
690.9345601567937,1.831286328039685395e+04
691.0089026400582,1.822445010040979469e+04
691.0831942596561,1.818024351041626142e+04
691.157520963373,1.812470189734746964e+04
691.2318206545044,1.807482779581630530e+04
691.3061602170517,1.800455065274966910e+04
691.380444070193,1.800115014582708682e+04
691.45476779478,1.794334152814324261e+04
691.5290596795087,1.782999129739059936e+04
691.6033914459812,1.778691820970459594e+04
691.6776674311591,1.774837913124869738e+04
691.7520072241363,1.774497862432611873e+04
691.8262959912287,1.766109945356916069e+04
691.900643801485,1.761235885434552620e+04
691.9749166156074,1.748994060513267323e+04
692.0492005879099,1.751374415359072736e+04
692.123529252891,1.744686751744666981e+04
692.1978259721524,1.740719493668324503e+04
692.2721578136724,1.736865585822734647e+04
692.3464385130854,1.730744673362091999e+04
692.4207159769667,1.722470106517149179e+04
692.4950525395182,1.716462544287259152e+04
692.56933311711,1.715782442902743060e+04
692.6436056440851,1.712948687133927160e+04
692.7179660817585,1.702860516596942034e+04
692.7922272967613,1.696739604136299386e+04
692.8665236380322,1.695266051136514943e+04
692.9407927013435,1.687104834522324745e+04
693.0151497288059,1.688124986599098338e+04
693.089421837627,1.679510369061897654e+04
693.1636906489606,1.675769811447060420e+04
693.2379753787236,1.672029253832223185e+04
693.3122568047582,1.663074585602764637e+04
693.3865926140129,1.665908341371580536e+04
693.4608818498604,1.658767276834164295e+04
693.5351581466051,1.653779866681047861e+04
693.6094263017561,1.653326465758037375e+04
693.6837151767944,1.644598497990084070e+04
693.7579910889119,1.641764742221267807e+04
693.8322636527323,1.635077078606862051e+04
693.906552121247,1.633490175376324987e+04
693.9808998444166,1.632016622376540727e+04
694.0551719756728,1.623628705300845104e+04
694.1294600063287,1.624875557839124122e+04
694.2037398455482,1.617507792840202455e+04
694.2780114829652,1.613313834302354735e+04
694.3522990144666,1.603339013996122230e+04
694.426583156023,1.603679064688380095e+04
694.5008542537265,1.602658912611606320e+04
694.5751412401826,1.594157645305158258e+04
694.6494248189764,1.592457391843868572e+04
694.723700156412,1.582142520845378203e+04
694.7979624146619,1.582142520845378203e+04
694.8721970948218,1.578175262769035726e+04
694.9464717871994,1.574434705154198491e+04
695.0207623596758,1.572621101462156184e+04
695.0950205016327,1.562419580694418437e+04
695.1693186762369,1.558905723541086445e+04
695.2435843995215,1.549611004619369851e+04
695.3178708269531,1.549270953927111987e+04
695.3921441168008,1.547570700465822301e+04
695.4663655616765,1.546550548389048527e+04
695.5406463919401,1.537595880159589797e+04
695.6149237361514,1.537482529928837175e+04
695.6892121064967,1.535782276467547490e+04
695.7634969823528,1.530794866314431238e+04
695.8377008859716,1.523200400854004329e+04
695.9119932631442,1.522520299469488418e+04
695.9862772860863,1.511978728009492625e+04
696.06048026933,1.510505175009708364e+04
696.134771767185,1.508918271779171300e+04
696.2090548898484,1.503024059780033895e+04
696.2833296268801,1.504270912318313094e+04
696.3575523255896,1.504951013702828823e+04
696.4318151008928,1.494976193396596318e+04
696.5060403540568,1.487608428397674652e+04
696.58033480532,1.485228073551869238e+04
696.6545965750922,1.480467363860258229e+04
696.7288256373972,1.478427059706710679e+04
696.8030899410923,1.478313709475958058e+04
696.8773263707111,1.470832594246283588e+04
696.9516029071826,1.466185234785425200e+04
697.0258758450395,1.464825032016393561e+04
697.1000868630892,1.466071884554672579e+04
697.1743865928445,1.456550465171450742e+04
697.248609793035,1.453263308479624175e+04
697.3228682493078,1.450882953633818579e+04
697.3970987519848,1.448502598788013165e+04
697.4713645187727,1.441588234712101985e+04
697.5456023130668,1.440568082635328210e+04
697.6198072452165,1.438981179404791146e+04
697.6941009834452,1.432066815328879966e+04
697.7683131711979,1.434333819943932940e+04
697.8425898466292,1.429006359098558642e+04
697.9168092738975,1.430253211636837659e+04
697.9910201305657,1.418918188561573515e+04
698.0653003733468,1.419711640176842047e+04
698.1395184438109,1.420845142484368444e+04
698.2138010478819,1.410303571024372650e+04
698.2880311962213,1.416764534177273345e+04
698.3622527442063,1.412457225408673003e+04
698.4364656813189,1.402029004179429830e+04
698.510738305446,1.405542861332761822e+04
698.5849584048053,1.402595755333193119e+04
698.6591698720874,1.396928243795560957e+04
698.7334703424422,1.396361492641797850e+04
698.8076889513259,1.389447128565886669e+04
698.8818989069066,1.390013879719649776e+04
698.9561050840433,1.381852663105459578e+04
699.030322134609,1.386726723027823209e+04
699.1046038227042,1.388653676950618137e+04
699.1788328602486,1.381512612413201714e+04
699.2530532146016,1.381399262182449093e+04
699.3272599846256,1.378678856644385633e+04
699.4014873980228,1.372104543260732316e+04
699.4757061069474,1.370404289799442813e+04
699.5499161008405,1.368590686107400506e+04
699.6241418428359,1.366663732184605578e+04
699.6983588590565,1.373124695337506091e+04
699.7726405911895,1.369044087030410992e+04
699.8468646290141,1.360429469493210308e+04
699.9210848186354,1.359749368108694398e+04
699.9952913527262,1.356462211416867831e+04
700.0695185244031,1.348867745956440740e+04
700.1437320277023,1.350908050109988289e+04
700.2179661702849,1.346487391110635326e+04
700.2921670152689,1.345693939495366794e+04
700.3663345364773,1.343993686034077109e+04
700.4405423002715,1.348074294341172208e+04
700.5147657911945,1.346827441802893190e+04
700.5889804729994,1.340026427957734631e+04
700.6632108815323,1.343540285111066623e+04
700.7374324701444,1.333792165266339362e+04
700.81164522823,1.340593179111497921e+04
700.8858540575908,1.333452114574081497e+04
700.9600736910871,1.325177547729138496e+04
701.034240242214,1.327557902574944092e+04
701.1084716450022,1.322683842652580461e+04
701.1826646876575,1.320303487806774865e+04
701.2569029402329,1.322230441729569793e+04
701.3311077280009,1.316789630653443055e+04
701.4052790247227,1.319056635268495847e+04
701.4794906151762,1.312822372577100577e+04
701.5537179110803,1.313049073038605820e+04
701.6278673838922,1.312028920961832046e+04
701.7020768472739,1.312368971654089910e+04
701.776302010223,1.304321105270652333e+04
701.8505182480137,1.305908008501189397e+04
701.9246812071539,1.303867704347641848e+04
701.9989091214585,1.302167450886352162e+04
702.0730492261018,1.304094404809147090e+04
702.147283874415,1.295706487733451650e+04
702.2215095672381,1.297973492348504442e+04
702.2956523110257,1.293666183579904100e+04
702.3698847114229,1.294686335656677875e+04
702.4440341206173,1.288905473888293091e+04
702.5182485406029,1.294913036118183118e+04
702.5924786440079,1.288678773426787848e+04
702.6666306251165,1.282444510735392396e+04
702.7408427059752,1.282557860966145199e+04
702.8150013114393,1.282331160504639774e+04
702.8892200349155,1.278817303351307964e+04
702.9633852532902,1.277343750351523522e+04
703.0375414112833,1.271676238813891541e+04
703.1117577094595,1.269409234198838567e+04
703.1859204527385,1.272129639736902027e+04
703.2601235714659,1.269182533737333324e+04
703.3342928843769,1.264988575199485604e+04
703.4085025826428,1.263174971507443297e+04
703.482658658175,1.265668676584001514e+04
703.5568254210807,1.264421824045722315e+04
703.6310325789715,1.260341215738627216e+04
703.7052108243134,1.256033906970026874e+04
703.7793551808122,1.255240455354758342e+04
703.8535845204474,1.255353805585510963e+04
703.9277353723147,1.254673704200995235e+04
704.0019018493869,1.249232893124868315e+04
704.0760542132163,1.248439441509599783e+04
704.1502767406283,1.254106953047231946e+04
704.2244157321018,1.244018782510246820e+04
704.2985752975638,1.241638427664441406e+04
704.3727455222629,1.237557819357346125e+04
704.4469065581811,1.235517515203798575e+04
704.5211080295742,1.237784519818851550e+04
704.5952804534251,1.234043962204014315e+04
704.6694387032167,1.230076704127671837e+04
704.7435926983363,1.229509952973908548e+04
704.8177573342106,1.229736653435413973e+04
704.891917706452,1.224975943743802964e+04
704.9660688376695,1.224295842359287053e+04
705.0402107171044,1.225202644205308206e+04
705.114442771257,1.221008685667460486e+04
705.1885910002947,1.224635893051545099e+04
705.2627548254902,1.221008685667460486e+04
705.3369093767561,1.212620768591764863e+04
705.4110795235591,1.216474676437354719e+04
705.485220476971,1.212734118822517667e+04
705.5593969294841,1.213300869976280774e+04
705.6335441691415,1.212394068130259620e+04
705.7077020144703,1.212960819284022909e+04
705.7818057106044,1.209560312361443539e+04
705.8559498827009,1.207520008207895989e+04
705.9301096345012,1.205706404515853865e+04
706.0042849709166,1.204232851516069422e+04
706.0784260421825,1.203666100362306315e+04
706.1525826869397,1.203892800823811558e+04
706.2267549100956,1.196411685594137089e+04
706.3008928304606,1.202419247824027116e+04
706.3750014111765,1.202645948285532540e+04
706.4491704615375,1.196184985132631846e+04
706.5233051714449,1.194711432132847585e+04
706.5974853991634,1.195958284671126603e+04
706.6716262730434,1.188477169441452133e+04
706.745737753195,1.193124528902310522e+04
706.8198897594285,1.196298335363384467e+04
706.8940323424436,1.190404123364247062e+04
706.9681405012132,1.189610671748978530e+04
707.0422891955021,1.193237879133063143e+04
707.1164534452462,1.190290773133494440e+04
707.19055823756,1.188817220133710180e+04
707.2647035748213,1.188703869902957558e+04
707.3388694645195,1.187910418287689026e+04
707.4129708410553,1.185303362980378188e+04
707.4871177773351,1.182242906750056864e+04
707.5612752521206,1.185303362980378188e+04
707.6353781699282,1.182923008134572774e+04
707.7095466962406,1.180202602596509314e+04
707.7836305801062,1.179635851442746025e+04
707.857775071609,1.183263058826830638e+04
707.9318899937977,1.178615699365972250e+04
708.0060455013667,1.177142146366187990e+04
708.080146353211,1.173628289212855998e+04
708.1543078510902,1.176688745443177504e+04
708.2283845678539,1.177368846827693233e+04
708.3025520377458,1.176348694750919458e+04
708.3766397017445,1.178842399827477675e+04
708.4508131326904,1.176462044981672079e+04
708.5249067170731,1.171814685520813873e+04
708.5989906956581,1.172948187828340269e+04
708.673160478897,1.173401588751350755e+04
708.7472503492967,1.168414178598234503e+04
708.8213557131089,1.170114432059524188e+04
708.8955017018351,1.170567832982534674e+04
708.9696129404151,1.168980929751997792e+04
709.0436944296144,1.172608137136082223e+04
709.1178618009762,1.166373874444686953e+04
709.1919440994113,1.163313418214365629e+04
709.266041878377,1.166940625598450242e+04
709.3401601743607,1.163540118675870872e+04
709.4143140934323,1.159799561061033819e+04
709.4884130457813,1.162746667060602522e+04
709.5625023052012,1.161273114060818079e+04
709.6366020041326,1.161726514983828747e+04
709.71069703359,1.165467072598665800e+04
709.7848579170291,1.161499814522323322e+04
709.8589587159314,1.156512404369207070e+04
709.9330497882937,1.162293266137591854e+04
710.0071361642808,1.155265551830928052e+04
710.0812329625695,1.150731542600822468e+04
710.1553452280508,1.156059003446196584e+04
710.2294275672397,1.151298293754585575e+04
710.3035203190468,1.157305855984475602e+04
710.3776335778801,1.155832302984691341e+04
710.4517320198205,1.149598040293295890e+04
710.5258257276931,1.153905349061896413e+04
710.599909644176,1.150278141677811800e+04
710.6740090111854,1.147671086370500961e+04
710.7480985754111,1.148351187755016872e+04
710.8222035892967,1.146197533370716701e+04
710.8962987889969,1.141663524140610934e+04
710.9704094374856,1.146537584062974565e+04
711.0444849811654,1.144157229217169152e+04
711.1186012467011,1.138263017218031746e+04
711.1926874434225,1.140643372063837160e+04
711.2667840197356,1.143930528755663909e+04
711.3408251965476,1.138376367448784367e+04
711.4149070955419,1.139056468833300278e+04
711.4890246751831,1.136449413525989439e+04
711.5631121310784,1.132935556372657629e+04
711.6372150180558,1.134069058680184025e+04
711.7112320343467,1.131348653142120565e+04
711.7853404449295,1.128288196911799241e+04
711.8594389533098,1.128288196911799241e+04
711.9335275484821,1.129875100142336305e+04
712.0075605935059,1.125681141604488403e+04
712.0816546727544,1.127834795988788755e+04
712.1557641746032,1.127154694604272845e+04
712.2297927223119,1.123754187681693475e+04
712.3038823260575,1.126587943450509556e+04
712.377992420552,1.122847385835672503e+04
712.4520164203059,1.118313376605566737e+04
712.5261268825731,1.118993477990082647e+04
712.6001562828156,1.121147132374382818e+04
712.6742518579922,1.114346118529224259e+04
712.7483628435643,1.118993477990082647e+04
712.8223876211747,1.113779367375461152e+04
712.8964785986809,1.113212616221697863e+04
712.9705138140855,1.115366270605998034e+04
713.0446101673241,1.107318404222560457e+04
713.1186507279195,1.110378860452881781e+04
713.19275244439,1.118540077067071979e+04
713.2667983376626,1.103237795915465358e+04
713.3408290765726,1.104824699146002422e+04
713.4149057221886,1.108451906530086853e+04
713.4889468476811,1.103464496376970601e+04
713.5630542605719,1.102897745223207494e+04
713.6370752139885,1.101650892684928294e+04
713.71111152602,1.100063989454391412e+04
713.7852141503761,1.100517390377401898e+04
713.8592557248019,1.100744090838907141e+04
713.93328717658,1.095643330455038267e+04
714.0073900636712,1.097570284377833195e+04
714.0814267494405,1.092242823532459079e+04
714.1554583900697,1.091336021686437925e+04
714.2295512937391,1.095303279762780403e+04
714.3035881409775,1.089749118455900862e+04
714.3776148223176,1.091109321224932683e+04
714.451651744311,1.091222671455685304e+04
714.5256835921462,1.092582874224716943e+04
714.5997818492889,1.085328459456547898e+04
714.6738188625989,1.089975818917406286e+04
714.7478712188952,1.085441809687300520e+04
714.8218929356141,1.090429219840416772e+04
714.8959248750398,1.082948104610742485e+04
714.9699721505816,1.079887648380421160e+04
715.044014315487,1.083514855764505592e+04
715.1180411339378,1.082268003226226574e+04
715.1920883966163,1.080794450226442132e+04
715.2661714596333,1.086802012456332159e+04
715.3402238179556,1.080794450226442132e+04
715.4142403295658,1.077507293534615565e+04
715.488267040557,1.081361201380205421e+04
715.5623141930947,1.075353639150315394e+04
715.6363510669913,1.073993436381283755e+04
715.7103315493897,1.076940542380852457e+04
715.784373440411,1.070026178304941277e+04
715.8584050299637,1.072973284304509980e+04
715.932426306901,1.072746583843004555e+04
716.0064680199878,1.074673537765799483e+04
716.080494283165,1.069686127612683231e+04
716.1545409835085,1.075920390304078683e+04
716.2285722201125,1.073199984766015223e+04
716.3025469314863,1.072519883381499312e+04
716.3765882447348,1.069572777381930609e+04
716.4506192011959,1.070252878766446520e+04
716.5246654600803,1.070026178304941277e+04
716.5987013504475,1.070026178304941277e+04
716.6726754991479,1.067532473228383060e+04
716.7467162946405,1.072293182919994069e+04
716.8207466986998,1.066172270459351421e+04
716.8947667001454,1.068779325766662078e+04
716.9687557260248,1.068779325766662078e+04
717.0427805919613,1.065832219767093375e+04
717.116825887731,1.064245316536556493e+04
717.1908093232216,1.070479579227951763e+04
717.2648286044712,1.059257906383440240e+04
717.3388168541977,1.071499731304725537e+04
717.4128461038251,1.060618109152471879e+04
717.4868906346427,1.062545063075266808e+04
717.5608474726536,1.069459427151177988e+04
717.6348968087937,1.062318362613761565e+04
717.7088584084709,1.058917855691182376e+04
717.7828867763504,1.058351104537419087e+04
717.8568840385082,1.061298210536987790e+04
717.9309171761972,1.056537500845376780e+04
718.0048882559898,1.056990901768387448e+04
718.0789313004857,1.061864961690751079e+04
718.1528864689565,1.056197450153118916e+04
718.2268775063203,1.055970749691613673e+04
718.300914749167,1.053023643692044971e+04
718.3748898482226,1.054723897153334474e+04
718.4489059941204,1.057784353383655798e+04
718.5228857662477,1.055857399460860870e+04
718.5968549564894,1.047242781923660186e+04
718.6708910267723,1.056310800383871538e+04
718.7448648651658,1.053136993922797592e+04
718.8188539335962,1.053817095307313321e+04
718.8928117241455,1.053817095307313321e+04
718.9668571028507,1.048262934000433961e+04
719.040845353585,1.050076537692476268e+04
719.1148178064504,1.052343542307529060e+04
719.1887847916446,1.048489634461939204e+04
719.2628187285492,1.050076537692476268e+04
719.3367851179871,1.049623136769465600e+04
719.4107718973806,1.047129431692907565e+04
719.4847480151196,1.053703745076560699e+04
719.55871345993,1.043388874078070330e+04
719.6326941140954,1.045429178231617880e+04
719.7066692631995,1.047809533077423293e+04
719.780706250103,1.039421616001727853e+04
719.8546807424774,1.044409026154844105e+04
719.9286497097812,1.040555118309254249e+04
720.0026286960333,1.041348569924522781e+04
720.0766021474149,1.043275523847317709e+04
720.1505856143327,1.040781818770759492e+04
720.2245376004026,1.039988367155491142e+04
720.298530717732,1.042368722001296555e+04
720.3725079039693,1.037494662078932924e+04
720.446479525475,1.036361159771406528e+04
720.5204403826414,1.037721362540438167e+04
720.5943696939084,1.033074003079579961e+04
720.6683349523433,1.033074003079579961e+04
720.7423153966341,1.037267961617427682e+04
720.816285052651,1.033867454694848311e+04
720.890249105901,1.035681058386890618e+04
720.9642231419422,1.029333445464742726e+04
721.0382175601698,1.031260399387537655e+04
721.1121179678518,1.035454357925385375e+04
721.1860907374653,1.029900196618505834e+04
721.2600786851124,1.028313293387968952e+04
721.334050596095,1.029673496157000591e+04
721.4079648215145,1.021285579081305150e+04
721.4819202230957,1.025932938542163538e+04
721.5559168215076,1.022645781850336789e+04
721.6298296575088,1.019698675850768086e+04
721.7038045147077,1.025479537619152870e+04
721.777768491748,1.018791874004746933e+04
721.8516746809869,1.018338473081736447e+04
721.9256689717006,1.020492127466036618e+04
721.9996263053706,1.018338473081736447e+04
722.0735518685187,1.011650809467330510e+04
722.1475134315792,1.014257864774641348e+04
722.221443203523,1.018111772620231204e+04
722.2954141996532,1.007230150467977546e+04
722.369322077151,1.011877509928835752e+04
722.4432972736668,1.005983297929698529e+04
722.5172093181159,1.010744007621309356e+04
722.5911887015628,1.008136952313998700e+04
722.665104899496,1.004736445391419329e+04
722.7390623388185,1.009043754160019853e+04
722.8129878959985,1.004849795622171951e+04
722.8869756086152,1.001902689622603248e+04
722.9608791618889,9.994089845460452125e+03
723.0347925998112,9.979354315462607701e+03
723.1087786701618,9.932880720854025640e+03
723.1826700550422,9.970286297002397987e+03
723.2565817737539,9.917011688548655002e+03
723.3305609227724,9.981621320077661949e+03
723.4044767103132,9.915878186241128788e+03
723.4783814349788,9.941948739314237173e+03
723.5523797909511,9.917011688548655002e+03
723.6262885587613,9.948749753159394459e+03
723.7001862401456,9.903409660858338611e+03
723.7741042546204,9.897742149320705721e+03
723.8480321309023,9.892074637783074650e+03
723.9220013141903,9.861470075479861407e+03
723.9959122328532,9.912477679318550145e+03
724.0698330025856,9.828598508561593917e+03
724.1437478932739,9.859203070864807160e+03
724.2176516517817,9.843334038559438341e+03
724.2915652506016,9.763988877032588789e+03
724.3654729499798,9.778724407030431394e+03
724.4393957341822,9.795726941643328246e+03
724.51330736185,9.756054360879903470e+03
724.587207821535,9.794593439335802032e+03
724.6611286098097,9.763988877032588789e+03
724.7350592296857,9.707313761656267161e+03
724.80895240124,9.788925927798169141e+03
724.882865897012,9.690311227043372128e+03
724.9567892135801,9.709580766271319590e+03
725.0307013255602,9.719782287039057337e+03
725.1046074792529,9.718648784731531123e+03
725.1785287017594,9.727716803191742656e+03
725.2524334382222,9.680109706275634380e+03
725.326358500832,9.707313761656267161e+03
725.4002723250796,9.681243208583160595e+03
725.4741222682113,9.690311227043372128e+03
725.5480398915687,9.657439660125104638e+03
725.6219462528422,9.702779752426162304e+03
725.6958676722687,9.616633577054153648e+03
725.769783084779,9.647238139357366890e+03
725.8436292602167,9.677842701660580133e+03
725.9175431603215,9.633636111667050500e+03
725.9914510329734,9.607565558593942114e+03
726.0653686850188,9.604165051671363472e+03
726.1392275716657,9.599631042441256795e+03
726.2131278556831,9.580361503213309334e+03
726.2870379081896,9.565625973215464910e+03
726.3608891425325,9.553157447832674734e+03
726.4348081680206,9.601898047056311043e+03
726.50866306773,9.552023945525148520e+03
726.5825857784921,9.567892977830517339e+03
726.6564232085193,9.558824959370305805e+03
726.730349586392,9.537288415527304096e+03
726.8042645953695,9.593963530903625724e+03
726.8781153887404,9.461343760923035006e+03
726.9520393221525,9.540688922449884558e+03
727.0258672943038,9.584895512443414191e+03
727.0997948515045,9.496482332456353106e+03
727.1736528398144,9.521419383221935277e+03
727.2475046789152,9.498749337071405535e+03
727.3214244199837,9.436406710157452835e+03
727.3952533686669,9.479479797843456254e+03
727.4691766890326,9.461343760923035006e+03
727.5430356383624,9.436406710157452835e+03
727.6168831154938,9.479479797843456254e+03
727.6907985389481,9.363862562475762388e+03
727.7646495352022,9.410336157084344450e+03
727.838494332822,9.372930580935973921e+03
727.9123488191613,9.355928046323077069e+03
727.986271291593,9.381998599396185455e+03
728.0601080662049,9.353661041708024641e+03
728.1339810274446,9.317388967867178508e+03
728.2078212555151,9.379731594781131207e+03
728.2817295008361,9.320789474789758970e+03
728.3555996998778,9.318522470174704722e+03
728.429453049297,9.268648368643542199e+03
728.5033054557948,9.250512331723119132e+03
728.577140989502,9.315121963252126079e+03
728.6509914915385,9.224441778650012566e+03
728.7248569664563,9.218774267112379675e+03
728.7987108614303,9.230109290187643637e+03
728.872558477417,9.214240257882274818e+03
728.9464688832253,9.209706248652168142e+03
729.0203145595359,9.205172239422063285e+03
729.0941805149681,9.132628091740372838e+03
729.1680295392798,9.187036202501640219e+03
729.2418722535059,9.138295603278003910e+03
729.3156767351837,9.148497124045741657e+03
729.3895227579071,9.145096617123163014e+03
729.4633837365335,9.111091547897371129e+03
729.5372330643772,9.105424036359738238e+03
729.6110920231105,9.056683437136101929e+03
729.6849499652391,9.034013390985574006e+03
729.7587909091665,9.066884957903839677e+03
729.832646799371,9.052149427905997072e+03
729.9064377258716,9.053282930213523287e+03
729.9802755476569,9.007942837912465620e+03
730.0541496290818,8.936532192538301388e+03
730.1279906863275,8.973937768686673735e+03
730.2018413503896,8.966003252533988416e+03
730.2756322932343,8.943333206383460492e+03
730.3494914925877,8.924063667155511212e+03
730.4233389576001,8.907061132542614359e+03
730.497121314011,8.883257584084560222e+03
730.5709933006522,8.905927630235088145e+03
730.6448321837362,8.826582468708238594e+03
730.7186379386568,8.827715971015764808e+03
730.7924799682986,8.886658091007138864e+03
730.8662835069548,8.756305325641600575e+03
730.940128667791,8.809579934095341741e+03
731.0139673771906,8.760839334871705432e+03
731.0877622124666,8.790310394867392461e+03
731.1616307539186,8.734768781798598866e+03
731.2354072830598,8.726834265645913547e+03
731.3092735761231,8.715499242570649585e+03
731.3830531589755,8.678093666422277238e+03
731.4569011330443,8.658824127194327957e+03
731.5307105078027,8.686028182574962557e+03
731.6044812553652,8.635020578736273819e+03
731.6783471861277,8.654290117964223100e+03
731.7521477148499,8.659957629501854171e+03
731.8259899112759,8.569277444899740658e+03
731.899766660658,8.593080993357796615e+03
731.9735636445379,8.534138873366422558e+03
732.0473701527895,8.508068320293314173e+03
732.1212183467612,8.557942421824476696e+03
732.195006386356,8.487665278757838678e+03
732.2688093011474,8.489932283372891106e+03
732.3426485486638,8.469529241837415611e+03
732.4164544099781,8.462728227992258326e+03
732.4902214949792,8.440058181841728583e+03
732.5640302732379,8.367514034160038136e+03
732.6378270896475,8.342576983394457784e+03
732.7116656191168,8.385650071080461203e+03
732.7854653361854,8.311972421091242722e+03
732.8592530670325,8.351645001854667498e+03
732.9330341718326,8.339176476471877322e+03
733.0068247610646,8.340309978779403536e+03
733.0806302100424,8.343710485701983998e+03
733.1544290226378,8.285901868018136156e+03
733.2282104378809,8.228093250334288314e+03
733.3020120820065,8.280234356480503266e+03
733.3758016923423,8.188420669570863538e+03
733.4495738776542,8.177085646495599576e+03
733.5233662868974,8.192954678800970214e+03
733.5971735461529,8.140813572654754353e+03
733.6709687462483,8.158949609575176510e+03
733.7447518754218,8.102274494198855791e+03
733.818549846392,8.141947074962280567e+03
733.8923357337387,8.134012558809595248e+03
733.9660610421337,8.139680070347227229e+03
734.039849657903,8.078470945740800744e+03
734.113653111708,8.060334908820378587e+03
734.1874498467755,8.031997351132217773e+03
734.2612290717857,7.991191268061266783e+03
734.3349476318791,7.967387719603211735e+03
734.4087618993168,8.010460807289216064e+03
734.4825316665394,7.970788226525791288e+03
734.5563216510071,7.985523756523634802e+03
734.6300724954872,7.963987212680632183e+03
734.7038651403906,7.893710069613994165e+03
734.7776456166251,7.952652189605368221e+03
734.8513869120628,7.899377581151626146e+03
734.9251700158896,7.892576567306467950e+03
734.99889230638,7.834767949622620108e+03
735.0727050353661,7.838168456545199660e+03
735.1464785471829,7.847236475005411194e+03
735.220218219237,7.859705000388201370e+03
735.2939943121419,7.798495875781774885e+03
735.367736543824,7.800762880396828223e+03
735.4415206118363,7.779226336553825604e+03
735.5152599796714,7.741820760405454166e+03
735.5890466014831,7.740687258097927952e+03
735.662766849309,7.723684723485031100e+03
735.7365830712438,7.738420253482874614e+03
735.8103058246913,7.713483202717293352e+03
735.8840433540496,7.719150714254925333e+03
735.957822745456,7.690813156566765429e+03
736.0315681756952,7.693080161181817857e+03
736.1052958754302,7.671543617338816148e+03
736.1790654451154,7.643206059650655334e+03
736.252801015933,7.652274078110866867e+03
736.326545937147,7.618269008885074072e+03
736.4003381699183,7.578596428121649296e+03
736.4740584115469,7.621669515807653625e+03
736.5477988397872,7.591064953504440382e+03
736.6215269056551,7.577462925814123082e+03
736.6952425972906,7.589931451196913258e+03
736.7690544685436,7.529855828898012987e+03
736.8427725447069,7.495850759672220192e+03
736.9165053742005,7.544591358895856501e+03
736.9902258037228,7.483382234289430016e+03
737.0639609845649,7.481115229674377588e+03
737.137689186275,7.486782741212009569e+03
737.2114267046566,7.491316750442115335e+03
737.2851517972983,7.453911174293742988e+03
737.358897074205,7.439175644295899474e+03
737.4326244765816,7.448243662756111007e+03
737.5063448675909,7.408571081992686231e+03
737.5800799995792,7.423306611990529746e+03
737.6538026703106,7.417639100452897765e+03
737.7275346375662,7.365497994306681903e+03
737.8012595719805,7.373432510459367222e+03
737.8749992432967,7.330359422773362894e+03
737.9487264275168,7.319024399698098932e+03
738.022468346593,7.343961450463680194e+03
738.0961977656417,7.296354353547571009e+03
738.169865632222,7.317890897390572718e+03
738.2435972558687,7.308822878930361185e+03
738.3173218057595,7.260082279706724876e+03
738.3910556298822,7.277084814319621728e+03
738.4647823694751,7.217009192020721457e+03
738.5384638351453,7.218142694328247671e+03
738.612192738524,7.241946242786302719e+03
738.685909081362,7.180737118179875324e+03
738.7595855634423,7.186404629717508215e+03
738.8332985789483,7.171669099719664700e+03
738.9070317658445,7.107059468190658663e+03
738.9807032179243,7.163734583566979381e+03
739.0544385201678,7.108192970498184877e+03
739.1281065918952,7.082122417425077401e+03
739.2018439933116,7.078721910502497849e+03
739.2755687822585,7.074187901272392082e+03
739.3492317494262,7.011845274358439383e+03
739.4229859424029,7.017512785896071364e+03
739.4966509491076,7.010711772050912259e+03
739.5703798618135,6.993709237438016316e+03
739.6440468874771,6.963104675134803074e+03
739.7177778366447,6.963104675134803074e+03
739.791446866122,6.921165089756324960e+03
739.8651032005454,6.930233108216536493e+03
739.9388289543585,6.930233108216536493e+03
740.0125146409633,6.872424490532689560e+03
740.086187618405,6.875824997455268203e+03
740.1599026583724,6.850887946689686942e+03
740.2335830692062,6.862222969764951813e+03
740.3072452674804,6.867890481302583794e+03
740.3809769441689,6.765875273625205409e+03
740.4546465508478,6.806681356696156399e+03
740.5283253357537,6.745472232089729914e+03
740.6019968452496,6.725069190554254419e+03
740.6757323886792,6.750006241319835681e+03
740.7493783611862,6.710333660556410905e+03
740.8230664214437,6.709200158248884691e+03
740.8967416974003,6.683129605175777215e+03
740.9704041770528,6.654792047487616401e+03
741.0440813057113,6.657059052102668829e+03
741.1177456249695,6.610585457494085858e+03
741.1914740338814,6.577713890575820187e+03
741.265145682029,6.598116932111295682e+03
741.3387990020083,6.533507300582289645e+03
741.4124669600711,6.539174812119921626e+03
741.4861550585991,6.511970756739287026e+03
741.5598248114671,6.526706286737130540e+03
741.6334872037764,6.479099189821021355e+03
741.7070817125386,6.490434212896285317e+03
741.7807678621677,6.472298175975862250e+03
741.8544191228816,6.445094120595228560e+03
741.9281125335501,6.433759097519964598e+03
742.0017600242695,6.440560111365122793e+03
742.0754276444354,6.371416470606010989e+03
742.1491098938311,6.386152000603854503e+03
742.2227792320809,6.366882461375905223e+03
742.2963860567804,6.346479419840429728e+03
742.3700570824167,6.353280433685588832e+03
742.4437151716932,6.283003290618950814e+03
742.5173878791576,6.307940341384532076e+03
742.5909980073593,6.267134258313580176e+03
742.6646723713906,6.279602783696371262e+03
742.7383392893086,6.252398728315736662e+03
742.8119656461523,6.259199742160895767e+03
742.8856286765096,6.222927668320050543e+03
742.9592842387771,6.166252552943728915e+03
743.0328991982909,6.233129189087788291e+03
743.1065563576633,6.208192138322207029e+03
743.1801728901319,6.140181999870621439e+03
743.2538592524501,6.150383520638359187e+03
743.3274497210764,6.117511953720092606e+03
743.4011100282263,6.114111446797513963e+03
743.4747296601421,6.110710939874934411e+03
743.5483970465806,6.077839372956667830e+03
743.6220182060574,6.103909926029776216e+03
743.6956816000841,6.068771354496457207e+03
743.7692821427946,6.051768819883560354e+03
743.8429470520473,6.024564764502926664e+03
743.916576747615,6.035899787578190626e+03
743.990165669035,6.024564764502926664e+03
744.0638466591978,6.016630248350241345e+03
744.1374370340701,5.992826699892186298e+03
744.2110696595498,5.983758681431975674e+03
744.284716858413,5.965622644511552608e+03
744.3583232280512,5.973557160664237927e+03
744.4319496995879,5.941819096053497560e+03
744.5055574804348,5.945219602976077113e+03
744.5791520991629,5.912348036057810532e+03
744.6528444452033,5.925950063748127832e+03
744.7264460022811,5.915748542980390084e+03
744.8000565630955,5.885143980677176842e+03
744.8736594835683,5.895345501444914589e+03
744.9472714032472,5.821667851455697019e+03
745.0208756714717,5.890811492214808823e+03
745.094494486024,5.874942459909439094e+03
745.168100087441,5.852272413758910261e+03
745.2416924635781,5.810332828380433057e+03
745.3152993770332,5.806932321457853504e+03
745.3889152760675,5.781995270692272243e+03
745.4625290474098,5.822801353763223233e+03
745.5361240107667,5.785395777614851795e+03
745.609733506721,5.793330293767536205e+03
745.6833575395775,5.771793749924534495e+03
745.7569683059694,5.750257206081532786e+03
745.8305713563644,5.767259740694428729e+03
745.9041833730809,5.738922183006268824e+03
745.9777876626403,5.702650109165422691e+03
746.0514009139459,5.724186653008425310e+03
746.1249507566789,5.691315086090158729e+03
746.1985429433485,5.717385639163266205e+03
746.2721496486159,5.726453657623477739e+03
746.3457708767787,5.690181583782632515e+03
746.4193230608547,5.641440984558996206e+03
746.4929176060401,5.691315086090158729e+03
746.5665266650274,5.665244533017051253e+03
746.640066621393,5.614236929178362516e+03
746.7136768253059,5.651642505326733954e+03
746.7873015449047,5.621037943023520711e+03
746.8608348022583,5.619904440715994497e+03
746.934460649653,5.597234394565465664e+03
747.0080507927156,5.564362827647199992e+03
747.0815940434294,5.584765869182675488e+03
747.1552131827909,5.598367896872991878e+03
747.2287630801482,5.602901906103097645e+03
747.3023777208953,5.581365362260095935e+03
747.3759007391845,5.550760799956882693e+03
747.4495220280663,5.533758265343985840e+03
747.5230740040879,5.558695316109567102e+03
747.5966125121065,5.512221721500984131e+03
747.6702213915038,5.530357758421407198e+03
747.7437608993716,5.530357758421407198e+03
747.8173763904779,5.494085684580561974e+03
747.8909168833824,5.461214117662295394e+03
747.9644718416794,5.455546606124663413e+03
748.0380188872018,5.474816145352612693e+03
748.111630768237,5.429476053051555937e+03
748.1851787691317,5.466881629199927374e+03
748.2587356337701,5.414740523053712423e+03
748.3322845630789,5.443078080741872327e+03
748.405875958131,5.370533933060181880e+03
748.4794258064913,5.392070476903183589e+03
748.5529901125466,5.376201444597813861e+03
748.626540858474,5.368266928445128542e+03
748.7000780320159,5.367133426137602328e+03
748.7736296540094,5.363732919215022775e+03
748.8471676901079,5.360332412292444133e+03
748.920776260387,5.311591813068807824e+03
748.994315154041,5.320659831529019357e+03
749.0678741021718,5.354664900754812152e+03
749.1414138274398,5.295722780763438095e+03
749.2149736068789,5.269652227690330619e+03
749.2885141477188,5.309324808453755395e+03
749.362046665244,5.260584209230119086e+03
749.4355374512597,5.268518725382803495e+03
749.5090988297237,5.242448172309696020e+03
749.5826465568359,5.236780660772064039e+03
749.656175000463,5.224312135389272953e+03
749.7297234916311,5.202775591546271244e+03
749.803286415846,5.219778126159168096e+03
749.8768356615918,5.176705038473163768e+03
749.9503205982728,5.190307066163481068e+03
750.0238705670453,5.177838540780689982e+03
750.0974068314757,5.148367480785002954e+03
750.170963144645,5.152901490015108720e+03
750.2444438267519,5.130231443864580797e+03
750.318000832892,5.118896420789315926e+03
750.3915384788514,5.104160890791472411e+03
750.4650398530696,5.099626881561367554e+03
750.5385837931271,5.089425360793628897e+03
750.6121083437756,5.095092872331261788e+03
750.6855965835151,5.069022319258153402e+03
750.7591555782365,5.022548724649570431e+03
750.8326444278694,5.036150752339887731e+03
750.9061758589805,4.994211166961409617e+03
750.9796652967866,4.977208632348513675e+03
751.053225528571,5.019148217726990879e+03
751.1267211857668,4.951138079275406199e+03
751.2002538005404,4.974941627733461246e+03
751.2737443726544,4.951138079275406199e+03
751.347283196831,4.944337065430247094e+03
751.4207743095347,4.933002042354983132e+03
751.4942572105898,4.936402549277562684e+03
751.567805321994,4.909198493896928085e+03
751.641288735935,4.859324392365765561e+03
751.7147865207419,4.869525913133503309e+03
751.7883269399143,4.857057387750713133e+03
751.8618252198199,4.891062456976505928e+03
751.9353096018531,4.826452825447499890e+03
752.0087800736492,4.849122871598027814e+03
752.082349748397,4.810583793142130162e+03
752.1558206716313,4.817384806987288357e+03
752.2293059510168,4.812850797757182590e+03
752.3028112503567,4.783379737761495562e+03
752.3762686487676,4.789047249299127543e+03
752.4497687028702,4.795848263144286648e+03
752.5232604672466,4.770911212378705386e+03
752.5967892449822,4.750508170843229891e+03
752.6702814069297,4.738039645460438805e+03
752.74378792351,4.736906143152912591e+03
752.8172521255437,4.724437617770121506e+03
752.890753342267,4.726704622385174844e+03
752.9642462347487,4.679097525469064749e+03
753.0377251232514,4.688165543929276282e+03
753.111218354199,4.681364530084118087e+03
753.1846408387155,4.684765037006696730e+03
753.2581116847355,4.660961488548642592e+03
753.331591190779,4.642825451628219525e+03
753.4050850339123,4.653026972395957273e+03
753.4785648318334,4.626956419322849797e+03
753.552064642568,4.640558447013167097e+03
753.6254879218887,4.585016833944371683e+03
753.698987997613,4.612220889325006283e+03
753.7724683210844,4.591817847789530788e+03
753.845940242228,4.616754898555112050e+03
753.9193696482735,4.588417340866951236e+03
753.9928702112186,4.586150336251898807e+03
754.0663566760842,4.547611257796000245e+03
754.1397721577508,4.543077248565894479e+03
754.2132588199502,4.569147801639001955e+03
754.286731357841,4.506805174725049255e+03
754.3601613060175,4.547611257796000245e+03
754.433662469434,4.519273700107839431e+03
754.5070697940439,4.509072179340101684e+03
754.580571120139,4.529475220875577179e+03
754.6540013426822,4.540810243950842050e+03
754.7274800348059,4.484135128574520422e+03
754.8009103674891,4.512472686262681236e+03
754.8743891803196,4.486402133189573760e+03
754.9478196065738,4.458064575501412946e+03
755.0212985235391,4.453530566271307180e+03
755.0947347284628,4.475067110114308889e+03
755.1681567061893,4.424059506275620151e+03
755.2416500027333,4.413857985507882404e+03
755.3150720303312,4.411590980892829975e+03
755.3884798044081,4.395721948587460247e+03
755.4619874570354,4.391187939357354480e+03
755.535395250506,4.361716879361667452e+03
755.6088173113466,4.362850381669193666e+03
755.6822593542736,4.331112317058454209e+03
755.7557385217809,4.340180335518664833e+03
755.8291520013627,4.356049367824035471e+03
755.9025740310907,4.358316372439087900e+03
755.9760160417866,4.342447340133718171e+03
756.0494380281855,4.388920934742301142e+03
756.122851408895,4.343580842441244386e+03
756.196279048058,4.356049367824035471e+03
756.2697209498288,4.340180335518664833e+03
756.3431485156143,4.348114851671350152e+03
756.4166132278519,4.329978814750927086e+03
756.490046430767,4.308442270907925376e+03
756.563402310791,4.309575773215451591e+03
756.6368296685728,4.266502685529448172e+03
756.710271280547,4.307308768600399162e+03
756.7836985147853,4.280104713219764562e+03
756.8571170870929,4.271036694759553939e+03
756.9305441765948,4.269903192452026815e+03
757.0039625924522,4.252900657839130872e+03
757.0773895204559,4.251767155531604658e+03
757.1508077630942,4.250633653224077534e+03
757.2241829078598,4.273303699374606367e+03
757.2975952154935,4.246099643993972677e+03
757.3710274951507,4.208694067845600330e+03
757.4444453309834,4.225696602458496272e+03
757.5178200187852,4.199626049385388797e+03
757.5912376210018,4.155419459391858254e+03
757.664669455667,4.173555496312281321e+03
757.7380294018718,4.165620980159596002e+03
757.8114609832415,4.197359044770336368e+03
757.884883822762,4.178089505542387087e+03
757.9582576961611,4.156552961699385378e+03
758.0316745087733,4.163353975544543573e+03
758.1050538201592,4.157686464006911592e+03
758.1784703328954,4.137283422471436097e+03
758.2518205742088,4.135016417856382759e+03
758.3252712680576,4.127081901703698350e+03
758.3986211596865,4.112346371705854835e+03
758.4720370175761,4.079474804787588255e+03
758.545415305501,4.113479874013381050e+03
758.6187790176235,4.071540288634903391e+03
758.692185702744,4.056804758637059876e+03
758.7655490229096,4.094210334785431769e+03
758.8389841161411,4.063605772482218526e+03
758.9123470329839,4.052270749406954110e+03
758.985729896929,4.046603237869322129e+03
759.0590923834825,4.046603237869322129e+03
759.1324978677417,4.029600703256425732e+03
759.2058656754364,4.012598168643529789e+03
759.2792419009955,4.030734205563952401e+03
759.3526092466964,4.027333698641372848e+03
759.4259619360007,4.002396647875791587e+03
759.4993807137987,3.970658583265052130e+03
759.5727617631621,3.955923053267208616e+03
759.6461281405926,3.968391578649999246e+03
759.7194798334775,3.938920518654312218e+03
759.79284569346,3.953656048652155732e+03
759.8662199506782,3.951389044037102849e+03
759.9395910557283,3.951389044037102849e+03
760.0129416740881,3.927585495579047802e+03
760.0863064536592,3.928718997886574471e+03
760.1596565064068,3.896980933275834559e+03
760.2330264969562,3.887912914815623481e+03
760.3064048714377,3.909449458658625190e+03
760.3797685035091,3.879978398662938162e+03
760.4531231634235,3.876577891740359064e+03
760.5264341378603,3.878844896355411947e+03
760.5997823891312,3.867509873280147531e+03
760.6731505760081,3.856174850204883569e+03
760.7465329185825,3.836905310976934288e+03
760.8198946901349,3.844839827129619152e+03
760.893195347572,3.838038813284460957e+03
760.9665564561759,3.831237799439302307e+03
761.039908545017,3.822169780979090774e+03
761.1132805694576,3.819902776364037891e+03
761.186574038077,3.794965725598456629e+03
761.2599395757078,3.773429181755454920e+03
761.3332612942629,3.787031209445771765e+03
761.4066319227295,3.775696186370507803e+03
761.4799819030882,3.757560149450084737e+03
761.5532938204132,3.765494665602770056e+03
761.6266430583955,3.719021070994186630e+03
761.6999542102297,3.720154573301712844e+03
761.7733026886444,3.742824619452241222e+03
761.8466130577877,3.736023605607083027e+03
761.9199955907541,3.705419043303869330e+03
761.9932761350078,3.698618029458711135e+03
762.0665998139598,3.663479457925392126e+03
762.1399666484456,3.660078951002812573e+03
762.2132604654904,3.671413974078076990e+03
762.2866264890819,3.677081485615708971e+03
762.3599194586624,3.658945448695286359e+03
762.4332265236651,3.631741393314652214e+03
762.5065244315081,3.624940379469493564e+03
762.5798887714861,3.617005863316808700e+03
762.653209066283,3.596602821781333205e+03
762.726491103933,3.623806877161967350e+03
762.7998163192037,3.611338351779176719e+03
762.8731789131846,3.594335817166280322e+03
762.9464741276457,3.569398766400699060e+03
763.0197834275534,3.592068812551227438e+03
763.0930777014148,3.579600287168436807e+03
763.1663802334256,3.572799273323278157e+03
763.2396735482423,3.569398766400699060e+03
763.312980942364,3.550129227172749779e+03
763.3863024198473,3.551262729480276448e+03
763.4595855263992,3.542194711020064915e+03
763.5329060235777,3.545595217942644013e+03
763.6062114503713,3.547862222557696896e+03
763.6795017940418,3.516124157946957439e+03
763.7528120409493,3.488920102566323294e+03
763.8261013583818,3.503655632564166808e+03
763.8994105781957,3.507056139486745906e+03
763.9727280347157,3.487786600258796625e+03
764.0459486507003,3.470784065645900228e+03
764.1192708849686,3.471917567953426897e+03
764.1925721540134,3.437912498727634102e+03
764.265864123763,3.443580010265266537e+03
764.339170153393,3.437912498727634102e+03
764.4124025979912,3.449247521802898518e+03
764.4857075207827,3.426577475652370140e+03
764.5590265043799,3.429977982574949237e+03
764.6322718534416,3.412975447962052840e+03
764.7055663242454,3.423176968729790588e+03
764.7788689989354,3.397106415656683112e+03
764.8520979783581,3.393705908734104014e+03
764.9254053449329,3.386904894888945364e+03
764.9986623906358,3.360834341815837433e+03
765.0719685894694,3.382370885658839597e+03
765.1451951672625,3.359700839508311219e+03
765.2185001752471,3.335897291050256172e+03
765.2917606634498,3.361967844123364102e+03
765.3650586119669,3.354033327970679238e+03
765.438288577042,3.338164295665309055e+03
765.5115911575078,3.334763788742729957e+03
765.5848491670143,3.309826737977148696e+03
765.6580918875516,3.329096277205097977e+03
765.7313779407682,3.304159226439516715e+03
765.8046193790093,3.317761254129833560e+03
765.8778806952203,3.296224710286831851e+03
765.9511794972256,3.314360747207254462e+03
766.0244043117671,3.305292728747042929e+03
766.0976489972652,3.301892221824463832e+03
766.1709018207467,3.298491714901884279e+03
766.2441451689594,3.307559733362095812e+03
766.31745537396,3.297358212594358065e+03
766.3906973785047,3.296224710286831851e+03
766.4639240114803,3.281489180288988337e+03
766.5371587632285,3.282622682596514551e+03
766.610413388223,3.255418627215880406e+03
766.6836526256157,3.249751115678248425e+03
766.7569058583788,3.261086138753512387e+03
766.8301436890999,3.265620147983618153e+03
766.9033661049401,3.266753650291144822e+03
766.9766319183701,3.253151622600827523e+03
767.049858779082,3.229348074142772930e+03
767.1230937389751,3.229348074142772930e+03
767.196342684586,3.212345539529876532e+03
767.2695820718163,3.227081069527720047e+03
767.3427706741372,3.190808995686874368e+03
767.4160085761127,3.199877014147085902e+03
767.4892545691928,3.170405954151398873e+03
767.5624909794419,3.202144018762138785e+03
767.6357413679548,3.196476507224506804e+03
767.7089173321764,3.194209502609453921e+03
767.7821603029794,3.163604940306240223e+03
767.8553936664732,3.173806461073977971e+03
767.928641001735,3.164738442613766892e+03
768.001843330076,3.144335401078291397e+03
768.0750596156819,3.134133880310553650e+03
768.1482662604737,3.143201898770764728e+03
768.2215104680862,3.133000378003026981e+03
768.2947391311019,3.142068396463238514e+03
768.3679227171707,3.135267382618079864e+03
768.441155676817,3.115997843390130583e+03
768.5143376298478,3.097861806469707972e+03
768.5875985030231,3.097861806469707972e+03
768.6607551772538,3.097861806469707972e+03
768.7340085126597,3.105796322622392836e+03
768.8071930624363,3.076325262626705808e+03
768.8803619892306,3.114864341082604369e+03
768.9535980606818,3.094461299547128874e+03
769.0267948587721,3.077458764934232477e+03
769.0999760176759,3.096728304162181757e+03
769.1732302685929,3.067257244166494729e+03
769.2464097142773,3.084259778779391127e+03
769.3195794118245,3.074058258011653379e+03
769.3928163071785,3.074058258011653379e+03
769.4660079399233,3.051388211861124546e+03
769.5391838897698,3.060456230321336079e+03
769.6123796819868,3.057055723398756982e+03
769.6855538548153,3.033252174940701934e+03
769.7587182425186,3.047987704938545448e+03
769.8319202468393,3.033252174940701934e+03
769.9051421026546,3.033252174940701934e+03
769.97834824532,3.024184156480490856e+03
770.0515030831361,3.006048119560067789e+03
770.1247074085248,3.027584663403069953e+03
770.1978663329771,3.016249640327805537e+03
770.2710688242653,2.993579594177277158e+03
770.3442258887268,3.016249640327805537e+03
770.4173671736539,3.026451161095543284e+03
770.4905282854356,2.965242036489116799e+03
770.5637270444658,2.999247105714909594e+03
770.6369100189285,2.986778580332118963e+03
770.7100771958651,2.955040515721379052e+03
770.7832642087253,2.962975031874063916e+03
770.856459180459,2.974310054949328332e+03
770.9295551317979,2.955040515721379052e+03
771.0027481693259,2.941438488031061752e+03
771.0759313239301,2.939171483416008869e+03
771.1490926926053,2.931236967263324004e+03
771.2222144154819,2.911967428035375178e+03
771.2954094963922,2.917634939573007159e+03
771.368588721728,2.908566921112795626e+03
771.4417223223901,2.919901944188060043e+03
771.5148995537488,2.883629870347214364e+03
771.5880013670636,2.860959824196685986e+03
771.6612063537742,2.870027842656897519e+03
771.734306117772,2.868894340349370850e+03
771.8074852581613,2.839423280353684277e+03
771.8806127402132,2.850758303428948238e+03
771.953783876625,2.826954754970893646e+03
772.0269152446992,2.831488764200998958e+03
772.1000843158894,2.824687750355840762e+03
772.1732135949969,2.854158810351527336e+03
772.2463209463975,2.820153741125734996e+03
772.3195077548475,2.837156275738631393e+03
