X,Y
534.0051269287335,2.866000000000000000e+03
534.0808105837979,2.912000000000000000e+03
534.1564941245075,2.897000000000000000e+03
534.2322387608131,2.886000000000000000e+03
534.3079223194351,2.892000000000000000e+03
534.3836059646314,2.910000000000000000e+03
534.459289487409,2.928000000000000000e+03
534.534973107135,2.916000000000000000e+03
534.6106567862021,2.939000000000000000e+03
534.6863402868432,2.938000000000000000e+03
534.7620238571769,2.933000000000000000e+03
534.8377074881613,2.964000000000000000e+03
534.9134522313972,2.975000000000000000e+03
534.9891358020897,3.006000000000000000e+03
535.0648193202943,2.999000000000000000e+03
535.140502776876,3.028000000000000000e+03
535.2161864491509,3.036000000000000000e+03
535.2918700416792,3.036000000000000000e+03
535.367553831929,3.062000000000000000e+03
535.4432372375885,3.078000000000000000e+03
535.5189208228152,3.063000000000000000e+03
535.594604578686,3.108000000000000000e+03
535.6702882093306,3.081000000000000000e+03
535.745971418549,3.134000000000000000e+03
535.8216553453357,3.136000000000000000e+03
535.8973391196765,3.109000000000000000e+03
535.9730227323798,3.154000000000000000e+03
536.0487061742487,3.125000000000000000e+03
536.1243894360814,3.157000000000000000e+03
536.2000730836918,3.165000000000000000e+03
536.275756820763,3.170000000000000000e+03
536.3514406383212,3.166000000000000000e+03
536.4271239518794,3.196000000000000000e+03
536.5028079033076,3.184000000000000000e+03
536.5784913324379,3.197000000000000000e+03
536.6541748057845,3.222000000000000000e+03
536.7298583143477,3.221000000000000000e+03
536.8055421372837,3.227000000000000000e+03
536.8812254011024,3.256000000000000000e+03
536.9569092495924,3.252000000000000000e+03
537.0325928090099,3.251000000000000000e+03
537.1082763585715,3.254000000000000000e+03
537.1839598892475,3.300000000000000000e+03
537.2596436806508,3.314000000000000000e+03
537.3353268577979,3.298000000000000000e+03
537.411010566398,3.317000000000000000e+03
537.4866335528031,3.325000000000000000e+03
537.5623168365025,3.326000000000000000e+03
537.6380003360828,3.342000000000000000e+03
537.7136843318589,3.356000000000000000e+03
537.7893676583791,3.385000000000000000e+03
537.8650511739759,3.366000000000000000e+03
537.940734869813,3.374000000000000000e+03
538.0164184475874,3.391000000000000000e+03
538.0920408046188,3.379000000000000000e+03
538.1677246810524,3.384000000000000000e+03
538.2434084124591,3.404000000000000000e+03
538.3190919897331,3.421000000000000000e+03
538.3947756936324,3.421000000000000000e+03
538.4704589353845,3.452000000000000000e+03
538.5461425757196,3.469000000000000000e+03
538.6217653920648,3.452000000000000000e+03
538.6974486256656,3.487000000000000000e+03
538.7731322312683,3.486000000000000000e+03
538.8488156195046,3.487000000000000000e+03
538.9244993621073,3.481000000000000000e+03
539.0001221504488,3.481000000000000000e+03
539.0758056867688,3.526000000000000000e+03
539.1514895509623,3.532000000000000000e+03
539.2271725712882,3.552000000000000000e+03
539.3027954051873,3.588000000000000000e+03
539.378479310497,3.561000000000000000e+03
539.4541629264281,3.569000000000000000e+03
539.5298462437939,3.584000000000000000e+03
539.6054689803647,3.607000000000000000e+03
539.6811522386217,3.586000000000000000e+03
539.7568363363963,3.624000000000000000e+03
539.832519225528,3.622000000000000000e+03
539.9081423044014,3.618000000000000000e+03
539.9838259373797,3.651000000000000000e+03
540.0595095003099,3.641000000000000000e+03
540.1351320092971,3.663000000000000000e+03
540.2108150962631,3.683000000000000000e+03
540.2864989617823,3.668000000000000000e+03
540.362121111465,3.699000000000000000e+03
540.4378056155781,3.692000000000000000e+03
540.5134888278695,3.695000000000000000e+03
540.5891111220752,3.699000000000000000e+03
540.6647949195459,3.723000000000000000e+03
540.7404782741969,3.731000000000000000e+03
540.8161009254455,3.724000000000000000e+03
540.8917848125893,3.767000000000000000e+03
540.9674685225426,3.779000000000000000e+03
541.0430911589102,3.776000000000000000e+03
541.1187741775063,3.783000000000000000e+03
541.194457870279,3.799000000000000000e+03
541.2700807045082,3.811000000000000000e+03
541.3457636520761,3.808000000000000000e+03
541.4213865683067,3.839000000000000000e+03
541.497070200242,3.851000000000000000e+03
541.5727541699249,3.851000000000000000e+03
541.648376858336,3.864000000000000000e+03
541.7240599931954,3.884000000000000000e+03
541.7996829685276,3.890000000000000000e+03
541.8753664065381,3.896000000000000000e+03
541.950988459017,3.921000000000000000e+03
542.0266721649095,3.914000000000000000e+03
542.1022953150494,3.933000000000000000e+03
542.1779780782617,3.935000000000000000e+03
542.2536014098382,4.001000000000000000e+03
542.329284076073,4.003000000000000000e+03
542.4049075539548,3.991000000000000000e+03
542.4805912648831,3.993000000000000000e+03
542.5562136767595,4.018000000000000000e+03
542.631897220388,4.019000000000000000e+03
542.7075197075332,4.043000000000000000e+03
542.7832033429272,4.073000000000000000e+03
542.8588255754784,4.081000000000000000e+03
542.9345092673785,4.095000000000000000e+03
543.0101320942985,4.080000000000000000e+03
543.0858158076525,4.096000000000000000e+03
543.1614377193954,4.126000000000000000e+03
543.2371220089141,4.120000000000000000e+03
543.3127444450705,4.129000000000000000e+03
543.3884278000902,4.141000000000000000e+03
543.4640501352047,4.152000000000000000e+03
543.5396728412053,4.157000000000000000e+03
543.6153561952086,4.176000000000000000e+03
543.6909787475163,4.194000000000000000e+03
543.7666625552929,4.202000000000000000e+03
543.8422846228852,4.211000000000000000e+03
543.917907905318,4.211000000000000000e+03
543.9935909887698,4.222000000000000000e+03
544.0692140297832,4.250000000000000000e+03
544.1448361882029,4.274000000000000000e+03
544.220519947648,4.257000000000000000e+03
544.2961426997966,4.262000000000000000e+03
544.3718261809979,4.302000000000000000e+03
544.4474486032625,4.290000000000000000e+03
544.5230709870222,4.306000000000000000e+03
544.5987550137446,4.323000000000000000e+03
544.6743770145879,4.335000000000000000e+03
544.7500001373947,4.340000000000000000e+03
544.8256222965063,4.353000000000000000e+03
544.9013064288619,4.379000000000000000e+03
544.976929025401,4.383000000000000000e+03
545.0525518192319,4.393000000000000000e+03
545.1282345318966,4.427000000000000000e+03
545.2038574139079,4.411000000000000000e+03
545.27947957532,4.453000000000000000e+03
545.3551027912747,4.463000000000000000e+03
545.4307859578726,4.468000000000000000e+03
545.5064085974922,4.497000000000000000e+03
545.582031075963,4.492000000000000000e+03
545.6576539799133,4.559000000000000000e+03
545.7333374615957,4.547000000000000000e+03
545.8089603143547,4.559000000000000000e+03
545.8845823750287,4.574000000000000000e+03
545.9602051246089,4.596000000000000000e+03
546.0358279586479,4.591000000000000000e+03
546.1115111125337,4.612000000000000000e+03
546.1871341062584,4.641000000000000000e+03
546.2627559649052,4.634000000000000000e+03
546.3383790667153,4.647000000000000000e+03
546.4140010154777,4.657000000000000000e+03
546.4896238920949,4.694000000000000000e+03
546.5653080328324,4.717000000000000000e+03
546.6409297699242,4.715000000000000000e+03
546.7165527083374,4.719000000000000000e+03
546.7921753454747,4.706000000000000000e+03
546.8677979714669,4.734000000000000000e+03
546.9434205776232,4.731000000000000000e+03
547.0190431552487,4.740000000000000000e+03
547.0946647977053,4.792000000000000000e+03
547.1703492667542,4.787000000000000000e+03
547.2459723224066,4.802000000000000000e+03
547.3215944163495,4.837000000000000000e+03
547.3972173369806,4.819000000000000000e+03
547.4728389782355,4.839000000000000000e+03
547.5484617288662,4.837000000000000000e+03
547.6240849813485,4.859000000000000000e+03
547.6997072275658,4.833000000000000000e+03
547.7753302583766,4.867000000000000000e+03
547.8509522649341,4.924000000000000000e+03
547.9265750390812,4.868000000000000000e+03
548.0021964706609,4.909000000000000000e+03
548.0778207553666,4.937000000000000000e+03
548.1534418774738,4.941000000000000000e+03
548.2290652357153,4.975000000000000000e+03
548.3046878169241,4.965000000000000000e+03
548.3803093111,4.984000000000000000e+03
548.4559330175531,5.001000000000000000e+03
548.5315556197277,4.985000000000000000e+03
548.6071771080813,5.009000000000000000e+03
548.6828010856999,5.006000000000000000e+03
548.7584221255744,5.003000000000000000e+03
548.834045337373,5.033000000000000000e+03
548.9096673999533,5.043000000000000000e+03
548.9852904134418,5.046000000000000000e+03
549.0609137670749,5.052000000000000000e+03
549.1364750314843,5.074000000000000000e+03
549.2120978166789,5.099000000000000000e+03
549.2877191060418,5.110000000000000000e+03
549.3633428131332,5.147000000000000000e+03
549.4389653087501,5.129000000000000000e+03
549.5145865832915,5.177000000000000000e+03
549.590210251744,5.145000000000000000e+03
549.665832681899,5.163000000000000000e+03
549.7413946298766,5.149000000000000000e+03
549.8170160497809,5.182000000000000000e+03
549.8926398319383,5.196000000000000000e+03
549.9682623401311,5.256000000000000000e+03
550.0438835647246,5.222000000000000000e+03
550.1195068250248,5.254000000000000000e+03
550.1950679386268,5.278000000000000000e+03
550.2706906900269,5.281000000000000000e+03
550.3463136366366,5.313000000000000000e+03
550.421935255224,5.306000000000000000e+03
550.4975591726949,5.332000000000000000e+03
550.5731205123872,5.349000000000000000e+03
550.6487432287166,5.319000000000000000e+03
550.7243648844632,5.382000000000000000e+03
550.7999885039992,5.397000000000000000e+03
550.8755494425731,5.412000000000000000e+03
550.951172094361,5.448000000000000000e+03
551.0267951682852,5.429000000000000000e+03
551.1024165301448,5.463000000000000000e+03
551.1779790561093,5.451000000000000000e+03
551.2536012026161,5.466000000000000000e+03
551.3292237372492,5.481000000000000000e+03
551.4047855382855,5.496000000000000000e+03
551.4804066788231,5.504000000000000000e+03
551.5560303111364,5.537000000000000000e+03
551.6315910047903,5.547000000000000000e+03
551.7072150175466,5.572000000000000000e+03
551.7828375420726,5.610000000000000000e+03
551.8583991818102,5.564000000000000000e+03
551.9340205121266,5.606000000000000000e+03
552.0096436778041,5.616000000000000000e+03
552.0852040546326,5.606000000000000000e+03
552.1608281083562,5.622000000000000000e+03
552.2363887123648,5.662000000000000000e+03
552.3120111809802,5.650000000000000000e+03
552.3876339198484,5.656000000000000000e+03
552.4631955723437,5.686000000000000000e+03
552.5388185047575,5.693000000000000000e+03
552.614380300461,5.703000000000000000e+03
552.6900021708618,5.720000000000000000e+03
552.765564075718,5.704000000000000000e+03
552.8411860712373,5.736000000000000000e+03
552.9168082777293,5.729000000000000000e+03
552.9923707499584,5.761000000000000000e+03
553.0679933370403,5.772000000000000000e+03
553.1435543046211,5.749000000000000000e+03
553.2191769324178,5.800000000000000000e+03
553.2947381962192,5.766000000000000000e+03
553.3703611371725,5.803000000000000000e+03
553.4459223575054,5.812000000000000000e+03
553.521545578136,5.862000000000000000e+03
553.5971070276289,5.876000000000000000e+03
553.6727301879512,5.842000000000000000e+03
553.74829183306,5.844000000000000000e+03
553.823851714682,5.845000000000000000e+03
553.8994751723073,5.900000000000000000e+03
553.9750367322185,5.902000000000000000e+03
554.050658510177,5.896000000000000000e+03
554.1262201811371,5.906000000000000000e+03
554.2018439290302,5.924000000000000000e+03
554.2774053707294,5.949000000000000000e+03
554.3529671374815,5.945000000000000000e+03
554.4285888549837,5.980000000000000000e+03
554.5041506486573,5.982000000000000000e+03
554.579712127434,5.982000000000000000e+03
554.6553335805664,6.000000000000000000e+03
554.7308950353918,6.056000000000000000e+03
554.8065186350868,6.042000000000000000e+03
554.8820800328116,6.045000000000000000e+03
554.9576410728757,6.080000000000000000e+03
555.0332642831411,6.115000000000000000e+03
555.108825215094,6.134000000000000000e+03
555.1843863800646,6.127000000000000000e+03
555.2599490030949,6.133000000000000000e+03
555.3355716725129,6.193000000000000000e+03
555.4111322702728,6.184000000000000000e+03
555.486694610333,6.201000000000000000e+03
555.5623170204691,6.235000000000000000e+03
555.6378788265472,6.220000000000000000e+03
555.7134408077316,6.257000000000000000e+03
555.7890023379755,6.284000000000000000e+03
555.8646239696742,6.305000000000000000e+03
555.9401852063803,6.306000000000000000e+03
556.0157462753666,6.314000000000000000e+03
556.0913090235443,6.361000000000000000e+03
556.1668694227267,6.354000000000000000e+03
556.2424921284115,6.386000000000000000e+03
556.3180540060974,6.398000000000000000e+03
556.3936159838638,6.437000000000000000e+03
556.46917743411,6.419000000000000000e+03
556.544738657784,6.459000000000000000e+03
556.6202993365139,6.454000000000000000e+03
556.6959226832005,6.490000000000000000e+03
556.7714847427467,6.503000000000000000e+03
556.8470468524312,6.534000000000000000e+03
556.9226065226395,6.524000000000000000e+03
556.9981696377276,6.528000000000000000e+03
557.0737306061917,6.531000000000000000e+03
557.1492912804306,6.591000000000000000e+03
557.2248535148585,6.566000000000000000e+03
557.3004154389016,6.600000000000000000e+03
557.3759767333004,6.579000000000000000e+03
557.451598607399,6.599000000000000000e+03
557.5271614300829,6.657000000000000000e+03
557.6027217325554,6.647000000000000000e+03
557.6782835475029,6.671000000000000000e+03
557.7538450012918,6.649000000000000000e+03
557.8294060853028,6.673000000000000000e+03
557.9049686584602,6.695000000000000000e+03
557.9805305342576,6.699000000000000000e+03
558.0560904581027,6.692000000000000000e+03
558.1316534042687,6.717000000000000000e+03
558.2072143813721,6.713000000000000000e+03
558.2827764962979,6.736000000000000000e+03
558.3583381828406,6.749000000000000000e+03
558.4338994323449,6.765000000000000000e+03
558.5094602361507,6.770000000000000000e+03
558.5850224576968,6.770000000000000000e+03
558.6605230453073,6.765000000000000000e+03
558.7360843175928,6.806000000000000000e+03
558.8116447982349,6.802000000000000000e+03
558.8872066647817,6.803000000000000000e+03
558.9627683478695,6.879000000000000000e+03
559.0383292140123,6.857000000000000000e+03
559.1138914425185,6.855000000000000000e+03
559.1894531500513,6.865000000000000000e+03
559.2650140151281,6.895000000000000000e+03
559.3405155236203,6.904000000000000000e+03
559.4160774775995,6.934000000000000000e+03
559.491638563738,6.958000000000000000e+03
559.5671990861741,6.953000000000000000e+03
559.6427612285802,6.978000000000000000e+03
559.7183224777227,7.013000000000000000e+03
559.7938239112091,7.006000000000000000e+03
559.8693855251184,6.987000000000000000e+03
559.9449468470373,7.021000000000000000e+03
560.0205075548458,7.050000000000000000e+03
560.0960695220344,7.063000000000000000e+03
560.1715693553381,7.087000000000000000e+03
560.2471316053342,7.096000000000000000e+03
560.3226935219939,7.130000000000000000e+03
560.3982544687057,7.163000000000000000e+03
560.4737553798353,7.173000000000000000e+03
560.549316857351,7.157000000000000000e+03
560.6248776534629,7.188000000000000000e+03
560.70037802624,7.252000000000000000e+03
560.7759393038835,7.239000000000000000e+03
560.8515017620771,7.265000000000000000e+03
560.9270018364357,7.277000000000000000e+03
561.0025625253518,7.302000000000000000e+03
561.0781246855694,7.302000000000000000e+03
561.1536262760454,7.342000000000000000e+03
561.2291866163674,7.329000000000000000e+03
561.304748089255,7.400000000000000000e+03
561.3802492335784,7.412000000000000000e+03
561.4558107265045,7.436000000000000000e+03
561.5313717522904,7.439000000000000000e+03
561.6068723759059,7.456000000000000000e+03
561.6824333719698,7.506000000000000000e+03
561.7579339169324,7.474000000000000000e+03
561.8334954817075,7.501000000000000000e+03
561.9089955995389,7.511000000000000000e+03
561.9845564375671,7.551000000000000000e+03
562.0601218043322,7.549000000000000000e+03
562.1356190160956,7.565000000000000000e+03
562.2111807638972,7.576000000000000000e+03
562.2866837867199,7.605000000000000000e+03
562.3622450420103,7.612000000000000000e+03
562.4377443607594,7.602000000000000000e+03
562.5133050891404,7.648000000000000000e+03
562.5888069961169,7.672000000000000000e+03
562.6643671648543,7.647000000000000000e+03
562.739868463935,7.675000000000000000e+03
562.8154280394092,7.643000000000000000e+03
562.8909286969488,7.692000000000000000e+03
562.9664305978828,7.721000000000000000e+03
563.0419939681478,7.690000000000000000e+03
563.1174920085415,7.709000000000000000e+03
563.19305470474,7.745000000000000000e+03
563.2685551920358,7.768000000000000000e+03
563.3440568835294,7.736000000000000000e+03
563.419616911542,7.782000000000000000e+03
563.4951146546897,7.727000000000000000e+03
563.5706770994776,7.779000000000000000e+03
563.6461803879624,7.805000000000000000e+03
563.7216816652208,7.791000000000000000e+03
563.7972413162915,7.766000000000000000e+03
563.8727417375509,7.804000000000000000e+03
563.948243300408,7.849000000000000000e+03
564.0238032597638,7.835000000000000000e+03
564.0993039174446,7.870000000000000000e+03
564.1748025104577,7.885000000000000000e+03
564.2503658884998,7.893000000000000000e+03
564.3258667100131,7.921000000000000000e+03
564.4013686264184,7.933000000000000000e+03
564.4768684441426,7.919000000000000000e+03
564.5524298972744,7.928000000000000000e+03
564.6279318813953,7.964000000000000000e+03
564.7034317408531,8.007000000000000000e+03
564.7789326555933,8.015000000000000000e+03
564.8544314277575,8.089000000000000000e+03
564.9299918767013,8.054000000000000000e+03
565.005495928257,8.060000000000000000e+03
565.0809946197296,8.062000000000000000e+03
565.1564943267665,8.092000000000000000e+03
565.2319918472216,8.104000000000000000e+03
565.3075574772264,8.119000000000000000e+03
565.3830570069348,8.141000000000000000e+03
565.4585575213804,8.136000000000000000e+03
565.5340558149843,8.168000000000000000e+03
565.6095582761728,8.200000000000000000e+03
565.6850585002172,8.213000000000000000e+03
565.760556477251,8.204000000000000000e+03
565.8360618025167,8.264000000000000000e+03
565.9116225122199,8.248000000000000000e+03
565.9871233197282,8.344000000000000000e+03
566.0626218458439,8.348000000000000000e+03
566.1381244909254,8.420000000000000000e+03
566.2136216322725,8.463000000000000000e+03
566.289126084757,8.492000000000000000e+03
566.3646250154166,8.502000000000000000e+03
566.4401248288668,8.526000000000000000e+03
566.5156223083626,8.565000000000000000e+03
566.5911238644974,8.580000000000000000e+03
566.666626281373,8.567000000000000000e+03
566.7421263396649,8.617000000000000000e+03
566.8176240294433,8.642000000000000000e+03
566.8931289818083,8.632000000000000000e+03
566.9686283363882,8.665000000000000000e+03
567.044128511452,8.660000000000000000e+03
567.1196262833736,8.663000000000000000e+03
567.1951280764068,8.707000000000000000e+03
567.2706306677735,8.703000000000000000e+03
567.3460696737624,8.732000000000000000e+03
567.4215706028087,8.729000000000000000e+03
567.4970690857559,8.765000000000000000e+03
567.5725715554013,8.809000000000000000e+03
567.6480715624202,8.766000000000000000e+03
567.7235723199296,8.778000000000000000e+03
567.7990705965543,8.749000000000000000e+03
567.8745728319317,8.750000000000000000e+03
567.9500112820856,8.778000000000000000e+03
568.0255117228037,8.794000000000000000e+03
568.1010128751681,8.807000000000000000e+03
568.1765115034954,8.815000000000000000e+03
568.2520140559766,8.798000000000000000e+03
568.327455928513,8.806000000000000000e+03
568.4029533742392,8.839000000000000000e+03
568.478454722623,8.844000000000000000e+03
568.5539535037092,8.831000000000000000e+03
568.6293947397575,8.814000000000000000e+03
568.7048948100362,8.851000000000000000e+03
568.7803955214323,8.840000000000000000e+03
568.8558968664703,8.834000000000000000e+03
568.9313373379196,8.845000000000000000e+03
569.0068366737867,8.875000000000000000e+03
569.0823366191238,8.906000000000000000e+03
569.1577756177235,8.889000000000000000e+03
569.2332767431898,8.896000000000000000e+03
569.3087752145101,8.904000000000000000e+03
569.3842159078702,8.938000000000000000e+03
569.4597155117148,8.961000000000000000e+03
569.5352189219938,8.944000000000000000e+03
569.6106547533757,8.922000000000000000e+03
569.6861592519366,8.957000000000000000e+03
569.7615961204366,9.005000000000000000e+03
569.8370951828829,9.054000000000000000e+03
569.9125980167112,9.024000000000000000e+03
569.9880363908212,9.019000000000000000e+03
570.063540235015,9.046000000000000000e+03
570.1389763193972,9.088000000000000000e+03
570.2144778914571,9.114000000000000000e+03
570.2899149030349,9.112000000000000000e+03
570.3654174215969,9.095000000000000000e+03
570.4408585841445,9.158000000000000000e+03
570.516355510032,9.180000000000000000e+03
570.5917975400971,9.211000000000000000e+03
570.6672953476274,9.215000000000000000e+03
570.7427349574187,9.230000000000000000e+03
570.8182368737373,9.279000000000000000e+03
570.8936740294567,9.254000000000000000e+03
570.9691767675921,9.341000000000000000e+03
571.044617956385,9.333000000000000000e+03
571.120118225025,9.350000000000000000e+03
571.1955568946336,9.345000000000000000e+03
571.2709959150741,9.394000000000000000e+03
571.3464973017159,9.413000000000000000e+03
571.4219370173379,9.423000000000000000e+03
571.4974358505949,9.424000000000000000e+03
571.5728729630794,9.439000000000000000e+03
571.6483169221735,9.473000000000000000e+03
571.7238167556269,9.553000000000000000e+03
571.7992547962239,9.565000000000000000e+03
571.874696395271,9.548000000000000000e+03
571.9501938880238,9.558000000000000000e+03
572.0256327861869,9.608000000000000000e+03
572.1010752224225,9.606000000000000000e+03
572.1765735734161,9.608000000000000000e+03
572.2520132602132,9.634000000000000000e+03
572.3274531890821,9.655000000000000000e+03
572.4028933523459,9.716000000000000000e+03
572.4783960113044,9.667000000000000000e+03
572.5538333585442,9.714000000000000000e+03
572.6292741944405,9.701000000000000000e+03
572.7047119540778,9.732000000000000000e+03
572.780212242593,9.697000000000000000e+03
572.8556503993934,9.743000000000000000e+03
572.9310920175104,9.757000000000000000e+03
573.0065305250978,9.780000000000000000e+03
573.0819691960772,9.766000000000000000e+03
573.1574080227304,9.798000000000000000e+03
573.232909430562,9.771000000000000000e+03
573.3083485618251,9.740000000000000000e+03
573.3837911132744,9.747000000000000000e+03
573.4592305026606,9.806000000000000000e+03
573.5346700090696,9.794000000000000000e+03
573.6101096247586,9.793000000000000000e+03
573.6855493419805,9.772000000000000000e+03
573.7609858609676,9.824000000000000000e+03
573.8364257571322,9.789000000000000000e+03
573.9118624378157,9.801000000000000000e+03
573.9873057764995,9.809000000000000000e+03
574.0627425886909,9.844000000000000000e+03
574.1382453810519,9.829000000000000000e+03
574.2136823092575,9.868000000000000000e+03
574.2891225732211,9.842000000000000000e+03
574.3645628688121,9.807000000000000000e+03
574.4399404917988,9.829000000000000000e+03
574.5153808108072,9.865000000000000000e+03
574.5908178365182,9.837000000000000000e+03
574.6662581633567,9.840000000000000000e+03
574.7416984828392,9.842000000000000000e+03
574.8171387871569,9.873000000000000000e+03
574.8925790684976,9.903000000000000000e+03
574.9680160131622,9.874000000000000000e+03
575.0434562242268,9.911000000000000000e+03
575.1188930812343,9.922000000000000000e+03
575.1943364992081,9.930000000000000000e+03
575.2697765474628,9.959000000000000000e+03
575.3451536315831,9.912000000000000000e+03
575.4205935156243,9.949000000000000000e+03
575.4960333140378,9.974000000000000000e+03
575.5714730189743,9.989000000000000000e+03
575.6469093088864,1.002000000000000000e+04
575.7223521169975,9.985000000000000000e+03
575.7977285011834,1.004900000000000000e+04
575.8731677371276,1.004400000000000000e+04
575.9486101574518,1.009200000000000000e+04
576.0240491208147,1.011500000000000000e+04
576.0994281953324,1.011400000000000000e+04
576.1748668380864,1.018100000000000000e+04
576.2503053165299,1.013200000000000000e+04
576.3257436227722,1.016200000000000000e+04
576.401121946027,1.022300000000000000e+04
576.4765631917769,1.021100000000000000e+04
576.5520009192454,1.026900000000000000e+04
576.627378593058,1.024900000000000000e+04
576.7028192152051,1.027900000000000000e+04
576.7782596194585,1.034200000000000000e+04
576.8536365734708,1.035900000000000000e+04
576.9290798301113,1.039900000000000000e+04
577.0045161881444,1.039100000000000000e+04
577.0798956812308,1.038500000000000000e+04
577.1553348449369,1.041900000000000000e+04
577.2307737431714,1.040800000000000000e+04
577.3061523771543,1.048500000000000000e+04
577.3815940386273,1.046300000000000000e+04
577.4569687212091,1.046200000000000000e+04
577.5324097821534,1.053700000000000000e+04
577.6077871497567,1.054200000000000000e+04
577.6832275791974,1.049800000000000000e+04
577.7586042662564,1.054900000000000000e+04
577.8340473712362,1.055100000000000000e+04
577.9094233467189,1.053800000000000000e+04
577.9848624183549,1.057400000000000000e+04
578.06024099099,1.060800000000000000e+04
578.1356826786689,1.056700000000000000e+04
578.2110604784385,1.058200000000000000e+04
578.2865014103915,1.061200000000000000e+04
578.3618750602704,1.061600000000000000e+04
578.4373152036164,1.066200000000000000e+04
578.5126947075182,1.063800000000000000e+04
578.5880737744064,1.064900000000000000e+04
578.6635160180301,1.064200000000000000e+04
578.7388908540094,1.066300000000000000e+04
578.8143322323514,1.067600000000000000e+04
578.8897095032095,1.066800000000000000e+04
578.9650862969057,1.068400000000000000e+04
579.0405296629765,1.067500000000000000e+04
579.1159054956761,1.068100000000000000e+04
579.1912841817008,1.067500000000000000e+04
579.2667227590988,1.068700000000000000e+04
579.3421004375672,1.065800000000000000e+04
579.4174809495532,1.064800000000000000e+04
579.4928575733711,1.066200000000000000e+04
579.5682974782039,1.067600000000000000e+04
579.6436763906835,1.066900000000000000e+04
579.7190547488921,1.071600000000000000e+04
579.7944325447469,1.064600000000000000e+04
579.8698736574771,1.068800000000000000e+04
579.9452503209693,1.072100000000000000e+04
580.0206297620755,1.069200000000000000e+04
580.0960086102061,1.067700000000000000e+04
580.1713868572579,1.068100000000000000e+04
580.2467678619868,1.070100000000000000e+04
580.3222055027192,1.074000000000000000e+04
580.3975819144985,1.075500000000000000e+04
580.472964431725,1.069900000000000000e+04
580.5483361997073,1.079100000000000000e+04
580.6237208011142,1.071600000000000000e+04
580.6990980056318,1.077600000000000000e+04
580.774474545852,1.077200000000000000e+04
580.8498537875009,1.080600000000000000e+04
580.9252289755794,1.075700000000000000e+04
581.0006743628959,1.081000000000000000e+04
581.0760481837603,1.077500000000000000e+04
581.1514280543308,1.084300000000000000e+04
581.2268072152121,1.082600000000000000e+04
581.3021822791188,1.083600000000000000e+04
581.3775633752501,1.084000000000000000e+04
581.4529437389426,1.084100000000000000e+04
581.5283199802694,1.091600000000000000e+04
581.6036988536778,1.087000000000000000e+04
581.6790160670166,1.088700000000000000e+04
581.7543934024975,1.095200000000000000e+04
581.8297699646201,1.091300000000000000e+04
581.9051525174606,1.091900000000000000e+04
581.9805308970429,1.099000000000000000e+04
582.0559084804219,1.100500000000000000e+04
582.1312852593902,1.103700000000000000e+04
582.206668005028,1.103400000000000000e+04
582.2820397617667,1.108000000000000000e+04
582.3574242532981,1.106400000000000000e+04
582.4327366749485,1.109000000000000000e+04
582.508116082625,1.115500000000000000e+04
582.5834946400697,1.110000000000000000e+04
582.658872339047,1.118000000000000000e+04
582.7342525671091,1.113100000000000000e+04
582.8095673852416,1.121600000000000000e+04
582.8849492395216,1.122400000000000000e+04
582.9603268074364,1.121800000000000000e+04
583.0357068767066,1.124400000000000000e+04
583.1110214380087,1.126300000000000000e+04
583.1864030744695,1.128600000000000000e+04
583.2617769878166,1.127800000000000000e+04
583.3371601786139,1.133700000000000000e+04
583.4124743613642,1.133400000000000000e+04
583.4878556582576,1.133900000000000000e+04
583.5632325991093,1.133100000000000000e+04
583.6385472652148,1.139400000000000000e+04
583.7139290751193,1.137100000000000000e+04
583.7893065032263,1.135800000000000000e+04
583.8646249949269,1.142500000000000000e+04
583.9400004322508,1.143800000000000000e+04
584.0153168866366,1.146000000000000000e+04
584.0907005347968,1.140100000000000000e+04
584.1660763462396,1.148400000000000000e+04
584.2413965200363,1.140900000000000000e+04
584.3167736762043,1.144200000000000000e+04
584.3920917365156,1.144700000000000000e+04
584.4674702084938,1.140100000000000000e+04
584.5427861228587,1.145800000000000000e+04
584.6181658817017,1.146800000000000000e+04
584.6934796176279,1.148000000000000000e+04
584.7688572148127,1.146200000000000000e+04
584.8441755797492,1.146000000000000000e+04
584.919554404934,1.141100000000000000e+04
584.9948739529473,1.142100000000000000e+04
585.0702539779767,1.147200000000000000e+04
585.145567832981,1.142500000000000000e+04
585.2208873808705,1.144900000000000000e+04
585.2962674300239,1.146400000000000000e+04
585.3715812355221,1.145100000000000000e+04
585.446962410467,1.144900000000000000e+04
585.522277293224,1.145500000000000000e+04
585.5975978392732,1.144300000000000000e+04
585.6729720672993,1.149300000000000000e+04
585.7482902189189,1.149100000000000000e+04
585.8236071536562,1.146000000000000000e+04
585.8989880858402,1.143000000000000000e+04
585.9743025783406,1.150100000000000000e+04
586.0496192632522,1.145400000000000000e+04
586.1249381347992,1.141300000000000000e+04
586.200317604434,1.147800000000000000e+04
586.2756374097312,1.145700000000000000e+04
586.3509525064017,1.147100000000000000e+04
586.4262697612708,1.151400000000000000e+04
586.5016510856912,1.151000000000000000e+04
586.576965774025,1.147200000000000000e+04
586.6522825996321,1.152100000000000000e+04
586.7275981142149,1.148900000000000000e+04
586.8029157526896,1.148600000000000000e+04
586.878297505942,1.147900000000000000e+04
586.9536125003841,1.154000000000000000e+04
587.0289295977367,1.156700000000000000e+04
587.1042487921765,1.157100000000000000e+04
587.1795666300785,1.160500000000000000e+04
587.2548831029591,1.160900000000000000e+04
587.3301982023304,1.158100000000000000e+04
587.4055153701529,1.158200000000000000e+04
587.4808346005856,1.160700000000000000e+04
587.5561558877838,1.168600000000000000e+04
587.631468866577,1.166800000000000000e+04
587.7067838851247,1.169000000000000000e+04
587.78216658026,1.171900000000000000e+04
587.8574856775697,1.173500000000000000e+04
587.9328033404089,1.170100000000000000e+04
588.0080538670875,1.175500000000000000e+04
588.0833720770029,1.172300000000000000e+04
588.1586888286358,1.182300000000000000e+04
588.234007573644,1.181200000000000000e+04
588.3093248450679,1.182000000000000000e+04
588.3846440963296,1.185200000000000000e+04
588.4599618586897,1.188400000000000000e+04
588.5352781235977,1.188800000000000000e+04
588.6105963471232,1.185000000000000000e+04
588.6859130578563,1.190100000000000000e+04
588.761231713632,1.189500000000000000e+04
588.8364864301399,1.192100000000000000e+04
588.9118020050827,1.199200000000000000e+04
588.9871195037894,1.201500000000000000e+04
589.0624389203426,1.199600000000000000e+04
589.1377567779897,1.202700000000000000e+04
589.2130730681441,1.198400000000000000e+04
589.2883287478853,1.204800000000000000e+04
589.3636453356847,1.202700000000000000e+04
589.4389638063658,1.211800000000000000e+04
589.5142806787193,1.205900000000000000e+04
589.5895403256021,1.205700000000000000e+04
589.6648574383153,1.212300000000000000e+04
589.740176406581,1.213800000000000000e+04
589.8154276479908,1.212700000000000000e+04
589.8907468120178,1.214800000000000000e+04
589.9660643313503,1.213400000000000000e+04
590.0413210120631,1.214700000000000000e+04
590.1166352010036,1.213600000000000000e+04
590.1919546858783,1.213300000000000000e+04
590.2672132644499,1.213200000000000000e+04
590.3425293741994,1.213000000000000000e+04
590.4177880160598,1.212300000000000000e+04
590.4931042037921,1.212800000000000000e+04
590.568418683014,1.216900000000000000e+04
590.643675627467,1.213900000000000000e+04
590.7189936284246,1.215300000000000000e+04
590.7942505619948,1.217900000000000000e+04
590.8695685685237,1.213700000000000000e+04
590.9448219696872,1.213800000000000000e+04
591.0201399515241,1.215100000000000000e+04
591.0953967743105,1.214000000000000000e+04
591.1707147029425,1.212100000000000000e+04
591.2459714266577,1.220700000000000000e+04
591.3212892726514,1.214000000000000000e+04
591.3965458678394,1.215000000000000000e+04
591.4718006307248,1.219000000000000000e+04
591.547116539627,1.210400000000000000e+04
591.6223746281325,1.208500000000000000e+04
591.6976903797901,1.210300000000000000e+04
591.7729482668865,1.211300000000000000e+04
591.8482042834247,1.216100000000000000e+04
591.9235214878881,1.211100000000000000e+04
591.9987807623979,1.211300000000000000e+04
592.0740346381908,1.208800000000000000e+04
592.1493532320127,1.215000000000000000e+04
592.2246103231383,1.218000000000000000e+04
592.2998654966053,1.214200000000000000e+04
592.3751222527409,1.214700000000000000e+04
592.4504402550338,1.213100000000000000e+04
592.5256966625434,1.211700000000000000e+04
592.6009511209176,1.219300000000000000e+04
592.6762106466866,1.218900000000000000e+04
592.7515244260364,1.217600000000000000e+04
592.8267835455117,1.220900000000000000e+04
592.9020371707703,1.219700000000000000e+04
592.9772958390107,1.219200000000000000e+04
593.0525489954576,1.224300000000000000e+04
593.1278071826566,1.225800000000000000e+04
593.2031266995527,1.226600000000000000e+04
593.2783808730474,1.226500000000000000e+04
593.3536365391337,1.225700000000000000e+04
593.4288936916811,1.230600000000000000e+04
593.5041488020836,1.228900000000000000e+04
593.5794089082539,1.234000000000000000e+04
593.6546634339551,1.230800000000000000e+04
593.729919417986,1.231600000000000000e+04
593.8051733281523,1.236300000000000000e+04
593.8804322095,1.235000000000000000e+04
593.955689002888,1.238400000000000000e+04
594.0309472282032,1.239900000000000000e+04
594.1061998200399,1.244600000000000000e+04
594.1814573584147,1.241500000000000000e+04
594.2567163084306,1.246500000000000000e+04
594.3319695993049,1.243200000000000000e+04
594.4072278190921,1.247800000000000000e+04
594.4824803620132,1.247100000000000000e+04
594.5577413564724,1.246600000000000000e+04
594.6329931222317,1.251000000000000000e+04
594.7082533289405,1.251700000000000000e+04
594.7834441469494,1.249000000000000000e+04
594.85870352054,1.255200000000000000e+04
594.9339607052526,1.255000000000000000e+04
595.0092192325558,1.251300000000000000e+04
595.0844720137306,1.255000000000000000e+04
595.1596694470827,1.258900000000000000e+04
595.2349248608839,1.253400000000000000e+04
595.310178044894,1.260400000000000000e+04
595.3854360798784,1.256200000000000000e+04
595.4606918708308,1.264100000000000000e+04
595.5358886627483,1.265500000000000000e+04
595.611147019589,1.260900000000000000e+04
595.6864031092157,1.265000000000000000e+04
595.7615965842728,1.262900000000000000e+04
595.836855197865,1.264300000000000000e+04
595.9121115210278,1.264900000000000000e+04
595.9873051606659,1.263600000000000000e+04
596.0625604137975,1.267200000000000000e+04
596.1378169052595,1.270100000000000000e+04
596.2130106441916,1.265200000000000000e+04
596.2882695773723,1.266500000000000000e+04
596.3635261735925,1.266100000000000000e+04
596.4387199482267,1.264600000000000000e+04
596.5139753866564,1.262600000000000000e+04
596.5891715160268,1.262500000000000000e+04
596.6644293271388,1.259600000000000000e+04
596.739624225117,1.267200000000000000e+04
596.8148808209818,1.266600000000000000e+04
596.8900744570072,1.264900000000000000e+04
596.9653333707323,1.264100000000000000e+04
597.0405257151125,1.260700000000000000e+04
597.115786920592,1.266900000000000000e+04
597.1909779436049,1.261700000000000000e+04
597.2662342801653,1.268500000000000000e+04
597.3414275184313,1.262400000000000000e+04
597.4166254158234,1.264200000000000000e+04
597.491885088153,1.259700000000000000e+04
597.5670780238231,1.262100000000000000e+04
597.6423327487403,1.262000000000000000e+04
597.7175242592349,1.261100000000000000e+04
597.792720398088,1.261900000000000000e+04
597.8679783530253,1.266200000000000000e+04
597.9431801766776,1.258700000000000000e+04
598.0183687346421,1.257700000000000000e+04
598.0936227072775,1.263300000000000000e+04
598.1688204827943,1.263800000000000000e+04
598.2440156960317,1.261200000000000000e+04
598.3192119177841,1.260800000000000000e+04
598.3944735953452,1.257300000000000000e+04
598.4696646678975,1.256500000000000000e+04
598.5448638913675,1.260300000000000000e+04
598.6200605143976,1.257900000000000000e+04
598.6952545279034,1.256200000000000000e+04
598.7705032869707,1.264400000000000000e+04
598.845702827054,1.260300000000000000e+04
598.9209033228055,1.257600000000000000e+04
598.9960940039387,1.263700000000000000e+04
599.0712892114018,1.259900000000000000e+04
599.1464853517283,1.262800000000000000e+04
599.2216788278446,1.263800000000000000e+04
599.2968768137707,1.263900000000000000e+04
599.3720685283897,1.264600000000000000e+04
599.4472683333562,1.266100000000000000e+04
599.5225229531976,1.262900000000000000e+04
599.5977173765003,1.261700000000000000e+04
599.6729126841367,1.263400000000000000e+04
599.7481088696748,1.265000000000000000e+04
599.8232987309193,1.266000000000000000e+04
599.8985002499289,1.269800000000000000e+04
599.9736306356483,1.268400000000000000e+04
600.0488302503571,1.272400000000000000e+04
600.1240271092662,1.268500000000000000e+04
600.1992212032151,1.269800000000000000e+04
600.274408919746,1.272200000000000000e+04
600.3496082679649,1.269300000000000000e+04
600.4248084342357,1.276800000000000000e+04
600.499998594085,1.278600000000000000e+04
600.5751931605373,1.277800000000000000e+04
600.6503235814662,1.276900000000000000e+04
600.7255197152398,1.278500000000000000e+04
600.8007166310834,1.280300000000000000e+04
600.875914322513,1.281100000000000000e+04
600.9511163944641,1.285300000000000000e+04
601.0262433719869,1.285000000000000000e+04
601.1014361076029,1.286700000000000000e+04
601.1766404316174,1.285400000000000000e+04
601.2518346554406,1.288200000000000000e+04
601.3269681412486,1.285600000000000000e+04
601.4021565754814,1.290200000000000000e+04
601.4773565793163,1.289800000000000000e+04
601.55249578129,1.289600000000000000e+04
601.6276863350764,1.292700000000000000e+04
601.7028775856559,1.292400000000000000e+04
601.7780115846128,1.296100000000000000e+04
601.8532078169892,1.294100000000000000e+04
601.9284011052009,1.293700000000000000e+04
602.0035370787526,1.293900000000000000e+04
602.0787353122603,1.289200000000000000e+04
602.1538653131911,1.294100000000000000e+04
602.2290648417321,1.298800000000000000e+04
602.3041960901958,1.300100000000000000e+04
602.3793896303448,1.297200000000000000e+04
602.4545329868457,1.296900000000000000e+04
602.52972050603,1.295600000000000000e+04
602.6048541681286,1.297300000000000000e+04
602.6800537894703,1.300700000000000000e+04
602.7551886194266,1.294400000000000000e+04
602.8303821600039,1.299600000000000000e+04
602.9055217646458,1.296800000000000000e+04
602.9807128258426,1.295100000000000000e+04
603.055846272166,1.292200000000000000e+04
603.1309766185691,1.288600000000000000e+04
603.2061729886882,1.293800000000000000e+04
603.281308042969,1.293000000000000000e+04
603.3564436151993,1.291300000000000000e+04
603.4316452421198,1.294300000000000000e+04
603.5067745623387,1.292100000000000000e+04
603.5819116632719,1.287200000000000000e+04
603.6571039159869,1.296500000000000000e+04
603.732238361985,1.294800000000000000e+04
603.8073696385936,1.298300000000000000e+04
603.8825123234259,1.295700000000000000e+04
603.9576992468579,1.292600000000000000e+04
604.0328355724649,1.290000000000000000e+04
604.1079723479853,1.290000000000000000e+04
604.1831095667776,1.284800000000000000e+04
604.2582983401253,1.288000000000000000e+04
604.3334364382367,1.282700000000000000e+04
604.4085676534826,1.289900000000000000e+04
604.4836992817685,1.287500000000000000e+04
604.5588422811774,1.285800000000000000e+04
604.6339747182885,1.287700000000000000e+04
604.7091075484526,1.286400000000000000e+04
604.7842444226404,1.288100000000000000e+04
604.859378019808,1.289400000000000000e+04
604.9345046710955,1.285600000000000000e+04
605.009704892442,1.287300000000000000e+04
605.0848359419433,1.292100000000000000e+04
605.1599746669862,1.285000000000000000e+04
605.23510275086,1.285900000000000000e+04
605.310245826721,1.287400000000000000e+04
605.3853159408447,1.290000000000000000e+04
605.4604486674336,1.288400000000000000e+04
605.535581711707,1.288700000000000000e+04
605.6107150669574,1.290600000000000000e+04
605.6858487264751,1.289800000000000000e+04
605.7609863530097,1.294800000000000000e+04
605.8361242722013,1.294900000000000000e+04
605.9112514634761,1.291900000000000000e+04
605.9863899450862,1.295900000000000000e+04
606.0615286991821,1.293800000000000000e+04
606.1365942387108,1.300500000000000000e+04
606.2117261495124,1.290100000000000000e+04
606.2868656606279,1.300700000000000000e+04
606.3619980637881,1.294400000000000000e+04
606.4370718595482,1.300700000000000000e+04
606.5122047116855,1.298400000000000000e+04
606.5873377854751,1.300800000000000000e+04
606.6624747545558,1.300800000000000000e+04
606.7375456701113,1.302100000000000000e+04
606.8126830359437,1.304000000000000000e+04
606.8878205982112,1.302400000000000000e+04
606.9628957214667,1.307500000000000000e+04
607.0380225859356,1.306700000000000000e+04
607.1131606786419,1.307200000000000000e+04
607.1882288919476,1.304200000000000000e+04
607.2633709869046,1.310000000000000000e+04
607.3385021736576,1.307000000000000000e+04
607.4135707840262,1.307900000000000000e+04
607.4887096199877,1.307200000000000000e+04
607.5637821472627,1.305800000000000000e+04
607.6389138462803,1.308700000000000000e+04
607.7139865728267,1.307200000000000000e+04
607.7891221807843,1.307600000000000000e+04
607.8641950802765,1.306500000000000000e+04
607.9393308785938,1.313400000000000000e+04
608.0144039237675,1.310600000000000000e+04
608.089539885174,1.307800000000000000e+04
608.1646130487377,1.308300000000000000e+04
608.2397417468239,1.312000000000000000e+04
608.3148187001017,1.310900000000000000e+04
608.3898956827247,1.309700000000000000e+04
608.4650245200035,1.310900000000000000e+04
608.5401015535813,1.311600000000000000e+04
608.6151785959717,1.313700000000000000e+04
608.6903112159022,1.309100000000000000e+04
608.7653771512115,1.312800000000000000e+04
608.8404578967535,1.305000000000000000e+04
608.9155905344547,1.306300000000000000e+04
608.990660126277,1.310700000000000000e+04
609.0657296820973,1.309100000000000000e+04
609.1408659845031,1.314100000000000000e+04
609.2159465984835,1.311900000000000000e+04
609.2910160242585,1.309900000000000000e+04
609.3660890997941,1.304500000000000000e+04
609.4411621067635,1.312100000000000000e+04
609.5162981949915,1.306000000000000000e+04
609.591371059717,1.312900000000000000e+04
609.6664438352011,1.304200000000000000e+04
609.7415165145444,1.306300000000000000e+04
609.8165928096073,1.309200000000000000e+04
609.8916652768738,1.312600000000000000e+04
609.9667339066874,1.307600000000000000e+04
610.041806132408,1.312000000000000000e+04
610.1168819498673,1.307500000000000000e+04
610.1919576315516,1.308300000000000000e+04
610.2670257220219,1.306600000000000000e+04
610.3421011095528,1.304200000000000000e+04
610.4171800666223,1.303400000000000000e+04
610.4922476810158,1.305700000000000000e+04
610.5673225771701,1.311700000000000000e+04
610.6423935671218,1.312200000000000000e+04
610.7174681006938,1.306500000000000000e+04
610.7925387123403,1.308600000000000000e+04
610.8676165871373,1.302500000000000000e+04
610.9426867935962,1.309300000000000000e+04
611.0177642529652,1.307600000000000000e+04
611.0928340264109,1.311700000000000000e+04
611.1679035719891,1.306200000000000000e+04
611.2429205762214,1.307800000000000000e+04
611.3179896323122,1.311300000000000000e+04
611.3930696536677,1.309500000000000000e+04
611.4681382079762,1.314300000000000000e+04
611.543210239399,1.309300000000000000e+04
611.6182258914046,1.309200000000000000e+04
611.6932973662973,1.306700000000000000e+04
611.7683685593274,1.309000000000000000e+04
611.8434394635015,1.309400000000000000e+04
611.91845764963,1.308900000000000000e+04
611.9935279422344,1.310300000000000000e+04
612.06860167126,1.311700000000000000e+04
612.1436188772811,1.309000000000000000e+04
612.2186919554537,1.310600000000000000e+04
612.2937609555369,1.313700000000000000e+04
612.368769618424,1.310600000000000000e+04
612.443841671833,1.309900000000000000e+04
612.518860850012,1.310400000000000000e+04
612.5939321832865,1.313500000000000000e+04
612.668943094263,1.314000000000000000e+04
612.7440136774355,1.313200000000000000e+04
612.8190876378331,1.314000000000000000e+04
612.8941048689004,1.315100000000000000e+04
612.9691780415548,1.315200000000000000e+04
613.0441869267229,1.318100000000000000e+04
613.1192028943198,1.313600000000000000e+04
613.1942785838127,1.314500000000000000e+04
613.2692861585759,1.328300000000000000e+04
613.3443572287938,1.317400000000000000e+04
613.4193751865103,1.320000000000000000e+04
613.4944491348593,1.319400000000000000e+04
613.5694586386024,1.321200000000000000e+04
613.644467658833,1.322200000000000000e+04
613.7195402192466,1.323200000000000000e+04
613.794555801729,1.323600000000000000e+04
613.8695671147681,1.315300000000000000e+04
613.9446382262654,1.321000000000000000e+04
614.0196560673113,1.325300000000000000e+04
614.0946658455853,1.323500000000000000e+04
614.1696826366328,1.323900000000000000e+04
614.2447554874341,1.319300000000000000e+04
614.3197636679537,1.324900000000000000e+04
614.3947788454523,1.323700000000000000e+04
614.4697859154201,1.320800000000000000e+04
614.5448037484722,1.322300000000000000e+04
614.619873899117,1.319300000000000000e+04
614.694883044028,1.323800000000000000e+04
614.769899161373,1.324400000000000000e+04
614.8449071281832,1.320200000000000000e+04
614.9199220568489,1.322900000000000000e+04
614.994936381391,1.323500000000000000e+04
615.0699463115571,1.327000000000000000e+04
615.1449594055,1.322600000000000000e+04
615.219968088927,1.324600000000000000e+04
615.2949799236752,1.323900000000000000e+04
615.3699949053583,1.326000000000000000e+04
615.4450130295872,1.325800000000000000e+04
615.5200153487256,1.323100000000000000e+04
615.5950321611059,1.322000000000000000e+04
615.6700445181616,1.324600000000000000e+04
615.7450599927896,1.326000000000000000e+04
615.8200634112113,1.323700000000000000e+04
615.8950775175382,1.322800000000000000e+04
615.9700909303292,1.319300000000000000e+04
616.045103642399,1.319700000000000000e+04
616.1200587059649,1.327000000000000000e+04
616.1950737781215,1.320800000000000000e+04
616.2700843319404,1.319000000000000000e+04
616.3450979550751,1.319800000000000000e+04
616.4201070436227,1.318900000000000000e+04
616.4950545776754,1.322000000000000000e+04
616.5700659579935,1.317400000000000000e+04
616.6450765818348,1.316500000000000000e+04
616.720097852294,1.317100000000000000e+04
616.7950422701603,1.318200000000000000e+04
616.8700581788843,1.317300000000000000e+04
616.9450694997388,1.320100000000000000e+04
617.0200229227949,1.316100000000000000e+04
617.0950326410584,1.311400000000000000e+04
617.1700377451283,1.314900000000000000e+04
617.2449925060192,1.314600000000000000e+04
617.3200073947381,1.316800000000000000e+04
617.395013836697,1.315800000000000000e+04
617.4699660667885,1.313500000000000000e+04
617.5449822610196,1.315900000000000000e+04
617.6199327648687,1.310800000000000000e+04
617.6949472498279,1.310700000000000000e+04
617.7698959983896,1.315600000000000000e+04
617.8449087450254,1.313900000000000000e+04
617.9198595274773,1.314200000000000000e+04
617.9948705076381,1.311300000000000000e+04
618.069827119618,1.313200000000000000e+04
618.144840127084,1.309900000000000000e+04
618.2197872618343,1.313800000000000000e+04
618.2947411041071,1.312600000000000000e+04
618.3697513617161,1.316200000000000000e+04
618.44469567746,1.317700000000000000e+04
618.5196505100681,1.317800000000000000e+04
618.5946694328892,1.312800000000000000e+04
618.6696146951708,1.315300000000000000e+04
618.7445666341545,1.314900000000000000e+04
618.8195826887393,1.316000000000000000e+04
618.8945326685835,1.314600000000000000e+04
618.9694854812299,1.322500000000000000e+04
619.0444334578197,1.320100000000000000e+04
619.1194494169247,1.317900000000000000e+04
619.1943992107521,1.312100000000000000e+04
619.2693479786984,1.310200000000000000e+04
619.3442957134283,1.314900000000000000e+04
619.4192500812071,1.315200000000000000e+04
619.4942648084996,1.321800000000000000e+04
619.5692094181061,1.316600000000000000e+04
619.6441644838893,1.319700000000000000e+04
619.7191184853039,1.316900000000000000e+04
619.7940637321011,1.320400000000000000e+04
619.8690155808523,1.314500000000000000e+04
619.9439663431604,1.320600000000000000e+04
620.0189198558951,1.319100000000000000e+04
620.0938722693128,1.321300000000000000e+04
620.1688197299484,1.320900000000000000e+04
620.2437699216852,1.320000000000000000e+04
620.3187305358406,1.319500000000000000e+04
620.393678480104,1.320900000000000000e+04
620.4686252881608,1.316400000000000000e+04
620.543582504853,1.320800000000000000e+04
620.61852702112,1.319100000000000000e+04
620.6934819368186,1.323200000000000000e+04
620.7684356923214,1.319000000000000000e+04
620.8433227543279,1.319500000000000000e+04
620.9182780068074,1.321300000000000000e+04
620.9932282224137,1.316800000000000000e+04
621.0681811054573,1.317900000000000000e+04
621.1431327931294,1.317300000000000000e+04
621.2180794188941,1.323500000000000000e+04
621.2929746519387,1.322600000000000000e+04
621.3679226950109,1.317000000000000000e+04
621.4428695130218,1.316000000000000000e+04
621.5177610187308,1.319500000000000000e+04
621.5927130788318,1.323300000000000000e+04
621.6676600305892,1.324300000000000000e+04
621.7426134606835,1.319900000000000000e+04
621.8174999024244,1.321600000000000000e+04
621.8924507959133,1.317200000000000000e+04
621.9673462597708,1.316400000000000000e+04
622.0422984590124,1.315900000000000000e+04
622.1172493736544,1.311500000000000000e+04
622.1921409277729,1.315400000000000000e+04
622.2670892368434,1.320000000000000000e+04
622.3419781424883,1.316100000000000000e+04
622.4169354382018,1.314000000000000000e+04
622.4918216682801,1.311200000000000000e+04
622.5667763070498,1.313100000000000000e+04
622.6416637084727,1.314500000000000000e+04
622.7166156613104,1.311100000000000000e+04
622.791500330108,1.316800000000000000e+04
622.8664495670652,1.312300000000000000e+04
622.9413431149467,1.315000000000000000e+04
623.0162352679529,1.315800000000000000e+04
623.0911842549693,1.312900000000000000e+04
623.1660736097131,1.316800000000000000e+04
623.2409693156505,1.312400000000000000e+04
623.3159141083677,1.312900000000000000e+04
623.3908108627464,1.312500000000000000e+04
623.4656984085988,1.315100000000000000e+04
623.54065060535,1.316800000000000000e+04
623.6155430462911,1.311900000000000000e+04
623.6904262505253,1.313800000000000000e+04
623.7653157682421,1.310800000000000000e+04
623.8402738657751,1.314300000000000000e+04
623.9151643415145,1.313100000000000000e+04
623.9900494384281,1.310200000000000000e+04
624.0649369353079,1.311400000000000000e+04
624.1398346184196,1.310700000000000000e+04
624.2147191099846,1.315900000000000000e+04
624.2896137782844,1.311700000000000000e+04
624.3645615055957,1.312300000000000000e+04
624.4394531447507,1.315600000000000000e+04
624.5143432514428,1.314500000000000000e+04
624.5892357192214,1.307000000000000000e+04
624.6641227392169,1.311100000000000000e+04
624.739008204036,1.316600000000000000e+04
624.8139077217978,1.312700000000000000e+04
624.8887900572714,1.315000000000000000e+04
624.9636825322137,1.315900000000000000e+04
625.0385773339976,1.310500000000000000e+04
625.1134666425047,1.312200000000000000e+04
625.1883582645422,1.313600000000000000e+04
625.263181823586,1.314000000000000000e+04
625.3380780414589,1.313200000000000000e+04
625.4129648242472,1.305900000000000000e+04
625.4878578081264,1.312100000000000000e+04
625.5627413379577,1.309500000000000000e+04
625.6376349716288,1.307000000000000000e+04
625.7124604067309,1.315800000000000000e+04
625.7873507351937,1.307600000000000000e+04
625.8622394075853,1.307300000000000000e+04
625.9371381701984,1.311900000000000000e+04
626.0119647267263,1.303900000000000000e+04
626.0868522937308,1.307600000000000000e+04
626.1617460175852,1.305900000000000000e+04
626.2366380528313,1.306900000000000000e+04
626.3114617065921,1.312200000000000000e+04
626.3863503257447,1.303500000000000000e+04
626.4611822898413,1.309500000000000000e+04
626.5360713905895,1.307500000000000000e+04
626.6109666191869,1.306200000000000000e+04
626.6857933539325,1.308900000000000000e+04
626.7606772445703,1.306400000000000000e+04
626.8355122365108,1.304400000000000000e+04
626.9104044027886,1.307000000000000000e+04
626.985224051504,1.305800000000000000e+04
627.0601205419518,1.307900000000000000e+04
627.1349523354077,1.309000000000000000e+04
627.2098373967692,1.303700000000000000e+04
627.2846616468294,1.304100000000000000e+04
627.3595549170336,1.304400000000000000e+04
627.4343873380152,1.304400000000000000e+04
627.5092769901677,1.304400000000000000e+04
627.5841096881397,1.304700000000000000e+04
627.6589365990222,1.306500000000000000e+04
627.7338247007415,1.302900000000000000e+04
627.8086518461457,1.310000000000000000e+04
627.8834850056414,1.308800000000000000e+04
627.9583754402697,1.305800000000000000e+04
628.0332088011603,1.307100000000000000e+04
628.1080284382782,1.303300000000000000e+04
628.182858012259,1.308100000000000000e+04
628.2577527829216,1.301100000000000000e+04
628.3325785578783,1.309300000000000000e+04
628.4074142606058,1.307500000000000000e+04
628.4822361924339,1.304000000000000000e+04
628.5570680421939,1.310700000000000000e+04
628.6318979552647,1.306700000000000000e+04
628.706785214725,1.305900000000000000e+04
628.7816191526078,1.303700000000000000e+04
628.8564471797065,1.300800000000000000e+04
628.9312811520758,1.301100000000000000e+04
629.0061012851678,1.303700000000000000e+04
629.0809313073146,1.302600000000000000e+04
629.155759344112,1.305500000000000000e+04
629.2305893470999,1.301200000000000000e+04
629.3054252715824,1.303700000000000000e+04
629.380247309458,1.303700000000000000e+04
629.4550831794276,1.308300000000000000e+04
629.5299011803792,1.303000000000000000e+04
629.6047330053896,1.306100000000000000e+04
629.6795707280481,1.302400000000000000e+04
629.7543389940075,1.299400000000000000e+04
629.8291607196976,1.299100000000000000e+04
629.9039962589939,1.300300000000000000e+04
629.9788178342736,1.307100000000000000e+04
630.0536452776254,1.299900000000000000e+04
630.1284746162776,1.303100000000000000e+04
630.2032423002603,1.302800000000000000e+04
630.2780753994684,1.300100000000000000e+04
630.3529103790165,1.300500000000000000e+04
630.4277313363475,1.305000000000000000e+04
630.5025024771371,1.305500000000000000e+04
630.5773311190919,1.301800000000000000e+04
630.6521576385172,1.309700000000000000e+04
630.7269342895984,1.307600000000000000e+04
630.8017565291294,1.303300000000000000e+04
630.8765845827202,1.304300000000000000e+04
630.9513587332427,1.303900000000000000e+04
631.0261864484233,1.306500000000000000e+04
631.1009522564115,1.307900000000000000e+04
631.175787573207,1.306600000000000000e+04
631.2506087617126,1.305400000000000000e+04
631.3253799341081,1.303800000000000000e+04
631.400208688403,1.309900000000000000e+04
631.4749754310345,1.307300000000000000e+04
631.5498037567131,1.307500000000000000e+04
631.6245780075234,1.308600000000000000e+04
631.6993420335924,1.303300000000000000e+04
631.7741716576955,1.304300000000000000e+04
631.8489391655564,1.302100000000000000e+04
631.923764305041,1.305600000000000000e+04
631.9985312783703,1.309200000000000000e+04
632.0733039606179,1.308700000000000000e+04
632.1481342990165,1.304200000000000000e+04
632.2228944223607,1.306700000000000000e+04
632.2976642345945,1.304900000000000000e+04
632.3724997216107,1.306500000000000000e+04
632.4472649272958,1.304700000000000000e+04
632.5220358114818,1.306300000000000000e+04
632.5968083701387,1.305800000000000000e+04
632.6716346337209,1.303700000000000000e+04
632.746402531009,1.308300000000000000e+04
632.8211640744752,1.306800000000000000e+04
632.895939281213,1.307300000000000000e+04
632.9707001090119,1.305100000000000000e+04
633.0454705862102,1.299400000000000000e+04
633.1202346797379,1.304700000000000000e+04
633.1950124256075,1.305700000000000000e+04
633.2698318993826,1.299700000000000000e+04
633.3446048767886,1.306200000000000000e+04
633.4193754528278,1.304300000000000000e+04
633.4941436195448,1.301500000000000000e+04
633.5689053548851,1.305400000000000000e+04
633.6436807232593,1.306000000000000000e+04
633.718441616138,1.302100000000000000e+04
633.7932121186539,1.301000000000000000e+04
633.8679199094199,1.299300000000000000e+04
633.9426855028164,1.296200000000000000e+04
634.0174606961399,1.297000000000000000e+04
634.0922213655654,1.300300000000000000e+04
634.1669876029633,1.302000000000000000e+04
634.2417553834099,1.300800000000000000e+04
634.3165327489089,1.298600000000000000e+04
634.3912351850232,1.298700000000000000e+04
634.4660075495017,1.298700000000000000e+04
634.5407774100094,1.300700000000000000e+04
634.6155447585436,1.296200000000000000e+04
634.6902491623354,1.295900000000000000e+04
634.7650114486645,1.295300000000000000e+04
634.8397832896367,1.297700000000000000e+04
634.9145525922855,1.294500000000000000e+04
634.9892588668829,1.296200000000000000e+04
635.0640230545828,1.292500000000000000e+04
635.1387362717429,1.300400000000000000e+04
635.2135074201229,1.294900000000000000e+04
635.2882719598388,1.289200000000000000e+04
635.362981437668,1.295100000000000000e+04
635.4377448294332,1.295500000000000000e+04
635.512457159198,1.296400000000000000e+04
635.5872153377827,1.295400000000000000e+04
635.6619224154749,1.296800000000000000e+04
635.7366995983534,1.296200000000000000e+04
635.8114013974615,1.292500000000000000e+04
635.8861733198535,1.290500000000000000e+04
635.960881941529,1.293300000000000000e+04
636.0356485740448,1.288700000000000000e+04
636.1103518611941,1.296200000000000000e+04
636.1850565091609,1.291800000000000000e+04
636.2598232366993,1.300600000000000000e+04
636.3345306048863,1.292500000000000000e+04
636.4092393182117,1.298100000000000000e+04
636.4840101382218,1.291900000000000000e+04
636.5587134362514,1.296100000000000000e+04
636.6334221129331,1.294300000000000000e+04
636.7081848135534,1.301000000000000000e+04
636.78290019687,1.293600000000000000e+04
636.857604726266,1.293500000000000000e+04
636.9323146152394,1.293600000000000000e+04
637.0070217458345,1.289600000000000000e+04
637.0817261099415,1.278000000000000000e+04
637.1564967140678,1.276200000000000000e+04
637.2311995976745,1.270900000000000000e+04
637.3059078155254,1.271000000000000000e+04
637.3806132401302,1.279600000000000000e+04
637.4553280538418,1.284600000000000000e+04
637.5300278704315,1.294400000000000000e+04
637.6047370655823,1.296500000000000000e+04
637.679443440681,1.300100000000000000e+04
637.7541469875897,1.303600000000000000e+04
637.8288599029363,1.297600000000000000e+04
637.9035659103154,1.294800000000000000e+04
637.978273139046,1.295800000000000000e+04
638.052977512721,1.295600000000000000e+04
638.1276830952562,1.299800000000000000e+04
638.2023898813551,1.299400000000000000e+04
638.2770978657181,1.296100000000000000e+04
638.3517418441655,1.300800000000000000e+04
638.4264562697699,1.299700000000000000e+04
638.5011555722814,1.299000000000000000e+04
638.5758642016897,1.294900000000000000e+04
638.6505699221697,1.302000000000000000e+04
638.7252237691496,1.293700000000000000e+04
638.7999236357822,1.301300000000000000e+04
638.874628732156,1.298600000000000000e+04
638.9493472209352,1.302200000000000000e+04
639.0239892680094,1.302900000000000000e+04
639.098689601196,1.303900000000000000e+04
639.173395144716,1.305200000000000000e+04
639.2480405140027,1.295900000000000000e+04
639.3227564554909,1.299900000000000000e+04
639.3973958340758,1.303100000000000000e+04
639.4721058028182,1.302200000000000000e+04
639.5468086912668,1.306300000000000000e+04
639.6214635767756,1.304600000000000000e+04
639.6961604460553,1.309300000000000000e+04
639.7708092749344,1.305300000000000000e+04
639.8455164682429,1.302100000000000000e+04
639.9201674013606,1.302600000000000000e+04
639.9948767149377,1.303200000000000000e+04
640.0695174401586,1.303200000000000000e+04
640.1441591862857,1.306900000000000000e+04
640.2188716275688,1.302700000000000000e+04
640.2935236151387,1.301600000000000000e+04
640.3681602084457,1.298700000000000000e+04
640.4428757290473,1.304500000000000000e+04
640.5175143262505,1.301200000000000000e+04
640.592166218985,1.302000000000000000e+04
640.6668724558668,1.302000000000000000e+04
640.7415181149009,1.303800000000000000e+04
640.8161565315354,1.300400000000000000e+04
640.8908041242695,1.305500000000000000e+04
640.9655143022176,1.298600000000000000e+04
641.0401638233027,1.299600000000000000e+04
641.1148060727106,1.308000000000000000e+04
641.1894533730033,1.299500000000000000e+04
641.2641016094406,1.301900000000000000e+04
641.3387425502967,1.301900000000000000e+04
641.4134543525283,1.300800000000000000e+04
641.488101262261,1.304900000000000000e+04
641.5627449685089,1.304600000000000000e+04
641.6373854629693,1.300700000000000000e+04
641.7120350911663,1.299800000000000000e+04
641.7866814967092,1.298100000000000000e+04
641.8613246712862,1.301800000000000000e+04
641.9359769690361,1.304300000000000000e+04
642.0106260249374,1.299200000000000000e+04
642.0852718306695,1.300000000000000000e+04
642.1598525225107,1.299700000000000000e+04
642.2344917885489,1.304300000000000000e+04
642.3091401562656,1.301900000000000000e+04
642.3837934993884,1.303100000000000000e+04
642.4584353052218,1.301900000000000000e+04
642.5330862021095,1.300500000000000000e+04
642.6077296725547,1.305600000000000000e+04
642.6823120100572,1.305400000000000000e+04
642.7569529755671,1.303100000000000000e+04
642.8315988836831,1.301100000000000000e+04
642.9062455985243,1.298900000000000000e+04
642.9808352351971,1.302100000000000000e+04
643.055475263203,1.301800000000000000e+04
643.1301243499755,1.302500000000000000e+04
643.2047163018128,1.302300000000000000e+04
643.279354524987,1.301700000000000000e+04
643.3539438476895,1.298600000000000000e+04
643.4285877299418,1.298400000000000000e+04
643.5032406530961,1.304500000000000000e+04
643.5778197789244,1.310400000000000000e+04
643.6524659081414,1.303800000000000000e+04
643.7270464782921,1.300400000000000000e+04
643.8016982163535,1.303100000000000000e+04
643.876284355504,1.301900000000000000e+04
643.9509292459394,1.302500000000000000e+04
644.0255084918365,1.307000000000000000e+04
644.1001589469886,1.305100000000000000e+04
644.1747437177227,1.305000000000000000e+04
644.2493250109602,1.308400000000000000e+04
644.3239775458864,1.306200000000000000e+04
644.3985601811679,1.305300000000000000e+04
644.4731434709971,1.311400000000000000e+04
644.5477855716856,1.303700000000000000e+04
644.6223743228242,1.309500000000000000e+04
644.6969595574612,1.304500000000000000e+04
644.7715495817692,1.310900000000000000e+04
644.8461901340061,1.307800000000000000e+04
644.9207731033271,1.312300000000000000e+04
644.9953650068094,1.311900000000000000e+04
645.0699450389038,1.312000000000000000e+04
645.1445298338459,1.316100000000000000e+04
645.219177672042,1.317000000000000000e+04
645.2937678340779,1.321600000000000000e+04
645.3683419239809,1.318200000000000000e+04
645.4429290863851,1.319300000000000000e+04
645.5175168235929,1.328300000000000000e+04
645.5921051300253,1.324700000000000000e+04
645.6666898312457,1.327100000000000000e+04
645.7412750885978,1.327500000000000000e+04
645.8158525549321,1.329000000000000000e+04
645.8904389058563,1.326100000000000000e+04
645.9650299688499,1.325300000000000000e+04
646.0396090465212,1.326900000000000000e+04
646.1141969977764,1.326700000000000000e+04
646.1887812959989,1.331800000000000000e+04
646.2633076373747,1.335200000000000000e+04
646.3378845915109,1.338500000000000000e+04
646.4124787595719,1.336200000000000000e+04
646.4870608913304,1.340200000000000000e+04
646.5616476941717,1.341800000000000000e+04
646.6361722632304,1.344600000000000000e+04
646.7107558375826,1.337700000000000000e+04
646.7853440690486,1.344900000000000000e+04
646.859928586342,1.344000000000000000e+04
646.9344466023072,1.346800000000000000e+04
647.0090362098298,1.345600000000000000e+04
647.083622083392,1.343900000000000000e+04
647.1581413924066,1.350000000000000000e+04
647.2327239470708,1.354000000000000000e+04
647.307306934167,1.350600000000000000e+04
647.3818400556567,1.351400000000000000e+04
647.456419687093,1.352300000000000000e+04
647.5309452235595,1.355400000000000000e+04
647.6055298578293,1.361700000000000000e+04
647.6800561677495,1.350100000000000000e+04
647.7546415911931,1.358700000000000000e+04
647.829164455096,1.361700000000000000e+04
647.9037464463057,1.361100000000000000e+04
647.9782700344881,1.363300000000000000e+04
648.0527939695423,1.362500000000000000e+04
648.1273854568424,1.368100000000000000e+04
648.2019100840658,1.367600000000000000e+04
648.2764938778582,1.365100000000000000e+04
648.3510107654179,1.365800000000000000e+04
648.425536376692,1.369800000000000000e+04
648.5000623007427,1.374300000000000000e+04
648.5746432162518,1.371700000000000000e+04
648.6491655538866,1.370100000000000000e+04
648.7236881852804,1.376100000000000000e+04
648.7982195235151,1.378700000000000000e+04
648.8728058826379,1.376200000000000000e+04
648.9473293775359,1.383400000000000000e+04
649.0218489310823,1.377700000000000000e+04
649.0963729611857,1.382100000000000000e+04
649.1708972508054,1.384200000000000000e+04
649.2454260094211,1.387900000000000000e+04
649.3199508018886,1.389700000000000000e+04
649.3944716195824,1.387900000000000000e+04
649.4689926719741,1.393500000000000000e+04
649.5435181724034,1.395500000000000000e+04
649.6180396779724,1.393300000000000000e+04
649.6925698430567,1.395800000000000000e+04
649.7670917798398,1.397300000000000000e+04
649.8416139226556,1.403100000000000000e+04
649.9161320418531,1.404000000000000000e+04
649.9906588034178,1.408100000000000000e+04
650.0651815298742,1.409100000000000000e+04
650.1397086661992,1.407100000000000000e+04
650.2142317539774,1.407600000000000000e+04
650.2887550133019,1.410200000000000000e+04
650.3632192222857,1.414500000000000000e+04
650.4377470245496,1.413800000000000000e+04
650.5122665196939,1.413600000000000000e+04
650.5867946266628,1.416200000000000000e+04
650.6612551406859,1.415200000000000000e+04
650.7357750465694,1.424600000000000000e+04
650.8103035527816,1.428200000000000000e+04
650.8847644021826,1.426300000000000000e+04
650.9592931417967,1.427000000000000000e+04
651.0338092818513,1.428400000000000000e+04
651.1082704136296,1.434200000000000000e+04
651.182799464824,1.438300000000000000e+04
651.2572649940395,1.435000000000000000e+04
651.3317857370804,1.439800000000000000e+04
651.4062556434649,1.442100000000000000e+04
651.4807807792504,1.447800000000000000e+04
651.5552380644563,1.451200000000000000e+04
651.6297548330812,1.445200000000000000e+04
651.7042206933047,1.449900000000000000e+04
651.7787503045504,1.449200000000000000e+04
651.8532162309156,1.456900000000000000e+04
651.9277374256133,1.460500000000000000e+04
652.0021948907765,1.465600000000000000e+04
652.0766608615594,1.460000000000000000e+04
652.1511863740992,1.469200000000000000e+04
652.2256523518495,1.470700000000000000e+04
652.3001055526772,1.475200000000000000e+04
652.3745757534864,1.474200000000000000e+04
652.4490927583861,1.475500000000000000e+04
652.523554404734,1.483300000000000000e+04
652.5980245314129,1.490200000000000000e+04
652.6724818393412,1.494500000000000000e+04
652.7469518786384,1.494900000000000000e+04
652.8214730080308,1.502900000000000000e+04
652.8959386884019,1.501000000000000000e+04
652.9703957767102,1.505300000000000000e+04
653.0448655846427,1.507500000000000000e+04
653.1193267868492,1.508100000000000000e+04
653.1937879048733,1.519500000000000000e+04
653.268253200443,1.520300000000000000e+04
653.3427141334746,1.519600000000000000e+04
653.417174964718,1.526800000000000000e+04
653.4916399588126,1.528300000000000000e+04
653.5661005698283,1.526800000000000000e+04
653.640569606346,1.535300000000000000e+04
653.7150299745911,1.532400000000000000e+04
653.7894902116518,1.540100000000000000e+04
653.8638947316973,1.543500000000000000e+04
653.938354676066,1.547500000000000000e+04
653.9927330350457,1.550489794932364930e+04
654.0128144715792,1.551000000000000000e+04
654.0673848929049,1.551909157465575299e+04
654.0872783906434,1.553400000000000000e+04
654.1419639360352,1.564355875064497195e+04
654.1617421510075,1.559600000000000000e+04
654.2166156285444,1.561735513464724136e+04
654.2361458232748,1.567500000000000000e+04
654.2911987423258,1.567085418397594003e+04
654.3658416830104,1.568395599197480624e+04
654.4404288467964,1.570360870397310282e+04
654.5150758549863,1.579313772529868220e+04
654.5897184695584,1.569050689597423843e+04
654.664305251433,1.579859681196487509e+04
654.7389476142009,1.587829947729130618e+04
654.8135383948625,1.591760490128790116e+04
654.888184771955,1.591542126662142255e+04
654.9627666643294,1.597656303728279454e+04
655.0373526739268,1.603442935594444862e+04
655.1119985900768,1.600604210528024123e+04
655.1865885451579,1.605954115460893991e+04
655.2612255432555,1.612177474260354938e+04
655.3358194230502,1.613269291593593698e+04
655.4104603574718,1.619274286926406785e+04
655.4850452543039,1.625388463992543984e+04
655.5596986994234,1.627572098659021503e+04
655.634274582699,1.635433183458340500e+04
655.7088674352764,1.632594458391919761e+04
655.7835073665872,1.639800452791295538e+04
655.8580911670134,1.646132993324080235e+04
655.9327392618014,1.650063535723739915e+04
656.0073268888157,1.658142983989706772e+04
656.0819099586474,1.655304258923286034e+04
656.1565530436084,1.664584706255815399e+04
656.2311355998527,1.664147979322520041e+04
656.3057308056235,1.671135610255247957e+04
656.3803688222278,1.677358969054709087e+04
656.454954867795,1.679870148921158034e+04
656.5295449351327,1.685438417320675944e+04
656.6041821341065,1.688823051053715972e+04
656.6787759333997,1.693408683853318871e+04
656.7533564903902,1.703562585052439317e+04
656.8279410471957,1.708803308251985436e+04
656.9025856984958,1.705855401452240767e+04
656.9771696261503,1.718520482517810160e+04
657.0517532233856,1.717647028651219080e+04
657.1264055746188,1.724307114383975568e+04
657.2009928278474,1.731076381850055986e+04
657.2755710944062,1.731840653983323136e+04
657.3501576467798,1.743086372515682524e+04
657.4247438407015,1.743741462915625743e+04
657.4993858698668,1.744724098515540391e+04
657.573971341612,1.747016914915341840e+04
657.6485607618943,1.759354450780939806e+04
657.7231498016442,1.768307352913497743e+04
657.7977341278665,1.769180806780088824e+04
657.87237432304,1.778461254112618190e+04
657.9469621958759,1.778024527179322831e+04
658.0215410042488,1.788287610111767208e+04
658.0961280598617,1.789816154378301508e+04
658.1707146988002,1.793746696777960824e+04
658.2453009150308,1.801716963310603751e+04
658.3198867025178,1.815146316509440658e+04
658.3945327428875,1.811761682776400630e+04
658.4691220043352,1.823444128242055376e+04
658.5437021472852,1.825300217708561104e+04
658.6182818353581,1.828794033174925062e+04
658.69286974003,1.843533567173648407e+04
658.767461521399,1.844407021040239488e+04
658.8420354727173,1.848228381706575237e+04
658.9166306515345,1.857399647305780672e+04
658.9912079822875,1.862422007038678930e+04
659.0657935091809,1.877052359304078345e+04
659.140382887388,1.880764538237090164e+04
659.2149717681472,1.880218629570470875e+04
659.289551452134,1.883930808503482695e+04
659.3641306225966,1.900417250235387837e+04
659.438717970647,1.904456974368371448e+04
659.5133047969533,1.910898696634480075e+04
659.5878910954348,1.911990513967718653e+04
659.6624768600082,1.929568773032862737e+04
659.7370620845874,1.932844225032579197e+04
659.8116467630838,1.941142036765193552e+04
659.8862265349078,1.944526670498233943e+04
659.9608101019778,1.954789753430678320e+04
660.0354018176174,1.958501932363690139e+04
660.1099798943757,1.971057831695935602e+04
660.1845748263452,1.969420105696077735e+04
660.259151743867,1.980119915561817470e+04
660.333684466581,1.989837089827642558e+04
660.4082645480388,1.993549268760654377e+04
660.4828527532469,2.004249078626394112e+04
660.5574316285567,2.009926528759235589e+04
660.6320229836718,2.023028336758100704e+04
660.7066049946801,2.028814968624266112e+04
660.7811820158635,2.038422961156767269e+04
660.8557147324121,2.047485045022649138e+04
660.9302992109782,2.048904407555859507e+04
661.0048830496228,2.055892038488587423e+04
661.0794662422122,2.067246938754270741e+04
661.1540575251042,2.075872295686856887e+04
661.2285781978873,2.082423199686289445e+04
661.3031681500861,2.088755740219074141e+04
661.3777399387936,2.102949365551178198e+04
661.452332922751,2.112120631150383633e+04
661.5269208535378,2.118780716883140121e+04
661.6014380645663,2.120745988082969779e+04
661.6760289813253,2.129043799815584498e+04
661.7506148234904,2.141053790481211036e+04
661.8251298800592,2.150989328213683621e+04
661.8997142930884,2.159614685146269767e+04
661.9743067544003,2.167803315145560555e+04
662.0488853483158,2.175446036478231690e+04
662.1234149871826,2.187019300210562869e+04
662.198000873726,2.190185570476955036e+04
662.2725860216412,2.204925104475678381e+04
662.347104619191,2.208746465142014131e+04
662.4216882564932,2.216389186474685266e+04
662.4962184684717,2.219227911541106369e+04
662.570804963388,2.230255266606817531e+04
662.6453862997457,2.235823535006335442e+04
662.7199097646629,2.245649891005484096e+04
662.7944939234665,2.257659881671110634e+04
662.869086084027,2.270543326203327888e+04
662.9436071371093,2.274146323403015776e+04
663.0181889069928,2.286156314068642314e+04
663.0927083152421,2.290632765134921283e+04
663.1673016492832,2.294563307534580599e+04
663.2418237897235,2.307010025133502495e+04
663.3164110793576,2.318910834065805102e+04
663.3909359310869,2.320221014865691541e+04
663.4655171474956,2.332449368997965576e+04
663.5400358838839,2.347516448196660713e+04
663.6146198039338,2.358762166729019737e+04
663.6891500154543,2.363566162995270497e+04
663.763736622158,2.373938427661038804e+04
663.8382518588492,2.376995516194107040e+04
663.9128411292601,2.398722681125558665e+04
663.9873589874919,2.401670587925303334e+04
664.0619509026042,2.410841853524508770e+04
664.136471363353,2.418047847923884547e+04
664.211061492379,2.427328295256414276e+04
664.285584535613,2.446653462054740157e+04
664.3601640270679,2.451129913121019126e+04
664.4346852160202,2.452767639120877357e+04
664.5092142934612,2.461938904720082792e+04
664.5838042596656,2.468926535652811071e+04
664.6583226187805,2.482792615784943337e+04
664.7328488535421,2.485194613918068353e+04
664.8074315802052,2.507467687516139267e+04
664.881960314152,2.514564500182191114e+04
664.9565455552175,2.526137763914521929e+04
665.031072346548,2.530832578447448759e+04
665.1055937270582,2.544698658579581024e+04
665.1801096874939,2.558018830045094001e+04
665.2546998800744,2.566753368711004077e+04
665.3292271235769,2.574068544843703785e+04
665.4037489291384,2.585423445109386739e+04
665.4783361453115,2.597105890575041485e+04
665.5528603518749,2.600381342574757582e+04
665.6273790986409,2.619924872839731688e+04
665.7019056711048,2.627240048972431396e+04
665.7764932599148,2.636192951104988970e+04
665.8510088931856,2.654972209236695926e+04
665.9255412083346,2.656064026569934504e+04
666.0000591620371,2.669384198035447480e+04
666.0746470335703,2.676262647234851829e+04
666.1491717378727,2.685870639767352623e+04
666.2236953664843,2.699081629499541668e+04
666.2982179130853,2.709126348965338548e+04
666.3727393713534,2.718625159764515774e+04
666.4472686180028,2.737622781362870228e+04
666.5218500778012,2.737841144829517725e+04
666.5963682490049,2.747339955628694952e+04
666.670894195563,2.766010032027077978e+04
666.7454190261132,2.774744570692988054e+04
666.8199427343175,2.777583295759408793e+04
666.8944653138359,2.798437006824268974e+04
666.9689912068017,2.804551183890406173e+04
667.043515960381,2.817652991889271289e+04
667.1180440186909,2.823439623755436696e+04
667.1925664754452,2.836104704821006453e+04
667.2671501081187,2.847787150286661199e+04
667.3416747090137,2.859142050552344153e+04
667.4162025951904,2.856740052419218773e+04
667.4907159415177,2.875300947084277868e+04
667.5652459277131,2.881742669350386495e+04
667.6397747296355,2.903033107348542399e+04
667.7142934240692,2.913951280680929995e+04
667.7888198363478,2.913187008547662845e+04
667.8633405848258,2.929345905079596560e+04
667.9378645829604,2.942884440011757033e+04
668.0123873649534,2.953911795077468560e+04
668.0868509002132,2.959698426943633967e+04
668.1613801466233,2.970944145475993355e+04
668.235899230937,2.983390863074915251e+04
668.3104215399541,2.993217219074063905e+04
668.3849470702704,2.996055944140485008e+04
668.4594713500996,3.006428208806252951e+04
668.533998842422,3.022805468804834527e+04
668.6085250734534,3.034597096003813203e+04
668.683041094052,3.040820454803273969e+04
668.7575647813001,3.059381349468333065e+04
668.8320290343215,3.071828067067254960e+04
668.9065546155499,3.067351616000975991e+04
668.9810833808008,3.078815697999982876e+04
669.0555974212344,3.102944861064559518e+04
669.130128062917,3.109495765063992076e+04
669.2046529196529,3.121069028796322891e+04
669.2791182298785,3.122379209596209694e+04
669.3536314765041,3.131222929995443337e+04
669.4281657979723,3.143451284127717736e+04
669.5026898264498,3.158299999859764648e+04
669.57714526615,3.164741722125873639e+04
669.65167108008,3.171510989591953694e+04
669.7261910590614,3.186359705324000970e+04
669.8007186526492,3.198478877722951074e+04
669.8751865504684,3.207431779855509012e+04
669.949711403622,3.213764320388293709e+04
670.0242348833766,3.222389677320880219e+04
670.0987480026345,3.234181304519858531e+04
670.1732193096983,3.234181304519858531e+04
670.2477431098745,3.243461751852388261e+04
670.3222655128286,3.254598288651423354e+04
670.396728085964,3.255253379051366937e+04
670.471252157415,3.267700096650288833e+04
670.5457118658269,3.272940819849834588e+04
670.6202330875843,3.284841628782137559e+04
670.6947618784129,3.295650620381200861e+04
670.7692307481261,3.298380163714297669e+04
670.8437476587868,3.306241248513617029e+04
670.918213608017,3.304931067713730590e+04
670.9927321095302,3.322400145045550744e+04
671.0672536563986,3.329169412511630799e+04
671.1417196890736,3.320434873845720722e+04
671.216251808498,3.332008137578051537e+04
671.290714863808,3.345219127310240583e+04
671.3652395155675,3.348276215843309183e+04
671.4396995665256,3.359194389175697142e+04
671.5142212289395,3.374043104907743691e+04
671.5886872701645,3.382231734907034843e+04
671.6632104305353,3.378301192507375526e+04
671.7376734223737,3.379829736773909099e+04
671.812193546355,3.394787634239280305e+04
671.8866579770747,3.405378262371696474e+04
671.9611795549314,3.411601621171157603e+04
672.0356408881489,3.412147529837776528e+04
672.1101096909673,3.412584256771072251e+04
672.1846266277597,3.428524789836358104e+04
672.2590968192625,3.429070698502977757e+04
672.3336151557181,3.434311421702523512e+04
672.4080821944679,3.435730784235733881e+04
672.482543119204,3.438897054502126412e+04
672.5570657703272,3.444137777701672167e+04
672.63152802642,3.454400860634116543e+04
672.705997721871,3.461279309833521256e+04
672.7805155931686,3.456693677033918357e+04
672.854982065397,3.460187492500281951e+04
672.9294423823377,3.465864942633124156e+04
673.0039644745739,3.480386113165199640e+04
673.0784260583234,3.481477930498438218e+04
673.152895058153,3.480932021831818565e+04
673.2274213293804,3.490212469164348295e+04
673.3018779706365,3.484207473831535026e+04
673.3763374799411,3.496763373163780489e+04
673.4508043890924,3.502222459829974832e+04
673.5252650884476,3.505061184896395571e+04
673.5997967036512,3.508555000362759165e+04
673.6742585868221,3.514014087028953509e+04
673.748714237457,3.514341632228924573e+04
673.823186347847,3.516088539962106734e+04
673.8976385924067,3.511612088895827765e+04
673.9721663425748,3.515651813028811011e+04
674.0466287979216,3.512376361029095278e+04
674.1210895311846,3.513904905295629578e+04
674.1955530811653,3.526024077694579319e+04
674.2700239906791,3.514450813962248503e+04
674.3444795221271,3.521001717961681425e+04
674.4189469503236,3.531810709560744726e+04
674.49346722243,3.529954620094239363e+04
674.567935708377,3.528644439294352924e+04
674.6424024340591,3.527770985427761480e+04
674.7168582880072,3.531919891294068657e+04
674.7913214713103,3.538361613560177648e+04
674.8657783200656,3.534212707693870470e+04
674.940251601854,3.534103525960546540e+04
675.0147094269751,3.535522888493756909e+04
675.0891700095718,3.532029073027392587e+04
675.1636379044918,3.522311898761567863e+04
675.2380994327431,3.533885162493898679e+04
675.312554584676,3.520346627561737841e+04
675.3870261580195,3.529517893160943640e+04
675.4614822208301,3.525259805561312533e+04
675.5359547018315,3.520783354495033564e+04
675.610407090499,3.517726265961964964e+04
675.6848804576179,3.517944629428612825e+04
675.7593337130725,3.523076170894834650e+04
675.8338033782419,3.519909900628442847e+04
675.9082026566803,3.507899909962816309e+04
675.9826594431638,3.507463183029520587e+04
676.0571234944312,3.505607093563014496e+04
676.1315948098625,3.508336636896111304e+04
676.2060550986515,3.492832830764121172e+04
676.2805134951972,3.489011470097785786e+04
676.3549745673919,3.494143011564007611e+04
676.4293879803434,3.488028834497870412e+04
676.5038498052293,3.478966750631989271e+04
676.5783051376296,3.477656569832102105e+04
676.6527677036122,3.473180118765823863e+04
676.7272329229447,3.471105665832669911e+04
676.8016366634976,3.462698672366731626e+04
676.8761025828228,3.446648957568121841e+04
676.9505619772531,3.451343772101048671e+04
677.0250240043307,3.450142773034485435e+04
677.0994290601088,3.437696055435563903e+04
677.1738917427178,3.443810232501701103e+04
677.2483524582894,3.432782877435989212e+04
677.3227561481843,3.423720793570107344e+04
677.3972128974716,3.409854713437975443e+04
677.4716768389669,3.413348528904339764e+04
677.5461433813275,3.409527168238003651e+04
677.6205482371186,3.392058090906183497e+04
677.6950015852051,3.385070459973455581e+04
677.7694069841688,3.387690821573228459e+04
677.8438746703705,3.377755283840755874e+04
677.9183311477581,3.363780021975299314e+04
677.9927396296163,3.356792391042571398e+04
678.0672012294622,3.350241487043139205e+04
678.1416056066512,3.342162038777171983e+04
678.2160631125909,3.326876596111829713e+04
678.2905277690969,3.316176786246089614e+04
678.3649259468506,3.304821885980406660e+04
678.4393864750938,3.308643246646742045e+04
678.513798898065,3.290519078914979036e+04
678.5882598799376,3.284950810515460762e+04
678.6626543015428,3.271958184249919941e+04
678.7371249257566,3.265844007183782742e+04
678.8115243461227,3.256126832917957654e+04
678.8859815585386,3.247064749052076149e+04
678.9603905685974,3.237675119986222853e+04
679.0348481677615,3.231997669853381012e+04
679.1092529209583,3.220751951321021988e+04
679.1836509171139,3.208960324122043312e+04
679.2581113551571,3.198697241189598935e+04
679.3325235125415,3.190836156390279939e+04
679.4069842868593,3.177952711858062321e+04
679.481378280968,3.171947716525249416e+04
679.5557839509504,3.151312368927036732e+04
679.6302474888498,3.145416555327547394e+04
679.704648807749,3.143232920661069875e+04
679.7790525553501,3.123907753862743630e+04
679.8535234360058,3.108622311197400995e+04
679.9279135518302,3.112006944930441387e+04
680.0023245731195,3.094537867598621233e+04
680.076784258521,3.083401330799585776e+04
680.1511816092886,3.071937248800578891e+04
680.2255859851732,3.068443433334214569e+04
680.3000482943368,3.052502900268928715e+04
680.374448213023,3.041148000003245761e+04
680.4488412562114,3.029574736270914946e+04
680.5232552007656,3.021932014938243447e+04
680.5976576301395,3.013634203205629092e+04
680.6721226617578,2.998239578806962527e+04
680.7465159407645,2.989723403607699947e+04
680.8209254830051,2.982189864008352743e+04
680.8953281128896,2.966576876143038317e+04
680.969723820552,2.950745524811076393e+04
681.0441775310805,2.941246714011899167e+04
681.118582574998,2.936551899478972337e+04
681.1929806772104,2.928799996412977271e+04
681.2673996753556,2.911440100814480684e+04
681.3418070819359,2.900194382282121660e+04
681.4162075273074,2.895062840815899472e+04
681.4906056458781,2.885782393483370106e+04
681.5649921401839,2.866893953618339219e+04
681.6393995215485,2.863727683351947053e+04
681.7137999143118,2.854228872552769826e+04
681.7882165503345,2.842983154020410439e+04
681.8626680324036,2.829772164288221393e+04
681.9370706711479,2.824968168021970996e+04
682.0114662918298,2.818089718822566647e+04
682.0858781465969,2.794724827891257155e+04
682.1602876270566,2.792213648024808208e+04
682.234615600839,2.779002658292619162e+04
682.3090342611832,2.761096854027503286e+04
682.3834179373963,2.763935579093924025e+04
682.4578224911205,2.740898233362586325e+04
682.5322153211919,2.740024779495995244e+04
682.6066290312607,2.732818785096619467e+04
682.6810356664762,2.716113979898066464e+04
682.7554352169042,2.709781439365281767e+04
682.8298276726078,2.691766453366841961e+04
682.9042363415565,2.694495996699939133e+04
682.9786379060591,2.678883008834624707e+04
683.052985700029,2.664361838302549222e+04
683.1273776822683,2.659776205502946323e+04
683.2017812028357,2.643289763771041180e+04
683.2761822579863,2.637721495371523270e+04
683.3505948498541,2.621890144039561346e+04
683.4249816151049,2.618505510306521319e+04
683.4993378598623,2.608024063907429081e+04
683.5737336498651,2.596232436708450405e+04
683.6481222681783,2.588043806709159617e+04
683.7225270786547,2.567954367777566586e+04
683.7968779498492,2.571666546710578405e+04
683.8712683772519,2.554634196312053609e+04
683.9456749923205,2.548192474045944982e+04
684.0200089024875,2.533234576580573776e+04
684.0944244901342,2.524390856181340132e+04
684.1688141432852,2.520569495515004382e+04
684.2431731578488,2.515219590582134333e+04
684.3175670692367,2.495894423783808452e+04
684.3919584235521,2.484757886984772995e+04
684.4662956794946,2.475804984852215057e+04
684.5407193753053,2.458554270987042764e+04
684.6151123876289,2.446544280321416227e+04
684.689455939193,2.424271206723345676e+04
684.7638578398391,2.413134669924310219e+04
684.8382055615216,2.403089950458513704e+04
684.9125975757681,2.393591139659336477e+04
684.9870010616816,2.381690330727033870e+04
685.0613315458365,2.370662975661322344e+04
685.1357438810281,2.359526438862286886e+04
685.2100831760683,2.345769540463478552e+04
685.2844855664139,2.339327818197369925e+04
685.3588336587155,2.322513831265492990e+04
685.4332213760933,2.318364925399185813e+04
685.5075782509971,2.306682479933531067e+04
685.5819089583205,2.307119206866826426e+04
685.6563216044284,2.307992660733417506e+04
685.7306563603778,2.302096847133928168e+04
685.8050589720733,2.297620396067649199e+04
685.8794024621719,2.290851128601568780e+04
685.9537903041233,2.276002412869521868e+04
686.0281472199982,2.270434144470003957e+04
686.1024731844336,2.255912973937928473e+04
686.1768811733403,2.247724343938637685e+04
686.2512158243778,2.238880623539404041e+04
686.3255665827462,2.226433905940482146e+04
686.3999617223745,2.215734096074742047e+04
686.4742975925424,2.197391564876330813e+04
686.5486495653337,2.197937473542950465e+04
686.6230412185406,2.188984571410392527e+04
686.6973829775881,2.172498129678487385e+04
686.7717408365776,2.153609689813456498e+04
686.8460676249846,2.158304504346383328e+04
686.920476563722,2.145530241547489641e+04
686.9948119535088,2.130572344082118798e+04
687.0691634335083,2.131118252748738087e+04
687.1434837923248,2.115723628350071522e+04
687.2178910716232,2.109172724350638964e+04
687.2922436114384,2.092577100885409891e+04
687.3665697193694,2.083296653552880525e+04
687.4409071790424,2.075108023553589737e+04
687.5152607193801,2.071068299420606127e+04
687.5896114344212,2.060586853021514253e+04
687.6639309442114,2.050869678755689165e+04
687.7383327394424,2.040279050623273361e+04
687.8126844041321,2.035802599556994392e+04
687.8870284875072,2.024229335824663576e+04
687.9613649794371,2.011345891292445958e+04
688.0357175394452,1.997479811160313693e+04
688.1100388231959,1.997588992893637624e+04
688.1843761649789,1.989072817694375408e+04
688.2587343070002,1.978263826095311742e+04
688.3330800913666,1.967891561429543435e+04
688.4074182439083,1.959484567963604786e+04
688.4817534945465,1.953261209164144020e+04
688.556104800579,1.948675576364541121e+04
688.6304200038998,1.940159401165278905e+04
688.7047797093452,1.925201503699907698e+04
688.7791080338786,1.919305690100418360e+04
688.8534524038824,1.911553787034423294e+04
688.9277890934775,1.906968154234820395e+04
689.0021418286908,1.898888705968853537e+04
689.0764868733971,1.888734804769733091e+04
689.1507577273879,1.883821626770158764e+04
689.2250873462091,1.873230998637742596e+04
689.2994377520117,1.867444366771577188e+04
689.3737756865256,1.853141559706149565e+04
689.4481106432635,1.853032377972825634e+04
689.5224616327603,1.841568295973818749e+04
689.5968001275772,1.842550931573733396e+04
689.6710880627454,1.824863490775265745e+04
689.745415792651,1.826610398508447543e+04
689.8197595452868,1.821369675308901424e+04
689.8941002876792,1.813617772242906358e+04
689.968380885931,1.802262871977223404e+04
690.0427250973174,1.804337324910376992e+04
690.1170662811704,1.795602786244466915e+04
690.1913949030705,1.782937705178897158e+04
690.2656966557213,1.775622529046197451e+04
690.3400334706062,1.778570435845942120e+04
690.4143672314507,1.766451263446992016e+04
690.4886454859029,1.762848266247304127e+04
690.5629874122526,1.761538085447417325e+04
690.6373214994773,1.750292366915058301e+04
690.7116000290887,1.743741462915625743e+04
690.7859422563533,1.738828284916051052e+04
690.8602336681432,1.732386562649942425e+04
690.9345601567937,1.728892747183578467e+04
691.0089026400582,1.726818294250424879e+04
691.0831942596561,1.722560206650793771e+04
691.157520963373,1.711205306385110453e+04
691.2318206545044,1.706619673585507917e+04
691.3061602170517,1.699086133986160348e+04
691.380444070193,1.695483136786472460e+04
691.45476779478,1.685001690387380222e+04
691.5290596795087,1.679979330654481964e+04
691.6033914459812,1.678996695054566953e+04
691.6776674311591,1.677904877721328376e+04
691.7520072241363,1.669279520788742229e+04
691.8262959912287,1.665894887055701838e+04
691.900643801485,1.660435800389508222e+04
691.9749166156074,1.656832803189820334e+04
692.0492005879099,1.650391080923711706e+04
692.123529252891,1.649080900123824904e+04
692.1978259721524,1.644931994257517727e+04
692.2721578136724,1.633358730525186911e+04
692.3464385130854,1.624187464925981294e+04
692.4207159769667,1.626152736125811134e+04
692.4950525395182,1.626917008259078284e+04
692.56933311711,1.617745742659872667e+04
692.6436056440851,1.614251927193508527e+04
692.7179660817585,1.609993839593877419e+04
692.7922272967613,1.602241936527882172e+04
692.8665236380322,1.599512393194785363e+04
692.9407927013435,1.592524762262057266e+04
693.0151497288059,1.586956493862539537e+04
693.089421837627,1.582152497596288958e+04
693.1636906489606,1.578331136929953391e+04
693.2379753787236,1.578767863863248749e+04
693.3122568047582,1.571125142530577432e+04
693.3865926140129,1.564137511597849334e+04
693.4608818498604,1.561953876931371815e+04
693.5351581466051,1.559770242264894296e+04
693.6094263017561,1.559988605731542157e+04
693.6837151767944,1.546559252532705432e+04
693.7579910889119,1.550489794932364930e+04
693.8322636527323,1.537497168666823563e+04
693.906552121247,1.538479804266738574e+04
693.9808998444166,1.540008348533272874e+04
694.0551719756728,1.533129899333868525e+04
694.1294600063287,1.524722905867930058e+04
694.2037398455482,1.522320907734804860e+04
694.2780114829652,1.523958633734663090e+04
694.3522990144666,1.511839461335712804e+04
694.426583156023,1.513040460402275312e+04
694.5008542537265,1.509000736269292065e+04
694.5751412401826,1.505070193869632385e+04
694.6494248189764,1.498082562936904287e+04
694.723700156412,1.494916292670511939e+04
694.7979624146619,1.493278566670653890e+04
694.8721970948218,1.485308300138010782e+04
694.9464717871994,1.480395122138436454e+04
695.0207623596758,1.481596121204999145e+04
695.0950205016327,1.469695312272696538e+04
695.1693186762369,1.468821858406105639e+04
695.2435843995215,1.470896311339259228e+04
695.3178708269531,1.455392505207268732e+04
695.3921441168008,1.456593504273831422e+04
695.4663655616765,1.456484322540507492e+04
695.5406463919401,1.445347785741472217e+04
695.6149237361514,1.447203875207978126e+04
695.6892121064967,1.441417243341812718e+04
695.7634969823528,1.438360154808744119e+04
695.8377008859716,1.432682704675902642e+04
695.9119932631442,1.432464341209254781e+04
695.9862772860863,1.428097071876299742e+04
696.06048026933,1.422856348676753623e+04
696.134771767185,1.420781895743600035e+04
696.2090548898484,1.416632989877292857e+04
696.2833296268801,1.415759536010701777e+04
696.3575523255896,1.407134179078115631e+04
696.4318151008928,1.410518812811155658e+04
696.5060403540568,1.405059726144961860e+04
696.58033480532,1.397744550012262152e+04
696.6545965750922,1.393049735479335504e+04
696.7288256373972,1.392285463346068354e+04
696.8030899410923,1.390211010412914766e+04
696.8773263707111,1.385079468946692577e+04
696.9516029071826,1.381148926547033079e+04
697.0258758450395,1.379292837080527170e+04
697.1000868630892,1.377436747614021260e+04
697.1743865928445,1.366409392548309734e+04
697.248609793035,1.366846119481605274e+04
697.3228682493078,1.364007394415184535e+04
697.3970987519848,1.366191029081662055e+04
697.4713645187727,1.361387032815411476e+04
697.5456023130668,1.352215767216205859e+04
697.6198072452165,1.359530943348905566e+04
697.6941009834452,1.349049496949813511e+04
697.7683131711979,1.346647498816688130e+04
697.8425898466292,1.348176043083222430e+04
697.9168092738975,1.341843502550437552e+04
697.9910201305657,1.339223140950664674e+04
698.0653003733468,1.336056870684272144e+04
698.1395184438109,1.333327327351175336e+04
698.2138010478819,1.335729325484300534e+04
698.2880311962213,1.329069239751544046e+04
698.3622527442063,1.327213150285038137e+04
698.4364656813189,1.320334701085633969e+04
698.510738305446,1.322736699218759350e+04
698.5849584048053,1.321098973218901119e+04
698.6591698720874,1.315203159619411781e+04
698.7334703424422,1.314220524019496952e+04
698.8076889513259,1.313456251886229802e+04
698.8818989069066,1.308870619086627084e+04
698.9561050840433,1.308215528686683865e+04
699.030322134609,1.305267621886939196e+04
699.1046038227042,1.301227897753955767e+04
699.1788328602486,1.300463625620688617e+04
699.2530532146016,1.300245262154040756e+04
699.3272599846256,1.300136080420717008e+04
699.4014873980228,1.290418906154891920e+04
699.4757061069474,1.295550447621114108e+04
699.5499161008405,1.290091360954920310e+04
699.6241418428359,1.291838268688102289e+04
699.6983588590565,1.280374186689095404e+04
699.7726405911895,1.285505728155317593e+04
699.8468646290141,1.280374186689095404e+04
699.9210848186354,1.280483368422419153e+04
699.9952913527262,1.276880371222731264e+04
700.0695185244031,1.271858011489833007e+04
700.1437320277023,1.274041646156310526e+04
700.2179661702849,1.272949828823071766e+04
700.2921670152689,1.268145832556821188e+04
700.3663345364773,1.267163196956906359e+04
700.4405423002715,1.268145832556821188e+04
700.5147657911945,1.263341836290570609e+04
700.5889804729994,1.260284747757502191e+04
700.6632108815323,1.262905109357275251e+04
700.7374324701444,1.253843025491393382e+04
700.81164522823,1.252096117758211403e+04
700.8858540575908,1.252969571624802484e+04
700.9600736910871,1.254825661091308393e+04
701.034240242214,1.246418667625369926e+04
701.1084716450022,1.249803301358410135e+04
701.1826646876575,1.248383938825199584e+04
701.2569029402329,1.244016669492244546e+04
701.3311077280009,1.238994309759346288e+04
701.4052790247227,1.241723853092443278e+04
701.4794906151762,1.237356583759488240e+04
701.5537179110803,1.234627040426391250e+04
701.6278673838922,1.234627040426391250e+04
701.7020768472739,1.235063767359686790e+04
701.776302010223,1.232115860559942121e+04
701.8505182480137,1.228185318160282623e+04
701.9246812071539,1.225783320027157242e+04
701.9989091214585,1.226547592160424392e+04
702.0730492261018,1.226765955627072253e+04
702.147283874415,1.225128229627214023e+04
702.2215095672381,1.217813053494514315e+04
702.2956523110257,1.223599685360679723e+04
702.3698847114229,1.216939599627923417e+04
702.4440341206173,1.214974328428093577e+04
702.5182485406029,1.214755964961445898e+04
702.5924786440079,1.213773329361530887e+04
702.6666306251165,1.205147972428944740e+04
702.7408427059752,1.208532606161984950e+04
702.8150013114393,1.208532606161984950e+04
702.8892200349155,1.206785698428802789e+04
702.9633852532902,1.201108248295961312e+04
703.0375414112833,1.198378704962864322e+04
703.1117577094595,1.195212434696471973e+04
703.1859204527385,1.201326611762608991e+04
703.2601235714659,1.200999066562637381e+04
703.3342928843769,1.191172710563488545e+04
703.4085025826428,1.191827800963431764e+04
703.482658658175,1.190517620163545325e+04
703.5568254210807,1.187460531630476726e+04
703.6310325789715,1.184621806564055987e+04
703.7052108243134,1.186914622963857437e+04
703.7793551808122,1.178616811231242900e+04
703.8535845204474,1.183420807497493297e+04
703.9277353723147,1.180691264164396489e+04
704.0019018493869,1.180472900697748628e+04
704.0760542132163,1.175013814031554830e+04
704.1502767406283,1.172502634165105701e+04
704.2244157321018,1.172393452431781952e+04
704.2985752975638,1.170646544698599791e+04
704.3727455222629,1.167698637898855122e+04
704.4469065581811,1.161912006032689715e+04
704.5211080295742,1.168899636965417812e+04
704.5952804534251,1.164204822432491164e+04
704.6694387032167,1.159728371366212195e+04
704.7435926983363,1.161475279099394174e+04
704.8177573342106,1.157435554966410928e+04
704.891917706452,1.157872281899706286e+04
704.9660688376695,1.153286649100103568e+04
705.0402107171044,1.157544736699734676e+04
705.114442771257,1.151212196166949980e+04
705.1885910002947,1.149465288433767819e+04
705.2627548254902,1.146735745100671011e+04
705.3369093767561,1.146844926833994941e+04
705.4110795235591,1.145425564300784390e+04
705.485220476971,1.145207200834136711e+04
705.5593969294841,1.145862291234079930e+04
705.6335441691415,1.142586839234363651e+04
705.7077020144703,1.144224565234221882e+04
705.7818057106044,1.133852300568453575e+04
705.8559498827009,1.137673661234789324e+04
705.9301096345012,1.141385840167800961e+04
706.0042849709166,1.136472662168226634e+04
706.0784260421825,1.134616572701720725e+04
706.1525826869397,1.130904393768708906e+04
706.2267549100956,1.130686030302061226e+04
706.3008928304606,1.129375849502174606e+04
706.3750014111765,1.133852300568453575e+04
706.4491704615375,1.130358485102089617e+04
706.5233051714449,1.124462671502600278e+04
706.5974853991634,1.123589217636009198e+04
706.6716262730434,1.128720759102231386e+04
706.745737753195,1.127628941768992627e+04
706.8198897594285,1.124790216702571888e+04
706.8940323424436,1.119549493503025769e+04
706.9681405012132,1.122934127236065979e+04
707.0422891955021,1.122169855102798829e+04
707.1164534452462,1.120641310836264529e+04
707.19055823756,1.119221948303054160e+04
707.2647035748213,1.123043308969389909e+04
707.3388694645195,1.117256677103224501e+04
707.4129708410553,1.111142500037087302e+04
707.4871177773351,1.118239312703139331e+04
707.5612752521206,1.115618951103366271e+04
707.6353781699282,1.116929131903252710e+04
707.7095466962406,1.114854678970099121e+04
707.7836305801062,1.113544498170212682e+04
707.857775071609,1.109504774037229254e+04
707.9318899937977,1.115837314570013950e+04
708.0060455013667,1.106010958570865114e+04
708.080146353211,1.109832319237200863e+04
708.1543078510902,1.115946496303337881e+04
708.2283845678539,1.106010958570865114e+04
708.3025520377458,1.109504774037229254e+04
708.3766397017445,1.114199588570155902e+04
708.4508131326904,1.106120140304189044e+04
708.5249067170731,1.102735506571148835e+04
708.5989906956581,1.107648684570723344e+04
708.673160478897,1.105683413370893504e+04
708.7472503492967,1.102844688304472766e+04
708.8213557131089,1.107757866304047275e+04
708.8955017018351,1.100988598837966856e+04
708.9696129404151,1.100661053637995246e+04
709.0436944296144,1.108631320170638173e+04
709.1178618009762,1.100770235371319177e+04
709.1919440994113,1.105683413370893504e+04
709.266041878377,1.102080416171205616e+04
709.3401601743607,1.097822328571574508e+04
709.4143140934323,1.098804964171489337e+04
709.4884130457813,1.096293784305040208e+04
709.5625023052012,1.096512147771687887e+04
709.6366020041326,1.096730511238335748e+04
709.71069703359,1.097385601638278968e+04
709.7848579170291,1.092690787105352319e+04
709.8589587159314,1.094765240038505908e+04
709.9330497882937,1.091817333238761239e+04
710.0071361642808,1.088978608172340500e+04
710.0812329625695,1.090288788972226939e+04
710.1553452280508,1.091708151505437490e+04
710.2294275672397,1.091271424572141950e+04
710.3035203190468,1.087886790839101741e+04
710.3776335778801,1.087777609105777810e+04
710.4517320198205,1.080353251239754354e+04
710.5258257276931,1.088651062972368891e+04
710.599909644176,1.083847066706118312e+04
710.6740090111854,1.082427704172907943e+04
710.7480985754111,1.076859435773390214e+04
710.8222035892967,1.078824706973220054e+04
710.8962987889969,1.079916524306458814e+04
710.9704094374856,1.078824706973220054e+04
711.0444849811654,1.079479797373163274e+04
711.1186012467011,1.077077799240038075e+04
711.1926874434225,1.076531890573418605e+04
711.2667840197356,1.074129892440293406e+04
711.3408251965476,1.073583983773673936e+04
711.4149070955419,1.074675801106912695e+04
711.4890246751831,1.072819711640406786e+04
711.5631121310784,1.068343260574127999e+04
711.6372150180558,1.072710529907083037e+04
711.7112320343467,1.068015715374156207e+04
711.7853404449295,1.067797351907508528e+04
711.8594389533098,1.068124897107480137e+04
711.9335275484821,1.064958626841087789e+04
712.0075605935059,1.060700539241456681e+04
712.0816546727544,1.066814716307593699e+04
712.1557641746032,1.063430082574553489e+04
712.2297927223119,1.062665810441286339e+04
712.3038823260575,1.062229083507990799e+04
712.377992420552,1.055459816041910562e+04
712.4520164203059,1.058626086308302911e+04
712.5261268825731,1.056769996841797001e+04
712.6001562828156,1.055241452575262701e+04
712.6742518579922,1.051092546708955524e+04
712.7483628435643,1.052948636175461434e+04
712.8223876211747,1.050000729375716764e+04
712.8964785986809,1.053931271775376263e+04
712.9705138140855,1.049345638975773545e+04
713.0446101673241,1.045633460042761726e+04
713.1186507279195,1.045742641776085475e+04
713.19275244439,1.049891547642392834e+04
713.2667983376626,1.043559007109607955e+04
713.3408290765726,1.047926276442563176e+04
713.4149057221886,1.047271186042619775e+04
713.4889468476811,1.039300919509976848e+04
713.5630542605719,1.037554011776794869e+04
713.6370752139885,1.038536647376709698e+04
713.71111152602,1.033951014577106980e+04
713.7852141503761,1.037444830043470938e+04
713.8592557248019,1.034933650177021809e+04
713.93328717658,1.033841832843783050e+04
714.0073900636712,1.034496923243726269e+04
714.0814267494405,1.037117284843499328e+04
714.1554583900697,1.031221471244009990e+04
714.2295512937391,1.028710291377560861e+04
714.3035881409775,1.028601109644236931e+04
714.3776148223176,1.030893926044038380e+04
714.451651744311,1.026199111511111732e+04
714.5256835921462,1.030129653910771231e+04
714.5997818492889,1.025980748044464053e+04
714.6738188625989,1.028164382710941572e+04
714.7478712188952,1.019648207511679175e+04
714.8218929356141,1.027290928844350492e+04
714.8959248750398,1.026199111511111732e+04
714.9699721505816,1.018119663245144875e+04
715.044014315487,1.016918664178582185e+04
715.1180411339378,1.023360386444690994e+04
715.1920883966163,1.020412479644946325e+04
715.2661714596333,1.025980748044464053e+04
715.3402238179556,1.020303297911622394e+04
715.4142403295658,1.018993117111735955e+04
715.488267040557,1.018774753645088094e+04
715.5623141930947,1.017792118045173265e+04
715.6363510669913,1.014298302578809307e+04
715.7103315493897,1.013424848712218227e+04
715.784373440411,1.013643212178865906e+04
715.8584050299637,1.011787122712359997e+04
715.932426306901,1.014407484312133056e+04
716.0064680199878,1.008184125512672108e+04
716.080494283165,1.013424848712218227e+04
716.1545409835085,1.017027845911906115e+04
716.2285722201125,1.012333031378979467e+04
716.3025469314863,1.015499301645371816e+04
716.3765882447348,1.013424848712218227e+04
716.4506192011959,1.003380129246421711e+04
716.5246654600803,1.007092308179433348e+04
716.5987013504475,1.009821851512530338e+04
716.6726754991479,1.005891309112870840e+04
716.7467162946405,1.004362764846336540e+04
716.8207466986998,1.011022850579093029e+04
716.8947667001454,1.004581128312984220e+04
716.9687557260248,1.008620852445967648e+04
717.0427805919613,1.004799491779632081e+04
717.116825887731,1.000868949379972400e+04
717.1908093232216,1.000541404180000791e+04
717.2648286044712,1.006437217779490129e+04
717.3388168541977,1.000759767646648652e+04
717.4128461038251,1.003707674446393321e+04
717.4868906346427,1.004253583113012610e+04
717.5608474726536,1.004471946579660471e+04
717.6348968087937,1.004253583113012610e+04
717.7088584084709,9.997771320467336409e+03
717.7828867763504,1.001742403246563481e+04
717.8568840385082,9.973751339136084425e+03
717.9309171761972,1.002506675379830631e+04
718.0048882559898,1.001196494579944192e+04
718.0789313004857,9.982485877801995230e+03
718.1528864689565,9.945364088471877039e+03
718.2268775063203,9.977026791135800522e+03
718.300914749167,9.979210425802277314e+03
718.3748898482226,9.950823175138069928e+03
718.4489059941204,1.001960766713211160e+04
718.5228857662477,9.921344107140623237e+03
718.5968549564894,9.935537732472726930e+03
718.6708910267723,9.965016800470173621e+03
718.7448648651658,9.945364088471877039e+03
718.8188539335962,9.936629549805966235e+03
718.8928117241455,9.930078645806534041e+03
718.9668571028507,9.921344107140623237e+03
719.040845353585,9.980302243135516619e+03
719.1148178064504,9.931170463139773346e+03
719.1887847916446,9.866753240478685257e+03
719.2628187285492,9.876579596477835366e+03
719.3367851179871,9.902783212475564142e+03
719.4107718973806,9.877671413811072853e+03
719.4847480151196,9.892956856476415851e+03
719.55871345993,9.849284163146865467e+03
719.6326941140954,9.886405952476983657e+03
719.7066692631995,9.880946865810788950e+03
719.780706250103,9.842733259147433273e+03
719.8546807424774,9.839457807147717176e+03
719.9286497097812,9.886405952476983657e+03
720.0026286960333,9.820896912482658081e+03
720.0766021474149,9.843825076480672578e+03
720.1505856143327,9.859110519146013758e+03
720.2245376004026,9.835090537814761774e+03
720.298530717732,9.829631451148567066e+03
720.3725079039693,9.849284163146865467e+03
720.446479525475,9.770673315153675503e+03
720.5204403826414,9.789234209818734598e+03
720.5943696939084,9.719357900491453620e+03
720.6683349523433,9.776132401819868392e+03
720.7423153966341,9.769581497820436198e+03
720.816285052651,9.724816987157646508e+03
720.890249105901,9.733551525823557313e+03
720.9642231419422,9.770673315153675503e+03
721.0382175601698,9.723725169824407203e+03
721.1121179678518,9.723725169824407203e+03
721.1860907374653,9.723725169824407203e+03
721.2600786851124,9.688787015160767623e+03
721.334050596095,9.656032495163604835e+03
721.4079648215145,9.662583399163037029e+03
721.4819202230957,9.670226120495708528e+03
721.5559168215076,9.699705188493155219e+03
721.6298296575088,9.642930687164740448e+03
721.7038045147077,9.656032495163604835e+03
721.777768491748,9.677868841828380027e+03
721.8516746809869,9.661491581829799543e+03
721.9256689717006,9.630920696499113546e+03
721.9996263053706,9.614543436500531243e+03
722.0735518685187,9.587248003169563162e+03
722.1475134315792,9.583972551169847065e+03
722.221443203523,9.593798907168995356e+03
722.2954141996532,9.523922597841714378e+03
722.369322077151,9.573054377837459469e+03
722.4432972736668,9.503178068510178491e+03
722.5172093181159,9.518463511175521489e+03
722.5911887015628,9.502086251176939186e+03
722.665104899496,9.525014415174953683e+03
722.7390623388185,9.502086251176939186e+03
722.8129878959985,9.466056279180060301e+03
722.8869756086152,9.473699000512731800e+03
722.9608791618889,9.471515365846255008e+03
723.0347925998112,9.435485393849374304e+03
723.1087786701618,9.412557229851361626e+03
723.1826700550422,9.410373595184883015e+03
723.2565817737539,9.360149997855900438e+03
723.3305609227724,9.391812700519823920e+03
723.4044767103132,9.412557229851361626e+03
723.4783814349788,9.347048189857036050e+03
723.5523797909511,9.383078161853914935e+03
723.6262885587613,9.337221833857885940e+03
723.7001862401456,9.351415459189989633e+03
723.7741042546204,9.341589103190841342e+03
723.8480321309023,9.311018217860157165e+03
723.9220013141903,9.302283679194246361e+03
723.9959122328532,9.309926400526917860e+03
724.0698330025856,9.292457323195098070e+03
724.1437478932739,9.296824592528051653e+03
724.2176516517817,9.306650948527201763e+03
724.2915652506016,9.257519168531456671e+03
724.3654729499798,9.268437341863844267e+03
724.4393957341822,9.290273688528619459e+03
724.51330736185,9.238958273866397576e+03
724.587207821535,9.258610985864695976e+03
724.6611286098097,9.206203753869234788e+03
724.7350592296857,9.176724685871788097e+03
724.80895240124,9.200744667203041899e+03
724.882865897012,9.160347425873207612e+03
724.9567892135801,9.176724685871788097e+03
725.0307013255602,9.159255608539968307e+03
725.1046074792529,9.140694713874909212e+03
725.1785287017594,9.187642859204175693e+03
725.2524334382222,9.164714695206163015e+03
725.326358500832,9.123225636543089422e+03
725.4002723250796,9.163622877872923709e+03
725.4741222682113,9.122133819209850117e+03
725.5480398915687,9.116674732543657228e+03
725.6219462528422,9.149429252540820016e+03
725.6958676722687,9.083920212546494440e+03
725.769783084779,9.076277491213822941e+03
725.8436292602167,9.138511079208432420e+03
725.9175431603215,9.066451135214674650e+03
725.9914510329734,9.106848376544507119e+03
726.0653686850188,9.078461125880299733e+03
726.1392275716657,9.054441144549047749e+03
726.2131278556831,9.068634769881151442e+03
726.2870379081896,9.007492999219781268e+03
726.3608891425325,9.023870259218361753e+03
726.4348081680206,9.059900231215240638e+03
726.50866306773,9.027145711218077849e+03
726.5825857784921,9.040247519216944056e+03
726.6564232085193,8.980197565888811368e+03
726.730349586392,8.985656652555006076e+03
726.8042645953695,9.004217547220065171e+03
726.8781153887404,8.984564835221766771e+03
726.9520393221525,8.991115739221198965e+03
727.0258672943038,8.993299373887677575e+03
727.0997948515045,8.936524872559260984e+03
727.1736528398144,8.998758460553870464e+03
727.2475046789152,8.928882151226589485e+03
727.3214244199837,8.905953987228574988e+03
727.3952533686669,8.948534863224887886e+03
727.4691766890326,8.944167593891932484e+03
727.5430356383624,8.940892141892216387e+03
727.6168831154938,8.890668544563233809e+03
727.6907985389481,8.827343139235385024e+03
727.7646495352022,8.917963977894201889e+03
727.838494332822,8.869924015231696103e+03
727.9123488191613,8.838261312567772620e+03
727.986271291593,8.855730389899592410e+03
728.0601080662049,8.807690427237086624e+03
728.1339810274446,8.821884052569190317e+03
728.2078212555151,8.831710408568340426e+03
728.2817295008361,8.783670445905834640e+03
728.3555996998778,8.792404984571745445e+03
728.429453049297,8.770568637906970253e+03
728.5033054557948,8.771660455240207739e+03
728.577140989502,8.803323157904133041e+03
728.6509914915385,8.749824108575432547e+03
728.7248569664563,8.746548656575716450e+03
728.7987108614303,8.725804127244180563e+03
728.872558477417,8.691957789913778470e+03
728.9464688832253,8.710518684578837565e+03
729.0203145595359,8.713794136578553662e+03
729.0941805149681,8.642826009918035197e+03
729.1680295392798,8.662478721916331779e+03
729.2418722535059,8.586051508589618606e+03
729.3156767351837,8.610071489920872409e+03
729.3895227579071,8.575133335257231010e+03
729.4633837365335,8.598061499255245508e+03
729.5372330643772,8.558756075258650526e+03
729.6110920231105,8.572949700590754219e+03
729.6849499652391,8.543470632593307528e+03
729.7587909091665,8.534736093927396723e+03
729.832646799371,8.556572440592171915e+03
729.9064377258716,8.528185189927964529e+03
729.9802755476569,8.534736093927396723e+03
730.0541496290818,8.491063400597846339e+03
730.1279906863275,8.499797939263757144e+03
730.2018413503896,8.489971583264607034e+03
730.2756322932343,8.462676149933638953e+03
730.3494914925877,8.505257025929950032e+03
730.4233389576001,8.435380716602669054e+03
730.497121314011,8.398258927272552683e+03
730.5709933006522,8.373147128608059575e+03
730.6448321837362,8.344759877943852189e+03
730.7186379386568,8.344759877943852189e+03
730.7924799682986,8.319648079279360900e+03
730.8662835069548,8.270516299283617627e+03
730.940128667791,8.345851695277091494e+03
731.0139673771906,8.284709924615721320e+03
731.0877622124666,8.298903549947825013e+03
731.1616307539186,8.256322673951512115e+03
731.2354072830598,8.201731807289574135e+03
731.3092735761231,8.249771769952079921e+03
731.3830531589755,8.173344556625366749e+03
731.4569011330443,8.183170912624515950e+03
731.5307105078027,8.208282711289008148e+03
731.6044812553652,8.118753689963428769e+03
731.6783471861277,8.163518200626218459e+03
731.7521477148499,8.120937324629906470e+03
731.8259899112759,8.099100977965131278e+03
731.899766660658,8.103468247298086681e+03
731.9735636445379,8.044510111303193298e+03
732.0473701527895,8.073989179300639989e+03
732.1212183467612,8.072897361967400684e+03
732.195006386356,8.020490129971940405e+03
732.2688093011474,8.027041033971372599e+03
732.3426485486638,7.996470148640687512e+03
732.4164544099781,7.957164724644092530e+03
732.4902214949792,7.950613820644659427e+03
732.5640302732379,7.947338368644943330e+03
732.6378270896475,7.911308396648064445e+03
732.7116656191168,7.938603829979033435e+03
732.7854653361854,7.863268433985558659e+03
732.8592530670325,7.936420195312555734e+03
732.9330341718326,7.840340269987545071e+03
733.0068247610646,7.818503923322769879e+03
733.0806302100424,7.835973000654589669e+03
733.1544290226378,7.804310297990665276e+03
733.2282104378809,7.772647595326741794e+03
733.3020120820065,7.816320288656292178e+03
733.3758016923423,7.777014864659696286e+03
733.4495738776542,7.739893075329579005e+03
733.5233662868974,7.694036747333550920e+03
733.5971735461529,7.748627613995488900e+03
733.6709687462483,7.691853112667073219e+03
733.7447518754218,7.671108583335536423e+03
733.818549846392,7.667833131335820326e+03
733.8923357337387,7.660190410003148827e+03
733.9660610421337,7.606691360674450152e+03
734.039849657903,7.649272236670761231e+03
734.113653111708,7.587038648676151752e+03
734.1874498467755,7.590314100675868758e+03
734.2612290717857,7.592497735342346459e+03
734.3349476318791,7.537906868680407570e+03
734.4087618993168,7.553192311345750568e+03
734.4825316665394,7.529172330014497675e+03
734.5563216510071,7.525896878014781578e+03
734.6300724954872,7.535723234013930778e+03
734.7038651403906,7.486591454018186596e+03
734.7776456166251,7.436367856689203109e+03
734.8513869120628,7.474581463352559695e+03
734.9251700158896,7.432000587356247706e+03
734.99889230638,7.456020568687500599e+03
735.0727050353661,7.419990596690621715e+03
735.1464785471829,7.379593355360787427e+03
735.220218219237,7.418898779357383319e+03
735.2939943121419,7.354481556696296138e+03
735.367736543824,7.377409720694309726e+03
735.4415206118363,7.317359767366177948e+03
735.5152599796714,7.339196114030953140e+03
735.5890466014831,7.290064334035208958e+03
735.662766849309,7.306441594033790352e+03
735.7365830712438,7.316267950032939552e+03
735.8103058246913,7.295523420701402756e+03
735.8840433540496,7.274778891369866869e+03
735.957822745456,7.278054343369582966e+03
736.0315681756952,7.242024371372704081e+03
736.1052958754302,7.264952535370717669e+03
736.1790654451154,7.234381650040032582e+03
736.252801015933,7.184158052711049095e+03
736.326545937147,7.213637120708495786e+03
736.4003381699183,7.192892591376958990e+03
736.4740584115469,7.207086216709063592e+03
736.5477988397872,7.197259860709914392e+03
736.6215269056551,7.141577176714738016e+03
736.6952425972906,7.153587167380364008e+03
736.7690544685436,7.120832647383201220e+03
736.8427725447069,7.104455387384619826e+03
736.9165053742005,7.093537214052232230e+03
736.9902258037228,7.066241780721263240e+03
737.0639609845649,7.067333598054501635e+03
737.137689186275,7.074976319387173135e+03
737.2114267046566,7.035670895390578153e+03
737.2851517972983,7.048772703389442540e+03
737.358897074205,7.033487260724100452e+03
737.4326244765816,7.026936356724667348e+03
737.5063448675909,6.994181836727504560e+03
737.5800799995792,6.988722750061310762e+03
737.6538026703106,6.975620942062445465e+03
737.7275346375662,6.972345490062729368e+03
737.8012595719805,6.936315518065850483e+03
737.8749992432967,6.958151864730625675e+03
737.9487264275168,6.905744632735165396e+03
738.022468346593,6.893734642069538495e+03
738.0961977656417,6.876265564737718705e+03
738.169865632222,6.886091920736867905e+03
738.2435972558687,6.880632834070673198e+03
738.3173218057595,6.848970131406749715e+03
738.3910556298822,6.830409236741690620e+03
738.4647823694751,6.845694679407033618e+03
738.5384638351453,6.798746534077766228e+03
738.612192738524,6.828225602075212919e+03
738.685909081362,6.805297438077199331e+03
738.7595855634423,6.819491063409303024e+03
738.8332985789483,6.794379264744811735e+03
738.9070317658445,6.731053859416962950e+03
738.9807032179243,6.714676599418381556e+03
739.0544385201678,6.686289348754174171e+03
739.1281065918952,6.685197531420935775e+03
739.2018439933116,6.683013896754458074e+03
739.2755687822585,6.666636636755876680e+03
739.3492317494262,6.667728454089115075e+03
739.4229859424029,6.629514847425758489e+03
739.4966509491076,6.625147578092803087e+03
739.5703798618135,6.608770318094221693e+03
739.6440468874771,6.596760327428595701e+03
739.7177778366447,6.559638538098477511e+03
739.791446866122,6.539985826100180020e+03
739.8651032005454,6.556363086098761414e+03
739.9388289543585,6.525792200768076327e+03
740.0125146409633,6.499588584770345733e+03
740.086187618405,6.502864036770061830e+03
740.1599026583724,6.454824074107556953e+03
740.2335830692062,6.428620458109826359e+03
740.3072452674804,6.410059563444767264e+03
740.3809769441689,6.428620458109826359e+03
740.4546465508478,6.411151380778006569e+03
740.5283253357537,6.400233207445618973e+03
740.6019968452496,6.360927783449023082e+03
740.6757323886792,6.375121408781126775e+03
740.7493783611862,6.311796003453278900e+03
740.8230664214437,6.309612368786801198e+03
740.8967416974003,6.279041483456116111e+03
740.9704041770528,6.272490579456683918e+03
741.0440813057113,6.260480588791057016e+03
741.1177456249695,6.243011511459237227e+03
741.1914740338814,6.243011511459237227e+03
741.265145682029,6.222266982127700430e+03
741.3387990020083,6.196063366129970746e+03
741.4124669600711,6.188420644797299246e+03
741.4861550585991,6.134921595468599662e+03
741.5598248114671,6.161125211466330256e+03
741.6334872037764,6.125095239469450462e+03
741.7070817125386,6.096707988805243076e+03
741.7807678621677,6.066137103474557989e+03
741.8544191228816,6.061769834141602587e+03
741.9281125335501,6.107626162137630672e+03
742.0017600242695,6.051943478142453387e+03
742.0754276444354,6.036658035477111298e+03
742.1491098938311,6.010454419479380704e+03
742.2227792320809,6.000628063480232413e+03
742.2963860567804,5.959139004817158821e+03
742.3700570824167,5.975516264815740215e+03
742.4437151716932,5.982067168815173318e+03
742.5173878791576,5.958047187483920425e+03
742.5909980073593,5.926384484819996032e+03
742.6646723713906,5.960230822150398126e+03
742.7383392893086,5.937302658152383628e+03
742.8119656461523,5.915466311487608436e+03
742.8856286765096,5.890354512823117147e+03
742.9592842387771,5.853232723492998957e+03
743.0328991982909,5.835763646161179167e+03
743.1065563576633,5.831396376828223765e+03
743.1801728901319,5.796458222164583276e+03
743.2538592524501,5.817202751496120072e+03
743.3274497210764,5.795366404831344880e+03
743.4011100282263,5.773530058166569688e+03
743.4747296601421,5.790999135498389478e+03
743.5483970465806,5.770254606166853591e+03
743.6220182060574,5.773530058166569688e+03
743.6956816000841,5.729857364837019304e+03
743.7692821427946,5.726581912837303207e+03
743.8429470520473,5.728765547503780908e+03
743.916576747615,5.651246516843828431e+03
743.990165669035,5.698194662173094912e+03
744.0638466591978,5.670899228842125922e+03
744.1374370340701,5.670899228842125922e+03
744.2110696595498,5.655613786176783833e+03
744.284716858413,5.622859266179621045e+03
744.3583232280512,5.627226535512575538e+03
744.4319496995879,5.616308362180187942e+03
744.5055574804348,5.641420160844679231e+03
744.5791520991629,5.598839284848368152e+03
744.6528444452033,5.552982956852340067e+03
744.7264460022811,5.575911120850353655e+03
744.8000565630955,5.558442043518533865e+03
744.8736594835683,5.554074774185578462e+03
744.9472714032472,5.525687523521371077e+03
745.0208756714717,5.506034811523073586e+03
745.094494486024,5.527871158187848778e+03
745.168100087441,5.496208455523924385e+03
745.2416924635781,5.503851176856595885e+03
745.3152993770332,5.475463926192387589e+03
745.3889152760675,5.452535762194374001e+03
745.4625290474098,5.463453935526761597e+03
745.5361240107667,5.464545752859999993e+03
745.609733506721,5.465637570193239299e+03
745.6833575395775,5.430699415529598809e+03
745.7569683059694,5.426332146196643407e+03
745.8305713563644,5.416505790197495116e+03
745.9041833730809,5.396853078199196716e+03
745.9777876626403,5.400128530198913722e+03
746.0514009139459,5.383751270200332328e+03
746.1249507566789,5.393577626199480619e+03
746.1985429433485,5.364098558202033928e+03
746.2721496486159,5.373924914201183128e+03
746.3457708767787,5.394669443532719924e+03
746.4193230608547,5.342262211537258736e+03
746.4929176060401,5.368465827534989330e+03
746.5665266650274,5.356455836869363338e+03
746.640066621393,5.316058595539529051e+03
746.7136768253059,5.318242230206005843e+03
746.7873015449047,5.305140422207141455e+03
746.8608348022583,5.310599508873335253e+03
746.934460649653,5.281120440875888562e+03
747.0080507927156,5.251641372878441871e+03
747.0815940434294,5.281120440875888562e+03
747.1552131827909,5.262559546210829467e+03
747.2287630801482,5.293130431541514554e+03
747.3023777208953,5.243998651545770372e+03
747.3759007391845,5.268018632877023265e+03
747.4495220280663,5.241815016879292671e+03
747.5230740040879,5.239631382212815879e+03
747.5966125121065,5.243998651545770372e+03
747.6702213915038,5.206876862215652181e+03
747.7437608993716,5.178489611551444796e+03
747.8173763904779,5.175214159551728699e+03
747.8909168833824,5.179581428884683191e+03
747.9644718416794,5.164295986219341103e+03
748.0380188872018,5.164295986219341103e+03
748.111630768237,5.133725100888656016e+03
748.1851787691317,5.130449648888939009e+03
748.2587356337701,5.104246032891209325e+03
748.3322845630789,5.103154215557970019e+03
748.405875958131,5.085685138226150229e+03
748.4794258064913,5.092236042225582423e+03
748.5529901125466,5.068216060894329530e+03
748.626540858474,5.090052407559104722e+03
748.7000780320159,5.061665156894897336e+03
748.7736296540094,5.043104262229838241e+03
748.8471676901079,5.071491512894046537e+03
748.920776260387,5.023451550231540750e+03
748.994315154041,5.008166107566197752e+03
749.0678741021718,5.008166107566197752e+03
749.1414138274398,5.003798838233243259e+03
749.2149736068789,5.000523386233526253e+03
749.2885141477188,4.989605212901138657e+03
749.362046665244,4.969952500902841166e+03
749.4355374512597,4.963401596903408972e+03
749.5090988297237,4.944840702238349877e+03
749.5826465568359,4.939381615572156079e+03
749.656175000463,4.923004355573574685e+03
749.7297234916311,4.936106163572439982e+03
749.803286415846,4.923004355573574685e+03
749.8768356615918,4.892433470242889598e+03
749.9503205982728,4.896800739575844091e+03
750.0238705670453,4.884790748910218099e+03
750.0974068314757,4.841118055580667715e+03
750.170963144645,4.870597123578114406e+03
750.2444438267519,4.848760776913339214e+03
750.318000832892,4.858587132912487505e+03
750.3915384788514,4.819281708915892523e+03
750.4650398530696,4.811638987583221024e+03
750.5385837931271,4.809455352916743323e+03
750.6121083437756,4.799628996917595032e+03
750.6855965835151,4.761415390254237536e+03
750.7591555782365,4.782159919585774333e+03
750.8326444278694,4.747221764922133843e+03
750.9061758589805,4.754864486254805342e+03
750.9796652967866,4.747221764922133843e+03
751.053225528571,4.712283610258493354e+03
751.1267211857668,4.689355446260479766e+03
751.2002538005404,4.700273619592867362e+03
751.2737443726544,4.682804542261047573e+03
751.347283196831,4.687171811594002065e+03
751.4207743095347,4.663151830262749172e+03
751.4942572105898,4.646774570264167778e+03
751.567805321994,4.662060012929510776e+03
751.641288735935,4.610744598267288893e+03
751.7147865207419,4.652233656930361576e+03
751.7883269399143,4.603101876934617394e+03
751.8618252198199,4.626030040932631891e+03
751.9353096018531,4.604193694267856699e+03
752.0087800736492,4.585632799602797604e+03
752.082349748397,4.567071904937738509e+03
752.1558206716313,4.551786462272395511e+03
752.2293059510168,4.548511010272679414e+03
752.3028112503567,4.522307394274948820e+03
752.3762686487676,4.519031942275232723e+03
752.4497687028702,4.520123759608472028e+03
752.5232604672466,4.481910152945115442e+03
752.5967892449822,4.472083796945966242e+03
752.6702814069297,4.483001970278353838e+03
752.74378792351,4.464441075613294743e+03
752.8172521255437,4.452431084947668751e+03
752.890753342267,4.427319286283177462e+03
752.9642462347487,4.452431084947668751e+03
753.0377251232514,4.432778372949371260e+03
753.111218354199,4.410942026284595158e+03
753.1846408387155,4.436053824949087357e+03
753.2581116847355,4.393472948952775369e+03
753.331591190779,4.402207487618685263e+03
753.4050850339123,4.366177515621806378e+03
753.4785648318334,4.380371140953910071e+03
753.552064642568,4.374912054287716273e+03
753.6254879218887,4.369452967621522475e+03
753.698987997613,4.348708438289986589e+03
753.7724683210844,4.362902063622090282e+03
753.845940242228,4.322504822292255994e+03
753.9193696482735,4.358534794289134879e+03
753.9928702112186,4.291933936961570907e+03
754.0663566760842,4.320321187625778293e+03
754.1397721577508,4.307219379626912996e+03
754.2132588199502,4.279923946295944006e+03
754.286731357841,4.246077608965542822e+03
754.3601613060175,4.301760292960719198e+03
754.433662469434,4.269005772963556410e+03
754.5070697940439,4.248261243632020523e+03
754.580571120139,4.284291215628899408e+03
754.6540013426822,4.270097590296795715e+03
754.7274800348059,4.254812147631452717e+03
754.8009103674891,4.236251252966393622e+03
754.8743891803196,4.225333079634006026e+03
754.9478196065738,4.222057627634289929e+03
755.0212985235391,4.208955819635424632e+03
755.0947347284628,4.195854011636559335e+03
755.1681567061893,4.205680367635708535e+03
755.2416500027333,4.186027655637411044e+03
755.3150720303312,4.127069519642517662e+03
755.3884798044081,4.165283126305874248e+03
755.4619874570354,4.130344971642233759e+03
755.535395250506,4.132528606308711460e+03
755.6088173113466,4.123794067642801565e+03
755.6822593542736,4.103049538311264769e+03
755.7557385217809,4.123794067642801565e+03
755.8291520013627,4.104141355644504074e+03
755.9025740310907,4.116151346310130066e+03
755.9760160417866,4.110692259643936268e+03
756.0494380281855,4.117243163643368462e+03
756.122851408895,4.132528606308711460e+03
756.196279048058,4.104141355644504074e+03
756.2697209498288,4.117243163643368462e+03
756.3431485156143,4.096498634311832575e+03
756.4166132278519,4.088855912979161076e+03
756.490046430767,4.073570470313818532e+03
756.563402310791,4.089947730312399926e+03
756.6368296685728,4.064835931647908183e+03
756.710271280547,4.038632315650178043e+03
756.7836985147853,4.072478652980579682e+03
756.8571170870929,4.049550488982565639e+03
756.9305441765948,4.057193210315237138e+03
757.0039625924522,3.997143256987104905e+03
757.0773895204559,4.035356863650461946e+03
757.1508077630942,4.008061430319492501e+03
757.2241829078598,4.015704151652164001e+03
757.2975952154935,3.996051439653866510e+03
757.3710274951507,4.025530507651312746e+03
757.4444453309834,3.982949631655001212e+03
757.5178200187852,3.980765996988523511e+03
757.5912376210018,3.962205102323464871e+03
757.664669455667,3.970939640989374766e+03
757.7380294018718,3.962205102323464871e+03
757.8114609832415,3.969847823656135915e+03
757.884883822762,3.922899678326869434e+03
757.9582576961611,3.918532408993914487e+03
758.0316745087733,3.914165139660959085e+03
758.1050538201592,3.904338783661810339e+03
758.1784703328954,3.902155148995332638e+03
758.2518205742088,3.891236975662945042e+03
758.3252712680576,3.860666090332259955e+03
758.3986211596865,3.869400628998169850e+03
758.4720370175761,3.847564282333394658e+03
758.545415305501,3.861757907665498806e+03
758.6187790176235,3.873767898331125252e+03
758.692185702744,3.855207003666066157e+03
758.7655490229096,3.844288830333678561e+03
758.8389841161411,3.811534310336515773e+03
758.9123470329839,3.833370657001290965e+03
758.985729896929,3.827911570335097167e+03
759.0590923834825,3.845380647666917412e+03
759.1324978677417,3.834462474334529816e+03
759.2058656754364,3.826819753001858317e+03
759.2792419009955,3.807167041003560826e+03
759.3526092466964,3.768953434340203785e+03
759.4259619360007,3.778779790339352985e+03
759.4993807137987,3.753667991674861241e+03
759.5727617631621,3.770045251673442635e+03
759.6461281405926,3.754759809008100092e+03
759.7194798334775,3.761310713007532740e+03
759.79284569346,3.739474366342757548e+03
759.8662199506782,3.744933453008951346e+03
759.9395910557283,3.739474366342757548e+03
760.0129416740881,3.722005289010937304e+03
760.0863064536592,3.701260759679400962e+03
760.1596565064068,3.711087115678549708e+03
760.2330264969562,3.704536211679117059e+03
760.3064048714377,3.682699865014341867e+03
760.3797685035091,3.654312614350134027e+03
760.4531231634235,3.656496249016611728e+03
760.5264341378603,3.667414422348999324e+03
760.5997823891312,3.661955335682805526e+03
760.6731505760081,3.655404431683372877e+03
760.7465329185825,3.640118989018030334e+03
760.8198946901349,3.655404431683372877e+03
760.893195347572,3.597538113021718345e+03
760.9665564561759,3.598629930354957196e+03
761.039908545017,3.606272651687628695e+03
761.1132805694576,3.604089017021150994e+03
761.186574038077,3.565875410357794408e+03
761.2599395757078,3.559324506358361759e+03
761.3332612942629,3.587711757022569600e+03
761.4066319227295,3.553865419692167961e+03
761.4799819030882,3.550589967692451864e+03
761.5532938204132,3.538579977026825418e+03
761.6266430583955,3.527661803694437822e+03
761.6999542102297,3.511284543695856428e+03
761.7733026886444,3.539671794360064268e+03
761.8466130577877,3.518927265028527472e+03
761.9199955907541,3.498182735696991131e+03
761.9932761350078,3.495999101030513430e+03
762.0665998139598,3.470887302366022141e+03
762.1399666484456,3.476346389032215939e+03
762.2132604654904,3.446867321034769247e+03
762.2866264890819,3.463244581033350642e+03
762.3599194586624,3.464336398366589492e+03
762.4332265236651,3.446867321034769247e+03
762.5065244315081,3.435949147702381651e+03
762.5798887714861,3.420663705037039108e+03
762.653209066283,3.449050955701246949e+03
762.726491103933,3.391184637039592417e+03
762.7998163192037,3.411929166371129213e+03
762.8731789131846,3.431581878369426704e+03
762.9464741276457,3.378082829040727574e+03
763.0197834275534,3.396643723705786215e+03
763.0930777014148,3.389001002373115170e+03
763.1663802334256,3.376991011707488724e+03
763.2396735482423,3.356246482375952382e+03
763.312980942364,3.355154665042713532e+03
763.3863024198473,3.371531925041294926e+03
763.4595855263992,3.342052857043848235e+03
763.5329060235777,3.351879213042996980e+03
763.6062114503713,3.333318318377938340e+03
763.6795017940418,3.302747433047252798e+03
763.7528120409493,3.311481971713163148e+03
763.8261013583818,3.307114702380207746e+03
763.8994105781957,3.318032875712595342e+03
763.9727280347157,3.312573789046401544e+03
764.0459486507003,3.300563798380775552e+03
764.1192708849686,3.290737442381626352e+03
764.1925721540134,3.268901095716851160e+03
764.265864123763,3.251432018385030915e+03
764.339170153393,3.269992913050090010e+03
764.4124025979912,3.244881114385598721e+03
764.4857075207827,3.248156566385314818e+03
764.5590265043799,3.253615653051508616e+03
764.6322718534416,3.226320219720539626e+03
764.7055663242454,3.201208421056047882e+03
764.7788689989354,3.219769315721106977e+03
764.8520979783581,3.217585681054629731e+03
764.9254053449329,3.184831161057466488e+03
764.9986623906358,3.178280257058034294e+03
765.0719685894694,3.168453901058885094e+03
765.1451951672625,3.171729353058601646e+03
765.2185001752471,3.172821170391840496e+03
765.2917606634498,3.159719362392975199e+03
765.3650586119669,3.176096622391556593e+03
765.438288577042,3.152076641060303700e+03
765.5115911575078,3.168453901058885094e+03
765.5848491670143,3.131332111728767359e+03
765.6580918875516,3.145525737060871052e+03
765.7313779407682,3.135699381061722306e+03
765.8046193790093,3.113863034396947114e+03
765.8778806952203,3.110587582397231017e+03
765.9511794972256,3.128056659729051262e+03
766.0244043117671,3.123689390396095860e+03
766.0976489972652,3.136791198394961157e+03
766.1709018207467,3.128056659729051262e+03
766.2441451689594,3.124781207729334710e+03
766.31745537396,3.101853043731320668e+03
766.3906973785047,3.112771217063708264e+03
766.4639240114803,3.101853043731320668e+03
766.5371587632285,3.098577591731604571e+03
766.610413388223,3.087659418399216975e+03
766.6836526256157,3.082200331733023177e+03
766.7569058583788,3.111679399730469868e+03
766.8301436890999,3.066914889067680633e+03
766.9033661049401,3.066914889067680633e+03
766.9766319183701,3.072373975733874431e+03
767.049858779082,3.054904898402054187e+03
767.1230937389751,3.062547619734725231e+03
767.196342684586,3.026517647737846346e+03
767.2695820718163,3.021058561071652548e+03
767.3427706741372,3.023242195738129794e+03
767.4160085761127,3.021058561071652548e+03
767.4892545691928,3.007956753072787251e+03
767.5624909794419,3.018874926405174847e+03
767.6357413679548,3.016691291738697601e+03
767.7089173321764,3.001405849073354602e+03
767.7821603029794,2.993763127740683558e+03
767.8553936664732,2.971926781075908366e+03
767.928641001735,2.977385867742102164e+03
768.001843330076,2.981753137075057111e+03
768.0750596156819,2.962100425076759166e+03
768.1482662604737,2.968651329076191814e+03
768.2215104680862,2.975202233075624463e+03
768.2947391311019,2.951182251744371570e+03
768.3679227171707,2.944631347744939376e+03
768.441155676817,2.962100425076759166e+03
768.5143376298478,2.965375877076475717e+03
768.5875985030231,2.944631347744939376e+03
768.6607551772538,2.945723165078177772e+03
768.7340085126597,2.935896809079029026e+03
768.8071930624363,2.910785010414537737e+03
768.8803619892306,2.920611366413686483e+03
768.9535980606818,2.924978635746641430e+03
769.0267948587721,2.906417741081582335e+03
769.0999760176759,2.924978635746641430e+03
769.1732302685929,2.915152279747492685e+03
769.2464097142773,2.924978635746641430e+03
769.3195794118245,2.898775019748911291e+03
769.3928163071785,2.895499567749194739e+03
769.4660079399233,2.908601375748060036e+03
769.5391838897698,2.896591385082433590e+03
769.6123796819868,2.879122307750613345e+03
769.6855538548153,2.895499567749194739e+03
769.7587182425186,2.870387769084703450e+03
769.8319202468393,2.880214125083852196e+03
769.9051421026546,2.867112317084987353e+03
769.97834824532,2.844184153086973311e+03
770.0515030831361,2.833265979754585715e+03
770.1247074085248,2.844184153086973311e+03
770.1978663329771,2.842000518420495609e+03
770.2710688242653,2.837633249087540662e+03
770.3442258887268,2.834357797087824110e+03
770.4173671736539,2.832174162421346864e+03
770.4905282854356,2.835449614421062961e+03
770.5637270444658,2.811429633089810523e+03
770.6369100189285,2.813613267756287769e+03
770.7100771958651,2.813613267756287769e+03
770.7832642087253,2.789593286425034876e+03
770.856459180459,2.803786911757139023e+03
770.9295551317979,2.774307843759692332e+03
771.0027481693259,2.788501469091796480e+03
771.0759313239301,2.759022401094349789e+03
771.1490926926053,2.763389670427304736e+03
771.2222144154819,2.769940574426737385e+03
771.2954094963922,2.744828775762246096e+03
771.368588721728,2.728451515763664247e+03
771.4417223223901,2.715349707764799405e+03
771.5148995537488,2.727359698430425851e+03
771.5880013670636,2.717533342431276651e+03
771.6612063537742,2.716441525098038255e+03
771.734306117772,2.705523351765650659e+03
771.8074852581613,2.701156082432695257e+03
771.8806127402132,2.680411553101158916e+03
771.953783876625,2.677136101101442819e+03
772.0269152446992,2.685870639767352714e+03
772.1000843158894,2.700064265099456861e+03
772.1732135949969,2.673860649101726267e+03
772.2463209463975,2.690237909100307661e+03
772.3195077548475,2.669493379768771320e+03
