X,Y
534.0051269287335,3.523000000000000000e+03
534.0808105837979,3.516000000000000000e+03
534.1564941245075,3.505000000000000000e+03
534.2322387608131,3.510000000000000000e+03
534.3079223194351,3.532000000000000000e+03
534.3836059646314,3.571000000000000000e+03
534.459289487409,3.548000000000000000e+03
534.534973107135,3.560000000000000000e+03
534.6106567862021,3.555000000000000000e+03
534.6863402868432,3.559000000000000000e+03
534.7620238571769,3.590000000000000000e+03
534.8377074881613,3.565000000000000000e+03
534.9134522313972,3.575000000000000000e+03
534.9891358020897,3.616000000000000000e+03
535.0648193202943,3.631000000000000000e+03
535.140502776876,3.669000000000000000e+03
535.2161864491509,3.676000000000000000e+03
535.2918700416792,3.670000000000000000e+03
535.367553831929,3.701000000000000000e+03
535.4432372375885,3.703000000000000000e+03
535.5189208228152,3.728000000000000000e+03
535.594604578686,3.733000000000000000e+03
535.6702882093306,3.741000000000000000e+03
535.745971418549,3.733000000000000000e+03
535.8216553453357,3.764000000000000000e+03
535.8973391196765,3.762000000000000000e+03
535.9730227323798,3.752000000000000000e+03
536.0487061742487,3.770000000000000000e+03
536.1243894360814,3.779000000000000000e+03
536.2000730836918,3.794000000000000000e+03
536.275756820763,3.823000000000000000e+03
536.3514406383212,3.782000000000000000e+03
536.4271239518794,3.810000000000000000e+03
536.5028079033076,3.817000000000000000e+03
536.5784913324379,3.857000000000000000e+03
536.6541748057845,3.840000000000000000e+03
536.7298583143477,3.857000000000000000e+03
536.8055421372837,3.873000000000000000e+03
536.8812254011024,3.858000000000000000e+03
536.9569092495924,3.884000000000000000e+03
537.0325928090099,3.897000000000000000e+03
537.1082763585715,3.888000000000000000e+03
537.1839598892475,3.924000000000000000e+03
537.2596436806508,3.937000000000000000e+03
537.3353268577979,3.938000000000000000e+03
537.411010566398,3.913000000000000000e+03
537.4866335528031,3.970000000000000000e+03
537.5623168365025,3.965000000000000000e+03
537.6380003360828,3.967000000000000000e+03
537.7136843318589,3.977000000000000000e+03
537.7893676583791,4.020000000000000000e+03
537.8650511739759,4.011000000000000000e+03
537.940734869813,3.995000000000000000e+03
538.0164184475874,4.042000000000000000e+03
538.0920408046188,4.020000000000000000e+03
538.1677246810524,4.014000000000000000e+03
538.2434084124591,4.025000000000000000e+03
538.3190919897331,4.019000000000000000e+03
538.3947756936324,4.060000000000000000e+03
538.4704589353845,4.055000000000000000e+03
538.5461425757196,4.078000000000000000e+03
538.6217653920648,4.086000000000000000e+03
538.6974486256656,4.081000000000000000e+03
538.7731322312683,4.108000000000000000e+03
538.8488156195046,4.129000000000000000e+03
538.9244993621073,4.132000000000000000e+03
539.0001221504488,4.126000000000000000e+03
539.0758056867688,4.161000000000000000e+03
539.1514895509623,4.127000000000000000e+03
539.2271725712882,4.154000000000000000e+03
539.3027954051873,4.182000000000000000e+03
539.378479310497,4.180000000000000000e+03
539.4541629264281,4.197000000000000000e+03
539.5298462437939,4.210000000000000000e+03
539.6054689803647,4.191000000000000000e+03
539.6811522386217,4.218000000000000000e+03
539.7568363363963,4.242000000000000000e+03
539.832519225528,4.271000000000000000e+03
539.9081423044014,4.242000000000000000e+03
539.9838259373797,4.263000000000000000e+03
540.0595095003099,4.276000000000000000e+03
540.1351320092971,4.283000000000000000e+03
540.2108150962631,4.290000000000000000e+03
540.2864989617823,4.316000000000000000e+03
540.362121111465,4.282000000000000000e+03
540.4378056155781,4.291000000000000000e+03
540.5134888278695,4.319000000000000000e+03
540.5891111220752,4.315000000000000000e+03
540.6647949195459,4.320000000000000000e+03
540.7404782741969,4.311000000000000000e+03
540.8161009254455,4.357000000000000000e+03
540.8917848125893,4.371000000000000000e+03
540.9674685225426,4.361000000000000000e+03
541.0430911589102,4.386000000000000000e+03
541.1187741775063,4.398000000000000000e+03
541.194457870279,4.383000000000000000e+03
541.2700807045082,4.420000000000000000e+03
541.3457636520761,4.427000000000000000e+03
541.4213865683067,4.432000000000000000e+03
541.497070200242,4.442000000000000000e+03
541.5727541699249,4.445000000000000000e+03
541.648376858336,4.475000000000000000e+03
541.7240599931954,4.490000000000000000e+03
541.7996829685276,4.504000000000000000e+03
541.8753664065381,4.511000000000000000e+03
541.950988459017,4.528000000000000000e+03
542.0266721649095,4.520000000000000000e+03
542.1022953150494,4.542000000000000000e+03
542.1779780782617,4.551000000000000000e+03
542.2536014098382,4.573000000000000000e+03
542.329284076073,4.581000000000000000e+03
542.4049075539548,4.625000000000000000e+03
542.4805912648831,4.609000000000000000e+03
542.5562136767595,4.628000000000000000e+03
542.631897220388,4.635000000000000000e+03
542.7075197075332,4.676000000000000000e+03
542.7832033429272,4.681000000000000000e+03
542.8588255754784,4.652000000000000000e+03
542.9345092673785,4.671000000000000000e+03
543.0101320942985,4.685000000000000000e+03
543.0858158076525,4.713000000000000000e+03
543.1614377193954,4.708000000000000000e+03
543.2371220089141,4.731000000000000000e+03
543.3127444450705,4.728000000000000000e+03
543.3884278000902,4.747000000000000000e+03
543.4640501352047,4.752000000000000000e+03
543.5396728412053,4.766000000000000000e+03
543.6153561952086,4.756000000000000000e+03
543.6909787475163,4.782000000000000000e+03
543.7666625552929,4.751000000000000000e+03
543.8422846228852,4.802000000000000000e+03
543.917907905318,4.806000000000000000e+03
543.9935909887698,4.824000000000000000e+03
544.0692140297832,4.831000000000000000e+03
544.1448361882029,4.855000000000000000e+03
544.220519947648,4.851000000000000000e+03
544.2961426997966,4.893000000000000000e+03
544.3718261809979,4.871000000000000000e+03
544.4474486032625,4.895000000000000000e+03
544.5230709870222,4.892000000000000000e+03
544.5987550137446,4.914000000000000000e+03
544.6743770145879,4.920000000000000000e+03
544.7500001373947,4.940000000000000000e+03
544.8256222965063,4.948000000000000000e+03
544.9013064288619,4.945000000000000000e+03
544.976929025401,4.969000000000000000e+03
545.0525518192319,5.013000000000000000e+03
545.1282345318966,4.994000000000000000e+03
545.2038574139079,5.030000000000000000e+03
545.27947957532,5.016000000000000000e+03
545.3551027912747,5.068000000000000000e+03
545.4307859578726,5.065000000000000000e+03
545.5064085974922,5.076000000000000000e+03
545.582031075963,5.095000000000000000e+03
545.6576539799133,5.126000000000000000e+03
545.7333374615957,5.132000000000000000e+03
545.8089603143547,5.151000000000000000e+03
545.8845823750287,5.161000000000000000e+03
545.9602051246089,5.174000000000000000e+03
546.0358279586479,5.171000000000000000e+03
546.1115111125337,5.190000000000000000e+03
546.1871341062584,5.200000000000000000e+03
546.2627559649052,5.214000000000000000e+03
546.3383790667153,5.241000000000000000e+03
546.4140010154777,5.255000000000000000e+03
546.4896238920949,5.282000000000000000e+03
546.5653080328324,5.287000000000000000e+03
546.6409297699242,5.285000000000000000e+03
546.7165527083374,5.288000000000000000e+03
546.7921753454747,5.314000000000000000e+03
546.8677979714669,5.325000000000000000e+03
546.9434205776232,5.315000000000000000e+03
547.0190431552487,5.325000000000000000e+03
547.0946647977053,5.360000000000000000e+03
547.1703492667542,5.355000000000000000e+03
547.2459723224066,5.365000000000000000e+03
547.3215944163495,5.394000000000000000e+03
547.3972173369806,5.392000000000000000e+03
547.4728389782355,5.380000000000000000e+03
547.5484617288662,5.389000000000000000e+03
547.6240849813485,5.440000000000000000e+03
547.6997072275658,5.437000000000000000e+03
547.7753302583766,5.422000000000000000e+03
547.8509522649341,5.454000000000000000e+03
547.9265750390812,5.431000000000000000e+03
548.0021964706609,5.434000000000000000e+03
548.0778207553666,5.483000000000000000e+03
548.1534418774738,5.474000000000000000e+03
548.2290652357153,5.511000000000000000e+03
548.3046878169241,5.534000000000000000e+03
548.3803093111,5.488000000000000000e+03
548.4559330175531,5.497000000000000000e+03
548.5315556197277,5.535000000000000000e+03
548.6071771080813,5.577000000000000000e+03
548.6828010856999,5.549000000000000000e+03
548.7584221255744,5.560000000000000000e+03
548.834045337373,5.580000000000000000e+03
548.9096673999533,5.584000000000000000e+03
548.9852904134418,5.633000000000000000e+03
549.0609137670749,5.599000000000000000e+03
549.1364750314843,5.607000000000000000e+03
549.2120978166789,5.660000000000000000e+03
549.2877191060418,5.653000000000000000e+03
549.3633428131332,5.648000000000000000e+03
549.4389653087501,5.682000000000000000e+03
549.5145865832915,5.663000000000000000e+03
549.590210251744,5.700000000000000000e+03
549.665832681899,5.706000000000000000e+03
549.7413946298766,5.728000000000000000e+03
549.8170160497809,5.711000000000000000e+03
549.8926398319383,5.752000000000000000e+03
549.9682623401311,5.788000000000000000e+03
550.0438835647246,5.795000000000000000e+03
550.1195068250248,5.792000000000000000e+03
550.1950679386268,5.771000000000000000e+03
550.2706906900269,5.810000000000000000e+03
550.3463136366366,5.837000000000000000e+03
550.421935255224,5.850000000000000000e+03
550.4975591726949,5.874000000000000000e+03
550.5731205123872,5.834000000000000000e+03
550.6487432287166,5.881000000000000000e+03
550.7243648844632,5.895000000000000000e+03
550.7999885039992,5.942000000000000000e+03
550.8755494425731,5.917000000000000000e+03
550.951172094361,5.943000000000000000e+03
551.0267951682852,5.986000000000000000e+03
551.1024165301448,5.979000000000000000e+03
551.1779790561093,5.992000000000000000e+03
551.2536012026161,6.015000000000000000e+03
551.3292237372492,6.016000000000000000e+03
551.4047855382855,5.995000000000000000e+03
551.4804066788231,6.055000000000000000e+03
551.5560303111364,6.053000000000000000e+03
551.6315910047903,6.073000000000000000e+03
551.7072150175466,6.061000000000000000e+03
551.7828375420726,6.087000000000000000e+03
551.8583991818102,6.102000000000000000e+03
551.9340205121266,6.114000000000000000e+03
552.0096436778041,6.135000000000000000e+03
552.0852040546326,6.176000000000000000e+03
552.1608281083562,6.134000000000000000e+03
552.2363887123648,6.157000000000000000e+03
552.3120111809802,6.131000000000000000e+03
552.3876339198484,6.147000000000000000e+03
552.4631955723437,6.200000000000000000e+03
552.5388185047575,6.196000000000000000e+03
552.614380300461,6.196000000000000000e+03
552.6900021708618,6.222000000000000000e+03
552.765564075718,6.207000000000000000e+03
552.8411860712373,6.236000000000000000e+03
552.9168082777293,6.234000000000000000e+03
552.9923707499584,6.214000000000000000e+03
553.0679933370403,6.253000000000000000e+03
553.1435543046211,6.233000000000000000e+03
553.2191769324178,6.289000000000000000e+03
553.2947381962192,6.281000000000000000e+03
553.3703611371725,6.293000000000000000e+03
553.4459223575054,6.318000000000000000e+03
553.521545578136,6.304000000000000000e+03
553.5971070276289,6.289000000000000000e+03
553.6727301879512,6.353000000000000000e+03
553.74829183306,6.346000000000000000e+03
553.823851714682,6.323000000000000000e+03
553.8994751723073,6.345000000000000000e+03
553.9750367322185,6.371000000000000000e+03
554.050658510177,6.356000000000000000e+03
554.1262201811371,6.392000000000000000e+03
554.2018439290302,6.371000000000000000e+03
554.2774053707294,6.404000000000000000e+03
554.3529671374815,6.428000000000000000e+03
554.4285888549837,6.449000000000000000e+03
554.5041506486573,6.441000000000000000e+03
554.579712127434,6.450000000000000000e+03
554.6553335805664,6.493000000000000000e+03
554.7308950353918,6.505000000000000000e+03
554.8065186350868,6.470000000000000000e+03
554.8820800328116,6.527000000000000000e+03
554.9576410728757,6.552000000000000000e+03
555.0332642831411,6.576000000000000000e+03
555.108825215094,6.542000000000000000e+03
555.1843863800646,6.619000000000000000e+03
555.2599490030949,6.638000000000000000e+03
555.3355716725129,6.649000000000000000e+03
555.4111322702728,6.645000000000000000e+03
555.486694610333,6.657000000000000000e+03
555.5623170204691,6.674000000000000000e+03
555.6378788265472,6.678000000000000000e+03
555.7134408077316,6.724000000000000000e+03
555.7890023379755,6.734000000000000000e+03
555.8646239696742,6.722000000000000000e+03
555.9401852063803,6.749000000000000000e+03
556.0157462753666,6.795000000000000000e+03
556.0913090235443,6.824000000000000000e+03
556.1668694227267,6.839000000000000000e+03
556.2424921284115,6.834000000000000000e+03
556.3180540060974,6.840000000000000000e+03
556.3936159838638,6.851000000000000000e+03
556.46917743411,6.873000000000000000e+03
556.544738657784,6.891000000000000000e+03
556.6202993365139,6.892000000000000000e+03
556.6959226832005,6.932000000000000000e+03
556.7714847427467,6.935000000000000000e+03
556.8470468524312,6.933000000000000000e+03
556.9226065226395,6.989000000000000000e+03
556.9981696377276,6.968000000000000000e+03
557.0737306061917,6.983000000000000000e+03
557.1492912804306,6.963000000000000000e+03
557.2248535148585,6.981000000000000000e+03
557.3004154389016,7.003000000000000000e+03
557.3759767333004,6.996000000000000000e+03
557.451598607399,7.046000000000000000e+03
557.5271614300829,7.060000000000000000e+03
557.6027217325554,7.045000000000000000e+03
557.6782835475029,7.073000000000000000e+03
557.7538450012918,7.067000000000000000e+03
557.8294060853028,7.075000000000000000e+03
557.9049686584602,7.108000000000000000e+03
557.9805305342576,7.108000000000000000e+03
558.0560904581027,7.116000000000000000e+03
558.1316534042687,7.080000000000000000e+03
558.2072143813721,7.169000000000000000e+03
558.2827764962979,7.121000000000000000e+03
558.3583381828406,7.142000000000000000e+03
558.4338994323449,7.108000000000000000e+03
558.5094602361507,7.110000000000000000e+03
558.5850224576968,7.179000000000000000e+03
558.6605230453073,7.178000000000000000e+03
558.7360843175928,7.173000000000000000e+03
558.8116447982349,7.182000000000000000e+03
558.8872066647817,7.208000000000000000e+03
558.9627683478695,7.206000000000000000e+03
559.0383292140123,7.205000000000000000e+03
559.1138914425185,7.221000000000000000e+03
559.1894531500513,7.253000000000000000e+03
559.2650140151281,7.282000000000000000e+03
559.3405155236203,7.296000000000000000e+03
559.4160774775995,7.291000000000000000e+03
559.491638563738,7.326000000000000000e+03
559.5671990861741,7.316000000000000000e+03
559.6427612285802,7.335000000000000000e+03
559.7183224777227,7.336000000000000000e+03
559.7938239112091,7.375000000000000000e+03
559.8693855251184,7.376000000000000000e+03
559.9449468470373,7.413000000000000000e+03
560.0205075548458,7.430000000000000000e+03
560.0960695220344,7.419000000000000000e+03
560.1715693553381,7.481000000000000000e+03
560.2471316053342,7.442000000000000000e+03
560.3226935219939,7.439000000000000000e+03
560.3982544687057,7.496000000000000000e+03
560.4737553798353,7.519000000000000000e+03
560.549316857351,7.521000000000000000e+03
560.6248776534629,7.516000000000000000e+03
560.70037802624,7.557000000000000000e+03
560.7759393038835,7.586000000000000000e+03
560.8515017620771,7.581000000000000000e+03
560.9270018364357,7.598000000000000000e+03
561.0025625253518,7.624000000000000000e+03
561.0781246855694,7.634000000000000000e+03
561.1536262760454,7.710000000000000000e+03
561.2291866163674,7.711000000000000000e+03
561.304748089255,7.732000000000000000e+03
561.3802492335784,7.703000000000000000e+03
561.4558107265045,7.796000000000000000e+03
561.5313717522904,7.766000000000000000e+03
561.6068723759059,7.784000000000000000e+03
561.6824333719698,7.793000000000000000e+03
561.7579339169324,7.833000000000000000e+03
561.8334954817075,7.836000000000000000e+03
561.9089955995389,7.882000000000000000e+03
561.9845564375671,7.869000000000000000e+03
562.0601218043322,7.905000000000000000e+03
562.1356190160956,7.886000000000000000e+03
562.2111807638972,7.884000000000000000e+03
562.2866837867199,7.940000000000000000e+03
562.3622450420103,7.936000000000000000e+03
562.4377443607594,7.950000000000000000e+03
562.5133050891404,7.964000000000000000e+03
562.5888069961169,7.910000000000000000e+03
562.6643671648543,7.959000000000000000e+03
562.739868463935,7.989000000000000000e+03
562.8154280394092,7.959000000000000000e+03
562.8909286969488,8.006000000000000000e+03
562.9664305978828,8.028000000000000000e+03
563.0419939681478,8.016000000000000000e+03
563.1174920085415,8.010000000000000000e+03
563.19305470474,8.024000000000000000e+03
563.2685551920358,8.002000000000000000e+03
563.3440568835294,8.061000000000000000e+03
563.419616911542,8.058000000000000000e+03
563.4951146546897,8.094000000000000000e+03
563.5706770994776,8.085000000000000000e+03
563.6461803879624,8.050000000000000000e+03
563.7216816652208,8.105000000000000000e+03
563.7972413162915,8.106000000000000000e+03
563.8727417375509,8.109000000000000000e+03
563.948243300408,8.112000000000000000e+03
564.0238032597638,8.092000000000000000e+03
564.0993039174446,8.150000000000000000e+03
564.1748025104577,8.127000000000000000e+03
564.2503658884998,8.147000000000000000e+03
564.3258667100131,8.200000000000000000e+03
564.4013686264184,8.178000000000000000e+03
564.4768684441426,8.232000000000000000e+03
564.5524298972744,8.227000000000000000e+03
564.6279318813953,8.241000000000000000e+03
564.7034317408531,8.289000000000000000e+03
564.7789326555933,8.289000000000000000e+03
564.8544314277575,8.309000000000000000e+03
564.9299918767013,8.311000000000000000e+03
565.005495928257,8.316000000000000000e+03
565.0809946197296,8.331000000000000000e+03
565.1564943267665,8.319000000000000000e+03
565.2319918472216,8.343000000000000000e+03
565.3075574772264,8.324000000000000000e+03
565.3830570069348,8.389000000000000000e+03
565.4585575213804,8.366000000000000000e+03
565.5340558149843,8.396000000000000000e+03
565.6095582761728,8.447000000000000000e+03
565.6850585002172,8.439000000000000000e+03
565.760556477251,8.456000000000000000e+03
565.8360618025167,8.470000000000000000e+03
565.9116225122199,8.501000000000000000e+03
565.9871233197282,8.545000000000000000e+03
566.0626218458439,8.598000000000000000e+03
566.1381244909254,8.634000000000000000e+03
566.2136216322725,8.679000000000000000e+03
566.289126084757,8.723000000000000000e+03
566.3646250154166,8.754000000000000000e+03
566.4401248288668,8.740000000000000000e+03
566.5156223083626,8.739000000000000000e+03
566.5911238644974,8.822000000000000000e+03
566.666626281373,8.807000000000000000e+03
566.7421263396649,8.812000000000000000e+03
566.8176240294433,8.795000000000000000e+03
566.8931289818083,8.851000000000000000e+03
566.9686283363882,8.897000000000000000e+03
567.044128511452,8.852000000000000000e+03
567.1196262833736,8.891000000000000000e+03
567.1951280764068,8.877000000000000000e+03
567.2706306677735,8.926000000000000000e+03
567.3460696737624,8.886000000000000000e+03
567.4215706028087,8.912000000000000000e+03
567.4970690857559,8.938000000000000000e+03
567.5725715554013,8.950000000000000000e+03
567.6480715624202,8.970000000000000000e+03
567.7235723199296,8.942000000000000000e+03
567.7990705965543,8.938000000000000000e+03
567.8745728319317,8.976000000000000000e+03
567.9500112820856,8.984000000000000000e+03
568.0255117228037,8.977000000000000000e+03
568.1010128751681,8.994000000000000000e+03
568.1765115034954,8.993000000000000000e+03
568.2520140559766,9.005000000000000000e+03
568.327455928513,8.977000000000000000e+03
568.4029533742392,9.032000000000000000e+03
568.478454722623,9.027000000000000000e+03
568.5539535037092,8.988000000000000000e+03
568.6293947397575,8.993000000000000000e+03
568.7048948100362,9.006000000000000000e+03
568.7803955214323,9.009000000000000000e+03
568.8558968664703,9.032000000000000000e+03
568.9313373379196,9.013000000000000000e+03
569.0068366737867,9.032000000000000000e+03
569.0823366191238,9.041000000000000000e+03
569.1577756177235,9.076000000000000000e+03
569.2332767431898,9.080000000000000000e+03
569.3087752145101,9.048000000000000000e+03
569.3842159078702,9.039000000000000000e+03
569.4597155117148,9.084000000000000000e+03
569.5352189219938,9.100000000000000000e+03
569.6106547533757,9.064000000000000000e+03
569.6861592519366,9.099000000000000000e+03
569.7615961204366,9.164000000000000000e+03
569.8370951828829,9.124000000000000000e+03
569.9125980167112,9.129000000000000000e+03
569.9880363908212,9.152000000000000000e+03
570.063540235015,9.162000000000000000e+03
570.1389763193972,9.199000000000000000e+03
570.2144778914571,9.221000000000000000e+03
570.2899149030349,9.243000000000000000e+03
570.3654174215969,9.242000000000000000e+03
570.4408585841445,9.260000000000000000e+03
570.516355510032,9.278000000000000000e+03
570.5917975400971,9.285000000000000000e+03
570.6672953476274,9.317000000000000000e+03
570.7427349574187,9.322000000000000000e+03
570.8182368737373,9.319000000000000000e+03
570.8936740294567,9.416000000000000000e+03
570.9691767675921,9.397000000000000000e+03
571.044617956385,9.454000000000000000e+03
571.120118225025,9.424000000000000000e+03
571.1955568946336,9.463000000000000000e+03
571.2709959150741,9.499000000000000000e+03
571.3464973017159,9.543000000000000000e+03
571.4219370173379,9.516000000000000000e+03
571.4974358505949,9.551000000000000000e+03
571.5728729630794,9.498000000000000000e+03
571.6483169221735,9.558000000000000000e+03
571.7238167556269,9.594000000000000000e+03
571.7992547962239,9.604000000000000000e+03
571.874696395271,9.632000000000000000e+03
571.9501938880238,9.633000000000000000e+03
572.0256327861869,9.693000000000000000e+03
572.1010752224225,9.678000000000000000e+03
572.1765735734161,9.642000000000000000e+03
572.2520132602132,9.718000000000000000e+03
572.3274531890821,9.693000000000000000e+03
572.4028933523459,9.749000000000000000e+03
572.4783960113044,9.739000000000000000e+03
572.5538333585442,9.759000000000000000e+03
572.6292741944405,9.754000000000000000e+03
572.7047119540778,9.785000000000000000e+03
572.780212242593,9.787000000000000000e+03
572.8556503993934,9.749000000000000000e+03
572.9310920175104,9.793000000000000000e+03
573.0065305250978,9.789000000000000000e+03
573.0819691960772,9.793000000000000000e+03
573.1574080227304,9.773000000000000000e+03
573.232909430562,9.801000000000000000e+03
573.3083485618251,9.811000000000000000e+03
573.3837911132744,9.821000000000000000e+03
573.4592305026606,9.841000000000000000e+03
573.5346700090696,9.811000000000000000e+03
573.6101096247586,9.797000000000000000e+03
573.6855493419805,9.788000000000000000e+03
573.7609858609676,9.831000000000000000e+03
573.8364257571322,9.821000000000000000e+03
573.9118624378157,9.847000000000000000e+03
573.9873057764995,9.869000000000000000e+03
574.0627425886909,9.836000000000000000e+03
574.1382453810519,9.847000000000000000e+03
574.2136823092575,9.794000000000000000e+03
574.2891225732211,9.807000000000000000e+03
574.3645628688121,9.832000000000000000e+03
574.4399404917988,9.809000000000000000e+03
574.5153808108072,9.865000000000000000e+03
574.5908178365182,9.831000000000000000e+03
574.6662581633567,9.873000000000000000e+03
574.7416984828392,9.921000000000000000e+03
574.8171387871569,9.842000000000000000e+03
574.8925790684976,9.899000000000000000e+03
574.9680160131622,9.851000000000000000e+03
575.0434562242268,9.881000000000000000e+03
575.1188930812343,9.923000000000000000e+03
575.1943364992081,9.940000000000000000e+03
575.2697765474628,9.920000000000000000e+03
575.3451536315831,9.938000000000000000e+03
575.4205935156243,9.920000000000000000e+03
575.4960333140378,9.978000000000000000e+03
575.5714730189743,1.002800000000000000e+04
575.6469093088864,9.995000000000000000e+03
575.7223521169975,1.006600000000000000e+04
575.7977285011834,1.001400000000000000e+04
575.8731677371276,1.001300000000000000e+04
575.9486101574518,1.006800000000000000e+04
576.0240491208147,1.003600000000000000e+04
576.0994281953324,1.006400000000000000e+04
576.1748668380864,1.008600000000000000e+04
576.2503053165299,1.012900000000000000e+04
576.3257436227722,1.010500000000000000e+04
576.401121946027,1.019700000000000000e+04
576.4765631917769,1.016600000000000000e+04
576.5520009192454,1.022800000000000000e+04
576.627378593058,1.022400000000000000e+04
576.7028192152051,1.023200000000000000e+04
576.7782596194585,1.028800000000000000e+04
576.8536365734708,1.029400000000000000e+04
576.9290798301113,1.032900000000000000e+04
577.0045161881444,1.034100000000000000e+04
577.0798956812308,1.037800000000000000e+04
577.1553348449369,1.038000000000000000e+04
577.2307737431714,1.033000000000000000e+04
577.3061523771543,1.035500000000000000e+04
577.3815940386273,1.042500000000000000e+04
577.4569687212091,1.043900000000000000e+04
577.5324097821534,1.043200000000000000e+04
577.6077871497567,1.040600000000000000e+04
577.6832275791974,1.050900000000000000e+04
577.7586042662564,1.049100000000000000e+04
577.8340473712362,1.050100000000000000e+04
577.9094233467189,1.049100000000000000e+04
577.9848624183549,1.049500000000000000e+04
578.06024099099,1.047700000000000000e+04
578.1356826786689,1.054700000000000000e+04
578.2110604784385,1.055200000000000000e+04
578.2865014103915,1.053500000000000000e+04
578.3618750602704,1.055900000000000000e+04
578.4373152036164,1.056900000000000000e+04
578.5126947075182,1.055200000000000000e+04
578.5880737744064,1.057800000000000000e+04
578.6635160180301,1.056000000000000000e+04
578.7388908540094,1.055900000000000000e+04
578.8143322323514,1.058400000000000000e+04
578.8897095032095,1.059200000000000000e+04
578.9650862969057,1.060700000000000000e+04
579.0405296629765,1.063900000000000000e+04
579.1159054956761,1.062000000000000000e+04
579.1912841817008,1.061000000000000000e+04
579.2667227590988,1.058600000000000000e+04
579.3421004375672,1.056300000000000000e+04
579.4174809495532,1.057200000000000000e+04
579.4928575733711,1.053200000000000000e+04
579.5682974782039,1.061700000000000000e+04
579.6436763906835,1.059700000000000000e+04
579.7190547488921,1.059200000000000000e+04
579.7944325447469,1.058100000000000000e+04
579.8698736574771,1.062600000000000000e+04
579.9452503209693,1.063600000000000000e+04
580.0206297620755,1.058200000000000000e+04
580.0960086102061,1.062000000000000000e+04
580.1713868572579,1.059600000000000000e+04
580.2467678619868,1.062100000000000000e+04
580.3222055027192,1.062200000000000000e+04
580.3975819144985,1.061700000000000000e+04
580.472964431725,1.061100000000000000e+04
580.5483361997073,1.065800000000000000e+04
580.6237208011142,1.062800000000000000e+04
580.6990980056318,1.063600000000000000e+04
580.774474545852,1.068400000000000000e+04
580.8498537875009,1.063900000000000000e+04
580.9252289755794,1.064700000000000000e+04
581.0006743628959,1.066000000000000000e+04
581.0760481837603,1.069100000000000000e+04
581.1514280543308,1.065300000000000000e+04
581.2268072152121,1.074300000000000000e+04
581.3021822791188,1.073800000000000000e+04
581.3775633752501,1.070900000000000000e+04
581.4529437389426,1.069100000000000000e+04
581.5283199802694,1.073500000000000000e+04
581.6036988536778,1.073100000000000000e+04
581.6790160670166,1.081500000000000000e+04
581.7543934024975,1.076900000000000000e+04
581.8297699646201,1.080900000000000000e+04
581.9051525174606,1.084400000000000000e+04
581.9805308970429,1.086300000000000000e+04
582.0559084804219,1.089000000000000000e+04
582.1312852593902,1.089500000000000000e+04
582.206668005028,1.086800000000000000e+04
582.2820397617667,1.088900000000000000e+04
582.3574242532981,1.094200000000000000e+04
582.4327366749485,1.091800000000000000e+04
582.508116082625,1.094200000000000000e+04
582.5834946400697,1.097500000000000000e+04
582.658872339047,1.092400000000000000e+04
582.7342525671091,1.104100000000000000e+04
582.8095673852416,1.106800000000000000e+04
582.8849492395216,1.105000000000000000e+04
582.9603268074364,1.109700000000000000e+04
583.0357068767066,1.103900000000000000e+04
583.1110214380087,1.115000000000000000e+04
583.1864030744695,1.115000000000000000e+04
583.2617769878166,1.116700000000000000e+04
583.3371601786139,1.114000000000000000e+04
583.4124743613642,1.117400000000000000e+04
583.4878556582576,1.114900000000000000e+04
583.5632325991093,1.119300000000000000e+04
583.6385472652148,1.120100000000000000e+04
583.7139290751193,1.120900000000000000e+04
583.7893065032263,1.121100000000000000e+04
583.8646249949269,1.122700000000000000e+04
583.9400004322508,1.121500000000000000e+04
584.0153168866366,1.128900000000000000e+04
584.0907005347968,1.125800000000000000e+04
584.1660763462396,1.127100000000000000e+04
584.2413965200363,1.126900000000000000e+04
584.3167736762043,1.125600000000000000e+04
584.3920917365156,1.125400000000000000e+04
584.4674702084938,1.125300000000000000e+04
584.5427861228587,1.132200000000000000e+04
584.6181658817017,1.130800000000000000e+04
584.6934796176279,1.126000000000000000e+04
584.7688572148127,1.130900000000000000e+04
584.8441755797492,1.126200000000000000e+04
584.919554404934,1.130200000000000000e+04
584.9948739529473,1.126300000000000000e+04
585.0702539779767,1.127900000000000000e+04
585.145567832981,1.129800000000000000e+04
585.2208873808705,1.126500000000000000e+04
585.2962674300239,1.128100000000000000e+04
585.3715812355221,1.123300000000000000e+04
585.446962410467,1.126700000000000000e+04
585.522277293224,1.129500000000000000e+04
585.5975978392732,1.126400000000000000e+04
585.6729720672993,1.127400000000000000e+04
585.7482902189189,1.123100000000000000e+04
585.8236071536562,1.131000000000000000e+04
585.8989880858402,1.127500000000000000e+04
585.9743025783406,1.129700000000000000e+04
586.0496192632522,1.124600000000000000e+04
586.1249381347992,1.127100000000000000e+04
586.200317604434,1.123800000000000000e+04
586.2756374097312,1.129100000000000000e+04
586.3509525064017,1.125300000000000000e+04
586.4262697612708,1.130500000000000000e+04
586.5016510856912,1.129100000000000000e+04
586.576965774025,1.129400000000000000e+04
586.6522825996321,1.128700000000000000e+04
586.7275981142149,1.134700000000000000e+04
586.8029157526896,1.132200000000000000e+04
586.878297505942,1.131600000000000000e+04
586.9536125003841,1.129700000000000000e+04
587.0289295977367,1.136600000000000000e+04
587.1042487921765,1.138400000000000000e+04
587.1795666300785,1.136300000000000000e+04
587.2548831029591,1.134200000000000000e+04
587.3301982023304,1.132600000000000000e+04
587.4055153701529,1.139400000000000000e+04
587.4808346005856,1.143800000000000000e+04
587.5561558877838,1.141200000000000000e+04
587.631468866577,1.148900000000000000e+04
587.7067838851247,1.146000000000000000e+04
587.78216658026,1.144200000000000000e+04
587.8574856775697,1.149700000000000000e+04
587.9328033404089,1.155100000000000000e+04
588.0080538670875,1.155400000000000000e+04
588.0833720770029,1.155400000000000000e+04
588.1586888286358,1.156900000000000000e+04
588.234007573644,1.156900000000000000e+04
588.3093248450679,1.160400000000000000e+04
588.3846440963296,1.164400000000000000e+04
588.4599618586897,1.169000000000000000e+04
588.5352781235977,1.162200000000000000e+04
588.6105963471232,1.168200000000000000e+04
588.6859130578563,1.168900000000000000e+04
588.761231713632,1.166600000000000000e+04
588.8364864301399,1.173400000000000000e+04
588.9118020050827,1.173400000000000000e+04
588.9871195037894,1.168000000000000000e+04
589.0624389203426,1.176100000000000000e+04
589.1377567779897,1.178500000000000000e+04
589.2130730681441,1.183600000000000000e+04
589.2883287478853,1.186100000000000000e+04
589.3636453356847,1.181100000000000000e+04
589.4389638063658,1.183600000000000000e+04
589.5142806787193,1.184400000000000000e+04
589.5895403256021,1.189500000000000000e+04
589.6648574383153,1.187700000000000000e+04
589.740176406581,1.186400000000000000e+04
589.8154276479908,1.189200000000000000e+04
589.8907468120178,1.196600000000000000e+04
589.9660643313503,1.192900000000000000e+04
590.0413210120631,1.188200000000000000e+04
590.1166352010036,1.187500000000000000e+04
590.1919546858783,1.186700000000000000e+04
590.2672132644499,1.189400000000000000e+04
590.3425293741994,1.191900000000000000e+04
590.4177880160598,1.185900000000000000e+04
590.4931042037921,1.192400000000000000e+04
590.568418683014,1.192900000000000000e+04
590.643675627467,1.191500000000000000e+04
590.7189936284246,1.190500000000000000e+04
590.7942505619948,1.191200000000000000e+04
590.8695685685237,1.191100000000000000e+04
590.9448219696872,1.190500000000000000e+04
591.0201399515241,1.189400000000000000e+04
591.0953967743105,1.189900000000000000e+04
591.1707147029425,1.186000000000000000e+04
591.2459714266577,1.187600000000000000e+04
591.3212892726514,1.191100000000000000e+04
591.3965458678394,1.190700000000000000e+04
591.4718006307248,1.190800000000000000e+04
591.547116539627,1.187900000000000000e+04
591.6223746281325,1.185600000000000000e+04
591.6976903797901,1.189900000000000000e+04
591.7729482668865,1.188500000000000000e+04
591.8482042834247,1.187900000000000000e+04
591.9235214878881,1.187500000000000000e+04
591.9987807623979,1.188100000000000000e+04
592.0740346381908,1.189300000000000000e+04
592.1493532320127,1.190400000000000000e+04
592.2246103231383,1.189900000000000000e+04
592.2998654966053,1.188800000000000000e+04
592.3751222527409,1.192000000000000000e+04
592.4504402550338,1.191300000000000000e+04
592.5256966625434,1.189900000000000000e+04
592.6009511209176,1.189200000000000000e+04
592.6762106466866,1.197000000000000000e+04
592.7515244260364,1.192500000000000000e+04
592.8267835455117,1.195500000000000000e+04
592.9020371707703,1.194100000000000000e+04
592.9772958390107,1.193400000000000000e+04
593.0525489954576,1.198500000000000000e+04
593.1278071826566,1.199500000000000000e+04
593.2031266995527,1.195900000000000000e+04
593.2783808730474,1.204900000000000000e+04
593.3536365391337,1.202300000000000000e+04
593.4288936916811,1.200400000000000000e+04
593.5041488020836,1.201300000000000000e+04
593.5794089082539,1.207300000000000000e+04
593.6546634339551,1.203900000000000000e+04
593.729919417986,1.206000000000000000e+04
593.8051733281523,1.208000000000000000e+04
593.8804322095,1.206700000000000000e+04
593.955689002888,1.212000000000000000e+04
594.0309472282032,1.215800000000000000e+04
594.1061998200399,1.215100000000000000e+04
594.1814573584147,1.217700000000000000e+04
594.2567163084306,1.218700000000000000e+04
594.3319695993049,1.219900000000000000e+04
594.4072278190921,1.215400000000000000e+04
594.4824803620132,1.216600000000000000e+04
594.5577413564724,1.220100000000000000e+04
594.6329931222317,1.223700000000000000e+04
594.7082533289405,1.224300000000000000e+04
594.7834441469494,1.224200000000000000e+04
594.85870352054,1.227800000000000000e+04
594.9339607052526,1.228500000000000000e+04
595.0092192325558,1.231900000000000000e+04
595.0844720137306,1.230500000000000000e+04
595.1596694470827,1.229300000000000000e+04
595.2349248608839,1.229600000000000000e+04
595.310178044894,1.234800000000000000e+04
595.3854360798784,1.234100000000000000e+04
595.4606918708308,1.235200000000000000e+04
595.5358886627483,1.232300000000000000e+04
595.611147019589,1.231500000000000000e+04
595.6864031092157,1.234900000000000000e+04
595.7615965842728,1.237300000000000000e+04
595.836855197865,1.232900000000000000e+04
595.9121115210278,1.234000000000000000e+04
595.9873051606659,1.241600000000000000e+04
596.0625604137975,1.237500000000000000e+04
596.1378169052595,1.241200000000000000e+04
596.2130106441916,1.240200000000000000e+04
596.2882695773723,1.242300000000000000e+04
596.3635261735925,1.235800000000000000e+04
596.4387199482267,1.240400000000000000e+04
596.5139753866564,1.237700000000000000e+04
596.5891715160268,1.239300000000000000e+04
596.6644293271388,1.234800000000000000e+04
596.739624225117,1.237000000000000000e+04
596.8148808209818,1.237200000000000000e+04
596.8900744570072,1.237800000000000000e+04
596.9653333707323,1.238900000000000000e+04
597.0405257151125,1.237500000000000000e+04
597.115786920592,1.235100000000000000e+04
597.1909779436049,1.234000000000000000e+04
597.2662342801653,1.239600000000000000e+04
597.3414275184313,1.232900000000000000e+04
597.4166254158234,1.236300000000000000e+04
597.491885088153,1.232100000000000000e+04
597.5670780238231,1.233700000000000000e+04
597.6423327487403,1.231600000000000000e+04
597.7175242592349,1.233500000000000000e+04
597.792720398088,1.234300000000000000e+04
597.8679783530253,1.232200000000000000e+04
597.9431801766776,1.233700000000000000e+04
598.0183687346421,1.231200000000000000e+04
598.0936227072775,1.230800000000000000e+04
598.1688204827943,1.229800000000000000e+04
598.2440156960317,1.232100000000000000e+04
598.3192119177841,1.230900000000000000e+04
598.3944735953452,1.229000000000000000e+04
598.4696646678975,1.233900000000000000e+04
598.5448638913675,1.233700000000000000e+04
598.6200605143976,1.231600000000000000e+04
598.6952545279034,1.231500000000000000e+04
598.7705032869707,1.227200000000000000e+04
598.845702827054,1.225500000000000000e+04
598.9209033228055,1.234000000000000000e+04
598.9960940039387,1.233600000000000000e+04
599.0712892114018,1.233700000000000000e+04
599.1464853517283,1.233500000000000000e+04
599.2216788278446,1.233500000000000000e+04
599.2968768137707,1.233600000000000000e+04
599.3720685283897,1.233500000000000000e+04
599.4472683333562,1.234200000000000000e+04
599.5225229531976,1.231800000000000000e+04
599.5977173765003,1.234100000000000000e+04
599.6729126841367,1.235000000000000000e+04
599.7481088696748,1.238400000000000000e+04
599.8232987309193,1.237600000000000000e+04
599.8985002499289,1.234500000000000000e+04
599.9736306356483,1.245100000000000000e+04
600.0488302503571,1.241800000000000000e+04
600.1240271092662,1.240400000000000000e+04
600.1992212032151,1.238800000000000000e+04
600.274408919746,1.241000000000000000e+04
600.3496082679649,1.241200000000000000e+04
600.4248084342357,1.245900000000000000e+04
600.499998594085,1.247300000000000000e+04
600.5751931605373,1.247600000000000000e+04
600.6503235814662,1.249200000000000000e+04
600.7255197152398,1.248900000000000000e+04
600.8007166310834,1.252100000000000000e+04
600.875914322513,1.251300000000000000e+04
600.9511163944641,1.250100000000000000e+04
601.0262433719869,1.252300000000000000e+04
601.1014361076029,1.255200000000000000e+04
601.1766404316174,1.257600000000000000e+04
601.2518346554406,1.254700000000000000e+04
601.3269681412486,1.257500000000000000e+04
601.4021565754814,1.258600000000000000e+04
601.4773565793163,1.258900000000000000e+04
601.55249578129,1.262600000000000000e+04
601.6276863350764,1.261100000000000000e+04
601.7028775856559,1.259800000000000000e+04
601.7780115846128,1.261800000000000000e+04
601.8532078169892,1.260200000000000000e+04
601.9284011052009,1.270400000000000000e+04
602.0035370787526,1.268200000000000000e+04
602.0787353122603,1.267000000000000000e+04
602.1538653131911,1.267500000000000000e+04
602.2290648417321,1.265200000000000000e+04
602.3041960901958,1.266100000000000000e+04
602.3793896303448,1.266100000000000000e+04
602.4545329868457,1.261700000000000000e+04
602.52972050603,1.268300000000000000e+04
602.6048541681286,1.269900000000000000e+04
602.6800537894703,1.269100000000000000e+04
602.7551886194266,1.263100000000000000e+04
602.8303821600039,1.269000000000000000e+04
602.9055217646458,1.261500000000000000e+04
602.9807128258426,1.265700000000000000e+04
603.055846272166,1.261400000000000000e+04
603.1309766185691,1.263100000000000000e+04
603.2061729886882,1.264500000000000000e+04
603.281308042969,1.266800000000000000e+04
603.3564436151993,1.262700000000000000e+04
603.4316452421198,1.266000000000000000e+04
603.5067745623387,1.267200000000000000e+04
603.5819116632719,1.261800000000000000e+04
603.6571039159869,1.265900000000000000e+04
603.732238361985,1.262900000000000000e+04
603.8073696385936,1.264200000000000000e+04
603.8825123234259,1.257300000000000000e+04
603.9576992468579,1.264600000000000000e+04
604.0328355724649,1.255700000000000000e+04
604.1079723479853,1.259100000000000000e+04
604.1831095667776,1.259300000000000000e+04
604.2582983401253,1.260200000000000000e+04
604.3334364382367,1.264100000000000000e+04
604.4085676534826,1.259000000000000000e+04
604.4836992817685,1.260200000000000000e+04
604.5588422811774,1.255300000000000000e+04
604.6339747182885,1.257700000000000000e+04
604.7091075484526,1.261400000000000000e+04
604.7842444226404,1.259400000000000000e+04
604.859378019808,1.254400000000000000e+04
604.9345046710955,1.262000000000000000e+04
605.009704892442,1.259500000000000000e+04
605.0848359419433,1.261100000000000000e+04
605.1599746669862,1.262100000000000000e+04
605.23510275086,1.260000000000000000e+04
605.310245826721,1.259700000000000000e+04
605.3853159408447,1.257800000000000000e+04
605.4604486674336,1.261500000000000000e+04
605.535581711707,1.262600000000000000e+04
605.6107150669574,1.265500000000000000e+04
605.6858487264751,1.260900000000000000e+04
605.7609863530097,1.269300000000000000e+04
605.8361242722013,1.263900000000000000e+04
605.9112514634761,1.268400000000000000e+04
605.9863899450862,1.263500000000000000e+04
606.0615286991821,1.269300000000000000e+04
606.1365942387108,1.266700000000000000e+04
606.2117261495124,1.275200000000000000e+04
606.2868656606279,1.268500000000000000e+04
606.3619980637881,1.268400000000000000e+04
606.4370718595482,1.270900000000000000e+04
606.5122047116855,1.269800000000000000e+04
606.5873377854751,1.270000000000000000e+04
606.6624747545558,1.270300000000000000e+04
606.7375456701113,1.266100000000000000e+04
606.8126830359437,1.275300000000000000e+04
606.8878205982112,1.276500000000000000e+04
606.9628957214667,1.270500000000000000e+04
607.0380225859356,1.276400000000000000e+04
607.1131606786419,1.274100000000000000e+04
607.1882288919476,1.278800000000000000e+04
607.2633709869046,1.278200000000000000e+04
607.3385021736576,1.277900000000000000e+04
607.4135707840262,1.273500000000000000e+04
607.4887096199877,1.273600000000000000e+04
607.5637821472627,1.282000000000000000e+04
607.6389138462803,1.277400000000000000e+04
607.7139865728267,1.278300000000000000e+04
607.7891221807843,1.278400000000000000e+04
607.8641950802765,1.278300000000000000e+04
607.9393308785938,1.287100000000000000e+04
608.0144039237675,1.284200000000000000e+04
608.089539885174,1.278200000000000000e+04
608.1646130487377,1.281000000000000000e+04
608.2397417468239,1.283200000000000000e+04
608.3148187001017,1.282600000000000000e+04
608.3898956827247,1.283000000000000000e+04
608.4650245200035,1.281800000000000000e+04
608.5401015535813,1.281700000000000000e+04
608.6151785959717,1.283400000000000000e+04
608.6903112159022,1.286100000000000000e+04
608.7653771512115,1.278400000000000000e+04
608.8404578967535,1.282700000000000000e+04
608.9155905344547,1.277100000000000000e+04
608.990660126277,1.282700000000000000e+04
609.0657296820973,1.282400000000000000e+04
609.1408659845031,1.280100000000000000e+04
609.2159465984835,1.284000000000000000e+04
609.2910160242585,1.280900000000000000e+04
609.3660890997941,1.277200000000000000e+04
609.4411621067635,1.279700000000000000e+04
609.5162981949915,1.277500000000000000e+04
609.591371059717,1.277000000000000000e+04
609.6664438352011,1.272400000000000000e+04
609.7415165145444,1.279800000000000000e+04
609.8165928096073,1.283600000000000000e+04
609.8916652768738,1.284800000000000000e+04
609.9667339066874,1.279300000000000000e+04
610.041806132408,1.281200000000000000e+04
610.1168819498673,1.282400000000000000e+04
610.1919576315516,1.280000000000000000e+04
610.2670257220219,1.274500000000000000e+04
610.3421011095528,1.274400000000000000e+04
610.4171800666223,1.277100000000000000e+04
610.4922476810158,1.281000000000000000e+04
610.5673225771701,1.282600000000000000e+04
610.6423935671218,1.276500000000000000e+04
610.7174681006938,1.280300000000000000e+04
610.7925387123403,1.278100000000000000e+04
610.8676165871373,1.281700000000000000e+04
610.9426867935962,1.274800000000000000e+04
611.0177642529652,1.279300000000000000e+04
611.0928340264109,1.279200000000000000e+04
611.1679035719891,1.277700000000000000e+04
611.2429205762214,1.284800000000000000e+04
611.3179896323122,1.280800000000000000e+04
611.3930696536677,1.279700000000000000e+04
611.4681382079762,1.283200000000000000e+04
611.543210239399,1.281300000000000000e+04
611.6182258914046,1.284100000000000000e+04
611.6932973662973,1.277600000000000000e+04
611.7683685593274,1.276700000000000000e+04
611.8434394635015,1.277300000000000000e+04
611.91845764963,1.284500000000000000e+04
611.9935279422344,1.279600000000000000e+04
612.06860167126,1.278100000000000000e+04
612.1436188772811,1.285400000000000000e+04
612.2186919554537,1.282900000000000000e+04
612.2937609555369,1.285700000000000000e+04
612.368769618424,1.284500000000000000e+04
612.443841671833,1.281300000000000000e+04
612.518860850012,1.282400000000000000e+04
612.5939321832865,1.283300000000000000e+04
612.668943094263,1.281600000000000000e+04
612.7440136774355,1.282000000000000000e+04
612.8190876378331,1.288700000000000000e+04
612.8941048689004,1.287200000000000000e+04
612.9691780415548,1.285800000000000000e+04
613.0441869267229,1.293000000000000000e+04
613.1192028943198,1.285200000000000000e+04
613.1942785838127,1.288000000000000000e+04
613.2692861585759,1.290600000000000000e+04
613.3443572287938,1.291300000000000000e+04
613.4193751865103,1.284700000000000000e+04
613.4944491348593,1.286900000000000000e+04
613.5694586386024,1.292000000000000000e+04
613.644467658833,1.292200000000000000e+04
613.7195402192466,1.292400000000000000e+04
613.794555801729,1.290600000000000000e+04
613.8695671147681,1.290700000000000000e+04
613.9446382262654,1.288500000000000000e+04
614.0196560673113,1.294300000000000000e+04
614.0946658455853,1.300300000000000000e+04
614.1696826366328,1.298100000000000000e+04
614.2447554874341,1.299700000000000000e+04
614.3197636679537,1.297000000000000000e+04
614.3947788454523,1.296300000000000000e+04
614.4697859154201,1.295100000000000000e+04
614.5448037484722,1.294600000000000000e+04
614.619873899117,1.296600000000000000e+04
614.694883044028,1.294800000000000000e+04
614.769899161373,1.295900000000000000e+04
614.8449071281832,1.297400000000000000e+04
614.9199220568489,1.294900000000000000e+04
614.994936381391,1.299000000000000000e+04
615.0699463115571,1.294600000000000000e+04
615.1449594055,1.300000000000000000e+04
615.219968088927,1.300500000000000000e+04
615.2949799236752,1.293900000000000000e+04
615.3699949053583,1.289700000000000000e+04
615.4450130295872,1.295400000000000000e+04
615.5200153487256,1.297900000000000000e+04
615.5950321611059,1.291800000000000000e+04
615.6700445181616,1.293700000000000000e+04
615.7450599927896,1.293600000000000000e+04
615.8200634112113,1.291300000000000000e+04
615.8950775175382,1.298700000000000000e+04
615.9700909303292,1.294000000000000000e+04
616.045103642399,1.294200000000000000e+04
616.1200587059649,1.291600000000000000e+04
616.1950737781215,1.291000000000000000e+04
616.2700843319404,1.292000000000000000e+04
616.3450979550751,1.293600000000000000e+04
616.4201070436227,1.292600000000000000e+04
616.4950545776754,1.294900000000000000e+04
616.5700659579935,1.289800000000000000e+04
616.6450765818348,1.287000000000000000e+04
616.720097852294,1.287700000000000000e+04
616.7950422701603,1.284200000000000000e+04
616.8700581788843,1.286600000000000000e+04
616.9450694997388,1.286400000000000000e+04
617.0200229227949,1.289100000000000000e+04
617.0950326410584,1.284600000000000000e+04
617.1700377451283,1.286300000000000000e+04
617.2449925060192,1.291500000000000000e+04
617.3200073947381,1.288200000000000000e+04
617.395013836697,1.285600000000000000e+04
617.4699660667885,1.288400000000000000e+04
617.5449822610196,1.286200000000000000e+04
617.6199327648687,1.287300000000000000e+04
617.6949472498279,1.290800000000000000e+04
617.7698959983896,1.284800000000000000e+04
617.8449087450254,1.291200000000000000e+04
617.9198595274773,1.283900000000000000e+04
617.9948705076381,1.287500000000000000e+04
618.069827119618,1.288300000000000000e+04
618.144840127084,1.281200000000000000e+04
618.2197872618343,1.279600000000000000e+04
618.2947411041071,1.283300000000000000e+04
618.3697513617161,1.286200000000000000e+04
618.44469567746,1.284100000000000000e+04
618.5196505100681,1.290400000000000000e+04
618.5946694328892,1.288000000000000000e+04
618.6696146951708,1.289500000000000000e+04
618.7445666341545,1.286900000000000000e+04
618.8195826887393,1.284100000000000000e+04
618.8945326685835,1.286900000000000000e+04
618.9694854812299,1.284600000000000000e+04
619.0444334578197,1.285600000000000000e+04
619.1194494169247,1.286700000000000000e+04
619.1943992107521,1.284200000000000000e+04
619.2693479786984,1.288800000000000000e+04
619.3442957134283,1.284200000000000000e+04
619.4192500812071,1.291700000000000000e+04
619.4942648084996,1.284200000000000000e+04
619.5692094181061,1.288900000000000000e+04
619.6441644838893,1.290700000000000000e+04
619.7191184853039,1.289900000000000000e+04
619.7940637321011,1.290100000000000000e+04
619.8690155808523,1.284100000000000000e+04
619.9439663431604,1.285900000000000000e+04
620.0189198558951,1.291700000000000000e+04
620.0938722693128,1.293800000000000000e+04
620.1688197299484,1.292500000000000000e+04
620.2437699216852,1.291400000000000000e+04
620.3187305358406,1.287600000000000000e+04
620.393678480104,1.294700000000000000e+04
620.4686252881608,1.289300000000000000e+04
620.543582504853,1.294000000000000000e+04
620.61852702112,1.291400000000000000e+04
620.6934819368186,1.294800000000000000e+04
620.7684356923214,1.292800000000000000e+04
620.8433227543279,1.292900000000000000e+04
620.9182780068074,1.287300000000000000e+04
620.9932282224137,1.294500000000000000e+04
621.0681811054573,1.291700000000000000e+04
621.1431327931294,1.289500000000000000e+04
621.2180794188941,1.289200000000000000e+04
621.2929746519387,1.291900000000000000e+04
621.3679226950109,1.291100000000000000e+04
621.4428695130218,1.291800000000000000e+04
621.5177610187308,1.291100000000000000e+04
621.5927130788318,1.287300000000000000e+04
621.6676600305892,1.289200000000000000e+04
621.7426134606835,1.291000000000000000e+04
621.8174999024244,1.296000000000000000e+04
621.8924507959133,1.287000000000000000e+04
621.9673462597708,1.284900000000000000e+04
622.0422984590124,1.289600000000000000e+04
622.1172493736544,1.288500000000000000e+04
622.1921409277729,1.292500000000000000e+04
622.2670892368434,1.286300000000000000e+04
622.3419781424883,1.283200000000000000e+04
622.4169354382018,1.284800000000000000e+04
622.4918216682801,1.284500000000000000e+04
622.5667763070498,1.287200000000000000e+04
622.6416637084727,1.287400000000000000e+04
622.7166156613104,1.286800000000000000e+04
622.791500330108,1.287400000000000000e+04
622.8664495670652,1.283300000000000000e+04
622.9413431149467,1.286200000000000000e+04
623.0162352679529,1.283400000000000000e+04
623.0911842549693,1.282500000000000000e+04
623.1660736097131,1.284200000000000000e+04
623.2409693156505,1.280200000000000000e+04
623.3159141083677,1.286500000000000000e+04
623.3908108627464,1.285600000000000000e+04
623.4656984085988,1.280000000000000000e+04
623.54065060535,1.284500000000000000e+04
623.6155430462911,1.290600000000000000e+04
623.6904262505253,1.286300000000000000e+04
623.7653157682421,1.285200000000000000e+04
623.8402738657751,1.276800000000000000e+04
623.9151643415145,1.283000000000000000e+04
623.9900494384281,1.284800000000000000e+04
624.0649369353079,1.280200000000000000e+04
624.1398346184196,1.287300000000000000e+04
624.2147191099846,1.287300000000000000e+04
624.2896137782844,1.283500000000000000e+04
624.3645615055957,1.281000000000000000e+04
624.4394531447507,1.282200000000000000e+04
624.5143432514428,1.281000000000000000e+04
624.5892357192214,1.280600000000000000e+04
624.6641227392169,1.282700000000000000e+04
624.739008204036,1.282400000000000000e+04
624.8139077217978,1.284600000000000000e+04
624.8887900572714,1.283300000000000000e+04
624.9636825322137,1.283700000000000000e+04
625.0385773339976,1.279800000000000000e+04
625.1134666425047,1.280800000000000000e+04
625.1883582645422,1.282000000000000000e+04
625.263181823586,1.283000000000000000e+04
625.3380780414589,1.283900000000000000e+04
625.4129648242472,1.277900000000000000e+04
625.4878578081264,1.276800000000000000e+04
625.5627413379577,1.283800000000000000e+04
625.6376349716288,1.278200000000000000e+04
625.7124604067309,1.280400000000000000e+04
625.7873507351937,1.280900000000000000e+04
625.8622394075853,1.280500000000000000e+04
625.9371381701984,1.279900000000000000e+04
626.0119647267263,1.276100000000000000e+04
626.0868522937308,1.277500000000000000e+04
626.1617460175852,1.277200000000000000e+04
626.2366380528313,1.275500000000000000e+04
626.3114617065921,1.278900000000000000e+04
626.3863503257447,1.275800000000000000e+04
626.4611822898413,1.275400000000000000e+04
626.5360713905895,1.279400000000000000e+04
626.6109666191869,1.275800000000000000e+04
626.6857933539325,1.276100000000000000e+04
626.7606772445703,1.277500000000000000e+04
626.8355122365108,1.273900000000000000e+04
626.9104044027886,1.274600000000000000e+04
626.985224051504,1.279800000000000000e+04
627.0601205419518,1.277600000000000000e+04
627.1349523354077,1.279000000000000000e+04
627.2098373967692,1.280000000000000000e+04
627.2846616468294,1.276500000000000000e+04
627.3595549170336,1.274100000000000000e+04
627.4343873380152,1.269100000000000000e+04
627.5092769901677,1.274000000000000000e+04
627.5841096881397,1.274300000000000000e+04
627.6589365990222,1.273000000000000000e+04
627.7338247007415,1.278000000000000000e+04
627.8086518461457,1.275600000000000000e+04
627.8834850056414,1.273100000000000000e+04
627.9583754402697,1.274700000000000000e+04
628.0332088011603,1.276700000000000000e+04
628.1080284382782,1.274900000000000000e+04
628.182858012259,1.274900000000000000e+04
628.2577527829216,1.270900000000000000e+04
628.3325785578783,1.277000000000000000e+04
628.4074142606058,1.273900000000000000e+04
628.4822361924339,1.273400000000000000e+04
628.5570680421939,1.274400000000000000e+04
628.6318979552647,1.274100000000000000e+04
628.706785214725,1.270700000000000000e+04
628.7816191526078,1.270000000000000000e+04
628.8564471797065,1.271200000000000000e+04
628.9312811520758,1.270400000000000000e+04
629.0061012851678,1.273800000000000000e+04
629.0809313073146,1.275000000000000000e+04
629.155759344112,1.273000000000000000e+04
629.2305893470999,1.271000000000000000e+04
629.3054252715824,1.273000000000000000e+04
629.380247309458,1.268400000000000000e+04
629.4550831794276,1.269600000000000000e+04
629.5299011803792,1.270200000000000000e+04
629.6047330053896,1.275400000000000000e+04
629.6795707280481,1.270700000000000000e+04
629.7543389940075,1.265400000000000000e+04
629.8291607196976,1.268000000000000000e+04
629.9039962589939,1.268100000000000000e+04
629.9788178342736,1.264900000000000000e+04
630.0536452776254,1.267700000000000000e+04
630.1284746162776,1.269400000000000000e+04
630.2032423002603,1.268000000000000000e+04
630.2780753994684,1.269600000000000000e+04
630.3529103790165,1.270200000000000000e+04
630.4277313363475,1.267300000000000000e+04
630.5025024771371,1.271500000000000000e+04
630.5773311190919,1.269200000000000000e+04
630.6521576385172,1.275400000000000000e+04
630.7269342895984,1.271300000000000000e+04
630.8017565291294,1.271500000000000000e+04
630.8765845827202,1.271900000000000000e+04
630.9513587332427,1.270900000000000000e+04
631.0261864484233,1.272600000000000000e+04
631.1009522564115,1.272500000000000000e+04
631.175787573207,1.275300000000000000e+04
631.2506087617126,1.277500000000000000e+04
631.3253799341081,1.276000000000000000e+04
631.400208688403,1.276300000000000000e+04
631.4749754310345,1.268600000000000000e+04
631.5498037567131,1.273100000000000000e+04
631.6245780075234,1.271900000000000000e+04
631.6993420335924,1.272200000000000000e+04
631.7741716576955,1.274100000000000000e+04
631.8489391655564,1.273200000000000000e+04
631.923764305041,1.273300000000000000e+04
631.9985312783703,1.280300000000000000e+04
632.0733039606179,1.271600000000000000e+04
632.1481342990165,1.272200000000000000e+04
632.2228944223607,1.272600000000000000e+04
632.2976642345945,1.269700000000000000e+04
632.3724997216107,1.277100000000000000e+04
632.4472649272958,1.272300000000000000e+04
632.5220358114818,1.274300000000000000e+04
632.5968083701387,1.274500000000000000e+04
632.6716346337209,1.269200000000000000e+04
632.746402531009,1.267800000000000000e+04
632.8211640744752,1.276600000000000000e+04
632.895939281213,1.274000000000000000e+04
632.9707001090119,1.271600000000000000e+04
633.0454705862102,1.271600000000000000e+04
633.1202346797379,1.265900000000000000e+04
633.1950124256075,1.267000000000000000e+04
633.2698318993826,1.270600000000000000e+04
633.3446048767886,1.271000000000000000e+04
633.4193754528278,1.270600000000000000e+04
633.4941436195448,1.268900000000000000e+04
633.5689053548851,1.269200000000000000e+04
633.6436807232593,1.265500000000000000e+04
633.718441616138,1.272400000000000000e+04
633.7932121186539,1.272900000000000000e+04
633.8679199094199,1.266000000000000000e+04
633.9426855028164,1.264500000000000000e+04
634.0174606961399,1.268800000000000000e+04
634.0922213655654,1.266000000000000000e+04
634.1669876029633,1.265200000000000000e+04
634.2417553834099,1.263100000000000000e+04
634.3165327489089,1.267300000000000000e+04
634.3912351850232,1.267200000000000000e+04
634.4660075495017,1.263200000000000000e+04
634.5407774100094,1.265900000000000000e+04
634.6155447585436,1.263000000000000000e+04
634.6902491623354,1.264900000000000000e+04
634.7650114486645,1.257900000000000000e+04
634.8397832896367,1.261500000000000000e+04
634.9145525922855,1.263700000000000000e+04
634.9892588668829,1.260400000000000000e+04
635.0640230545828,1.262800000000000000e+04
635.1387362717429,1.262700000000000000e+04
635.2135074201229,1.257500000000000000e+04
635.2882719598388,1.256800000000000000e+04
635.362981437668,1.259200000000000000e+04
635.4377448294332,1.261400000000000000e+04
635.512457159198,1.257300000000000000e+04
635.5872153377827,1.265400000000000000e+04
635.6619224154749,1.262900000000000000e+04
635.7366995983534,1.259300000000000000e+04
635.8114013974615,1.263700000000000000e+04
635.8861733198535,1.259100000000000000e+04
635.960881941529,1.257700000000000000e+04
636.0356485740448,1.262500000000000000e+04
636.1103518611941,1.259700000000000000e+04
636.1850565091609,1.263100000000000000e+04
636.2598232366993,1.256700000000000000e+04
636.3345306048863,1.260000000000000000e+04
636.4092393182117,1.261100000000000000e+04
636.4840101382218,1.261200000000000000e+04
636.5587134362514,1.259900000000000000e+04
636.6334221129331,1.261900000000000000e+04
636.7081848135534,1.260900000000000000e+04
636.78290019687,1.262700000000000000e+04
636.857604726266,1.260100000000000000e+04
636.9323146152394,1.250700000000000000e+04
637.0070217458345,1.253200000000000000e+04
637.0817261099415,1.252800000000000000e+04
637.1564967140678,1.244300000000000000e+04
637.2311995976745,1.243800000000000000e+04
637.3059078155254,1.245300000000000000e+04
637.3806132401302,1.241800000000000000e+04
637.4553280538418,1.248700000000000000e+04
637.5300278704315,1.256400000000000000e+04
637.6047370655823,1.262200000000000000e+04
637.679443440681,1.259700000000000000e+04
637.7541469875897,1.263100000000000000e+04
637.8288599029363,1.268800000000000000e+04
637.9035659103154,1.259500000000000000e+04
637.978273139046,1.267700000000000000e+04
638.052977512721,1.259600000000000000e+04
638.1276830952562,1.261800000000000000e+04
638.2023898813551,1.260000000000000000e+04
638.2770978657181,1.264900000000000000e+04
638.3517418441655,1.263400000000000000e+04
638.4264562697699,1.259100000000000000e+04
638.5011555722814,1.266600000000000000e+04
638.5758642016897,1.264000000000000000e+04
638.6505699221697,1.263500000000000000e+04
638.7252237691496,1.260500000000000000e+04
638.7999236357822,1.269700000000000000e+04
638.874628732156,1.261600000000000000e+04
638.9493472209352,1.265300000000000000e+04
639.0239892680094,1.267800000000000000e+04
639.098689601196,1.267700000000000000e+04
639.173395144716,1.268000000000000000e+04
639.2480405140027,1.269300000000000000e+04
639.3227564554909,1.269200000000000000e+04
639.3973958340758,1.266800000000000000e+04
639.4721058028182,1.267500000000000000e+04
639.5468086912668,1.270600000000000000e+04
639.6214635767756,1.266900000000000000e+04
639.6961604460553,1.271000000000000000e+04
639.7708092749344,1.272200000000000000e+04
639.8455164682429,1.266800000000000000e+04
639.9201674013606,1.271200000000000000e+04
639.9948767149377,1.263700000000000000e+04
640.0695174401586,1.269300000000000000e+04
640.1441591862857,1.261500000000000000e+04
640.2188716275688,1.267400000000000000e+04
640.2935236151387,1.267200000000000000e+04
640.3681602084457,1.266200000000000000e+04
640.4428757290473,1.269900000000000000e+04
640.5175143262505,1.265100000000000000e+04
640.592166218985,1.271800000000000000e+04
640.6668724558668,1.265900000000000000e+04
640.7415181149009,1.263700000000000000e+04
640.8161565315354,1.271500000000000000e+04
640.8908041242695,1.267600000000000000e+04
640.9655143022176,1.268900000000000000e+04
641.0401638233027,1.265300000000000000e+04
641.1148060727106,1.267200000000000000e+04
641.1894533730033,1.266400000000000000e+04
641.2641016094406,1.268300000000000000e+04
641.3387425502967,1.271400000000000000e+04
641.4134543525283,1.272000000000000000e+04
641.488101262261,1.271700000000000000e+04
641.5627449685089,1.270700000000000000e+04
641.6373854629693,1.268800000000000000e+04
641.7120350911663,1.265800000000000000e+04
641.7866814967092,1.264000000000000000e+04
641.8613246712862,1.266200000000000000e+04
641.9359769690361,1.269300000000000000e+04
642.0106260249374,1.274500000000000000e+04
642.0852718306695,1.264800000000000000e+04
642.1598525225107,1.267800000000000000e+04
642.2344917885489,1.268300000000000000e+04
642.3091401562656,1.272900000000000000e+04
642.3837934993884,1.264700000000000000e+04
642.4584353052218,1.268300000000000000e+04
642.5330862021095,1.267100000000000000e+04
642.6077296725547,1.269800000000000000e+04
642.6823120100572,1.262400000000000000e+04
642.7569529755671,1.266400000000000000e+04
642.8315988836831,1.267300000000000000e+04
642.9062455985243,1.264900000000000000e+04
642.9808352351971,1.270400000000000000e+04
643.055475263203,1.273000000000000000e+04
643.1301243499755,1.268100000000000000e+04
643.2047163018128,1.260900000000000000e+04
643.279354524987,1.264500000000000000e+04
643.3539438476895,1.269500000000000000e+04
643.4285877299418,1.265000000000000000e+04
643.5032406530961,1.266400000000000000e+04
643.5778197789244,1.271900000000000000e+04
643.6524659081414,1.266200000000000000e+04
643.7270464782921,1.264300000000000000e+04
643.8016982163535,1.267900000000000000e+04
643.876284355504,1.271300000000000000e+04
643.9509292459394,1.268800000000000000e+04
644.0255084918365,1.268900000000000000e+04
644.1001589469886,1.274900000000000000e+04
644.1747437177227,1.274100000000000000e+04
644.2493250109602,1.271600000000000000e+04
644.3239775458864,1.273300000000000000e+04
644.3985601811679,1.274200000000000000e+04
644.4731434709971,1.278900000000000000e+04
644.5477855716856,1.275000000000000000e+04
644.6223743228242,1.272500000000000000e+04
644.6969595574612,1.281500000000000000e+04
644.7715495817692,1.277100000000000000e+04
644.8461901340061,1.281200000000000000e+04
644.9207731033271,1.278300000000000000e+04
644.9953650068094,1.282200000000000000e+04
645.0699450389038,1.283900000000000000e+04
645.1445298338459,1.277800000000000000e+04
645.219177672042,1.286300000000000000e+04
645.2937678340779,1.285200000000000000e+04
645.3683419239809,1.281200000000000000e+04
645.4429290863851,1.289100000000000000e+04
645.5175168235929,1.292300000000000000e+04
645.5921051300253,1.292700000000000000e+04
645.6666898312457,1.294600000000000000e+04
645.7412750885978,1.294400000000000000e+04
645.8158525549321,1.298400000000000000e+04
645.8904389058563,1.292600000000000000e+04
645.9650299688499,1.295600000000000000e+04
646.0396090465212,1.295400000000000000e+04
646.1141969977764,1.299400000000000000e+04
646.1887812959989,1.296500000000000000e+04
646.2633076373747,1.303100000000000000e+04
646.3378845915109,1.300800000000000000e+04
646.4124787595719,1.307600000000000000e+04
646.4870608913304,1.309600000000000000e+04
646.5616476941717,1.306300000000000000e+04
646.6361722632304,1.309900000000000000e+04
646.7107558375826,1.305700000000000000e+04
646.7853440690486,1.308000000000000000e+04
646.859928586342,1.309900000000000000e+04
646.9344466023072,1.311800000000000000e+04
647.0090362098298,1.312100000000000000e+04
647.083622083392,1.316700000000000000e+04
647.1581413924066,1.311300000000000000e+04
647.2327239470708,1.315800000000000000e+04
647.307306934167,1.321800000000000000e+04
647.3818400556567,1.317700000000000000e+04
647.456419687093,1.324900000000000000e+04
647.5309452235595,1.322700000000000000e+04
647.6055298578293,1.323700000000000000e+04
647.6800561677495,1.326500000000000000e+04
647.7546415911931,1.329300000000000000e+04
647.829164455096,1.328000000000000000e+04
647.9037464463057,1.329100000000000000e+04
647.9782700344881,1.332100000000000000e+04
648.0527939695423,1.335000000000000000e+04
648.1273854568424,1.331100000000000000e+04
648.2019100840658,1.331900000000000000e+04
648.2764938778582,1.339400000000000000e+04
648.3510107654179,1.340200000000000000e+04
648.425536376692,1.343600000000000000e+04
648.5000623007427,1.338700000000000000e+04
648.5746432162518,1.343400000000000000e+04
648.6491655538866,1.344400000000000000e+04
648.7236881852804,1.342700000000000000e+04
648.7982195235151,1.345200000000000000e+04
648.8728058826379,1.350200000000000000e+04
648.9473293775359,1.350000000000000000e+04
649.0218489310823,1.351500000000000000e+04
649.0963729611857,1.350400000000000000e+04
649.1708972508054,1.354800000000000000e+04
649.2454260094211,1.354500000000000000e+04
649.3199508018886,1.363600000000000000e+04
649.3944716195824,1.357500000000000000e+04
649.4689926719741,1.364200000000000000e+04
649.5435181724034,1.361200000000000000e+04
649.6180396779724,1.364900000000000000e+04
649.6925698430567,1.366500000000000000e+04
649.7670917798398,1.369200000000000000e+04
649.8416139226556,1.367800000000000000e+04
649.9161320418531,1.376800000000000000e+04
649.9906588034178,1.376900000000000000e+04
650.0651815298742,1.378500000000000000e+04
650.1397086661992,1.378200000000000000e+04
650.2142317539774,1.379700000000000000e+04
650.2887550133019,1.380400000000000000e+04
650.3632192222857,1.383400000000000000e+04
650.4377470245496,1.383000000000000000e+04
650.5122665196939,1.388500000000000000e+04
650.5867946266628,1.386600000000000000e+04
650.6612551406859,1.390600000000000000e+04
650.7357750465694,1.398300000000000000e+04
650.8103035527816,1.401100000000000000e+04
650.8847644021826,1.402700000000000000e+04
650.9592931417967,1.397700000000000000e+04
651.0338092818513,1.401200000000000000e+04
651.1082704136296,1.408000000000000000e+04
651.182799464824,1.405600000000000000e+04
651.2572649940395,1.414900000000000000e+04
651.3317857370804,1.414300000000000000e+04
651.4062556434649,1.417600000000000000e+04
651.4807807792504,1.424300000000000000e+04
651.5552380644563,1.420000000000000000e+04
651.6297548330812,1.425700000000000000e+04
651.7042206933047,1.425500000000000000e+04
651.7787503045504,1.429500000000000000e+04
651.8532162309156,1.434100000000000000e+04
651.9277374256133,1.434000000000000000e+04
652.0021948907765,1.438700000000000000e+04
652.0766608615594,1.441000000000000000e+04
652.1511863740992,1.445300000000000000e+04
652.2256523518495,1.447300000000000000e+04
652.3001055526772,1.448100000000000000e+04
652.3745757534864,1.449100000000000000e+04
652.4490927583861,1.449800000000000000e+04
652.523554404734,1.459000000000000000e+04
652.5980245314129,1.463000000000000000e+04
652.6724818393412,1.470700000000000000e+04
652.7469518786384,1.474800000000000000e+04
652.8214730080308,1.478700000000000000e+04
652.8959386884019,1.480700000000000000e+04
652.9703957767102,1.486500000000000000e+04
653.0448655846427,1.482600000000000000e+04
653.1193267868492,1.490000000000000000e+04
653.1937879048733,1.489400000000000000e+04
653.268253200443,1.496400000000000000e+04
653.3427141334746,1.501200000000000000e+04
653.417174964718,1.501600000000000000e+04
653.4916399588126,1.505600000000000000e+04
653.5661005698283,1.508300000000000000e+04
653.640569606346,1.507000000000000000e+04
653.7150299745911,1.507100000000000000e+04
653.7894902116518,1.515000000000000000e+04
653.8638947316973,1.519400000000000000e+04
653.938354676066,1.521000000000000000e+04
653.9927330350457,1.529854296338887798e+04
654.0128144715792,1.530600000000000000e+04
654.0673848929049,1.531515269837275810e+04
654.0872783906434,1.534200000000000000e+04
654.1419639360352,1.540015545976085559e+04
654.1617421510075,1.540800000000000000e+04
654.2166156285444,1.539136207065174312e+04
654.2361458232748,1.537400000000000000e+04
654.2911987423258,1.543435197296296428e+04
654.3658416830104,1.544900762147815476e+04
654.4404288467964,1.554671194491274946e+04
654.5150758549863,1.551153838847629413e+04
654.5897184695584,1.557602324194312678e+04
654.664305251433,1.557602324194312678e+04
654.7389476142009,1.568252095448683576e+04
654.8135383948625,1.570499294887679207e+04
654.888184771955,1.576459258617189516e+04
654.9627666643294,1.575677624029712752e+04
655.0373526739268,1.580074318584269531e+04
655.1119985900768,1.579976614260835049e+04
655.1865885451579,1.592091950366724814e+04
655.2612255432555,1.592971289277636060e+04
655.3358194230502,1.600592226505534563e+04
655.4104603574718,1.604304990796049060e+04
655.4850452543039,1.609287911291213459e+04
655.5596986994234,1.613977718816074048e+04
655.634274582699,1.621696360367407033e+04
655.7088674352764,1.623455038189229708e+04
655.7835073665872,1.630880566770258883e+04
655.8580911670134,1.632346131621777931e+04
655.9327392618014,1.636058895912292428e+04
656.0073268888157,1.641823450994933592e+04
656.0819099586474,1.646317849872924853e+04
656.1565530436084,1.651691587661827725e+04
656.2311355998527,1.652570926572738972e+04
656.3057308056235,1.661950541622460150e+04
656.3803688222278,1.665467897266105501e+04
656.454954867795,1.671037043701877337e+04
656.5295449351327,1.675238329609564971e+04
656.6041821341065,1.680025841457860224e+04
656.6787759333997,1.685692692217066724e+04
656.7533564903902,1.692531994857488462e+04
656.8279410471957,1.696635576441741432e+04
656.9025856984958,1.702009314230643940e+04
656.9771696261503,1.706992234725808521e+04
657.0517532233856,1.715590215188052753e+04
657.1264055746188,1.718521344891090484e+04
657.2009928278474,1.724774421590904603e+04
657.2755710944062,1.731027498290718722e+04
657.3501576467798,1.736010418785883303e+04
657.4247438407015,1.733567810700018163e+04
657.4993858698668,1.743240538720042969e+04
657.573971341612,1.749689024066726415e+04
657.6485607618943,1.755942100766540534e+04
657.7231498016442,1.769913819017687638e+04
657.7977341278665,1.764930898522523057e+04
657.87237432304,1.772844948720725370e+04
657.9469621958759,1.781833746476708257e+04
658.0215410042488,1.785057989150049616e+04
658.0961280598617,1.786816666971872473e+04
658.1707146988002,1.791017952879560107e+04
658.2453009150308,1.806943757599399032e+04
658.3198867025178,1.808213913804048934e+04
658.3945327428875,1.819645319645896234e+04
658.4691220043352,1.827266256873794919e+04
658.5437021472852,1.827950187137836838e+04
658.6182818353581,1.836548167600081433e+04
658.69286974003,1.839772410273422793e+04
658.767461521399,1.847686460471625105e+04
658.8420354727173,1.851203816115270456e+04
658.9166306515345,1.854818876082350471e+04
658.9912079822875,1.868106664069455655e+04
659.0657935091809,1.871624019713101006e+04
659.140382887388,1.879831182881606946e+04
659.2149717681472,1.888819980637589470e+04
659.289551452134,1.890676362782846991e+04
659.3641306225966,1.896831735159226446e+04
659.438717970647,1.909533297205723647e+04
659.5133047969533,1.915395556611799475e+04
659.5878910954348,1.926143032189604855e+04
659.6624768600082,1.931321361331638400e+04
659.7370620845874,1.935522647239326034e+04
659.8116467630838,1.952425495193510869e+04
659.8862265349078,1.953891060045029735e+04
659.9608101019778,1.959460206480801935e+04
660.0354018176174,1.972259472850733800e+04
660.1099798943757,1.981541383577020315e+04
660.1845748263452,1.988966912158049308e+04
660.259151743867,1.996783258032816957e+04
660.333684466581,2.006358281729407463e+04
660.4082645480388,2.008410072521533948e+04
660.4828527532469,2.018180504864993418e+04
660.5574316285567,2.028732571795929471e+04
660.6320229836718,2.034594831202005298e+04
660.7066049946801,2.053744878595185946e+04
660.7811820158635,2.051693087803059461e+04
660.8557147324121,2.062245154733995514e+04
660.9302992109782,2.069377570344721244e+04
661.0048830496228,2.076314577308577282e+04
661.0794662422122,2.077975550806965475e+04
661.1540575251042,2.100154432226618519e+04
661.2285781978873,2.097223302523580787e+04
661.3031681500861,2.110706499157554936e+04
661.3777399387936,2.126730008200828161e+04
661.452332922751,2.130735885461646831e+04
661.5269208535378,2.138747639983283443e+04
661.6014380645663,2.149397411237654524e+04
661.6760289813253,2.151546906353215309e+04
661.7506148234904,2.171185475363568912e+04
661.8251298800592,2.174702831007214627e+04
661.8997142930884,2.192094200578572418e+04
661.9743067544003,2.189553888169272977e+04
662.0488853483158,2.205772805859415530e+04
662.1234149871826,2.205381988565677239e+04
662.198000873726,2.217595028995001485e+04
662.2725860216412,2.227267757015026655e+04
662.347104619191,2.228928730513414484e+04
662.4216882564932,2.240848657972435103e+04
662.4962184684717,2.248469595200333788e+04
662.570804963388,2.256579054045405064e+04
662.6453862997457,2.268401277180991019e+04
662.7199097646629,2.277683187907277534e+04
662.7944939234665,2.281591360844661176e+04
662.869086084027,2.297712574211369429e+04
662.9436071371093,2.311488883815647569e+04
663.0181889069928,2.316276395663942458e+04
663.0927083152421,2.324678967479317726e+04
663.1673016492832,2.328391731769832404e+04
663.2418237897235,2.344219832166236665e+04
663.3164110793576,2.353404038569088516e+04
663.3909359310869,2.362881357942244358e+04
663.4655171474956,2.374801285401264977e+04
663.5400358838839,2.376364554576218507e+04
663.6146198039338,2.388186777711804461e+04
663.6891500154543,2.406457486194073863e+04
663.763736622158,2.407923051045592729e+04
663.8382518588492,2.413883014775102856e+04
663.9128411292601,2.430004228141811109e+04
663.9873589874919,2.440067773455574206e+04
664.0619509026042,2.451889996591160525e+04
664.136471363353,2.460878794347143048e+04
664.211061492379,2.463321402433007825e+04
664.285584535613,2.479442615799716077e+04
664.3601640270679,2.490678612994694413e+04
664.4346852160202,2.494195968638340128e+04
664.5092142934612,2.503380175041191978e+04
664.5838042596656,2.513541424678389740e+04
664.6583226187805,2.528587890487317418e+04
664.7328488535421,2.543829764943114060e+04
664.8074315802052,2.553013971345966274e+04
664.881960314152,2.562882108012860044e+04
664.9565455552175,2.575681374382792274e+04
665.031072346548,2.584670172138774797e+04
665.1055937270582,2.594538308805668930e+04
665.1801096874939,2.601084498475786677e+04
665.2546998800744,2.618573572370579495e+04
665.3292271235769,2.621895519367355519e+04
665.4037489291384,2.628637117684342593e+04
665.4783361453115,2.643195061876097316e+04
665.5528603518749,2.654431059071075651e+04
665.6273790986409,2.667816551381615136e+04
665.7019056711048,2.675437488609513457e+04
665.7764932599148,2.675144375639209829e+04
665.8510088931856,2.698984230557251067e+04
665.9255412083346,2.714128400689613045e+04
666.0000591620371,2.722140155211250021e+04
666.0746470335703,2.738456777224827238e+04
666.1491717378727,2.745589192835552603e+04
666.2236953664843,2.759463206763265407e+04
666.2982179130853,2.767377256961467356e+04
666.3727393713534,2.776268350394015579e+04
666.4472686180028,2.788872208117078480e+04
666.5218500778012,2.795222989140326899e+04
666.5963682490049,2.808901594421170375e+04
666.670894195563,2.820039887292714047e+04
666.7454190261132,2.828442459108089315e+04
666.8199427343175,2.848178732441877582e+04
666.8944653138359,2.847885619471573591e+04
666.9689912068017,2.868208118745969477e+04
667.043515960381,2.884817853729850685e+04
667.1180440186909,2.889312252607841947e+04
667.1925664754452,2.900352841155951319e+04
667.2671501081187,2.909634751882237833e+04
667.3416747090137,2.919698297196000931e+04
667.4162025951904,2.933865424094017362e+04
667.4907159415177,2.937382779737662713e+04
667.5652459277131,2.948716481256075713e+04
667.6397747296355,2.964056060035307019e+04
667.7142934240692,2.970895362675728757e+04
667.7888198363478,2.985355602544048816e+04
667.8633405848258,2.992488018154774181e+04
667.9378645829604,3.005580397495010038e+04
668.0123873649534,3.022776358419498501e+04
668.0868509002132,3.031276634558308433e+04
668.1613801466233,3.038213641522164835e+04
668.235899230937,3.049547343040577834e+04
668.3104215399541,3.066645599641631634e+04
668.3849470702704,3.074461945516399282e+04
668.4594713500996,3.083548447595816833e+04
668.533998842422,3.085209421094204663e+04
668.6085250734534,3.106997485220119415e+04
668.683041094052,3.110026319246591811e+04
668.7575647813001,3.124681967761781198e+04
668.8320290343215,3.132791426606852474e+04
668.9065546155499,3.149791978884471973e+04
668.9810833808008,3.154774899379636554e+04
669.0555974212344,3.170993817069779107e+04
669.130128062917,3.174999694330597413e+04
669.2046529196529,3.188678299611440889e+04
669.2791182298785,3.198937253572073314e+04
669.3536314765041,3.204799512978149141e+04
669.4281657979723,3.217305666377777379e+04
669.5026898264498,3.231765906246097438e+04
669.57714526615,3.239093730503691768e+04
669.65167108008,3.243685833705117693e+04
669.7261910590614,3.261663429217083467e+04
669.8007186526492,3.276319077732272490e+04
669.8751865504684,3.284135423607040138e+04
669.949711403622,3.298302550505056570e+04
670.0242348833766,3.300549749944052019e+04
670.0987480026345,3.308463800142254331e+04
670.1732193096983,3.314912285488937778e+04
670.2477431098745,3.325171239449569839e+04
670.3222655128286,3.334355445852421690e+04
670.396728085964,3.337579688525763777e+04
670.471252157415,3.345298330077096762e+04
670.5457118658269,3.352039928394083836e+04
670.6202330875843,3.366793281232707523e+04
670.6947618784129,3.376368304929298029e+04
670.7692307481261,3.382523677305677120e+04
670.8437476587868,3.384184650804065313e+04
670.918213608017,3.394052787470959447e+04
670.9927321095302,3.404702558725330164e+04
671.0672536563986,3.410955635425144283e+04
671.1417196890736,3.419358207240519550e+04
671.216251808498,3.428249300673067773e+04
671.290714863808,3.439583002191480773e+04
671.3652395155675,3.447985574006856041e+04
671.4396995665256,3.457951414997184474e+04
671.5142212289395,3.467135621400036325e+04
671.5886872701645,3.474658854304499982e+04
671.6632104305353,3.483647652060483233e+04
671.7376734223737,3.492929562786769384e+04
671.812193546355,3.501527543249013979e+04
671.8866579770747,3.509343889123781264e+04
671.9611795549314,3.514131400972076517e+04
672.0356408881489,3.521166112259367219e+04
672.1101096909673,3.525758215460793144e+04
672.1846266277597,3.533769969982430484e+04
672.2590968192625,3.538459777507290710e+04
672.3336151557181,3.546666940675796650e+04
672.4080821944679,3.552529200081872841e+04
672.482543119204,3.558684572458251932e+04
672.5570657703272,3.564937649158066051e+04
672.63152802642,3.569529752359491977e+04
672.705997721871,3.575392011765567440e+04
672.7805155931686,3.579104776056082483e+04
672.854982065397,3.583794583580942708e+04
672.9294423823377,3.587116530577719095e+04
673.0039644745739,3.591024703515102738e+04
673.0784260583234,3.593174198630663886e+04
673.152895058153,3.594932876452486380e+04
673.2274213293804,3.598450232096132095e+04
673.3018779706365,3.599915796947650961e+04
673.3763374799411,3.600306614241389616e+04
673.4508043890924,3.603042335297558020e+04
673.5252650884476,3.603433152591296675e+04
673.5997967036512,3.604507900149076886e+04
673.6742585868221,3.605094126089684869e+04
673.748714237457,3.604507900149076886e+04
673.823186347847,3.604605604472511914e+04
673.8976385924067,3.604312491502207558e+04
673.9721663425748,3.603433152591296675e+04
674.0466287979216,3.601967587739777809e+04
674.1210895311846,3.601381361799169827e+04
674.1955530811653,3.598938753713305050e+04
674.2700239906791,3.597082371568047529e+04
674.3444795221271,3.596496145627440274e+04
674.4189469503236,3.595128285099355708e+04
674.49346722243,3.594346650511879125e+04
674.567935708377,3.593662720247836842e+04
674.6424024340591,3.591024703515102738e+04
674.7168582880072,3.590145364604191855e+04
674.7913214713103,3.588093573812065006e+04
674.8657783200656,3.587800460841761378e+04
674.940251601854,3.585357852755896602e+04
675.0147094269751,3.582915244670031825e+04
675.0891700095718,3.580179523613862693e+04
675.1636379044918,3.579104776056082483e+04
675.2380994327431,3.574024151237483602e+04
675.312554584676,3.572460882062529708e+04
675.3870261580195,3.569627456682926277e+04
675.4614822208301,3.566989439950192900e+04
675.5359547018315,3.563081267012808530e+04
675.610407090499,3.559661615692597843e+04
675.6848804576179,3.557512120577036694e+04
675.7593337130725,3.554190173580260307e+04
675.8338033782419,3.551356748200657603e+04
675.9082026566803,3.546862349322665978e+04
675.9826594431638,3.544322036913366173e+04
676.0571234944312,3.540609272622851859e+04
676.1315948098625,3.535919465097991633e+04
676.2060550986515,3.532890631071518874e+04
676.2805134951972,3.528298527870092948e+04
676.3549745673919,3.524194946285839978e+04
676.4293879803434,3.518723504173502442e+04
676.5038498052293,3.516280896087637666e+04
676.5783051376296,3.510516341004996502e+04
676.6527677036122,3.505826533480136277e+04
676.7272329229447,3.501429838925579679e+04
676.8016366634976,3.496446918430415099e+04
676.8761025828228,3.492343336846162128e+04
676.9505619772531,3.488142050938474131e+04
677.0250240043307,3.482182087208964367e+04
677.0994290601088,3.479055548859057308e+04
677.1738917427178,3.471825428924897278e+04
677.2483524582894,3.465963169518821087e+04
677.3227561481843,3.458439936614357430e+04
677.3972128974716,3.454727172323843115e+04
677.4716768389669,3.449451138858374907e+04
677.5461433813275,3.442807244864822133e+04
677.6205482371186,3.436065646547835058e+04
677.6950015852051,3.428151596349633473e+04
677.7694069841688,3.424048014765379776e+04
677.8438746703705,3.416329373214046791e+04
677.9183311477581,3.409001548956452461e+04
677.9927396296163,3.402455359286334715e+04
678.0672012294622,3.394052787470959447e+04
678.1416056066512,3.387995119418014656e+04
678.2160631125909,3.377833869780816894e+04
678.2905277690969,3.366402463938968867e+04
678.3649259468506,3.358390709417332255e+04
678.4393864750938,3.357315961859552044e+04
678.513798898065,3.340413113905367209e+04
678.5882598799376,3.332108246413426241e+04
678.6626543015428,3.328590890769780526e+04
678.7371249257566,3.317648006545106182e+04
678.8115243461227,3.306021192056389555e+04
678.8859815585386,3.295469125125453138e+04
678.9603905685974,3.291072430570896540e+04
679.0348481677615,3.276514486379141817e+04
679.1092529209583,3.272997130735496467e+04
679.1836509171139,3.263128994068602333e+04
679.2581113551571,3.251795292550189333e+04
679.3325235125415,3.239386843473995759e+04
679.4069842868593,3.228150846279017424e+04
679.481378280968,3.214765353968477575e+04
679.5557839509504,3.210857181031093933e+04
679.6302474888498,3.196885462779946829e+04
679.704648807749,3.188776003934875553e+04
679.7790525553501,3.177344598093027889e+04
679.8535234360058,3.164056810105923068e+04
679.9279135518302,3.152332291293771414e+04
680.0023245731195,3.141584815715966033e+04
680.076784258521,3.139630729247274212e+04
680.1511816092886,3.122043951029047093e+04
680.2255859851732,3.114129900830844781e+04
680.3000482943368,3.109049276012245900e+04
680.374448213023,3.091951019411191737e+04
680.4488412562114,3.083059925978643878e+04
680.5232552007656,3.068795094757192783e+04
680.5976576301395,3.057363688915345119e+04
680.6721226617578,3.048961117099970215e+04
680.7465159407645,3.041144771225202567e+04
680.8209254830051,3.024437331917886695e+04
680.8953281128896,3.013592152016646651e+04
680.969723820552,3.008218414227744142e+04
681.0441775310805,2.993660470035989420e+04
681.118582574998,2.983596924722225958e+04
681.1929806772104,2.975194352906851054e+04
681.2673996753556,2.960831817361965295e+04
681.3418070819359,2.942170291585957966e+04
681.4162075273074,2.935330988945536228e+04
681.4906056458781,2.932888380859671452e+04
681.5649921401839,2.911881951321233282e+04
681.6393995215485,2.908364595677587931e+04
681.7137999143118,2.894099764456137200e+04
681.7882165503345,2.874852012739521888e+04
681.8626680324036,2.874461195445783596e+04
681.9370706711479,2.864886171749193090e+04
682.0114662918298,2.855604261022906576e+04
682.0858781465969,2.842511881682671083e+04
682.1602876270566,2.826390668315962830e+04
682.234615600839,2.813982219239769256e+04
682.3090342611832,2.808608481450866384e+04
682.3834179373963,2.797177075609019084e+04
682.4578224911205,2.784768626532825510e+04
682.5322153211919,2.775095898512800341e+04
682.6066290312607,2.767768074255205647e+04
682.6810356664762,2.755945851119619692e+04
682.7554352169042,2.747640983627679088e+04
682.8298276726078,2.726927667059545274e+04
682.9042363415565,2.726341441118937655e+04
682.9786379060591,2.711392679633444641e+04
683.052985700029,2.694782944649563433e+04
683.1273776822683,2.693415084121479231e+04
683.2017812028357,2.684817103659234635e+04
683.2761822579863,2.674753558345471538e+04
683.3505948498541,2.661172657388062726e+04
683.4249816151049,2.651304520721168592e+04
683.4993378598623,2.636258054912240914e+04
683.5737336498651,2.622677153954832465e+04
683.6481222681783,2.618182755076840840e+04
683.7225270786547,2.603136289267913162e+04
683.7968779498492,2.590532431544850624e+04
683.8712683772519,2.583009198640386603e+04
683.9456749923205,2.577440052204614767e+04
684.0200089024875,2.562198177748818125e+04
684.0944244901342,2.553111675669400574e+04
684.1688141432852,2.544415990883721679e+04
684.2431731578488,2.537869801213603932e+04
684.3175670692367,2.527806255899840471e+04
684.3919584235521,2.522432518110937963e+04
684.4662956794946,2.505529670156753127e+04
684.5407193753053,2.489896978407217830e+04
684.6151123876289,2.474264286657682533e+04
684.689455939193,2.459706342465927810e+04
684.7638578398391,2.438309095633751713e+04
684.8382055615216,2.429515706524638153e+04
684.9125975757681,2.418572822299963445e+04
684.9870010616816,2.401181452728605655e+04
685.0613315458365,2.392094950649188104e+04
685.1357438810281,2.384474013421289783e+04
685.2100831760683,2.368645913024885522e+04
685.2844855664139,2.352817812628480897e+04
685.3588336587155,2.351743065070700686e+04
685.4332213760933,2.344122127842802001e+04
685.5075782509971,2.331127452826000808e+04
685.5819089583205,2.329564183651047642e+04
685.6563216044284,2.327707801505790121e+04
685.7306563603778,2.326144532330836591e+04
685.8050589720733,2.316764917281115413e+04
685.8794024621719,2.308948571406347764e+04
685.9537903041233,2.295563079095808280e+04
686.0281472199982,2.286281168369521765e+04
686.1024731844336,2.278367118171319817e+04
686.1768811733403,2.268987503121598638e+04
686.2512158243778,2.252182359490848103e+04
686.3255665827462,2.242705040117692624e+04
686.3999617223745,2.229319547807153140e+04
686.4742975925424,2.229710365100891431e+04
686.5486495653337,2.218278959259043768e+04
686.6230412185406,2.201278406981424268e+04
686.6973829775881,2.184570967674108397e+04
686.7717408365776,2.177340847739948367e+04
686.8460676249846,2.170892362393265284e+04
686.920476563722,2.161610451666978770e+04
686.9948119535088,2.147638733415831666e+04
687.0691634335083,2.139724683217629354e+04
687.1434837923248,2.127413938464870444e+04
687.2178910716232,2.120086114207275750e+04
687.2922436114384,2.104258013810871489e+04
687.3665697193694,2.099665910609445564e+04
687.4409071790424,2.090188591236289722e+04
687.5152607193801,2.074653603810189088e+04
687.5896114344212,2.067618892522898386e+04
687.6639309442114,2.060095659618434729e+04
687.7383327394424,2.046026237043852962e+04
687.8126844041321,2.043681333281422485e+04
687.8870284875072,2.036842030641001111e+04
687.9613649794371,2.025801442092891739e+04
688.0357175394452,2.012025132488613963e+04
688.1100388231959,2.006651394699711091e+04
688.1843761649789,1.999323570442116397e+04
688.2587343070002,1.995903919121905710e+04
688.3330800913666,1.974799785260033241e+04
688.4074182439083,1.972454881497602764e+04
688.4817534945465,1.967276552355569220e+04
688.556104800579,1.953207129780987816e+04
688.6304200038998,1.949982887107646093e+04
688.7047797093452,1.933763969417503176e+04
688.7791080338786,1.926924666777081802e+04
688.8534524038824,1.921355520341309602e+04
688.9277890934775,1.914516217700888228e+04
689.0021418286908,1.902791698888736573e+04
689.0764868733971,1.899860569185698841e+04
689.1507577273879,1.885693442287682410e+04
689.2250873462091,1.883739355818990589e+04
689.2994377520117,1.879538069911302955e+04
689.3737756865256,1.864882421396113932e+04
689.4481106432635,1.852083155026182067e+04
689.5224616327603,1.856675258227607992e+04
689.5968001275772,1.845341556709194992e+04
689.6710880627454,1.843582878887372135e+04
689.745415792651,1.830197386576832650e+04
689.8197595452868,1.830392795223701978e+04
689.8941002876792,1.817691233177204413e+04
689.968380885931,1.811535860800824958e+04
690.0427250973174,1.802253950074538443e+04
690.1170662811704,1.796391690668462979e+04
690.1913949030705,1.790431726938952488e+04
690.2656966557213,1.784276354562573033e+04
690.3400334706062,1.782419972417315876e+04
690.4143672314507,1.773138061691029361e+04
690.4886454859029,1.767666619578691825e+04
690.5629874122526,1.757896187235232355e+04
690.6373214994773,1.759947978027358840e+04
690.7116000290887,1.752327040799460519e+04
690.7859422563533,1.746073964099646400e+04
690.8602336681432,1.739527774429528654e+04
690.9345601567937,1.734447149610929773e+04
691.0089026400582,1.722918039445647446e+04
691.0831942596561,1.720670840006651633e+04
691.157520963373,1.715590215188052753e+04
691.2318206545044,1.707285347696112149e+04
691.3061602170517,1.702302427200947932e+04
691.380444070193,1.698491958586998589e+04
691.45476779478,1.689600865154450366e+04
691.5290596795087,1.685008761953024441e+04
691.6033914459812,1.680709771721902507e+04
691.6776674311591,1.679928137134425560e+04
691.7520072241363,1.668594435616012561e+04
691.8262959912287,1.664979375648932546e+04
691.900643801485,1.664393149708324927e+04
691.9749166156074,1.662634471886502433e+04
692.0492005879099,1.657163029774164897e+04
692.123529252891,1.643484424493321785e+04
692.1978259721524,1.641432633701195300e+04
692.2721578136724,1.640162477496545398e+04
692.3464385130854,1.624920603040748574e+04
692.4207159769667,1.628144845714090297e+04
692.4950525395182,1.621110134426799414e+04
692.56933311711,1.620133091192453503e+04
692.6436056440851,1.609190206967778795e+04
692.7179660817585,1.610069545878690224e+04
692.7922272967613,1.601569269739880474e+04
692.8665236380322,1.594827671422893400e+04
692.9407927013435,1.590430976868336620e+04
693.0151497288059,1.583982491521653355e+04
693.089421837627,1.583005448287307445e+04
693.1636906489606,1.581832996406092207e+04
693.2379753787236,1.574798285118801505e+04
693.3122568047582,1.572648790003240356e+04
693.3865926140129,1.562487540366042413e+04
693.4608818498604,1.565614078715949472e+04
693.5351581466051,1.557993141488051151e+04
693.6094263017561,1.558188550134920297e+04
693.6837151767944,1.547245665910245589e+04
693.7579910889119,1.546170918352465196e+04
693.8322636527323,1.539233911388608976e+04
693.906552121247,1.538452276801132211e+04
693.9808998444166,1.533664764952836958e+04
694.0551719756728,1.531124452543537518e+04
694.1294600063287,1.525457601784331018e+04
694.2037398455482,1.522819585051596914e+04
694.2780114829652,1.518422890497040135e+04
694.3522990144666,1.513146857031572108e+04
694.426583156023,1.510801953269141814e+04
694.5008542537265,1.498100391222644430e+04
694.5751412401826,1.501910859836593590e+04
694.6494248189764,1.491065679935353546e+04
694.723700156412,1.488720776172923252e+04
694.7979624146619,1.489990932377572972e+04
694.8721970948218,1.483640151354324371e+04
694.9464717871994,1.483542447030889707e+04
695.0207623596758,1.474553649274907002e+04
695.0950205016327,1.471915632542172898e+04
695.1693186762369,1.461363565611236663e+04
695.2435843995215,1.460191113730021607e+04
695.3178708269531,1.459604887789413988e+04
695.3921441168008,1.456185236469203119e+04
695.4663655616765,1.448368890594435652e+04
695.5406463919401,1.449052820858477753e+04
695.6149237361514,1.437426006369760944e+04
695.6892121064967,1.436155850165111224e+04
695.7634969823528,1.437426006369760944e+04
695.8377008859716,1.434201763696419403e+04
695.9119932631442,1.426678530791955563e+04
695.9862772860863,1.424040514059221459e+04
696.06048026933,1.418569071946884105e+04
696.134771767185,1.420230045445272299e+04
696.2090548898484,1.412999925511112269e+04
696.2833296268801,1.409775682837770546e+04
696.3575523255896,1.405183579636344621e+04
696.4318151008928,1.402838675873914326e+04
696.5060403540568,1.395803964586623442e+04
696.58033480532,1.396390190527231061e+04
696.6545965750922,1.389746296533678651e+04
696.7288256373972,1.386228940890033118e+04
696.8030899410923,1.383493219833864532e+04
696.8773263707111,1.381832246335476339e+04
696.9516029071826,1.378314890691830988e+04
697.0258758450395,1.376360804223139166e+04
697.1000868630892,1.366883484849983324e+04
697.1743865928445,1.365320215675029795e+04
697.248609793035,1.360337295179865578e+04
697.3228682493078,1.360434999503300060e+04
697.3970987519848,1.356917643859654709e+04
697.4713645187727,1.352716357951967075e+04
697.5456023130668,1.353986514156616795e+04
697.6198072452165,1.344997716400634090e+04
697.6941009834452,1.346267872605283810e+04
697.7683131711979,1.342164291021030840e+04
697.8425898466292,1.344411490460026471e+04
697.9168092738975,1.338060709436777870e+04
697.9910201305657,1.335520397027478430e+04
698.0653003733468,1.333859423529090236e+04
698.1395184438109,1.333077788941613471e+04
698.2138010478819,1.328485685740187546e+04
698.2880311962213,1.327801755476145445e+04
698.3622527442063,1.323014243627850192e+04
698.4364656813189,1.322330313363808091e+04
698.510738305446,1.317347392868643692e+04
698.5849584048053,1.311778246432871856e+04
698.6591698720874,1.312462176696913957e+04
698.7334703424422,1.309726455640745371e+04
698.8076889513259,1.310996611845395091e+04
698.8818989069066,1.301519292472239431e+04
698.9561050840433,1.301323883825370103e+04
699.030322134609,1.297611119534855607e+04
699.1046038227042,1.301812405442543240e+04
699.1788328602486,1.290283295277260913e+04
699.2530532146016,1.296731780623944178e+04
699.3272599846256,1.291260338511606824e+04
699.4014873980228,1.288524617455438238e+04
699.4757061069474,1.287449869897657663e+04
699.5499161008405,1.283737105607143167e+04
699.6241418428359,1.280317454286932298e+04
699.6983588590565,1.280415158610366780e+04
699.7726405911895,1.279340411052586387e+04
699.8468646290141,1.280512862933801443e+04
699.9210848186354,1.273380447323076078e+04
699.9952913527262,1.274357490557421988e+04
700.0695185244031,1.271035543560645783e+04
700.1437320277023,1.264684762537397000e+04
700.2179661702849,1.263023789039008989e+04
700.2921670152689,1.265368692801439283e+04
700.3663345364773,1.264196240920224045e+04
700.4405423002715,1.263512310656181944e+04
700.5147657911945,1.261558224187490123e+04
700.5889804729994,1.259213320425059828e+04
700.6632108815323,1.251299270226857516e+04
700.7374324701444,1.256673008015760206e+04
700.81164522823,1.247391097289473691e+04
700.8858540575908,1.248270436200385120e+04
700.9600736910871,1.247781914583212165e+04
701.034240242214,1.246218645408258635e+04
701.1084716450022,1.242603585441178620e+04
701.1826646876575,1.234982648213280117e+04
701.2569029402329,1.237816073592883549e+04
701.3311077280009,1.232833153097719151e+04
701.4052790247227,1.232637744450850005e+04
701.4794906151762,1.230976770952461811e+04
701.5537179110803,1.226677780721339695e+04
701.6278673838922,1.231465292569634767e+04
701.7020768472739,1.227752528279120088e+04
701.776302010223,1.226775485044774177e+04
701.8505182480137,1.223355833724563490e+04
701.9246812071539,1.224137468312040255e+04
701.9989091214585,1.220326999698090913e+04
702.0730492261018,1.219447660787179666e+04
702.147283874415,1.220033886727787103e+04
702.2215095672381,1.210458863031196961e+04
702.2956523110257,1.207820846298462857e+04
702.3698847114229,1.209579524120285532e+04
702.4440341206173,1.208211663592201148e+04
702.5182485406029,1.209091002503112577e+04
702.5924786440079,1.200493022040868163e+04
702.6666306251165,1.200786135011171973e+04
702.7408427059752,1.199125161512783779e+04
702.8150013114393,1.196389440456615193e+04
702.8892200349155,1.196389440456615193e+04
702.9633852532902,1.190136363756801074e+04
703.0375414112833,1.191113406991146985e+04
703.1117577094595,1.194435353987923372e+04
703.1859204527385,1.189550137816193637e+04
703.2601235714659,1.188475390258413063e+04
703.3342928843769,1.186325895142851914e+04
703.4085025826428,1.184664921644463720e+04
703.482658658175,1.187302938377197825e+04
703.5568254210807,1.178900366561822739e+04
703.6310325789715,1.177532506033738355e+04
703.7052108243134,1.181929200588295134e+04
703.7793551808122,1.178704957914953593e+04
703.8535845204474,1.173038107155747093e+04
703.9277353723147,1.172256472568270328e+04
704.0019018493869,1.170693203393316799e+04
704.0760542132163,1.167078143426236784e+04
704.1502767406283,1.171279429333924236e+04
704.2244157321018,1.161704405637333912e+04
704.2985752975638,1.161606701313899430e+04
704.3727455222629,1.161118179696726475e+04
704.4469065581811,1.158675571610861516e+04
704.5211080295742,1.158968684581165326e+04
704.5952804534251,1.156135259201562076e+04
704.6694387032167,1.153888059762566445e+04
704.7435926983363,1.148612026297098237e+04
704.8177573342106,1.148807434943967382e+04
704.891917706452,1.149393660884575002e+04
704.9660688376695,1.147830391709621472e+04
705.0402107171044,1.144215331742541457e+04
705.114442771257,1.148709730620532901e+04
705.1885910002947,1.140697976098896106e+04
705.2627548254902,1.142652062567587927e+04
705.3369093767561,1.137376029102119901e+04
705.4110795235591,1.141968132303545826e+04
705.485220476971,1.139525524217680868e+04
705.5593969294841,1.139232411247377240e+04
705.6335441691415,1.140307158805157633e+04
705.7077020144703,1.138743889630204103e+04
705.7818057106044,1.132197699960086356e+04
705.8559498827009,1.128191822699267868e+04
705.9301096345012,1.128973457286744633e+04
706.0042849709166,1.130048204844525208e+04
706.0784260421825,1.123111197880668988e+04
706.1525826869397,1.125651510289968428e+04
706.2267549100956,1.127019370818052812e+04
706.3008928304606,1.122134154646323077e+04
706.3750014111765,1.123404310850972797e+04
706.4491704615375,1.121450224382280794e+04
706.5233051714449,1.119105320619850681e+04
706.5974853991634,1.117151234151158678e+04
706.6716262730434,1.118323686032373917e+04
706.745737753195,1.116760416857420387e+04
706.8198897594285,1.116076486593378104e+04
706.8940323424436,1.119398433590154309e+04
706.9681405012132,1.112852243920036562e+04
707.0422891955021,1.114513217418424574e+04
707.1164534452462,1.116271895240247250e+04
707.19055823756,1.111582087715386842e+04
707.2647035748213,1.110116522863867795e+04
707.3388694645195,1.110311931510737122e+04
707.4129708410553,1.106599167220222444e+04
707.4871177773351,1.109725705570129503e+04
707.5612752521206,1.111582087715386842e+04
707.6353781699282,1.109921114216998649e+04
707.7095466962406,1.107283097484264545e+04
707.7836305801062,1.109237183952956548e+04
707.857775071609,1.105524419662441869e+04
707.9318899937977,1.106696871543657107e+04
708.0060455013667,1.110995861774779223e+04
708.080146353211,1.102984107253142429e+04
708.1543078510902,1.102886402929707765e+04
708.2283845678539,1.104351967781226813e+04
708.3025520377458,1.101420838078188899e+04
708.3766397017445,1.099173638639193268e+04
708.4508131326904,1.101616246725058045e+04
708.5249067170731,1.096242508936155355e+04
708.5989906956581,1.101518542401623563e+04
708.673160478897,1.102984107253142429e+04
708.7472503492967,1.094874648408070971e+04
708.8213557131089,1.096340213259590018e+04
708.8955017018351,1.098587412698585649e+04
708.9696129404151,1.092920561939379149e+04
709.0436944296144,1.096926439200197456e+04
709.1178618009762,1.097610369464239739e+04
709.1919440994113,1.091845814381598575e+04
709.266041878377,1.093213674909682959e+04
709.3401601743607,1.089891727912906754e+04
709.4143140934323,1.089305501972299135e+04
709.4884130457813,1.088621571708257034e+04
709.5625023052012,1.089110093325429989e+04
709.6366020041326,1.088328458737953224e+04
709.71069703359,1.084615694447438545e+04
709.7848579170291,1.091650405734729429e+04
709.8589587159314,1.083540946889657971e+04
709.9330497882937,1.088426163061387706e+04
710.0071361642808,1.084615694447438545e+04
710.0812329625695,1.080902930156924049e+04
710.1553452280508,1.082661607978746724e+04
710.2294275672397,1.085983554975522929e+04
710.3035203190468,1.079535069628839665e+04
710.3776335778801,1.075920009661759650e+04
710.4517320198205,1.079632773952274147e+04
710.5258257276931,1.076897052896105561e+04
710.599909644176,1.078655730717928236e+04
710.6740090111854,1.078460322071059090e+04
710.7480985754111,1.073379697252460210e+04
710.8222035892967,1.072011836724375826e+04
710.8962987889969,1.072011836724375826e+04
710.9704094374856,1.068396776757295811e+04
711.0444849811654,1.068494481080730475e+04
711.1186012467011,1.070643976196291442e+04
711.1926874434225,1.066540394612038472e+04
711.2667840197356,1.064390899496477505e+04
711.3408251965476,1.067028916229211427e+04
711.4149070955419,1.066735803258907617e+04
711.4890246751831,1.066247281641734662e+04
711.5631121310784,1.065172534083954088e+04
711.6372150180558,1.059114866031009296e+04
711.7112320343467,1.065172534083954088e+04
711.7853404449295,1.060385022235659017e+04
711.8594389533098,1.057258483885751957e+04
711.9335275484821,1.055108988770190808e+04
712.0075605935059,1.053448015271802797e+04
712.0816546727544,1.054913580123321663e+04
712.1557641746032,1.054718171476452517e+04
712.2297927223119,1.054620467153017853e+04
712.3038823260575,1.055499806063929282e+04
712.377992420552,1.055695214710798427e+04
712.4520164203059,1.046901825601684868e+04
712.5261268825731,1.047585755865727151e+04
712.6001562828156,1.049637546657853636e+04
712.6742518579922,1.045436260750166002e+04
712.7483628435643,1.051689337449980121e+04
712.8223876211747,1.040160227284697794e+04
712.8964785986809,1.040062522961263312e+04
712.9705138140855,1.046315599661077431e+04
713.0446101673241,1.039183184050351883e+04
713.1186507279195,1.037717619198833017e+04
713.19275244439,1.044654626162689237e+04
713.2667983376626,1.035958941377010342e+04
713.3408290765726,1.036935984611356253e+04
713.4149057221886,1.033614037614580047e+04
713.4889468476811,1.035861237053575678e+04
713.5630542605719,1.028631117119415649e+04
713.6370752139885,1.030194386294369178e+04
713.71111152602,1.029021934413154122e+04
713.7852141503761,1.034297967878622148e+04
713.8592557248019,1.032832403027103283e+04
713.93328717658,1.030682907911542134e+04
714.0073900636712,1.028924230089719458e+04
714.0814267494405,1.027165552267896783e+04
714.1554583900697,1.026872439297592973e+04
714.2295512937391,1.020521658274344372e+04
714.3035881409775,1.028044891178808030e+04
714.3776148223176,1.023061970683643813e+04
714.451651744311,1.021010179891517328e+04
714.5256835921462,1.019740023686867607e+04
714.5997818492889,1.017492824247871795e+04
714.6738188625989,1.021107884214951810e+04
714.7478712188952,1.019544615039998280e+04
714.8218929356141,1.018762980452521515e+04
714.8959248750398,1.016613485336960548e+04
714.9699721505816,1.012509903752707578e+04
715.044014315487,1.017199711277567985e+04
715.1180411339378,1.011435156194927004e+04
715.1920883966163,1.015441033455745310e+04
715.2661714596333,1.010555817284015575e+04
715.3402238179556,1.018372163158783223e+04
715.4142403295658,1.011142043224623194e+04
715.488267040557,1.012705312399576724e+04
715.5623141930947,1.011923677812099959e+04
715.6363510669913,1.012412199429272914e+04
715.7103315493897,1.008601730815323754e+04
715.784373440411,1.006940757316935560e+04
715.8584050299637,1.003618810320159355e+04
715.932426306901,1.011142043224623194e+04
716.0064680199878,1.010067295666842620e+04
716.080494283165,1.008210913521585280e+04
716.1545409835085,1.005572896788851176e+04
716.2285722201125,1.004888966524809075e+04
716.3025469314863,1.003130288702986400e+04
716.3765882447348,1.006452235699762605e+04
716.4506192011959,1.002250949792074971e+04
716.5246654600803,1.000101454676514004e+04
716.5987013504475,1.006159122729458795e+04
716.6726754991479,1.002348654115509635e+04
716.7467162946405,9.988312984718642838e+03
716.8207466986998,9.992221157656025753e+03
716.8947667001454,1.004498149231070784e+04
716.9687557260248,9.956070557985225605e+03
717.0427805919613,1.003325697349855545e+04
717.116825887731,9.992221157656025753e+03
717.1908093232216,9.980496638843875189e+03
717.2648286044712,9.991244114421679114e+03
717.3388168541977,9.974634379437798998e+03
717.4128461038251,9.945323082407419861e+03
717.4868906346427,9.992221157656025753e+03
717.5608474726536,9.980496638843875189e+03
717.6348968087937,9.992221157656025753e+03
717.7088584084709,9.967795076797377988e+03
717.7828867763504,9.929690390657884564e+03
717.8568840385082,9.953139428282187509e+03
717.9309171761972,9.941414909470036946e+03
718.0048882559898,9.933598563595269297e+03
718.0789313004857,9.954116471516534148e+03
718.1528864689565,9.909172482736619713e+03
718.2268775063203,9.870090753362781470e+03
718.300914749167,9.927736304189193106e+03
718.3748898482226,9.880838228940587214e+03
718.4489059941204,9.898425007158813969e+03
718.5228857662477,9.899402050393160607e+03
718.5968549564894,9.895493877455777692e+03
718.6708910267723,9.922851088017463553e+03
718.7448648651658,9.896470920690122512e+03
718.8188539335962,9.866182580425398555e+03
718.8928117241455,9.877907099237549119e+03
718.9668571028507,9.887677531581010044e+03
719.040845353585,9.859343277784977545e+03
719.1148178064504,9.902333180096198703e+03
719.1887847916446,9.822215634879830759e+03
719.2628187285492,9.808537029598986919e+03
719.3367851179871,9.829054937520251769e+03
719.4107718973806,9.829054937520251769e+03
719.4847480151196,9.815376332239409749e+03
719.55871345993,9.818307461942446025e+03
719.6326941140954,9.788019121677722069e+03
719.7066692631995,9.771409386693841952e+03
719.780706250103,9.759684867881689570e+03
719.8546807424774,9.781179819037301058e+03
719.9286497097812,9.823192678114177397e+03
720.0026286960333,9.731350614085657071e+03
720.0766021474149,9.745029219366500911e+03
720.1505856143327,9.820261548411139302e+03
720.2245376004026,9.698131144117895019e+03
720.298530717732,9.717672008804813231e+03
720.3725079039693,9.753822608475613379e+03
720.446479525475,9.675659149727938711e+03
720.5204403826414,9.680544365899668264e+03
720.5943696939084,9.713763835867430316e+03
720.6683349523433,9.665888717384477786e+03
720.7423153966341,9.687383668540089275e+03
720.816285052651,9.703016360289624572e+03
720.890249105901,9.691291841477474009e+03
720.9642231419422,9.682498452368359722e+03
721.0382175601698,9.674682106493592073e+03
721.1121179678518,9.629738117713679458e+03
721.1860907374653,9.689337755008780732e+03
721.2600786851124,9.653187155337980585e+03
721.334050596095,9.618013598901527075e+03
721.4079648215145,9.649278982400597670e+03
721.4819202230957,9.587725258636803119e+03
721.5559168215076,9.569161437184229726e+03
721.6298296575088,9.586748215402456481e+03
721.7038045147077,9.588702301871147938e+03
721.777768491748,9.575023696590305917e+03
721.8516746809869,9.576977783058997375e+03
721.9256689717006,9.513469972826511366e+03
721.9996263053706,9.538873096919505770e+03
722.0735518685187,9.562322134543808716e+03
722.1475134315792,9.464617811109212198e+03
722.221443203523,9.551574658966002971e+03
722.2954141996532,9.422604952032337678e+03
722.369322077151,9.447031032890985443e+03
722.4432972736668,9.476342329921364581e+03
722.5172093181159,9.418696779094952944e+03
722.5911887015628,9.419673822329299583e+03
722.665104899496,9.474388243452673123e+03
722.7390623388185,9.439214687016217795e+03
722.8129878959985,9.388408438830228988e+03
722.8869756086152,9.412834519688878572e+03
722.9608791618889,9.384500265892846073e+03
723.0347925998112,9.350303752690737383e+03
723.1087786701618,9.294612288333017204e+03
723.1826700550422,9.325877671832087799e+03
723.2565817737539,9.343464450050314554e+03
723.3305609227724,9.299497504504746757e+03
723.4044767103132,9.311222023316899140e+03
723.4783814349788,9.320992455660358246e+03
723.5523797909511,9.255530558959180780e+03
723.6262885587613,9.272140293943060897e+03
723.7001862401456,9.279956639817828545e+03
723.7741042546204,9.215471786350995899e+03
723.8480321309023,9.281910726286520003e+03
723.9220013141903,9.226219261928801643e+03
723.9959122328532,9.240874910443990302e+03
724.0698330025856,9.244783083381375036e+03
724.1437478932739,9.187137532554963400e+03
724.2176516517817,9.213517699882304441e+03
724.2915652506016,9.178344143445849113e+03
724.3654729499798,9.131446068197245040e+03
724.4393957341822,9.184206402851925304e+03
724.51330736185,9.140239457306357508e+03
724.587207821535,9.151963976118509891e+03
724.6611286098097,9.181275273148887209e+03
724.7350592296857,9.099203641463827807e+03
724.80895240124,9.133400154665936498e+03
724.882865897012,9.159780321993277539e+03
724.9567892135801,9.106042944104248818e+03
725.0307013255602,9.140239457306357508e+03
725.1046074792529,9.125583808791168849e+03
725.1785287017594,9.100180684698174446e+03
725.2524334382222,9.156849192290239444e+03
725.326358500832,9.030810615059612246e+03
725.4002723250796,9.062075998558681022e+03
725.4741222682113,9.082593906479947691e+03
725.5480398915687,9.044489220340454267e+03
725.6219462528422,9.079662776776909595e+03
725.6958676722687,9.039604004168724714e+03
725.769783084779,9.014200880075730311e+03
725.8436292602167,9.044489220340454267e+03
725.9175431603215,9.024948355653536055e+03
725.9914510329734,9.010292707138347396e+03
726.0653686850188,8.997591145091848375e+03
726.1392275716657,9.016154966544421768e+03
726.2131278556831,8.998568188326195013e+03
726.2870379081896,8.979027323639276801e+03
726.3608891425325,8.925289945750248080e+03
726.4348081680206,8.994660015388812099e+03
726.50866306773,8.937014464562400462e+03
726.5825857784921,8.952647156311935760e+03
726.6564232085193,8.985866626279697812e+03
726.730349586392,8.918450643109827070e+03
726.8042645953695,8.927244032218941356e+03
726.8781153887404,8.901840908125946953e+03
726.9520393221525,8.912588383703750878e+03
727.0258672943038,8.904772037828983230e+03
727.0997948515045,8.871552567861221178e+03
727.1736528398144,8.882300043439026922e+03
727.2475046789152,8.908680210766367964e+03
727.3214244199837,8.846149443768226774e+03
727.3952533686669,8.856896919346032519e+03
727.4691766890326,8.852011703174302966e+03
727.5430356383624,8.846149443768226774e+03
727.6168831154938,8.827585622315653382e+03
727.6907985389481,8.788503892941815138e+03
727.7646495352022,8.792412065879199872e+03
727.838494332822,8.832470838487382935e+03
727.9123488191613,8.747468077099285438e+03
727.986271291593,8.783618676770085585e+03
728.0601080662049,8.786549806473123681e+03
728.1339810274446,8.724019039474982492e+03
728.2078212555151,8.703501131553717642e+03
728.2817295008361,8.737697644755826332e+03
728.3555996998778,8.686891396569837525e+03
728.429453049297,8.692753655975913716e+03
728.5033054557948,8.639993321321231633e+03
728.577140989502,8.658557142773805026e+03
728.6509914915385,8.694707742444605174e+03
728.7248569664563,8.617521326931275325e+03
728.7987108614303,8.639993321321231633e+03
728.872558477417,8.598957505478701933e+03
728.9464688832253,8.587232986666549550e+03
729.0203145595359,8.607750894587816219e+03
729.0941805149681,8.551082386995749403e+03
729.1680295392798,8.556944646401825594e+03
729.2418722535059,8.529587435840139733e+03
729.3156767351837,8.518839960262333989e+03
729.3895227579071,8.531541522308831190e+03
729.4633837365335,8.509069527918874883e+03
729.5372330643772,8.502230225278452053e+03
729.6110920231105,8.490505706466301490e+03
729.6849499652391,8.471941885013728097e+03
729.7587909091665,8.448492847389425151e+03
729.832646799371,8.456309193264192800e+03
729.9064377258716,8.437745371811619407e+03
729.9802755476569,8.406479988312550631e+03
730.0541496290818,8.405502945078203993e+03
730.1279906863275,8.401594772140819259e+03
730.2018413503896,8.394755469500398249e+03
730.2756322932343,8.343949221314409442e+03
730.3494914925877,8.372283475110441941e+03
730.4233389576001,8.348834437486138995e+03
730.497121314011,8.302913405471879742e+03
730.5709933006522,8.293142973128418816e+03
730.6448321837362,8.278487324613230157e+03
730.7186379386568,8.249176027582851020e+03
730.7924799682986,8.236474465536353819e+03
730.8662835069548,8.208140211740321320e+03
730.940128667791,8.222795860255511798e+03
731.0139673771906,8.231589249364624266e+03
731.0877622124666,8.155379877085641056e+03
731.1616307539186,8.190553433522094565e+03
731.2354072830598,8.127045623289608557e+03
731.3092735761231,8.117275190946148541e+03
731.3830531589755,8.146586487976526769e+03
731.4569011330443,8.079170504806656936e+03
731.5307105078027,8.078193461572310298e+03
731.6044812553652,8.066468942760159734e+03
731.6783471861277,8.005892262230710003e+03
731.7521477148499,8.046928078073240613e+03
731.8259899112759,8.010777478402440465e+03
731.899766660658,7.970718705794256493e+03
731.9735636445379,7.971695749028602222e+03
732.0473701527895,7.970718705794256493e+03
732.1212183467612,7.971695749028602222e+03
732.195006386356,7.924797673779996330e+03
732.2688093011474,7.923820630545650602e+03
732.3426485486638,7.917958371139575320e+03
732.4164544099781,7.840771955626244562e+03
732.4902214949792,7.825139263876710174e+03
732.5640302732379,7.878876641765737077e+03
732.6378270896475,7.802667269486752957e+03
732.7116656191168,7.826116307111055903e+03
732.7854653361854,7.812437701830212063e+03
732.8592530670325,7.811460658595866335e+03
732.9330341718326,7.802667269486752957e+03
733.0068247610646,7.772378929222028091e+03
733.0806302100424,7.760654410409877528e+03
733.1544290226378,7.733297199848190758e+03
733.2282104378809,7.703008859583465892e+03
733.3020120820065,7.698123643411736339e+03
733.3758016923423,7.676628692256125760e+03
733.4495738776542,7.675651649021779122e+03
733.5233662868974,7.691284340771314419e+03
733.5971735461529,7.591625930868028263e+03
733.6709687462483,7.617029054961022666e+03
733.7447518754218,7.608235665851909289e+03
733.818549846392,7.568176893243725317e+03
733.8923357337387,7.577947325587184423e+03
733.9660610421337,7.533980380041616627e+03
734.039849657903,7.534957423275962356e+03
734.113653111708,7.531049250338578531e+03
734.1874498467755,7.465587353637400156e+03
734.2612290717857,7.504669083011238399e+03
734.3349476318791,7.480243002152589725e+03
734.4087618993168,7.454839878059595321e+03
734.4825316665394,7.454839878059595321e+03
734.5563216510071,7.370814159905843553e+03
734.6300724954872,7.402079543404913238e+03
734.7038651403906,7.434321970138329561e+03
734.7776456166251,7.360066684328037809e+03
734.8513869120628,7.370814159905843553e+03
734.9251700158896,7.350296251984578703e+03
734.99889230638,7.360066684328037809e+03
735.0727050353661,7.335640603469389134e+03
735.1464785471829,7.279949139111669865e+03
735.220218219237,7.264316447362134568e+03
735.2939943121419,7.301444090267280444e+03
735.367736543824,7.244775582675215446e+03
735.4415206118363,7.258454187956059286e+03
735.5152599796714,7.236959236800447798e+03
735.5890466014831,7.198854550660956193e+03
735.662766849309,7.223280631519604867e+03
735.7365830712438,7.161726907755810316e+03
735.8103058246913,7.162703950990156045e+03
735.8840433540496,7.136323783662815003e+03
735.957822745456,7.181267772442729438e+03
736.0315681756952,7.152933518646696939e+03
736.1052958754302,7.110920659569820600e+03
736.1790654451154,7.144140129537582652e+03
736.252801015933,7.123622221616317802e+03
736.326545937147,7.095287967820285303e+03
736.4003381699183,7.120691091913280616e+03
736.4740584115469,7.062068497852523251e+03
736.5477988397872,7.085517535476826197e+03
736.6215269056551,7.042527633165604129e+03
736.6952425972906,7.016147465838263997e+03
736.7690544685436,7.016147465838263997e+03
736.8427725447069,7.028849027884761199e+03
736.9165053742005,6.984882082339193403e+03
736.9902258037228,6.956547828543160904e+03
737.0639609845649,6.966318260886620010e+03
737.137689186275,6.987813212042230589e+03
737.2114267046566,6.950685569137084713e+03
737.2851517972983,6.979019822933117212e+03
737.358897074205,6.955570785308814266e+03
737.4326244765816,6.899879320951095906e+03
737.5063448675909,6.903787493888479730e+03
737.5800799995792,6.875453240092447231e+03
737.6538026703106,6.851027159233797647e+03
737.7275346375662,6.829532208078187068e+03
737.8012595719805,6.835394467484263259e+03
737.8749992432967,6.843210813359030908e+03
737.9487264275168,6.797289781344770745e+03
738.022468346593,6.807060213688230760e+03
738.0961977656417,6.801197954282154569e+03
738.169865632222,6.759185095205279140e+03
738.2435972558687,6.771886657251776342e+03
738.3173218057595,6.713264063191018977e+03
738.3910556298822,6.735736057580976194e+03
738.4647823694751,6.699585457910176046e+03
738.5384638351453,6.702516587613214142e+03
738.612192738524,6.714241106425365615e+03
738.685909081362,6.714241106425365615e+03
738.7595855634423,6.648779209724186330e+03
738.8332985789483,6.667343031176759723e+03
738.9070317658445,6.632169474740305304e+03
738.9807032179243,6.642916950318111049e+03
739.0544385201678,6.608720437116002358e+03
739.1281065918952,6.580386183319969859e+03
739.2018439933116,6.593087745366467061e+03
739.2755687822585,6.537396281008748701e+03
739.3492317494262,6.563776448336088833e+03
739.4229859424029,6.519809502790521037e+03
739.4966509491076,6.500268638103601916e+03
739.5703798618135,6.541304453946132526e+03
739.6440468874771,6.430898568465039716e+03
739.7177778366447,6.438714914339807365e+03
739.791446866122,6.427967438762001620e+03
739.8651032005454,6.411357703778120595e+03
739.9388289543585,6.404518401137699584e+03
740.0125146409633,6.389862752622510015e+03
740.086187618405,6.366413714998207070e+03
740.1599026583724,6.383023449982088096e+03
740.2335830692062,6.325377899155677369e+03
740.3072452674804,6.353712152951709868e+03
740.3809769441689,6.293135472422261046e+03
740.4546465508478,6.287273213016184854e+03
740.5283253357537,6.308768164171796343e+03
740.6019968452496,6.234512878361503681e+03
740.6757323886792,6.232558791892812224e+03
740.7493783611862,6.213994970440238831e+03
740.8230664214437,6.182729586941168236e+03
740.8967416974003,6.210086797502855006e+03
740.9704041770528,6.178821414003784412e+03
741.0440813057113,6.171982111363363401e+03
741.1177456249695,6.118244733474335590e+03
741.1914740338814,6.086979349975265905e+03
741.265145682029,6.102612041724801202e+03
741.3387990020083,6.062553269116617230e+03
741.4124669600711,6.059622139413579134e+03
741.4861550585991,6.030310842383200907e+03
741.5598248114671,6.033241972086238093e+03
741.6334872037764,6.040081274726660013e+03
741.7070817125386,5.966803032150713989e+03
741.7807678621677,5.964848945682021622e+03
741.8544191228816,5.993183199478054121e+03
741.9281125335501,5.924790173073837650e+03
742.0017600242695,5.930652432479913841e+03
742.0754276444354,5.901341135449534704e+03
742.1491098938311,5.923813129839491921e+03
742.2227792320809,5.898410005746497518e+03
742.2963860567804,5.861282362841351642e+03
742.3700570824167,5.873006881653502205e+03
742.4437151716932,5.825131763170551494e+03
742.5173878791576,5.834902195514010600e+03
742.5909980073593,5.792889336437135171e+03
742.6646723713906,5.790935249968442804e+03
742.7383392893086,5.812430201124053383e+03
742.8119656461523,5.773348471750216049e+03
742.8856286765096,5.781164817624983698e+03
742.9592842387771,5.749899434125913103e+03
743.0328991982909,5.713748834455112956e+03
743.1065563576633,5.754784650297642656e+03
743.1801728901319,5.697139099471231930e+03
743.2538592524501,5.668804845675199431e+03
743.3274497210764,5.698116142705577658e+03
743.4011100282263,5.661965543034777511e+03
743.4747296601421,5.667827802440852793e+03
743.5483970465806,5.650241024222626038e+03
743.6220182060574,5.615067467786171619e+03
743.6956816000841,5.644378764816550756e+03
743.7692821427946,5.611159294848787795e+03
743.8429470520473,5.587710257224485758e+03
743.916576747615,5.578916868115371472e+03
743.990165669035,5.580870954584063838e+03
744.0638466591978,5.580870954584063838e+03
744.1374370340701,5.544720354913263691e+03
744.2110696595498,5.531041749632419851e+03
744.284716858413,5.538858095507187500e+03
744.3583232280512,5.508569755242463543e+03
744.4319496995879,5.500753409367695895e+03
744.5055574804348,5.442130815306938530e+03
744.5791520991629,5.492937063492928246e+03
744.6528444452033,5.466556896165587204e+03
744.7264460022811,5.466556896165587204e+03
744.8000565630955,5.465579852931241476e+03
744.8736594835683,5.459717593525166194e+03
744.9472714032472,5.426498123557403233e+03
745.0208756714717,5.432360382963479424e+03
745.094494486024,5.370806659199684873e+03
745.168100087441,5.373737788902722059e+03
745.2416924635781,5.387416394183565899e+03
745.3152993770332,5.373737788902722059e+03
745.3889152760675,5.390347523886603994e+03
745.4625290474098,5.346380578341036198e+03
745.5361240107667,5.355173967450149576e+03
745.609733506721,5.350288751278420023e+03
745.6833575395775,5.315115194841965604e+03
745.7569683059694,5.304367719264159859e+03
745.8305713563644,5.317069281310657061e+03
745.9041833730809,5.296551373389392211e+03
745.9777876626403,5.296551373389392211e+03
746.0514009139459,5.277987551936819727e+03
746.1249507566789,5.266263033124668254e+03
746.1985429433485,5.276033465468127361e+03
746.2721496486159,5.256492600781208239e+03
746.3457708767787,5.257469644015553968e+03
746.4193230608547,5.277987551936819727e+03
746.4929176060401,5.215456784938678538e+03
746.5665266650274,5.198847049954797512e+03
746.640066621393,5.234997649625597660e+03
746.7136768253059,5.227181303750830011e+03
746.7873015449047,5.185168444673954582e+03
746.8608348022583,5.173443925861803109e+03
746.934460649653,5.213502698469987081e+03
747.0080507927156,5.147063758534462067e+03
747.0815940434294,5.178329142033532662e+03
747.1552131827909,5.149017845003154434e+03
747.2287630801482,5.142178542362732514e+03
747.3023777208953,5.128499937081888675e+03
747.3759007391845,5.123614720910159122e+03
747.4495220280663,5.121660634441467664e+03
747.5230740040879,5.095280467114126623e+03
747.5966125121065,5.114821331801045744e+03
747.6702213915038,5.104073856223240000e+03
747.7437608993716,5.086487078005013245e+03
747.8173763904779,5.105050899457586638e+03
747.8909168833824,5.045451262162483545e+03
747.9644718416794,5.063038040380710299e+03
748.0380188872018,5.061083953912018842e+03
748.111630768237,5.011254748960374855e+03
748.1851787691317,5.071831429489823677e+03
748.2587356337701,4.991713884273455733e+03
748.3322845630789,4.979012322226958531e+03
748.405875958131,4.976081192523921345e+03
748.4794258064913,4.963379630477423234e+03
748.5529901125466,4.985851624867380451e+03
748.626540858474,4.938953549618774559e+03
748.7000780320159,4.966310760180461330e+03
748.7736296540094,4.930160160509661182e+03
748.8471676901079,4.900848863479282954e+03
748.920776260387,4.926251987572277358e+03
748.994315154041,4.894009560838861034e+03
749.0678741021718,4.912573382291434427e+03
749.1414138274398,4.893032517604515306e+03
749.2149736068789,4.862744177339790440e+03
749.2885141477188,4.904757036416666779e+03
749.362046665244,4.841249226184179861e+03
749.4355374512597,4.850042615293293238e+03
749.5090988297237,4.826593577668990292e+03
749.5826465568359,4.823662447965953106e+03
749.656175000463,4.806075669747725442e+03
749.7297234916311,4.789465934763844416e+03
749.803286415846,4.758200551264773821e+03
749.8768356615918,4.770902113311271933e+03
749.9503205982728,4.770902113311271933e+03
750.0238705670453,4.745498989218276620e+03
750.0974068314757,4.719118821890936488e+03
750.170963144645,4.764062810670850013e+03
750.2444438267519,4.729866297468741323e+03
750.318000832892,4.706417259844439286e+03
750.3915384788514,4.699577957204017366e+03
750.4650398530696,4.689807524860557351e+03
750.5385837931271,4.678083006048406787e+03
750.6121083437756,4.665381444001908676e+03
750.6855965835151,4.658542141361487666e+03
750.7591555782365,4.642909449611952368e+03
750.8326444278694,4.624345628159378975e+03
750.9061758589805,4.616529282284611327e+03
750.9796652967866,4.595034331129000748e+03
751.053225528571,4.567677120567313978e+03
751.1267211857668,4.568654163801659706e+03
751.2002538005404,4.556929644989508233e+03
751.2737443726544,4.553021472052124409e+03
751.347283196831,4.554975558520816776e+03
751.4207743095347,4.524687218256091910e+03
751.4942572105898,4.501238180631789874e+03
751.567805321994,4.512962699443940437e+03
751.641288735935,4.490490705053984129e+03
751.7147865207419,4.489513661819638401e+03
751.7883269399143,4.496352964460059411e+03
751.8618252198199,4.471926883601410736e+03
751.9353096018531,4.478766186241832656e+03
752.0087800736492,4.452386018914491615e+03
752.082349748397,4.438707413633648684e+03
752.1558206716313,4.449454889211454429e+03
752.2293059510168,4.405487943665886633e+03
752.3028112503567,4.385947078978967511e+03
752.3762686487676,4.390832295150697064e+03
752.4497687028702,4.382038906041583687e+03
752.5232604672466,4.384970035744621782e+03
752.5967892449822,4.349796479308167363e+03
752.6702814069297,4.351750565776858821e+03
752.74378792351,4.345888306370783539e+03
752.8172521255437,4.322439268746480593e+03
752.890753342267,4.325370398449518689e+03
752.9642462347487,4.298013187887831918e+03
753.0377251232514,4.321462225512134864e+03
753.111218354199,4.272610063794837515e+03
753.1846408387155,4.305829533762599567e+03
753.2581116847355,4.251115112639226027e+03
753.331591190779,4.268701890857453691e+03
753.4050850339123,4.246229896467496474e+03
753.4785648318334,4.250138069404880298e+03
753.552064642568,4.250138069404880298e+03
753.6254879218887,4.212033383265388693e+03
753.698987997613,4.209102253562350597e+03
753.7724683210844,4.220826772374502070e+03
753.845940242228,4.190538432109777204e+03
753.9193696482735,4.193469561812815300e+03
753.9928702112186,4.190538432109777204e+03
754.0663566760842,4.207148167093658230e+03
754.1397721577508,4.177836870063280003e+03
754.2132588199502,4.198354777984544853e+03
754.286731357841,4.131915838049020749e+03
754.3601613060175,4.143640356861172222e+03
754.433662469434,4.153410789204631328e+03
754.5070697940439,4.140709227158134127e+03
754.580571120139,4.125076535408598829e+03
754.6540013426822,4.112374973362101628e+03
754.7274800348059,4.124099492174253101e+03
754.8009103674891,4.120191319236869276e+03
754.8743891803196,4.083063676331722945e+03
754.9478196065738,4.104558627487333979e+03
755.0212985235391,4.083063676331722945e+03
755.0947347284628,4.047890119895268981e+03
755.1681567061893,4.058637595473074271e+03
755.2416500027333,4.037142644317463237e+03
755.3150720303312,4.041050817254847061e+03
755.3884798044081,4.002946131115355001e+03
755.4619874570354,4.014670649927506474e+03
755.535395250506,4.000992044646663544e+03
755.6088173113466,4.000992044646663544e+03
755.6822593542736,4.009785433755776921e+03
755.7557385217809,4.007831347287085009e+03
755.8291520013627,3.995129785240587807e+03
755.9025740310907,4.000992044646663544e+03
755.9760160417866,4.024441082270966035e+03
756.0494380281855,3.980474136725398239e+03
756.122851408895,4.000992044646663544e+03
756.196279048058,3.995129785240587807e+03
756.2697209498288,3.979497093491052510e+03
756.3431485156143,3.987313439365820159e+03
756.4166132278519,3.954093969398057652e+03
756.490046430767,3.949208753226328099e+03
756.563402310791,3.948231709991981916e+03
756.6368296685728,3.937484234414176626e+03
756.710271280547,3.934553104711138531e+03
756.7836985147853,3.901333634743376479e+03
756.8571170870929,3.932599018242447073e+03
756.9305441765948,3.921851542664641329e+03
757.0039625924522,3.899379548274684566e+03
757.0773895204559,3.889609115931225006e+03
757.1508077630942,3.881792770056457357e+03
757.2241829078598,3.893517288868608830e+03
757.2975952154935,3.873976424181689708e+03
757.3710274951507,3.891563202399916918e+03
757.4444453309834,3.851504429791732946e+03
757.5178200187852,3.850527386557387217e+03
757.5912376210018,3.844665127151311481e+03
757.664669455667,3.835871738042197649e+03
757.7380294018718,3.798744095137051772e+03
757.8114609832415,3.845642170385657209e+03
757.884883822762,3.801675224840089413e+03
757.9582576961611,3.810468613949203245e+03
758.0316745087733,3.816330873355278982e+03
758.1050538201592,3.786042533090554571e+03
758.1784703328954,3.794835922199667948e+03
758.2518205742088,3.788973662793592212e+03
758.3252712680576,3.796790008668359860e+03
758.3986211596865,3.766501668403635449e+03
758.4720370175761,3.783111403387516475e+03
758.545415305501,3.750868976654100152e+03
758.6187790176235,3.689315252890305601e+03
758.692185702744,3.739144457841948679e+03
758.7655490229096,3.743052630779332503e+03
758.8389841161411,3.724488809326759565e+03
758.9123470329839,3.730351068732835301e+03
758.985729896929,3.699085685233764707e+03
759.0590923834825,3.698108641999418978e+03
759.1324978677417,3.679544820546846040e+03
759.2058656754364,3.662935085562964559e+03
759.2792419009955,3.677590734078154128e+03
759.3526092466964,3.647302393813429717e+03
759.4259619360007,3.651210566750813541e+03
759.4993807137987,3.623853356189126771e+03
759.5727617631621,3.644371264110391621e+03
759.6461281405926,3.655118739688197365e+03
759.7194798334775,3.633623788532586332e+03
759.79284569346,3.611151794142629569e+03
759.8662199506782,3.622876312954781042e+03
759.9395910557283,3.611151794142629569e+03
760.0129416740881,3.584771626815288982e+03
760.0863064536592,3.577932324174867063e+03
760.1596565064068,3.582817540346597070e+03
760.2330264969562,3.551552156847526476e+03
760.3064048714377,3.545689897441450739e+03
760.3797685035091,3.533965378629299266e+03
760.4531231634235,3.537873551566683091e+03
760.5264341378603,3.540804681269721186e+03
760.5997823891312,3.546666940675796923e+03
760.6731505760081,3.511493384239342504e+03
760.7465329185825,3.542758767738413098e+03
760.8198946901349,3.514424513942380599e+03
760.893195347572,3.539827638035375003e+03
760.9665564561759,3.497814778958499119e+03
761.039908545017,3.474365741334196628e+03
761.1132805694576,3.472411654865504715e+03
761.186574038077,3.466549395459428979e+03
761.2599395757078,3.470457568396812803e+03
761.3332612942629,3.463618265756390883e+03
761.4066319227295,3.444077401069472216e+03
761.4799819030882,3.430398795788628831e+03
761.5532938204132,3.426490622851245007e+03
761.6266430583955,3.435284011960358384e+03
761.6999542102297,3.412812017570401622e+03
761.7733026886444,3.388385936711752947e+03
761.8466130577877,3.397179325820866325e+03
761.9199955907541,3.407926801398672069e+03
761.9932761350078,3.393271152883482500e+03
762.0665998139598,3.352235337040952800e+03
762.1399666484456,3.369822115259180009e+03
762.2132604654904,3.342464904697493239e+03
762.2866264890819,3.345396034400531335e+03
762.3599194586624,3.348327164103568975e+03
762.4332265236651,3.321946996776228389e+03
762.5065244315081,3.319015867073190748e+03
762.5798887714861,3.294589786214541618e+03
762.653209066283,3.287750483574120153e+03
762.726491103933,3.283842310636736329e+03
762.7998163192037,3.277980051230660592e+03
762.8731789131846,3.270163705355892944e+03
762.9464741276457,3.266255532418509119e+03
763.0197834275534,3.279934137699352505e+03
763.0930777014148,3.258439186543741471e+03
763.1663802334256,3.271140748590239127e+03
763.2396735482423,3.247691710965936181e+03
763.312980942364,3.228150846279017060e+03
763.3863024198473,3.254531013606358101e+03
763.4595855263992,3.225219716575979419e+03
763.5329060235777,3.223265630107287507e+03
763.6062114503713,3.214472240998174129e+03
763.6795017940418,3.201770678951676473e+03
763.7528120409493,3.179298684561719710e+03
763.8261013583818,3.184183900733449718e+03
763.8994105781957,3.169528252218260150e+03
763.9727280347157,3.192977289842563096e+03
764.0459486507003,3.169528252218260150e+03
764.1192708849686,3.166597122515222509e+03
764.1925721540134,3.156826690171762948e+03
764.265864123763,3.151941474000033395e+03
764.339170153393,3.136308782250498098e+03
764.4124025979912,3.116767917563578976e+03
764.4857075207827,3.108951571688811327e+03
764.5590265043799,3.137285825484843826e+03
764.6322718534416,3.107974528454465599e+03
764.7055663242454,3.099181139345351767e+03
764.7788689989354,3.100158182579697950e+03
764.8520979783581,3.092341836704930301e+03
764.9254053449329,3.082571404361470741e+03
764.9986623906358,3.048374891159362505e+03
765.0719685894694,3.053260107331092058e+03
765.1451951672625,3.105043398751427503e+03
765.2185001752471,3.059122366737167795e+03
765.2917606634498,3.034696285878519120e+03
765.3650586119669,3.061076453205859707e+03
765.438288577042,3.042512631753286769e+03
765.5115911575078,3.041535588518941040e+03
765.5848491670143,3.033719242644173391e+03
765.6580918875516,3.025902896769405743e+03
765.7313779407682,3.017109507660292365e+03
765.8046193790093,3.009293161785524717e+03
765.8778806952203,3.009293161785524717e+03
765.9511794972256,3.015155421191600453e+03
766.0244043117671,2.993660470035989420e+03
766.0976489972652,3.019063594128983823e+03
766.1709018207467,3.027856983238097655e+03
766.2441451689594,3.006362032082486621e+03
766.31745537396,2.984867080926875587e+03
766.3906973785047,3.007339075316832805e+03
766.4639240114803,2.978027778286454122e+03
766.5371587632285,2.966303259474302649e+03
766.610413388223,2.970211432411686474e+03
766.6836526256157,2.976073691817762210e+03
766.7569058583788,2.976073691817762210e+03
766.8301436890999,2.960441000068226913e+03
766.9033661049401,2.971188475646032657e+03
766.9766319183701,2.948716481256075895e+03
767.049858779082,2.939923092146962063e+03
767.1230937389751,2.915497011288313388e+03
767.196342684586,2.947739438021729711e+03
767.2695820718163,2.914519968053967659e+03
767.3427706741372,2.908657708647891923e+03
767.4160085761127,2.916474054522659571e+03
767.4892545691928,2.903772492476161915e+03
767.5624909794419,2.891070930429664713e+03
767.6357413679548,2.894002060132702354e+03
767.7089173321764,2.897910233070086178e+03
767.7821603029794,2.894979103367048538e+03
767.8553936664732,2.877392325148821328e+03
767.928641001735,2.857851460461902207e+03
768.001843330076,2.877392325148821328e+03
768.0750596156819,2.882277541320551336e+03
768.1482662604737,2.854920330758864566e+03
768.2215104680862,2.842218768712367364e+03
768.2947391311019,2.852966244290172654e+03
768.3679227171707,2.845149898415405005e+03
768.441155676817,2.831471293134561620e+03
768.5143376298478,2.840264682243675452e+03
768.5875985030231,2.813884514916334865e+03
768.6607551772538,2.805091125807221033e+03
768.7340085126597,2.832448336368907803e+03
768.8071930624363,2.807045212275912945e+03
768.8803619892306,2.812907471681988682e+03
768.9535980606818,2.793366606995069560e+03
769.0267948587721,2.816815644619372506e+03
769.0999760176759,2.780665044948572358e+03
769.1732302685929,2.784573217885956183e+03
769.2464097142773,2.795320693463761472e+03
769.3195794118245,2.780665044948572358e+03
769.3928163071785,2.773825742308150893e+03
769.4660079399233,2.776756872011188534e+03
769.5391838897698,2.780665044948572358e+03
769.6123796819868,2.775779828776842805e+03
769.6855538548153,2.777733915245534718e+03
769.7587182425186,2.766009396433383245e+03
769.8319202468393,2.767963482902075157e+03
769.9051421026546,2.753307834386885588e+03
769.97834824532,2.749399661449501764e+03
770.0515030831361,2.747445574980809852e+03
770.1247074085248,2.735721056168658833e+03
770.1978663329771,2.735721056168658833e+03
770.2710688242653,2.730835839996928826e+03
770.3442258887268,2.723996537356507361e+03
770.4173671736539,2.732789926465620738e+03
770.4905282854356,2.713249061778701616e+03
770.5637270444658,2.720088364419123536e+03
770.6369100189285,2.690777067388744854e+03
770.7100771958651,2.685891851217015301e+03
770.7832642087253,2.681983678279631476e+03
770.856459180459,2.686868894451361029e+03
770.9295551317979,2.688822980920052942e+03
771.0027481693259,2.673190289170518099e+03
771.0759313239301,2.668305072998788091e+03
771.1490926926053,2.674167332404863828e+03
771.2222144154819,2.652672381249252794e+03
771.2954094963922,2.648764208311868970e+03
771.368588721728,2.624338127453220295e+03
771.4417223223901,2.642901948905793688e+03
771.5148995537488,2.615544738344106918e+03
771.5880013670636,2.623361084218874566e+03
771.6612063537742,2.608705435703685453e+03
771.734306117772,2.597957960125879708e+03
771.8074852581613,2.594049787188495884e+03
771.8806127402132,2.587210484548074419e+03
771.953783876625,2.585256398079382507e+03
772.0269152446992,2.570600749564193393e+03
772.1000843158894,2.570600749564193393e+03
772.1732135949969,2.556922144283350008e+03
772.2463209463975,2.551059884877274271e+03
772.3195077548475,2.553991014580311912e+03
