X,Y
534.0051269287335,3.624000000000000000e+03
534.0808105837979,3.690000000000000000e+03
534.1564941245075,3.653000000000000000e+03
534.2322387608131,3.662000000000000000e+03
534.3079223194351,3.677000000000000000e+03
534.3836059646314,3.684000000000000000e+03
534.459289487409,3.688000000000000000e+03
534.534973107135,3.715000000000000000e+03
534.6106567862021,3.709000000000000000e+03
534.6863402868432,3.720000000000000000e+03
534.7620238571769,3.718000000000000000e+03
534.8377074881613,3.751000000000000000e+03
534.9134522313972,3.725000000000000000e+03
534.9891358020897,3.774000000000000000e+03
535.0648193202943,3.821000000000000000e+03
535.140502776876,3.799000000000000000e+03
535.2161864491509,3.852000000000000000e+03
535.2918700416792,3.813000000000000000e+03
535.367553831929,3.852000000000000000e+03
535.4432372375885,3.871000000000000000e+03
535.5189208228152,3.895000000000000000e+03
535.594604578686,3.917000000000000000e+03
535.6702882093306,3.903000000000000000e+03
535.745971418549,3.915000000000000000e+03
535.8216553453357,3.925000000000000000e+03
535.8973391196765,3.958000000000000000e+03
535.9730227323798,3.943000000000000000e+03
536.0487061742487,3.943000000000000000e+03
536.1243894360814,3.950000000000000000e+03
536.2000730836918,3.946000000000000000e+03
536.275756820763,3.975000000000000000e+03
536.3514406383212,3.978000000000000000e+03
536.4271239518794,3.966000000000000000e+03
536.5028079033076,3.987000000000000000e+03
536.5784913324379,4.018000000000000000e+03
536.6541748057845,4.009000000000000000e+03
536.7298583143477,4.020000000000000000e+03
536.8055421372837,4.043000000000000000e+03
536.8812254011024,4.032000000000000000e+03
536.9569092495924,4.078000000000000000e+03
537.0325928090099,4.101000000000000000e+03
537.1082763585715,4.099000000000000000e+03
537.1839598892475,4.127000000000000000e+03
537.2596436806508,4.134000000000000000e+03
537.3353268577979,4.143000000000000000e+03
537.411010566398,4.153000000000000000e+03
537.4866335528031,4.120000000000000000e+03
537.5623168365025,4.175000000000000000e+03
537.6380003360828,4.205000000000000000e+03
537.7136843318589,4.179000000000000000e+03
537.7893676583791,4.187000000000000000e+03
537.8650511739759,4.197000000000000000e+03
537.940734869813,4.255000000000000000e+03
538.0164184475874,4.229000000000000000e+03
538.0920408046188,4.218000000000000000e+03
538.1677246810524,4.228000000000000000e+03
538.2434084124591,4.231000000000000000e+03
538.3190919897331,4.237000000000000000e+03
538.3947756936324,4.259000000000000000e+03
538.4704589353845,4.285000000000000000e+03
538.5461425757196,4.294000000000000000e+03
538.6217653920648,4.302000000000000000e+03
538.6974486256656,4.308000000000000000e+03
538.7731322312683,4.342000000000000000e+03
538.8488156195046,4.341000000000000000e+03
538.9244993621073,4.324000000000000000e+03
539.0001221504488,4.335000000000000000e+03
539.0758056867688,4.355000000000000000e+03
539.1514895509623,4.388000000000000000e+03
539.2271725712882,4.389000000000000000e+03
539.3027954051873,4.418000000000000000e+03
539.378479310497,4.403000000000000000e+03
539.4541629264281,4.420000000000000000e+03
539.5298462437939,4.429000000000000000e+03
539.6054689803647,4.429000000000000000e+03
539.6811522386217,4.470000000000000000e+03
539.7568363363963,4.448000000000000000e+03
539.832519225528,4.490000000000000000e+03
539.9081423044014,4.518000000000000000e+03
539.9838259373797,4.494000000000000000e+03
540.0595095003099,4.504000000000000000e+03
540.1351320092971,4.527000000000000000e+03
540.2108150962631,4.522000000000000000e+03
540.2864989617823,4.550000000000000000e+03
540.362121111465,4.541000000000000000e+03
540.4378056155781,4.555000000000000000e+03
540.5134888278695,4.583000000000000000e+03
540.5891111220752,4.581000000000000000e+03
540.6647949195459,4.593000000000000000e+03
540.7404782741969,4.599000000000000000e+03
540.8161009254455,4.594000000000000000e+03
540.8917848125893,4.610000000000000000e+03
540.9674685225426,4.635000000000000000e+03
541.0430911589102,4.641000000000000000e+03
541.1187741775063,4.635000000000000000e+03
541.194457870279,4.658000000000000000e+03
541.2700807045082,4.668000000000000000e+03
541.3457636520761,4.677000000000000000e+03
541.4213865683067,4.711000000000000000e+03
541.497070200242,4.702000000000000000e+03
541.5727541699249,4.743000000000000000e+03
541.648376858336,4.732000000000000000e+03
541.7240599931954,4.754000000000000000e+03
541.7996829685276,4.779000000000000000e+03
541.8753664065381,4.759000000000000000e+03
541.950988459017,4.812000000000000000e+03
542.0266721649095,4.800000000000000000e+03
542.1022953150494,4.843000000000000000e+03
542.1779780782617,4.831000000000000000e+03
542.2536014098382,4.848000000000000000e+03
542.329284076073,4.886000000000000000e+03
542.4049075539548,4.910000000000000000e+03
542.4805912648831,4.911000000000000000e+03
542.5562136767595,4.923000000000000000e+03
542.631897220388,4.917000000000000000e+03
542.7075197075332,4.929000000000000000e+03
542.7832033429272,4.941000000000000000e+03
542.8588255754784,4.953000000000000000e+03
542.9345092673785,4.979000000000000000e+03
543.0101320942985,5.016000000000000000e+03
543.0858158076525,5.013000000000000000e+03
543.1614377193954,5.017000000000000000e+03
543.2371220089141,5.020000000000000000e+03
543.3127444450705,5.043000000000000000e+03
543.3884278000902,5.056000000000000000e+03
543.4640501352047,5.065000000000000000e+03
543.5396728412053,5.076000000000000000e+03
543.6153561952086,5.090000000000000000e+03
543.6909787475163,5.056000000000000000e+03
543.7666625552929,5.104000000000000000e+03
543.8422846228852,5.097000000000000000e+03
543.917907905318,5.129000000000000000e+03
543.9935909887698,5.140000000000000000e+03
544.0692140297832,5.166000000000000000e+03
544.1448361882029,5.179000000000000000e+03
544.220519947648,5.151000000000000000e+03
544.2961426997966,5.168000000000000000e+03
544.3718261809979,5.174000000000000000e+03
544.4474486032625,5.219000000000000000e+03
544.5230709870222,5.227000000000000000e+03
544.5987550137446,5.226000000000000000e+03
544.6743770145879,5.244000000000000000e+03
544.7500001373947,5.238000000000000000e+03
544.8256222965063,5.271000000000000000e+03
544.9013064288619,5.277000000000000000e+03
544.976929025401,5.313000000000000000e+03
545.0525518192319,5.313000000000000000e+03
545.1282345318966,5.331000000000000000e+03
545.2038574139079,5.379000000000000000e+03
545.27947957532,5.358000000000000000e+03
545.3551027912747,5.392000000000000000e+03
545.4307859578726,5.425000000000000000e+03
545.5064085974922,5.430000000000000000e+03
545.582031075963,5.438000000000000000e+03
545.6576539799133,5.448000000000000000e+03
545.7333374615957,5.464000000000000000e+03
545.8089603143547,5.499000000000000000e+03
545.8845823750287,5.505000000000000000e+03
545.9602051246089,5.546000000000000000e+03
546.0358279586479,5.534000000000000000e+03
546.1115111125337,5.549000000000000000e+03
546.1871341062584,5.567000000000000000e+03
546.2627559649052,5.582000000000000000e+03
546.3383790667153,5.588000000000000000e+03
546.4140010154777,5.611000000000000000e+03
546.4896238920949,5.642000000000000000e+03
546.5653080328324,5.626000000000000000e+03
546.6409297699242,5.650000000000000000e+03
546.7165527083374,5.699000000000000000e+03
546.7921753454747,5.660000000000000000e+03
546.8677979714669,5.685000000000000000e+03
546.9434205776232,5.694000000000000000e+03
547.0190431552487,5.715000000000000000e+03
547.0946647977053,5.744000000000000000e+03
547.1703492667542,5.743000000000000000e+03
547.2459723224066,5.733000000000000000e+03
547.3215944163495,5.794000000000000000e+03
547.3972173369806,5.782000000000000000e+03
547.4728389782355,5.813000000000000000e+03
547.5484617288662,5.796000000000000000e+03
547.6240849813485,5.810000000000000000e+03
547.6997072275658,5.822000000000000000e+03
547.7753302583766,5.809000000000000000e+03
547.8509522649341,5.847000000000000000e+03
547.9265750390812,5.839000000000000000e+03
548.0021964706609,5.824000000000000000e+03
548.0778207553666,5.850000000000000000e+03
548.1534418774738,5.875000000000000000e+03
548.2290652357153,5.926000000000000000e+03
548.3046878169241,5.912000000000000000e+03
548.3803093111,5.908000000000000000e+03
548.4559330175531,5.910000000000000000e+03
548.5315556197277,5.930000000000000000e+03
548.6071771080813,5.946000000000000000e+03
548.6828010856999,5.970000000000000000e+03
548.7584221255744,5.971000000000000000e+03
548.834045337373,6.014000000000000000e+03
548.9096673999533,6.000000000000000000e+03
548.9852904134418,6.015000000000000000e+03
549.0609137670749,6.042000000000000000e+03
549.1364750314843,6.060000000000000000e+03
549.2120978166789,6.045000000000000000e+03
549.2877191060418,6.046000000000000000e+03
549.3633428131332,6.096000000000000000e+03
549.4389653087501,6.149000000000000000e+03
549.5145865832915,6.102000000000000000e+03
549.590210251744,6.139000000000000000e+03
549.665832681899,6.151000000000000000e+03
549.7413946298766,6.146000000000000000e+03
549.8170160497809,6.158000000000000000e+03
549.8926398319383,6.172000000000000000e+03
549.9682623401311,6.190000000000000000e+03
550.0438835647246,6.215000000000000000e+03
550.1195068250248,6.235000000000000000e+03
550.1950679386268,6.250000000000000000e+03
550.2706906900269,6.295000000000000000e+03
550.3463136366366,6.280000000000000000e+03
550.421935255224,6.281000000000000000e+03
550.4975591726949,6.289000000000000000e+03
550.5731205123872,6.298000000000000000e+03
550.6487432287166,6.336000000000000000e+03
550.7243648844632,6.352000000000000000e+03
550.7999885039992,6.383000000000000000e+03
550.8755494425731,6.396000000000000000e+03
550.951172094361,6.403000000000000000e+03
551.0267951682852,6.439000000000000000e+03
551.1024165301448,6.455000000000000000e+03
551.1779790561093,6.437000000000000000e+03
551.2536012026161,6.442000000000000000e+03
551.3292237372492,6.482000000000000000e+03
551.4047855382855,6.487000000000000000e+03
551.4804066788231,6.509000000000000000e+03
551.5560303111364,6.512000000000000000e+03
551.6315910047903,6.555000000000000000e+03
551.7072150175466,6.561000000000000000e+03
551.7828375420726,6.590000000000000000e+03
551.8583991818102,6.592000000000000000e+03
551.9340205121266,6.581000000000000000e+03
552.0096436778041,6.639000000000000000e+03
552.0852040546326,6.618000000000000000e+03
552.1608281083562,6.656000000000000000e+03
552.2363887123648,6.648000000000000000e+03
552.3120111809802,6.654000000000000000e+03
552.3876339198484,6.676000000000000000e+03
552.4631955723437,6.675000000000000000e+03
552.5388185047575,6.690000000000000000e+03
552.614380300461,6.697000000000000000e+03
552.6900021708618,6.724000000000000000e+03
552.765564075718,6.688000000000000000e+03
552.8411860712373,6.751000000000000000e+03
552.9168082777293,6.734000000000000000e+03
552.9923707499584,6.767000000000000000e+03
553.0679933370403,6.753000000000000000e+03
553.1435543046211,6.766000000000000000e+03
553.2191769324178,6.763000000000000000e+03
553.2947381962192,6.797000000000000000e+03
553.3703611371725,6.773000000000000000e+03
553.4459223575054,6.802000000000000000e+03
553.521545578136,6.835000000000000000e+03
553.5971070276289,6.825000000000000000e+03
553.6727301879512,6.834000000000000000e+03
553.74829183306,6.866000000000000000e+03
553.823851714682,6.874000000000000000e+03
553.8994751723073,6.924000000000000000e+03
553.9750367322185,6.902000000000000000e+03
554.050658510177,6.881000000000000000e+03
554.1262201811371,6.930000000000000000e+03
554.2018439290302,6.919000000000000000e+03
554.2774053707294,6.948000000000000000e+03
554.3529671374815,6.993000000000000000e+03
554.4285888549837,6.973000000000000000e+03
554.5041506486573,6.994000000000000000e+03
554.579712127434,7.005000000000000000e+03
554.6553335805664,6.989000000000000000e+03
554.7308950353918,7.044000000000000000e+03
554.8065186350868,7.044000000000000000e+03
554.8820800328116,7.084000000000000000e+03
554.9576410728757,7.084000000000000000e+03
555.0332642831411,7.117000000000000000e+03
555.108825215094,7.115000000000000000e+03
555.1843863800646,7.163000000000000000e+03
555.2599490030949,7.195000000000000000e+03
555.3355716725129,7.182000000000000000e+03
555.4111322702728,7.249000000000000000e+03
555.486694610333,7.233000000000000000e+03
555.5623170204691,7.227000000000000000e+03
555.6378788265472,7.269000000000000000e+03
555.7134408077316,7.280000000000000000e+03
555.7890023379755,7.322000000000000000e+03
555.8646239696742,7.314000000000000000e+03
555.9401852063803,7.317000000000000000e+03
556.0157462753666,7.364000000000000000e+03
556.0913090235443,7.395000000000000000e+03
556.1668694227267,7.428000000000000000e+03
556.2424921284115,7.406000000000000000e+03
556.3180540060974,7.406000000000000000e+03
556.3936159838638,7.458000000000000000e+03
556.46917743411,7.470000000000000000e+03
556.544738657784,7.469000000000000000e+03
556.6202993365139,7.493000000000000000e+03
556.6959226832005,7.539000000000000000e+03
556.7714847427467,7.547000000000000000e+03
556.8470468524312,7.565000000000000000e+03
556.9226065226395,7.560000000000000000e+03
556.9981696377276,7.591000000000000000e+03
557.0737306061917,7.585000000000000000e+03
557.1492912804306,7.601000000000000000e+03
557.2248535148585,7.607000000000000000e+03
557.3004154389016,7.623000000000000000e+03
557.3759767333004,7.629000000000000000e+03
557.451598607399,7.653000000000000000e+03
557.5271614300829,7.656000000000000000e+03
557.6027217325554,7.646000000000000000e+03
557.6782835475029,7.688000000000000000e+03
557.7538450012918,7.710000000000000000e+03
557.8294060853028,7.731000000000000000e+03
557.9049686584602,7.665000000000000000e+03
557.9805305342576,7.731000000000000000e+03
558.0560904581027,7.696000000000000000e+03
558.1316534042687,7.737000000000000000e+03
558.2072143813721,7.720000000000000000e+03
558.2827764962979,7.768000000000000000e+03
558.3583381828406,7.777000000000000000e+03
558.4338994323449,7.767000000000000000e+03
558.5094602361507,7.790000000000000000e+03
558.5850224576968,7.770000000000000000e+03
558.6605230453073,7.793000000000000000e+03
558.7360843175928,7.778000000000000000e+03
558.8116447982349,7.838000000000000000e+03
558.8872066647817,7.835000000000000000e+03
558.9627683478695,7.882000000000000000e+03
559.0383292140123,7.857000000000000000e+03
559.1138914425185,7.894000000000000000e+03
559.1894531500513,7.884000000000000000e+03
559.2650140151281,7.923000000000000000e+03
559.3405155236203,7.946000000000000000e+03
559.4160774775995,7.934000000000000000e+03
559.491638563738,7.960000000000000000e+03
559.5671990861741,7.976000000000000000e+03
559.6427612285802,7.991000000000000000e+03
559.7183224777227,7.986000000000000000e+03
559.7938239112091,7.991000000000000000e+03
559.8693855251184,8.020000000000000000e+03
559.9449468470373,8.002000000000000000e+03
560.0205075548458,8.092000000000000000e+03
560.0960695220344,8.090000000000000000e+03
560.1715693553381,8.119000000000000000e+03
560.2471316053342,8.090000000000000000e+03
560.3226935219939,8.137000000000000000e+03
560.3982544687057,8.210000000000000000e+03
560.4737553798353,8.216000000000000000e+03
560.549316857351,8.210000000000000000e+03
560.6248776534629,8.206000000000000000e+03
560.70037802624,8.254000000000000000e+03
560.7759393038835,8.306000000000000000e+03
560.8515017620771,8.248000000000000000e+03
560.9270018364357,8.299000000000000000e+03
561.0025625253518,8.306000000000000000e+03
561.0781246855694,8.340000000000000000e+03
561.1536262760454,8.350000000000000000e+03
561.2291866163674,8.411000000000000000e+03
561.304748089255,8.427000000000000000e+03
561.3802492335784,8.406000000000000000e+03
561.4558107265045,8.472000000000000000e+03
561.5313717522904,8.465000000000000000e+03
561.6068723759059,8.533000000000000000e+03
561.6824333719698,8.551000000000000000e+03
561.7579339169324,8.535000000000000000e+03
561.8334954817075,8.539000000000000000e+03
561.9089955995389,8.580000000000000000e+03
561.9845564375671,8.592000000000000000e+03
562.0601218043322,8.629000000000000000e+03
562.1356190160956,8.609000000000000000e+03
562.2111807638972,8.622000000000000000e+03
562.2866837867199,8.624000000000000000e+03
562.3622450420103,8.644000000000000000e+03
562.4377443607594,8.664000000000000000e+03
562.5133050891404,8.695000000000000000e+03
562.5888069961169,8.683000000000000000e+03
562.6643671648543,8.683000000000000000e+03
562.739868463935,8.725000000000000000e+03
562.8154280394092,8.715000000000000000e+03
562.8909286969488,8.708000000000000000e+03
562.9664305978828,8.724000000000000000e+03
563.0419939681478,8.751000000000000000e+03
563.1174920085415,8.792000000000000000e+03
563.19305470474,8.835000000000000000e+03
563.2685551920358,8.743000000000000000e+03
563.3440568835294,8.805000000000000000e+03
563.419616911542,8.813000000000000000e+03
563.4951146546897,8.821000000000000000e+03
563.5706770994776,8.806000000000000000e+03
563.6461803879624,8.814000000000000000e+03
563.7216816652208,8.829000000000000000e+03
563.7972413162915,8.852000000000000000e+03
563.8727417375509,8.895000000000000000e+03
563.948243300408,8.858000000000000000e+03
564.0238032597638,8.841000000000000000e+03
564.0993039174446,8.913000000000000000e+03
564.1748025104577,8.886000000000000000e+03
564.2503658884998,8.876000000000000000e+03
564.3258667100131,8.924000000000000000e+03
564.4013686264184,8.961000000000000000e+03
564.4768684441426,8.954000000000000000e+03
564.5524298972744,8.983000000000000000e+03
564.6279318813953,8.995000000000000000e+03
564.7034317408531,9.020000000000000000e+03
564.7789326555933,9.062000000000000000e+03
564.8544314277575,9.071000000000000000e+03
564.9299918767013,9.093000000000000000e+03
565.005495928257,9.118000000000000000e+03
565.0809946197296,9.105000000000000000e+03
565.1564943267665,9.137000000000000000e+03
565.2319918472216,9.120000000000000000e+03
565.3075574772264,9.124000000000000000e+03
565.3830570069348,9.158000000000000000e+03
565.4585575213804,9.197000000000000000e+03
565.5340558149843,9.201000000000000000e+03
565.6095582761728,9.223000000000000000e+03
565.6850585002172,9.232000000000000000e+03
565.760556477251,9.263000000000000000e+03
565.8360618025167,9.267000000000000000e+03
565.9116225122199,9.306000000000000000e+03
565.9871233197282,9.324000000000000000e+03
566.0626218458439,9.410000000000000000e+03
566.1381244909254,9.445000000000000000e+03
566.2136216322725,9.522000000000000000e+03
566.289126084757,9.546000000000000000e+03
566.3646250154166,9.556000000000000000e+03
566.4401248288668,9.585000000000000000e+03
566.5156223083626,9.649000000000000000e+03
566.5911238644974,9.629000000000000000e+03
566.666626281373,9.702000000000000000e+03
566.7421263396649,9.681000000000000000e+03
566.8176240294433,9.659000000000000000e+03
566.8931289818083,9.729000000000000000e+03
566.9686283363882,9.721000000000000000e+03
567.044128511452,9.712000000000000000e+03
567.1196262833736,9.757000000000000000e+03
567.1951280764068,9.692000000000000000e+03
567.2706306677735,9.708000000000000000e+03
567.3460696737624,9.760000000000000000e+03
567.4215706028087,9.776000000000000000e+03
567.4970690857559,9.830000000000000000e+03
567.5725715554013,9.790000000000000000e+03
567.6480715624202,9.815000000000000000e+03
567.7235723199296,9.830000000000000000e+03
567.7990705965543,9.792000000000000000e+03
567.8745728319317,9.807000000000000000e+03
567.9500112820856,9.829000000000000000e+03
568.0255117228037,9.843000000000000000e+03
568.1010128751681,9.827000000000000000e+03
568.1765115034954,9.866000000000000000e+03
568.2520140559766,9.866000000000000000e+03
568.327455928513,9.871000000000000000e+03
568.4029533742392,9.873000000000000000e+03
568.478454722623,9.848000000000000000e+03
568.5539535037092,9.871000000000000000e+03
568.6293947397575,9.846000000000000000e+03
568.7048948100362,9.863000000000000000e+03
568.7803955214323,9.850000000000000000e+03
568.8558968664703,9.843000000000000000e+03
568.9313373379196,9.861000000000000000e+03
569.0068366737867,9.887000000000000000e+03
569.0823366191238,9.918000000000000000e+03
569.1577756177235,9.919000000000000000e+03
569.2332767431898,9.908000000000000000e+03
569.3087752145101,9.898000000000000000e+03
569.3842159078702,9.938000000000000000e+03
569.4597155117148,9.972000000000000000e+03
569.5352189219938,9.938000000000000000e+03
569.6106547533757,9.952000000000000000e+03
569.6861592519366,9.976000000000000000e+03
569.7615961204366,9.999000000000000000e+03
569.8370951828829,1.003800000000000000e+04
569.9125980167112,1.004200000000000000e+04
569.9880363908212,1.008400000000000000e+04
570.063540235015,1.007600000000000000e+04
570.1389763193972,1.009400000000000000e+04
570.2144778914571,1.011800000000000000e+04
570.2899149030349,1.012600000000000000e+04
570.3654174215969,1.011800000000000000e+04
570.4408585841445,1.016000000000000000e+04
570.516355510032,1.017900000000000000e+04
570.5917975400971,1.023100000000000000e+04
570.6672953476274,1.023600000000000000e+04
570.7427349574187,1.028700000000000000e+04
570.8182368737373,1.026100000000000000e+04
570.8936740294567,1.027900000000000000e+04
570.9691767675921,1.028400000000000000e+04
571.044617956385,1.032700000000000000e+04
571.120118225025,1.035100000000000000e+04
571.1955568946336,1.040400000000000000e+04
571.2709959150741,1.040300000000000000e+04
571.3464973017159,1.042700000000000000e+04
571.4219370173379,1.044400000000000000e+04
571.4974358505949,1.045900000000000000e+04
571.5728729630794,1.052200000000000000e+04
571.6483169221735,1.050600000000000000e+04
571.7238167556269,1.051300000000000000e+04
571.7992547962239,1.055000000000000000e+04
571.874696395271,1.058600000000000000e+04
571.9501938880238,1.063300000000000000e+04
572.0256327861869,1.061800000000000000e+04
572.1010752224225,1.065300000000000000e+04
572.1765735734161,1.062500000000000000e+04
572.2520132602132,1.067100000000000000e+04
572.3274531890821,1.065800000000000000e+04
572.4028933523459,1.071000000000000000e+04
572.4783960113044,1.068100000000000000e+04
572.5538333585442,1.070700000000000000e+04
572.6292741944405,1.073600000000000000e+04
572.7047119540778,1.071800000000000000e+04
572.780212242593,1.075300000000000000e+04
572.8556503993934,1.078200000000000000e+04
572.9310920175104,1.074800000000000000e+04
573.0065305250978,1.074900000000000000e+04
573.0819691960772,1.078900000000000000e+04
573.1574080227304,1.073500000000000000e+04
573.232909430562,1.077500000000000000e+04
573.3083485618251,1.080200000000000000e+04
573.3837911132744,1.080100000000000000e+04
573.4592305026606,1.080500000000000000e+04
573.5346700090696,1.079900000000000000e+04
573.6101096247586,1.075000000000000000e+04
573.6855493419805,1.076900000000000000e+04
573.7609858609676,1.077200000000000000e+04
573.8364257571322,1.079200000000000000e+04
573.9118624378157,1.079800000000000000e+04
573.9873057764995,1.077100000000000000e+04
574.0627425886909,1.079500000000000000e+04
574.1382453810519,1.082200000000000000e+04
574.2136823092575,1.084000000000000000e+04
574.2891225732211,1.082800000000000000e+04
574.3645628688121,1.079100000000000000e+04
574.4399404917988,1.081400000000000000e+04
574.5153808108072,1.083200000000000000e+04
574.5908178365182,1.080900000000000000e+04
574.6662581633567,1.083300000000000000e+04
574.7416984828392,1.085000000000000000e+04
574.8171387871569,1.083600000000000000e+04
574.8925790684976,1.089600000000000000e+04
574.9680160131622,1.090000000000000000e+04
575.0434562242268,1.086300000000000000e+04
575.1188930812343,1.086100000000000000e+04
575.1943364992081,1.089200000000000000e+04
575.2697765474628,1.088100000000000000e+04
575.3451536315831,1.092100000000000000e+04
575.4205935156243,1.093900000000000000e+04
575.4960333140378,1.098200000000000000e+04
575.5714730189743,1.095100000000000000e+04
575.6469093088864,1.101900000000000000e+04
575.7223521169975,1.099400000000000000e+04
575.7977285011834,1.100000000000000000e+04
575.8731677371276,1.105500000000000000e+04
575.9486101574518,1.103000000000000000e+04
576.0240491208147,1.110100000000000000e+04
576.0994281953324,1.110200000000000000e+04
576.1748668380864,1.110700000000000000e+04
576.2503053165299,1.115600000000000000e+04
576.3257436227722,1.110600000000000000e+04
576.401121946027,1.120900000000000000e+04
576.4765631917769,1.119500000000000000e+04
576.5520009192454,1.121400000000000000e+04
576.627378593058,1.124700000000000000e+04
576.7028192152051,1.128000000000000000e+04
576.7782596194585,1.123800000000000000e+04
576.8536365734708,1.129400000000000000e+04
576.9290798301113,1.137900000000000000e+04
577.0045161881444,1.132100000000000000e+04
577.0798956812308,1.138100000000000000e+04
577.1553348449369,1.139100000000000000e+04
577.2307737431714,1.137700000000000000e+04
577.3061523771543,1.139300000000000000e+04
577.3815940386273,1.141900000000000000e+04
577.4569687212091,1.144400000000000000e+04
577.5324097821534,1.148700000000000000e+04
577.6077871497567,1.150000000000000000e+04
577.6832275791974,1.151700000000000000e+04
577.7586042662564,1.154900000000000000e+04
577.8340473712362,1.155800000000000000e+04
577.9094233467189,1.151000000000000000e+04
577.9848624183549,1.156600000000000000e+04
578.06024099099,1.153500000000000000e+04
578.1356826786689,1.163100000000000000e+04
578.2110604784385,1.154300000000000000e+04
578.2865014103915,1.161100000000000000e+04
578.3618750602704,1.158600000000000000e+04
578.4373152036164,1.161300000000000000e+04
578.5126947075182,1.160800000000000000e+04
578.5880737744064,1.161000000000000000e+04
578.6635160180301,1.162300000000000000e+04
578.7388908540094,1.162900000000000000e+04
578.8143322323514,1.163700000000000000e+04
578.8897095032095,1.165400000000000000e+04
578.9650862969057,1.163200000000000000e+04
579.0405296629765,1.161200000000000000e+04
579.1159054956761,1.164600000000000000e+04
579.1912841817008,1.164800000000000000e+04
579.2667227590988,1.164900000000000000e+04
579.3421004375672,1.163100000000000000e+04
579.4174809495532,1.162600000000000000e+04
579.4928575733711,1.161700000000000000e+04
579.5682974782039,1.167400000000000000e+04
579.6436763906835,1.165100000000000000e+04
579.7190547488921,1.163900000000000000e+04
579.7944325447469,1.165700000000000000e+04
579.8698736574771,1.165800000000000000e+04
579.9452503209693,1.167300000000000000e+04
580.0206297620755,1.161800000000000000e+04
580.0960086102061,1.169000000000000000e+04
580.1713868572579,1.165100000000000000e+04
580.2467678619868,1.167500000000000000e+04
580.3222055027192,1.168700000000000000e+04
580.3975819144985,1.171200000000000000e+04
580.472964431725,1.167500000000000000e+04
580.5483361997073,1.166700000000000000e+04
580.6237208011142,1.174700000000000000e+04
580.6990980056318,1.170700000000000000e+04
580.774474545852,1.171900000000000000e+04
580.8498537875009,1.171800000000000000e+04
580.9252289755794,1.170900000000000000e+04
581.0006743628959,1.175600000000000000e+04
581.0760481837603,1.173400000000000000e+04
581.1514280543308,1.178500000000000000e+04
581.2268072152121,1.175000000000000000e+04
581.3021822791188,1.176600000000000000e+04
581.3775633752501,1.175600000000000000e+04
581.4529437389426,1.178100000000000000e+04
581.5283199802694,1.178800000000000000e+04
581.6036988536778,1.181700000000000000e+04
581.6790160670166,1.187700000000000000e+04
581.7543934024975,1.186400000000000000e+04
581.8297699646201,1.194700000000000000e+04
581.9051525174606,1.189200000000000000e+04
581.9805308970429,1.194300000000000000e+04
582.0559084804219,1.199000000000000000e+04
582.1312852593902,1.202200000000000000e+04
582.206668005028,1.194000000000000000e+04
582.2820397617667,1.202500000000000000e+04
582.3574242532981,1.206800000000000000e+04
582.4327366749485,1.207700000000000000e+04
582.508116082625,1.203100000000000000e+04
582.5834946400697,1.211300000000000000e+04
582.658872339047,1.211700000000000000e+04
582.7342525671091,1.208300000000000000e+04
582.8095673852416,1.214800000000000000e+04
582.8849492395216,1.215100000000000000e+04
582.9603268074364,1.217500000000000000e+04
583.0357068767066,1.221100000000000000e+04
583.1110214380087,1.223500000000000000e+04
583.1864030744695,1.222000000000000000e+04
583.2617769878166,1.222900000000000000e+04
583.3371601786139,1.224000000000000000e+04
583.4124743613642,1.225000000000000000e+04
583.4878556582576,1.227600000000000000e+04
583.5632325991093,1.231100000000000000e+04
583.6385472652148,1.233700000000000000e+04
583.7139290751193,1.234200000000000000e+04
583.7893065032263,1.233200000000000000e+04
583.8646249949269,1.239600000000000000e+04
583.9400004322508,1.236100000000000000e+04
584.0153168866366,1.241600000000000000e+04
584.0907005347968,1.240000000000000000e+04
584.1660763462396,1.238600000000000000e+04
584.2413965200363,1.241700000000000000e+04
584.3167736762043,1.244700000000000000e+04
584.3920917365156,1.240600000000000000e+04
584.4674702084938,1.241300000000000000e+04
584.5427861228587,1.244500000000000000e+04
584.6181658817017,1.242700000000000000e+04
584.6934796176279,1.241400000000000000e+04
584.7688572148127,1.240900000000000000e+04
584.8441755797492,1.240200000000000000e+04
584.919554404934,1.243000000000000000e+04
584.9948739529473,1.244500000000000000e+04
585.0702539779767,1.245300000000000000e+04
585.145567832981,1.242800000000000000e+04
585.2208873808705,1.245000000000000000e+04
585.2962674300239,1.246200000000000000e+04
585.3715812355221,1.234700000000000000e+04
585.446962410467,1.241800000000000000e+04
585.522277293224,1.239900000000000000e+04
585.5975978392732,1.239000000000000000e+04
585.6729720672993,1.244300000000000000e+04
585.7482902189189,1.242700000000000000e+04
585.8236071536562,1.243100000000000000e+04
585.8989880858402,1.241400000000000000e+04
585.9743025783406,1.241100000000000000e+04
586.0496192632522,1.237300000000000000e+04
586.1249381347992,1.239000000000000000e+04
586.200317604434,1.239600000000000000e+04
586.2756374097312,1.241200000000000000e+04
586.3509525064017,1.239700000000000000e+04
586.4262697612708,1.239400000000000000e+04
586.5016510856912,1.243100000000000000e+04
586.576965774025,1.243900000000000000e+04
586.6522825996321,1.238800000000000000e+04
586.7275981142149,1.244200000000000000e+04
586.8029157526896,1.246600000000000000e+04
586.878297505942,1.250100000000000000e+04
586.9536125003841,1.247400000000000000e+04
587.0289295977367,1.249300000000000000e+04
587.1042487921765,1.245100000000000000e+04
587.1795666300785,1.250100000000000000e+04
587.2548831029591,1.247600000000000000e+04
587.3301982023304,1.251500000000000000e+04
587.4055153701529,1.254600000000000000e+04
587.4808346005856,1.260700000000000000e+04
587.5561558877838,1.256200000000000000e+04
587.631468866577,1.259100000000000000e+04
587.7067838851247,1.262200000000000000e+04
587.78216658026,1.261300000000000000e+04
587.8574856775697,1.263200000000000000e+04
587.9328033404089,1.270700000000000000e+04
588.0080538670875,1.270900000000000000e+04
588.0833720770029,1.264000000000000000e+04
588.1586888286358,1.277100000000000000e+04
588.234007573644,1.274000000000000000e+04
588.3093248450679,1.279300000000000000e+04
588.3846440963296,1.281000000000000000e+04
588.4599618586897,1.287400000000000000e+04
588.5352781235977,1.286300000000000000e+04
588.6105963471232,1.288100000000000000e+04
588.6859130578563,1.290700000000000000e+04
588.761231713632,1.287900000000000000e+04
588.8364864301399,1.289800000000000000e+04
588.9118020050827,1.291200000000000000e+04
588.9871195037894,1.290400000000000000e+04
589.0624389203426,1.296800000000000000e+04
589.1377567779897,1.299100000000000000e+04
589.2130730681441,1.302100000000000000e+04
589.2883287478853,1.299400000000000000e+04
589.3636453356847,1.302200000000000000e+04
589.4389638063658,1.302700000000000000e+04
589.5142806787193,1.304800000000000000e+04
589.5895403256021,1.307100000000000000e+04
589.6648574383153,1.306000000000000000e+04
589.740176406581,1.307500000000000000e+04
589.8154276479908,1.309100000000000000e+04
589.8907468120178,1.309700000000000000e+04
589.9660643313503,1.308500000000000000e+04
590.0413210120631,1.311400000000000000e+04
590.1166352010036,1.305300000000000000e+04
590.1919546858783,1.301700000000000000e+04
590.2672132644499,1.308600000000000000e+04
590.3425293741994,1.312500000000000000e+04
590.4177880160598,1.309400000000000000e+04
590.4931042037921,1.306100000000000000e+04
590.568418683014,1.314600000000000000e+04
590.643675627467,1.315200000000000000e+04
590.7189936284246,1.311800000000000000e+04
590.7942505619948,1.314600000000000000e+04
590.8695685685237,1.308000000000000000e+04
590.9448219696872,1.311900000000000000e+04
591.0201399515241,1.311300000000000000e+04
591.0953967743105,1.312900000000000000e+04
591.1707147029425,1.311400000000000000e+04
591.2459714266577,1.310800000000000000e+04
591.3212892726514,1.308900000000000000e+04
591.3965458678394,1.311100000000000000e+04
591.4718006307248,1.309400000000000000e+04
591.547116539627,1.310500000000000000e+04
591.6223746281325,1.304700000000000000e+04
591.6976903797901,1.309300000000000000e+04
591.7729482668865,1.311600000000000000e+04
591.8482042834247,1.308000000000000000e+04
591.9235214878881,1.304000000000000000e+04
591.9987807623979,1.305500000000000000e+04
592.0740346381908,1.310200000000000000e+04
592.1493532320127,1.306100000000000000e+04
592.2246103231383,1.309000000000000000e+04
592.2998654966053,1.309300000000000000e+04
592.3751222527409,1.308000000000000000e+04
592.4504402550338,1.310300000000000000e+04
592.5256966625434,1.311300000000000000e+04
592.6009511209176,1.311000000000000000e+04
592.6762106466866,1.316100000000000000e+04
592.7515244260364,1.321400000000000000e+04
592.8267835455117,1.310300000000000000e+04
592.9020371707703,1.316000000000000000e+04
592.9772958390107,1.311900000000000000e+04
593.0525489954576,1.321500000000000000e+04
593.1278071826566,1.319100000000000000e+04
593.2031266995527,1.320100000000000000e+04
593.2783808730474,1.322100000000000000e+04
593.3536365391337,1.330100000000000000e+04
593.4288936916811,1.323400000000000000e+04
593.5041488020836,1.332400000000000000e+04
593.5794089082539,1.326400000000000000e+04
593.6546634339551,1.329700000000000000e+04
593.729919417986,1.332200000000000000e+04
593.8051733281523,1.330300000000000000e+04
593.8804322095,1.331100000000000000e+04
593.955689002888,1.333800000000000000e+04
594.0309472282032,1.341700000000000000e+04
594.1061998200399,1.336900000000000000e+04
594.1814573584147,1.342300000000000000e+04
594.2567163084306,1.347200000000000000e+04
594.3319695993049,1.346400000000000000e+04
594.4072278190921,1.345100000000000000e+04
594.4824803620132,1.345400000000000000e+04
594.5577413564724,1.349000000000000000e+04
594.6329931222317,1.346700000000000000e+04
594.7082533289405,1.347400000000000000e+04
594.7834441469494,1.353200000000000000e+04
594.85870352054,1.356300000000000000e+04
594.9339607052526,1.349200000000000000e+04
595.0092192325558,1.356100000000000000e+04
595.0844720137306,1.355800000000000000e+04
595.1596694470827,1.350700000000000000e+04
595.2349248608839,1.353400000000000000e+04
595.310178044894,1.360400000000000000e+04
595.3854360798784,1.358700000000000000e+04
595.4606918708308,1.362300000000000000e+04
595.5358886627483,1.358400000000000000e+04
595.611147019589,1.362200000000000000e+04
595.6864031092157,1.359200000000000000e+04
595.7615965842728,1.362600000000000000e+04
595.836855197865,1.356300000000000000e+04
595.9121115210278,1.365700000000000000e+04
595.9873051606659,1.362500000000000000e+04
596.0625604137975,1.363600000000000000e+04
596.1378169052595,1.363700000000000000e+04
596.2130106441916,1.364600000000000000e+04
596.2882695773723,1.365400000000000000e+04
596.3635261735925,1.361100000000000000e+04
596.4387199482267,1.365300000000000000e+04
596.5139753866564,1.362100000000000000e+04
596.5891715160268,1.361500000000000000e+04
596.6644293271388,1.358200000000000000e+04
596.739624225117,1.359900000000000000e+04
596.8148808209818,1.364000000000000000e+04
596.8900744570072,1.359800000000000000e+04
596.9653333707323,1.366000000000000000e+04
597.0405257151125,1.362600000000000000e+04
597.115786920592,1.360500000000000000e+04
597.1909779436049,1.362000000000000000e+04
597.2662342801653,1.358900000000000000e+04
597.3414275184313,1.362100000000000000e+04
597.4166254158234,1.358500000000000000e+04
597.491885088153,1.359400000000000000e+04
597.5670780238231,1.360100000000000000e+04
597.6423327487403,1.355100000000000000e+04
597.7175242592349,1.357300000000000000e+04
597.792720398088,1.357200000000000000e+04
597.8679783530253,1.356900000000000000e+04
597.9431801766776,1.360500000000000000e+04
598.0183687346421,1.359300000000000000e+04
598.0936227072775,1.357800000000000000e+04
598.1688204827943,1.355400000000000000e+04
598.2440156960317,1.356400000000000000e+04
598.3192119177841,1.362000000000000000e+04
598.3944735953452,1.354300000000000000e+04
598.4696646678975,1.357100000000000000e+04
598.5448638913675,1.356300000000000000e+04
598.6200605143976,1.360400000000000000e+04
598.6952545279034,1.355200000000000000e+04
598.7705032869707,1.355900000000000000e+04
598.845702827054,1.359100000000000000e+04
598.9209033228055,1.354800000000000000e+04
598.9960940039387,1.359200000000000000e+04
599.0712892114018,1.353400000000000000e+04
599.1464853517283,1.362200000000000000e+04
599.2216788278446,1.358900000000000000e+04
599.2968768137707,1.357400000000000000e+04
599.3720685283897,1.359700000000000000e+04
599.4472683333562,1.362100000000000000e+04
599.5225229531976,1.356800000000000000e+04
599.5977173765003,1.365300000000000000e+04
599.6729126841367,1.363400000000000000e+04
599.7481088696748,1.359100000000000000e+04
599.8232987309193,1.363400000000000000e+04
599.8985002499289,1.365200000000000000e+04
599.9736306356483,1.365100000000000000e+04
600.0488302503571,1.367500000000000000e+04
600.1240271092662,1.367700000000000000e+04
600.1992212032151,1.372200000000000000e+04
600.274408919746,1.370900000000000000e+04
600.3496082679649,1.367500000000000000e+04
600.4248084342357,1.372700000000000000e+04
600.499998594085,1.377200000000000000e+04
600.5751931605373,1.371300000000000000e+04
600.6503235814662,1.378900000000000000e+04
600.7255197152398,1.378300000000000000e+04
600.8007166310834,1.378000000000000000e+04
600.875914322513,1.379000000000000000e+04
600.9511163944641,1.376500000000000000e+04
601.0262433719869,1.381100000000000000e+04
601.1014361076029,1.381000000000000000e+04
601.1766404316174,1.387800000000000000e+04
601.2518346554406,1.385400000000000000e+04
601.3269681412486,1.387900000000000000e+04
601.4021565754814,1.387000000000000000e+04
601.4773565793163,1.389400000000000000e+04
601.55249578129,1.386700000000000000e+04
601.6276863350764,1.391300000000000000e+04
601.7028775856559,1.389400000000000000e+04
601.7780115846128,1.393600000000000000e+04
601.8532078169892,1.391400000000000000e+04
601.9284011052009,1.395000000000000000e+04
602.0035370787526,1.396600000000000000e+04
602.0787353122603,1.392700000000000000e+04
602.1538653131911,1.399900000000000000e+04
602.2290648417321,1.396700000000000000e+04
602.3041960901958,1.394700000000000000e+04
602.3793896303448,1.396200000000000000e+04
602.4545329868457,1.393600000000000000e+04
602.52972050603,1.397200000000000000e+04
602.6048541681286,1.395600000000000000e+04
602.6800537894703,1.398800000000000000e+04
602.7551886194266,1.396700000000000000e+04
602.8303821600039,1.398500000000000000e+04
602.9055217646458,1.397900000000000000e+04
602.9807128258426,1.392400000000000000e+04
603.055846272166,1.390200000000000000e+04
603.1309766185691,1.390700000000000000e+04
603.2061729886882,1.392500000000000000e+04
603.281308042969,1.392000000000000000e+04
603.3564436151993,1.391700000000000000e+04
603.4316452421198,1.391200000000000000e+04
603.5067745623387,1.394300000000000000e+04
603.5819116632719,1.394100000000000000e+04
603.6571039159869,1.393800000000000000e+04
603.732238361985,1.393000000000000000e+04
603.8073696385936,1.395500000000000000e+04
603.8825123234259,1.394100000000000000e+04
603.9576992468579,1.392300000000000000e+04
604.0328355724649,1.386800000000000000e+04
604.1079723479853,1.388100000000000000e+04
604.1831095667776,1.393000000000000000e+04
604.2582983401253,1.388200000000000000e+04
604.3334364382367,1.392200000000000000e+04
604.4085676534826,1.386500000000000000e+04
604.4836992817685,1.388900000000000000e+04
604.5588422811774,1.384600000000000000e+04
604.6339747182885,1.391300000000000000e+04
604.7091075484526,1.380000000000000000e+04
604.7842444226404,1.390900000000000000e+04
604.859378019808,1.389500000000000000e+04
604.9345046710955,1.386900000000000000e+04
605.009704892442,1.390200000000000000e+04
605.0848359419433,1.386000000000000000e+04
605.1599746669862,1.385400000000000000e+04
605.23510275086,1.391800000000000000e+04
605.310245826721,1.393200000000000000e+04
605.3853159408447,1.393100000000000000e+04
605.4604486674336,1.388200000000000000e+04
605.535581711707,1.390600000000000000e+04
605.6107150669574,1.394100000000000000e+04
605.6858487264751,1.392100000000000000e+04
605.7609863530097,1.392200000000000000e+04
605.8361242722013,1.393400000000000000e+04
605.9112514634761,1.398200000000000000e+04
605.9863899450862,1.393300000000000000e+04
606.0615286991821,1.394900000000000000e+04
606.1365942387108,1.391700000000000000e+04
606.2117261495124,1.399100000000000000e+04
606.2868656606279,1.399400000000000000e+04
606.3619980637881,1.398500000000000000e+04
606.4370718595482,1.397400000000000000e+04
606.5122047116855,1.399700000000000000e+04
606.5873377854751,1.398200000000000000e+04
606.6624747545558,1.402500000000000000e+04
606.7375456701113,1.398700000000000000e+04
606.8126830359437,1.398500000000000000e+04
606.8878205982112,1.403900000000000000e+04
606.9628957214667,1.401600000000000000e+04
607.0380225859356,1.406400000000000000e+04
607.1131606786419,1.404500000000000000e+04
607.1882288919476,1.409400000000000000e+04
607.2633709869046,1.414200000000000000e+04
607.3385021736576,1.409100000000000000e+04
607.4135707840262,1.403700000000000000e+04
607.4887096199877,1.408100000000000000e+04
607.5637821472627,1.410500000000000000e+04
607.6389138462803,1.407100000000000000e+04
607.7139865728267,1.409900000000000000e+04
607.7891221807843,1.412100000000000000e+04
607.8641950802765,1.404100000000000000e+04
607.9393308785938,1.411700000000000000e+04
608.0144039237675,1.410900000000000000e+04
608.089539885174,1.410900000000000000e+04
608.1646130487377,1.410200000000000000e+04
608.2397417468239,1.411700000000000000e+04
608.3148187001017,1.412600000000000000e+04
608.3898956827247,1.410900000000000000e+04
608.4650245200035,1.410600000000000000e+04
608.5401015535813,1.409100000000000000e+04
608.6151785959717,1.413900000000000000e+04
608.6903112159022,1.415400000000000000e+04
608.7653771512115,1.405800000000000000e+04
608.8404578967535,1.410600000000000000e+04
608.9155905344547,1.403300000000000000e+04
608.990660126277,1.412000000000000000e+04
609.0657296820973,1.412500000000000000e+04
609.1408659845031,1.413100000000000000e+04
609.2159465984835,1.407800000000000000e+04
609.2910160242585,1.410600000000000000e+04
609.3660890997941,1.408800000000000000e+04
609.4411621067635,1.411700000000000000e+04
609.5162981949915,1.410400000000000000e+04
609.591371059717,1.408300000000000000e+04
609.6664438352011,1.410300000000000000e+04
609.7415165145444,1.410100000000000000e+04
609.8165928096073,1.405000000000000000e+04
609.8916652768738,1.407200000000000000e+04
609.9667339066874,1.409900000000000000e+04
610.041806132408,1.411900000000000000e+04
610.1168819498673,1.408800000000000000e+04
610.1919576315516,1.410500000000000000e+04
610.2670257220219,1.410500000000000000e+04
610.3421011095528,1.404100000000000000e+04
610.4171800666223,1.407200000000000000e+04
610.4922476810158,1.409400000000000000e+04
610.5673225771701,1.410000000000000000e+04
610.6423935671218,1.407100000000000000e+04
610.7174681006938,1.411400000000000000e+04
610.7925387123403,1.402700000000000000e+04
610.8676165871373,1.410400000000000000e+04
610.9426867935962,1.406200000000000000e+04
611.0177642529652,1.410900000000000000e+04
611.0928340264109,1.409100000000000000e+04
611.1679035719891,1.412000000000000000e+04
611.2429205762214,1.412800000000000000e+04
611.3179896323122,1.407000000000000000e+04
611.3930696536677,1.414800000000000000e+04
611.4681382079762,1.413800000000000000e+04
611.543210239399,1.410600000000000000e+04
611.6182258914046,1.410800000000000000e+04
611.6932973662973,1.407000000000000000e+04
611.7683685593274,1.408500000000000000e+04
611.8434394635015,1.409600000000000000e+04
611.91845764963,1.414200000000000000e+04
611.9935279422344,1.412900000000000000e+04
612.06860167126,1.413700000000000000e+04
612.1436188772811,1.416400000000000000e+04
612.2186919554537,1.414900000000000000e+04
612.2937609555369,1.414800000000000000e+04
612.368769618424,1.411900000000000000e+04
612.443841671833,1.412200000000000000e+04
612.518860850012,1.417400000000000000e+04
612.5939321832865,1.415000000000000000e+04
612.668943094263,1.413800000000000000e+04
612.7440136774355,1.416900000000000000e+04
612.8190876378331,1.413500000000000000e+04
612.8941048689004,1.420300000000000000e+04
612.9691780415548,1.423200000000000000e+04
613.0441869267229,1.417200000000000000e+04
613.1192028943198,1.414800000000000000e+04
613.1942785838127,1.415400000000000000e+04
613.2692861585759,1.420900000000000000e+04
613.3443572287938,1.418700000000000000e+04
613.4193751865103,1.421500000000000000e+04
613.4944491348593,1.421500000000000000e+04
613.5694586386024,1.422000000000000000e+04
613.644467658833,1.418800000000000000e+04
613.7195402192466,1.423600000000000000e+04
613.794555801729,1.417900000000000000e+04
613.8695671147681,1.415500000000000000e+04
613.9446382262654,1.420700000000000000e+04
614.0196560673113,1.425300000000000000e+04
614.0946658455853,1.431100000000000000e+04
614.1696826366328,1.422200000000000000e+04
614.2447554874341,1.425100000000000000e+04
614.3197636679537,1.427500000000000000e+04
614.3947788454523,1.427700000000000000e+04
614.4697859154201,1.428400000000000000e+04
614.5448037484722,1.422600000000000000e+04
614.619873899117,1.430700000000000000e+04
614.694883044028,1.426100000000000000e+04
614.769899161373,1.421600000000000000e+04
614.8449071281832,1.428600000000000000e+04
614.9199220568489,1.429500000000000000e+04
614.994936381391,1.426500000000000000e+04
615.0699463115571,1.429500000000000000e+04
615.1449594055,1.424000000000000000e+04
615.219968088927,1.426900000000000000e+04
615.2949799236752,1.423700000000000000e+04
615.3699949053583,1.427100000000000000e+04
615.4450130295872,1.420900000000000000e+04
615.5200153487256,1.427000000000000000e+04
615.5950321611059,1.426700000000000000e+04
615.6700445181616,1.422700000000000000e+04
615.7450599927896,1.428300000000000000e+04
615.8200634112113,1.421600000000000000e+04
615.8950775175382,1.428500000000000000e+04
615.9700909303292,1.424900000000000000e+04
616.045103642399,1.422100000000000000e+04
616.1200587059649,1.424400000000000000e+04
616.1950737781215,1.421000000000000000e+04
616.2700843319404,1.424300000000000000e+04
616.3450979550751,1.420000000000000000e+04
616.4201070436227,1.421300000000000000e+04
616.4950545776754,1.420000000000000000e+04
616.5700659579935,1.422100000000000000e+04
616.6450765818348,1.416400000000000000e+04
616.720097852294,1.419300000000000000e+04
616.7950422701603,1.420100000000000000e+04
616.8700581788843,1.412500000000000000e+04
616.9450694997388,1.418000000000000000e+04
617.0200229227949,1.411800000000000000e+04
617.0950326410584,1.420900000000000000e+04
617.1700377451283,1.418500000000000000e+04
617.2449925060192,1.419100000000000000e+04
617.3200073947381,1.416300000000000000e+04
617.395013836697,1.416100000000000000e+04
617.4699660667885,1.415800000000000000e+04
617.5449822610196,1.418200000000000000e+04
617.6199327648687,1.418700000000000000e+04
617.6949472498279,1.414200000000000000e+04
617.7698959983896,1.411100000000000000e+04
617.8449087450254,1.415800000000000000e+04
617.9198595274773,1.420000000000000000e+04
617.9948705076381,1.413700000000000000e+04
618.069827119618,1.414600000000000000e+04
618.144840127084,1.419400000000000000e+04
618.2197872618343,1.417300000000000000e+04
618.2947411041071,1.417800000000000000e+04
618.3697513617161,1.416300000000000000e+04
618.44469567746,1.417100000000000000e+04
618.5196505100681,1.420000000000000000e+04
618.5946694328892,1.417500000000000000e+04
618.6696146951708,1.414500000000000000e+04
618.7445666341545,1.414400000000000000e+04
618.8195826887393,1.417800000000000000e+04
618.8945326685835,1.414500000000000000e+04
618.9694854812299,1.417000000000000000e+04
619.0444334578197,1.415700000000000000e+04
619.1194494169247,1.416100000000000000e+04
619.1943992107521,1.414700000000000000e+04
619.2693479786984,1.418100000000000000e+04
619.3442957134283,1.416800000000000000e+04
619.4192500812071,1.418000000000000000e+04
619.4942648084996,1.418000000000000000e+04
619.5692094181061,1.414400000000000000e+04
619.6441644838893,1.420500000000000000e+04
619.7191184853039,1.415800000000000000e+04
619.7940637321011,1.414900000000000000e+04
619.8690155808523,1.419900000000000000e+04
619.9439663431604,1.421200000000000000e+04
620.0189198558951,1.419400000000000000e+04
620.0938722693128,1.423400000000000000e+04
620.1688197299484,1.413700000000000000e+04
620.2437699216852,1.419300000000000000e+04
620.3187305358406,1.413800000000000000e+04
620.393678480104,1.417500000000000000e+04
620.4686252881608,1.420000000000000000e+04
620.543582504853,1.421000000000000000e+04
620.61852702112,1.415600000000000000e+04
620.6934819368186,1.422100000000000000e+04
620.7684356923214,1.422100000000000000e+04
620.8433227543279,1.419500000000000000e+04
620.9182780068074,1.418400000000000000e+04
620.9932282224137,1.417100000000000000e+04
621.0681811054573,1.418400000000000000e+04
621.1431327931294,1.420400000000000000e+04
621.2180794188941,1.416800000000000000e+04
621.2929746519387,1.418000000000000000e+04
621.3679226950109,1.421700000000000000e+04
621.4428695130218,1.419500000000000000e+04
621.5177610187308,1.420600000000000000e+04
621.5927130788318,1.417700000000000000e+04
621.6676600305892,1.421900000000000000e+04
621.7426134606835,1.421900000000000000e+04
621.8174999024244,1.417600000000000000e+04
621.8924507959133,1.419500000000000000e+04
621.9673462597708,1.415900000000000000e+04
622.0422984590124,1.419500000000000000e+04
622.1172493736544,1.416800000000000000e+04
622.1921409277729,1.415900000000000000e+04
622.2670892368434,1.414600000000000000e+04
622.3419781424883,1.420100000000000000e+04
622.4169354382018,1.416100000000000000e+04
622.4918216682801,1.414600000000000000e+04
622.5667763070498,1.412000000000000000e+04
622.6416637084727,1.410200000000000000e+04
622.7166156613104,1.410600000000000000e+04
622.791500330108,1.408600000000000000e+04
622.8664495670652,1.414000000000000000e+04
622.9413431149467,1.410400000000000000e+04
623.0162352679529,1.413400000000000000e+04
623.0911842549693,1.412500000000000000e+04
623.1660736097131,1.409600000000000000e+04
623.2409693156505,1.407400000000000000e+04
623.3159141083677,1.413700000000000000e+04
623.3908108627464,1.410900000000000000e+04
623.4656984085988,1.411200000000000000e+04
623.54065060535,1.408400000000000000e+04
623.6155430462911,1.409200000000000000e+04
623.6904262505253,1.411200000000000000e+04
623.7653157682421,1.411000000000000000e+04
623.8402738657751,1.413700000000000000e+04
623.9151643415145,1.406900000000000000e+04
623.9900494384281,1.413300000000000000e+04
624.0649369353079,1.412300000000000000e+04
624.1398346184196,1.409000000000000000e+04
624.2147191099846,1.403500000000000000e+04
624.2896137782844,1.417800000000000000e+04
624.3645615055957,1.412900000000000000e+04
624.4394531447507,1.410200000000000000e+04
624.5143432514428,1.401400000000000000e+04
624.5892357192214,1.411100000000000000e+04
624.6641227392169,1.403100000000000000e+04
624.739008204036,1.406600000000000000e+04
624.8139077217978,1.408400000000000000e+04
624.8887900572714,1.407600000000000000e+04
624.9636825322137,1.401300000000000000e+04
625.0385773339976,1.407900000000000000e+04
625.1134666425047,1.411500000000000000e+04
625.1883582645422,1.408400000000000000e+04
625.263181823586,1.406800000000000000e+04
625.3380780414589,1.407200000000000000e+04
625.4129648242472,1.405700000000000000e+04
625.4878578081264,1.405800000000000000e+04
625.5627413379577,1.406800000000000000e+04
625.6376349716288,1.404100000000000000e+04
625.7124604067309,1.408500000000000000e+04
625.7873507351937,1.407900000000000000e+04
625.8622394075853,1.407200000000000000e+04
625.9371381701984,1.403400000000000000e+04
626.0119647267263,1.406700000000000000e+04
626.0868522937308,1.405600000000000000e+04
626.1617460175852,1.404400000000000000e+04
626.2366380528313,1.404600000000000000e+04
626.3114617065921,1.406300000000000000e+04
626.3863503257447,1.401300000000000000e+04
626.4611822898413,1.401800000000000000e+04
626.5360713905895,1.401000000000000000e+04
626.6109666191869,1.402900000000000000e+04
626.6857933539325,1.400400000000000000e+04
626.7606772445703,1.396600000000000000e+04
626.8355122365108,1.402900000000000000e+04
626.9104044027886,1.402400000000000000e+04
626.985224051504,1.405300000000000000e+04
627.0601205419518,1.400600000000000000e+04
627.1349523354077,1.404300000000000000e+04
627.2098373967692,1.402100000000000000e+04
627.2846616468294,1.401600000000000000e+04
627.3595549170336,1.398400000000000000e+04
627.4343873380152,1.396500000000000000e+04
627.5092769901677,1.397800000000000000e+04
627.5841096881397,1.402200000000000000e+04
627.6589365990222,1.400300000000000000e+04
627.7338247007415,1.398300000000000000e+04
627.8086518461457,1.400900000000000000e+04
627.8834850056414,1.402400000000000000e+04
627.9583754402697,1.403500000000000000e+04
628.0332088011603,1.403100000000000000e+04
628.1080284382782,1.399500000000000000e+04
628.182858012259,1.398900000000000000e+04
628.2577527829216,1.396800000000000000e+04
628.3325785578783,1.396600000000000000e+04
628.4074142606058,1.397700000000000000e+04
628.4822361924339,1.397000000000000000e+04
628.5570680421939,1.397600000000000000e+04
628.6318979552647,1.400900000000000000e+04
628.706785214725,1.398100000000000000e+04
628.7816191526078,1.397100000000000000e+04
628.8564471797065,1.395500000000000000e+04
628.9312811520758,1.395700000000000000e+04
629.0061012851678,1.392800000000000000e+04
629.0809313073146,1.398500000000000000e+04
629.155759344112,1.396300000000000000e+04
629.2305893470999,1.392500000000000000e+04
629.3054252715824,1.399700000000000000e+04
629.380247309458,1.395200000000000000e+04
629.4550831794276,1.390200000000000000e+04
629.5299011803792,1.395000000000000000e+04
629.6047330053896,1.393900000000000000e+04
629.6795707280481,1.391100000000000000e+04
629.7543389940075,1.389300000000000000e+04
629.8291607196976,1.387200000000000000e+04
629.9039962589939,1.390700000000000000e+04
629.9788178342736,1.393200000000000000e+04
630.0536452776254,1.390500000000000000e+04
630.1284746162776,1.390500000000000000e+04
630.2032423002603,1.393300000000000000e+04
630.2780753994684,1.389100000000000000e+04
630.3529103790165,1.396700000000000000e+04
630.4277313363475,1.398000000000000000e+04
630.5025024771371,1.395200000000000000e+04
630.5773311190919,1.393100000000000000e+04
630.6521576385172,1.391700000000000000e+04
630.7269342895984,1.395100000000000000e+04
630.8017565291294,1.398100000000000000e+04
630.8765845827202,1.395000000000000000e+04
630.9513587332427,1.392500000000000000e+04
631.0261864484233,1.391000000000000000e+04
631.1009522564115,1.396800000000000000e+04
631.175787573207,1.391600000000000000e+04
631.2506087617126,1.394100000000000000e+04
631.3253799341081,1.396800000000000000e+04
631.400208688403,1.393300000000000000e+04
631.4749754310345,1.396600000000000000e+04
631.5498037567131,1.393600000000000000e+04
631.6245780075234,1.393900000000000000e+04
631.6993420335924,1.403100000000000000e+04
631.7741716576955,1.394200000000000000e+04
631.8489391655564,1.394700000000000000e+04
631.923764305041,1.399700000000000000e+04
631.9985312783703,1.394300000000000000e+04
632.0733039606179,1.394500000000000000e+04
632.1481342990165,1.398000000000000000e+04
632.2228944223607,1.397200000000000000e+04
632.2976642345945,1.394400000000000000e+04
632.3724997216107,1.397100000000000000e+04
632.4472649272958,1.396400000000000000e+04
632.5220358114818,1.390700000000000000e+04
632.5968083701387,1.395100000000000000e+04
632.6716346337209,1.394300000000000000e+04
632.746402531009,1.391000000000000000e+04
632.8211640744752,1.394100000000000000e+04
632.895939281213,1.399200000000000000e+04
632.9707001090119,1.398300000000000000e+04
633.0454705862102,1.388700000000000000e+04
633.1202346797379,1.390600000000000000e+04
633.1950124256075,1.393800000000000000e+04
633.2698318993826,1.396000000000000000e+04
633.3446048767886,1.392500000000000000e+04
633.4193754528278,1.391600000000000000e+04
633.4941436195448,1.384300000000000000e+04
633.5689053548851,1.387300000000000000e+04
633.6436807232593,1.392400000000000000e+04
633.718441616138,1.391400000000000000e+04
633.7932121186539,1.386200000000000000e+04
633.8679199094199,1.383400000000000000e+04
633.9426855028164,1.386600000000000000e+04
634.0174606961399,1.380100000000000000e+04
634.0922213655654,1.387600000000000000e+04
634.1669876029633,1.382000000000000000e+04
634.2417553834099,1.380500000000000000e+04
634.3165327489089,1.384500000000000000e+04
634.3912351850232,1.383300000000000000e+04
634.4660075495017,1.383700000000000000e+04
634.5407774100094,1.384800000000000000e+04
634.6155447585436,1.381300000000000000e+04
634.6902491623354,1.379900000000000000e+04
634.7650114486645,1.379700000000000000e+04
634.8397832896367,1.386400000000000000e+04
634.9145525922855,1.379400000000000000e+04
634.9892588668829,1.378200000000000000e+04
635.0640230545828,1.382100000000000000e+04
635.1387362717429,1.380400000000000000e+04
635.2135074201229,1.379200000000000000e+04
635.2882719598388,1.373700000000000000e+04
635.362981437668,1.376300000000000000e+04
635.4377448294332,1.377700000000000000e+04
635.512457159198,1.378500000000000000e+04
635.5872153377827,1.374400000000000000e+04
635.6619224154749,1.377700000000000000e+04
635.7366995983534,1.373300000000000000e+04
635.8114013974615,1.377200000000000000e+04
635.8861733198535,1.380400000000000000e+04
635.960881941529,1.374500000000000000e+04
636.0356485740448,1.374100000000000000e+04
636.1103518611941,1.371500000000000000e+04
636.1850565091609,1.381400000000000000e+04
636.2598232366993,1.373600000000000000e+04
636.3345306048863,1.376000000000000000e+04
636.4092393182117,1.378300000000000000e+04
636.4840101382218,1.373500000000000000e+04
636.5587134362514,1.374200000000000000e+04
636.6334221129331,1.374900000000000000e+04
636.7081848135534,1.374900000000000000e+04
636.78290019687,1.376700000000000000e+04
636.857604726266,1.373900000000000000e+04
636.9323146152394,1.370900000000000000e+04
637.0070217458345,1.369100000000000000e+04
637.0817261099415,1.359300000000000000e+04
637.1564967140678,1.354200000000000000e+04
637.2311995976745,1.355300000000000000e+04
637.3059078155254,1.359700000000000000e+04
637.3806132401302,1.358700000000000000e+04
637.4553280538418,1.361600000000000000e+04
637.5300278704315,1.366700000000000000e+04
637.6047370655823,1.374000000000000000e+04
637.679443440681,1.376200000000000000e+04
637.7541469875897,1.377600000000000000e+04
637.8288599029363,1.379900000000000000e+04
637.9035659103154,1.374900000000000000e+04
637.978273139046,1.374000000000000000e+04
638.052977512721,1.379100000000000000e+04
638.1276830952562,1.375000000000000000e+04
638.2023898813551,1.376900000000000000e+04
638.2770978657181,1.376800000000000000e+04
638.3517418441655,1.379800000000000000e+04
638.4264562697699,1.376700000000000000e+04
638.5011555722814,1.377900000000000000e+04
638.5758642016897,1.376200000000000000e+04
638.6505699221697,1.384800000000000000e+04
638.7252237691496,1.379500000000000000e+04
638.7999236357822,1.379100000000000000e+04
638.874628732156,1.376800000000000000e+04
638.9493472209352,1.382900000000000000e+04
639.0239892680094,1.380500000000000000e+04
639.098689601196,1.381300000000000000e+04
639.173395144716,1.381800000000000000e+04
639.2480405140027,1.381900000000000000e+04
639.3227564554909,1.380500000000000000e+04
639.3973958340758,1.380200000000000000e+04
639.4721058028182,1.382100000000000000e+04
639.5468086912668,1.380300000000000000e+04
639.6214635767756,1.387500000000000000e+04
639.6961604460553,1.380400000000000000e+04
639.7708092749344,1.386200000000000000e+04
639.8455164682429,1.381000000000000000e+04
639.9201674013606,1.384400000000000000e+04
639.9948767149377,1.384000000000000000e+04
640.0695174401586,1.382400000000000000e+04
640.1441591862857,1.378000000000000000e+04
640.2188716275688,1.376100000000000000e+04
640.2935236151387,1.379100000000000000e+04
640.3681602084457,1.382600000000000000e+04
640.4428757290473,1.374400000000000000e+04
640.5175143262505,1.377500000000000000e+04
640.592166218985,1.381300000000000000e+04
640.6668724558668,1.378500000000000000e+04
640.7415181149009,1.379700000000000000e+04
640.8161565315354,1.373800000000000000e+04
640.8908041242695,1.376000000000000000e+04
640.9655143022176,1.374400000000000000e+04
641.0401638233027,1.376400000000000000e+04
641.1148060727106,1.375200000000000000e+04
641.1894533730033,1.373600000000000000e+04
641.2641016094406,1.374700000000000000e+04
641.3387425502967,1.382000000000000000e+04
641.4134543525283,1.376000000000000000e+04
641.488101262261,1.379100000000000000e+04
641.5627449685089,1.376200000000000000e+04
641.6373854629693,1.374500000000000000e+04
641.7120350911663,1.371100000000000000e+04
641.7866814967092,1.371300000000000000e+04
641.8613246712862,1.372800000000000000e+04
641.9359769690361,1.375100000000000000e+04
642.0106260249374,1.375700000000000000e+04
642.0852718306695,1.373700000000000000e+04
642.1598525225107,1.373800000000000000e+04
642.2344917885489,1.377300000000000000e+04
642.3091401562656,1.381700000000000000e+04
642.3837934993884,1.378300000000000000e+04
642.4584353052218,1.377300000000000000e+04
642.5330862021095,1.373300000000000000e+04
642.6077296725547,1.372900000000000000e+04
642.6823120100572,1.376500000000000000e+04
642.7569529755671,1.371900000000000000e+04
642.8315988836831,1.376200000000000000e+04
642.9062455985243,1.377200000000000000e+04
642.9808352351971,1.378700000000000000e+04
643.055475263203,1.372800000000000000e+04
643.1301243499755,1.372600000000000000e+04
643.2047163018128,1.373400000000000000e+04
643.279354524987,1.368000000000000000e+04
643.3539438476895,1.372500000000000000e+04
643.4285877299418,1.370900000000000000e+04
643.5032406530961,1.367400000000000000e+04
643.5778197789244,1.374100000000000000e+04
643.6524659081414,1.373000000000000000e+04
643.7270464782921,1.372200000000000000e+04
643.8016982163535,1.374000000000000000e+04
643.876284355504,1.375000000000000000e+04
643.9509292459394,1.372300000000000000e+04
644.0255084918365,1.371500000000000000e+04
644.1001589469886,1.373400000000000000e+04
644.1747437177227,1.376400000000000000e+04
644.2493250109602,1.376800000000000000e+04
644.3239775458864,1.376800000000000000e+04
644.3985601811679,1.377600000000000000e+04
644.4731434709971,1.378200000000000000e+04
644.5477855716856,1.381400000000000000e+04
644.6223743228242,1.383800000000000000e+04
644.6969595574612,1.382300000000000000e+04
644.7715495817692,1.381900000000000000e+04
644.8461901340061,1.383900000000000000e+04
644.9207731033271,1.387200000000000000e+04
644.9953650068094,1.384400000000000000e+04
645.0699450389038,1.383500000000000000e+04
645.1445298338459,1.382200000000000000e+04
645.219177672042,1.383500000000000000e+04
645.2937678340779,1.390800000000000000e+04
645.3683419239809,1.390100000000000000e+04
645.4429290863851,1.388800000000000000e+04
645.5175168235929,1.392100000000000000e+04
645.5921051300253,1.391700000000000000e+04
645.6666898312457,1.397000000000000000e+04
645.7412750885978,1.397900000000000000e+04
645.8158525549321,1.395500000000000000e+04
645.8904389058563,1.398300000000000000e+04
645.9650299688499,1.394000000000000000e+04
646.0396090465212,1.394900000000000000e+04
646.1141969977764,1.399600000000000000e+04
646.1887812959989,1.402200000000000000e+04
646.2633076373747,1.402600000000000000e+04
646.3378845915109,1.405200000000000000e+04
646.4124787595719,1.397600000000000000e+04
646.4870608913304,1.409000000000000000e+04
646.5616476941717,1.409100000000000000e+04
646.6361722632304,1.406900000000000000e+04
646.7107558375826,1.408200000000000000e+04
646.7853440690486,1.408200000000000000e+04
646.859928586342,1.404900000000000000e+04
646.9344466023072,1.410200000000000000e+04
647.0090362098298,1.416700000000000000e+04
647.083622083392,1.414100000000000000e+04
647.1581413924066,1.413900000000000000e+04
647.2327239470708,1.420700000000000000e+04
647.307306934167,1.422900000000000000e+04
647.3818400556567,1.424100000000000000e+04
647.456419687093,1.419700000000000000e+04
647.5309452235595,1.420900000000000000e+04
647.6055298578293,1.419500000000000000e+04
647.6800561677495,1.420200000000000000e+04
647.7546415911931,1.422400000000000000e+04
647.829164455096,1.425800000000000000e+04
647.9037464463057,1.428300000000000000e+04
647.9782700344881,1.431300000000000000e+04
648.0527939695423,1.430600000000000000e+04
648.1273854568424,1.432700000000000000e+04
648.2019100840658,1.428900000000000000e+04
648.2764938778582,1.432800000000000000e+04
648.3510107654179,1.435900000000000000e+04
648.425536376692,1.438100000000000000e+04
648.5000623007427,1.439000000000000000e+04
648.5746432162518,1.442100000000000000e+04
648.6491655538866,1.439300000000000000e+04
648.7236881852804,1.443600000000000000e+04
648.7982195235151,1.451100000000000000e+04
648.8728058826379,1.440500000000000000e+04
648.9473293775359,1.441700000000000000e+04
649.0218489310823,1.441800000000000000e+04
649.0963729611857,1.449600000000000000e+04
649.1708972508054,1.450500000000000000e+04
649.2454260094211,1.451800000000000000e+04
649.3199508018886,1.452700000000000000e+04
649.3944716195824,1.460100000000000000e+04
649.4689926719741,1.457100000000000000e+04
649.5435181724034,1.455800000000000000e+04
649.6180396779724,1.462400000000000000e+04
649.6925698430567,1.463100000000000000e+04
649.7670917798398,1.469400000000000000e+04
649.8416139226556,1.464900000000000000e+04
649.9161320418531,1.469000000000000000e+04
649.9906588034178,1.472100000000000000e+04
650.0651815298742,1.476300000000000000e+04
650.1397086661992,1.480300000000000000e+04
650.2142317539774,1.473400000000000000e+04
650.2887550133019,1.476000000000000000e+04
650.3632192222857,1.479200000000000000e+04
650.4377470245496,1.479600000000000000e+04
650.5122665196939,1.479700000000000000e+04
650.5867946266628,1.481400000000000000e+04
650.6612551406859,1.482200000000000000e+04
650.7357750465694,1.490600000000000000e+04
650.8103035527816,1.495700000000000000e+04
650.8847644021826,1.489500000000000000e+04
650.9592931417967,1.495600000000000000e+04
651.0338092818513,1.497800000000000000e+04
651.1082704136296,1.504700000000000000e+04
651.182799464824,1.502000000000000000e+04
651.2572649940395,1.503900000000000000e+04
651.3317857370804,1.501400000000000000e+04
651.4062556434649,1.514900000000000000e+04
651.4807807792504,1.510400000000000000e+04
651.5552380644563,1.515100000000000000e+04
651.6297548330812,1.515900000000000000e+04
651.7042206933047,1.515500000000000000e+04
651.7787503045504,1.521100000000000000e+04
651.8532162309156,1.522600000000000000e+04
651.9277374256133,1.524900000000000000e+04
652.0021948907765,1.534800000000000000e+04
652.0766608615594,1.526500000000000000e+04
652.1511863740992,1.533800000000000000e+04
652.2256523518495,1.542900000000000000e+04
652.3001055526772,1.541900000000000000e+04
652.3745757534864,1.540800000000000000e+04
652.4490927583861,1.548600000000000000e+04
652.523554404734,1.553100000000000000e+04
652.5980245314129,1.557300000000000000e+04
652.6724818393412,1.561100000000000000e+04
652.7469518786384,1.563700000000000000e+04
652.8214730080308,1.564900000000000000e+04
652.8959386884019,1.575200000000000000e+04
652.9703957767102,1.575800000000000000e+04
653.0448655846427,1.575400000000000000e+04
653.1193267868492,1.584600000000000000e+04
653.1937879048733,1.590200000000000000e+04
653.268253200443,1.590800000000000000e+04
653.3427141334746,1.596500000000000000e+04
653.417174964718,1.597600000000000000e+04
653.4916399588126,1.594500000000000000e+04
653.5661005698283,1.601000000000000000e+04
653.640569606346,1.601000000000000000e+04
653.7150299745911,1.602400000000000000e+04
653.7894902116518,1.608200000000000000e+04
653.8638947316973,1.613600000000000000e+04
653.938354676066,1.618100000000000000e+04
653.9927330350457,1.628682711506318992e+04
654.0128144715792,1.626500000000000000e+04
654.0673848929049,1.630679418921380420e+04
654.0872783906434,1.629400000000000000e+04
654.1419639360352,1.631099778377182702e+04
654.1617421510075,1.635200000000000000e+04
654.2166156285444,1.637089900622366622e+04
654.2361458232748,1.638700000000000000e+04
654.2911987423258,1.644971640418661264e+04
654.3658416830104,1.651171942391746416e+04
654.4404288467964,1.647914156609277779e+04
654.5150758549863,1.653694099126560468e+04
654.5897184695584,1.656006076133473834e+04
654.664305251433,1.664938714569274089e+04
654.7389476142009,1.659263861915942107e+04
654.8135383948625,1.667776140895940262e+04
654.888184771955,1.673345903685321900e+04
654.9627666643294,1.680176744842110566e+04
655.0373526739268,1.681017463753715128e+04
655.1119985900768,1.684275249536183765e+04
655.1865885451579,1.691946809604576993e+04
655.2612255432555,1.694889325795193872e+04
655.3358194230502,1.697306392666057582e+04
655.4104603574718,1.705503402054203980e+04
655.4850452543039,1.711808793891239475e+04
655.5596986994234,1.708656097972721545e+04
655.634274582699,1.715802208721362331e+04
655.7088674352764,1.720951612054941143e+04
655.7835073665872,1.728623172123334734e+04
655.8580911670134,1.725995925524569975e+04
655.9327392618014,1.737345630831233939e+04
656.0073268888157,1.738396529470739915e+04
656.0819099586474,1.739447428110245892e+04
656.1565530436084,1.747644437498392290e+04
656.2311355998527,1.758678873213204861e+04
656.3057308056235,1.758889052941105911e+04
656.3803688222278,1.762462108315426303e+04
656.454954867795,1.764248636002586500e+04
656.5295449351327,1.773916903486040974e+04
656.6041821341065,1.770238758247770238e+04
656.6787759333997,1.778435767635916636e+04
656.7533564903902,1.787368406071717254e+04
656.8279410471957,1.790205832398383427e+04
656.9025856984958,1.798823201242331925e+04
656.9771696261503,1.802711526208504074e+04
657.0517532233856,1.809857636957144496e+04
657.1264055746188,1.813430692331464888e+04
657.2009928278474,1.815847759202328598e+04
657.2755710944062,1.830875609747263661e+04
657.3501576467798,1.826356745597387999e+04
657.4247438407015,1.841489686006273769e+04
657.4993858698668,1.846533999475902237e+04
657.573971341612,1.848845976482815240e+04
657.6485607618943,1.849161246074666997e+04
657.7231498016442,1.862507658796392570e+04
657.7977341278665,1.862087299340590107e+04
657.87237432304,1.871335207368242482e+04
657.9469621958759,1.874487903286760411e+04
658.0215410042488,1.881423834307499783e+04
658.0961280598617,1.882579822810956102e+04
658.1707146988002,1.899709470634903118e+04
658.2453009150308,1.896872044308236946e+04
658.3198867025178,1.906750491519592833e+04
658.3945327428875,1.906119952335889320e+04
658.4691220043352,1.915998399547245208e+04
658.5437021472852,1.926402296078354266e+04
658.6182818353581,1.929134632541069732e+04
658.69286974003,1.938697810160573863e+04
658.767461521399,1.950678054650941704e+04
658.8420354727173,1.951518773562546266e+04
658.9166306515345,1.962237939685507081e+04
658.9912079822875,1.970014589617851016e+04
659.0657935091809,1.971590937577110162e+04
659.140382887388,1.980628665876861123e+04
659.2149717681472,1.989666394176612448e+04
659.289551452134,1.988195136081304008e+04
659.3641306225966,2.001541548803029582e+04
659.438717970647,2.007111311592411221e+04
659.5133047969533,2.017094848667717451e+04
659.5878910954348,2.019511915538581161e+04
659.6624768600082,2.028864913430184242e+04
659.7370620845874,2.042001146424008766e+04
659.8116467630838,2.050723605131907971e+04
659.8862265349078,2.049987976084253751e+04
659.9608101019778,2.065751455676843034e+04
660.0354018176174,2.072056847513878893e+04
660.1099798943757,2.076155352207952092e+04
660.1845748263452,2.082565833908938293e+04
660.259151743867,2.091918831800541011e+04
660.333684466581,2.097173324998070893e+04
660.4082645480388,2.109784108672142247e+04
660.4828527532469,2.128174834863496289e+04
660.5574316285567,2.120608364659053404e+04
660.6320229836718,2.136266754387692345e+04
660.7066049946801,2.138053282074852177e+04
660.7811820158635,2.160647602824230125e+04
660.8557147324121,2.165061377110155081e+04
660.9302992109782,2.172522757450647259e+04
661.0048830496228,2.180824856702744364e+04
661.0794662422122,2.183662283029410537e+04
661.1540575251042,2.196273066703481891e+04
661.2285781978873,2.209094030105454294e+04
661.3031681500861,2.209934749017059221e+04
661.3777399387936,2.219813196228415109e+04
661.452332922751,2.232213800174585413e+04
661.5269208535378,2.235997035276806855e+04
661.6014380645663,2.243458415617299033e+04
661.6760289813253,2.257855726978530583e+04
661.7506148234904,2.266052736366676982e+04
661.8251298800592,2.276036273441983212e+04
661.8997142930884,2.286019810517289807e+04
661.9743067544003,2.293586280721732692e+04
662.0488853483158,2.304830896164446312e+04
662.1234149871826,2.313868624464197637e+04
662.198000873726,2.317441679838517666e+04
662.2725860216412,2.329421924328885507e+04
662.347104619191,2.334361147934563633e+04
662.4216882564932,2.350544986982955015e+04
662.4962184684717,2.356640199092089460e+04
662.570804963388,2.365993196983692542e+04
662.6453862997457,2.367569544942951325e+04
662.7199097646629,2.381861766440232168e+04
662.7944939234665,2.391214764331835249e+04
662.869086084027,2.400042312903685161e+04
662.9436071371093,2.412653096577756514e+04
663.0181889069928,2.421901004605408889e+04
663.0927083152421,2.426945318075037358e+04
663.1673016492832,2.432935440320221460e+04
663.2418237897235,2.446807302361699840e+04
663.3164110793576,2.461414793450832804e+04
663.3909359310869,2.470452521750583765e+04
663.4655171474956,2.472974678485398181e+04
663.5400358838839,2.485270192567617778e+04
663.6146198039338,2.498511515425392645e+04
663.6891500154543,2.514274995017981928e+04
663.763736622158,2.518898949031807933e+04
663.8382518588492,2.528567216515262771e+04
663.9128411292601,2.535923506991804243e+04
663.9873589874919,2.549795369033282986e+04
664.0619509026042,2.553998963591306529e+04
664.136471363353,2.567135196585131052e+04
664.211061492379,2.576803464068585890e+04
664.285584535613,2.588678618695003024e+04
664.3601640270679,2.592251674069323417e+04
664.4346852160202,2.613164556995491512e+04
664.5092142934612,2.609696591485121826e+04
664.5838042596656,2.620836117063885104e+04
664.6583226187805,2.634918158833264897e+04
664.7328488535421,2.656987030262889675e+04
664.8074315802052,2.656461580943136869e+04
664.881960314152,2.675377756454243718e+04
664.9565455552175,2.684730754345846799e+04
665.031072346548,2.694293931965350930e+04
665.1055937270582,2.694819381285103736e+04
665.1801096874939,2.719200229721641881e+04
665.2546998800744,2.729814305980651989e+04
665.3292271235769,2.734438259994477994e+04
665.4037489291384,2.749991559859166227e+04
665.4783361453115,2.760815815846077385e+04
665.5528603518749,2.770484083329532223e+04
665.6273790986409,2.777840373806073694e+04
665.7019056711048,2.792132595303354537e+04
665.7764932599148,2.804428109385574135e+04
665.8510088931856,2.818405061291003221e+04
665.9255412083346,2.834063451019642162e+04
666.0000591620371,2.843941898230998049e+04
666.0746470335703,2.846253875237911052e+04
666.1491717378727,2.869688914898893563e+04
666.2236953664843,2.877255385103336448e+04
666.2982179130853,2.887133832314692336e+04
666.3727393713534,2.883981136396174406e+04
666.4472686180028,2.896381740342344710e+04
666.5218500778012,2.921603307690487418e+04
666.5963682490049,2.930115586670485573e+04
666.670894195563,2.937051517691224944e+04
666.7454190261132,2.947140144630481882e+04
666.8199427343175,2.972466801842575296e+04
666.8944653138359,2.979087463271462912e+04
666.9689912068017,2.984447046332943137e+04
667.043515960381,2.992328786129237778e+04
667.1180440186909,3.015238376470467483e+04
667.1925664754452,3.023645565586514931e+04
667.2671501081187,3.031422215518859230e+04
667.3416747090137,3.047606054567250612e+04
667.4162025951904,3.053911446404286471e+04
667.4907159415177,3.072512352323541563e+04
667.5652459277131,3.087435113004526283e+04
667.6397747296355,3.093530325113660729e+04
667.7142934240692,3.114758477631680944e+04
667.7888198363478,3.110029433753904232e+04
667.8633405848258,3.125582733618592101e+04
667.9378645829604,3.133569563278837450e+04
668.0123873649534,3.152380648925993955e+04
668.0868509002132,3.166462690695373385e+04
668.1613801466233,3.172452812940557487e+04
668.235899230937,3.189057011444751333e+04
668.3104215399541,3.192630066819071726e+04
668.3849470702704,3.206501928860550106e+04
668.4594713500996,3.222055228725238339e+04
668.533998842422,3.218902532806720410e+04
668.6085250734534,3.240761224508444138e+04
668.683041094052,3.254948356141774275e+04
668.7575647813001,3.269135487775104775e+04
668.8320290343215,3.269450757366956532e+04
668.9065546155499,3.283953158592138789e+04
668.9810833808008,3.301398076007937198e+04
669.0555974212344,3.324517846077067952e+04
669.130128062917,3.321890599478303193e+04
669.2046529196529,3.333765754104720691e+04
669.2791182298785,3.344169650635829748e+04
669.3536314765041,3.347427436418298021e+04
669.4281657979723,3.368865768664218922e+04
669.5026898264498,3.377272957780266734e+04
669.57714526615,3.391670269141498284e+04
669.65167108008,3.397765481250632729e+04
669.7261910590614,3.413318781115320598e+04
669.8007186526492,3.422881958734824730e+04
669.8751865504684,3.436964000504204887e+04
669.949711403622,3.440326876150623866e+04
670.0242348833766,3.461975388124446181e+04
670.0987480026345,3.460714309757039155e+04
670.1732193096983,3.468701139417284139e+04
670.2477431098745,3.474481081934567192e+04
670.3222655128286,3.481206833227405150e+04
670.396728085964,3.492976897989871941e+04
670.471252157415,3.511367624181225983e+04
670.5457118658269,3.513469421460237936e+04
670.6202330875843,3.518829004521718161e+04
670.6947618784129,3.528812541597024392e+04
670.7692307481261,3.547728717108131968e+04
670.8437476587868,3.550145783978995314e+04
670.918213608017,3.554979917720722733e+04
670.9927321095302,3.566014353435535304e+04
671.0672536563986,3.568116150714547257e+04
671.1417196890736,3.583354180987383006e+04
671.216251808498,3.584720349218740739e+04
671.290714863808,3.595439515341701917e+04
671.3652395155675,3.610362276022686274e+04
671.4396995665256,3.618033836091079866e+04
671.5142212289395,3.628017373166386096e+04
671.5886872701645,3.627491923846633290e+04
671.6632104305353,3.633376956227866322e+04
671.7376734223737,3.643255403439222573e+04
671.812193546355,3.654184749290084437e+04
671.8866579770747,3.663327567453785741e+04
671.9611795549314,3.667426072147858940e+04
672.0356408881489,3.673521284256993385e+04
672.1101096909673,3.680352125413782051e+04
672.1846266277597,3.692227280040199548e+04
672.2590968192625,3.695800335414519941e+04
672.3336151557181,3.702736266435259313e+04
672.4080821944679,3.709356927864146564e+04
672.482543119204,3.717659027116243669e+04
672.5570657703272,3.723228789905625308e+04
672.63152802642,3.729639271606611146e+04
672.705997721871,3.733002147253030125e+04
672.7805155931686,3.738361730314510351e+04
672.854982065397,3.744351852559694817e+04
672.9294423823377,3.751287783580434188e+04
673.0039644745739,3.757803355145370733e+04
673.0784260583234,3.761691680111542519e+04
673.152895058153,3.767156353036973451e+04
673.2274213293804,3.771149767867095943e+04
673.3018779706365,3.775563542153021262e+04
673.3763374799411,3.779346777255242341e+04
673.4508043890924,3.782079113717957807e+04
673.5252650884476,3.787438696779438760e+04
673.5997967036512,3.787438696779438760e+04
673.6742585868221,3.790171033242154226e+04
673.748714237457,3.792167740657215472e+04
673.823186347847,3.793323729160671792e+04
673.8976385924067,3.795320436575733038e+04
673.9721663425748,3.798683312222152017e+04
674.0466287979216,3.800574929773262556e+04
674.1210895311846,3.801730918276719603e+04
674.1955530811653,3.802676727052274509e+04
674.2700239906791,3.801415648684867483e+04
674.3444795221271,3.803832715555731556e+04
674.4189469503236,3.804042895283632242e+04
674.49346722243,3.803412356099928729e+04
674.567935708377,3.801941098004620289e+04
674.6424024340591,3.803202176372028043e+04
674.7168582880072,3.801310558820916776e+04
674.7913214713103,3.800995289229065384e+04
674.8657783200656,3.798262952766349918e+04
674.940251601854,3.797001874398942891e+04
675.0147094269751,3.796266245351288671e+04
675.0891700095718,3.793218639296721085e+04
675.1636379044918,3.793428819024622499e+04
675.2380994327431,3.792693189976968279e+04
675.312554584676,3.791957560929314059e+04
675.3870261580195,3.788489595418944373e+04
675.4614822208301,3.785652169092278200e+04
675.5359547018315,3.783445281949315540e+04
675.610407090499,3.779977316438946582e+04
675.6848804576179,3.775773721880922676e+04
675.7593337130725,3.771780307050800184e+04
675.8338033782419,3.768417431404380477e+04
675.9082026566803,3.765369825349813618e+04
675.9826594431638,3.762637488887098152e+04
676.0571234944312,3.761166230791789712e+04
676.1315948098625,3.756542276777963707e+04
676.2060550986515,3.754545569362902461e+04
676.2805134951972,3.751077603852532775e+04
676.3549745673919,3.745718020791052550e+04
676.4293879803434,3.740568617457473010e+04
676.5038498052293,3.735314124259943492e+04
676.5783051376296,3.729429091878710460e+04
676.6527677036122,3.722913520313773188e+04
676.7272329229447,3.718394656163897889e+04
676.8016366634976,3.713770702150071156e+04
676.8761025828228,3.710618006231553591e+04
676.9505619772531,3.703997344802666339e+04
677.0250240043307,3.696115605006371334e+04
677.0994290601088,3.691491650992545328e+04
677.1738917427178,3.686972786842670030e+04
677.2483524582894,3.680562305141683464e+04
677.3227561481843,3.674362003168598312e+04
677.3972128974716,3.668266791059463867e+04
677.4716768389669,3.662907207997983642e+04
677.5461433813275,3.659544332351564663e+04
677.6205482371186,3.651137143235516851e+04
677.6950015852051,3.642414684527617646e+04
677.7694069841688,3.636004202826631081e+04
677.8438746703705,3.626861384662929777e+04
677.9183311477581,3.619610184050338285e+04
677.9927396296163,3.613409882077253133e+04
678.0672012294622,3.601324547722934949e+04
678.1416056066512,3.595439515341701917e+04
678.2160631125909,3.584194899898987933e+04
678.2905277690969,3.578520047245655587e+04
678.3649259468506,3.565804173707633890e+04
678.4393864750938,3.560654770374055079e+04
678.513798898065,3.548674525883686874e+04
678.5882598799376,3.541002965815293283e+04
678.6626543015428,3.525449665950605413e+04
678.7371249257566,3.515361039011348475e+04
678.8115243461227,3.508320018126658397e+04
678.8859815585386,3.496129593908389506e+04
678.9603905685974,3.501278997241969046e+04
679.0348481677615,3.484779888601725543e+04
679.1092529209583,3.467019701594075013e+04
679.1836509171139,3.460188860437286348e+04
679.2581113551571,3.446842447715560411e+04
679.3325235125415,3.434231664041489421e+04
679.4069842868593,3.426980463428897929e+04
679.481378280968,3.411847523020012159e+04
679.5557839509504,3.397555301522731315e+04
679.6302474888498,3.401128356897051708e+04
679.704648807749,3.387256494855572964e+04
679.7790525553501,3.377798407100019540e+04
679.8535234360058,3.359617860636566911e+04
679.9279135518302,3.349634323561260680e+04
680.0023245731195,3.346586717506693094e+04
680.076784258521,3.334291203424473497e+04
680.1511816092886,3.321470240022501093e+04
680.2255859851732,3.300452267232382292e+04
680.3000482943368,3.299926817912628758e+04
680.374448213023,3.286370225463002134e+04
680.4488412562114,3.267874409407697385e+04
680.5232552007656,3.258416321652143961e+04
680.5976576301395,3.248327694712887023e+04
680.6721226617578,3.229936968521532981e+04
680.7465159407645,3.224051936140299586e+04
680.8209254830051,3.219638161854374630e+04
680.8953281128896,3.200301626887464954e+04
680.969723820552,3.190002820220306603e+04
681.0441775310805,3.179283654097346152e+04
681.118582574998,3.168984847430187801e+04
681.1929806772104,3.151645019878339735e+04
681.2673996753556,3.141976752394884898e+04
681.3418070819359,3.130627047088220570e+04
681.4162075273074,3.119382431645506949e+04
681.4906056458781,3.108453085794645085e+04
681.5649921401839,3.097418650079832514e+04
681.6393995215485,3.087645292732427333e+04
681.7137999143118,3.070095285452677854e+04
681.7882165503345,3.062949174704037432e+04
681.8626680324036,3.051914738989225225e+04
681.9370706711479,3.042561741097622144e+04
682.0114662918298,3.039303955315153871e+04
682.0858781465969,3.015763825790220653e+04
682.1602876270566,3.000105436061581713e+04
682.234615600839,3.002102143476643323e+04
682.3090342611832,2.986128484156152626e+04
682.3834179373963,2.970575184291464757e+04
682.4578224911205,2.965951230277638388e+04
682.5322153211919,2.952814997283814228e+04
682.6066290312607,2.944933257487519586e+04
682.6810356664762,2.931481754901843306e+04
682.7554352169042,2.920867678642833198e+04
682.8298276726078,2.904788929458392158e+04
682.9042363415565,2.898483537621356663e+04
682.9786379060591,2.883876046532224063e+04
683.052985700029,2.871265262858152710e+04
683.1273776822683,2.860546096735191895e+04
683.2017812028357,2.859074838639883455e+04
683.2761822579863,2.842155370543837853e+04
683.3505948498541,2.823554464624582397e+04
683.4249816151049,2.815462545100386706e+04
683.4993378598623,2.801485593194957619e+04
683.5737336498651,2.797807447956686883e+04
683.6481222681783,2.780677800132739867e+04
683.7225270786547,2.773636779248049788e+04
683.7968779498492,2.759239467886818602e+04
683.8712683772519,2.747994852444104981e+04
683.9456749923205,2.745472695709290565e+04
684.0200089024875,2.724349633055221057e+04
684.0944244901342,2.725085262102875276e+04
684.1688141432852,2.714681365571766219e+04
684.2431731578488,2.699022975843127642e+04
684.3175670692367,2.691036146182882294e+04
684.3919584235521,2.682628957066834846e+04
684.4662956794946,2.668757095025356466e+04
684.5407193753053,2.652468166113014013e+04
684.6151123876289,2.630609474411290284e+04
684.689455939193,2.614425635362898902e+04
684.7638578398391,2.600869042913271915e+04
684.8382055615216,2.582373226857967165e+04
684.9125975757681,2.567030106721180346e+04
684.9870010616816,2.565033399306119099e+04
685.0613315458365,2.553578604135504429e+04
685.1357438810281,2.543910336652049591e+04
685.2100831760683,2.522156734814276570e+04
685.2844855664139,2.505657626174033066e+04
685.3588336587155,2.502504930255515137e+04
685.4332213760933,2.488738158077987464e+04
685.5075782509971,2.483588754744408288e+04
685.5819089583205,2.479174980458483333e+04
685.6563216044284,2.475286655492311183e+04
685.7306563603778,2.469401623111077788e+04
685.8050589720733,2.464777669097251783e+04
685.8794024621719,2.457841738076512411e+04
685.9537903041233,2.446176763177996327e+04
686.0281472199982,2.437244124742195709e+04
686.1024731844336,2.432935440320221460e+04
686.1768811733403,2.414754893856768467e+04
686.2512158243778,2.396469257529365132e+04
686.3255665827462,2.392370752835291933e+04
686.3999617223745,2.370512061133568204e+04
686.4742975925424,2.370091701677765741e+04
686.5486495653337,2.355484210588633141e+04
686.6230412185406,2.346131212697030060e+04
686.6973829775881,2.334361147934563633e+04
686.7717408365776,2.317336589974566959e+04
686.8460676249846,2.319648566981480326e+04
686.920476563722,2.302203649565681553e+04
686.9948119535088,2.291169213850868982e+04
687.0691634335083,2.279083879496550435e+04
687.1434837923248,2.265422197182973105e+04
687.2178910716232,2.256174289155320730e+04
687.2922436114384,2.245455123032360279e+04
687.3665697193694,2.236942844052362125e+04
687.4409071790424,2.227064396841006237e+04
687.5152607193801,2.217711398949403156e+04
687.5896114344212,2.211300917248416954e+04
687.6639309442114,2.191544022825705179e+04
687.7383327394424,2.189547315410643932e+04
687.8126844041321,2.176621262144720458e+04
687.8870284875072,2.164115568334599811e+04
687.9613649794371,2.157915266361514659e+04
688.0357175394452,2.150138616429170725e+04
688.1100388231959,2.134585316564482491e+04
688.1843761649789,2.127439205815842070e+04
688.2587343070002,2.117665848468436889e+04
688.3330800913666,2.106526322889673975e+04
688.4074182439083,2.098539493229428626e+04
688.4817534945465,2.092339191256343474e+04
688.556104800579,2.083721822412394613e+04
688.6304200038998,2.074473914384742238e+04
688.7047797093452,2.063334388805979324e+04
688.7791080338786,2.050618515267957264e+04
688.8534524038824,2.053876301050425900e+04
688.9277890934775,2.039373899825243643e+04
689.0021418286908,2.029075093158085292e+04
689.0764868733971,2.020878083769938894e+04
689.1507577273879,2.017830477715371671e+04
689.2250873462091,2.007952030504015784e+04
689.2994377520117,2.003538256218090828e+04
689.3737756865256,1.992293640775377207e+04
689.4481106432635,1.981889744244268149e+04
689.5224616327603,1.975479262543281948e+04
689.5968001275772,1.965285545740074303e+04
689.6710880627454,1.960346322134396542e+04
689.745415792651,1.951308593834645217e+04
689.8197595452868,1.945108291861560065e+04
689.8941002876792,1.938907989888474913e+04
689.968380885931,1.925771756894650753e+04
690.0427250973174,1.927348104853909535e+04
690.1170662811704,1.922303791384281067e+04
690.1913949030705,1.910008277302061470e+04
690.2656966557213,1.906645401655642490e+04
690.3400334706062,1.898343302403545385e+04
690.4143672314507,1.892037910566509890e+04
690.4886454859029,1.879532216756388880e+04
690.5629874122526,1.874487903286760411e+04
690.6373214994773,1.866921433082317526e+04
690.7116000290887,1.867446882402070696e+04
690.7859422563533,1.857883704782566565e+04
690.8602336681432,1.853259750768740196e+04
690.9345601567937,1.844011842741087821e+04
691.0089026400582,1.842120225189977282e+04
691.0831942596561,1.836235192808743886e+04
691.157520963373,1.829194171924054172e+04
691.2318206545044,1.818685185528994407e+04
691.3061602170517,1.814271411243069451e+04
691.380444070193,1.815532489610476841e+04
691.45476779478,1.804392964031713564e+04
691.5290596795087,1.794514516820357676e+04
691.6033914459812,1.795985774915666116e+04
691.6776674311591,1.786422597296161985e+04
691.7520072241363,1.780012115595175783e+04
691.8262959912287,1.779276486547521563e+04
691.900643801485,1.768557320424560749e+04
691.9749166156074,1.769818398791967775e+04
692.0492005879099,1.761201029948019277e+04
692.123529252891,1.757207615117896421e+04
692.1978259721524,1.751637852328515146e+04
692.2721578136724,1.747539347634441947e+04
692.3464385130854,1.738921978790493085e+04
692.4207159769667,1.735454013280123399e+04
692.4950525395182,1.727992632939631221e+04
692.56933311711,1.725365386340866462e+04
692.6436056440851,1.717483646544571820e+04
692.7179660817585,1.716958197224818650e+04
692.7922272967613,1.706449210829759249e+04
692.8665236380322,1.705083042598401516e+04
692.9407927013435,1.694048606883588945e+04
693.0151497288059,1.693733337291737189e+04
693.089421837627,1.692472258924330163e+04
693.1636906489606,1.689634832597663990e+04
693.2379753787236,1.678705486746802126e+04
693.3122568047582,1.674922251644580683e+04
693.3865926140129,1.674606982052728927e+04
693.4608818498604,1.668196500351742725e+04
693.5351581466051,1.660945299739151596e+04
693.6094263017561,1.660104580827547034e+04
693.6837151767944,1.652853380214955905e+04
693.7579910889119,1.647914156609277779e+04
693.8322636527323,1.649280324840635512e+04
693.906552121247,1.642659663411748261e+04
693.9808998444166,1.638245889125823123e+04
694.0551719756728,1.630574329057429713e+04
694.1294600063287,1.623638398036690523e+04
694.2037398455482,1.621851870349530327e+04
694.2780114829652,1.612919231913729891e+04
694.3522990144666,1.616912646743852383e+04
694.426583156023,1.603250964430275053e+04
694.5008542537265,1.605457851573237531e+04
694.5751412401826,1.597050662457189901e+04
694.6494248189764,1.597260842185091133e+04
694.723700156412,1.591270719939907212e+04
694.7979624146619,1.585070417966822242e+04
694.8721970948218,1.578239576810033577e+04
694.9464717871994,1.575191970755466173e+04
695.0207623596758,1.571618915381145962e+04
695.0950205016327,1.568571309326578739e+04
695.1693186762369,1.567310230959171713e+04
695.2435843995215,1.553228189189791919e+04
695.3178708269531,1.554909627013001409e+04
695.3921441168008,1.549865313543372940e+04
695.4663655616765,1.542403933202880580e+04
695.5406463919401,1.542719202794732519e+04
695.6149237361514,1.540302135923868809e+04
695.6892121064967,1.532735665719425924e+04
695.7634969823528,1.536939260277449648e+04
695.8377008859716,1.526115004290538491e+04
695.9119932631442,1.517077275990787348e+04
695.9862772860863,1.520229971909305095e+04
696.06048026933,1.515921287487330665e+04
696.134771767185,1.514239849664121175e+04
696.2090548898484,1.506147930139925484e+04
696.2833296268801,1.509090446330541999e+04
696.3575523255896,1.496059303200668364e+04
696.4318151008928,1.496900022112273109e+04
696.5060403540568,1.497530561295976622e+04
696.58033480532,1.484604508030053512e+04
696.6545965750922,1.485340137077707732e+04
696.7288256373972,1.485865586397460538e+04
696.8030899410923,1.478509295920919067e+04
696.8773263707111,1.472308993947833915e+04
696.9516029071826,1.472624263539685671e+04
697.0258758450395,1.468630848709562997e+04
697.1000868630892,1.459698210273762561e+04
697.1743865928445,1.459908390001663611e+04
697.248609793035,1.455494615715738655e+04
697.3228682493078,1.449609583334505442e+04
697.3970987519848,1.451291021157714931e+04
697.4713645187727,1.442463472585865020e+04
697.5456023130668,1.441938023266112032e+04
697.6198072452165,1.436893709796483381e+04
697.6941009834452,1.433741013877965634e+04
697.7683131711979,1.434476642925619672e+04
697.8425898466292,1.431534126735003156e+04
697.9168092738975,1.428066161224633470e+04
697.9910201305657,1.422076038979449550e+04
698.0653003733468,1.420709870748091816e+04
698.1395184438109,1.416821545781919849e+04
698.2138010478819,1.417031725509821081e+04
698.2880311962213,1.415455377550562116e+04
698.3622527442063,1.406732918842662730e+04
698.4364656813189,1.409780524897229952e+04
698.510738305446,1.403475133060194275e+04
698.5849584048053,1.402949683740441287e+04
698.6591698720874,1.399902077685874065e+04
698.7334703424422,1.392861056801184168e+04
698.8076889513259,1.393806865576739619e+04
698.8818989069066,1.391179618977974678e+04
698.9561050840433,1.386030215644395503e+04
699.030322134609,1.387501473739703761e+04
699.1046038227042,1.386030215644395503e+04
699.1788328602486,1.385714946052543746e+04
699.2530532146016,1.379094284623656313e+04
699.3272599846256,1.378463745439952618e+04
699.4014873980228,1.374365240745879419e+04
699.4757061069474,1.366378411085634252e+04
699.5499161008405,1.374260150881928894e+04
699.6241418428359,1.368270028636744973e+04
699.6983588590565,1.367324219861189704e+04
699.7726405911895,1.364171523942671774e+04
699.8468646290141,1.363961344214770543e+04
699.9210848186354,1.361859546935758772e+04
699.9952913527262,1.355133795642920632e+04
700.0695185244031,1.355764334826624145e+04
700.1437320277023,1.353031998363908679e+04
700.2179661702849,1.350720021356995676e+04
700.2921670152689,1.345570618023416500e+04
700.3663345364773,1.344624809247861231e+04
700.4405423002715,1.343258641016503498e+04
700.5147657911945,1.343994270064157536e+04
700.5889804729994,1.337058339043418346e+04
700.6632108815323,1.336112530267862894e+04
700.7374324701444,1.331173306662184950e+04
700.81164522823,1.331173306662184950e+04
700.8858540575908,1.326023903328605775e+04
700.9600736910871,1.330542767478481437e+04
701.034240242214,1.322240668226384514e+04
701.1084716450022,1.324237375641445760e+04
701.1826646876575,1.327390071559963508e+04
701.2569029402329,1.323081387137989259e+04
701.3311077280009,1.320243960811323086e+04
701.4052790247227,1.315620006797496899e+04
701.4794906151762,1.311626591967374407e+04
701.5537179110803,1.312887670334781433e+04
701.6278673838922,1.311836771695275638e+04
701.7020768472739,1.314569108157991104e+04
701.776302010223,1.300907425844413774e+04
701.8505182480137,1.302588863667623264e+04
701.9246812071539,1.305216110266388023e+04
701.9989091214585,1.300171796796759554e+04
702.0730492261018,1.301748144756018519e+04
702.147283874415,1.297124190742192332e+04
702.2215095672381,1.293656225231822646e+04
702.2956523110257,1.293866404959723877e+04
702.3698847114229,1.288086462442441189e+04
702.4440341206173,1.288191552306391714e+04
702.5182485406029,1.286194844891330467e+04
702.5924786440079,1.283672688156516051e+04
702.6666306251165,1.281991250333306562e+04
702.7408427059752,1.278838554414788814e+04
702.8150013114393,1.283042148972812538e+04
702.8892200349155,1.276736757135776861e+04
702.9633852532902,1.271166994346395404e+04
703.0375414112833,1.270641545026642416e+04
703.1117577094595,1.265176872101211484e+04
703.1859204527385,1.267488849108124487e+04
703.2601235714659,1.269695736251086964e+04
703.3342928843769,1.264546332917507789e+04
703.4085025826428,1.260447828223434590e+04
703.482658658175,1.259291839719978088e+04
703.5568254210807,1.257084952577015611e+04
703.6310325789715,1.257610401896768599e+04
703.7052108243134,1.256139143801460341e+04
703.7793551808122,1.249203212780720969e+04
703.8535845204474,1.249518482372572726e+04
703.9277353723147,1.252671178291090655e+04
704.0019018493869,1.245945426998252515e+04
704.0760542132163,1.248152314141214993e+04
704.1502767406283,1.247206505365659723e+04
704.2244157321018,1.246050516862203222e+04
704.2985752975638,1.238589136521710861e+04
704.3727455222629,1.240690933800722814e+04
704.4469065581811,1.238799316249612093e+04
704.5211080295742,1.238063687201957873e+04
704.5952804534251,1.231653205500971671e+04
704.6694387032167,1.234070272371835381e+04
704.7435926983363,1.224612184616281775e+04
704.8177573342106,1.228185239990601985e+04
704.891917706452,1.227029251487145484e+04
704.9660688376695,1.226398712303441971e+04
705.0402107171044,1.223561285976775798e+04
705.114442771257,1.222615477201220529e+04
705.1885910002947,1.216099905636283620e+04
705.2627548254902,1.216204995500234145e+04
705.3369093767561,1.218411882643196805e+04
705.4110795235591,1.210004693527149175e+04
705.485220476971,1.211370861758506908e+04
705.5593969294841,1.215889725908382388e+04
705.6335441691415,1.211370861758506908e+04
705.7077020144703,1.205696009105174744e+04
705.7818057106044,1.201807684139002777e+04
705.8559498827009,1.209794513799247943e+04
705.9301096345012,1.199495707132089592e+04
706.0042849709166,1.205696009105174744e+04
706.0784260421825,1.196868460533324833e+04
706.1525826869397,1.197498999717028346e+04
706.2267549100956,1.196763370669374126e+04
706.3008928304606,1.196237921349621138e+04
706.3750014111765,1.192559776111350402e+04
706.4491704615375,1.194031034206658660e+04
706.5233051714449,1.192875045703202159e+04
706.5974853991634,1.193610674750856379e+04
706.6716262730434,1.192980135567152684e+04
706.745737753195,1.193085225431103390e+04
706.8198897594285,1.190878338288140912e+04
706.8940323424436,1.194556483526411648e+04
706.9681405012132,1.185518755226660505e+04
707.0422891955021,1.192769955839251634e+04
707.1164534452462,1.190983428152091437e+04
707.19055823756,1.179528632981476585e+04
707.2647035748213,1.181945699852340294e+04
707.3388694645195,1.189407080192832473e+04
707.4129708410553,1.185939114682462969e+04
707.4871177773351,1.179948992437279048e+04
707.5612752521206,1.183627137675549784e+04
707.6353781699282,1.176901386382711826e+04
707.7095466962406,1.180159172165180280e+04
707.7836305801062,1.178267554614069559e+04
707.857775071609,1.177952285022217620e+04
707.9318899937977,1.177531925566415339e+04
708.0060455013667,1.180999891076785025e+04
708.080146353211,1.174904678967650398e+04
708.1543078510902,1.173328331008391615e+04
708.2283845678539,1.178582824205921315e+04
708.3025520377458,1.172802881688638627e+04
708.3766397017445,1.172382522232836163e+04
708.4508131326904,1.174799589103699873e+04
708.5249067170731,1.171857072913083175e+04
708.5989906956581,1.177531925566415339e+04
708.673160478897,1.170595994545676149e+04
708.7472503492967,1.170701084409626674e+04
708.8213557131089,1.170701084409626674e+04
708.8955017018351,1.168073837810861733e+04
708.9696129404151,1.165131321620245217e+04
709.0436944296144,1.165866950667899255e+04
709.1178618009762,1.163344793933085020e+04
709.1919440994113,1.162083715565677812e+04
709.266041878377,1.164080422980739240e+04
709.3401601743607,1.160927727062221311e+04
709.4143140934323,1.158825929783209358e+04
709.4884130457813,1.165656770939998023e+04
709.5625023052012,1.159036109511110590e+04
709.6366020041326,1.160087008150616566e+04
709.71069703359,1.158615750055308308e+04
709.7848579170291,1.158405570327407077e+04
709.8589587159314,1.155883413592592842e+04
709.9330497882937,1.152730717674074913e+04
710.0071361642808,1.156513952776296355e+04
710.0812329625695,1.153886706177531414e+04
710.1553452280508,1.154412155497284402e+04
710.2294275672397,1.148737302843952421e+04
710.3035203190468,1.148316943388149957e+04
710.3776335778801,1.149262752163705227e+04
710.4517320198205,1.148001673796298201e+04
710.5258257276931,1.147476224476545212e+04
710.599909644176,1.148211853524199432e+04
710.6740090111854,1.148737302843952421e+04
710.7480985754111,1.143167540054570782e+04
710.8222035892967,1.143903169102225002e+04
710.8962987889969,1.138333406312843363e+04
710.9704094374856,1.143482809646422538e+04
711.0444849811654,1.143692989374323770e+04
711.1186012467011,1.142957360326669550e+04
711.1926874434225,1.137702867129139850e+04
711.2667840197356,1.134129811754819639e+04
711.3408251965476,1.136441788761732823e+04
711.4149070955419,1.134129811754819639e+04
711.4890246751831,1.131082205700252416e+04
711.5631121310784,1.132448373931610149e+04
711.6372150180558,1.129610947604944158e+04
711.7112320343467,1.131817834747906636e+04
711.7853404449295,1.125827712502722716e+04
711.8594389533098,1.128665138829388707e+04
711.9335275484821,1.126878611142228692e+04
712.0075605935059,1.121624117944698810e+04
712.0816546727544,1.122359746992353030e+04
712.1557641746032,1.124146274679513226e+04
712.2297927223119,1.125092083455068496e+04
712.3038823260575,1.121834297672600042e+04
712.377992420552,1.118786691618032819e+04
712.4520164203059,1.119417230801736332e+04
712.5261268825731,1.113216928828651362e+04
712.6001562828156,1.115108546379761901e+04
712.6742518579922,1.115213636243712608e+04
712.7483628435643,1.110169322774083957e+04
712.8223876211747,1.111430401141491166e+04
712.8964785986809,1.111955850461244154e+04
712.9705138140855,1.108067525495072186e+04
713.0446101673241,1.111115131549639409e+04
713.1186507279195,1.109433693726429919e+04
713.19275244439,1.112166030189145386e+04
713.2667983376626,1.106070818080010758e+04
713.3408290765726,1.101446864066184571e+04
713.4149057221886,1.099239976923222093e+04
713.4889468476811,1.104284290392850744e+04
713.5630542605719,1.095982191140753639e+04
713.6370752139885,1.101867223521987034e+04
713.71111152602,1.101341774202234046e+04
713.7852141503761,1.098819617467419812e+04
713.8592557248019,1.100501055290629301e+04
713.93328717658,1.091778596582729915e+04
714.0073900636712,1.095456741821000833e+04
714.0814267494405,1.093985483725692393e+04
714.1554583900697,1.087259732432854435e+04
714.2295512937391,1.088836080392113217e+04
714.3035881409775,1.087785181752607241e+04
714.3776148223176,1.088836080392113217e+04
714.451651744311,1.088836080392113217e+04
714.5256835921462,1.088415720936310936e+04
714.5997818492889,1.081374700051621039e+04
714.6738188625989,1.084527395970138969e+04
714.7478712188952,1.088100451344459179e+04
714.8218929356141,1.078747453452856098e+04
714.8959248750398,1.078432183861004341e+04
714.9699721505816,1.079272902772609086e+04
715.044014315487,1.079062723044708036e+04
715.1180411339378,1.079272902772609086e+04
715.1920883966163,1.080744160867917526e+04
715.2661714596333,1.079483082500510318e+04
715.3402238179556,1.081269610187670514e+04
715.4142403295658,1.078537273724955048e+04
715.488267040557,1.074123499439029911e+04
715.5623141930947,1.078537273724955048e+04
715.6363510669913,1.070024994744956712e+04
715.7103315493897,1.071075893384462688e+04
715.784373440411,1.073492960255326398e+04
715.8584050299637,1.069604635289154430e+04
715.932426306901,1.076435476445943095e+04
716.0064680199878,1.073387870391375873e+04
716.080494283165,1.071916612296067433e+04
716.1545409835085,1.064980681275328243e+04
716.2285722201125,1.073492960255326398e+04
716.3025469314863,1.067397748146191952e+04
716.3765882447348,1.063719602907921035e+04
716.4506192011959,1.064455231955575255e+04
716.5246654600803,1.064245052227674023e+04
716.5987013504475,1.070760623792610932e+04
716.6726754991479,1.066346849506685976e+04
716.7467162946405,1.064770501547427011e+04
716.8207466986998,1.066451939370636501e+04
716.8947667001454,1.066031579914834219e+04
716.9687557260248,1.063719602907921035e+04
717.0427805919613,1.066767208962488439e+04
717.116825887731,1.063299243452118753e+04
717.1908093232216,1.059410918485946786e+04
717.2648286044712,1.064139962363723498e+04
717.3388168541977,1.054681874608169892e+04
717.4128461038251,1.062668704268415240e+04
717.4868906346427,1.066346849506685976e+04
717.5608474726536,1.060987266445205569e+04
717.6348968087937,1.060671996853353812e+04
717.7088584084709,1.060146547533600824e+04
717.7828867763504,1.053315706376812159e+04
717.8568840385082,1.059831277941749067e+04
717.9309171761972,1.059305828621996079e+04
718.0048882559898,1.053525886104713391e+04
718.0789313004857,1.058465109710391334e+04
718.1528864689565,1.057624390798786590e+04
718.2268775063203,1.053630975968663915e+04
718.300914749167,1.053736065832614622e+04
718.3748898482226,1.053210616512861634e+04
718.4489059941204,1.050163010458294411e+04
718.5228857662477,1.051003729369899156e+04
718.5968549564894,1.052264807737306182e+04
718.6708910267723,1.056258222567428857e+04
718.7448648651658,1.054261515152367610e+04
718.8188539335962,1.050793549641997924e+04
718.8928117241455,1.049112111818788435e+04
718.9668571028507,1.048481572635084922e+04
719.040845353585,1.050898639505948449e+04
719.1148178064504,1.054471694880268842e+04
719.1887847916446,1.044277978077061016e+04
719.2628187285492,1.043752528757308028e+04
719.3367851179871,1.048691752362985972e+04
719.4107718973806,1.040074383519037292e+04
719.4847480151196,1.048586662499035447e+04
719.55871345993,1.046169595628171737e+04
719.6326941140954,1.040389653110889049e+04
719.7066692631995,1.044172888213110491e+04
719.780706250103,1.043962708485209259e+04
719.8546807424774,1.042701630117802051e+04
719.9286497097812,1.042701630117802051e+04
720.0026286960333,1.038498035559778327e+04
720.0766021474149,1.038287855831877096e+04
720.1505856143327,1.039969293655086585e+04
720.2245376004026,1.037342047056321826e+04
720.298530717732,1.037972586240025339e+04
720.3725079039693,1.038813305151630084e+04
720.446479525475,1.033453722090149859e+04
720.5204403826414,1.032402823450643882e+04
720.5943696939084,1.030931565355335442e+04
720.6683349523433,1.029460307260027184e+04
720.7423153966341,1.032928272770396870e+04
720.816285052651,1.027148330253114182e+04
720.890249105901,1.024941443110151522e+04
720.9642231419422,1.030406116035582454e+04
721.0382175601698,1.026412701205459962e+04
721.1121179678518,1.027148330253114182e+04
721.1860907374653,1.028514498484471915e+04
721.2600786851124,1.022839645831139751e+04
721.334050596095,1.025361802565953985e+04
721.4079648215145,1.022524376239287994e+04
721.4819202230957,1.021473477599782018e+04
721.5559168215076,1.016534253994104074e+04
721.6298296575088,1.018846231001017077e+04
721.7038045147077,1.014117187123240365e+04
721.777768491748,1.021368387735831311e+04
721.8516746809869,1.015588445218548623e+04
721.9256689717006,1.014327366851141596e+04
721.9996263053706,1.016639343858054599e+04
722.0735518685187,1.012856108755833156e+04
722.1475134315792,1.009703412837315409e+04
722.221443203523,1.014852816170894585e+04
722.2954141996532,1.009913592565216459e+04
722.369322077151,1.009493233109414177e+04
722.4432972736668,1.006130357462995198e+04
722.5172093181159,9.987740669864535448e+03
722.5911887015628,1.000350414945712328e+04
722.665104899496,1.006235447326945723e+04
722.7390623388185,1.000245325081761803e+04
722.8129878959985,1.004343829775835002e+04
722.8869756086152,9.980384379387993249e+03
722.9608791618889,9.934144839249731376e+03
723.0347925998112,9.949908318842321023e+03
723.1087786701618,9.939399332447261258e+03
723.1826700550422,9.942552028365778824e+03
723.2565817737539,9.950959217481826272e+03
723.3305609227724,9.912075967820106598e+03
723.4044767103132,9.918381359657141729e+03
723.4783814349788,9.877396312716409739e+03
723.5523797909511,9.866887326321349974e+03
723.6262885587613,9.898414285506529268e+03
723.7001862401456,9.845869353531232264e+03
723.7741042546204,9.833258569857160182e+03
723.8480321309023,9.864785529042339476e+03
723.9220013141903,9.819596887543582852e+03
723.9959122328532,9.818545988904077603e+03
724.0698330025856,9.824851380741112735e+03
724.1437478932739,9.801731610671982708e+03
724.2176516517817,9.783866333800380744e+03
724.2915652506016,9.802782509311487956e+03
724.3654729499798,9.762848361010261215e+03
724.4393957341822,9.823800482101607486e+03
724.51330736185,9.740779489580636437e+03
724.587207821535,9.774408246044828047e+03
724.6611286098097,9.755492070533720835e+03
724.7350592296857,9.654605801141149641e+03
724.80895240124,9.778611840602850862e+03
724.882865897012,9.714507023592988844e+03
724.9567892135801,9.643045916106582808e+03
725.0307013255602,9.668267483454726971e+03
725.1046074792529,9.652504003862137324e+03
725.1785287017594,9.687183658965834184e+03
725.2524334382222,9.700845341279411514e+03
725.326358500832,9.603111767805357886e+03
725.4002723250796,9.707150733116446645e+03
725.4741222682113,9.669318382094232220e+03
725.5480398915687,9.593653680049803370e+03
725.6219462528422,9.632536929711524863e+03
725.6958676722687,9.628333335153500229e+03
725.769783084779,9.565279416783143461e+03
725.8436292602167,9.630435132432512546e+03
725.9175431603215,9.563177619504131144e+03
725.9914510329734,9.637791422909054745e+03
726.0653686850188,9.581042896375733108e+03
726.1392275716657,9.574737504538696157e+03
726.2131278556831,9.579991997736226040e+03
726.2870379081896,9.578941099096720791e+03
726.3608891425325,9.525345268481916719e+03
726.4348081680206,9.564228518143638212e+03
726.50866306773,9.535854254876976484e+03
726.5825857784921,9.516938079365869271e+03
726.6564232085193,9.501174599773281443e+03
726.730349586392,9.506429092970809506e+03
726.8042645953695,9.525345268481916719e+03
726.8781153887404,9.483309322901679479e+03
726.9520393221525,9.465444046030077516e+03
727.0258672943038,9.480156626983161914e+03
727.0997948515045,9.463342248751067018e+03
727.1736528398144,9.433917086844900041e+03
727.2475046789152,9.477003931064644348e+03
727.3214244199837,9.422357201810335027e+03
727.3952533686669,9.426560796368357842e+03
727.4691766890326,9.454935059635019570e+03
727.5430356383624,9.384524850788120602e+03
727.6168831154938,9.403441026299227815e+03
727.6907985389481,9.372964965753555589e+03
727.7646495352022,9.340387107928871046e+03
727.838494332822,9.380321256230095969e+03
727.9123488191613,9.333030817452328847e+03
727.986271291593,9.288893074593079291e+03
728.0601080662049,9.344590702486893861e+03
728.1339810274446,9.313063743301716386e+03
728.2078212555151,9.274180493639994893e+03
728.2817295008361,9.284689480035054657e+03
728.3555996998778,9.273129595000489644e+03
728.429453049297,9.246857129012840232e+03
728.5033054557948,9.222686460304204957e+03
728.577140989502,9.221635561664697889e+03
728.6509914915385,9.246857129012840232e+03
728.7248569664563,9.182752312002978215e+03
728.7987108614303,9.225839156222722522e+03
728.872558477417,9.283638581395549409e+03
728.9464688832253,9.140716366422740975e+03
729.0203145595359,9.150174454178293672e+03
729.0941805149681,9.145970859620270858e+03
729.1680295392798,9.087120535807936903e+03
729.2418722535059,9.157530744654835871e+03
729.3156767351837,9.069255258936334940e+03
729.3895227579071,9.094476826284479102e+03
729.4633837365335,9.095527724923984351e+03
729.5372330643772,9.076611549412877139e+03
729.6110920231105,9.065051664378312125e+03
729.6849499652391,9.059797171180782243e+03
729.7587909091665,8.996743252810425474e+03
729.832646799371,8.980979773217835827e+03
729.9064377258716,8.912671361649949176e+03
729.9802755476569,8.967318090904258497e+03
730.0541496290818,8.959961800427716298e+03
730.1279906863275,8.911620463010443927e+03
730.2018413503896,8.949452814032658353e+03
730.2756322932343,8.907416868452419294e+03
730.3494914925877,8.918976753486984308e+03
730.4233389576001,8.926333043963526507e+03
730.497121314011,8.825446774570955313e+03
730.5709933006522,8.873788111988229502e+03
730.6448321837362,8.825446774570955313e+03
730.7186379386568,8.818090484094414933e+03
730.7924799682986,8.864330024232674987e+03
730.8662835069548,8.750832971166033531e+03
730.940128667791,8.757138363003068662e+03
731.0139673771906,8.736120390212950952e+03
731.0877622124666,8.694084444632711893e+03
731.1616307539186,8.752934768445045847e+03
731.2354072830598,8.659404789529015034e+03
731.3092735761231,8.656252093610497468e+03
731.3830531589755,8.697237140551229459e+03
731.4569011330443,8.646794005854944771e+03
731.5307105078027,8.617368843948777794e+03
731.6044812553652,8.595299972519153016e+03
731.6783471861277,8.613165249390754980e+03
731.7521477148499,8.569027506531503604e+03
731.8259899112759,8.535398750067313813e+03
731.899766660658,8.513329878637689035e+03
731.9735636445379,8.526991560951266365e+03
732.0473701527895,8.489159209929051940e+03
732.1212183467612,8.463937642580909596e+03
732.195006386356,8.477599324894486926e+03
732.2688093011474,8.426105291558695171e+03
732.3426485486638,8.410341811966105524e+03
732.4164544099781,8.430308886116719805e+03
732.4902214949792,8.392476535094505380e+03
732.5640302732379,8.353593285432785706e+03
732.6378270896475,8.289488468422921869e+03
732.7116656191168,8.335728008561183742e+03
732.7854653361854,8.285284873864899055e+03
732.8592530670325,8.247452522842684630e+03
732.9330341718326,8.287386671143909552e+03
733.0068247610646,8.261114205156261960e+03
733.0806302100424,8.266368698353791842e+03
733.1544290226378,8.249554320121695127e+03
733.2282104378809,8.211721969099482521e+03
733.3020120820065,8.227485448692070349e+03
733.3758016923423,8.197009388146398123e+03
733.4495738776542,8.152871645287148567e+03
733.5233662868974,8.187551300390845427e+03
733.5971735461529,8.127650077939006223e+03
733.6709687462483,8.136057267055053671e+03
733.7447518754218,8.143413557531594961e+03
733.818549846392,8.060392565010624821e+03
733.8923357337387,8.109784801067405169e+03
733.9660610421337,8.019407518069892831e+03
734.039849657903,8.081410537800744351e+03
734.113653111708,8.033069200383470161e+03
734.1874498467755,7.934284728269911284e+03
734.2612290717857,7.988931457524220605e+03
734.3349476318791,7.991033254803232921e+03
734.4087618993168,7.983676964326690722e+03
734.4825316665394,7.965811687455089668e+03
734.5563216510071,7.922724843235346270e+03
734.6300724954872,7.923775741874851519e+03
734.7038651403906,7.906961363642756623e+03
734.7776456166251,7.895401478608191610e+03
734.8513869120628,7.915368552758804071e+03
734.9251700158896,7.841805647993387538e+03
734.99889230638,7.826042168400798801e+03
735.0727050353661,7.812380486087221470e+03
735.1464785471829,7.789260716018090534e+03
735.220218219237,7.799769702413150299e+03
735.2939943121419,7.786108020099572968e+03
735.367736543824,7.770344540506983321e+03
735.4415206118363,7.757733756832912150e+03
735.5152599796714,7.709392419415637960e+03
735.5890466014831,7.726206797647733765e+03
735.662766849309,7.682069054788483299e+03
735.7365830712438,7.661051081998364680e+03
735.8103058246913,7.698883433020579105e+03
735.8840433540496,7.671560068393424444e+03
735.957822745456,7.671560068393424444e+03
736.0315681756952,7.644236703766269784e+03
736.1052958754302,7.634778616010716178e+03
736.1790654451154,7.628473224173680137e+03
736.252801015933,7.584335481314430581e+03
736.326545937147,7.629524122813186295e+03
736.4003381699183,7.551757623489746038e+03
736.4740584115469,7.544401333013204749e+03
736.5477988397872,7.583284582674924422e+03
736.6215269056551,7.528637853420615102e+03
736.6952425972906,7.510772576549014047e+03
736.7690544685436,7.513925272467531613e+03
736.8427725447069,7.505518083351484165e+03
736.9165053742005,7.487652806479883111e+03
736.9902258037228,7.469787529608282057e+03
737.0639609845649,7.455074948655198568e+03
737.137689186275,7.456125847294704727e+03
737.2114267046566,7.428802482667550066e+03
737.2851517972983,7.429853381307056225e+03
737.358897074205,7.408835408516936695e+03
737.4326244765816,7.410937205795949012e+03
737.5063448675909,7.348934186065098402e+03
737.5800799995792,7.358392273820652008e+03
737.6538026703106,7.366799462936699456e+03
737.7275346375662,7.346832388786086085e+03
737.8012595719805,7.304796443205847936e+03
737.8749992432967,7.307949139124366411e+03
737.9487264275168,7.313203632321895384e+03
738.022468346593,7.271167686741658144e+03
738.0961977656417,7.273269484020669552e+03
738.169865632222,7.239640727556479760e+03
738.2435972558687,7.251200612591044774e+03
738.3173218057595,7.245946119393514891e+03
738.3910556298822,7.202859275173771493e+03
738.4647823694751,7.167128721430569385e+03
738.5384638351453,7.138754458163908566e+03
738.612192738524,7.171332315988593109e+03
738.685909081362,7.154517937756497304e+03
738.7595855634423,7.115634688094777630e+03
738.8332985789483,7.119838282652801354e+03
738.9070317658445,7.090413120746634377e+03
738.9807032179243,7.080955032991080770e+03
739.0544385201678,7.060987958840468309e+03
739.1281065918952,7.025257405097266201e+03
739.2018439933116,7.056784364282444585e+03
739.2755687822585,7.024206506457760042e+03
739.3492317494262,6.997934040470111540e+03
739.4229859424029,7.000035837749122948e+03
739.4966509491076,6.953796297610861075e+03
739.5703798618135,6.948541804413332102e+03
739.6440468874771,6.905454960193587794e+03
739.7177778366447,6.879182494205939292e+03
739.791446866122,6.873928001008409410e+03
739.8651032005454,6.867622609171373369e+03
739.9388289543585,6.884436987403469175e+03
740.0125146409633,6.795110603045462994e+03
740.086187618405,6.822433967672617655e+03
740.1599026583724,6.817179474475087773e+03
740.2335830692062,6.749921961546707280e+03
740.3072452674804,6.812975879917064049e+03
740.3809769441689,6.761481846581273203e+03
740.4546465508478,6.742565671070165990e+03
740.5283253357537,6.715242306443011330e+03
740.6019968452496,6.665850070386231891e+03
740.6757323886792,6.659544678549195851e+03
740.7493783611862,6.646933894875124679e+03
740.8230664214437,6.613305138410933978e+03
740.8967416974003,6.628017719364017466e+03
740.9704041770528,6.556556611877613250e+03
741.0440813057113,6.577574584667731870e+03
741.1177456249695,6.559709307796130815e+03
741.1914740338814,6.526080551331940114e+03
741.265145682029,6.551302118680083368e+03
741.3387990020083,6.478790112554172993e+03
741.4124669600711,6.504011679902315336e+03
741.4861550585991,6.467230227519607070e+03
741.5598248114671,6.488248200309726599e+03
741.6334872037764,6.463026632961583346e+03
741.7070817125386,6.412583498265297749e+03
741.7807678621677,6.423092484660357513e+03
741.8544191228816,6.395769120033202853e+03
741.9281125335501,6.372649349964071916e+03
742.0017600242695,6.366343958127035876e+03
742.0754276444354,6.347427782615928663e+03
742.1491098938311,6.321155316628280161e+03
742.2227792320809,6.301188242477667700e+03
742.2963860567804,6.286475661524584211e+03
742.3700570824167,6.284373864245571895e+03
742.4437151716932,6.267559486013476999e+03
742.5173878791576,6.219218148596203719e+03
742.5909980073593,6.226574439072745008e+03
742.6646723713906,6.209760060840650112e+03
742.7383392893086,6.196098378527072782e+03
742.8119656461523,6.184538493492506859e+03
742.8856286765096,6.177182203015965570e+03
742.9592842387771,6.135146257435727421e+03
743.0328991982909,6.124637271040667656e+03
743.1065563576633,6.150909737028317068e+03
743.1801728901319,6.139349851993751145e+03
743.2538592524501,6.118331879203632525e+03
743.3274497210764,6.092059413215984023e+03
743.4011100282263,6.043718075798709833e+03
743.4747296601421,6.075245034983888218e+03
743.5483970465806,6.066837845867840770e+03
743.6220182060574,6.014292913892543766e+03
743.6956816000841,6.053176163554263439e+03
743.7692821427946,5.998529434299954119e+03
743.8429470520473,6.033209089403650069e+03
743.916576747615,5.960697083277739694e+03
743.990165669035,5.948086299603668522e+03
744.0638466591978,5.967002475114775734e+03
744.1374370340701,5.936526414569103508e+03
744.2110696595498,5.931271921371573626e+03
744.284716858413,5.895541367628371518e+03
744.3583232280512,5.907101252662936531e+03
744.4319496995879,5.871370698919734423e+03
744.5055574804348,5.859810813885169409e+03
744.5791520991629,5.869268901640722106e+03
744.6528444452033,5.853505422048133369e+03
744.7264460022811,5.842996435653073604e+03
744.8000565630955,5.849301827490109645e+03
744.8736594835683,5.858759915245663251e+03
744.9472714032472,5.814622172386412785e+03
745.0208756714717,5.796756895514811731e+03
745.094494486024,5.793604199596294166e+03
745.168100087441,5.771535328166669387e+03
745.2416924635781,5.735804774423467279e+03
745.3152993770332,5.747364659458032293e+03
745.3889152760675,5.716888598912360067e+03
745.4625290474098,5.721092193470383791e+03
745.5361240107667,5.756822747213585899e+03
745.609733506721,5.725295788028407515e+03
745.6833575395775,5.717939497551866225e+03
745.7569683059694,5.693768828843229130e+03
745.8305713563644,5.692717930203722972e+03
745.9041833730809,5.667496362855580628e+03
745.9777876626403,5.667496362855580628e+03
746.0514009139459,5.654885579181509456e+03
746.1249507566789,5.649631085983979574e+03
746.1985429433485,5.664343666937062153e+03
746.2721496486159,5.611798734961765149e+03
746.3457708767787,5.625460417275342479e+03
746.4193230608547,5.659089173739533180e+03
746.4929176060401,5.605493343124729108e+03
746.5665266650274,5.582373573055598172e+03
746.640066621393,5.608646039043247583e+03
746.7136768253059,5.567660992102515593e+03
746.7873015449047,5.553999309788938262e+03
746.8608348022583,5.552948411149432104e+03
746.934460649653,5.543490323393878498e+03
747.0080507927156,5.564508296183997118e+03
747.0815940434294,5.521421451964253720e+03
747.1552131827909,5.535083134277831050e+03
747.2287630801482,5.495148985976605218e+03
747.3023777208953,5.528777742440795009e+03
747.3759007391845,5.489894492779075335e+03
747.4495220280663,5.483589100942039295e+03
747.5230740040879,5.458367533593896951e+03
747.5966125121065,5.445756749919824870e+03
747.6702213915038,5.476232810465498005e+03
747.7437608993716,5.469927418628461965e+03
747.8173763904779,5.422636979850694843e+03
747.8909168833824,5.455214837675378476e+03
747.9644718416794,5.407924398897611354e+03
748.0380188872018,5.435247763524766015e+03
748.111630768237,5.364837554677867047e+03
748.1851787691317,5.391110020665515549e+03
748.2587356337701,5.369041149235890771e+03
748.3322845630789,5.354328568282808192e+03
748.405875958131,5.357481264201325757e+03
748.4794258064913,5.339615987329724703e+03
748.5529901125466,5.310190825423557726e+03
748.626540858474,5.337514190050712386e+03
748.7000780320159,5.319648913179111332e+03
748.7736296540094,5.302834534947016436e+03
748.8471676901079,5.266053082564308170e+03
748.920776260387,5.294427345830968989e+03
748.994315154041,5.308089028144546319e+03
749.0678741021718,5.255544096169248405e+03
749.1414138274398,5.229271630181599903e+03
749.2149736068789,5.220864441065552455e+03
749.2885141477188,5.251340501611224681e+03
749.362046665244,5.202999164193951401e+03
749.4355374512597,5.218762643786540139e+03
749.5090988297237,5.145199739021123605e+03
749.5826465568359,5.157810522695195687e+03
749.656175000463,5.172523103648278266e+03
749.7297234916311,5.138894347184088474e+03
749.803286415846,5.140996144463099881e+03
749.8768356615918,5.152556029497665804e+03
749.9503205982728,5.113672779835945221e+03
750.0238705670453,5.125232664870511144e+03
750.0974068314757,5.084247617929779153e+03
750.170963144645,5.098960198882862642e+03
750.2444438267519,5.077942226092743113e+03
750.318000832892,5.056924253302624493e+03
750.3915384788514,5.045364368268058570e+03
750.4650398530696,5.034855381872999715e+03
750.5385837931271,5.007532017245845054e+03
750.6121083437756,4.999124828129796697e+03
750.6855965835151,5.000175726769302855e+03
750.7591555782365,4.974954159421160512e+03
750.8326444278694,4.960241578468077023e+03
750.9061758589805,4.971801463502642036e+03
750.9796652967866,4.928714619282898639e+03
751.053225528571,4.927663720643392480e+03
751.1267211857668,4.878271484586613042e+03
751.2002538005404,4.916103835608827467e+03
751.2737443726544,4.889831369621178055e+03
751.347283196831,4.871966092749577001e+03
751.4207743095347,4.880373281865625358e+03
751.4942572105898,4.850948119959458381e+03
751.567805321994,4.846744525401434657e+03
751.641288735935,4.824675653971809879e+03
751.7147865207419,4.808912174379220232e+03
751.7883269399143,4.803657681181690350e+03
751.8618252198199,4.780537911112559414e+03
751.9353096018531,4.789995998868113020e+03
752.0087800736492,4.762672634240958359e+03
752.082349748397,4.735349269613803699e+03
752.1558206716313,4.752163647845899504e+03
752.2293059510168,4.756367242403923228e+03
752.3028112503567,4.753214546485404753e+03
752.3762686487676,4.692262425394060301e+03
752.4497687028702,4.717483992742202645e+03
752.5232604672466,4.703822310428625315e+03
752.5967892449822,4.690160628115047984e+03
752.6702814069297,4.698567817231095432e+03
752.74378792351,4.671244452603940772e+03
752.8172521255437,4.648124682534810745e+03
752.890753342267,4.636564797500244822e+03
752.9642462347487,4.667040858045917048e+03
753.0377251232514,4.613445027431113886e+03
753.111218354199,4.580867169606429343e+03
753.1846408387155,4.600834243757042714e+03
753.2581116847355,4.595579750559512831e+03
753.331591190779,4.568256385932358171e+03
753.4050850339123,4.587172561443465383e+03
753.4785648318334,4.573510879129888053e+03
753.552064642568,4.570358183211370488e+03
753.6254879218887,4.537780325386685945e+03
753.698987997613,4.520965947154590140e+03
753.7724683210844,4.530424034910143746e+03
753.845940242228,4.507304264841012809e+03
753.9193696482735,4.519915048515084891e+03
753.9928702112186,4.495744379806447796e+03
754.0663566760842,4.487337190690400348e+03
754.1397721577508,4.482082697492870466e+03
754.2132588199502,4.484184494771882783e+03
754.286731357841,4.481031798853364307e+03
754.3601613060175,4.447403042389174516e+03
754.433662469434,4.456861130144728122e+03
754.5070697940439,4.426385069599054987e+03
754.580571120139,4.445301245110162199e+03
754.6540013426822,4.434792258715102435e+03
754.7274800348059,4.417977880483007539e+03
754.8009103674891,4.410621590006466249e+03
754.8743891803196,4.390654515855852878e+03
754.9478196065738,4.413774285924983815e+03
755.0212985235391,4.388552718576841471e+03
755.0947347284628,4.372789238984251824e+03
755.1681567061893,4.376992833542275548e+03
755.2416500027333,4.364382049868204376e+03
755.3150720303312,4.368585644426228100e+03
755.3884798044081,4.344414975717591005e+03
755.4619874570354,4.323397002927472386e+03
755.535395250506,4.303429928776859015e+03
755.6088173113466,4.310786219253401214e+03
755.6822593542736,4.280310158707728078e+03
755.7557385217809,4.284513753265751802e+03
755.8291520013627,4.302379030137352856e+03
755.9025740310907,4.295022739660811567e+03
755.9760160417866,4.299226334218835291e+03
756.0494380281855,4.292920942381800160e+03
756.122851408895,4.293971841021305409e+03
756.196279048058,4.316040712450930187e+03
756.2697209498288,4.275055665510198196e+03
756.3431485156143,4.267699375033656906e+03
756.4166132278519,4.251935895441068169e+03
756.490046430767,4.243528706325019812e+03
756.563402310791,4.243528706325019812e+03
756.6368296685728,4.254037692720079576e+03
756.710271280547,4.216205341697865151e+03
756.7836985147853,4.215154443058359902e+03
756.8571170870929,4.186780179791699084e+03
756.9305441765948,4.210950848500336178e+03
757.0039625924522,4.214103544418853744e+03
757.0773895204559,4.193085571628734215e+03
757.1508077630942,4.158405916525038265e+03
757.2241829078598,4.189932875710216649e+03
757.2975952154935,4.166813105641085713e+03
757.3710274951507,4.162609511083061989e+03
757.4444453309834,4.124777160060847564e+03
757.5178200187852,4.126878957339859880e+03
757.5912376210018,4.117420869584306274e+03
757.664669455667,4.126878957339859880e+03
757.7380294018718,4.113217275026282550e+03
757.8114609832415,4.116369970944800116e+03
757.884883822762,4.113217275026282550e+03
757.9582576961611,4.101657389991717537e+03
758.0316745087733,4.077486721283080442e+03
758.1050538201592,4.086944809038634048e+03
758.1784703328954,4.064875937609008815e+03
758.2518205742088,4.069079532167032539e+03
758.3252712680576,4.050163356655925782e+03
758.3986211596865,4.054366951213949505e+03
758.4720370175761,4.008127411075687633e+03
758.545415305501,3.999720221959640185e+03
758.6187790176235,4.012331005633711356e+03
758.692185702744,4.023890890668276825e+03
758.7655490229096,3.994465728762110302e+03
758.8389841161411,3.982905843727544834e+03
758.9123470329839,4.006025613796675771e+03
758.985729896929,3.980804046448532972e+03
759.0590923834825,3.981854945088039130e+03
759.1324978677417,3.967142364134955642e+03
759.2058656754364,3.946124391344836567e+03
759.2792419009955,3.955582479100390174e+03
759.3526092466964,3.944022594065824705e+03
759.4259619360007,3.934564506310271099e+03
759.4993807137987,3.934564506310271099e+03
759.5727617631621,3.896732155288057129e+03
759.6461281405926,3.908292040322622597e+03
759.7194798334775,3.905139344404104577e+03
759.79284569346,3.882019574334973640e+03
759.8662199506782,3.875714182497938054e+03
759.9395910557283,3.888324966172009681e+03
760.0129416740881,3.841034527394241650e+03
760.0863064536592,3.867306993381890607e+03
760.1596565064068,3.836830932836217926e+03
760.2330264969562,3.826321946441158616e+03
760.3064048714377,3.848390817870783394e+03
760.3797685035091,3.804253075011533838e+03
760.4531231634235,3.782184203581908605e+03
760.5264341378603,3.794794987255980232e+03
760.5997823891312,3.797947683174497797e+03
760.6731505760081,3.779031507663391039e+03
760.7465329185825,3.773777014465861157e+03
760.8198946901349,3.753809940315248241e+03
760.893195347572,3.747504548478212655e+03
760.9665564561759,3.774827913105367315e+03
761.039908545017,3.767471622628825571e+03
761.1132805694576,3.746453649838706497e+03
761.186574038077,3.740148258001670911e+03
761.2599395757078,3.699163211060938920e+03
761.3332612942629,3.724384778409081719e+03
761.4066319227295,3.700214109700444624e+03
761.4799819030882,3.691806920584397176e+03
761.5532938204132,3.667636251875760536e+03
761.6266430583955,3.656076366841195068e+03
761.6999542102297,3.665534454596748674e+03
761.7733026886444,3.664483555957242515e+03
761.8466130577877,3.651872772283171344e+03
761.9199955907541,3.641363785888111579e+03
761.9932761350078,3.651872772283171344e+03
762.0665998139598,3.657127265480700771e+03
762.1399666484456,3.600378738947379588e+03
762.2132604654904,3.584615259354790396e+03
762.2866264890819,3.606684130784415174e+03
762.3599194586624,3.586717056633802258e+03
762.4332265236651,3.579360766157260514e+03
762.5065244315081,3.578309867517754810e+03
762.5798887714861,3.549935604251093991e+03
762.653209066283,3.554139198809117715e+03
762.726491103933,3.549935604251093991e+03
762.7998163192037,3.533121226018999096e+03
762.8731789131846,3.541528415135046544e+03
762.9464741276457,3.516306847786903745e+03
763.0197834275534,3.503696064112832573e+03
763.0930777014148,3.521561340984433627e+03
763.1663802334256,3.515255949147398042e+03
763.2396735482423,3.496339773636290829e+03
763.312980942364,3.500543368194314553e+03
763.3863024198473,3.464812814451112445e+03
763.4595855263992,3.479525395404195478e+03
763.5329060235777,3.445896638940005232e+03
763.6062114503713,3.451151132137535114e+03
763.6795017940418,3.460609219893088721e+03
763.7528120409493,3.451151132137535114e+03
763.8261013583818,3.415420578394332551e+03
763.8994105781957,3.426980463428898020e+03
763.9727280347157,3.423827767510380454e+03
764.0459486507003,3.413318781115320689e+03
764.1192708849686,3.385995416488166029e+03
764.1925721540134,3.378639126011624739e+03
764.265864123763,3.382842720569648463e+03
764.339170153393,3.372333734174588699e+03
764.4124025979912,3.384944517848660325e+03
764.4857075207827,3.354468457302987645e+03
764.5590265043799,3.342908572268422176e+03
764.6322718534416,3.327145092675832984e+03
764.7055663242454,3.319788802199291240e+03
764.7788689989354,3.359722950500517527e+03
764.8520979783581,3.322941498117809260e+03
764.9254053449329,3.306127119885713910e+03
764.9986623906358,3.296669032130160758e+03
765.0719685894694,3.307178018525220068e+03
765.1451951672625,3.306127119885713910e+03
765.2185001752471,3.280905552537571111e+03
765.2917606634498,3.294567234851148442e+03
765.3650586119669,3.273549262061029822e+03
765.438288577042,3.284058248456089132e+03
765.5115911575078,3.268294768863499939e+03
765.5848491670143,3.249378593352392727e+03
765.6580918875516,3.274600160700535525e+03
765.7313779407682,3.261989377026464354e+03
765.8046193790093,3.265142072944981919e+03
765.8778806952203,3.230462417841285969e+03
765.9511794972256,3.243073201515357141e+03
766.0244043117671,3.229411519201779811e+03
766.0976489972652,3.215749836888202481e+03
766.1709018207467,3.236767809678321555e+03
766.2441451689594,3.211546242330178757e+03
766.31745537396,3.211546242330178757e+03
766.3906973785047,3.215749836888202481e+03
766.4639240114803,3.212597140969684460e+03
766.5371587632285,3.205240850493143171e+03
766.610413388223,3.224157026004249929e+03
766.6836526256157,3.211546242330178757e+03
766.7569058583788,3.182121080424012234e+03
766.8301436890999,3.188426472261047820e+03
766.9033661049401,3.182121080424012234e+03
766.9766319183701,3.173713891307964332e+03
767.049858779082,3.166357600831423042e+03
767.1230937389751,3.157950411715375139e+03
767.196342684586,3.175815688586976648e+03
767.2695820718163,3.132728844367232341e+03
767.3427706741372,3.132728844367232341e+03
767.4160085761127,3.129576148448714775e+03
767.4892545691928,3.121168959332667328e+03
767.5624909794419,3.122219857972173031e+03
767.6357413679548,3.121168959332667328e+03
767.7089173321764,3.091743797426500350e+03
767.7821603029794,3.095947391984524529e+03
767.8553936664732,3.077031216473417317e+03
767.928641001735,3.093845594705512667e+03
768.001843330076,3.054962345043792538e+03
768.0750596156819,3.093845594705512667e+03
768.1482662604737,3.062318635520333828e+03
768.2215104680862,3.056013243683298242e+03
768.2947391311019,3.081234811031441041e+03
768.3679227171707,3.041300662730215208e+03
768.441155676817,3.049707851846262656e+03
768.5143376298478,3.026588081777131720e+03
768.5875985030231,3.050758750485768360e+03
768.6607551772538,3.047606054567250794e+03
768.7340085126597,3.043402460009227070e+03
768.8071930624363,3.017129994021578113e+03
768.8803619892306,3.038147966811697188e+03
768.9535980606818,3.036046169532685326e+03
769.0267948587721,3.041300662730215208e+03
769.0999760176759,3.007671906266024507e+03
769.1732302685929,2.990857528033929611e+03
769.2464097142773,2.984552136196894025e+03
769.3195794118245,3.006621007626518804e+03
769.3928163071785,2.969839555243810537e+03
769.4660079399233,2.994010223952447177e+03
769.5391838897698,2.978246744359857985e+03
769.6123796819868,2.967737757964798675e+03
769.6855538548153,3.005570108987012645e+03
769.7587182425186,2.998213818510471356e+03
769.8319202468393,2.957228771569739365e+03
769.9051421026546,2.945668886535173897e+03
769.97834824532,2.959330568848751227e+03
770.0515030831361,2.962483264767268793e+03
770.1247074085248,2.943567089256162035e+03
770.1978663329771,2.922549116466042960e+03
770.2710688242653,2.942516190616655877e+03
770.3442258887268,2.925701812384560526e+03
770.4173671736539,2.915192825989501216e+03
770.4905282854356,2.925701812384560526e+03
770.5637270444658,2.913091028710489354e+03
770.6369100189285,2.898378447757405866e+03
770.7100771958651,2.898378447757405866e+03
770.7832642087253,2.888920360001852714e+03
770.856459180459,2.898378447757405866e+03
770.9295551317979,2.868953285851239343e+03
771.0027481693259,2.863698792653709916e+03
771.0759313239301,2.845833515782108407e+03
771.1490926926053,2.864749691293215619e+03
771.2222144154819,2.867902387211733640e+03
771.2954094963922,2.837426326666060959e+03
771.368588721728,2.824815542991989787e+03
771.4417223223901,2.826917340271001649e+03
771.5148995537488,2.815357455236436181e+03
771.5880013670636,2.821662847073471767e+03
771.6612063537742,2.797492178364835127e+03
771.734306117772,2.774372408295704190e+03
771.8074852581613,2.801695772922858851e+03
771.8806127402132,2.768067016458668604e+03
771.953783876625,2.750201739587067095e+03
772.0269152446992,2.761761624621632564e+03
772.1000843158894,2.784881394690763500e+03
772.1732135949969,2.752303536866079412e+03
772.2463209463975,2.762812523261138722e+03
772.3195077548475,2.749150840947561392e+03
