X,Y
534.0051269287335,3.118000000000000000e+03
534.0808105837979,3.139000000000000000e+03
534.1564941245075,3.142000000000000000e+03
534.2322387608131,3.138000000000000000e+03
534.3079223194351,3.132000000000000000e+03
534.3836059646314,3.112000000000000000e+03
534.459289487409,3.134000000000000000e+03
534.534973107135,3.155000000000000000e+03
534.6106567862021,3.167000000000000000e+03
534.6863402868432,3.197000000000000000e+03
534.7620238571769,3.159000000000000000e+03
534.8377074881613,3.186000000000000000e+03
534.9134522313972,3.216000000000000000e+03
534.9891358020897,3.244000000000000000e+03
535.0648193202943,3.234000000000000000e+03
535.140502776876,3.246000000000000000e+03
535.2161864491509,3.291000000000000000e+03
535.2918700416792,3.250000000000000000e+03
535.367553831929,3.282000000000000000e+03
535.4432372375885,3.290000000000000000e+03
535.5189208228152,3.306000000000000000e+03
535.594604578686,3.335000000000000000e+03
535.6702882093306,3.332000000000000000e+03
535.745971418549,3.329000000000000000e+03
535.8216553453357,3.352000000000000000e+03
535.8973391196765,3.354000000000000000e+03
535.9730227323798,3.341000000000000000e+03
536.0487061742487,3.363000000000000000e+03
536.1243894360814,3.362000000000000000e+03
536.2000730836918,3.416000000000000000e+03
536.275756820763,3.391000000000000000e+03
536.3514406383212,3.377000000000000000e+03
536.4271239518794,3.392000000000000000e+03
536.5028079033076,3.398000000000000000e+03
536.5784913324379,3.416000000000000000e+03
536.6541748057845,3.380000000000000000e+03
536.7298583143477,3.425000000000000000e+03
536.8055421372837,3.439000000000000000e+03
536.8812254011024,3.436000000000000000e+03
536.9569092495924,3.493000000000000000e+03
537.0325928090099,3.469000000000000000e+03
537.1082763585715,3.505000000000000000e+03
537.1839598892475,3.487000000000000000e+03
537.2596436806508,3.524000000000000000e+03
537.3353268577979,3.513000000000000000e+03
537.411010566398,3.516000000000000000e+03
537.4866335528031,3.525000000000000000e+03
537.5623168365025,3.538000000000000000e+03
537.6380003360828,3.532000000000000000e+03
537.7136843318589,3.554000000000000000e+03
537.7893676583791,3.568000000000000000e+03
537.8650511739759,3.596000000000000000e+03
537.940734869813,3.575000000000000000e+03
538.0164184475874,3.574000000000000000e+03
538.0920408046188,3.640000000000000000e+03
538.1677246810524,3.612000000000000000e+03
538.2434084124591,3.609000000000000000e+03
538.3190919897331,3.623000000000000000e+03
538.3947756936324,3.633000000000000000e+03
538.4704589353845,3.603000000000000000e+03
538.5461425757196,3.665000000000000000e+03
538.6217653920648,3.647000000000000000e+03
538.6974486256656,3.668000000000000000e+03
538.7731322312683,3.668000000000000000e+03
538.8488156195046,3.680000000000000000e+03
538.9244993621073,3.666000000000000000e+03
539.0001221504488,3.673000000000000000e+03
539.0758056867688,3.707000000000000000e+03
539.1514895509623,3.712000000000000000e+03
539.2271725712882,3.747000000000000000e+03
539.3027954051873,3.744000000000000000e+03
539.378479310497,3.768000000000000000e+03
539.4541629264281,3.761000000000000000e+03
539.5298462437939,3.791000000000000000e+03
539.6054689803647,3.781000000000000000e+03
539.6811522386217,3.785000000000000000e+03
539.7568363363963,3.795000000000000000e+03
539.832519225528,3.829000000000000000e+03
539.9081423044014,3.815000000000000000e+03
539.9838259373797,3.830000000000000000e+03
540.0595095003099,3.829000000000000000e+03
540.1351320092971,3.851000000000000000e+03
540.2108150962631,3.868000000000000000e+03
540.2864989617823,3.843000000000000000e+03
540.362121111465,3.843000000000000000e+03
540.4378056155781,3.865000000000000000e+03
540.5134888278695,3.868000000000000000e+03
540.5891111220752,3.897000000000000000e+03
540.6647949195459,3.874000000000000000e+03
540.7404782741969,3.886000000000000000e+03
540.8161009254455,3.885000000000000000e+03
540.8917848125893,3.896000000000000000e+03
540.9674685225426,3.941000000000000000e+03
541.0430911589102,3.950000000000000000e+03
541.1187741775063,3.927000000000000000e+03
541.194457870279,3.947000000000000000e+03
541.2700807045082,3.950000000000000000e+03
541.3457636520761,3.972000000000000000e+03
541.4213865683067,3.977000000000000000e+03
541.497070200242,3.969000000000000000e+03
541.5727541699249,3.973000000000000000e+03
541.648376858336,3.983000000000000000e+03
541.7240599931954,4.019000000000000000e+03
541.7996829685276,4.016000000000000000e+03
541.8753664065381,4.066000000000000000e+03
541.950988459017,4.054000000000000000e+03
542.0266721649095,4.099000000000000000e+03
542.1022953150494,4.086000000000000000e+03
542.1779780782617,4.121000000000000000e+03
542.2536014098382,4.132000000000000000e+03
542.329284076073,4.135000000000000000e+03
542.4049075539548,4.131000000000000000e+03
542.4805912648831,4.152000000000000000e+03
542.5562136767595,4.147000000000000000e+03
542.631897220388,4.152000000000000000e+03
542.7075197075332,4.184000000000000000e+03
542.7832033429272,4.177000000000000000e+03
542.8588255754784,4.182000000000000000e+03
542.9345092673785,4.227000000000000000e+03
543.0101320942985,4.219000000000000000e+03
543.0858158076525,4.219000000000000000e+03
543.1614377193954,4.250000000000000000e+03
543.2371220089141,4.262000000000000000e+03
543.3127444450705,4.251000000000000000e+03
543.3884278000902,4.256000000000000000e+03
543.4640501352047,4.294000000000000000e+03
543.5396728412053,4.287000000000000000e+03
543.6153561952086,4.289000000000000000e+03
543.6909787475163,4.305000000000000000e+03
543.7666625552929,4.315000000000000000e+03
543.8422846228852,4.319000000000000000e+03
543.917907905318,4.302000000000000000e+03
543.9935909887698,4.326000000000000000e+03
544.0692140297832,4.356000000000000000e+03
544.1448361882029,4.377000000000000000e+03
544.220519947648,4.380000000000000000e+03
544.2961426997966,4.408000000000000000e+03
544.3718261809979,4.365000000000000000e+03
544.4474486032625,4.384000000000000000e+03
544.5230709870222,4.425000000000000000e+03
544.5987550137446,4.425000000000000000e+03
544.6743770145879,4.433000000000000000e+03
544.7500001373947,4.450000000000000000e+03
544.8256222965063,4.462000000000000000e+03
544.9013064288619,4.474000000000000000e+03
544.976929025401,4.501000000000000000e+03
545.0525518192319,4.505000000000000000e+03
545.1282345318966,4.501000000000000000e+03
545.2038574139079,4.516000000000000000e+03
545.27947957532,4.545000000000000000e+03
545.3551027912747,4.588000000000000000e+03
545.4307859578726,4.568000000000000000e+03
545.5064085974922,4.611000000000000000e+03
545.582031075963,4.599000000000000000e+03
545.6576539799133,4.596000000000000000e+03
545.7333374615957,4.612000000000000000e+03
545.8089603143547,4.665000000000000000e+03
545.8845823750287,4.622000000000000000e+03
545.9602051246089,4.706000000000000000e+03
546.0358279586479,4.695000000000000000e+03
546.1115111125337,4.672000000000000000e+03
546.1871341062584,4.687000000000000000e+03
546.2627559649052,4.740000000000000000e+03
546.3383790667153,4.731000000000000000e+03
546.4140010154777,4.736000000000000000e+03
546.4896238920949,4.754000000000000000e+03
546.5653080328324,4.762000000000000000e+03
546.6409297699242,4.778000000000000000e+03
546.7165527083374,4.806000000000000000e+03
546.7921753454747,4.772000000000000000e+03
546.8677979714669,4.788000000000000000e+03
546.9434205776232,4.785000000000000000e+03
547.0190431552487,4.809000000000000000e+03
547.0946647977053,4.836000000000000000e+03
547.1703492667542,4.833000000000000000e+03
547.2459723224066,4.868000000000000000e+03
547.3215944163495,4.866000000000000000e+03
547.3972173369806,4.895000000000000000e+03
547.4728389782355,4.895000000000000000e+03
547.5484617288662,4.921000000000000000e+03
547.6240849813485,4.900000000000000000e+03
547.6997072275658,4.910000000000000000e+03
547.7753302583766,4.911000000000000000e+03
547.8509522649341,4.932000000000000000e+03
547.9265750390812,4.951000000000000000e+03
548.0021964706609,4.966000000000000000e+03
548.0778207553666,4.943000000000000000e+03
548.1534418774738,4.955000000000000000e+03
548.2290652357153,5.005000000000000000e+03
548.3046878169241,4.982000000000000000e+03
548.3803093111,5.000000000000000000e+03
548.4559330175531,5.016000000000000000e+03
548.5315556197277,5.040000000000000000e+03
548.6071771080813,5.053000000000000000e+03
548.6828010856999,5.014000000000000000e+03
548.7584221255744,5.045000000000000000e+03
548.834045337373,5.055000000000000000e+03
548.9096673999533,5.080000000000000000e+03
548.9852904134418,5.086000000000000000e+03
549.0609137670749,5.083000000000000000e+03
549.1364750314843,5.087000000000000000e+03
549.2120978166789,5.127000000000000000e+03
549.2877191060418,5.119000000000000000e+03
549.3633428131332,5.165000000000000000e+03
549.4389653087501,5.152000000000000000e+03
549.5145865832915,5.172000000000000000e+03
549.590210251744,5.185000000000000000e+03
549.665832681899,5.163000000000000000e+03
549.7413946298766,5.211000000000000000e+03
549.8170160497809,5.180000000000000000e+03
549.8926398319383,5.213000000000000000e+03
549.9682623401311,5.224000000000000000e+03
550.0438835647246,5.252000000000000000e+03
550.1195068250248,5.259000000000000000e+03
550.1950679386268,5.271000000000000000e+03
550.2706906900269,5.281000000000000000e+03
550.3463136366366,5.282000000000000000e+03
550.421935255224,5.332000000000000000e+03
550.4975591726949,5.317000000000000000e+03
550.5731205123872,5.331000000000000000e+03
550.6487432287166,5.362000000000000000e+03
550.7243648844632,5.377000000000000000e+03
550.7999885039992,5.376000000000000000e+03
550.8755494425731,5.381000000000000000e+03
550.951172094361,5.398000000000000000e+03
551.0267951682852,5.465000000000000000e+03
551.1024165301448,5.419000000000000000e+03
551.1779790561093,5.417000000000000000e+03
551.2536012026161,5.453000000000000000e+03
551.3292237372492,5.450000000000000000e+03
551.4047855382855,5.496000000000000000e+03
551.4804066788231,5.498000000000000000e+03
551.5560303111364,5.473000000000000000e+03
551.6315910047903,5.524000000000000000e+03
551.7072150175466,5.532000000000000000e+03
551.7828375420726,5.497000000000000000e+03
551.8583991818102,5.514000000000000000e+03
551.9340205121266,5.565000000000000000e+03
552.0096436778041,5.568000000000000000e+03
552.0852040546326,5.585000000000000000e+03
552.1608281083562,5.583000000000000000e+03
552.2363887123648,5.594000000000000000e+03
552.3120111809802,5.607000000000000000e+03
552.3876339198484,5.622000000000000000e+03
552.4631955723437,5.614000000000000000e+03
552.5388185047575,5.613000000000000000e+03
552.614380300461,5.659000000000000000e+03
552.6900021708618,5.629000000000000000e+03
552.765564075718,5.639000000000000000e+03
552.8411860712373,5.669000000000000000e+03
552.9168082777293,5.647000000000000000e+03
552.9923707499584,5.695000000000000000e+03
553.0679933370403,5.717000000000000000e+03
553.1435543046211,5.717000000000000000e+03
553.2191769324178,5.730000000000000000e+03
553.2947381962192,5.712000000000000000e+03
553.3703611371725,5.700000000000000000e+03
553.4459223575054,5.744000000000000000e+03
553.521545578136,5.733000000000000000e+03
553.5971070276289,5.737000000000000000e+03
553.6727301879512,5.749000000000000000e+03
553.74829183306,5.767000000000000000e+03
553.823851714682,5.783000000000000000e+03
553.8994751723073,5.813000000000000000e+03
553.9750367322185,5.785000000000000000e+03
554.050658510177,5.827000000000000000e+03
554.1262201811371,5.818000000000000000e+03
554.2018439290302,5.835000000000000000e+03
554.2774053707294,5.823000000000000000e+03
554.3529671374815,5.877000000000000000e+03
554.4285888549837,5.869000000000000000e+03
554.5041506486573,5.899000000000000000e+03
554.579712127434,5.888000000000000000e+03
554.6553335805664,5.936000000000000000e+03
554.7308950353918,5.920000000000000000e+03
554.8065186350868,5.927000000000000000e+03
554.8820800328116,5.938000000000000000e+03
554.9576410728757,5.995000000000000000e+03
555.0332642831411,5.961000000000000000e+03
555.108825215094,5.991000000000000000e+03
555.1843863800646,6.031000000000000000e+03
555.2599490030949,6.026000000000000000e+03
555.3355716725129,6.048000000000000000e+03
555.4111322702728,6.065000000000000000e+03
555.486694610333,6.100000000000000000e+03
555.5623170204691,6.066000000000000000e+03
555.6378788265472,6.103000000000000000e+03
555.7134408077316,6.122000000000000000e+03
555.7890023379755,6.149000000000000000e+03
555.8646239696742,6.164000000000000000e+03
555.9401852063803,6.165000000000000000e+03
556.0157462753666,6.186000000000000000e+03
556.0913090235443,6.223000000000000000e+03
556.1668694227267,6.231000000000000000e+03
556.2424921284115,6.255000000000000000e+03
556.3180540060974,6.235000000000000000e+03
556.3936159838638,6.273000000000000000e+03
556.46917743411,6.247000000000000000e+03
556.544738657784,6.267000000000000000e+03
556.6202993365139,6.291000000000000000e+03
556.6959226832005,6.332000000000000000e+03
556.7714847427467,6.343000000000000000e+03
556.8470468524312,6.365000000000000000e+03
556.9226065226395,6.372000000000000000e+03
556.9981696377276,6.382000000000000000e+03
557.0737306061917,6.356000000000000000e+03
557.1492912804306,6.377000000000000000e+03
557.2248535148585,6.383000000000000000e+03
557.3004154389016,6.423000000000000000e+03
557.3759767333004,6.400000000000000000e+03
557.451598607399,6.414000000000000000e+03
557.5271614300829,6.458000000000000000e+03
557.6027217325554,6.467000000000000000e+03
557.6782835475029,6.470000000000000000e+03
557.7538450012918,6.469000000000000000e+03
557.8294060853028,6.471000000000000000e+03
557.9049686584602,6.460000000000000000e+03
557.9805305342576,6.525000000000000000e+03
558.0560904581027,6.485000000000000000e+03
558.1316534042687,6.541000000000000000e+03
558.2072143813721,6.527000000000000000e+03
558.2827764962979,6.522000000000000000e+03
558.3583381828406,6.569000000000000000e+03
558.4338994323449,6.517000000000000000e+03
558.5094602361507,6.540000000000000000e+03
558.5850224576968,6.528000000000000000e+03
558.6605230453073,6.601000000000000000e+03
558.7360843175928,6.569000000000000000e+03
558.8116447982349,6.583000000000000000e+03
558.8872066647817,6.593000000000000000e+03
558.9627683478695,6.636000000000000000e+03
559.0383292140123,6.589000000000000000e+03
559.1138914425185,6.620000000000000000e+03
559.1894531500513,6.652000000000000000e+03
559.2650140151281,6.627000000000000000e+03
559.3405155236203,6.701000000000000000e+03
559.4160774775995,6.680000000000000000e+03
559.491638563738,6.690000000000000000e+03
559.5671990861741,6.694000000000000000e+03
559.6427612285802,6.753000000000000000e+03
559.7183224777227,6.719000000000000000e+03
559.7938239112091,6.761000000000000000e+03
559.8693855251184,6.724000000000000000e+03
559.9449468470373,6.765000000000000000e+03
560.0205075548458,6.771000000000000000e+03
560.0960695220344,6.808000000000000000e+03
560.1715693553381,6.856000000000000000e+03
560.2471316053342,6.829000000000000000e+03
560.3226935219939,6.840000000000000000e+03
560.3982544687057,6.861000000000000000e+03
560.4737553798353,6.913000000000000000e+03
560.549316857351,6.921000000000000000e+03
560.6248776534629,6.909000000000000000e+03
560.70037802624,6.933000000000000000e+03
560.7759393038835,6.968000000000000000e+03
560.8515017620771,6.967000000000000000e+03
560.9270018364357,6.960000000000000000e+03
561.0025625253518,6.999000000000000000e+03
561.0781246855694,7.013000000000000000e+03
561.1536262760454,7.047000000000000000e+03
561.2291866163674,7.112000000000000000e+03
561.304748089255,7.056000000000000000e+03
561.3802492335784,7.085000000000000000e+03
561.4558107265045,7.151000000000000000e+03
561.5313717522904,7.105000000000000000e+03
561.6068723759059,7.156000000000000000e+03
561.6824333719698,7.157000000000000000e+03
561.7579339169324,7.205000000000000000e+03
561.8334954817075,7.199000000000000000e+03
561.9089955995389,7.216000000000000000e+03
561.9845564375671,7.209000000000000000e+03
562.0601218043322,7.248000000000000000e+03
562.1356190160956,7.224000000000000000e+03
562.2111807638972,7.244000000000000000e+03
562.2866837867199,7.245000000000000000e+03
562.3622450420103,7.285000000000000000e+03
562.4377443607594,7.274000000000000000e+03
562.5133050891404,7.288000000000000000e+03
562.5888069961169,7.349000000000000000e+03
562.6643671648543,7.340000000000000000e+03
562.739868463935,7.297000000000000000e+03
562.8154280394092,7.297000000000000000e+03
562.8909286969488,7.319000000000000000e+03
562.9664305978828,7.322000000000000000e+03
563.0419939681478,7.371000000000000000e+03
563.1174920085415,7.345000000000000000e+03
563.19305470474,7.384000000000000000e+03
563.2685551920358,7.387000000000000000e+03
563.3440568835294,7.427000000000000000e+03
563.419616911542,7.406000000000000000e+03
563.4951146546897,7.424000000000000000e+03
563.5706770994776,7.420000000000000000e+03
563.6461803879624,7.404000000000000000e+03
563.7216816652208,7.440000000000000000e+03
563.7972413162915,7.433000000000000000e+03
563.8727417375509,7.442000000000000000e+03
563.948243300408,7.463000000000000000e+03
564.0238032597638,7.478000000000000000e+03
564.0993039174446,7.496000000000000000e+03
564.1748025104577,7.507000000000000000e+03
564.2503658884998,7.512000000000000000e+03
564.3258667100131,7.527000000000000000e+03
564.4013686264184,7.555000000000000000e+03
564.4768684441426,7.502000000000000000e+03
564.5524298972744,7.563000000000000000e+03
564.6279318813953,7.616000000000000000e+03
564.7034317408531,7.624000000000000000e+03
564.7789326555933,7.596000000000000000e+03
564.8544314277575,7.644000000000000000e+03
564.9299918767013,7.658000000000000000e+03
565.005495928257,7.677000000000000000e+03
565.0809946197296,7.689000000000000000e+03
565.1564943267665,7.667000000000000000e+03
565.2319918472216,7.637000000000000000e+03
565.3075574772264,7.712000000000000000e+03
565.3830570069348,7.698000000000000000e+03
565.4585575213804,7.740000000000000000e+03
565.5340558149843,7.722000000000000000e+03
565.6095582761728,7.753000000000000000e+03
565.6850585002172,7.746000000000000000e+03
565.760556477251,7.782000000000000000e+03
565.8360618025167,7.822000000000000000e+03
565.9116225122199,7.827000000000000000e+03
565.9871233197282,7.818000000000000000e+03
566.0626218458439,7.915000000000000000e+03
566.1381244909254,7.955000000000000000e+03
566.2136216322725,7.993000000000000000e+03
566.289126084757,8.004000000000000000e+03
566.3646250154166,8.065000000000000000e+03
566.4401248288668,8.059000000000000000e+03
566.5156223083626,8.086000000000000000e+03
566.5911238644974,8.092000000000000000e+03
566.666626281373,8.119000000000000000e+03
566.7421263396649,8.121000000000000000e+03
566.8176240294433,8.201000000000000000e+03
566.8931289818083,8.119000000000000000e+03
566.9686283363882,8.176000000000000000e+03
567.044128511452,8.140000000000000000e+03
567.1196262833736,8.189000000000000000e+03
567.1951280764068,8.187000000000000000e+03
567.2706306677735,8.218000000000000000e+03
567.3460696737624,8.225000000000000000e+03
567.4215706028087,8.240000000000000000e+03
567.4970690857559,8.226000000000000000e+03
567.5725715554013,8.261000000000000000e+03
567.6480715624202,8.234000000000000000e+03
567.7235723199296,8.256000000000000000e+03
567.7990705965543,8.256000000000000000e+03
567.8745728319317,8.268000000000000000e+03
567.9500112820856,8.278000000000000000e+03
568.0255117228037,8.282000000000000000e+03
568.1010128751681,8.296000000000000000e+03
568.1765115034954,8.264000000000000000e+03
568.2520140559766,8.303000000000000000e+03
568.327455928513,8.344000000000000000e+03
568.4029533742392,8.278000000000000000e+03
568.478454722623,8.294000000000000000e+03
568.5539535037092,8.297000000000000000e+03
568.6293947397575,8.326000000000000000e+03
568.7048948100362,8.307000000000000000e+03
568.7803955214323,8.323000000000000000e+03
568.8558968664703,8.325000000000000000e+03
568.9313373379196,8.342000000000000000e+03
569.0068366737867,8.348000000000000000e+03
569.0823366191238,8.356000000000000000e+03
569.1577756177235,8.357000000000000000e+03
569.2332767431898,8.351000000000000000e+03
569.3087752145101,8.320000000000000000e+03
569.3842159078702,8.353000000000000000e+03
569.4597155117148,8.402000000000000000e+03
569.5352189219938,8.385000000000000000e+03
569.6106547533757,8.409000000000000000e+03
569.6861592519366,8.371000000000000000e+03
569.7615961204366,8.439000000000000000e+03
569.8370951828829,8.451000000000000000e+03
569.9125980167112,8.461000000000000000e+03
569.9880363908212,8.471000000000000000e+03
570.063540235015,8.486000000000000000e+03
570.1389763193972,8.501000000000000000e+03
570.2144778914571,8.536000000000000000e+03
570.2899149030349,8.517000000000000000e+03
570.3654174215969,8.536000000000000000e+03
570.4408585841445,8.549000000000000000e+03
570.516355510032,8.564000000000000000e+03
570.5917975400971,8.601000000000000000e+03
570.6672953476274,8.587000000000000000e+03
570.7427349574187,8.620000000000000000e+03
570.8182368737373,8.601000000000000000e+03
570.8936740294567,8.657000000000000000e+03
570.9691767675921,8.718000000000000000e+03
571.044617956385,8.714000000000000000e+03
571.120118225025,8.729000000000000000e+03
571.1955568946336,8.754000000000000000e+03
571.2709959150741,8.803000000000000000e+03
571.3464973017159,8.824000000000000000e+03
571.4219370173379,8.784000000000000000e+03
571.4974358505949,8.845000000000000000e+03
571.5728729630794,8.859000000000000000e+03
571.6483169221735,8.862000000000000000e+03
571.7238167556269,8.890000000000000000e+03
571.7992547962239,8.848000000000000000e+03
571.874696395271,8.937000000000000000e+03
571.9501938880238,8.873000000000000000e+03
572.0256327861869,8.923000000000000000e+03
572.1010752224225,8.891000000000000000e+03
572.1765735734161,8.958000000000000000e+03
572.2520132602132,8.974000000000000000e+03
572.3274531890821,8.976000000000000000e+03
572.4028933523459,9.016000000000000000e+03
572.4783960113044,9.008000000000000000e+03
572.5538333585442,9.015000000000000000e+03
572.6292741944405,9.046000000000000000e+03
572.7047119540778,9.044000000000000000e+03
572.780212242593,9.068000000000000000e+03
572.8556503993934,9.065000000000000000e+03
572.9310920175104,9.077000000000000000e+03
573.0065305250978,9.057000000000000000e+03
573.0819691960772,9.070000000000000000e+03
573.1574080227304,9.105000000000000000e+03
573.232909430562,9.079000000000000000e+03
573.3083485618251,9.106000000000000000e+03
573.3837911132744,9.114000000000000000e+03
573.4592305026606,9.122000000000000000e+03
573.5346700090696,9.077000000000000000e+03
573.6101096247586,9.093000000000000000e+03
573.6855493419805,9.079000000000000000e+03
573.7609858609676,9.147000000000000000e+03
573.8364257571322,9.040000000000000000e+03
573.9118624378157,9.110000000000000000e+03
573.9873057764995,9.095000000000000000e+03
574.0627425886909,9.104000000000000000e+03
574.1382453810519,9.118000000000000000e+03
574.2136823092575,9.092000000000000000e+03
574.2891225732211,9.091000000000000000e+03
574.3645628688121,9.117000000000000000e+03
574.4399404917988,9.101000000000000000e+03
574.5153808108072,9.137000000000000000e+03
574.5908178365182,9.144000000000000000e+03
574.6662581633567,9.129000000000000000e+03
574.7416984828392,9.145000000000000000e+03
574.8171387871569,9.115000000000000000e+03
574.8925790684976,9.150000000000000000e+03
574.9680160131622,9.145000000000000000e+03
575.0434562242268,9.156000000000000000e+03
575.1188930812343,9.176000000000000000e+03
575.1943364992081,9.218000000000000000e+03
575.2697765474628,9.231000000000000000e+03
575.3451536315831,9.218000000000000000e+03
575.4205935156243,9.203000000000000000e+03
575.4960333140378,9.230000000000000000e+03
575.5714730189743,9.243000000000000000e+03
575.6469093088864,9.261000000000000000e+03
575.7223521169975,9.313000000000000000e+03
575.7977285011834,9.293000000000000000e+03
575.8731677371276,9.334000000000000000e+03
575.9486101574518,9.337000000000000000e+03
576.0240491208147,9.336000000000000000e+03
576.0994281953324,9.350000000000000000e+03
576.1748668380864,9.343000000000000000e+03
576.2503053165299,9.370000000000000000e+03
576.3257436227722,9.420000000000000000e+03
576.401121946027,9.429000000000000000e+03
576.4765631917769,9.454000000000000000e+03
576.5520009192454,9.481000000000000000e+03
576.627378593058,9.493000000000000000e+03
576.7028192152051,9.576000000000000000e+03
576.7782596194585,9.531000000000000000e+03
576.8536365734708,9.577000000000000000e+03
576.9290798301113,9.590000000000000000e+03
577.0045161881444,9.612000000000000000e+03
577.0798956812308,9.599000000000000000e+03
577.1553348449369,9.597000000000000000e+03
577.2307737431714,9.640000000000000000e+03
577.3061523771543,9.665000000000000000e+03
577.3815940386273,9.672000000000000000e+03
577.4569687212091,9.699000000000000000e+03
577.5324097821534,9.680000000000000000e+03
577.6077871497567,9.700000000000000000e+03
577.6832275791974,9.712000000000000000e+03
577.7586042662564,9.734000000000000000e+03
577.8340473712362,9.739000000000000000e+03
577.9094233467189,9.740000000000000000e+03
577.9848624183549,9.803000000000000000e+03
578.06024099099,9.732000000000000000e+03
578.1356826786689,9.780000000000000000e+03
578.2110604784385,9.797000000000000000e+03
578.2865014103915,9.765000000000000000e+03
578.3618750602704,9.779000000000000000e+03
578.4373152036164,9.828000000000000000e+03
578.5126947075182,9.827000000000000000e+03
578.5880737744064,9.868000000000000000e+03
578.6635160180301,9.797000000000000000e+03
578.7388908540094,9.798000000000000000e+03
578.8143322323514,9.811000000000000000e+03
578.8897095032095,9.822000000000000000e+03
578.9650862969057,9.836000000000000000e+03
579.0405296629765,9.849000000000000000e+03
579.1159054956761,9.847000000000000000e+03
579.1912841817008,9.871000000000000000e+03
579.2667227590988,9.860000000000000000e+03
579.3421004375672,9.861000000000000000e+03
579.4174809495532,9.814000000000000000e+03
579.4928575733711,9.839000000000000000e+03
579.5682974782039,9.860000000000000000e+03
579.6436763906835,9.850000000000000000e+03
579.7190547488921,9.839000000000000000e+03
579.7944325447469,9.853000000000000000e+03
579.8698736574771,9.882000000000000000e+03
579.9452503209693,9.838000000000000000e+03
580.0206297620755,9.881000000000000000e+03
580.0960086102061,9.835000000000000000e+03
580.1713868572579,9.889000000000000000e+03
580.2467678619868,9.887000000000000000e+03
580.3222055027192,9.898000000000000000e+03
580.3975819144985,9.904000000000000000e+03
580.472964431725,9.914000000000000000e+03
580.5483361997073,9.878000000000000000e+03
580.6237208011142,9.890000000000000000e+03
580.6990980056318,9.889000000000000000e+03
580.774474545852,9.896000000000000000e+03
580.8498537875009,9.905000000000000000e+03
580.9252289755794,9.926000000000000000e+03
581.0006743628959,9.928000000000000000e+03
581.0760481837603,9.900000000000000000e+03
581.1514280543308,9.959000000000000000e+03
581.2268072152121,9.975000000000000000e+03
581.3021822791188,1.000000000000000000e+04
581.3775633752501,9.966000000000000000e+03
581.4529437389426,1.004500000000000000e+04
581.5283199802694,9.963000000000000000e+03
581.6036988536778,9.998000000000000000e+03
581.6790160670166,1.003200000000000000e+04
581.7543934024975,1.006400000000000000e+04
581.8297699646201,1.004300000000000000e+04
581.9051525174606,1.004700000000000000e+04
581.9805308970429,1.008200000000000000e+04
582.0559084804219,1.013400000000000000e+04
582.1312852593902,1.015700000000000000e+04
582.206668005028,1.013300000000000000e+04
582.2820397617667,1.019100000000000000e+04
582.3574242532981,1.020300000000000000e+04
582.4327366749485,1.017700000000000000e+04
582.508116082625,1.024000000000000000e+04
582.5834946400697,1.021600000000000000e+04
582.658872339047,1.027100000000000000e+04
582.7342525671091,1.028300000000000000e+04
582.8095673852416,1.028300000000000000e+04
582.8849492395216,1.030500000000000000e+04
582.9603268074364,1.031400000000000000e+04
583.0357068767066,1.031900000000000000e+04
583.1110214380087,1.037900000000000000e+04
583.1864030744695,1.034700000000000000e+04
583.2617769878166,1.039300000000000000e+04
583.3371601786139,1.041800000000000000e+04
583.4124743613642,1.044200000000000000e+04
583.4878556582576,1.042600000000000000e+04
583.5632325991093,1.047600000000000000e+04
583.6385472652148,1.040000000000000000e+04
583.7139290751193,1.046300000000000000e+04
583.7893065032263,1.047300000000000000e+04
583.8646249949269,1.041600000000000000e+04
583.9400004322508,1.048400000000000000e+04
584.0153168866366,1.051100000000000000e+04
584.0907005347968,1.049400000000000000e+04
584.1660763462396,1.050400000000000000e+04
584.2413965200363,1.048500000000000000e+04
584.3167736762043,1.047800000000000000e+04
584.3920917365156,1.047700000000000000e+04
584.4674702084938,1.051500000000000000e+04
584.5427861228587,1.057800000000000000e+04
584.6181658817017,1.052200000000000000e+04
584.6934796176279,1.053100000000000000e+04
584.7688572148127,1.052600000000000000e+04
584.8441755797492,1.052600000000000000e+04
584.919554404934,1.050900000000000000e+04
584.9948739529473,1.052500000000000000e+04
585.0702539779767,1.051300000000000000e+04
585.145567832981,1.054100000000000000e+04
585.2208873808705,1.053300000000000000e+04
585.2962674300239,1.054100000000000000e+04
585.3715812355221,1.052700000000000000e+04
585.446962410467,1.051800000000000000e+04
585.522277293224,1.054900000000000000e+04
585.5975978392732,1.049200000000000000e+04
585.6729720672993,1.055300000000000000e+04
585.7482902189189,1.052300000000000000e+04
585.8236071536562,1.052500000000000000e+04
585.8989880858402,1.049500000000000000e+04
585.9743025783406,1.048500000000000000e+04
586.0496192632522,1.050000000000000000e+04
586.1249381347992,1.049900000000000000e+04
586.200317604434,1.047900000000000000e+04
586.2756374097312,1.052500000000000000e+04
586.3509525064017,1.056400000000000000e+04
586.4262697612708,1.054700000000000000e+04
586.5016510856912,1.053100000000000000e+04
586.576965774025,1.055000000000000000e+04
586.6522825996321,1.059000000000000000e+04
586.7275981142149,1.056000000000000000e+04
586.8029157526896,1.056200000000000000e+04
586.878297505942,1.059400000000000000e+04
586.9536125003841,1.056700000000000000e+04
587.0289295977367,1.059900000000000000e+04
587.1042487921765,1.061500000000000000e+04
587.1795666300785,1.063800000000000000e+04
587.2548831029591,1.063400000000000000e+04
587.3301982023304,1.063300000000000000e+04
587.4055153701529,1.070200000000000000e+04
587.4808346005856,1.066500000000000000e+04
587.5561558877838,1.066900000000000000e+04
587.631468866577,1.069400000000000000e+04
587.7067838851247,1.066800000000000000e+04
587.78216658026,1.075800000000000000e+04
587.8574856775697,1.076100000000000000e+04
587.9328033404089,1.078400000000000000e+04
588.0080538670875,1.078100000000000000e+04
588.0833720770029,1.079600000000000000e+04
588.1586888286358,1.084200000000000000e+04
588.234007573644,1.080800000000000000e+04
588.3093248450679,1.088700000000000000e+04
588.3846440963296,1.090900000000000000e+04
588.4599618586897,1.090300000000000000e+04
588.5352781235977,1.091900000000000000e+04
588.6105963471232,1.094500000000000000e+04
588.6859130578563,1.095100000000000000e+04
588.761231713632,1.097700000000000000e+04
588.8364864301399,1.095800000000000000e+04
588.9118020050827,1.097300000000000000e+04
588.9871195037894,1.103100000000000000e+04
589.0624389203426,1.103900000000000000e+04
589.1377567779897,1.101500000000000000e+04
589.2130730681441,1.101900000000000000e+04
589.2883287478853,1.104900000000000000e+04
589.3636453356847,1.108200000000000000e+04
589.4389638063658,1.109800000000000000e+04
589.5142806787193,1.105500000000000000e+04
589.5895403256021,1.109500000000000000e+04
589.6648574383153,1.112000000000000000e+04
589.740176406581,1.109500000000000000e+04
589.8154276479908,1.112400000000000000e+04
589.8907468120178,1.117600000000000000e+04
589.9660643313503,1.116300000000000000e+04
590.0413210120631,1.116900000000000000e+04
590.1166352010036,1.115100000000000000e+04
590.1919546858783,1.110200000000000000e+04
590.2672132644499,1.112600000000000000e+04
590.3425293741994,1.117800000000000000e+04
590.4177880160598,1.118000000000000000e+04
590.4931042037921,1.113200000000000000e+04
590.568418683014,1.116800000000000000e+04
590.643675627467,1.114700000000000000e+04
590.7189936284246,1.118800000000000000e+04
590.7942505619948,1.114300000000000000e+04
590.8695685685237,1.114400000000000000e+04
590.9448219696872,1.113500000000000000e+04
591.0201399515241,1.113100000000000000e+04
591.0953967743105,1.110400000000000000e+04
591.1707147029425,1.111500000000000000e+04
591.2459714266577,1.113500000000000000e+04
591.3212892726514,1.107900000000000000e+04
591.3965458678394,1.117000000000000000e+04
591.4718006307248,1.114400000000000000e+04
591.547116539627,1.118400000000000000e+04
591.6223746281325,1.112500000000000000e+04
591.6976903797901,1.111100000000000000e+04
591.7729482668865,1.116600000000000000e+04
591.8482042834247,1.115000000000000000e+04
591.9235214878881,1.117200000000000000e+04
591.9987807623979,1.113000000000000000e+04
592.0740346381908,1.112400000000000000e+04
592.1493532320127,1.112000000000000000e+04
592.2246103231383,1.112700000000000000e+04
592.2998654966053,1.116400000000000000e+04
592.3751222527409,1.116900000000000000e+04
592.4504402550338,1.114900000000000000e+04
592.5256966625434,1.122400000000000000e+04
592.6009511209176,1.115000000000000000e+04
592.6762106466866,1.121000000000000000e+04
592.7515244260364,1.122000000000000000e+04
592.8267835455117,1.117200000000000000e+04
592.9020371707703,1.118400000000000000e+04
592.9772958390107,1.121200000000000000e+04
593.0525489954576,1.118600000000000000e+04
593.1278071826566,1.120800000000000000e+04
593.2031266995527,1.125700000000000000e+04
593.2783808730474,1.126800000000000000e+04
593.3536365391337,1.126900000000000000e+04
593.4288936916811,1.126400000000000000e+04
593.5041488020836,1.130300000000000000e+04
593.5794089082539,1.130200000000000000e+04
593.6546634339551,1.130400000000000000e+04
593.729919417986,1.134100000000000000e+04
593.8051733281523,1.133700000000000000e+04
593.8804322095,1.133500000000000000e+04
593.955689002888,1.139900000000000000e+04
594.0309472282032,1.136000000000000000e+04
594.1061998200399,1.138200000000000000e+04
594.1814573584147,1.141900000000000000e+04
594.2567163084306,1.144600000000000000e+04
594.3319695993049,1.141200000000000000e+04
594.4072278190921,1.142900000000000000e+04
594.4824803620132,1.143500000000000000e+04
594.5577413564724,1.147600000000000000e+04
594.6329931222317,1.147800000000000000e+04
594.7082533289405,1.148200000000000000e+04
594.7834441469494,1.153100000000000000e+04
594.85870352054,1.151400000000000000e+04
594.9339607052526,1.153800000000000000e+04
595.0092192325558,1.161200000000000000e+04
595.0844720137306,1.154600000000000000e+04
595.1596694470827,1.157000000000000000e+04
595.2349248608839,1.156500000000000000e+04
595.310178044894,1.157400000000000000e+04
595.3854360798784,1.154300000000000000e+04
595.4606918708308,1.157300000000000000e+04
595.5358886627483,1.156600000000000000e+04
595.611147019589,1.159500000000000000e+04
595.6864031092157,1.162700000000000000e+04
595.7615965842728,1.162600000000000000e+04
595.836855197865,1.158800000000000000e+04
595.9121115210278,1.159400000000000000e+04
595.9873051606659,1.163400000000000000e+04
596.0625604137975,1.167700000000000000e+04
596.1378169052595,1.162900000000000000e+04
596.2130106441916,1.163000000000000000e+04
596.2882695773723,1.162900000000000000e+04
596.3635261735925,1.162100000000000000e+04
596.4387199482267,1.161400000000000000e+04
596.5139753866564,1.163500000000000000e+04
596.5891715160268,1.162100000000000000e+04
596.6644293271388,1.158100000000000000e+04
596.739624225117,1.160400000000000000e+04
596.8148808209818,1.164000000000000000e+04
596.8900744570072,1.167600000000000000e+04
596.9653333707323,1.167500000000000000e+04
597.0405257151125,1.168100000000000000e+04
597.115786920592,1.165700000000000000e+04
597.1909779436049,1.167100000000000000e+04
597.2662342801653,1.163700000000000000e+04
597.3414275184313,1.156000000000000000e+04
597.4166254158234,1.156100000000000000e+04
597.491885088153,1.160800000000000000e+04
597.5670780238231,1.160600000000000000e+04
597.6423327487403,1.163000000000000000e+04
597.7175242592349,1.160000000000000000e+04
597.792720398088,1.154100000000000000e+04
597.8679783530253,1.161500000000000000e+04
597.9431801766776,1.156400000000000000e+04
598.0183687346421,1.157000000000000000e+04
598.0936227072775,1.158800000000000000e+04
598.1688204827943,1.156900000000000000e+04
598.2440156960317,1.160400000000000000e+04
598.3192119177841,1.156500000000000000e+04
598.3944735953452,1.155100000000000000e+04
598.4696646678975,1.155400000000000000e+04
598.5448638913675,1.158100000000000000e+04
598.6200605143976,1.158000000000000000e+04
598.6952545279034,1.156900000000000000e+04
598.7705032869707,1.158200000000000000e+04
598.845702827054,1.156300000000000000e+04
598.9209033228055,1.159900000000000000e+04
598.9960940039387,1.162400000000000000e+04
599.0712892114018,1.161800000000000000e+04
599.1464853517283,1.163600000000000000e+04
599.2216788278446,1.162800000000000000e+04
599.2968768137707,1.159400000000000000e+04
599.3720685283897,1.167400000000000000e+04
599.4472683333562,1.167200000000000000e+04
599.5225229531976,1.160600000000000000e+04
599.5977173765003,1.162700000000000000e+04
599.6729126841367,1.165500000000000000e+04
599.7481088696748,1.166800000000000000e+04
599.8232987309193,1.161600000000000000e+04
599.8985002499289,1.164200000000000000e+04
599.9736306356483,1.170300000000000000e+04
600.0488302503571,1.169200000000000000e+04
600.1240271092662,1.170500000000000000e+04
600.1992212032151,1.165600000000000000e+04
600.274408919746,1.172400000000000000e+04
600.3496082679649,1.174500000000000000e+04
600.4248084342357,1.180500000000000000e+04
600.499998594085,1.172600000000000000e+04
600.5751931605373,1.179000000000000000e+04
600.6503235814662,1.180600000000000000e+04
600.7255197152398,1.175800000000000000e+04
600.8007166310834,1.184400000000000000e+04
600.875914322513,1.180400000000000000e+04
600.9511163944641,1.179000000000000000e+04
601.0262433719869,1.183600000000000000e+04
601.1014361076029,1.183700000000000000e+04
601.1766404316174,1.179900000000000000e+04
601.2518346554406,1.186900000000000000e+04
601.3269681412486,1.187500000000000000e+04
601.4021565754814,1.187200000000000000e+04
601.4773565793163,1.187600000000000000e+04
601.55249578129,1.184800000000000000e+04
601.6276863350764,1.189300000000000000e+04
601.7028775856559,1.187800000000000000e+04
601.7780115846128,1.186100000000000000e+04
601.8532078169892,1.188500000000000000e+04
601.9284011052009,1.191600000000000000e+04
602.0035370787526,1.193300000000000000e+04
602.0787353122603,1.193700000000000000e+04
602.1538653131911,1.192000000000000000e+04
602.2290648417321,1.187800000000000000e+04
602.3041960901958,1.192300000000000000e+04
602.3793896303448,1.192800000000000000e+04
602.4545329868457,1.190800000000000000e+04
602.52972050603,1.195200000000000000e+04
602.6048541681286,1.192700000000000000e+04
602.6800537894703,1.195000000000000000e+04
602.7551886194266,1.194700000000000000e+04
602.8303821600039,1.194900000000000000e+04
602.9055217646458,1.194000000000000000e+04
602.9807128258426,1.195600000000000000e+04
603.055846272166,1.197100000000000000e+04
603.1309766185691,1.191800000000000000e+04
603.2061729886882,1.191700000000000000e+04
603.281308042969,1.197800000000000000e+04
603.3564436151993,1.189500000000000000e+04
603.4316452421198,1.191000000000000000e+04
603.5067745623387,1.192200000000000000e+04
603.5819116632719,1.192500000000000000e+04
603.6571039159869,1.191700000000000000e+04
603.732238361985,1.196400000000000000e+04
603.8073696385936,1.198800000000000000e+04
603.8825123234259,1.191400000000000000e+04
603.9576992468579,1.192100000000000000e+04
604.0328355724649,1.186600000000000000e+04
604.1079723479853,1.191500000000000000e+04
604.1831095667776,1.190100000000000000e+04
604.2582983401253,1.192700000000000000e+04
604.3334364382367,1.190300000000000000e+04
604.4085676534826,1.192600000000000000e+04
604.4836992817685,1.191200000000000000e+04
604.5588422811774,1.187800000000000000e+04
604.6339747182885,1.188600000000000000e+04
604.7091075484526,1.191000000000000000e+04
604.7842444226404,1.192800000000000000e+04
604.859378019808,1.187000000000000000e+04
604.9345046710955,1.186000000000000000e+04
605.009704892442,1.194700000000000000e+04
605.0848359419433,1.192100000000000000e+04
605.1599746669862,1.186400000000000000e+04
605.23510275086,1.196500000000000000e+04
605.310245826721,1.193300000000000000e+04
605.3853159408447,1.192800000000000000e+04
605.4604486674336,1.190700000000000000e+04
605.535581711707,1.195800000000000000e+04
605.6107150669574,1.192200000000000000e+04
605.6858487264751,1.196500000000000000e+04
605.7609863530097,1.195000000000000000e+04
605.8361242722013,1.193600000000000000e+04
605.9112514634761,1.192500000000000000e+04
605.9863899450862,1.198700000000000000e+04
606.0615286991821,1.193900000000000000e+04
606.1365942387108,1.193800000000000000e+04
606.2117261495124,1.196500000000000000e+04
606.2868656606279,1.200100000000000000e+04
606.3619980637881,1.198500000000000000e+04
606.4370718595482,1.194800000000000000e+04
606.5122047116855,1.197900000000000000e+04
606.5873377854751,1.204900000000000000e+04
606.6624747545558,1.200400000000000000e+04
606.7375456701113,1.197100000000000000e+04
606.8126830359437,1.204200000000000000e+04
606.8878205982112,1.205400000000000000e+04
606.9628957214667,1.205000000000000000e+04
607.0380225859356,1.209100000000000000e+04
607.1131606786419,1.205800000000000000e+04
607.1882288919476,1.208100000000000000e+04
607.2633709869046,1.210000000000000000e+04
607.3385021736576,1.207700000000000000e+04
607.4135707840262,1.204700000000000000e+04
607.4887096199877,1.207300000000000000e+04
607.5637821472627,1.211300000000000000e+04
607.6389138462803,1.212100000000000000e+04
607.7139865728267,1.211600000000000000e+04
607.7891221807843,1.212900000000000000e+04
607.8641950802765,1.211200000000000000e+04
607.9393308785938,1.211200000000000000e+04
608.0144039237675,1.211700000000000000e+04
608.089539885174,1.213100000000000000e+04
608.1646130487377,1.213400000000000000e+04
608.2397417468239,1.211500000000000000e+04
608.3148187001017,1.210800000000000000e+04
608.3898956827247,1.212800000000000000e+04
608.4650245200035,1.212700000000000000e+04
608.5401015535813,1.211100000000000000e+04
608.6151785959717,1.213700000000000000e+04
608.6903112159022,1.207800000000000000e+04
608.7653771512115,1.212600000000000000e+04
608.8404578967535,1.211200000000000000e+04
608.9155905344547,1.214700000000000000e+04
608.990660126277,1.214700000000000000e+04
609.0657296820973,1.211100000000000000e+04
609.1408659845031,1.215900000000000000e+04
609.2159465984835,1.210900000000000000e+04
609.2910160242585,1.212400000000000000e+04
609.3660890997941,1.209500000000000000e+04
609.4411621067635,1.211800000000000000e+04
609.5162981949915,1.213400000000000000e+04
609.591371059717,1.208900000000000000e+04
609.6664438352011,1.212600000000000000e+04
609.7415165145444,1.211500000000000000e+04
609.8165928096073,1.213000000000000000e+04
609.8916652768738,1.213200000000000000e+04
609.9667339066874,1.214300000000000000e+04
610.041806132408,1.217800000000000000e+04
610.1168819498673,1.214300000000000000e+04
610.1919576315516,1.207300000000000000e+04
610.2670257220219,1.205000000000000000e+04
610.3421011095528,1.207700000000000000e+04
610.4171800666223,1.205900000000000000e+04
610.4922476810158,1.208800000000000000e+04
610.5673225771701,1.214200000000000000e+04
610.6423935671218,1.213600000000000000e+04
610.7174681006938,1.212000000000000000e+04
610.7925387123403,1.204600000000000000e+04
610.8676165871373,1.212000000000000000e+04
610.9426867935962,1.219000000000000000e+04
611.0177642529652,1.211500000000000000e+04
611.0928340264109,1.209200000000000000e+04
611.1679035719891,1.211000000000000000e+04
611.2429205762214,1.211700000000000000e+04
611.3179896323122,1.212800000000000000e+04
611.3930696536677,1.211700000000000000e+04
611.4681382079762,1.217000000000000000e+04
611.543210239399,1.211200000000000000e+04
611.6182258914046,1.214400000000000000e+04
611.6932973662973,1.215400000000000000e+04
611.7683685593274,1.211200000000000000e+04
611.8434394635015,1.213400000000000000e+04
611.91845764963,1.214500000000000000e+04
611.9935279422344,1.219400000000000000e+04
612.06860167126,1.212200000000000000e+04
612.1436188772811,1.220600000000000000e+04
612.2186919554537,1.215300000000000000e+04
612.2937609555369,1.219600000000000000e+04
612.368769618424,1.213300000000000000e+04
612.443841671833,1.216700000000000000e+04
612.518860850012,1.220300000000000000e+04
612.5939321832865,1.214900000000000000e+04
612.668943094263,1.216000000000000000e+04
612.7440136774355,1.218900000000000000e+04
612.8190876378331,1.226900000000000000e+04
612.8941048689004,1.220600000000000000e+04
612.9691780415548,1.221900000000000000e+04
613.0441869267229,1.221300000000000000e+04
613.1192028943198,1.221300000000000000e+04
613.1942785838127,1.217800000000000000e+04
613.2692861585759,1.226300000000000000e+04
613.3443572287938,1.219500000000000000e+04
613.4193751865103,1.221100000000000000e+04
613.4944491348593,1.228700000000000000e+04
613.5694586386024,1.222200000000000000e+04
613.644467658833,1.227500000000000000e+04
613.7195402192466,1.224800000000000000e+04
613.794555801729,1.225600000000000000e+04
613.8695671147681,1.226600000000000000e+04
613.9446382262654,1.227200000000000000e+04
614.0196560673113,1.227100000000000000e+04
614.0946658455853,1.225600000000000000e+04
614.1696826366328,1.228200000000000000e+04
614.2447554874341,1.226400000000000000e+04
614.3197636679537,1.230500000000000000e+04
614.3947788454523,1.232100000000000000e+04
614.4697859154201,1.227200000000000000e+04
614.5448037484722,1.226900000000000000e+04
614.619873899117,1.230000000000000000e+04
614.694883044028,1.232100000000000000e+04
614.769899161373,1.232100000000000000e+04
614.8449071281832,1.228000000000000000e+04
614.9199220568489,1.232000000000000000e+04
614.994936381391,1.233100000000000000e+04
615.0699463115571,1.233100000000000000e+04
615.1449594055,1.229300000000000000e+04
615.219968088927,1.233100000000000000e+04
615.2949799236752,1.230200000000000000e+04
615.3699949053583,1.227900000000000000e+04
615.4450130295872,1.229700000000000000e+04
615.5200153487256,1.229900000000000000e+04
615.5950321611059,1.229100000000000000e+04
615.6700445181616,1.226800000000000000e+04
615.7450599927896,1.231300000000000000e+04
615.8200634112113,1.232500000000000000e+04
615.8950775175382,1.231500000000000000e+04
615.9700909303292,1.226700000000000000e+04
616.045103642399,1.232500000000000000e+04
616.1200587059649,1.229500000000000000e+04
616.1950737781215,1.228300000000000000e+04
616.2700843319404,1.231400000000000000e+04
616.3450979550751,1.222700000000000000e+04
616.4201070436227,1.228100000000000000e+04
616.4950545776754,1.224800000000000000e+04
616.5700659579935,1.230500000000000000e+04
616.6450765818348,1.225300000000000000e+04
616.720097852294,1.225000000000000000e+04
616.7950422701603,1.223100000000000000e+04
616.8700581788843,1.224700000000000000e+04
616.9450694997388,1.220300000000000000e+04
617.0200229227949,1.226200000000000000e+04
617.0950326410584,1.225200000000000000e+04
617.1700377451283,1.222800000000000000e+04
617.2449925060192,1.223000000000000000e+04
617.3200073947381,1.225600000000000000e+04
617.395013836697,1.222600000000000000e+04
617.4699660667885,1.227400000000000000e+04
617.5449822610196,1.223000000000000000e+04
617.6199327648687,1.223100000000000000e+04
617.6949472498279,1.225300000000000000e+04
617.7698959983896,1.224000000000000000e+04
617.8449087450254,1.223900000000000000e+04
617.9198595274773,1.226700000000000000e+04
617.9948705076381,1.220600000000000000e+04
618.069827119618,1.222100000000000000e+04
618.144840127084,1.221500000000000000e+04
618.2197872618343,1.221400000000000000e+04
618.2947411041071,1.221000000000000000e+04
618.3697513617161,1.220200000000000000e+04
618.44469567746,1.222500000000000000e+04
618.5196505100681,1.226500000000000000e+04
618.5946694328892,1.225600000000000000e+04
618.6696146951708,1.223500000000000000e+04
618.7445666341545,1.225900000000000000e+04
618.8195826887393,1.224600000000000000e+04
618.8945326685835,1.225300000000000000e+04
618.9694854812299,1.227300000000000000e+04
619.0444334578197,1.220800000000000000e+04
619.1194494169247,1.226700000000000000e+04
619.1943992107521,1.224900000000000000e+04
619.2693479786984,1.223200000000000000e+04
619.3442957134283,1.224700000000000000e+04
619.4192500812071,1.228500000000000000e+04
619.4942648084996,1.230600000000000000e+04
619.5692094181061,1.233400000000000000e+04
619.6441644838893,1.227300000000000000e+04
619.7191184853039,1.230200000000000000e+04
619.7940637321011,1.229400000000000000e+04
619.8690155808523,1.226900000000000000e+04
619.9439663431604,1.229800000000000000e+04
620.0189198558951,1.226900000000000000e+04
620.0938722693128,1.232100000000000000e+04
620.1688197299484,1.226100000000000000e+04
620.2437699216852,1.227200000000000000e+04
620.3187305358406,1.229500000000000000e+04
620.393678480104,1.225600000000000000e+04
620.4686252881608,1.229700000000000000e+04
620.543582504853,1.229400000000000000e+04
620.61852702112,1.233300000000000000e+04
620.6934819368186,1.232200000000000000e+04
620.7684356923214,1.227100000000000000e+04
620.8433227543279,1.237200000000000000e+04
620.9182780068074,1.229900000000000000e+04
620.9932282224137,1.230800000000000000e+04
621.0681811054573,1.228300000000000000e+04
621.1431327931294,1.228200000000000000e+04
621.2180794188941,1.232400000000000000e+04
621.2929746519387,1.231300000000000000e+04
621.3679226950109,1.232400000000000000e+04
621.4428695130218,1.228300000000000000e+04
621.5177610187308,1.231700000000000000e+04
621.5927130788318,1.231100000000000000e+04
621.6676600305892,1.234000000000000000e+04
621.7426134606835,1.230600000000000000e+04
621.8174999024244,1.232700000000000000e+04
621.8924507959133,1.231600000000000000e+04
621.9673462597708,1.225900000000000000e+04
622.0422984590124,1.227000000000000000e+04
622.1172493736544,1.228000000000000000e+04
622.1921409277729,1.227100000000000000e+04
622.2670892368434,1.230800000000000000e+04
622.3419781424883,1.227300000000000000e+04
622.4169354382018,1.226900000000000000e+04
622.4918216682801,1.221700000000000000e+04
622.5667763070498,1.222900000000000000e+04
622.6416637084727,1.225800000000000000e+04
622.7166156613104,1.226300000000000000e+04
622.791500330108,1.227000000000000000e+04
622.8664495670652,1.228400000000000000e+04
622.9413431149467,1.226100000000000000e+04
623.0162352679529,1.231900000000000000e+04
623.0911842549693,1.223100000000000000e+04
623.1660736097131,1.226200000000000000e+04
623.2409693156505,1.225400000000000000e+04
623.3159141083677,1.227400000000000000e+04
623.3908108627464,1.222000000000000000e+04
623.4656984085988,1.224700000000000000e+04
623.54065060535,1.226400000000000000e+04
623.6155430462911,1.221800000000000000e+04
623.6904262505253,1.224400000000000000e+04
623.7653157682421,1.225300000000000000e+04
623.8402738657751,1.225100000000000000e+04
623.9151643415145,1.221300000000000000e+04
623.9900494384281,1.221300000000000000e+04
624.0649369353079,1.222200000000000000e+04
624.1398346184196,1.224600000000000000e+04
624.2147191099846,1.226500000000000000e+04
624.2896137782844,1.225800000000000000e+04
624.3645615055957,1.222600000000000000e+04
624.4394531447507,1.226600000000000000e+04
624.5143432514428,1.216600000000000000e+04
624.5892357192214,1.228100000000000000e+04
624.6641227392169,1.220000000000000000e+04
624.739008204036,1.228400000000000000e+04
624.8139077217978,1.226000000000000000e+04
624.8887900572714,1.225200000000000000e+04
624.9636825322137,1.223900000000000000e+04
625.0385773339976,1.224500000000000000e+04
625.1134666425047,1.220300000000000000e+04
625.1883582645422,1.221200000000000000e+04
625.263181823586,1.222400000000000000e+04
625.3380780414589,1.220100000000000000e+04
625.4129648242472,1.221400000000000000e+04
625.4878578081264,1.222900000000000000e+04
625.5627413379577,1.224100000000000000e+04
625.6376349716288,1.219700000000000000e+04
625.7124604067309,1.220600000000000000e+04
625.7873507351937,1.223600000000000000e+04
625.8622394075853,1.219800000000000000e+04
625.9371381701984,1.223300000000000000e+04
626.0119647267263,1.215700000000000000e+04
626.0868522937308,1.220100000000000000e+04
626.1617460175852,1.222600000000000000e+04
626.2366380528313,1.224100000000000000e+04
626.3114617065921,1.221300000000000000e+04
626.3863503257447,1.219000000000000000e+04
626.4611822898413,1.216200000000000000e+04
626.5360713905895,1.218900000000000000e+04
626.6109666191869,1.219400000000000000e+04
626.6857933539325,1.220500000000000000e+04
626.7606772445703,1.218100000000000000e+04
626.8355122365108,1.220000000000000000e+04
626.9104044027886,1.217300000000000000e+04
626.985224051504,1.222900000000000000e+04
627.0601205419518,1.219500000000000000e+04
627.1349523354077,1.218700000000000000e+04
627.2098373967692,1.220700000000000000e+04
627.2846616468294,1.220000000000000000e+04
627.3595549170336,1.218800000000000000e+04
627.4343873380152,1.215800000000000000e+04
627.5092769901677,1.216100000000000000e+04
627.5841096881397,1.216800000000000000e+04
627.6589365990222,1.218500000000000000e+04
627.7338247007415,1.219300000000000000e+04
627.8086518461457,1.215700000000000000e+04
627.8834850056414,1.220100000000000000e+04
627.9583754402697,1.217400000000000000e+04
628.0332088011603,1.219800000000000000e+04
628.1080284382782,1.221700000000000000e+04
628.182858012259,1.214000000000000000e+04
628.2577527829216,1.221800000000000000e+04
628.3325785578783,1.217500000000000000e+04
628.4074142606058,1.221000000000000000e+04
628.4822361924339,1.220700000000000000e+04
628.5570680421939,1.216300000000000000e+04
628.6318979552647,1.218500000000000000e+04
628.706785214725,1.216000000000000000e+04
628.7816191526078,1.217100000000000000e+04
628.8564471797065,1.214000000000000000e+04
628.9312811520758,1.214200000000000000e+04
629.0061012851678,1.220400000000000000e+04
629.0809313073146,1.218900000000000000e+04
629.155759344112,1.217500000000000000e+04
629.2305893470999,1.214600000000000000e+04
629.3054252715824,1.218300000000000000e+04
629.380247309458,1.217300000000000000e+04
629.4550831794276,1.222100000000000000e+04
629.5299011803792,1.215300000000000000e+04
629.6047330053896,1.212000000000000000e+04
629.6795707280481,1.212200000000000000e+04
629.7543389940075,1.207700000000000000e+04
629.8291607196976,1.216500000000000000e+04
629.9039962589939,1.210800000000000000e+04
629.9788178342736,1.212100000000000000e+04
630.0536452776254,1.210800000000000000e+04
630.1284746162776,1.209900000000000000e+04
630.2032423002603,1.215000000000000000e+04
630.2780753994684,1.215800000000000000e+04
630.3529103790165,1.218900000000000000e+04
630.4277313363475,1.218100000000000000e+04
630.5025024771371,1.212800000000000000e+04
630.5773311190919,1.214700000000000000e+04
630.6521576385172,1.217000000000000000e+04
630.7269342895984,1.213900000000000000e+04
630.8017565291294,1.216700000000000000e+04
630.8765845827202,1.217900000000000000e+04
630.9513587332427,1.217800000000000000e+04
631.0261864484233,1.217700000000000000e+04
631.1009522564115,1.213100000000000000e+04
631.175787573207,1.217900000000000000e+04
631.2506087617126,1.217500000000000000e+04
631.3253799341081,1.218700000000000000e+04
631.400208688403,1.214300000000000000e+04
631.4749754310345,1.219700000000000000e+04
631.5498037567131,1.217800000000000000e+04
631.6245780075234,1.219900000000000000e+04
631.6993420335924,1.218500000000000000e+04
631.7741716576955,1.218500000000000000e+04
631.8489391655564,1.220500000000000000e+04
631.923764305041,1.216100000000000000e+04
631.9985312783703,1.219800000000000000e+04
632.0733039606179,1.217100000000000000e+04
632.1481342990165,1.218800000000000000e+04
632.2228944223607,1.222900000000000000e+04
632.2976642345945,1.219700000000000000e+04
632.3724997216107,1.213900000000000000e+04
632.4472649272958,1.216400000000000000e+04
632.5220358114818,1.221100000000000000e+04
632.5968083701387,1.223900000000000000e+04
632.6716346337209,1.218600000000000000e+04
632.746402531009,1.219300000000000000e+04
632.8211640744752,1.217700000000000000e+04
632.895939281213,1.218100000000000000e+04
632.9707001090119,1.216900000000000000e+04
633.0454705862102,1.220000000000000000e+04
633.1202346797379,1.214500000000000000e+04
633.1950124256075,1.212500000000000000e+04
633.2698318993826,1.214100000000000000e+04
633.3446048767886,1.211400000000000000e+04
633.4193754528278,1.214500000000000000e+04
633.4941436195448,1.218700000000000000e+04
633.5689053548851,1.214800000000000000e+04
633.6436807232593,1.213500000000000000e+04
633.718441616138,1.209600000000000000e+04
633.7932121186539,1.218100000000000000e+04
633.8679199094199,1.213700000000000000e+04
633.9426855028164,1.210900000000000000e+04
634.0174606961399,1.212200000000000000e+04
634.0922213655654,1.211500000000000000e+04
634.1669876029633,1.214400000000000000e+04
634.2417553834099,1.208500000000000000e+04
634.3165327489089,1.214400000000000000e+04
634.3912351850232,1.209400000000000000e+04
634.4660075495017,1.213700000000000000e+04
634.5407774100094,1.210300000000000000e+04
634.6155447585436,1.207300000000000000e+04
634.6902491623354,1.207700000000000000e+04
634.7650114486645,1.207500000000000000e+04
634.8397832896367,1.206600000000000000e+04
634.9145525922855,1.211500000000000000e+04
634.9892588668829,1.211200000000000000e+04
635.0640230545828,1.204300000000000000e+04
635.1387362717429,1.212600000000000000e+04
635.2135074201229,1.209300000000000000e+04
635.2882719598388,1.205300000000000000e+04
635.362981437668,1.206700000000000000e+04
635.4377448294332,1.207300000000000000e+04
635.512457159198,1.207500000000000000e+04
635.5872153377827,1.209500000000000000e+04
635.6619224154749,1.205900000000000000e+04
635.7366995983534,1.212500000000000000e+04
635.8114013974615,1.208100000000000000e+04
635.8861733198535,1.205000000000000000e+04
635.960881941529,1.205000000000000000e+04
636.0356485740448,1.207200000000000000e+04
636.1103518611941,1.202400000000000000e+04
636.1850565091609,1.212200000000000000e+04
636.2598232366993,1.207500000000000000e+04
636.3345306048863,1.207800000000000000e+04
636.4092393182117,1.208900000000000000e+04
636.4840101382218,1.208900000000000000e+04
636.5587134362514,1.208900000000000000e+04
636.6334221129331,1.212600000000000000e+04
636.7081848135534,1.206100000000000000e+04
636.78290019687,1.204400000000000000e+04
636.857604726266,1.208400000000000000e+04
636.9323146152394,1.203700000000000000e+04
637.0070217458345,1.201700000000000000e+04
637.0817261099415,1.196100000000000000e+04
637.1564967140678,1.193400000000000000e+04
637.2311995976745,1.193800000000000000e+04
637.3059078155254,1.195900000000000000e+04
637.3806132401302,1.200800000000000000e+04
637.4553280538418,1.197800000000000000e+04
637.5300278704315,1.202400000000000000e+04
637.6047370655823,1.214600000000000000e+04
637.679443440681,1.207900000000000000e+04
637.7541469875897,1.211400000000000000e+04
637.8288599029363,1.207400000000000000e+04
637.9035659103154,1.216900000000000000e+04
637.978273139046,1.211900000000000000e+04
638.052977512721,1.211100000000000000e+04
638.1276830952562,1.210400000000000000e+04
638.2023898813551,1.209200000000000000e+04
638.2770978657181,1.214500000000000000e+04
638.3517418441655,1.210300000000000000e+04
638.4264562697699,1.213300000000000000e+04
638.5011555722814,1.212300000000000000e+04
638.5758642016897,1.211800000000000000e+04
638.6505699221697,1.210200000000000000e+04
638.7252237691496,1.213700000000000000e+04
638.7999236357822,1.213900000000000000e+04
638.874628732156,1.213300000000000000e+04
638.9493472209352,1.212700000000000000e+04
639.0239892680094,1.217500000000000000e+04
639.098689601196,1.211800000000000000e+04
639.173395144716,1.212200000000000000e+04
639.2480405140027,1.214800000000000000e+04
639.3227564554909,1.219300000000000000e+04
639.3973958340758,1.218200000000000000e+04
639.4721058028182,1.211400000000000000e+04
639.5468086912668,1.217400000000000000e+04
639.6214635767756,1.221300000000000000e+04
639.6961604460553,1.216700000000000000e+04
639.7708092749344,1.215900000000000000e+04
639.8455164682429,1.219900000000000000e+04
639.9201674013606,1.217800000000000000e+04
639.9948767149377,1.218900000000000000e+04
640.0695174401586,1.211100000000000000e+04
640.1441591862857,1.215700000000000000e+04
640.2188716275688,1.213300000000000000e+04
640.2935236151387,1.220500000000000000e+04
640.3681602084457,1.217100000000000000e+04
640.4428757290473,1.214600000000000000e+04
640.5175143262505,1.217600000000000000e+04
640.592166218985,1.219100000000000000e+04
640.6668724558668,1.219300000000000000e+04
640.7415181149009,1.219800000000000000e+04
640.8161565315354,1.218900000000000000e+04
640.8908041242695,1.217200000000000000e+04
640.9655143022176,1.216900000000000000e+04
641.0401638233027,1.218800000000000000e+04
641.1148060727106,1.213800000000000000e+04
641.1894533730033,1.220500000000000000e+04
641.2641016094406,1.215100000000000000e+04
641.3387425502967,1.216000000000000000e+04
641.4134543525283,1.215400000000000000e+04
641.488101262261,1.217800000000000000e+04
641.5627449685089,1.220500000000000000e+04
641.6373854629693,1.216200000000000000e+04
641.7120350911663,1.214800000000000000e+04
641.7866814967092,1.215900000000000000e+04
641.8613246712862,1.218000000000000000e+04
641.9359769690361,1.217600000000000000e+04
642.0106260249374,1.219200000000000000e+04
642.0852718306695,1.214500000000000000e+04
642.1598525225107,1.218200000000000000e+04
642.2344917885489,1.219300000000000000e+04
642.3091401562656,1.217400000000000000e+04
642.3837934993884,1.221600000000000000e+04
642.4584353052218,1.213100000000000000e+04
642.5330862021095,1.218000000000000000e+04
642.6077296725547,1.219000000000000000e+04
642.6823120100572,1.218000000000000000e+04
642.7569529755671,1.219900000000000000e+04
642.8315988836831,1.215500000000000000e+04
642.9062455985243,1.218200000000000000e+04
642.9808352351971,1.216600000000000000e+04
643.055475263203,1.219600000000000000e+04
643.1301243499755,1.217100000000000000e+04
643.2047163018128,1.216900000000000000e+04
643.279354524987,1.216200000000000000e+04
643.3539438476895,1.216000000000000000e+04
643.4285877299418,1.216500000000000000e+04
643.5032406530961,1.221500000000000000e+04
643.5778197789244,1.216000000000000000e+04
643.6524659081414,1.219700000000000000e+04
643.7270464782921,1.217500000000000000e+04
643.8016982163535,1.221500000000000000e+04
643.876284355504,1.218800000000000000e+04
643.9509292459394,1.221300000000000000e+04
644.0255084918365,1.222300000000000000e+04
644.1001589469886,1.220700000000000000e+04
644.1747437177227,1.223900000000000000e+04
644.2493250109602,1.225600000000000000e+04
644.3239775458864,1.222000000000000000e+04
644.3985601811679,1.227200000000000000e+04
644.4731434709971,1.227200000000000000e+04
644.5477855716856,1.227000000000000000e+04
644.6223743228242,1.224100000000000000e+04
644.6969595574612,1.226000000000000000e+04
644.7715495817692,1.230700000000000000e+04
644.8461901340061,1.228800000000000000e+04
644.9207731033271,1.233600000000000000e+04
644.9953650068094,1.235500000000000000e+04
645.0699450389038,1.233100000000000000e+04
645.1445298338459,1.233800000000000000e+04
645.219177672042,1.232000000000000000e+04
645.2937678340779,1.237000000000000000e+04
645.3683419239809,1.231300000000000000e+04
645.4429290863851,1.238300000000000000e+04
645.5175168235929,1.239100000000000000e+04
645.5921051300253,1.243300000000000000e+04
645.6666898312457,1.247000000000000000e+04
645.7412750885978,1.242800000000000000e+04
645.8158525549321,1.241900000000000000e+04
645.8904389058563,1.249100000000000000e+04
645.9650299688499,1.246700000000000000e+04
646.0396090465212,1.247200000000000000e+04
646.1141969977764,1.246700000000000000e+04
646.1887812959989,1.247700000000000000e+04
646.2633076373747,1.252100000000000000e+04
646.3378845915109,1.251200000000000000e+04
646.4124787595719,1.260000000000000000e+04
646.4870608913304,1.257600000000000000e+04
646.5616476941717,1.258400000000000000e+04
646.6361722632304,1.258700000000000000e+04
646.7107558375826,1.261300000000000000e+04
646.7853440690486,1.255300000000000000e+04
646.859928586342,1.261300000000000000e+04
646.9344466023072,1.260600000000000000e+04
647.0090362098298,1.268100000000000000e+04
647.083622083392,1.269000000000000000e+04
647.1581413924066,1.263700000000000000e+04
647.2327239470708,1.273400000000000000e+04
647.307306934167,1.270400000000000000e+04
647.3818400556567,1.269900000000000000e+04
647.456419687093,1.271000000000000000e+04
647.5309452235595,1.275400000000000000e+04
647.6055298578293,1.270700000000000000e+04
647.6800561677495,1.271400000000000000e+04
647.7546415911931,1.281900000000000000e+04
647.829164455096,1.275900000000000000e+04
647.9037464463057,1.281700000000000000e+04
647.9782700344881,1.284400000000000000e+04
648.0527939695423,1.283500000000000000e+04
648.1273854568424,1.285700000000000000e+04
648.2019100840658,1.288700000000000000e+04
648.2764938778582,1.289200000000000000e+04
648.3510107654179,1.286100000000000000e+04
648.425536376692,1.289300000000000000e+04
648.5000623007427,1.290500000000000000e+04
648.5746432162518,1.289600000000000000e+04
648.6491655538866,1.294100000000000000e+04
648.7236881852804,1.299200000000000000e+04
648.7982195235151,1.302300000000000000e+04
648.8728058826379,1.297500000000000000e+04
648.9473293775359,1.301000000000000000e+04
649.0218489310823,1.305300000000000000e+04
649.0963729611857,1.301400000000000000e+04
649.1708972508054,1.304000000000000000e+04
649.2454260094211,1.305900000000000000e+04
649.3199508018886,1.308800000000000000e+04
649.3944716195824,1.313800000000000000e+04
649.4689926719741,1.307300000000000000e+04
649.5435181724034,1.314300000000000000e+04
649.6180396779724,1.316600000000000000e+04
649.6925698430567,1.319100000000000000e+04
649.7670917798398,1.323600000000000000e+04
649.8416139226556,1.329000000000000000e+04
649.9161320418531,1.327300000000000000e+04
649.9906588034178,1.330900000000000000e+04
650.0651815298742,1.329900000000000000e+04
650.1397086661992,1.330400000000000000e+04
650.2142317539774,1.332400000000000000e+04
650.2887550133019,1.336400000000000000e+04
650.3632192222857,1.336400000000000000e+04
650.4377470245496,1.339100000000000000e+04
650.5122665196939,1.341600000000000000e+04
650.5867946266628,1.344700000000000000e+04
650.6612551406859,1.337500000000000000e+04
650.7357750465694,1.347600000000000000e+04
650.8103035527816,1.348000000000000000e+04
650.8847644021826,1.349700000000000000e+04
650.9592931417967,1.349300000000000000e+04
651.0338092818513,1.349000000000000000e+04
651.1082704136296,1.361500000000000000e+04
651.182799464824,1.360000000000000000e+04
651.2572649940395,1.361000000000000000e+04
651.3317857370804,1.367700000000000000e+04
651.4062556434649,1.370600000000000000e+04
651.4807807792504,1.373100000000000000e+04
651.5552380644563,1.369200000000000000e+04
651.6297548330812,1.372700000000000000e+04
651.7042206933047,1.377200000000000000e+04
651.7787503045504,1.379800000000000000e+04
651.8532162309156,1.384400000000000000e+04
651.9277374256133,1.385600000000000000e+04
652.0021948907765,1.387300000000000000e+04
652.0766608615594,1.385200000000000000e+04
652.1511863740992,1.392300000000000000e+04
652.2256523518495,1.399500000000000000e+04
652.3001055526772,1.398600000000000000e+04
652.3745757534864,1.399300000000000000e+04
652.4490927583861,1.411500000000000000e+04
652.523554404734,1.408400000000000000e+04
652.5980245314129,1.418000000000000000e+04
652.6724818393412,1.420500000000000000e+04
652.7469518786384,1.424000000000000000e+04
652.8214730080308,1.423800000000000000e+04
652.8959386884019,1.431800000000000000e+04
652.9703957767102,1.435300000000000000e+04
653.0448655846427,1.434100000000000000e+04
653.1193267868492,1.440100000000000000e+04
653.1937879048733,1.448000000000000000e+04
653.268253200443,1.447900000000000000e+04
653.3427141334746,1.454100000000000000e+04
653.417174964718,1.454700000000000000e+04
653.4916399588126,1.460200000000000000e+04
653.5661005698283,1.460600000000000000e+04
653.640569606346,1.459000000000000000e+04
653.7150299745911,1.464300000000000000e+04
653.7894902116518,1.470300000000000000e+04
653.8638947316973,1.472200000000000000e+04
653.938354676066,1.476900000000000000e+04
653.9927330350457,1.478449648405915286e+04
654.0128144715792,1.485500000000000000e+04
654.0673848929049,1.494363201403267522e+04
654.0872783906434,1.488900000000000000e+04
654.1419639360352,1.490233735119144512e+04
654.1617421510075,1.491100000000000000e+04
654.2166156285444,1.493758889264127720e+04
654.2361458232748,1.495400000000000000e+04
654.2911987423258,1.494262482713411009e+04
654.3658416830104,1.503226446110653706e+04
654.4404288467964,1.507255193704920202e+04
654.5150758549863,1.513600471165889758e+04
654.5897184695584,1.512089690818039890e+04
654.664305251433,1.513399033786176369e+04
654.7389476142009,1.522463715873275760e+04
654.8135383948625,1.528506837264675414e+04
654.888184771955,1.528808993334245315e+04
654.9627666643294,1.532938459618368506e+04
655.0373526739268,1.538679424940198078e+04
655.1119985900768,1.539183018389481367e+04
655.1865885451579,1.541801704325754508e+04
655.2612255432555,1.546736920128730890e+04
655.3358194230502,1.546837638818587584e+04
655.4104603574718,1.554089384488267206e+04
655.4850452543039,1.559226037670956794e+04
655.5596986994234,1.561038974088376744e+04
655.634274582699,1.566276345960923027e+04
655.7088674352764,1.569499344036336151e+04
655.7835073665872,1.575038871978452516e+04
655.8580911670134,1.580276243850998799e+04
655.9327392618014,1.585412897033688387e+04
656.0073268888157,1.588635895109101511e+04
656.0819099586474,1.592161049254084719e+04
656.1565530436084,1.600218544442617531e+04
656.2311355998527,1.600419981822330737e+04
656.3057308056235,1.608074602251436954e+04
656.3803688222278,1.612606943294986741e+04
656.454954867795,1.617642877787819634e+04
656.5295449351327,1.620865875863232759e+04
656.6041821341065,1.623988155248789371e+04
656.6787759333997,1.634563617683738630e+04
656.7533564903902,1.633354993405458663e+04
656.8279410471957,1.640808176454851491e+04
656.9025856984958,1.645340517498401096e+04
656.9771696261503,1.651887232339084221e+04
657.0517532233856,1.652592263168080899e+04
657.1264055746188,1.657829635040627181e+04
657.2009928278474,1.659844008837760339e+04
657.2755710944062,1.671930251620559648e+04
657.3501576467798,1.668807972235003035e+04
657.4247438407015,1.682304276675795700e+04
657.4993858698668,1.682606432745365601e+04
657.573971341612,1.690361771864328330e+04
657.6485607618943,1.695699862426731488e+04
657.7231498016442,1.701037952989134283e+04
657.7977341278665,1.710807665905230533e+04
657.87237432304,1.715037850879210237e+04
657.9469621958759,1.720879534890896321e+04
658.0215410042488,1.723296783447456255e+04
658.0961280598617,1.725009001175019512e+04
658.1707146988002,1.726217625453299479e+04
658.2453009150308,1.743641958798501582e+04
658.3198867025178,1.744749864386925037e+04
658.3945327428875,1.745958488665205005e+04
658.4691220043352,1.758749762277000627e+04
658.5437021472852,1.764792883668400464e+04
658.6182818353581,1.765195758427826877e+04
658.69286974003,1.775569783483062929e+04
658.767461521399,1.779195656317902831e+04
658.8420354727173,1.780504999286039310e+04
658.9166306515345,1.792289085999268354e+04
658.9912079822875,1.797828613941384901e+04
659.0657935091809,1.805281796990777730e+04
659.140382887388,1.808202638996620954e+04
659.2149717681472,1.816562290254723484e+04
659.289551452134,1.824418348063543090e+04
659.3641306225966,1.835799560017345721e+04
659.438717970647,1.839929026301468912e+04
659.5133047969533,1.843756336516021838e+04
659.5878910954348,1.844763523414588417e+04
659.6624768600082,1.858964858684377759e+04
659.7370620845874,1.864907261385920719e+04
659.8116467630838,1.871051101467176704e+04
659.8862265349078,1.884648124597825881e+04
659.9608101019778,1.883137344249976013e+04
660.0354018176174,1.893007775855928776e+04
660.1099798943757,1.897237960829908479e+04
660.1845748263452,1.908317016714141209e+04
660.259151743867,1.919194635218660551e+04
660.333684466581,1.922719789363643577e+04
660.4082645480388,1.927755723856476470e+04
660.4828527532469,1.938633342360995812e+04
660.5574316285567,1.948503773966948575e+04
660.6320229836718,1.953841864529351369e+04
660.7066049946801,1.955755519636628014e+04
660.7811820158635,1.971366916564410349e+04
660.8557147324121,1.983654596726923046e+04
660.9302992109782,1.984762502315346137e+04
661.0048830496228,1.998158088066281925e+04
661.0794662422122,1.999265993654705380e+04
661.1540575251042,2.006114864564958043e+04
661.2285781978873,2.020719074594173799e+04
661.3031681500861,2.021021230663743700e+04
661.3777399387936,2.029985194060986760e+04
661.452332922751,2.043078623742352283e+04
661.5269208535378,2.046805215267049061e+04
661.6014380645663,2.050934681551171889e+04
661.6760289813253,2.055164866525151592e+04
661.7506148234904,2.072287043800783795e+04
661.8251298800592,2.084373286583583103e+04
661.8997142930884,2.085179036102436294e+04
661.9743067544003,2.096560248056238925e+04
662.0488853483158,2.100991870409932017e+04
662.1234149871826,2.108646490839038233e+04
662.198000873726,2.119826265413127476e+04
662.2725860216412,2.123452138247967378e+04
662.347104619191,2.130905321297360206e+04
662.4216882564932,2.143293720149729415e+04
662.4962184684717,2.148933966781702475e+04
662.570804963388,2.155883556381812014e+04
662.6453862997457,2.163941051570344644e+04
662.7199097646629,2.174818670074863985e+04
662.7944939234665,2.180257479327123656e+04
662.869086084027,2.187207068927233195e+04
662.9436071371093,2.198789718260749214e+04
663.0181889069928,2.209667336765268556e+04
663.0927083152421,2.215307583397241251e+04
663.1673016492832,2.223365078585774245e+04
663.2418237897235,2.231825448533733652e+04
663.3164110793576,2.239278631583126480e+04
663.3909359310869,2.251667030435495690e+04
663.4655171474956,2.261638180731304965e+04
663.5400358838839,2.260026681693598584e+04
663.6146198039338,2.277451015038800688e+04
663.6891500154543,2.286515697125900260e+04
663.763736622158,2.301724219294255818e+04
663.8382518588492,2.306760153787089075e+04
663.9128411292601,2.307163028546515488e+04
663.9873589874919,2.320860770367021178e+04
664.0619509026042,2.327508203897560816e+04
664.136471363353,2.338587259781793546e+04
664.211061492379,2.345133974622476308e+04
664.285584535613,2.357925248234272294e+04
664.3601640270679,2.372025864814204760e+04
664.4346852160202,2.369004304118505024e+04
664.5092142934612,2.374342394680907819e+04
664.5838042596656,2.386025762704280351e+04
664.6583226187805,2.401737878321919561e+04
664.7328488535421,2.413119090275722192e+04
664.8074315802052,2.420975148084541433e+04
664.881960314152,2.430744861000637684e+04
664.9565455552175,2.436888701081894033e+04
665.031072346548,2.451795067180679689e+04
665.1055937270582,2.462773404375055543e+04
665.1801096874939,2.467305745418605147e+04
665.2546998800744,2.478082645233267976e+04
665.3292271235769,2.483622173175384160e+04
665.4037489291384,2.494399072990046989e+04
665.4783361453115,2.505679566253992743e+04
665.5528603518749,2.518470839865788730e+04
665.6273790986409,2.527434803263031426e+04
665.7019056711048,2.539017452596547446e+04
665.7764932599148,2.549693633721353399e+04
665.8510088931856,2.549895071101066787e+04
665.9255412083346,2.570743839901395404e+04
666.0000591620371,2.575175462255088496e+04
666.0746470335703,2.577491992121791554e+04
666.1491717378727,2.591089015252440731e+04
666.2236953664843,2.603376695414953065e+04
666.2982179130853,2.610326285015062967e+04
666.3727393713534,2.624930495044278359e+04
666.4472686180028,2.633491583682094642e+04
666.5218500778012,2.647995075021453886e+04
666.5963682490049,2.648599387160593687e+04
666.670894195563,2.663002159810096055e+04
666.7454190261132,2.672167560587052139e+04
666.8199427343175,2.685361708958274539e+04
666.8944653138359,2.697347233051217336e+04
666.9689912068017,2.705706884309319867e+04
667.043515960381,2.716080909364555919e+04
667.1180440186909,2.731893743672051642e+04
667.1925664754452,2.740051957550441148e+04
667.2671501081187,2.749620233086824010e+04
667.3416747090137,2.753447543301376936e+04
667.4162025951904,2.759591383382633285e+04
667.4907159415177,2.775706373759698909e+04
667.5652459277131,2.778123622316258843e+04
667.6397747296355,2.788195491301924631e+04
667.7142934240692,2.807029886305120090e+04
667.7888198363478,2.814684506734226306e+04
667.8633405848258,2.821029784195196044e+04
667.9378645829604,2.833619620427278642e+04
668.0123873649534,2.854065514468180481e+04
668.0868509002132,2.853561921018897192e+04
668.1613801466233,2.859504323720440152e+04
668.235899230937,2.878842312172918901e+04
668.3104215399541,2.879648061691772091e+04
668.3849470702704,2.890827836265861333e+04
668.4594713500996,2.899791799663104393e+04
668.533998842422,2.904928452845793799e+04
668.6085250734534,2.922151348811282878e+04
668.683041094052,2.934640466353508600e+04
668.7575647813001,2.944510897959461363e+04
668.8320290343215,2.945920959617454719e+04
668.9065546155499,2.949446113762437744e+04
668.9810833808008,2.978453096441155867e+04
669.0555974212344,2.983186874864418860e+04
669.130128062917,2.990237183154385275e+04
669.2046529196529,2.995373836337074681e+04
669.2791182298785,3.010582358505430602e+04
669.3536314765041,3.017229792035970240e+04
669.4281657979723,3.020855664870809778e+04
669.5026898264498,3.036366343108735600e+04
669.57714526615,3.045833899955261586e+04
669.65167108008,3.053589239074224315e+04
669.7261910590614,3.060035235225050565e+04
669.8007186526492,3.077761724639822933e+04
669.8751865504684,3.082797659132655826e+04
669.949711403622,3.099315524269148227e+04
670.0242348833766,3.096998994402444805e+04
670.0987480026345,3.110898173602663883e+04
670.1732193096983,3.120667886518760133e+04
670.2477431098745,3.120768605208616646e+04
670.3222655128286,3.128221788258009474e+04
670.396728085964,3.134164190959552434e+04
670.471252157415,3.148566963609055165e+04
670.5457118658269,3.149674869197478256e+04
670.6202330875843,3.155617271899021216e+04
670.6947618784129,3.164379797916550524e+04
670.7692307481261,3.176466040699349833e+04
670.8437476587868,3.182609880780606181e+04
670.918213608017,3.181199819122612826e+04
670.9927321095302,3.195199717012688780e+04
671.0672536563986,3.204969429928784666e+04
671.1417196890736,3.210710395250614238e+04
671.216251808498,3.209602489662191147e+04
671.290714863808,3.220278670786997100e+04
671.3652395155675,3.219976514717427199e+04
671.4396995665256,3.230954851911803053e+04
671.5142212289395,3.234480006056786078e+04
671.5886872701645,3.247371998358438577e+04
671.6632104305353,3.249990684294711900e+04
671.7376734223737,3.251098589883134991e+04
671.812193546355,3.260163271970234564e+04
671.8866579770747,3.274566044619736931e+04
671.9611795549314,3.273458139031313476e+04
672.0356408881489,3.275371794138590121e+04
672.1101096909673,3.287760192990959331e+04
672.1846266277597,3.293199002243219002e+04
672.2590968192625,3.295112657350495283e+04
672.3336151557181,3.303975902057881467e+04
672.4080821944679,3.301760090881035285e+04
672.482543119204,3.310220460828994692e+04
672.5570657703272,3.317069331739247718e+04
672.63152802642,3.325731139066920150e+04
672.705997721871,3.326234732516203803e+04
672.7805155931686,3.328450543693049985e+04
672.854982065397,3.330767073559753044e+04
672.9294423823377,3.332781447356886201e+04
673.0039644745739,3.341745410754129261e+04
673.0784260583234,3.345774158348395576e+04
673.152895058153,3.350910811531085346e+04
673.2274213293804,3.354838840435494785e+04
673.3018779706365,3.357155370302198571e+04
673.3763374799411,3.361889148725461564e+04
673.4508043890924,3.362896335624028143e+04
673.5252650884476,3.369040175705284491e+04
673.5997967036512,3.375184015786540112e+04
673.6742585868221,3.372867485919837054e+04
673.748714237457,3.375788327925680642e+04
673.823186347847,3.375385453166253865e+04
673.8976385924067,3.378507732551810477e+04
673.9721663425748,3.381428574557653337e+04
674.0466287979216,3.389083194986759918e+04
674.1210895311846,3.388378164157763240e+04
674.1955530811653,3.393816973410022911e+04
674.2700239906791,3.387068821189626033e+04
674.3444795221271,3.390996850094036199e+04
674.4189469503236,3.394320566859305836e+04
674.49346722243,3.392709067821599456e+04
674.567935708377,3.388478882847619388e+04
674.6424024340591,3.395126316378159390e+04
674.7168582880072,3.398852907902855804e+04
674.7913214713103,3.397442846244862449e+04
674.8657783200656,3.394622722928875737e+04
674.940251601854,3.380119231589516858e+04
675.0147094269751,3.395126316378159390e+04
675.0891700095718,3.396637096726008895e+04
675.1636379044918,3.387370977259196661e+04
675.2380994327431,3.388076008088193339e+04
675.312554584676,3.384853010012779851e+04
675.3870261580195,3.388076008088193339e+04
675.4614822208301,3.379112044690950279e+04
675.5359547018315,3.387370977259196661e+04
675.610407090499,3.383745104424356396e+04
675.6848804576179,3.377601264343100047e+04
675.7593337130725,3.379817075519946957e+04
675.8338033782419,3.378407013861953601e+04
675.9082026566803,3.372968204609693930e+04
675.9826594431638,3.364608553351591399e+04
676.0571234944312,3.362493460864601366e+04
676.1315948098625,3.364004241212450870e+04
676.2060550986515,3.363198491693598044e+04
676.2805134951972,3.358867588029761828e+04
676.3549745673919,3.348392844284668536e+04
676.4293879803434,3.344162659310689196e+04
676.5038498052293,3.348090688215098635e+04
676.5783051376296,3.344766971449828998e+04
676.6527677036122,3.332378572597460152e+04
676.7272329229447,3.333285040806169854e+04
676.8016366634976,3.327644794174197159e+04
676.8761025828228,3.311126929037704394e+04
676.9505619772531,3.317170050429103867e+04
677.0250240043307,3.311328366417418147e+04
677.0994290601088,3.299745717083902127e+04
677.1738917427178,3.294105470451928704e+04
677.2483524582894,3.294004751762072556e+04
677.3227561481843,3.290278160237376142e+04
677.3972128974716,3.274868200689306832e+04
677.4716768389669,3.270235140955900351e+04
677.5461433813275,3.273357420341456964e+04
677.6205482371186,3.260263990660091076e+04
677.6950015852051,3.251803620712131669e+04
677.7694069841688,3.248983497396145322e+04
677.8438746703705,3.242436782555462196e+04
677.9183311477581,3.234278568677072690e+04
677.9927396296163,3.231458445361086342e+04
678.0672012294622,3.211818300839037693e+04
678.1416056066512,3.211516144769467792e+04
678.2160631125909,3.197818402948961739e+04
678.2905277690969,3.192581031076415456e+04
678.3649259468506,3.176768196768919734e+04
678.4393864750938,3.179286164015336180e+04
678.513798898065,3.163473329707840821e+04
678.5882598799376,3.154408647620741249e+04
678.6626543015428,3.150480618716331446e+04
678.7371249257566,3.147962651469914999e+04
678.8115243461227,3.137085032965395658e+04
678.8859815585386,3.127718194808726184e+04
678.9603905685974,3.116840576304206843e+04
679.0348481677615,3.103344271863414542e+04
679.1092529209583,3.098610493440151549e+04
679.1836509171139,3.089847967422622241e+04
679.2581113551571,3.088437905764628886e+04
679.3325235125415,3.074538726564409808e+04
679.4069842868593,3.062653921161323888e+04
679.481378280968,3.044222400917554842e+04
679.5557839509504,3.038985029045008559e+04
679.6302474888498,3.027905973160776193e+04
679.704648807749,3.018841291073676621e+04
679.7790525553501,3.011388108024283792e+04
679.8535234360058,2.998193959653061393e+04
679.9279135518302,2.986812747699258762e+04
680.0023245731195,2.977949502991872578e+04
680.076784258521,2.970798476012049650e+04
680.1511816092886,2.964251761171366888e+04
680.2255859851732,2.951964081008854191e+04
680.3000482943368,2.936352684081071857e+04
680.374448213023,2.931014593518669062e+04
680.4488412562114,2.920842005843146399e+04
680.5232552007656,2.908554325680633701e+04
680.5976576301395,2.902410485599377353e+04
680.6721226617578,2.893950115651417946e+04
680.7465159407645,2.879245186932345678e+04
680.8209254830051,2.864943132972699823e+04
680.8953281128896,2.857792105992876895e+04
680.969723820552,2.845806581899934463e+04
681.0441775310805,2.828080092485162095e+04
681.118582574998,2.830396622351865517e+04
681.1929806772104,2.820626909435769267e+04
681.2673996753556,2.814483069354512918e+04
681.3418070819359,2.800281734084723939e+04
681.4162075273074,2.796857298629597426e+04
681.4906056458781,2.779432965284395323e+04
681.5649921401839,2.767346722501596014e+04
681.6393995215485,2.754857604959370292e+04
681.7137999143118,2.746900828460694174e+04
681.7882165503345,2.734310992228611576e+04
681.8626680324036,2.733605961399614898e+04
681.9370706711479,2.719606063509539308e+04
682.0114662918298,2.712152880460146116e+04
682.0858781465969,2.704598978720896775e+04
682.1602876270566,2.687980394894547862e+04
682.234615600839,2.677304213769741909e+04
682.3090342611832,2.662196410291242864e+04
682.3834179373963,2.661592098152102699e+04
682.4578224911205,2.650815198337440233e+04
682.5322153211919,2.638728955554640925e+04
682.6066290312607,2.629865710847254741e+04
682.6810356664762,2.623419714696428491e+04
682.7554352169042,2.619290248412305664e+04
682.8298276726078,2.599549385200400138e+04
682.9042363415565,2.591995483461150798e+04
682.9786379060591,2.580614271507348167e+04
683.052985700029,2.576283367843511587e+04
683.1273776822683,2.562182751263579121e+04
683.2017812028357,2.543348356260383662e+04
683.2761822579863,2.546168479576370373e+04
683.3505948498541,2.531866425616724518e+04
683.4249816151049,2.518672277245502119e+04
683.4993378598623,2.512125562404818993e+04
683.5737336498651,2.504773098045283041e+04
683.6481222681783,2.487751639459507351e+04
683.7225270786547,2.484327204004380837e+04
683.7968779498492,2.473953178949144785e+04
683.8712683772519,2.455219502635806202e+04
683.9456749923205,2.459248250230072517e+04
684.0200089024875,2.449377818624119755e+04
684.0944244901342,2.437190857151463933e+04
684.1688141432852,2.429939111481784494e+04
684.2431731578488,2.424500302229524823e+04
684.3175670692367,2.411910465997442225e+04
684.3919584235521,2.402644346530629264e+04
684.4662956794946,2.387335105672417194e+04
684.5407193753053,2.377061799307037654e+04
684.6151123876289,2.361248964999541931e+04
684.689455939193,2.343321038205056539e+04
684.7638578398391,2.328918265555554171e+04
684.8382055615216,2.320760051677164665e+04
684.9125975757681,2.305047936059525819e+04
684.9870010616816,2.298098346459416280e+04
685.0613315458365,2.294472473624576378e+04
685.1357438810281,2.282084074772207168e+04
685.2100831760683,2.266774833913994735e+04
685.2844855664139,2.260832431212451775e+04
685.3588336587155,2.241796598829542927e+04
685.4332213760933,2.243206660487536283e+04
685.5075782509971,2.233638384951153421e+04
685.5819089583205,2.230213949496027271e+04
685.6563216044284,2.224674421553910724e+04
685.7306563603778,2.226285920591617469e+04
685.8050589720733,2.214199677808818160e+04
685.8794024621719,2.208962305936271878e+04
685.9537903041233,2.198487562191179313e+04
686.0281472199982,2.193451627698346056e+04
686.1024731844336,2.184588382990960235e+04
686.1768811733403,2.172401421518304051e+04
686.2512158243778,2.156689305900665204e+04
686.3255665827462,2.154775650793388559e+04
686.3999617223745,2.136847723998903166e+04
686.4742975925424,2.128991666190083561e+04
686.5486495653337,2.121337045760977344e+04
686.6230412185406,2.106934273111474977e+04
686.6973829775881,2.098171747093945669e+04
686.7717408365776,2.086790535140143038e+04
686.8460676249846,2.082963224925589748e+04
686.920476563722,2.067553265377520802e+04
686.9948119535088,2.057682833771568039e+04
687.0691634335083,2.051538993690312054e+04
687.1434837923248,2.042474311603212482e+04
687.2178910716232,2.030690224889983438e+04
687.2922436114384,2.018906138176754030e+04
687.3665697193694,2.013870203683921136e+04
687.4409071790424,2.000474617932985348e+04
687.5152607193801,1.996949463788001958e+04
687.5896114344212,1.985870407903769592e+04
687.6639309442114,1.982748128518212980e+04
687.7383327394424,1.975194226778963639e+04
687.8126844041321,1.962302234477311140e+04
687.8870284875072,1.954849051427917948e+04
687.9613649794371,1.949309523485801765e+04
688.0357175394452,1.937021843323289431e+04
688.1100388231959,1.927856442546333346e+04
688.1843761649789,1.915669481073677161e+04
688.2587343070002,1.909324203612707788e+04
688.3330800913666,1.905597612088011374e+04
688.4074182439083,1.894115681444351867e+04
688.4817534945465,1.891597714197935420e+04
688.556104800579,1.886360342325389138e+04
688.6304200038998,1.876489910719436375e+04
688.7047797093452,1.861180669861223942e+04
688.7791080338786,1.852317425153838121e+04
688.8534524038824,1.848187958869714930e+04
688.9277890934775,1.838015371194192267e+04
689.0021418286908,1.834490217049209241e+04
689.0764868733971,1.826634159240389636e+04
689.1507577273879,1.818073070602573716e+04
689.2250873462091,1.811627074451747467e+04
689.2994377520117,1.803771016642927862e+04
689.3737756865256,1.800447299877657861e+04
689.4481106432635,1.793195554207978421e+04
689.5224616327603,1.782015779633889179e+04
689.5968001275772,1.771943910648223027e+04
689.6710880627454,1.770936723749656448e+04
689.745415792651,1.768418756503240002e+04
689.8197595452868,1.760461980004563884e+04
689.8941002876792,1.752908078265314543e+04
689.968380885931,1.747670706392767897e+04
690.0427250973174,1.740318242033231945e+04
690.1170662811704,1.735785900989681977e+04
690.1913949030705,1.729944216977995893e+04
690.2656966557213,1.719973066682186618e+04
690.3400334706062,1.719368754543046452e+04
690.4143672314507,1.707483949139960532e+04
690.4886454859029,1.704059513684834019e+04
690.5629874122526,1.701440827748561060e+04
690.6373214994773,1.693886926009311355e+04
690.7116000290887,1.687038055099058693e+04
690.7859422563533,1.686937336409201816e+04
690.8602336681432,1.675153249695972772e+04
690.9345601567937,1.671527376861132871e+04
691.0089026400582,1.666290004988586588e+04
691.0831942596561,1.659743290147903826e+04
691.157520963373,1.655815261243494024e+04
691.2318206545044,1.651484357579657444e+04
691.3061602170517,1.642822550251984649e+04
691.380444070193,1.637484459689581854e+04
691.45476779478,1.636880147550441870e+04
691.5290596795087,1.631038463538755605e+04
691.6033914459812,1.625196779527069157e+04
691.6776674311591,1.622376656211082809e+04
691.7520072241363,1.616937846958823138e+04
691.8262959912287,1.607772446181867053e+04
691.900643801485,1.614319161022549997e+04
691.9749166156074,1.600621419202044126e+04
692.0492005879099,1.596794108987491018e+04
692.123529252891,1.592563924013511314e+04
692.1978259721524,1.585916490482971676e+04
692.2721578136724,1.580981274679995477e+04
692.3464385130854,1.578564026123435542e+04
692.4207159769667,1.574434559839312533e+04
692.4950525395182,1.571815873903039392e+04
692.56933311711,1.565873471201496432e+04
692.6436056440851,1.559326756360813488e+04
692.7179660817585,1.555700883525973768e+04
692.7922272967613,1.552981478899843933e+04
692.8665236380322,1.547542669647584262e+04
692.9407927013435,1.539183018389481367e+04
693.0151497288059,1.539283737079338061e+04
693.089421837627,1.534348521276361680e+04
693.1636906489606,1.531326960580661944e+04
693.2379753787236,1.525988870018258967e+04
693.3122568047582,1.519039280418149428e+04
693.3865926140129,1.519039280418149428e+04
693.4608818498604,1.511183222609329823e+04
693.5351581466051,1.508463817983199988e+04
693.6094263017561,1.504233633009220284e+04
693.6837151767944,1.501614947072947143e+04
693.7579910889119,1.494866794852550993e+04
693.8322636527323,1.492650983675704447e+04
693.906552121247,1.491039484637997884e+04
693.9808998444166,1.485197800626311619e+04
694.0551719756728,1.486104268835021503e+04
694.1294600063287,1.477946054956631997e+04
694.2037398455482,1.473715869982652293e+04
694.2780114829652,1.468075623350679234e+04
694.3522990144666,1.468982091559389301e+04
694.426583156023,1.460118846852003117e+04
694.5008542537265,1.458608066504153248e+04
694.5751412401826,1.457198004846160075e+04
694.6494248189764,1.450752008695333825e+04
694.723700156412,1.442895950886514220e+04
694.7979624146619,1.444406731234364088e+04
694.8721970948218,1.438565047222677822e+04
694.9464717871994,1.430608270724001704e+04
695.0207623596758,1.433529112729844928e+04
695.0950205016327,1.425270180161598728e+04
695.1693186762369,1.423860118503605372e+04
695.2435843995215,1.419327777460055768e+04
695.3178708269531,1.411471719651236344e+04
695.3921441168008,1.408349440265679732e+04
695.4663655616765,1.401903444114853482e+04
695.5406463919401,1.406737941227973170e+04
695.6149237361514,1.406637222538116475e+04
695.6892121064967,1.396162478793023911e+04
695.7634969823528,1.389313607882771066e+04
695.8377008859716,1.390925106920477629e+04
695.9119932631442,1.388910733123344289e+04
695.9862772860863,1.387299234085637727e+04
696.06048026933,1.382666174352231428e+04
696.134771767185,1.374709397853555311e+04
696.2090548898484,1.374306523094128715e+04
696.2833296268801,1.370982806328858896e+04
696.3575523255896,1.371083525018715591e+04
696.4318151008928,1.359299438305486183e+04
696.5060403540568,1.359903750444626166e+04
696.58033480532,1.350839068357526776e+04
696.6545965750922,1.348220382421253635e+04
696.7288256373972,1.350436193598100181e+04
696.8030899410923,1.347112476832830362e+04
696.8773263707111,1.339457856403724145e+04
696.9516029071826,1.339558575093580839e+04
697.0258758450395,1.333314016322467978e+04
697.1000868630892,1.335630546189171037e+04
697.1743865928445,1.328580237899204985e+04
697.248609793035,1.328983112658631580e+04
697.3228682493078,1.317702619394685644e+04
697.3970987519848,1.321529929609238752e+04
697.4713645187727,1.317501182014972255e+04
697.5456023130668,1.315990401667122387e+04
697.6198072452165,1.309443686826439443e+04
697.6941009834452,1.311357341933716089e+04
697.7683131711979,1.306220688751026319e+04
697.8425898466292,1.307832187788732881e+04
697.9168092738975,1.299573255220486681e+04
697.9910201305657,1.291918634791380646e+04
698.0653003733468,1.297760318803066912e+04
698.1395184438109,1.297055287974070234e+04
698.2138010478819,1.290206417063817389e+04
698.2880311962213,1.289702823614534100e+04
698.3622527442063,1.288192043266684232e+04
698.4364656813189,1.284465451741987636e+04
698.510738305446,1.276508675243311518e+04
698.5849584048053,1.274897176205604956e+04
698.6591698720874,1.278825205110014758e+04
698.7334703424422,1.272983521098328492e+04
698.8076889513259,1.273990707996895071e+04
698.8818989069066,1.274796457515748261e+04
698.9561050840433,1.265127463289508887e+04
699.030322134609,1.260595122245959283e+04
699.1046038227042,1.266738962327215449e+04
699.1788328602486,1.257372124170546158e+04
699.2530532146016,1.256566374651692786e+04
699.3272599846256,1.251329002779146504e+04
699.4014873980228,1.251026846709576603e+04
699.4757061069474,1.250221097190723231e+04
699.5499161008405,1.253947688715419645e+04
699.6241418428359,1.246595224355883511e+04
699.6983588590565,1.246796661735596717e+04
699.7726405911895,1.247501692564593395e+04
699.8468646290141,1.240753540344197245e+04
699.9210848186354,1.238839885236920600e+04
699.9952913527262,1.235214012402080880e+04
700.0695185244031,1.234911856332510979e+04
700.1437320277023,1.234408262883227508e+04
700.2179661702849,1.230681671358531094e+04
700.2921670152689,1.234206825503514301e+04
700.3663345364773,1.224235675207704844e+04
700.4405423002715,1.228163704112114647e+04
700.5147657911945,1.229271609700537920e+04
700.5889804729994,1.222724894859854976e+04
700.6632108815323,1.216581054778598809e+04
700.7374324701444,1.216681773468455322e+04
700.81164522823,1.214063087532182180e+04
700.8858540575908,1.215876023949602131e+04
700.9600736910871,1.214063087532182180e+04
701.034240242214,1.206710623172646046e+04
701.1084716450022,1.206710623172646046e+04
701.1826646876575,1.208926434349492592e+04
701.2569029402329,1.204293374616086112e+04
701.3311077280009,1.201674688679812971e+04
701.4052790247227,1.201573969989956277e+04
701.4794906151762,1.200466064401533185e+04
701.5537179110803,1.192509287902856886e+04
701.6278673838922,1.197746659775403350e+04
701.7020768472739,1.193617193491280159e+04
701.776302010223,1.191099226244863712e+04
701.8505182480137,1.187574072099880686e+04
701.9246812071539,1.189689164586870538e+04
701.9989091214585,1.188480540308590571e+04
702.0730492261018,1.185861854372317430e+04
702.147283874415,1.181027357259197743e+04
702.2215095672381,1.184552511404180768e+04
702.2956523110257,1.181530950708481032e+04
702.3698847114229,1.182739574986760817e+04
702.4440341206173,1.177200047044644634e+04
702.5182485406029,1.176293578835934568e+04
702.5924786440079,1.175286391937367989e+04
702.6666306251165,1.174581361108371493e+04
702.7408427059752,1.172063393861954864e+04
702.8150013114393,1.168739677096685045e+04
702.8892200349155,1.166120991160411904e+04
702.9633852532902,1.163804461293708846e+04
703.0375414112833,1.160984337977722316e+04
703.1117577094595,1.162293680945858796e+04
703.1859204527385,1.155344091345749257e+04
703.2601235714659,1.158567089421162382e+04
703.3342928843769,1.156754153003742613e+04
703.4085025826428,1.155243372655892745e+04
703.482658658175,1.154739779206609455e+04
703.5568254210807,1.148293783055783024e+04
703.6310325789715,1.147286596157216445e+04
703.7052108243134,1.145775815809366577e+04
703.7793551808122,1.144265035461516709e+04
703.8535845204474,1.142049224284670163e+04
703.9277353723147,1.143257848562950130e+04
704.0019018493869,1.142250661664383551e+04
704.0760542132163,1.137516883241120559e+04
704.1502767406283,1.137617601930977071e+04
704.2244157321018,1.133991729096137351e+04
704.2985752975638,1.131876636609147499e+04
704.3727455222629,1.134092447785994045e+04
704.4469065581811,1.132380230058430789e+04
704.5211080295742,1.129157231983017664e+04
704.5952804534251,1.124927047009037960e+04
704.6694387032167,1.124826328319181266e+04
704.7435926983363,1.121099736794484852e+04
704.8177573342106,1.123516985351044787e+04
704.891917706452,1.122106923693051431e+04
704.9660688376695,1.114754459333515297e+04
705.0402107171044,1.119488237756778290e+04
705.114442771257,1.115660927542225181e+04
705.1885910002947,1.111833617327672073e+04
705.2627548254902,1.113847991124805230e+04
705.3369093767561,1.112538648156668751e+04
705.4110795235591,1.108912775321829031e+04
705.485220476971,1.107704151043549064e+04
705.5593969294841,1.109617806150825527e+04
705.6335441691415,1.107301276284122468e+04
705.7077020144703,1.100049530614442847e+04
705.7818057106044,1.105488339866702518e+04
705.8559498827009,1.100452405373869442e+04
705.9301096345012,1.098941625026019574e+04
706.0042849709166,1.100955998823152731e+04
706.0784260421825,1.096423657779603127e+04
706.1525826869397,1.099646655855016252e+04
706.2267549100956,1.098840906336162880e+04
706.3008928304606,1.093905690533186680e+04
706.3750014111765,1.093704253153473292e+04
706.4491704615375,1.095517189570893242e+04
706.5233051714449,1.090783411147630068e+04
706.5974853991634,1.092697066254906713e+04
706.6716262730434,1.092394910185336630e+04
706.745737753195,1.088769037350496910e+04
706.8198897594285,1.091387723286770051e+04
706.8940323424436,1.093704253153473292e+04
706.9681405012132,1.088466881280927009e+04
707.0422891955021,1.084337414996803818e+04
707.1164534452462,1.086251070104080463e+04
707.19055823756,1.085042445825800496e+04
707.2647035748213,1.087358975692503736e+04
707.3388694645195,1.084337414996803818e+04
707.4129708410553,1.082020885130100760e+04
707.4871177773351,1.078294293605404346e+04
707.5612752521206,1.082625197269240562e+04
707.6353781699282,1.080107230022824115e+04
707.7095466962406,1.080711542161964098e+04
707.7836305801062,1.078797887054687635e+04
707.857775071609,1.076380638498127701e+04
707.9318899937977,1.081618010370673983e+04
708.0060455013667,1.079301480503970924e+04
708.080146353211,1.071243985315438113e+04
708.1543078510902,1.078092856225690957e+04
708.2283845678539,1.075977763738701105e+04
708.3025520377458,1.076984950637267684e+04
708.3766397017445,1.075474170289417816e+04
708.4508131326904,1.073157640422714576e+04
708.5249067170731,1.072049734834291303e+04
708.5989906956581,1.072855484353144675e+04
708.673160478897,1.074970576840134527e+04
708.7472503492967,1.072452609593717898e+04
708.8213557131089,1.074769139460421138e+04
708.8955017018351,1.070136079727014840e+04
708.9696129404151,1.064697270474755169e+04
709.0436944296144,1.067718831170454905e+04
709.1178618009762,1.067819549860311599e+04
709.1919440994113,1.064294395715328574e+04
709.266041878377,1.063992239645758491e+04
709.3401601743607,1.063690083576188590e+04
709.4143140934323,1.060668522880488672e+04
709.4884130457813,1.061675709779055251e+04
709.5625023052012,1.060064210741348688e+04
709.6366020041326,1.062078584538482028e+04
709.71069703359,1.060366366810918771e+04
709.7848579170291,1.058956305152925415e+04
709.8589587159314,1.059862773361635482e+04
709.9330497882937,1.059258461222495498e+04
710.0071361642808,1.061574991089198738e+04
710.0812329625695,1.053517495900665926e+04
710.1553452280508,1.057143368735505646e+04
710.2294275672397,1.057344806115218853e+04
710.3035203190468,1.056236900526795762e+04
710.3776335778801,1.052711746381812554e+04
710.4517320198205,1.051704559483245976e+04
710.5258257276931,1.050596653894822703e+04
710.599909644176,1.049992341755682719e+04
710.6740090111854,1.050495935204966008e+04
710.7480985754111,1.046769343680269594e+04
710.8222035892967,1.046769343680269594e+04
710.8962987889969,1.046870062370126288e+04
710.9704094374856,1.047474374509266272e+04
711.0444849811654,1.041733409187436519e+04
711.1186012467011,1.040222628839586650e+04
711.1926874434225,1.042337721326576502e+04
711.2667840197356,1.044754969883136437e+04
711.3408251965476,1.041531971807723312e+04
711.4149070955419,1.038812567181593477e+04
711.4890246751831,1.041330534428009923e+04
711.5631121310784,1.039215441941020072e+04
711.6372150180558,1.032970883169907211e+04
711.7112320343467,1.037100349454030220e+04
711.7853404449295,1.041330534428009923e+04
711.8594389533098,1.034783819587326980e+04
711.9335275484821,1.029647166404637392e+04
712.0075605935059,1.029143572955354102e+04
712.0816546727544,1.026726324398794168e+04
712.1557641746032,1.030050041164063987e+04
712.2297927223119,1.026524887019080961e+04
712.3038823260575,1.026524887019080961e+04
712.377992420552,1.026726324398794168e+04
712.4520164203059,1.023604045013237737e+04
712.5261268825731,1.023704763703094432e+04
712.6001562828156,1.025316262740800994e+04
712.6742518579922,1.021992545975531175e+04
712.7483628435643,1.019373860039258034e+04
712.8223876211747,1.020783921697251208e+04
712.8964785986809,1.019575297418971422e+04
712.9705138140855,1.015244393755135025e+04
713.0446101673241,1.018870266589974744e+04
713.1186507279195,1.014035769476855057e+04
713.19275244439,1.013733613407284975e+04
713.2667983376626,1.014539362926138347e+04
713.3408290765726,1.013632894717428462e+04
713.4149057221886,1.011417083540581916e+04
713.4889468476811,1.011920676989865206e+04
713.5630542605719,1.010208459262301949e+04
713.6370752139885,1.008093366775312097e+04
713.71111152602,1.003460307041905799e+04
713.7852141503761,1.000942339795489170e+04
713.8592557248019,1.006784023807175436e+04
713.93328717658,1.002453120143339038e+04
714.0073900636712,1.001043058485345864e+04
714.0814267494405,1.002956713592622509e+04
714.1554583900697,9.957049679229428875e+03
714.2295512937391,9.999351528969225910e+03
714.3035881409775,9.962085613722261769e+03
714.3776148223176,9.959064053026562760e+03
714.451651744311,9.980214977896461278e+03
714.5256835921462,9.947984997142330030e+03
714.5997818492889,9.930862819866697464e+03
714.6738188625989,9.938920315055229366e+03
714.7478712188952,9.942949062649497137e+03
714.8218929356141,9.881510661836933650e+03
714.8959248750398,9.886546596329766544e+03
714.9699721505816,9.895611278416865389e+03
715.044014315487,9.868417232155567035e+03
715.1180411339378,9.896618465315432331e+03
715.1920883966163,9.881510661836933650e+03
715.2661714596333,9.873453166648401748e+03
715.3402238179556,9.902661586706832168e+03
715.4142403295658,9.845251933488536451e+03
715.488267040557,9.833165690705736779e+03
715.5623141930947,9.891582530822599438e+03
715.6363510669913,9.882517848735500593e+03
715.7103315493897,9.834172877604303721e+03
715.784373440411,9.888560970126900429e+03
715.8584050299637,9.822086634821504049e+03
715.932426306901,9.839208812097136615e+03
716.0064680199878,9.880503474938366708e+03
716.080494283165,9.812014765835838261e+03
716.1545409835085,9.798921336154471646e+03
716.2285722201125,9.806978831343005368e+03
716.3025469314863,9.752590738820408660e+03
716.3765882447348,9.763669794704641390e+03
716.4506192011959,9.787842280270238916e+03
716.5246654600803,9.745540430530441881e+03
716.5987013504475,9.785827906473106850e+03
716.6726754991479,9.773741663690307178e+03
716.7467162946405,9.765684168501775275e+03
716.8207466986998,9.747554804327575766e+03
716.8947667001454,9.778777598183140071e+03
716.9687557260248,9.746547617429008824e+03
717.0427805919613,9.765684168501775275e+03
717.116825887731,9.697195459399245010e+03
717.1908093232216,9.743526056733309815e+03
717.2648286044712,9.758633860211808496e+03
717.3388168541977,9.715324823573444519e+03
717.4128461038251,9.741511682936175930e+03
717.4868906346427,9.724389505660543364e+03
717.5608474726536,9.689137964210713108e+03
717.6348968087937,9.758633860211808496e+03
717.7088584084709,9.672015786935080541e+03
717.7828867763504,9.633742684789549457e+03
717.8568840385082,9.685109216616447156e+03
717.9309171761972,9.677051721427913435e+03
718.0048882559898,9.690145151109280050e+03
718.0789313004857,9.744533243631874939e+03
718.1528864689565,9.637771432383815409e+03
718.2268775063203,9.689137964210713108e+03
718.300914749167,9.684102029717880214e+03
718.3748898482226,9.662951104847981696e+03
718.4489059941204,9.634749871688116400e+03
718.5228857662477,9.654893609659447975e+03
718.5968549564894,9.599498330238284325e+03
718.6708910267723,9.636764245485250285e+03
718.7448648651658,9.614606133716784825e+03
718.8188539335962,9.612591759919650940e+03
718.8928117241455,9.586404900556919529e+03
718.9668571028507,9.617627694412483834e+03
719.040845353585,9.572304283976985971e+03
719.1148178064504,9.610577386122517055e+03
719.1887847916446,9.601512704035418210e+03
719.2628187285492,9.569282723281286962e+03
719.3367851179871,9.615613320615349949e+03
719.4107718973806,9.563239601889887126e+03
719.4847480151196,9.553167732904221339e+03
719.55871345993,9.523959312845789100e+03
719.6326941140954,9.569282723281286962e+03
719.7066692631995,9.551153359107087454e+03
719.780706250103,9.539067116324289600e+03
719.8546807424774,9.502808387975890582e+03
719.9286497097812,9.513887443860123312e+03
720.0026286960333,9.540074303222854724e+03
720.0766021474149,9.487700584497391901e+03
720.1505856143327,9.510865883164424304e+03
720.2245376004026,9.513887443860123312e+03
720.298530717732,9.459499351337526605e+03
720.3725079039693,9.513887443860123312e+03
720.446479525475,9.475614341714592229e+03
720.5204403826414,9.426262183684830234e+03
720.5943696939084,9.483671836903125950e+03
720.6683349523433,9.427269370583395357e+03
720.7423153966341,9.451441856148994702e+03
720.816285052651,9.442377174061895857e+03
720.890249105901,9.422233436090562464e+03
720.9642231419422,9.426262183684830234e+03
721.0382175601698,9.437341239569062964e+03
721.1121179678518,9.419211875394863455e+03
721.1860907374653,9.407125632612063782e+03
721.2600786851124,9.362809409075132862e+03
721.334050596095,9.334608175915269385e+03
721.4079648215145,9.353744726988034017e+03
721.4819202230957,9.345687231799502115e+03
721.5559168215076,9.372881278060800469e+03
721.6298296575088,9.338636923509535336e+03
721.7038045147077,9.325543493828168721e+03
721.777768491748,9.337629736610968394e+03
721.8516746809869,9.326550680726735663e+03
721.9256689717006,9.302378195161138137e+03
721.9996263053706,9.266119466812739120e+03
722.0735518685187,9.272162588204138956e+03
722.1475134315792,9.260076345421339283e+03
722.221443203523,9.253026037131374324e+03
722.2954141996532,9.221803243275810019e+03
722.369322077151,9.244968541942840602e+03
722.4432972736668,9.217774495681542248e+03
722.5172093181159,9.166407963854646368e+03
722.5911887015628,9.221803243275810019e+03
722.665104899496,9.211731374290142412e+03
722.7390623388185,9.186551701825977943e+03
722.8129878959985,9.241946981247141593e+03
722.8869756086152,9.118062992723449497e+03
722.9608791618889,9.125113301013416276e+03
723.0347925998112,9.180508580434578107e+03
723.1087786701618,9.114034245129183546e+03
723.1826700550422,9.082811451273617422e+03
723.2565817737539,9.113027058230616603e+03
723.3305609227724,9.106983936839216767e+03
723.4044767103132,9.098926441650683046e+03
723.4783814349788,9.042523975330954272e+03
723.5523797909511,9.002236499388289303e+03
723.6262885587613,9.027416171852455591e+03
723.7001862401456,9.000222125591157237e+03
723.7741042546204,9.002236499388289303e+03
723.8480321309023,9.050581470519486174e+03
723.9220013141903,8.996193377996891286e+03
723.9959122328532,9.012308368373956910e+03
724.0698330025856,8.980078387619825662e+03
724.1437478932739,8.958927462749925326e+03
724.2176516517817,8.960941836547059211e+03
724.2915652506016,8.971013705532724998e+03
724.3654729499798,8.987128695909790622e+03
724.4393957341822,8.964970584141325162e+03
724.51330736185,8.887417192951697871e+03
724.587207821535,8.895474688140229773e+03
724.6611286098097,8.942812472372859702e+03
724.7350592296857,8.871302202574632247e+03
724.80895240124,8.901517809531629609e+03
724.882865897012,8.885402819154563986e+03
724.9567892135801,8.876338137067465141e+03
725.0307013255602,8.864251894284665468e+03
725.1046074792529,8.886410006053130928e+03
725.1785287017594,8.833029100429101163e+03
725.2524334382222,8.877345323966032083e+03
725.326358500832,8.861230333588966460e+03
725.4002723250796,8.865259081183232411e+03
725.4741222682113,8.809863801762068761e+03
725.5480398915687,8.819935670747734548e+03
725.6219462528422,8.799791932776402973e+03
725.6958676722687,8.839072221820500999e+03
725.769783084779,8.752454148543773044e+03
725.8436292602167,8.831014726631967278e+03
725.9175431603215,8.739360718862406429e+03
725.9914510329734,8.810870988660635703e+03
726.0653686850188,8.772597886515104619e+03
726.1392275716657,8.766554765123704783e+03
726.2131278556831,8.788712876892170243e+03
726.2870379081896,8.719216980891074854e+03
726.3608891425325,8.686987000136943607e+03
726.4348081680206,8.767561952022271726e+03
726.50866306773,8.737346345065274363e+03
726.5825857784921,8.703101990514009231e+03
726.6564232085193,8.784684129297904292e+03
726.730349586392,8.678929504948409885e+03
726.8042645953695,8.705116364311143116e+03
726.8781153887404,8.695044495325475509e+03
726.9520393221525,8.691015747731209558e+03
727.0258672943038,8.696051682224042452e+03
727.0997948515045,8.692022934629776501e+03
727.1736528398144,8.629577346918647891e+03
727.2475046789152,8.664828888368478147e+03
727.3214244199837,8.615476730338714333e+03
727.3952533686669,8.654757019382812359e+03
727.4691766890326,8.644685150397146572e+03
727.5430356383624,8.580225188888884077e+03
727.6168831154938,8.614469543440147390e+03
727.6907985389481,8.569146133004651347e+03
727.7646495352022,8.547995208134752829e+03
727.838494332822,8.566124572308950519e+03
727.9123488191613,8.562095824714684568e+03
727.986271291593,8.546988021236185887e+03
728.0601080662049,8.567131759207517462e+03
728.1339810274446,8.472456190742257604e+03
728.2078212555151,8.508714919090654803e+03
728.2817295008361,8.500657423902122900e+03
728.3555996998778,8.455334013466625038e+03
728.429453049297,8.502671797699254967e+03
728.5033054557948,8.495621489409290007e+03
728.577140989502,8.477492125235090498e+03
728.6509914915385,8.441233396886693299e+03
728.7248569664563,8.403967481639729158e+03
728.7987108614303,8.447276518278093135e+03
728.872558477417,8.405981855436861224e+03
728.9464688832253,8.403967481639729158e+03
729.0203145595359,8.441233396886693299e+03
729.0941805149681,8.356629697407097410e+03
729.1680295392798,8.341521893928598729e+03
729.2418722535059,8.352600949812831459e+03
729.3156767351837,8.307277539377335415e+03
729.3895227579071,8.327421277348666990e+03
729.4633837365335,8.322385342855834097e+03
729.5372330643772,8.297205670391667809e+03
729.6110920231105,8.296198483493102685e+03
729.6849499652391,8.250875073057604823e+03
729.7587909091665,8.246846325463338871e+03
729.832646799371,8.314327847667300375e+03
729.9064377258716,8.239796017173372093e+03
729.9802755476569,8.265982876536103504e+03
730.0541496290818,8.206558849520673903e+03
730.1279906863275,8.194472606737874230e+03
730.2018413503896,8.220659466100607460e+03
730.2756322932343,8.131019832128179587e+03
730.3494914925877,8.133034205925312563e+03
730.4233389576001,8.176343242563676540e+03
730.497121314011,8.118933589345379914e+03
730.5709933006522,8.117926402446812972e+03
730.6448321837362,8.134041392823878596e+03
730.7186379386568,8.108861720359714127e+03
730.7924799682986,8.076631739605582879e+03
730.8662835069548,8.024258020880119147e+03
730.940128667791,8.019222086387286254e+03
731.0139673771906,8.017207712590153278e+03
731.0877622124666,7.993035227024554843e+03
731.1616307539186,7.972891489053222358e+03
731.2354072830598,7.959798059371856652e+03
731.3092735761231,7.940661508299091111e+03
731.3830531589755,7.914474648936359699e+03
731.4569011330443,7.900374032356427051e+03
731.5307105078027,7.910445901342093748e+03
731.6044812553652,7.903395593052126969e+03
731.6783471861277,7.898359658559294076e+03
731.7521477148499,7.861093743312329934e+03
731.8259899112759,7.813755959079699096e+03
731.899766660658,7.815770332876832981e+03
731.9735636445379,7.804691276992600251e+03
732.0473701527895,7.777497230731301897e+03
732.1212183467612,7.767425361745636110e+03
732.195006386356,7.745267249977170650e+03
732.2688093011474,7.677785727773208237e+03
732.3426485486638,7.757353492759969413e+03
732.4164544099781,7.713037269223039402e+03
732.4902214949792,7.736202567890070895e+03
732.5640302732379,7.675771353976075261e+03
732.6378270896475,7.638505438729111120e+03
732.7116656191168,7.635483878033411202e+03
732.7854653361854,7.613325766264945742e+03
732.8592530670325,7.599225149685013093e+03
732.9330341718326,7.573038290322281682e+03
733.0068247610646,7.576059851017981600e+03
733.0806302100424,7.577067037916547633e+03
733.1544290226378,7.554908926148083083e+03
733.2282104378809,7.522678945393951835e+03
733.3020120820065,7.551887365452383165e+03
733.3758016923423,7.516635824002551999e+03
733.4495738776542,7.514621450205419023e+03
733.5233662868974,7.488434590842686703e+03
733.5971735461529,7.467283665972788185e+03
733.6709687462483,7.464262105277088267e+03
733.7447518754218,7.439082432812923798e+03
733.818549846392,7.412895573450191478e+03
733.8923357337387,7.421960255537291232e+03
733.9660610421337,7.396780583073125854e+03
734.039849657903,7.372608097507527418e+03
734.113653111708,7.369586536811827500e+03
734.1874498467755,7.328291873970597408e+03
734.2612290717857,7.326277500173464432e+03
734.3349476318791,7.318220004984931620e+03
734.4087618993168,7.293040332520766242e+03
734.4825316665394,7.308148135999264923e+03
734.5563216510071,7.272896594549433757e+03
734.6300724954872,7.290018771825066324e+03
734.7038651403906,7.224551623418236886e+03
734.7776456166251,7.221530062722537878e+03
734.8513869120628,7.266853473158034831e+03
734.9251700158896,7.187285708171272745e+03
734.99889230638,7.223544436519670853e+03
735.0727050353661,7.152034166721441579e+03
735.1464785471829,7.167141970199941170e+03
735.220218219237,7.178221026084173900e+03
735.2939943121419,7.127861681155843144e+03
735.367736543824,7.130883241851543062e+03
735.4415206118363,7.124840120460143226e+03
735.5152599796714,7.106710756285944626e+03
735.5890466014831,7.066423280343280567e+03
735.662766849309,7.097646074198845781e+03
735.7365830712438,7.058365785154747755e+03
735.8103058246913,7.053329850661914861e+03
735.8840433540496,7.010020814023550884e+03
735.957822745456,7.015056748516383777e+03
736.0315681756952,7.034193299589149319e+03
736.1052958754302,7.023114243704916589e+03
736.1790654451154,7.006999253327850965e+03
736.252801015933,6.972754898776586742e+03
736.326545937147,6.981819580863686497e+03
736.4003381699183,6.939517731123888552e+03
736.4740584115469,6.927431488341089789e+03
736.5477988397872,6.931460235935355740e+03
736.6215269056551,6.914338058659724084e+03
736.6952425972906,6.948582413210988307e+03
736.7690544685436,6.908294937268324247e+03
736.8427725447069,6.834770293672961998e+03
736.9165053742005,6.907287750369757305e+03
736.9902258037228,6.870021835122793163e+03
737.0639609845649,6.811604995005930505e+03
737.137689186275,6.861964339934260352e+03
737.2114267046566,6.819662490194463317e+03
737.2851517972983,6.802540312918830750e+03
737.358897074205,6.810597808107363562e+03
737.4326244765816,6.780382201150365290e+03
737.5063448675909,6.798511565324564799e+03
737.5800799995792,6.761245650077600658e+03
737.6538026703106,6.772324705961832478e+03
737.7275346375662,6.767288771468999585e+03
737.8012595719805,6.708871931352136926e+03
737.8749992432967,6.737073164512002222e+03
737.9487264275168,6.705850370656437008e+03
738.022468346593,6.661534147119506997e+03
738.0961977656417,6.712900678946403787e+03
738.169865632222,6.639376035351041537e+03
738.2435972558687,6.619232297379709053e+03
738.3173218057595,6.660526960220940055e+03
738.3910556298822,6.627289792568241865e+03
738.4647823694751,6.643404782945307488e+03
738.5384638351453,6.557793896567146476e+03
738.612192738524,6.598081372509810535e+03
738.685909081362,6.592038251118410699e+03
738.7595855634423,6.557793896567146476e+03
738.8332985789483,6.543693279987213828e+03
738.9070317658445,6.552757962074313582e+03
738.9807032179243,6.504412990943116711e+03
739.0544385201678,6.489305187464618029e+03
739.1281065918952,6.498369869551716874e+03
739.2018439933116,6.531607037204415064e+03
739.2755687822585,6.459089580507619758e+03
739.3492317494262,6.423838039057788592e+03
739.4229859424029,6.426859599753488510e+03
739.4966509491076,6.422830852159221649e+03
739.5703798618135,6.409737422477855944e+03
739.6440468874771,6.354342143056693203e+03
739.7177778366447,6.353334956158126261e+03
739.791446866122,6.362399638245226015e+03
739.8651032005454,6.300961237432663438e+03
739.9388289543585,6.315061854012595177e+03
740.0125146409633,6.314054667114029144e+03
740.086187618405,6.259666574591432436e+03
740.1599026583724,6.264702509084265330e+03
740.2335830692062,6.255637826997165575e+03
740.3072452674804,6.242544397315799870e+03
740.3809769441689,6.224415033141601270e+03
740.4546465508478,6.205278482068835729e+03
740.5283253357537,6.181105996503237293e+03
740.6019968452496,6.156933510937638857e+03
740.6757323886792,6.143840081256273152e+03
740.7493783611862,6.121681969487807692e+03
740.8230664214437,6.105566979110742068e+03
740.8967416974003,6.113624474299274880e+03
740.9704041770528,6.080387306646577599e+03
741.0440813057113,6.062257942472378090e+03
741.1177456249695,6.071322624559477845e+03
741.1914740338814,5.995783607166982620e+03
741.265145682029,6.048157325892446352e+03
741.3387990020083,6.002833915456948489e+03
741.4124669600711,5.977654242992784020e+03
741.4861550585991,5.962546439514284430e+03
741.5598248114671,5.961539252615718397e+03
741.6334872037764,5.944417075340085830e+03
741.7070817125386,5.900100851803155820e+03
741.7807678621677,5.891036169716056065e+03
741.8544191228816,5.909165533890254665e+03
741.9281125335501,5.847727133077692088e+03
742.0017600242695,5.908158346991688632e+03
742.0754276444354,5.821540273714960676e+03
742.1491098938311,5.835640890294892415e+03
742.2227792320809,5.824561834410660595e+03
742.2963860567804,5.820533086816393734e+03
742.3700570824167,5.785281545366562568e+03
742.4437151716932,5.789310292960829429e+03
742.5173878791576,5.758087499105264214e+03
742.5909980073593,5.741972508728198591e+03
742.6646723713906,5.723843144553999991e+03
742.7383392893086,5.723843144553999991e+03
742.8119656461523,5.732907826641099746e+03
742.8856286765096,5.706720967278367425e+03
742.9592842387771,5.659383183045737496e+03
743.0328991982909,5.660390369944304439e+03
743.1065563576633,5.664419117538570390e+03
743.1801728901319,5.628160389190173191e+03
743.2538592524501,5.618088520204506494e+03
743.3274497210764,5.645282566465804848e+03
743.4011100282263,5.604995090523140789e+03
743.4747296601421,5.612045398813107568e+03
743.5483970465806,5.574779483566142517e+03
743.6220182060574,5.539527942116312261e+03
743.6956816000841,5.531470446927779449e+03
743.7692821427946,5.558664493189076893e+03
743.8429470520473,5.558664493189076893e+03
743.916576747615,5.493197344782248365e+03
743.990165669035,5.549599811101978048e+03
744.0638466591978,5.506290774463614071e+03
744.1374370340701,5.478089541303748774e+03
744.2110696595498,5.485139849593715553e+03
744.284716858413,5.457945803332417199e+03
744.3583232280512,5.471039233013782905e+03
744.4319496995879,5.467010485419516044e+03
744.5055574804348,5.387442720432754868e+03
744.5791520991629,5.436794878462518682e+03
744.6528444452033,5.382406785939921974e+03
744.7264460022811,5.398521776316987598e+03
744.8000565630955,5.374349290751389162e+03
744.8736594835683,5.383413972838488917e+03
744.9472714032472,5.409600832201220328e+03
745.0208756714717,5.356219926577190563e+03
745.094494486024,5.353198365881490645e+03
745.168100087441,5.329025880315892209e+03
745.2416924635781,5.332047441011592127e+03
745.3152993770332,5.314925263735959561e+03
745.3889152760675,5.291759965068928068e+03
745.4625290474098,5.310896516141692700e+03
745.5361240107667,5.300824647156026913e+03
745.609733506721,5.304853394750293774e+03
745.6833575395775,5.288738404373228150e+03
745.7569683059694,5.253486862923396984e+03
745.8305713563644,5.284709656778961289e+03
745.9041833730809,5.240393433242031278e+03
745.9777876626403,5.221256882169265737e+03
746.0514009139459,5.217228134574998876e+03
746.1249507566789,5.206149078690766146e+03
746.1985429433485,5.214206573879298958e+03
746.2721496486159,5.225285629763531688e+03
746.3457708767787,5.219242508372132761e+03
746.4193230608547,5.209170639386466064e+03
746.4929176060401,5.187012527618001513e+03
746.5665266650274,5.191041275212267465e+03
746.640066621393,5.167875976545235972e+03
746.7136768253059,5.159818481356703160e+03
746.7873015449047,5.142696304081070593e+03
746.8608348022583,5.107444762631239428e+03
746.934460649653,5.151760986168170348e+03
747.0080507927156,5.122552566109738109e+03
747.0815940434294,5.130610061298270921e+03
747.1552131827909,5.133631621993970839e+03
747.2287630801482,5.099387267442706616e+03
747.3023777208953,5.134638808892537782e+03
747.3759007391845,5.065142912891442393e+03
747.4495220280663,5.107444762631239428e+03
747.5230740040879,5.096365706747006698e+03
747.5966125121065,5.084279463964207935e+03
747.6702213915038,5.067157286688575368e+03
747.7437608993716,5.051042296311509745e+03
747.8173763904779,5.023848250050211391e+03
747.8909168833824,5.065142912891442393e+03
747.9644718416794,5.052049483210076687e+03
748.0380188872018,4.992625456194647086e+03
748.111630768237,4.971474531324748568e+03
748.1851787691317,4.969460157527614683e+03
748.2587356337701,4.976510465817581462e+03
748.3322845630789,4.937230176773483436e+03
748.405875958131,4.961402662339081871e+03
748.4794258064913,4.932194242280650542e+03
748.5529901125466,4.952337980251983026e+03
748.626540858474,4.883849271149453671e+03
748.7000780320159,4.945287671962016248e+03
748.7736296540094,4.915072065005018885e+03
748.8471676901079,4.900971448425086237e+03
748.920776260387,4.896942700830819376e+03
748.994315154041,4.861691159380988211e+03
749.0678741021718,4.870755841468087965e+03
749.1414138274398,4.850612103496756390e+03
749.2149736068789,4.854640851091022341e+03
749.2885141477188,4.848597729699622505e+03
749.362046665244,4.808310253756958446e+03
749.4355374512597,4.837518673815389775e+03
749.5090988297237,4.771044338509994304e+03
749.5826465568359,4.810324627554091421e+03
749.656175000463,4.816367748945491257e+03
749.7297234916311,4.740828731552996032e+03
749.803286415846,4.774065899205694222e+03
749.8768356615918,4.741835918451562975e+03
749.9503205982728,4.733778423263030163e+03
750.0238705670453,4.733778423263030163e+03
750.0974068314757,4.716656245987397597e+03
750.170963144645,4.717663432885964539e+03
750.2444438267519,4.687447825928966267e+03
750.318000832892,4.693490947320366104e+03
750.3915384788514,4.685433452131833292e+03
750.4650398530696,4.658239405870534938e+03
750.5385837931271,4.645145976189169232e+03
750.6121083437756,4.622987864420703772e+03
750.6855965835151,4.609894434739338067e+03
750.7591555782365,4.635074107203503445e+03
750.8326444278694,4.595793818159405419e+03
750.9061758589805,4.597808191956538394e+03
750.9796652967866,4.579678827782339795e+03
751.053225528571,4.597808191956538394e+03
751.1267211857668,4.568599771898107065e+03
751.2002538005404,4.537376978042542760e+03
751.2737443726544,4.549463220825341523e+03
751.347283196831,4.535362604245409784e+03
751.4207743095347,4.530326669752576890e+03
751.4942572105898,4.503132623491278537e+03
751.567805321994,4.489032006911345889e+03
751.641288735935,4.483996072418512995e+03
751.7147865207419,4.458816399954347617e+03
751.7883269399143,4.466873895142880428e+03
751.8618252198199,4.416514550214550582e+03
751.9353096018531,4.440687035780149017e+03
752.0087800736492,4.417521737113116615e+03
752.082349748397,4.425579232301649427e+03
752.1558206716313,4.405435494330317852e+03
752.2293059510168,4.420543297808816533e+03
752.3028112503567,4.391334877750385203e+03
752.3762686487676,4.368169579083353710e+03
752.4497687028702,4.388313317054685285e+03
752.5232604672466,4.379248634967586440e+03
752.5967892449822,4.323853355546422790e+03
752.6702814069297,4.339968345923488414e+03
752.74378792351,4.346011467314888250e+03
752.8172521255437,4.310759925865057085e+03
752.890753342267,4.323853355546422790e+03
752.9642462347487,4.296659309285124436e+03
753.0377251232514,4.270472449922393025e+03
753.111218354199,4.294644935487991461e+03
753.1846408387155,4.281551505806625755e+03
753.2581116847355,4.291623374792291543e+03
753.331591190779,4.245292777458227647e+03
753.4050850339123,4.262414954733860213e+03
753.4785648318334,4.251335898849627483e+03
753.552064642568,4.234213721573995826e+03
753.6254879218887,4.234213721573995826e+03
753.698987997613,4.208026862211263506e+03
753.7724683210844,4.179825629051399119e+03
753.845940242228,4.214069983602663342e+03
753.9193696482735,4.188890311138497964e+03
753.9928702112186,4.200976553921297636e+03
754.0663566760842,4.188890311138497964e+03
754.1397721577508,4.147595648297267871e+03
754.2132588199502,4.165725012471466471e+03
754.286731357841,4.170760946964299364e+03
754.3601613060175,4.122415975833102493e+03
754.433662469434,4.136516592413035141e+03
754.5070697940439,4.135509405514468199e+03
754.580571120139,4.127451910325935387e+03
754.6540013426822,4.146588461398700929e+03
754.7274800348059,4.096229116470371082e+03
754.8009103674891,4.113351293746002739e+03
754.8743891803196,4.089178808180404758e+03
754.9478196065738,4.085150060586138352e+03
755.0212985235391,4.071049444006205704e+03
755.0947347284628,4.088171621281838270e+03
755.1681567061893,4.037812276353507968e+03
755.2416500027333,4.069035070209072728e+03
755.3150720303312,4.056948827426273510e+03
755.3884798044081,4.028747594266408669e+03
755.4619874570354,4.022704472875008832e+03
755.535395250506,4.023711659773575775e+03
755.6088173113466,3.977381062439511879e+03
755.6822593542736,3.991481679019444528e+03
755.7557385217809,3.981409810033778285e+03
755.8291520013627,3.981409810033778285e+03
755.9025740310907,3.985438557628044691e+03
755.9760160417866,3.997524800410843909e+03
756.0494380281855,3.998531987309410397e+03
756.122851408895,3.986445744526611179e+03
756.196279048058,3.979395436236645310e+03
756.2697209498288,3.982416996932344773e+03
756.3431485156143,3.983424183830911716e+03
756.4166132278519,3.973352314845245473e+03
756.490046430767,3.966302006555279149e+03
756.563402310791,3.952201389975346956e+03
756.6368296685728,3.939107960293980796e+03
756.710271280547,3.948172642381080550e+03
756.7836985147853,3.940115147192547738e+03
756.8571170870929,3.922992969916915172e+03
756.9305441765948,3.910906727134115954e+03
757.0039625924522,3.894791736757050330e+03
757.0773895204559,3.898820484351316736e+03
757.1508077630942,3.885727054669951031e+03
757.2241829078598,3.885727054669951031e+03
757.2975952154935,3.859540195307219619e+03
757.3710274951507,3.864576129800052513e+03
757.4444453309834,3.869612064292885407e+03
757.5178200187852,3.848461139422986889e+03
757.5912376210018,3.837382083538754159e+03
757.664669455667,3.817238345567422130e+03
757.7380294018718,3.825295840755954941e+03
757.8114609832415,3.822274280060255023e+03
757.884883822762,3.815223971770289154e+03
757.9582576961611,3.804144915886056424e+03
758.0316745087733,3.810188037277455805e+03
758.1050538201592,3.785008364813290882e+03
758.1784703328954,3.774936495827624640e+03
758.2518205742088,3.795080233798957124e+03
758.3252712680576,3.733641832986394093e+03
758.3986211596865,3.762850253044825422e+03
758.4720370175761,3.754792757856292610e+03
758.545415305501,3.748749636464893229e+03
758.6187790176235,3.752778384059159634e+03
758.692185702744,3.719541216406461899e+03
758.7655490229096,3.739684954377793929e+03
758.8389841161411,3.709469347420795657e+03
758.9123470329839,3.729613085392127687e+03
758.985729896929,3.711483721217929087e+03
759.0590923834825,3.715512468812195493e+03
759.1324978677417,3.684289674956630734e+03
759.2058656754364,3.709469347420795657e+03
759.2792419009955,3.664145936985298704e+03
759.3526092466964,3.660117189391032298e+03
759.4259619360007,3.655081254898199404e+03
759.4993807137987,3.659110002492465810e+03
759.5727617631621,3.630908769332600968e+03
759.6461281405926,3.649038133506799568e+03
759.7194798334775,3.638966264521133780e+03
759.79284569346,3.641987825216833244e+03
759.8662199506782,3.648030946608233080e+03
759.9395910557283,3.601700349274169184e+03
760.0129416740881,3.608750657564135508e+03
760.0863064536592,3.587599732694236991e+03
760.1596565064068,3.591628480288503397e+03
760.2330264969562,3.577527863708570749e+03
760.3064048714377,3.584578171998537073e+03
760.3797685035091,3.562420060230071613e+03
760.4531231634235,3.556376938838672231e+03
760.5264341378603,3.555369751940105743e+03
760.5997823891312,3.534218827070206771e+03
760.6731505760081,3.520118210490274578e+03
760.7465329185825,3.525154144983107471e+03
760.8198946901349,3.501988846316075524e+03
760.893195347572,3.516089462896008172e+03
760.9665564561759,3.502996033214642466e+03
761.039908545017,3.502996033214642466e+03
761.1132805694576,3.492924164228976224e+03
761.186574038077,3.476809173851910600e+03
761.2599395757078,3.475801986953344112e+03
761.3332612942629,3.460694183474844976e+03
761.4066319227295,3.454651062083445595e+03
761.4799819030882,3.443572006199212865e+03
761.5532938204132,3.424435455126447323e+03
761.6266430583955,3.428464202720713729e+03
761.6999542102297,3.409327651647948187e+03
761.7733026886444,3.407313277850815211e+03
761.8466130577877,3.397241408865148969e+03
761.9199955907541,3.385155166082349751e+03
761.9932761350078,3.396234221966582481e+03
762.0665998139598,3.371054549502417558e+03
762.1399666484456,3.345874877038252180e+03
762.2132604654904,3.383140792285216776e+03
762.2866264890819,3.346882063936819122e+03
762.3599194586624,3.339831755646852798e+03
762.4332265236651,3.339831755646852798e+03
762.5065244315081,3.330767073559753499e+03
762.5798887714861,3.329759886661186556e+03
762.653209066283,3.328752699762620068e+03
762.726491103933,3.322709578371220687e+03
762.7998163192037,3.300551466602755227e+03
762.8731789131846,3.290479597617089439e+03
762.9464741276457,3.271343046544323897e+03
763.0197834275534,3.270335859645757409e+03
763.0930777014148,3.271343046544323897e+03
763.1663802334256,3.281414915529989685e+03
763.2396735482423,3.262278364457224143e+03
763.312980942364,3.237098691993059219e+03
763.3863024198473,3.240120252688759138e+03
763.4595855263992,3.263285551355791085e+03
763.5329060235777,3.247170560978725462e+03
763.6062114503713,3.230048383703092895e+03
763.6795017940418,3.224005262311693514e+03
763.7528120409493,3.228034009905959920e+03
763.8261013583818,3.207890271934627890e+03
763.8994105781957,3.237098691993059219e+03
763.9727280347157,3.196811216050395160e+03
764.0459486507003,3.193789655354695242e+03
764.1192708849686,3.200839963644661566e+03
764.1925721540134,3.184724973267595942e+03
764.265864123763,3.163574048397697425e+03
764.339170153393,3.178681851876196561e+03
764.4124025979912,3.121272198657899935e+03
764.4857075207827,3.166595609093397343e+03
764.5590265043799,3.149473431817764776e+03
764.6322718534416,3.138394375933532501e+03
764.7055663242454,3.129329693846432747e+03
764.7788689989354,3.126308133150733283e+03
764.8520979783581,3.107171582077967741e+03
764.9254053449329,3.090049404802335175e+03
764.9986623906358,3.085013470309502281e+03
765.0719685894694,3.103142834483701336e+03
765.1451951672625,3.080984722715235876e+03
765.2185001752471,3.075948788222402982e+03
765.2917606634498,3.071920040628136576e+03
765.3650586119669,3.073934414425269551e+03
765.438288577042,3.056812237149637440e+03
765.5115911575078,3.072927227526703064e+03
765.5848491670143,3.041704433671138304e+03
765.6580918875516,3.047747555062538140e+03
765.7313779407682,3.040697246772571816e+03
765.8046193790093,3.027603817091206110e+03
765.8778806952203,3.050769115758238058e+03
765.9511794972256,3.021560695699806274e+03
766.0244043117671,3.033646938482605492e+03
766.0976489972652,3.047747555062538140e+03
766.1709018207467,3.032639751584039004e+03
766.2441451689594,3.020553508801239786e+03
766.31745537396,2.983287593554275645e+03
766.3906973785047,2.981273219757142215e+03
766.4639240114803,3.011488826714140487e+03
766.5371587632285,2.998395397032774781e+03
766.610413388223,3.010481639815573999e+03
766.6836526256157,3.010481639815573999e+03
766.7569058583788,2.984294780452842133e+03
766.8301436890999,2.989330714945675027e+03
766.9033661049401,2.974222911467176345e+03
766.9766319183701,2.961129481785810185e+03
767.049858779082,2.968179790075776509e+03
767.1230937389751,2.940985743814478155e+03
767.196342684586,2.926885127234545962e+03
767.2695820718163,2.928899501031678938e+03
767.3427706741372,2.935949809321645262e+03
767.4160085761127,2.939978556915911668e+03
767.4892545691928,2.929906687930245880e+03
767.5624909794419,2.935949809321645262e+03
767.6357413679548,2.916813258248879720e+03
767.7089173321764,2.913791697553179802e+03
767.7821603029794,2.920842005843146126e+03
767.8553936664732,2.895662333378981202e+03
767.928641001735,2.890626398886148309e+03
768.001843330076,2.893647959581847772e+03
768.0750596156819,2.856382044334883631e+03
768.1482662604737,2.870482660914816279e+03
768.2215104680862,2.859403605030583549e+03
768.2947391311019,2.866453913320549873e+03
768.3679227171707,2.874511408509082685e+03
768.441155676817,2.872497034711949254e+03
768.5143376298478,2.880554529900482066e+03
768.5875985030231,2.862425165726283467e+03
768.6607551772538,2.848324549146350819e+03
768.7340085126597,2.851346109842050737e+03
768.8071930624363,2.846310175349217843e+03
768.8803619892306,2.840267053957818007e+03
768.9535980606818,2.849331736044917307e+03
769.0267948587721,2.831202371870718707e+03
769.0999760176759,2.820123315986485977e+03
769.1732302685929,2.813073007696519653e+03
769.2464097142773,2.810051447000820190e+03
769.3195794118245,2.809044260102253247e+03
769.3928163071785,2.838252680160685031e+03
769.4660079399233,2.804008325609420353e+03
769.5391838897698,2.803001138710853866e+03
769.6123796819868,2.803001138710853866e+03
769.6855538548153,2.791922082826621136e+03
769.7587182425186,2.777821466246688942e+03
769.8319202468393,2.798972391116587460e+03
769.9051421026546,2.783864587638088324e+03
769.97834824532,2.766742410362456212e+03
770.0515030831361,2.775807092449555512e+03
770.1247074085248,2.759692102072489888e+03
770.1978663329771,2.763720849666756294e+03
770.2710688242653,2.749620233086823646e+03
770.3442258887268,2.761706475869623318e+03
770.4173671736539,2.745591485492557240e+03
770.4905282854356,2.726454934419792153e+03
770.5637270444658,2.749620233086823646e+03
770.6369100189285,2.704296822651326693e+03
770.7100771958651,2.715375878535559423e+03
770.7832642087253,2.721418999926958804e+03
770.856459180459,2.697246514361360369e+03
770.9295551317979,2.689189019172827557e+03
771.0027481693259,2.678109963288595281e+03
771.0759313239301,2.678109963288595281e+03
771.1490926926053,2.672066841897195445e+03
771.2222144154819,2.683145897781428175e+03
771.2954094963922,2.666023720505796064e+03
771.368588721728,2.651923103925863415e+03
771.4417223223901,2.666023720505796064e+03
771.5148995537488,2.642858421838764116e+03
771.5880013670636,2.624729057664565062e+03
771.6612063537742,2.622714683867432086e+03
771.734306117772,2.617678749374599192e+03
771.8074852581613,2.614657188678899274e+03
771.8806127402132,2.606599693490366462e+03
771.953783876625,2.618685936273165680e+03
772.0269152446992,2.605592506591799975e+03
772.1000843158894,2.598542198301833650e+03
772.1732135949969,2.588470329316167408e+03
772.2463209463975,2.594513450707567245e+03
772.3195077548475,2.582427207924768027e+03
