X,Y
5.340051300000000083e+02,4.448000000000000000e+03
5.340808100000000422e+02,4.433000000000000000e+03
5.341564899999999625e+02,4.451000000000000000e+03
5.342322400000000471e+02,4.452000000000000000e+03
5.343079199999999673e+02,4.464000000000000000e+03
5.343836099999999760e+02,4.462000000000000000e+03
5.344592900000000100e+02,4.467000000000000000e+03
5.345349700000000439e+02,4.487000000000000000e+03
5.346106600000000526e+02,4.470000000000000000e+03
5.346863399999999729e+02,4.514000000000000000e+03
5.347620200000000068e+02,4.520000000000000000e+03
5.348377100000000155e+02,4.554000000000000000e+03
5.349134500000000116e+02,4.539000000000000000e+03
5.349891400000000203e+02,4.560000000000000000e+03
5.350648200000000543e+02,4.618000000000000000e+03
5.351404999999999745e+02,4.600000000000000000e+03
5.352161899999999832e+02,4.661000000000000000e+03
5.352918700000000172e+02,4.675000000000000000e+03
5.353675500000000511e+02,4.679000000000000000e+03
5.354432399999999461e+02,4.669000000000000000e+03
5.355189199999999801e+02,4.697000000000000000e+03
5.355946000000000140e+02,4.690000000000000000e+03
5.356702900000000227e+02,4.716000000000000000e+03
5.357459700000000566e+02,4.726000000000000000e+03
5.358216599999999517e+02,4.741000000000000000e+03
5.358973399999999856e+02,4.707000000000000000e+03
5.359730200000000195e+02,4.725000000000000000e+03
5.360487100000000282e+02,4.747000000000000000e+03
5.361243899999999485e+02,4.733000000000000000e+03
5.362000699999999824e+02,4.787000000000000000e+03
5.362757599999999911e+02,4.774000000000000000e+03
5.363514400000000251e+02,4.777000000000000000e+03
5.364271199999999453e+02,4.798000000000000000e+03
5.365028099999999540e+02,4.824000000000000000e+03
5.365784899999999880e+02,4.820000000000000000e+03
5.366541700000000219e+02,4.822000000000000000e+03
5.367298600000000306e+02,4.877000000000000000e+03
5.368055399999999509e+02,4.855000000000000000e+03
5.368812299999999595e+02,4.886000000000000000e+03
5.369569099999999935e+02,4.886000000000000000e+03
5.370325900000000274e+02,4.912000000000000000e+03
5.371082800000000361e+02,4.918000000000000000e+03
5.371839599999999564e+02,4.930000000000000000e+03
5.372596399999999903e+02,4.945000000000000000e+03
5.373353299999999990e+02,4.959000000000000000e+03
5.374110100000000330e+02,4.969000000000000000e+03
5.374866299999999910e+02,4.931000000000000000e+03
5.375623199999999997e+02,4.991000000000000000e+03
5.376380000000000337e+02,4.989000000000000000e+03
5.377136799999999539e+02,5.017000000000000000e+03
5.377893699999999626e+02,5.022000000000000000e+03
5.378650499999999965e+02,5.023000000000000000e+03
5.379407300000000305e+02,5.033000000000000000e+03
5.380164200000000392e+02,5.047000000000000000e+03
5.380920399999999972e+02,5.070000000000000000e+03
5.381677200000000312e+02,5.065000000000000000e+03
5.382434100000000399e+02,5.055000000000000000e+03
5.383190899999999601e+02,5.082000000000000000e+03
5.383947799999999688e+02,5.079000000000000000e+03
5.384704600000000028e+02,5.122000000000000000e+03
5.385461400000000367e+02,5.097000000000000000e+03
5.386217699999999695e+02,5.114000000000000000e+03
5.386974500000000035e+02,5.146000000000000000e+03
5.387731300000000374e+02,5.152000000000000000e+03
5.388488200000000461e+02,5.164000000000000000e+03
5.389244999999999663e+02,5.148000000000000000e+03
5.390001200000000381e+02,5.165000000000000000e+03
5.390758100000000468e+02,5.222000000000000000e+03
5.391514899999999670e+02,5.174000000000000000e+03
5.392271700000000010e+02,5.197000000000000000e+03
5.393028000000000475e+02,5.256000000000000000e+03
5.393784799999999677e+02,5.241000000000000000e+03
5.394541600000000017e+02,5.270000000000000000e+03
5.395298500000000104e+02,5.277000000000000000e+03
5.396054699999999684e+02,5.293000000000000000e+03
5.396811500000000024e+02,5.281000000000000000e+03
5.397568400000000111e+02,5.278000000000000000e+03
5.398325200000000450e+02,5.305000000000000000e+03
5.399081400000000031e+02,5.335000000000000000e+03
5.399838300000000118e+02,5.352000000000000000e+03
5.400595100000000457e+02,5.343000000000000000e+03
5.401351300000000037e+02,5.333000000000000000e+03
5.402108200000000124e+02,5.360000000000000000e+03
5.402865000000000464e+02,5.356000000000000000e+03
5.403621200000000044e+02,5.358000000000000000e+03
5.404378100000000131e+02,5.386000000000000000e+03
5.405134900000000471e+02,5.369000000000000000e+03
5.405891100000000051e+02,5.408000000000000000e+03
5.406647900000000391e+02,5.394000000000000000e+03
5.407404800000000478e+02,5.417000000000000000e+03
5.408161000000000058e+02,5.419000000000000000e+03
5.408917800000000398e+02,5.469000000000000000e+03
5.409674700000000485e+02,5.474000000000000000e+03
5.410430900000000065e+02,5.423000000000000000e+03
5.411187700000000405e+02,5.476000000000000000e+03
5.411944600000000491e+02,5.481000000000000000e+03
5.412700800000000072e+02,5.515000000000000000e+03
5.413457600000000411e+02,5.490000000000000000e+03
5.414213899999999740e+02,5.523000000000000000e+03
5.414970700000000079e+02,5.532000000000000000e+03
5.415727500000000418e+02,5.556000000000000000e+03
5.416483799999999746e+02,5.550000000000000000e+03
5.417240600000000086e+02,5.593000000000000000e+03
5.417996799999999666e+02,5.605000000000000000e+03
5.418753699999999753e+02,5.611000000000000000e+03
5.419509900000000471e+02,5.647000000000000000e+03
5.420266699999999673e+02,5.634000000000000000e+03
5.421022900000000391e+02,5.693000000000000000e+03
5.421779800000000478e+02,5.709000000000000000e+03
5.422536000000000058e+02,5.722000000000000000e+03
5.423292800000000398e+02,5.716000000000000000e+03
5.424049099999999726e+02,5.739000000000000000e+03
5.424805900000000065e+02,5.753000000000000000e+03
5.425562099999999646e+02,5.776000000000000000e+03
5.426318999999999733e+02,5.799000000000000000e+03
5.427075200000000450e+02,5.781000000000000000e+03
5.427831999999999653e+02,5.796000000000000000e+03
5.428588300000000118e+02,5.843000000000000000e+03
5.429345100000000457e+02,5.796000000000000000e+03
5.430101300000000037e+02,5.829000000000000000e+03
5.430858200000000124e+02,5.838000000000000000e+03
5.431614399999999705e+02,5.853000000000000000e+03
5.432371200000000044e+02,5.862000000000000000e+03
5.433127399999999625e+02,5.895000000000000000e+03
5.433884299999999712e+02,5.889000000000000000e+03
5.434640500000000429e+02,5.903000000000000000e+03
5.435396700000000010e+02,5.887000000000000000e+03
5.436153600000000097e+02,5.895000000000000000e+03
5.436909799999999677e+02,5.959000000000000000e+03
5.437666600000000017e+02,5.899000000000000000e+03
5.438422900000000482e+02,5.920000000000000000e+03
5.439179100000000062e+02,5.979000000000000000e+03
5.439935900000000402e+02,5.940000000000000000e+03
5.440692099999999982e+02,5.978000000000000000e+03
5.441448400000000447e+02,6.001000000000000000e+03
5.442205199999999650e+02,6.010000000000000000e+03
5.442961400000000367e+02,6.050000000000000000e+03
5.443718300000000454e+02,6.035000000000000000e+03
5.444474500000000035e+02,6.039000000000000000e+03
5.445230699999999615e+02,6.043000000000000000e+03
5.445987499999999955e+02,6.104000000000000000e+03
5.446743800000000419e+02,6.090000000000000000e+03
5.447500000000000000e+02,6.096000000000000000e+03
5.448256199999999581e+02,6.076000000000000000e+03
5.449013099999999667e+02,6.165000000000000000e+03
5.449769300000000385e+02,6.173000000000000000e+03
5.450525499999999965e+02,6.188000000000000000e+03
5.451282300000000305e+02,6.169000000000000000e+03
5.452038599999999633e+02,6.242000000000000000e+03
5.452794800000000350e+02,6.239000000000000000e+03
5.453550999999999931e+02,6.270000000000000000e+03
5.454307900000000018e+02,6.284000000000000000e+03
5.455064099999999598e+02,6.302000000000000000e+03
5.455820300000000316e+02,6.279000000000000000e+03
5.456576499999999896e+02,6.319000000000000000e+03
5.457333399999999983e+02,6.361000000000000000e+03
5.458089599999999564e+02,6.350000000000000000e+03
5.458845800000000281e+02,6.345000000000000000e+03
5.459602099999999609e+02,6.414000000000000000e+03
5.460358300000000327e+02,6.409000000000000000e+03
5.461115099999999529e+02,6.455000000000000000e+03
5.461871300000000247e+02,6.473000000000000000e+03
5.462627599999999575e+02,6.436000000000000000e+03
5.463383800000000292e+02,6.471000000000000000e+03
5.464139999999999873e+02,6.495000000000000000e+03
5.464896199999999453e+02,6.499000000000000000e+03
5.465653099999999540e+02,6.509000000000000000e+03
5.466409300000000258e+02,6.530000000000000000e+03
5.467165499999999838e+02,6.547000000000000000e+03
5.467921800000000303e+02,6.548000000000000000e+03
5.468677999999999884e+02,6.558000000000000000e+03
5.469434199999999464e+02,6.550000000000000000e+03
5.470190400000000182e+02,6.580000000000000000e+03
5.470946699999999510e+02,6.599000000000000000e+03
5.471703499999999849e+02,6.596000000000000000e+03
5.472459700000000566e+02,6.577000000000000000e+03
5.473215900000000147e+02,6.637000000000000000e+03
5.473972199999999475e+02,6.644000000000000000e+03
5.474728400000000192e+02,6.641000000000000000e+03
5.475484599999999773e+02,6.643000000000000000e+03
5.476240800000000490e+02,6.630000000000000000e+03
5.476997099999999818e+02,6.661000000000000000e+03
5.477753300000000536e+02,6.643000000000000000e+03
5.478509500000000116e+02,6.688000000000000000e+03
5.479265699999999697e+02,6.696000000000000000e+03
5.480022000000000162e+02,6.684000000000000000e+03
5.480778199999999742e+02,6.710000000000000000e+03
5.481534400000000460e+02,6.727000000000000000e+03
5.482290600000000040e+02,6.729000000000000000e+03
5.483046900000000505e+02,6.771000000000000000e+03
5.483803100000000086e+02,6.757000000000000000e+03
5.484559299999999666e+02,6.748000000000000000e+03
5.485315600000000131e+02,6.783000000000000000e+03
5.486071799999999712e+02,6.797000000000000000e+03
5.486828000000000429e+02,6.791000000000000000e+03
5.487584200000000010e+02,6.819000000000000000e+03
5.488340500000000475e+02,6.820000000000000000e+03
5.489096700000000055e+02,6.853000000000000000e+03
5.489852899999999636e+02,6.881000000000000000e+03
5.490609100000000353e+02,6.886000000000000000e+03
5.491364700000000312e+02,6.883000000000000000e+03
5.492120999999999640e+02,6.910000000000000000e+03
5.492877200000000357e+02,6.939000000000000000e+03
5.493633399999999938e+02,6.941000000000000000e+03
5.494389599999999518e+02,6.943000000000000000e+03
5.495145899999999983e+02,6.985000000000000000e+03
5.495902099999999564e+02,6.974000000000000000e+03
5.496658300000000281e+02,6.986000000000000000e+03
5.497413900000000240e+02,6.999000000000000000e+03
5.498170199999999568e+02,7.036000000000000000e+03
5.498926400000000285e+02,7.013000000000000000e+03
5.499682599999999866e+02,7.040000000000000000e+03
5.500438799999999446e+02,7.054000000000000000e+03
5.501195099999999911e+02,7.065000000000000000e+03
5.501950699999999870e+02,7.124000000000000000e+03
5.502706899999999450e+02,7.162000000000000000e+03
5.503463100000000168e+02,7.148000000000000000e+03
5.504219399999999496e+02,7.161000000000000000e+03
5.504975600000000213e+02,7.173000000000000000e+03
5.505731200000000172e+02,7.195000000000000000e+03
5.506487399999999752e+02,7.198000000000000000e+03
5.507243700000000217e+02,7.196000000000000000e+03
5.507999899999999798e+02,7.239000000000000000e+03
5.508755499999999756e+02,7.241000000000000000e+03
5.509511700000000474e+02,7.255000000000000000e+03
5.510267900000000054e+02,7.331000000000000000e+03
5.511024200000000519e+02,7.280000000000000000e+03
5.511779800000000478e+02,7.325000000000000000e+03
5.512536000000000058e+02,7.330000000000000000e+03
5.513292199999999639e+02,7.346000000000000000e+03
5.514047900000000482e+02,7.359000000000000000e+03
5.514804100000000062e+02,7.363000000000000000e+03
5.515560299999999643e+02,7.412000000000000000e+03
5.516315899999999601e+02,7.355000000000000000e+03
5.517072100000000319e+02,7.361000000000000000e+03
5.517828399999999647e+02,7.420000000000000000e+03
5.518583999999999605e+02,7.447000000000000000e+03
5.519340200000000323e+02,7.450000000000000000e+03
5.520096399999999903e+02,7.416000000000000000e+03
5.520852099999999609e+02,7.492000000000000000e+03
5.521608300000000327e+02,7.434000000000000000e+03
5.522363900000000285e+02,7.495000000000000000e+03
5.523120099999999866e+02,7.463000000000000000e+03
5.523876299999999446e+02,7.484000000000000000e+03
5.524632000000000289e+02,7.503000000000000000e+03
5.525388199999999870e+02,7.511000000000000000e+03
5.526143799999999828e+02,7.520000000000000000e+03
5.526900000000000546e+02,7.514000000000000000e+03
5.527655600000000504e+02,7.521000000000000000e+03
5.528411899999999832e+02,7.559000000000000000e+03
5.529168100000000550e+02,7.532000000000000000e+03
5.529923700000000508e+02,7.614000000000000000e+03
5.530679900000000089e+02,7.616000000000000000e+03
5.531435500000000047e+02,7.592000000000000000e+03
5.532191800000000512e+02,7.602000000000000000e+03
5.532947400000000471e+02,7.591000000000000000e+03
5.533703600000000051e+02,7.609000000000000000e+03
5.534459200000000010e+02,7.620000000000000000e+03
5.535215500000000475e+02,7.642000000000000000e+03
5.535971100000000433e+02,7.653000000000000000e+03
5.536727300000000014e+02,7.679000000000000000e+03
5.537482899999999972e+02,7.682000000000000000e+03
5.538238499999999931e+02,7.706000000000000000e+03
5.538994800000000396e+02,7.709000000000000000e+03
5.539750400000000354e+02,7.704000000000000000e+03
5.540506599999999935e+02,7.740000000000000000e+03
5.541262199999999893e+02,7.773000000000000000e+03
5.542018399999999474e+02,7.724000000000000000e+03
5.542773999999999432e+02,7.762000000000000000e+03
5.543529700000000275e+02,7.783000000000000000e+03
5.544285899999999856e+02,7.828000000000000000e+03
5.545041499999999814e+02,7.800000000000000000e+03
5.545797099999999773e+02,7.816000000000000000e+03
5.546553300000000490e+02,7.790000000000000000e+03
5.547309000000000196e+02,7.860000000000000000e+03
5.548065199999999777e+02,7.908000000000000000e+03
5.548820799999999736e+02,7.901000000000000000e+03
5.549576399999999694e+02,7.934000000000000000e+03
5.550332600000000411e+02,7.931000000000000000e+03
5.551088300000000118e+02,7.969000000000000000e+03
5.551843900000000076e+02,7.964000000000000000e+03
5.552599500000000035e+02,8.025000000000000000e+03
5.553355699999999615e+02,7.995000000000000000e+03
5.554111299999999574e+02,8.037000000000000000e+03
5.554866899999999532e+02,8.043000000000000000e+03
5.555623199999999997e+02,8.074000000000000000e+03
5.556378799999999956e+02,8.119000000000000000e+03
5.557134399999999914e+02,8.128000000000000000e+03
5.557889999999999873e+02,8.136000000000000000e+03
5.558646199999999453e+02,8.161000000000000000e+03
5.559401900000000296e+02,8.197000000000000000e+03
5.560157500000000255e+02,8.219000000000000000e+03
5.560913100000000213e+02,8.215000000000000000e+03
5.561668700000000172e+02,8.248000000000000000e+03
5.562424899999999752e+02,8.232000000000000000e+03
5.563180499999999711e+02,8.263000000000000000e+03
5.563936200000000554e+02,8.271000000000000000e+03
5.564691800000000512e+02,8.289000000000000000e+03
5.565447400000000471e+02,8.285000000000000000e+03
5.566203000000000429e+02,8.320000000000000000e+03
5.566959200000000010e+02,8.342000000000000000e+03
5.567714799999999968e+02,8.386000000000000000e+03
5.568470499999999674e+02,8.353000000000000000e+03
5.569226099999999633e+02,8.362000000000000000e+03
5.569981699999999591e+02,8.375000000000000000e+03
5.570737299999999550e+02,8.394000000000000000e+03
5.571492899999999509e+02,8.453000000000000000e+03
5.572248499999999467e+02,8.402000000000000000e+03
5.573004200000000310e+02,8.469000000000000000e+03
5.573759800000000268e+02,8.465000000000000000e+03
5.574515999999999849e+02,8.416000000000000000e+03
5.575271599999999808e+02,8.439000000000000000e+03
5.576027199999999766e+02,8.462000000000000000e+03
5.576782799999999725e+02,8.512000000000000000e+03
5.577538500000000568e+02,8.517000000000000000e+03
5.578294100000000526e+02,8.482000000000000000e+03
5.579049700000000485e+02,8.490000000000000000e+03
5.579805300000000443e+02,8.509000000000000000e+03
5.580560900000000402e+02,8.555000000000000000e+03
5.581316500000000360e+02,8.536000000000000000e+03
5.582072100000000319e+02,8.569000000000000000e+03
5.582827800000000025e+02,8.531000000000000000e+03
5.583583399999999983e+02,8.588000000000000000e+03
5.584338999999999942e+02,8.570000000000000000e+03
5.585094599999999900e+02,8.572000000000000000e+03
5.585850199999999859e+02,8.572000000000000000e+03
5.586605200000000195e+02,8.579000000000000000e+03
5.587360800000000154e+02,8.578000000000000000e+03
5.588116499999999860e+02,8.609000000000000000e+03
5.588872099999999818e+02,8.606000000000000000e+03
5.589627699999999777e+02,8.662000000000000000e+03
5.590383299999999736e+02,8.627000000000000000e+03
5.591138899999999694e+02,8.635000000000000000e+03
5.591894499999999653e+02,8.663000000000000000e+03
5.592650099999999611e+02,8.683000000000000000e+03
5.593405199999999695e+02,8.719000000000000000e+03
5.594160799999999654e+02,8.742000000000000000e+03
5.594916399999999612e+02,8.783000000000000000e+03
5.595671999999999571e+02,8.792000000000000000e+03
5.596427599999999529e+02,8.789000000000000000e+03
5.597183199999999488e+02,8.800000000000000000e+03
5.597938199999999824e+02,8.819000000000000000e+03
5.598693799999999783e+02,8.831000000000000000e+03
5.599449499999999489e+02,8.823000000000000000e+03
5.600205099999999447e+02,8.870000000000000000e+03
5.600960700000000543e+02,8.874000000000000000e+03
5.601715699999999742e+02,8.927000000000000000e+03
5.602471299999999701e+02,8.904000000000000000e+03
5.603226899999999659e+02,8.915000000000000000e+03
5.603982499999999618e+02,8.954000000000000000e+03
5.604737499999999955e+02,8.974000000000000000e+03
5.605493199999999661e+02,9.003000000000000000e+03
5.606248799999999619e+02,9.025000000000000000e+03
5.607003799999999956e+02,9.059000000000000000e+03
5.607759399999999914e+02,9.086000000000000000e+03
5.608514999999999873e+02,9.085000000000000000e+03
5.609270000000000209e+02,9.091000000000000000e+03
5.610025600000000168e+02,9.147000000000000000e+03
5.610781200000000126e+02,9.153000000000000000e+03
5.611536300000000210e+02,9.170000000000000000e+03
5.612291900000000169e+02,9.210000000000000000e+03
5.613047500000000127e+02,9.225000000000000000e+03
5.613802500000000464e+02,9.240000000000000000e+03
5.614558100000000422e+02,9.265000000000000000e+03
5.615313700000000381e+02,9.289000000000000000e+03
5.616068699999999581e+02,9.331000000000000000e+03
5.616824299999999539e+02,9.305000000000000000e+03
5.617579299999999876e+02,9.304000000000000000e+03
5.618334999999999582e+02,9.315000000000000000e+03
5.619089999999999918e+02,9.319000000000000000e+03
5.619845599999999877e+02,9.340000000000000000e+03
5.620601199999999835e+02,9.321000000000000000e+03
5.621356200000000172e+02,9.379000000000000000e+03
5.622111800000000130e+02,9.401000000000000000e+03
5.622866800000000467e+02,9.428000000000000000e+03
5.623622400000000425e+02,9.400000000000000000e+03
5.624377399999999625e+02,9.421000000000000000e+03
5.625133100000000468e+02,9.449000000000000000e+03
5.625888099999999667e+02,9.482000000000000000e+03
5.626643699999999626e+02,9.455000000000000000e+03
5.627398699999999963e+02,9.450000000000000000e+03
5.628154299999999921e+02,9.438000000000000000e+03
5.628909300000000258e+02,9.481000000000000000e+03
5.629664299999999457e+02,9.487000000000000000e+03
5.630419900000000553e+02,9.501000000000000000e+03
5.631174899999999752e+02,9.498000000000000000e+03
5.631930499999999711e+02,9.497000000000000000e+03
5.632685500000000047e+02,9.495000000000000000e+03
5.633440600000000131e+02,9.520000000000000000e+03
5.634196200000000090e+02,9.540000000000000000e+03
5.634951200000000426e+02,9.542000000000000000e+03
5.635706800000000385e+02,9.503000000000000000e+03
5.636461799999999585e+02,9.571000000000000000e+03
5.637216799999999921e+02,9.574000000000000000e+03
5.637972399999999880e+02,9.552000000000000000e+03
5.638727400000000216e+02,9.609000000000000000e+03
5.639482400000000553e+02,9.624000000000000000e+03
5.640238000000000511e+02,9.601000000000000000e+03
5.640992999999999711e+02,9.634000000000000000e+03
5.641748000000000047e+02,9.712000000000000000e+03
5.642503699999999753e+02,9.629000000000000000e+03
5.643258700000000090e+02,9.665000000000000000e+03
5.644013700000000426e+02,9.722000000000000000e+03
5.644768699999999626e+02,9.706000000000000000e+03
5.645524299999999585e+02,9.706000000000000000e+03
5.646279299999999921e+02,9.706000000000000000e+03
5.647034300000000258e+02,9.797000000000000000e+03
5.647789299999999457e+02,9.764000000000000000e+03
5.648544299999999794e+02,9.851000000000000000e+03
5.649299899999999752e+02,9.827000000000000000e+03
5.650054900000000089e+02,9.852000000000000000e+03
5.650809900000000425e+02,9.884000000000000000e+03
5.651564899999999625e+02,9.922000000000000000e+03
5.652319899999999961e+02,9.858000000000000000e+03
5.653075599999999667e+02,9.878000000000000000e+03
5.653830600000000004e+02,9.920000000000000000e+03
5.654585600000000341e+02,9.931000000000000000e+03
5.655340599999999540e+02,9.958000000000000000e+03
5.656095599999999877e+02,1.001900000000000000e+04
5.656850600000000213e+02,1.000200000000000000e+04
5.657605600000000550e+02,9.999000000000000000e+03
5.658360599999999749e+02,1.005900000000000000e+04
5.659116199999999708e+02,1.010400000000000000e+04
5.659871200000000044e+02,1.010900000000000000e+04
5.660626200000000381e+02,1.015600000000000000e+04
5.661381199999999581e+02,1.022600000000000000e+04
5.662136199999999917e+02,1.024400000000000000e+04
5.662891200000000254e+02,1.034300000000000000e+04
5.663646199999999453e+02,1.031800000000000000e+04
5.664401199999999790e+02,1.033500000000000000e+04
5.665156200000000126e+02,1.039000000000000000e+04
5.665911300000000210e+02,1.039600000000000000e+04
5.666666300000000547e+02,1.035300000000000000e+04
5.667421299999999746e+02,1.041100000000000000e+04
5.668176300000000083e+02,1.038200000000000000e+04
5.668931300000000419e+02,1.044800000000000000e+04
5.669686299999999619e+02,1.041500000000000000e+04
5.670441299999999956e+02,1.044100000000000000e+04
5.671196300000000292e+02,1.044300000000000000e+04
5.671951299999999492e+02,1.043900000000000000e+04
5.672706299999999828e+02,1.049900000000000000e+04
5.673460700000000543e+02,1.049800000000000000e+04
5.674215699999999742e+02,1.048200000000000000e+04
5.674970700000000079e+02,1.045400000000000000e+04
5.675725700000000415e+02,1.049200000000000000e+04
5.676480699999999615e+02,1.048200000000000000e+04
5.677235699999999952e+02,1.051700000000000000e+04
5.677990700000000288e+02,1.051800000000000000e+04
5.678745699999999488e+02,1.050600000000000000e+04
5.679500100000000202e+02,1.053000000000000000e+04
5.680255100000000539e+02,1.053600000000000000e+04
5.681010099999999738e+02,1.053500000000000000e+04
5.681765100000000075e+02,1.057500000000000000e+04
5.682520100000000411e+02,1.057900000000000000e+04
5.683274499999999989e+02,1.055500000000000000e+04
5.684029500000000326e+02,1.054600000000000000e+04
5.684784499999999525e+02,1.056900000000000000e+04
5.685539599999999609e+02,1.052600000000000000e+04
5.686293899999999439e+02,1.052600000000000000e+04
5.687048999999999523e+02,1.053700000000000000e+04
5.687803999999999860e+02,1.056600000000000000e+04
5.688559000000000196e+02,1.057700000000000000e+04
5.689313399999999774e+02,1.055100000000000000e+04
5.690068400000000111e+02,1.055300000000000000e+04
5.690823400000000447e+02,1.060400000000000000e+04
5.691577800000000025e+02,1.063500000000000000e+04
5.692332800000000361e+02,1.057200000000000000e+04
5.693087799999999561e+02,1.059900000000000000e+04
5.693842200000000275e+02,1.061900000000000000e+04
5.694597199999999475e+02,1.062000000000000000e+04
5.695352199999999812e+02,1.061600000000000000e+04
5.696106600000000526e+02,1.061100000000000000e+04
5.696861599999999726e+02,1.064800000000000000e+04
5.697616000000000440e+02,1.069100000000000000e+04
5.698370999999999640e+02,1.073500000000000000e+04
5.699125999999999976e+02,1.072600000000000000e+04
5.699880399999999554e+02,1.072700000000000000e+04
5.700635399999999890e+02,1.074300000000000000e+04
5.701389799999999468e+02,1.078400000000000000e+04
5.702144799999999805e+02,1.075800000000000000e+04
5.702899200000000519e+02,1.085300000000000000e+04
5.703654199999999719e+02,1.084100000000000000e+04
5.704408600000000433e+02,1.088400000000000000e+04
5.705163599999999633e+02,1.087000000000000000e+04
5.705918000000000347e+02,1.089800000000000000e+04
5.706672999999999547e+02,1.087700000000000000e+04
5.707427400000000262e+02,1.093600000000000000e+04
5.708182399999999461e+02,1.090100000000000000e+04
5.708936800000000176e+02,1.100500000000000000e+04
5.709691800000000512e+02,1.101100000000000000e+04
5.710446200000000090e+02,1.096600000000000000e+04
5.711201200000000426e+02,1.105700000000000000e+04
5.711955600000000004e+02,1.106100000000000000e+04
5.712709999999999582e+02,1.109200000000000000e+04
5.713464999999999918e+02,1.115200000000000000e+04
5.714219399999999496e+02,1.113800000000000000e+04
5.714974399999999832e+02,1.110500000000000000e+04
5.715728800000000547e+02,1.115300000000000000e+04
5.716483200000000124e+02,1.118300000000000000e+04
5.717238200000000461e+02,1.122200000000000000e+04
5.717992600000000039e+02,1.127200000000000000e+04
5.718746899999999869e+02,1.123500000000000000e+04
5.719501999999999953e+02,1.122200000000000000e+04
5.720256299999999783e+02,1.128400000000000000e+04
5.721010700000000497e+02,1.131000000000000000e+04
5.721765699999999697e+02,1.131900000000000000e+04
5.722520100000000411e+02,1.130400000000000000e+04
5.723274499999999989e+02,1.129500000000000000e+04
5.724028899999999567e+02,1.137800000000000000e+04
5.724783899999999903e+02,1.137100000000000000e+04
5.725538299999999481e+02,1.137200000000000000e+04
5.726292700000000195e+02,1.139100000000000000e+04
5.727047099999999773e+02,1.141900000000000000e+04
5.727802100000000110e+02,1.136500000000000000e+04
5.728556499999999687e+02,1.138900000000000000e+04
5.729310900000000402e+02,1.145100000000000000e+04
5.730065299999999979e+02,1.141700000000000000e+04
5.730819699999999557e+02,1.140400000000000000e+04
5.731574100000000271e+02,1.141600000000000000e+04
5.732329099999999471e+02,1.139800000000000000e+04
5.733083500000000186e+02,1.144800000000000000e+04
5.733837899999999763e+02,1.137500000000000000e+04
5.734592300000000478e+02,1.142800000000000000e+04
5.735346700000000055e+02,1.142900000000000000e+04
5.736101099999999633e+02,1.139300000000000000e+04
5.736855500000000347e+02,1.140800000000000000e+04
5.737609899999999925e+02,1.140100000000000000e+04
5.738364299999999503e+02,1.137800000000000000e+04
5.739118700000000217e+02,1.141200000000000000e+04
5.739873000000000047e+02,1.139400000000000000e+04
5.740627399999999625e+02,1.141900000000000000e+04
5.741382399999999961e+02,1.143300000000000000e+04
5.742136799999999539e+02,1.143500000000000000e+04
5.742891200000000254e+02,1.135900000000000000e+04
5.743645599999999831e+02,1.141000000000000000e+04
5.744399399999999787e+02,1.141700000000000000e+04
5.745153800000000501e+02,1.142100000000000000e+04
5.745908200000000079e+02,1.145700000000000000e+04
5.746662599999999657e+02,1.145000000000000000e+04
5.747417000000000371e+02,1.148700000000000000e+04
5.748171399999999949e+02,1.147100000000000000e+04
5.748925799999999526e+02,1.149600000000000000e+04
5.749680200000000241e+02,1.148500000000000000e+04
5.750434599999999818e+02,1.150800000000000000e+04
5.751189000000000533e+02,1.148500000000000000e+04
5.751943400000000111e+02,1.146400000000000000e+04
5.752697799999999688e+02,1.150600000000000000e+04
5.753451499999999896e+02,1.150600000000000000e+04
5.754205899999999474e+02,1.158600000000000000e+04
5.754960300000000188e+02,1.156500000000000000e+04
5.755714699999999766e+02,1.157600000000000000e+04
5.756469100000000481e+02,1.158600000000000000e+04
5.757223500000000058e+02,1.165100000000000000e+04
5.757977300000000014e+02,1.165000000000000000e+04
5.758731699999999591e+02,1.163000000000000000e+04
5.759486100000000306e+02,1.163800000000000000e+04
5.760240499999999884e+02,1.168300000000000000e+04
5.760994299999999839e+02,1.170000000000000000e+04
5.761748700000000554e+02,1.173900000000000000e+04
5.762503100000000131e+02,1.177400000000000000e+04
5.763257399999999961e+02,1.182700000000000000e+04
5.764011199999999917e+02,1.182500000000000000e+04
5.764765599999999495e+02,1.186100000000000000e+04
5.765520000000000209e+02,1.186300000000000000e+04
5.766273800000000165e+02,1.192800000000000000e+04
5.767028199999999742e+02,1.187200000000000000e+04
5.767782600000000457e+02,1.195000000000000000e+04
5.768536400000000413e+02,1.189900000000000000e+04
5.769290799999999990e+02,1.190600000000000000e+04
5.770045199999999568e+02,1.200200000000000000e+04
5.770798999999999523e+02,1.200500000000000000e+04
5.771553300000000490e+02,1.197700000000000000e+04
5.772307700000000068e+02,1.204000000000000000e+04
5.773061500000000024e+02,1.206200000000000000e+04
5.773815899999999601e+02,1.207200000000000000e+04
5.774569699999999557e+02,1.207300000000000000e+04
5.775324100000000271e+02,1.207900000000000000e+04
5.776077900000000227e+02,1.210300000000000000e+04
5.776832299999999805e+02,1.215400000000000000e+04
5.777586099999999760e+02,1.213800000000000000e+04
5.778340500000000475e+02,1.213400000000000000e+04
5.779094199999999546e+02,1.217100000000000000e+04
5.779848600000000260e+02,1.213000000000000000e+04
5.780602400000000216e+02,1.214000000000000000e+04
5.781356799999999794e+02,1.215500000000000000e+04
5.782110599999999749e+02,1.220300000000000000e+04
5.782865000000000464e+02,1.216000000000000000e+04
5.783618800000000419e+02,1.218400000000000000e+04
5.784373199999999997e+02,1.221500000000000000e+04
5.785126999999999953e+02,1.221900000000000000e+04
5.785880700000000161e+02,1.221600000000000000e+04
5.786635099999999738e+02,1.218100000000000000e+04
5.787388899999999694e+02,1.219700000000000000e+04
5.788143300000000409e+02,1.217200000000000000e+04
5.788897100000000364e+02,1.218200000000000000e+04
5.789650900000000320e+02,1.219400000000000000e+04
5.790405299999999897e+02,1.220900000000000000e+04
5.791159099999999853e+02,1.219500000000000000e+04
5.791912800000000061e+02,1.223400000000000000e+04
5.792667199999999639e+02,1.216000000000000000e+04
5.793420999999999594e+02,1.218600000000000000e+04
5.794174799999999550e+02,1.218300000000000000e+04
5.794928599999999506e+02,1.220800000000000000e+04
5.795683000000000220e+02,1.220300000000000000e+04
5.796436800000000176e+02,1.220200000000000000e+04
5.797190600000000131e+02,1.215200000000000000e+04
5.797944300000000339e+02,1.222400000000000000e+04
5.798698699999999917e+02,1.222500000000000000e+04
5.799452499999999873e+02,1.220500000000000000e+04
5.800206299999999828e+02,1.224900000000000000e+04
5.800960099999999784e+02,1.222000000000000000e+04
5.801713899999999740e+02,1.217100000000000000e+04
5.802467699999999695e+02,1.225200000000000000e+04
5.803221999999999525e+02,1.229000000000000000e+04
5.803975799999999481e+02,1.223900000000000000e+04
5.804729599999999436e+02,1.226700000000000000e+04
5.805483400000000529e+02,1.226400000000000000e+04
5.806237200000000485e+02,1.226500000000000000e+04
5.806991000000000440e+02,1.227500000000000000e+04
5.807744800000000396e+02,1.225700000000000000e+04
5.808498499999999467e+02,1.226300000000000000e+04
5.809252300000000560e+02,1.225400000000000000e+04
5.810006700000000137e+02,1.230800000000000000e+04
5.810760500000000093e+02,1.230200000000000000e+04
5.811514300000000048e+02,1.235800000000000000e+04
5.812268100000000004e+02,1.234900000000000000e+04
5.813021899999999960e+02,1.235500000000000000e+04
5.813775600000000168e+02,1.236100000000000000e+04
5.814529400000000123e+02,1.233000000000000000e+04
5.815283200000000079e+02,1.237600000000000000e+04
5.816037000000000035e+02,1.235200000000000000e+04
5.816790200000000368e+02,1.240100000000000000e+04
5.817543899999999439e+02,1.242700000000000000e+04
5.818297700000000532e+02,1.249900000000000000e+04
5.819051500000000487e+02,1.251900000000000000e+04
5.819805300000000443e+02,1.252700000000000000e+04
5.820559100000000399e+02,1.257300000000000000e+04
5.821312900000000354e+02,1.252400000000000000e+04
5.822066700000000310e+02,1.254500000000000000e+04
5.822820400000000518e+02,1.254400000000000000e+04
5.823574200000000474e+02,1.264700000000000000e+04
5.824327399999999670e+02,1.259900000000000000e+04
5.825081199999999626e+02,1.266800000000000000e+04
5.825834999999999582e+02,1.266200000000000000e+04
5.826588699999999790e+02,1.270900000000000000e+04
5.827342499999999745e+02,1.268700000000000000e+04
5.828095700000000079e+02,1.270900000000000000e+04
5.828849500000000035e+02,1.274500000000000000e+04
5.829603299999999990e+02,1.271300000000000000e+04
5.830357099999999946e+02,1.276300000000000000e+04
5.831110200000000532e+02,1.277400000000000000e+04
5.831864000000000487e+02,1.279100000000000000e+04
5.832617800000000443e+02,1.283600000000000000e+04
5.833371600000000399e+02,1.283300000000000000e+04
5.834124799999999595e+02,1.285600000000000000e+04
5.834878499999999804e+02,1.283800000000000000e+04
5.835632299999999759e+02,1.287700000000000000e+04
5.836385500000000093e+02,1.286600000000000000e+04
5.837139300000000048e+02,1.285300000000000000e+04
5.837893100000000004e+02,1.294000000000000000e+04
5.838646199999999453e+02,1.286600000000000000e+04
5.839400000000000546e+02,1.292300000000000000e+04
5.840153199999999742e+02,1.295000000000000000e+04
5.840906999999999698e+02,1.292300000000000000e+04
5.841660799999999654e+02,1.294500000000000000e+04
5.842413900000000240e+02,1.292100000000000000e+04
5.843167700000000195e+02,1.292500000000000000e+04
5.843920900000000529e+02,1.292100000000000000e+04
5.844674700000000485e+02,1.292900000000000000e+04
5.845427899999999681e+02,1.293000000000000000e+04
5.846181599999999889e+02,1.294600000000000000e+04
5.846934800000000223e+02,1.291800000000000000e+04
5.847688600000000179e+02,1.295500000000000000e+04
5.848441800000000512e+02,1.292200000000000000e+04
5.849195600000000468e+02,1.290300000000000000e+04
5.849948699999999917e+02,1.290900000000000000e+04
5.850702499999999873e+02,1.297700000000000000e+04
5.851455700000000206e+02,1.290900000000000000e+04
5.852208900000000540e+02,1.292200000000000000e+04
5.852962599999999611e+02,1.290200000000000000e+04
5.853715799999999945e+02,1.288100000000000000e+04
5.854469599999999900e+02,1.292200000000000000e+04
5.855222800000000234e+02,1.285800000000000000e+04
5.855976000000000568e+02,1.289800000000000000e+04
5.856729699999999639e+02,1.292800000000000000e+04
5.857482899999999972e+02,1.292700000000000000e+04
5.858236100000000306e+02,1.294200000000000000e+04
5.858989900000000262e+02,1.292900000000000000e+04
5.859742999999999711e+02,1.295500000000000000e+04
5.860496200000000044e+02,1.291600000000000000e+04
5.861249400000000378e+02,1.285200000000000000e+04
5.862003200000000334e+02,1.286200000000000000e+04
5.862756299999999783e+02,1.291900000000000000e+04
5.863509500000000116e+02,1.291100000000000000e+04
5.864262700000000450e+02,1.292800000000000000e+04
5.865016500000000406e+02,1.296100000000000000e+04
5.865769699999999602e+02,1.286100000000000000e+04
5.866522800000000188e+02,1.297000000000000000e+04
5.867276000000000522e+02,1.297700000000000000e+04
5.868029199999999719e+02,1.295000000000000000e+04
5.868782999999999674e+02,1.297500000000000000e+04
5.869536100000000260e+02,1.298700000000000000e+04
5.870289299999999457e+02,1.300500000000000000e+04
5.871042499999999791e+02,1.307000000000000000e+04
5.871795700000000124e+02,1.304400000000000000e+04
5.872548799999999574e+02,1.303200000000000000e+04
5.873301999999999907e+02,1.306700000000000000e+04
5.874055200000000241e+02,1.307100000000000000e+04
5.874808299999999690e+02,1.311200000000000000e+04
5.875561500000000024e+02,1.311400000000000000e+04
5.876314700000000357e+02,1.310400000000000000e+04
5.877067899999999554e+02,1.316300000000000000e+04
5.877821699999999510e+02,1.318600000000000000e+04
5.878574800000000096e+02,1.321200000000000000e+04
5.879328000000000429e+02,1.321600000000000000e+04
5.880080600000000004e+02,1.324700000000000000e+04
5.880833699999999453e+02,1.324500000000000000e+04
5.881586899999999787e+02,1.327300000000000000e+04
5.882340100000000120e+02,1.330300000000000000e+04
5.883093300000000454e+02,1.333000000000000000e+04
5.883846399999999903e+02,1.335200000000000000e+04
5.884599600000000237e+02,1.335700000000000000e+04
5.885352799999999434e+02,1.339600000000000000e+04
5.886105999999999767e+02,1.342900000000000000e+04
5.886859100000000353e+02,1.340100000000000000e+04
5.887612299999999550e+02,1.340400000000000000e+04
5.888364900000000262e+02,1.345200000000000000e+04
5.889117999999999711e+02,1.347400000000000000e+04
5.889871200000000044e+02,1.348000000000000000e+04
5.890624400000000378e+02,1.352000000000000000e+04
5.891377599999999575e+02,1.352100000000000000e+04
5.892130700000000161e+02,1.348600000000000000e+04
5.892883299999999736e+02,1.353000000000000000e+04
5.893636500000000069e+02,1.356800000000000000e+04
5.894389599999999518e+02,1.357900000000000000e+04
5.895142799999999852e+02,1.354600000000000000e+04
5.895895400000000564e+02,1.356400000000000000e+04
5.896648599999999760e+02,1.358600000000000000e+04
5.897401700000000346e+02,1.360300000000000000e+04
5.898154299999999921e+02,1.362800000000000000e+04
5.898907500000000255e+02,1.362200000000000000e+04
5.899660599999999704e+02,1.358200000000000000e+04
5.900413200000000415e+02,1.363800000000000000e+04
5.901166399999999612e+02,1.358800000000000000e+04
5.901919599999999946e+02,1.358100000000000000e+04
5.902672099999999773e+02,1.358900000000000000e+04
5.903425300000000107e+02,1.364700000000000000e+04
5.904177899999999681e+02,1.356400000000000000e+04
5.904931000000000267e+02,1.358400000000000000e+04
5.905684199999999464e+02,1.362700000000000000e+04
5.906436800000000176e+02,1.359800000000000000e+04
5.907189899999999625e+02,1.364300000000000000e+04
5.907942500000000337e+02,1.360600000000000000e+04
5.908695699999999533e+02,1.358800000000000000e+04
5.909448200000000497e+02,1.354800000000000000e+04
5.910201399999999694e+02,1.359200000000000000e+04
5.910954000000000406e+02,1.357700000000000000e+04
5.911707199999999602e+02,1.356800000000000000e+04
5.912459700000000566e+02,1.363100000000000000e+04
5.913212899999999763e+02,1.356700000000000000e+04
5.913965500000000475e+02,1.358600000000000000e+04
5.914718000000000302e+02,1.354600000000000000e+04
5.915471199999999499e+02,1.356700000000000000e+04
5.916223800000000210e+02,1.358800000000000000e+04
5.916976899999999659e+02,1.354000000000000000e+04
5.917729500000000371e+02,1.359100000000000000e+04
5.918482099999999946e+02,1.354100000000000000e+04
5.919235200000000532e+02,1.350000000000000000e+04
5.919987800000000107e+02,1.359800000000000000e+04
5.920740399999999681e+02,1.357400000000000000e+04
5.921493500000000267e+02,1.356900000000000000e+04
5.922246099999999842e+02,1.352300000000000000e+04
5.922998700000000554e+02,1.353900000000000000e+04
5.923751200000000381e+02,1.358300000000000000e+04
5.924504399999999578e+02,1.356500000000000000e+04
5.925257000000000289e+02,1.361300000000000000e+04
5.926009500000000116e+02,1.362800000000000000e+04
5.926762099999999691e+02,1.361700000000000000e+04
5.927515300000000025e+02,1.358400000000000000e+04
5.928267799999999852e+02,1.363900000000000000e+04
5.929020400000000564e+02,1.372600000000000000e+04
5.929772900000000391e+02,1.367300000000000000e+04
5.930525499999999965e+02,1.370700000000000000e+04
5.931278099999999540e+02,1.365600000000000000e+04
5.932031200000000126e+02,1.366000000000000000e+04
5.932783799999999701e+02,1.371700000000000000e+04
5.933536400000000413e+02,1.376800000000000000e+04
5.934288900000000240e+02,1.375600000000000000e+04
5.935041499999999814e+02,1.373400000000000000e+04
5.935794100000000526e+02,1.379000000000000000e+04
5.936546600000000353e+02,1.377800000000000000e+04
5.937299199999999928e+02,1.380400000000000000e+04
5.938051799999999503e+02,1.376700000000000000e+04
5.938804300000000467e+02,1.382700000000000000e+04
5.939556900000000041e+02,1.386300000000000000e+04
5.940309399999999869e+02,1.387400000000000000e+04
5.941061999999999443e+02,1.394800000000000000e+04
5.941814600000000155e+02,1.384500000000000000e+04
5.942567099999999982e+02,1.391300000000000000e+04
5.943319699999999557e+02,1.394100000000000000e+04
5.944072300000000268e+02,1.392500000000000000e+04
5.944824800000000096e+02,1.386100000000000000e+04
5.945577399999999670e+02,1.393300000000000000e+04
5.946330000000000382e+02,1.395200000000000000e+04
5.947082500000000209e+02,1.397000000000000000e+04
5.947834500000000162e+02,1.397900000000000000e+04
5.948586999999999989e+02,1.400400000000000000e+04
5.949339599999999564e+02,1.402100000000000000e+04
5.950092200000000275e+02,1.407100000000000000e+04
5.950844700000000103e+02,1.401400000000000000e+04
5.951596700000000055e+02,1.398100000000000000e+04
5.952349199999999882e+02,1.405500000000000000e+04
5.953101799999999457e+02,1.408500000000000000e+04
5.953854400000000169e+02,1.408800000000000000e+04
5.954606899999999996e+02,1.404900000000000000e+04
5.955358899999999949e+02,1.404400000000000000e+04
5.956111499999999523e+02,1.407500000000000000e+04
5.956864000000000487e+02,1.411200000000000000e+04
5.957616000000000440e+02,1.404400000000000000e+04
5.958368500000000267e+02,1.408000000000000000e+04
5.959121099999999842e+02,1.410000000000000000e+04
5.959873000000000047e+02,1.410700000000000000e+04
5.960625599999999622e+02,1.411100000000000000e+04
5.961378200000000334e+02,1.413600000000000000e+04
5.962130100000000539e+02,1.416400000000000000e+04
5.962882700000000114e+02,1.412400000000000000e+04
5.963635299999999688e+02,1.408800000000000000e+04
5.964387199999999893e+02,1.412800000000000000e+04
5.965139799999999468e+02,1.408100000000000000e+04
5.965891699999999673e+02,1.407100000000000000e+04
5.966644300000000385e+02,1.407600000000000000e+04
5.967396199999999453e+02,1.406300000000000000e+04
5.968148800000000165e+02,1.408600000000000000e+04
5.968900800000000118e+02,1.408400000000000000e+04
5.969653299999999945e+02,1.407700000000000000e+04
5.970405299999999897e+02,1.407600000000000000e+04
5.971157799999999725e+02,1.408000000000000000e+04
5.971909799999999677e+02,1.407900000000000000e+04
5.972662400000000389e+02,1.407700000000000000e+04
5.973414299999999457e+02,1.406200000000000000e+04
5.974166300000000547e+02,1.402500000000000000e+04
5.974918800000000374e+02,1.405800000000000000e+04
5.975670800000000327e+02,1.403900000000000000e+04
5.976423300000000154e+02,1.401300000000000000e+04
5.977175300000000107e+02,1.404700000000000000e+04
5.977927200000000312e+02,1.402600000000000000e+04
5.978679799999999886e+02,1.400500000000000000e+04
5.979431799999999839e+02,1.402000000000000000e+04
5.980183700000000044e+02,1.404500000000000000e+04
5.980936299999999619e+02,1.397100000000000000e+04
5.981688199999999824e+02,1.401700000000000000e+04
5.982440199999999777e+02,1.402200000000000000e+04
5.983192099999999982e+02,1.400500000000000000e+04
5.983944699999999557e+02,1.402500000000000000e+04
5.984696699999999510e+02,1.401500000000000000e+04
5.985448599999999715e+02,1.403200000000000000e+04
5.986200599999999667e+02,1.400200000000000000e+04
5.986952499999999873e+02,1.402500000000000000e+04
5.987705099999999447e+02,1.396900000000000000e+04
5.988456999999999653e+02,1.396800000000000000e+04
5.989208999999999605e+02,1.400100000000000000e+04
5.989960899999999810e+02,1.403600000000000000e+04
5.990712899999999763e+02,1.400900000000000000e+04
5.991464799999999968e+02,1.401200000000000000e+04
5.992216799999999921e+02,1.405500000000000000e+04
5.992968799999999874e+02,1.406600000000000000e+04
5.993720700000000079e+02,1.408000000000000000e+04
5.994472700000000032e+02,1.405100000000000000e+04
5.995225199999999859e+02,1.405300000000000000e+04
5.995977199999999812e+02,1.411800000000000000e+04
5.996729100000000017e+02,1.408300000000000000e+04
5.997481099999999969e+02,1.407100000000000000e+04
5.998233000000000175e+02,1.409400000000000000e+04
5.998985000000000127e+02,1.408300000000000000e+04
5.999736299999999574e+02,1.416200000000000000e+04
6.000488299999999526e+02,1.411000000000000000e+04
6.001240199999999732e+02,1.414700000000000000e+04
6.001992199999999684e+02,1.414200000000000000e+04
6.002744099999999889e+02,1.414200000000000000e+04
6.003496099999999842e+02,1.413800000000000000e+04
6.004248000000000047e+02,1.420500000000000000e+04
6.005000000000000000e+02,1.423900000000000000e+04
6.005751999999999953e+02,1.425200000000000000e+04
6.006503300000000536e+02,1.421200000000000000e+04
6.007255199999999604e+02,1.421700000000000000e+04
6.008007199999999557e+02,1.428500000000000000e+04
6.008759199999999510e+02,1.424400000000000000e+04
6.009511099999999715e+02,1.431900000000000000e+04
6.010262500000000045e+02,1.424600000000000000e+04
6.011014400000000251e+02,1.431800000000000000e+04
6.011766400000000203e+02,1.430700000000000000e+04
6.012518300000000409e+02,1.430900000000000000e+04
6.013269699999999602e+02,1.429100000000000000e+04
6.014021599999999808e+02,1.435400000000000000e+04
6.014773599999999760e+02,1.434000000000000000e+04
6.015524900000000343e+02,1.434100000000000000e+04
6.016276900000000296e+02,1.433300000000000000e+04
6.017028800000000501e+02,1.438200000000000000e+04
6.017780199999999695e+02,1.434700000000000000e+04
6.018532099999999900e+02,1.438200000000000000e+04
6.019284099999999853e+02,1.441200000000000000e+04
6.020035400000000436e+02,1.443200000000000000e+04
6.020787400000000389e+02,1.438700000000000000e+04
6.021538699999999835e+02,1.444500000000000000e+04
6.022290600000000040e+02,1.440500000000000000e+04
6.023042000000000371e+02,1.438400000000000000e+04
6.023793899999999439e+02,1.436600000000000000e+04
6.024545299999999770e+02,1.433300000000000000e+04
6.025297199999999975e+02,1.440900000000000000e+04
6.026048600000000306e+02,1.433700000000000000e+04
6.026800500000000511e+02,1.437200000000000000e+04
6.027551899999999705e+02,1.435800000000000000e+04
6.028303799999999910e+02,1.438000000000000000e+04
6.029055200000000241e+02,1.438400000000000000e+04
6.029807100000000446e+02,1.443100000000000000e+04
6.030558499999999640e+02,1.433300000000000000e+04
6.031309800000000223e+02,1.435800000000000000e+04
6.032061800000000176e+02,1.432700000000000000e+04
6.032813099999999622e+02,1.436000000000000000e+04
6.033564499999999953e+02,1.433600000000000000e+04
6.034316400000000158e+02,1.431700000000000000e+04
6.035067699999999604e+02,1.435200000000000000e+04
6.035819099999999935e+02,1.439800000000000000e+04
6.036571000000000140e+02,1.435900000000000000e+04
6.037322400000000471e+02,1.437900000000000000e+04
6.038073699999999917e+02,1.435900000000000000e+04
6.038825100000000248e+02,1.436900000000000000e+04
6.039577000000000453e+02,1.436900000000000000e+04
6.040328399999999647e+02,1.428600000000000000e+04
6.041079700000000230e+02,1.429900000000000000e+04
6.041831100000000561e+02,1.427000000000000000e+04
6.042582999999999629e+02,1.430700000000000000e+04
6.043334399999999960e+02,1.432900000000000000e+04
6.044085700000000543e+02,1.425300000000000000e+04
6.044836999999999989e+02,1.424000000000000000e+04
6.045588400000000320e+02,1.431900000000000000e+04
6.046339699999999766e+02,1.428900000000000000e+04
6.047091100000000097e+02,1.429800000000000000e+04
6.047842399999999543e+02,1.429600000000000000e+04
6.048593799999999874e+02,1.426300000000000000e+04
6.049345100000000457e+02,1.431300000000000000e+04
6.050096999999999525e+02,1.433200000000000000e+04
6.050848399999999856e+02,1.430700000000000000e+04
6.051599700000000439e+02,1.434200000000000000e+04
6.052351099999999633e+02,1.432500000000000000e+04
6.053102400000000216e+02,1.429700000000000000e+04
6.053853100000000040e+02,1.431900000000000000e+04
6.054604500000000371e+02,1.428500000000000000e+04
6.055355799999999817e+02,1.436900000000000000e+04
6.056107200000000148e+02,1.435300000000000000e+04
6.056858499999999594e+02,1.439900000000000000e+04
6.057609899999999925e+02,1.437300000000000000e+04
6.058361200000000508e+02,1.430700000000000000e+04
6.059112499999999955e+02,1.437700000000000000e+04
6.059863900000000285e+02,1.437700000000000000e+04
6.060615199999999732e+02,1.437900000000000000e+04
6.061366000000000440e+02,1.442000000000000000e+04
6.062117299999999886e+02,1.438500000000000000e+04
6.062868700000000217e+02,1.442700000000000000e+04
6.063619999999999663e+02,1.437300000000000000e+04
6.064370699999999488e+02,1.443900000000000000e+04
6.065122099999999818e+02,1.441300000000000000e+04
6.065873400000000402e+02,1.443300000000000000e+04
6.066624799999999595e+02,1.448100000000000000e+04
6.067375500000000557e+02,1.445300000000000000e+04
6.068126800000000003e+02,1.448900000000000000e+04
6.068878200000000334e+02,1.450700000000000000e+04
6.069628900000000158e+02,1.450600000000000000e+04
6.070380199999999604e+02,1.453200000000000000e+04
6.071131599999999935e+02,1.447600000000000000e+04
6.071882299999999759e+02,1.449100000000000000e+04
6.072633700000000090e+02,1.448200000000000000e+04
6.073384999999999536e+02,1.452200000000000000e+04
6.074135700000000497e+02,1.445900000000000000e+04
6.074887099999999691e+02,1.449000000000000000e+04
6.075637799999999515e+02,1.449200000000000000e+04
6.076389199999999846e+02,1.454700000000000000e+04
6.077139899999999670e+02,1.448600000000000000e+04
6.077891200000000254e+02,1.452600000000000000e+04
6.078641999999999825e+02,1.451900000000000000e+04
6.079393300000000409e+02,1.458100000000000000e+04
6.080144000000000233e+02,1.459000000000000000e+04
6.080895400000000564e+02,1.456600000000000000e+04
6.081646100000000388e+02,1.457100000000000000e+04
6.082397499999999582e+02,1.447500000000000000e+04
6.083148200000000543e+02,1.448600000000000000e+04
6.083898900000000367e+02,1.450100000000000000e+04
6.084650299999999561e+02,1.450900000000000000e+04
6.085401000000000522e+02,1.456900000000000000e+04
6.086151700000000346e+02,1.457000000000000000e+04
6.086903099999999540e+02,1.459500000000000000e+04
6.087653800000000501e+02,1.456700000000000000e+04
6.088404500000000326e+02,1.447600000000000000e+04
6.089155899999999519e+02,1.447000000000000000e+04
6.089906600000000481e+02,1.451500000000000000e+04
6.090657300000000305e+02,1.450900000000000000e+04
6.091408699999999499e+02,1.447500000000000000e+04
6.092159400000000460e+02,1.452300000000000000e+04
6.092910200000000032e+02,1.450600000000000000e+04
6.093660899999999856e+02,1.449700000000000000e+04
6.094411599999999680e+02,1.446300000000000000e+04
6.095163000000000011e+02,1.450800000000000000e+04
6.095913699999999835e+02,1.445200000000000000e+04
6.096664399999999659e+02,1.445700000000000000e+04
6.097415200000000368e+02,1.444900000000000000e+04
6.098165900000000192e+02,1.449600000000000000e+04
6.098916600000000017e+02,1.450400000000000000e+04
6.099667399999999589e+02,1.451000000000000000e+04
6.100418100000000550e+02,1.452500000000000000e+04
6.101168800000000374e+02,1.453300000000000000e+04
6.101919599999999946e+02,1.450600000000000000e+04
6.102670299999999770e+02,1.446700000000000000e+04
6.103420999999999594e+02,1.448200000000000000e+04
6.104171800000000303e+02,1.454300000000000000e+04
6.104922500000000127e+02,1.453900000000000000e+04
6.105673199999999952e+02,1.445100000000000000e+04
6.106423999999999523e+02,1.450800000000000000e+04
6.107174700000000485e+02,1.448300000000000000e+04
6.107925400000000309e+02,1.448800000000000000e+04
6.108676100000000133e+02,1.445400000000000000e+04
6.109426899999999705e+02,1.446400000000000000e+04
6.110177599999999529e+02,1.446500000000000000e+04
6.110928300000000490e+02,1.447100000000000000e+04
6.111679100000000062e+02,1.450600000000000000e+04
6.112429200000000264e+02,1.449000000000000000e+04
6.113179900000000089e+02,1.454000000000000000e+04
6.113930699999999661e+02,1.449900000000000000e+04
6.114681399999999485e+02,1.450300000000000000e+04
6.115432100000000446e+02,1.451100000000000000e+04
6.116182300000000396e+02,1.447800000000000000e+04
6.116933000000000220e+02,1.450800000000000000e+04
6.117683700000000044e+02,1.453800000000000000e+04
6.118434399999999869e+02,1.450800000000000000e+04
6.119184599999999818e+02,1.457800000000000000e+04
6.119935299999999643e+02,1.451200000000000000e+04
6.120685999999999467e+02,1.459300000000000000e+04
6.121436200000000554e+02,1.454300000000000000e+04
6.122186900000000378e+02,1.448100000000000000e+04
6.122937600000000202e+02,1.456700000000000000e+04
6.123687700000000405e+02,1.448300000000000000e+04
6.124438499999999976e+02,1.456800000000000000e+04
6.125188600000000179e+02,1.453300000000000000e+04
6.125939300000000003e+02,1.457200000000000000e+04
6.126689499999999953e+02,1.452200000000000000e+04
6.127440199999999777e+02,1.453600000000000000e+04
6.128190899999999601e+02,1.452200000000000000e+04
6.128940999999999804e+02,1.459700000000000000e+04
6.129691800000000512e+02,1.459400000000000000e+04
6.130441899999999578e+02,1.464100000000000000e+04
6.131191999999999780e+02,1.459700000000000000e+04
6.131942699999999604e+02,1.459400000000000000e+04
6.132692899999999554e+02,1.456600000000000000e+04
6.133443600000000515e+02,1.461500000000000000e+04
6.134193699999999581e+02,1.457900000000000000e+04
6.134944500000000289e+02,1.464700000000000000e+04
6.135694600000000491e+02,1.467200000000000000e+04
6.136444699999999557e+02,1.458400000000000000e+04
6.137195400000000518e+02,1.462700000000000000e+04
6.137945600000000468e+02,1.456800000000000000e+04
6.138695699999999533e+02,1.461400000000000000e+04
6.139446400000000494e+02,1.465600000000000000e+04
6.140196499999999560e+02,1.467300000000000000e+04
6.140946699999999510e+02,1.466800000000000000e+04
6.141696799999999712e+02,1.463100000000000000e+04
6.142447499999999536e+02,1.467900000000000000e+04
6.143197599999999738e+02,1.467400000000000000e+04
6.143947799999999688e+02,1.467500000000000000e+04
6.144697899999999890e+02,1.467400000000000000e+04
6.145448000000000093e+02,1.466300000000000000e+04
6.146198699999999917e+02,1.467400000000000000e+04
6.146948899999999867e+02,1.468900000000000000e+04
6.147699000000000069e+02,1.469700000000000000e+04
6.148449100000000271e+02,1.463700000000000000e+04
6.149199200000000474e+02,1.465400000000000000e+04
6.149949299999999539e+02,1.470600000000000000e+04
6.150699499999999489e+02,1.467900000000000000e+04
6.151449599999999691e+02,1.465600000000000000e+04
6.152199699999999893e+02,1.469300000000000000e+04
6.152949800000000096e+02,1.469700000000000000e+04
6.153700000000000045e+02,1.460600000000000000e+04
6.154450100000000248e+02,1.463400000000000000e+04
6.155200200000000450e+02,1.463100000000000000e+04
6.155950299999999515e+02,1.464900000000000000e+04
6.156700399999999718e+02,1.464300000000000000e+04
6.157450599999999667e+02,1.466600000000000000e+04
6.158200699999999870e+02,1.466000000000000000e+04
6.158950800000000072e+02,1.466900000000000000e+04
6.159700900000000274e+02,1.459000000000000000e+04
6.160451000000000477e+02,1.457600000000000000e+04
6.161200599999999667e+02,1.462400000000000000e+04
6.161950699999999870e+02,1.464300000000000000e+04
6.162700800000000072e+02,1.462700000000000000e+04
6.163450900000000274e+02,1.458100000000000000e+04
6.164201000000000477e+02,1.458700000000000000e+04
6.164950599999999667e+02,1.458400000000000000e+04
6.165700699999999870e+02,1.455400000000000000e+04
6.166450800000000072e+02,1.461700000000000000e+04
6.167200900000000274e+02,1.458300000000000000e+04
6.167950399999999718e+02,1.458100000000000000e+04
6.168700599999999667e+02,1.453100000000000000e+04
6.169450699999999870e+02,1.458500000000000000e+04
6.170200200000000450e+02,1.455100000000000000e+04
6.170950299999999515e+02,1.455800000000000000e+04
6.171700399999999718e+02,1.462100000000000000e+04
6.172450000000000045e+02,1.457100000000000000e+04
6.173200100000000248e+02,1.459100000000000000e+04
6.173950200000000450e+02,1.451800000000000000e+04
6.174699699999999893e+02,1.450600000000000000e+04
6.175449800000000096e+02,1.456300000000000000e+04
6.176199299999999539e+02,1.448400000000000000e+04
6.176949499999999489e+02,1.456200000000000000e+04
6.177699000000000069e+02,1.452500000000000000e+04
6.178449100000000271e+02,1.458000000000000000e+04
6.179198599999999715e+02,1.454900000000000000e+04
6.179948699999999917e+02,1.454600000000000000e+04
6.180698200000000497e+02,1.452300000000000000e+04
6.181448400000000447e+02,1.453300000000000000e+04
6.182197899999999890e+02,1.449700000000000000e+04
6.182947400000000471e+02,1.457800000000000000e+04
6.183697499999999536e+02,1.451300000000000000e+04
6.184447000000000116e+02,1.459900000000000000e+04
6.185196499999999560e+02,1.456500000000000000e+04
6.185946699999999510e+02,1.457900000000000000e+04
6.186696200000000090e+02,1.459600000000000000e+04
6.187445699999999533e+02,1.460300000000000000e+04
6.188195799999999736e+02,1.452600000000000000e+04
6.188945300000000316e+02,1.455400000000000000e+04
6.189694799999999759e+02,1.455300000000000000e+04
6.190444300000000339e+02,1.458900000000000000e+04
6.191194500000000289e+02,1.455600000000000000e+04
6.191943999999999733e+02,1.454500000000000000e+04
6.192693500000000313e+02,1.455100000000000000e+04
6.193442999999999756e+02,1.458000000000000000e+04
6.194192500000000337e+02,1.457300000000000000e+04
6.194942600000000539e+02,1.454300000000000000e+04
6.195692099999999982e+02,1.464600000000000000e+04
6.196441700000000310e+02,1.455800000000000000e+04
6.197191199999999753e+02,1.455800000000000000e+04
6.197940700000000334e+02,1.451300000000000000e+04
6.198690199999999777e+02,1.461000000000000000e+04
6.199439700000000357e+02,1.458400000000000000e+04
6.200189199999999801e+02,1.459100000000000000e+04
6.200938700000000381e+02,1.460100000000000000e+04
6.201688199999999824e+02,1.456800000000000000e+04
6.202437700000000405e+02,1.455700000000000000e+04
6.203187299999999595e+02,1.457400000000000000e+04
6.203936800000000176e+02,1.458800000000000000e+04
6.204686299999999619e+02,1.460700000000000000e+04
6.205435800000000199e+02,1.463200000000000000e+04
6.206185299999999643e+02,1.459600000000000000e+04
6.206934800000000223e+02,1.457900000000000000e+04
6.207684299999999666e+02,1.460200000000000000e+04
6.208433199999999488e+02,1.459200000000000000e+04
6.209182700000000068e+02,1.460300000000000000e+04
6.209932300000000396e+02,1.458800000000000000e+04
6.210681799999999839e+02,1.461900000000000000e+04
6.211431300000000419e+02,1.454000000000000000e+04
6.212180799999999863e+02,1.458900000000000000e+04
6.212929699999999684e+02,1.457600000000000000e+04
6.213679200000000264e+02,1.458400000000000000e+04
6.214428699999999708e+02,1.453900000000000000e+04
6.215177599999999529e+02,1.464300000000000000e+04
6.215927100000000110e+02,1.458500000000000000e+04
6.216676599999999553e+02,1.458500000000000000e+04
6.217426100000000133e+02,1.460400000000000000e+04
6.218174999999999955e+02,1.455000000000000000e+04
6.218924600000000282e+02,1.456100000000000000e+04
6.219673500000000104e+02,1.452100000000000000e+04
6.220422999999999547e+02,1.454600000000000000e+04
6.221172500000000127e+02,1.459300000000000000e+04
6.221921399999999949e+02,1.455000000000000000e+04
6.222670900000000529e+02,1.451100000000000000e+04
6.223419800000000350e+02,1.454700000000000000e+04
6.224169299999999794e+02,1.447500000000000000e+04
6.224918199999999615e+02,1.446200000000000000e+04
6.225667700000000195e+02,1.448700000000000000e+04
6.226416600000000017e+02,1.449800000000000000e+04
6.227166099999999460e+02,1.453600000000000000e+04
6.227915000000000418e+02,1.449400000000000000e+04
6.228664599999999609e+02,1.449800000000000000e+04
6.229413500000000568e+02,1.453900000000000000e+04
6.230162400000000389e+02,1.449500000000000000e+04
6.230911899999999832e+02,1.447400000000000000e+04
6.231660799999999654e+02,1.444100000000000000e+04
6.232409699999999475e+02,1.441600000000000000e+04
6.233159200000000055e+02,1.447000000000000000e+04
6.233908099999999877e+02,1.446700000000000000e+04
6.234656999999999698e+02,1.444200000000000000e+04
6.235406500000000278e+02,1.456000000000000000e+04
6.236155400000000100e+02,1.451000000000000000e+04
6.236904299999999921e+02,1.452100000000000000e+04
6.237653199999999742e+02,1.446200000000000000e+04
6.238402700000000323e+02,1.448600000000000000e+04
6.239151600000000144e+02,1.448100000000000000e+04
6.239900499999999965e+02,1.447100000000000000e+04
6.240649399999999787e+02,1.444200000000000000e+04
6.241398299999999608e+02,1.447700000000000000e+04
6.242147200000000566e+02,1.450300000000000000e+04
6.242896100000000388e+02,1.448100000000000000e+04
6.243645599999999831e+02,1.449600000000000000e+04
6.244394499999999653e+02,1.446100000000000000e+04
6.245143399999999474e+02,1.444200000000000000e+04
6.245892300000000432e+02,1.446400000000000000e+04
6.246641200000000254e+02,1.445900000000000000e+04
6.247390100000000075e+02,1.448000000000000000e+04
6.248138999999999896e+02,1.442900000000000000e+04
6.248887899999999718e+02,1.445500000000000000e+04
6.249636799999999539e+02,1.447600000000000000e+04
6.250385700000000497e+02,1.447700000000000000e+04
6.251134600000000319e+02,1.444000000000000000e+04
6.251883500000000140e+02,1.444200000000000000e+04
6.252631800000000339e+02,1.444400000000000000e+04
6.253380700000000161e+02,1.439500000000000000e+04
6.254129599999999982e+02,1.441700000000000000e+04
6.254878499999999804e+02,1.441000000000000000e+04
6.255627399999999625e+02,1.441700000000000000e+04
6.256376299999999446e+02,1.440800000000000000e+04
6.257124599999999646e+02,1.442600000000000000e+04
6.257873499999999467e+02,1.440900000000000000e+04
6.258622400000000425e+02,1.441600000000000000e+04
6.259371300000000247e+02,1.439200000000000000e+04
6.260119600000000446e+02,1.439100000000000000e+04
6.260868500000000267e+02,1.437500000000000000e+04
6.261617400000000089e+02,1.442800000000000000e+04
6.262366299999999910e+02,1.439100000000000000e+04
6.263114600000000110e+02,1.441800000000000000e+04
6.263863499999999931e+02,1.436700000000000000e+04
6.264611800000000130e+02,1.438600000000000000e+04
6.265360699999999952e+02,1.434000000000000000e+04
6.266109599999999773e+02,1.442300000000000000e+04
6.266857899999999972e+02,1.441300000000000000e+04
6.267606799999999794e+02,1.436900000000000000e+04
6.268355099999999993e+02,1.436500000000000000e+04
6.269103999999999814e+02,1.440200000000000000e+04
6.269852300000000014e+02,1.439200000000000000e+04
6.270601199999999835e+02,1.440300000000000000e+04
6.271349500000000035e+02,1.440400000000000000e+04
6.272098399999999856e+02,1.437600000000000000e+04
6.272846700000000055e+02,1.437000000000000000e+04
6.273595599999999877e+02,1.435700000000000000e+04
6.274343900000000076e+02,1.435100000000000000e+04
6.275092799999999897e+02,1.432600000000000000e+04
6.275841100000000097e+02,1.432900000000000000e+04
6.276589400000000296e+02,1.432800000000000000e+04
6.277338300000000118e+02,1.440300000000000000e+04
6.278086499999999432e+02,1.442300000000000000e+04
6.278834799999999632e+02,1.435500000000000000e+04
6.279583699999999453e+02,1.435800000000000000e+04
6.280331999999999653e+02,1.435300000000000000e+04
6.281080299999999852e+02,1.429700000000000000e+04
6.281828600000000051e+02,1.436200000000000000e+04
6.282577499999999873e+02,1.434900000000000000e+04
6.283325800000000072e+02,1.436100000000000000e+04
6.284074100000000271e+02,1.432400000000000000e+04
6.284822400000000471e+02,1.438300000000000000e+04
6.285570699999999533e+02,1.438000000000000000e+04
6.286318999999999733e+02,1.434000000000000000e+04
6.287067899999999554e+02,1.435200000000000000e+04
6.287816199999999753e+02,1.435100000000000000e+04
6.288564499999999953e+02,1.429800000000000000e+04
6.289312700000000405e+02,1.429000000000000000e+04
6.290060999999999467e+02,1.427600000000000000e+04
6.290809299999999666e+02,1.431900000000000000e+04
6.291557599999999866e+02,1.432700000000000000e+04
6.292305900000000065e+02,1.428500000000000000e+04
6.293054200000000264e+02,1.433600000000000000e+04
6.293802500000000464e+02,1.429100000000000000e+04
6.294550799999999526e+02,1.431800000000000000e+04
6.295299099999999726e+02,1.435900000000000000e+04
6.296047399999999925e+02,1.423300000000000000e+04
6.296795700000000124e+02,1.426000000000000000e+04
6.297543299999999817e+02,1.427700000000000000e+04
6.298291600000000017e+02,1.425100000000000000e+04
6.299039900000000216e+02,1.426800000000000000e+04
6.299788200000000415e+02,1.427800000000000000e+04
6.300536499999999478e+02,1.426800000000000000e+04
6.301284799999999677e+02,1.428700000000000000e+04
6.302032500000000255e+02,1.430000000000000000e+04
6.302780800000000454e+02,1.428500000000000000e+04
6.303529099999999517e+02,1.431400000000000000e+04
6.304277299999999968e+02,1.437400000000000000e+04
6.305025000000000546e+02,1.432500000000000000e+04
6.305773299999999608e+02,1.428600000000000000e+04
6.306521599999999808e+02,1.433900000000000000e+04
6.307269300000000385e+02,1.437000000000000000e+04
6.308017599999999447e+02,1.432900000000000000e+04
6.308765899999999647e+02,1.437300000000000000e+04
6.309513500000000477e+02,1.435900000000000000e+04
6.310261799999999539e+02,1.433200000000000000e+04
6.311009500000000116e+02,1.432500000000000000e+04
6.311757800000000316e+02,1.433700000000000000e+04
6.312506100000000515e+02,1.431600000000000000e+04
6.313253799999999956e+02,1.433700000000000000e+04
6.314002100000000155e+02,1.431400000000000000e+04
6.314749799999999595e+02,1.433000000000000000e+04
6.315498000000000047e+02,1.435800000000000000e+04
6.316245699999999488e+02,1.433000000000000000e+04
6.316993400000000065e+02,1.432600000000000000e+04
6.317741700000000264e+02,1.434400000000000000e+04
6.318489399999999705e+02,1.438200000000000000e+04
6.319237699999999904e+02,1.427100000000000000e+04
6.319985400000000482e+02,1.435100000000000000e+04
6.320733000000000175e+02,1.431900000000000000e+04
6.321481300000000374e+02,1.433100000000000000e+04
6.322228999999999814e+02,1.433900000000000000e+04
6.322976700000000392e+02,1.432600000000000000e+04
6.323724999999999454e+02,1.432800000000000000e+04
6.324472700000000032e+02,1.434200000000000000e+04
6.325220299999999725e+02,1.428700000000000000e+04
6.325968000000000302e+02,1.435400000000000000e+04
6.326716300000000501e+02,1.429000000000000000e+04
6.327463999999999942e+02,1.429700000000000000e+04
6.328211700000000519e+02,1.430000000000000000e+04
6.328959399999999960e+02,1.428000000000000000e+04
6.329706999999999653e+02,1.426200000000000000e+04
6.330454700000000230e+02,1.429800000000000000e+04
6.331202399999999670e+02,1.423600000000000000e+04
6.331950100000000248e+02,1.427500000000000000e+04
6.332698400000000447e+02,1.422200000000000000e+04
6.333446000000000140e+02,1.427400000000000000e+04
6.334193699999999581e+02,1.423800000000000000e+04
6.334941400000000158e+02,1.429700000000000000e+04
6.335689099999999598e+02,1.425600000000000000e+04
6.336436800000000176e+02,1.421500000000000000e+04
6.337184399999999869e+02,1.424400000000000000e+04
6.337932100000000446e+02,1.422400000000000000e+04
6.338679200000000264e+02,1.425900000000000000e+04
6.339426899999999705e+02,1.423400000000000000e+04
6.340174600000000282e+02,1.425100000000000000e+04
6.340922199999999975e+02,1.422800000000000000e+04
6.341669900000000553e+02,1.419700000000000000e+04
6.342417599999999993e+02,1.420400000000000000e+04
6.343165299999999434e+02,1.425100000000000000e+04
6.343912400000000389e+02,1.419200000000000000e+04
6.344660000000000082e+02,1.419400000000000000e+04
6.345407699999999522e+02,1.418100000000000000e+04
6.346155400000000100e+02,1.419100000000000000e+04
6.346902499999999918e+02,1.418500000000000000e+04
6.347650099999999611e+02,1.417500000000000000e+04
6.348397800000000188e+02,1.415700000000000000e+04
6.349145499999999629e+02,1.420400000000000000e+04
6.349892599999999447e+02,1.416000000000000000e+04
6.350640300000000025e+02,1.410900000000000000e+04
6.351387300000000096e+02,1.420000000000000000e+04
6.352134999999999536e+02,1.416800000000000000e+04
6.352882700000000114e+02,1.416700000000000000e+04
6.353629799999999932e+02,1.409300000000000000e+04
6.354377399999999625e+02,1.421500000000000000e+04
6.355124499999999443e+02,1.417000000000000000e+04
6.355872200000000021e+02,1.416700000000000000e+04
6.356619299999999839e+02,1.415200000000000000e+04
6.357366899999999532e+02,1.411200000000000000e+04
6.358114000000000487e+02,1.414900000000000000e+04
6.358861699999999928e+02,1.413600000000000000e+04
6.359608799999999746e+02,1.409100000000000000e+04
6.360356399999999439e+02,1.412000000000000000e+04
6.361103500000000395e+02,1.412400000000000000e+04
6.361850600000000213e+02,1.412200000000000000e+04
6.362598299999999654e+02,1.414500000000000000e+04
6.363345299999999725e+02,1.415300000000000000e+04
6.364092399999999543e+02,1.411700000000000000e+04
6.364840100000000120e+02,1.413300000000000000e+04
6.365587199999999939e+02,1.410100000000000000e+04
6.366334200000000010e+02,1.418400000000000000e+04
6.367081899999999450e+02,1.419000000000000000e+04
6.367829000000000406e+02,1.417700000000000000e+04
6.368576000000000477e+02,1.408100000000000000e+04
6.369323100000000295e+02,1.410800000000000000e+04
6.370070200000000114e+02,1.408500000000000000e+04
6.370817299999999932e+02,1.402200000000000000e+04
6.371564899999999625e+02,1.396900000000000000e+04
6.372311999999999443e+02,1.388500000000000000e+04
6.373059100000000399e+02,1.386900000000000000e+04
6.373806200000000217e+02,1.393600000000000000e+04
6.374553200000000288e+02,1.403500000000000000e+04
6.375300300000000107e+02,1.403500000000000000e+04
6.376047399999999925e+02,1.415500000000000000e+04
6.376794399999999996e+02,1.422800000000000000e+04
6.377541499999999814e+02,1.417000000000000000e+04
6.378288599999999633e+02,1.420700000000000000e+04
6.379035599999999704e+02,1.419500000000000000e+04
6.379782699999999522e+02,1.413100000000000000e+04
6.380529800000000478e+02,1.421100000000000000e+04
6.381276900000000296e+02,1.413400000000000000e+04
6.382023900000000367e+02,1.417000000000000000e+04
6.382771000000000186e+02,1.415800000000000000e+04
6.383517500000000382e+02,1.416900000000000000e+04
6.384264500000000453e+02,1.415300000000000000e+04
6.385011600000000271e+02,1.417900000000000000e+04
6.385758700000000090e+02,1.417500000000000000e+04
6.386505700000000161e+02,1.417800000000000000e+04
6.387252200000000357e+02,1.421000000000000000e+04
6.387999300000000176e+02,1.416100000000000000e+04
6.388746300000000247e+02,1.418700000000000000e+04
6.389493400000000065e+02,1.418600000000000000e+04
6.390239900000000262e+02,1.421900000000000000e+04
6.390986900000000333e+02,1.420800000000000000e+04
6.391734000000000151e+02,1.418400000000000000e+04
6.392480500000000347e+02,1.415600000000000000e+04
6.393227500000000418e+02,1.419300000000000000e+04
6.393973999999999478e+02,1.418000000000000000e+04
6.394721100000000433e+02,1.419900000000000000e+04
6.395468100000000504e+02,1.423800000000000000e+04
6.396214599999999564e+02,1.423300000000000000e+04
6.396961700000000519e+02,1.422500000000000000e+04
6.397708099999999831e+02,1.418800000000000000e+04
6.398455199999999650e+02,1.420300000000000000e+04
6.399201699999999846e+02,1.419700000000000000e+04
6.399948699999999917e+02,1.419600000000000000e+04
6.400695200000000114e+02,1.420200000000000000e+04
6.401441700000000310e+02,1.418300000000000000e+04
6.402188700000000381e+02,1.416100000000000000e+04
6.402935199999999440e+02,1.419400000000000000e+04
6.403681599999999889e+02,1.419200000000000000e+04
6.404428699999999708e+02,1.418400000000000000e+04
6.405175199999999904e+02,1.420400000000000000e+04
6.405921600000000353e+02,1.420600000000000000e+04
6.406668700000000172e+02,1.420800000000000000e+04
6.407415200000000368e+02,1.416700000000000000e+04
6.408161599999999680e+02,1.419500000000000000e+04
6.408908099999999877e+02,1.420600000000000000e+04
6.409655199999999695e+02,1.416900000000000000e+04
6.410401600000000144e+02,1.414200000000000000e+04
6.411148100000000341e+02,1.414500000000000000e+04
6.411894499999999653e+02,1.420400000000000000e+04
6.412640999999999849e+02,1.418300000000000000e+04
6.413387500000000045e+02,1.416500000000000000e+04
6.414134500000000116e+02,1.412200000000000000e+04
6.414881000000000313e+02,1.417900000000000000e+04
6.415627399999999625e+02,1.415300000000000000e+04
6.416373899999999821e+02,1.416800000000000000e+04
6.417120400000000018e+02,1.410200000000000000e+04
6.417866800000000467e+02,1.409400000000000000e+04
6.418613299999999526e+02,1.419400000000000000e+04
6.419359699999999975e+02,1.412200000000000000e+04
6.420106200000000172e+02,1.412600000000000000e+04
6.420852700000000368e+02,1.412900000000000000e+04
6.421598500000000058e+02,1.414900000000000000e+04
6.422345000000000255e+02,1.415400000000000000e+04
6.423091399999999567e+02,1.417300000000000000e+04
6.423837899999999763e+02,1.412600000000000000e+04
6.424584399999999960e+02,1.419000000000000000e+04
6.425330800000000409e+02,1.416500000000000000e+04
6.426077299999999468e+02,1.417100000000000000e+04
6.426823100000000295e+02,1.414000000000000000e+04
6.427569600000000491e+02,1.417200000000000000e+04
6.428315999999999804e+02,1.411500000000000000e+04
6.429062500000000000e+02,1.412900000000000000e+04
6.429808299999999690e+02,1.415900000000000000e+04
6.430554799999999886e+02,1.414700000000000000e+04
6.431301300000000083e+02,1.407600000000000000e+04
6.432047099999999773e+02,1.407700000000000000e+04
6.432793599999999969e+02,1.408200000000000000e+04
6.433539399999999659e+02,1.418200000000000000e+04
6.434285899999999856e+02,1.416400000000000000e+04
6.435032300000000305e+02,1.416100000000000000e+04
6.435778199999999742e+02,1.413900000000000000e+04
6.436524699999999939e+02,1.415100000000000000e+04
6.437270499999999629e+02,1.411800000000000000e+04
6.438016999999999825e+02,1.415700000000000000e+04
6.438762799999999515e+02,1.418900000000000000e+04
6.439509299999999712e+02,1.415200000000000000e+04
6.440255100000000539e+02,1.422800000000000000e+04
6.441001599999999598e+02,1.416900000000000000e+04
6.441747400000000425e+02,1.415200000000000000e+04
6.442493299999999863e+02,1.423300000000000000e+04
6.443239700000000312e+02,1.417100000000000000e+04
6.443985599999999749e+02,1.426300000000000000e+04
6.444731399999999439e+02,1.421100000000000000e+04
6.445477899999999636e+02,1.422500000000000000e+04
6.446223800000000210e+02,1.423400000000000000e+04
6.446969599999999900e+02,1.423000000000000000e+04
6.447715500000000475e+02,1.424800000000000000e+04
6.448461899999999787e+02,1.429000000000000000e+04
6.449207800000000361e+02,1.431600000000000000e+04
6.449953600000000051e+02,1.427500000000000000e+04
6.450699499999999489e+02,1.429800000000000000e+04
6.451445300000000316e+02,1.428400000000000000e+04
6.452191800000000512e+02,1.430700000000000000e+04
6.452937600000000202e+02,1.431500000000000000e+04
6.453683499999999640e+02,1.433800000000000000e+04
6.454429300000000467e+02,1.435200000000000000e+04
6.455175199999999904e+02,1.438900000000000000e+04
6.455920999999999594e+02,1.438100000000000000e+04
6.456666900000000169e+02,1.438100000000000000e+04
6.457412699999999859e+02,1.437100000000000000e+04
6.458158600000000433e+02,1.439900000000000000e+04
6.458904400000000123e+02,1.447800000000000000e+04
6.459650299999999561e+02,1.447300000000000000e+04
6.460396100000000388e+02,1.439500000000000000e+04
6.461141999999999825e+02,1.452100000000000000e+04
6.461887799999999515e+02,1.444800000000000000e+04
6.462633100000000468e+02,1.448300000000000000e+04
6.463378900000000158e+02,1.450400000000000000e+04
6.464124799999999595e+02,1.454300000000000000e+04
6.464870600000000422e+02,1.453600000000000000e+04
6.465616499999999860e+02,1.458300000000000000e+04
6.466361699999999928e+02,1.458700000000000000e+04
6.467107499999999618e+02,1.459900000000000000e+04
6.467853400000000192e+02,1.455900000000000000e+04
6.468599199999999882e+02,1.455500000000000000e+04
6.469344499999999698e+02,1.463400000000000000e+04
6.470090300000000525e+02,1.464600000000000000e+04
6.470836199999999963e+02,1.460300000000000000e+04
6.471581400000000031e+02,1.459600000000000000e+04
6.472327299999999468e+02,1.464900000000000000e+04
6.473073100000000295e+02,1.473800000000000000e+04
6.473818400000000111e+02,1.468200000000000000e+04
6.474564199999999801e+02,1.466000000000000000e+04
6.475309399999999869e+02,1.471600000000000000e+04
6.476055300000000443e+02,1.472700000000000000e+04
6.476800500000000511e+02,1.478000000000000000e+04
6.477546399999999949e+02,1.473000000000000000e+04
6.478291600000000017e+02,1.477100000000000000e+04
6.479037499999999454e+02,1.478000000000000000e+04
6.479782699999999522e+02,1.479900000000000000e+04
6.480528000000000475e+02,1.485000000000000000e+04
6.481273800000000165e+02,1.482200000000000000e+04
6.482019000000000233e+02,1.481400000000000000e+04
6.482764899999999670e+02,1.486900000000000000e+04
6.483510099999999738e+02,1.484900000000000000e+04
6.484255399999999554e+02,1.486000000000000000e+04
6.485000599999999622e+02,1.489900000000000000e+04
6.485746500000000196e+02,1.491400000000000000e+04
6.486491700000000264e+02,1.492600000000000000e+04
6.487236900000000333e+02,1.495900000000000000e+04
6.487982200000000148e+02,1.499300000000000000e+04
6.488727999999999838e+02,1.496600000000000000e+04
6.489473299999999654e+02,1.500300000000000000e+04
6.490218499999999722e+02,1.504000000000000000e+04
6.490963699999999790e+02,1.502500000000000000e+04
6.491708999999999605e+02,1.506400000000000000e+04
6.492454199999999673e+02,1.504300000000000000e+04
6.493199499999999489e+02,1.511900000000000000e+04
6.493944699999999557e+02,1.513200000000000000e+04
6.494689899999999625e+02,1.512500000000000000e+04
6.495435199999999440e+02,1.511700000000000000e+04
6.496180399999999509e+02,1.513700000000000000e+04
6.496925700000000461e+02,1.516900000000000000e+04
6.497670900000000529e+02,1.518200000000000000e+04
6.498416099999999460e+02,1.527700000000000000e+04
6.499161400000000413e+02,1.524400000000000000e+04
6.499906600000000481e+02,1.530000000000000000e+04
6.500651900000000296e+02,1.531600000000000000e+04
6.501397100000000364e+02,1.531700000000000000e+04
6.502142300000000432e+02,1.524600000000000000e+04
6.502887600000000248e+02,1.531300000000000000e+04
6.503632199999999557e+02,1.532800000000000000e+04
6.504377399999999625e+02,1.532500000000000000e+04
6.505122699999999440e+02,1.541100000000000000e+04
6.505867899999999509e+02,1.541100000000000000e+04
6.506612499999999955e+02,1.543800000000000000e+04
6.507357799999999770e+02,1.545900000000000000e+04
6.508102999999999838e+02,1.553300000000000000e+04
6.508847700000000032e+02,1.548400000000000000e+04
6.509592900000000100e+02,1.554400000000000000e+04
6.510338100000000168e+02,1.551800000000000000e+04
6.511082800000000361e+02,1.561100000000000000e+04
6.511828000000000429e+02,1.564900000000000000e+04
6.512572599999999738e+02,1.563700000000000000e+04
6.513317899999999554e+02,1.567000000000000000e+04
6.514062500000000000e+02,1.571800000000000000e+04
6.514807700000000068e+02,1.572900000000000000e+04
6.515552400000000262e+02,1.576200000000000000e+04
6.516297600000000330e+02,1.577700000000000000e+04
6.517042199999999639e+02,1.582900000000000000e+04
6.517787499999999454e+02,1.583700000000000000e+04
6.518532099999999900e+02,1.581800000000000000e+04
6.519277299999999968e+02,1.588400000000000000e+04
6.520022000000000162e+02,1.595200000000000000e+04
6.520766599999999471e+02,1.593400000000000000e+04
6.521511799999999539e+02,1.595200000000000000e+04
6.522256499999999733e+02,1.601100000000000000e+04
6.523001100000000179e+02,1.608300000000000000e+04
6.523745699999999488e+02,1.606300000000000000e+04
6.524491000000000440e+02,1.611200000000000000e+04
6.525235599999999749e+02,1.612700000000000000e+04
6.525980200000000195e+02,1.619200000000000000e+04
6.526724900000000389e+02,1.621500000000000000e+04
6.527469499999999698e+02,1.627100000000000000e+04
6.528214699999999766e+02,1.630800000000000000e+04
6.528959399999999960e+02,1.645700000000000000e+04
6.529704000000000406e+02,1.638900000000000000e+04
6.530448599999999715e+02,1.638900000000000000e+04
6.531193200000000161e+02,1.650600000000000000e+04
6.531937900000000354e+02,1.649200000000000000e+04
6.532682499999999663e+02,1.659000000000000000e+04
6.533427100000000110e+02,1.658400000000000000e+04
6.534171800000000303e+02,1.656900000000000000e+04
6.534916399999999612e+02,1.665300000000000000e+04
6.535661000000000058e+02,1.663200000000000000e+04
6.536405600000000504e+02,1.667000000000000000e+04
6.537150299999999561e+02,1.665900000000000000e+04
6.537894900000000007e+02,1.672500000000000000e+04
6.538638899999999694e+02,1.676500000000000000e+04
6.539383500000000140e+02,1.683500000000000000e+04
6.539927400000000262e+02,1.686377165900483669e+04
6.540128200000000334e+02,1.693200000000000000e+04
6.540673799999999574e+02,1.692938121239704924e+04
6.540872799999999643e+02,1.695100000000000000e+04
6.541419700000000148e+02,1.699922364020166060e+04
6.541617400000000089e+02,1.696400000000000000e+04
6.542166099999999460e+02,1.703837772851636691e+04
6.542361499999999523e+02,1.703000000000000000e+04
6.542912000000000035e+02,1.707647359822797443e+04
6.543658400000000483e+02,1.707012428660937439e+04
6.544404299999999921e+02,1.706377497499077435e+04
6.545150800000000118e+02,1.715372355625429191e+04
6.545897200000000566e+02,1.717912080272869571e+04
6.546643100000000004e+02,1.719181942596589943e+04
6.547389500000000453e+02,1.726060363516741199e+04
6.548135399999999890e+02,1.728494266303871700e+04
6.548881800000000339e+02,1.729764128627591708e+04
6.549627699999999777e+02,1.731563100252862205e+04
6.550373499999999467e+02,1.739288096055493588e+04
6.551119999999999663e+02,1.745319942093164718e+04
6.551865800000000490e+02,1.750505213248355722e+04
6.552612299999999550e+02,1.755161375101996600e+04
6.553358200000000124e+02,1.760981577419047971e+04
6.554104599999999436e+02,1.761404864860287853e+04
6.554850500000000011e+02,1.759605893235017356e+04
6.555596900000000460e+02,1.772833625773770109e+04
6.556342799999999897e+02,1.769976435545399363e+04
6.557088599999999587e+02,1.780346977855781370e+04
6.557835099999999784e+02,1.785214783430042371e+04
6.558580899999999474e+02,1.789130192261513366e+04
6.559327399999999670e+02,1.792304848070813750e+04
6.560073200000000497e+02,1.796431900622904504e+04
6.560819099999999935e+02,1.803521965263675884e+04
6.561565600000000131e+02,1.810294564323517261e+04
6.562311399999999821e+02,1.806590799212666388e+04
6.563057300000000396e+02,1.810929495485377265e+04
6.563803699999999708e+02,1.823628118722579893e+04
6.564549600000000282e+02,1.819712709891108898e+04
6.565295399999999972e+02,1.830718183363351272e+04
6.566041900000000169e+02,1.832940442429861650e+04
6.566787699999999859e+02,1.840877081953113156e+04
6.567533600000000433e+02,1.840030507070633030e+04
6.568279400000000123e+02,1.847226393571714289e+04
6.569025900000000320e+02,1.852729130307835294e+04
6.569771700000000010e+02,1.858126045183646420e+04
6.570517599999999447e+02,1.858760976345506424e+04
6.571263999999999896e+02,1.865533575405347801e+04
6.572009900000000471e+02,1.873999324230149432e+04
6.572755700000000161e+02,1.876962336318830057e+04
6.573501599999999598e+02,1.884687332121461441e+04
6.574247400000000425e+02,1.886380481886421694e+04
6.574993899999999485e+02,1.895904449314323574e+04
6.575739700000000312e+02,1.900031501866414328e+04
6.576485599999999749e+02,1.908073963249976077e+04
6.577231399999999439e+02,1.914952384170127334e+04
6.577977300000000014e+02,1.916010602773227583e+04
6.578723800000000210e+02,1.923418132994928965e+04
6.579469599999999900e+02,1.930296553915080221e+04
6.580215500000000475e+02,1.930614019496010224e+04
6.580961300000000165e+02,1.939503055762052099e+04
6.581707199999999602e+02,1.940137986923912104e+04
6.582453000000000429e+02,1.947016407844063360e+04
6.583198899999999867e+02,1.955270512948245232e+04
6.583945300000000316e+02,1.957598593875065490e+04
6.584691199999999753e+02,1.967651670604517494e+04
6.585436999999999443e+02,1.965958520839557241e+04
6.586182900000000018e+02,1.975799953848389123e+04
6.586928699999999708e+02,1.983630771511330386e+04
6.587674600000000282e+02,1.987652002203111260e+04
6.588420399999999972e+02,1.996646860329463016e+04
6.589166300000000547e+02,2.000668091021243890e+04
6.589912100000000237e+02,2.010826989611005774e+04
6.590657999999999674e+02,2.012731783096586150e+04
6.591403800000000501e+02,2.021303353781697660e+04
6.592149699999999939e+02,2.027441021679679034e+04
6.592895499999999629e+02,2.027652665400298793e+04
6.593641400000000203e+02,2.044901628630832420e+04
6.594387199999999893e+02,2.042785191424631921e+04
6.595133100000000468e+02,2.051039296528813429e+04
6.595878900000000158e+02,2.059293401632994937e+04
6.596624799999999595e+02,2.061092373258265434e+04
6.597370600000000422e+02,2.075060858819188070e+04
6.598116499999999860e+02,2.087971125777010457e+04
6.598862299999999550e+02,2.088182769497630579e+04
6.599608200000000124e+02,2.099082421109562711e+04
6.600353999999999814e+02,2.098976599249252467e+04
6.601099900000000389e+02,2.109770429000874719e+04
6.601845700000000079e+02,2.116437206200405853e+04
6.602591599999999517e+02,2.122680695958697106e+04
6.603336799999999585e+02,2.125749529907687611e+04
6.604082600000000411e+02,2.141411165233570864e+04
6.604828499999999849e+02,2.147337189410931751e+04
6.605574299999999539e+02,2.154533075912013373e+04
6.606320200000000114e+02,2.167231699149215638e+04
6.607065999999999804e+02,2.173686832628127013e+04
6.607811900000000378e+02,2.184374840519439022e+04
6.608557100000000446e+02,2.186491277725639520e+04
6.609302999999999884e+02,2.200036475845321911e+04
6.610048799999999574e+02,2.207126540486093290e+04
6.610794700000000148e+02,2.202893666073692657e+04
6.611540499999999838e+02,2.218237835818645544e+04
6.612285799999999654e+02,2.227444337665617422e+04
6.613031600000000481e+02,2.236968305093518939e+04
6.613777499999999918e+02,2.245328232058010690e+04
6.614523299999999608e+02,2.247867956705451070e+04
6.615269200000000183e+02,2.261307332964823945e+04
6.616014400000000251e+02,2.266810069700944950e+04
6.616760299999999688e+02,2.270302191091175337e+04
6.617506100000000515e+02,2.277498077592256959e+04
6.618251299999999446e+02,2.286175470137678712e+04
6.618997200000000021e+02,2.300990530581081475e+04
6.619742999999999711e+02,2.308292238942472613e+04
6.620488900000000285e+02,2.313265866377043858e+04
6.621234100000000353e+02,2.329244967283856749e+04
6.621979999999999791e+02,2.329033323563236627e+04
6.622725799999999481e+02,2.339086400292688631e+04
6.623471100000000433e+02,2.345012424470049882e+04
6.624216900000000123e+02,2.349033655161830757e+04
6.624962199999999939e+02,2.361732278399033021e+04
6.625707999999999629e+02,2.371679533268174782e+04
6.626453900000000203e+02,2.377393913724915910e+04
6.627199100000000271e+02,2.388399387197158285e+04
6.627944899999999961e+02,2.404272666243661297e+04
6.628690800000000536e+02,2.404378488103971176e+04
6.629435999999999467e+02,2.410516156001952550e+04
6.630181900000000041e+02,2.417606220642723929e+04
6.630927100000000110e+02,2.421733273194814683e+04
6.631672999999999547e+02,2.433056212247986696e+04
6.632418199999999615e+02,2.444802438742398954e+04
6.633164100000000190e+02,2.462263045693552340e+04
6.633909300000000258e+02,2.462263045693552340e+04
6.634655199999999695e+02,2.469564754054943842e+04
6.635400399999999763e+02,2.477924681019435229e+04
6.636146199999999453e+02,2.493903781926248485e+04
6.636891500000000406e+02,2.500041449824229494e+04
6.637637300000000096e+02,2.500676380986089862e+04
6.638382599999999911e+02,2.512740073061432122e+04
6.639128399999999601e+02,2.518771919099103252e+04
6.639873700000000554e+02,2.531364720475995637e+04
6.640619500000000244e+02,2.535809238609016393e+04
6.641364700000000312e+02,2.551047586493659401e+04
6.642110599999999749e+02,2.560042444620011156e+04
6.642855799999999817e+02,2.563111278569001661e+04
6.643601700000000392e+02,2.575915723666514168e+04
6.644346900000000460e+02,2.586497909697516297e+04
6.645092200000000275e+02,2.596339342706348179e+04
6.645837999999999965e+02,2.598032492471308433e+04
6.646583299999999781e+02,2.600254751537818811e+04
6.647328499999999849e+02,2.625863641732843826e+04
6.648074299999999539e+02,2.632424597072065080e+04
6.648819600000000491e+02,2.639303017992216337e+04
6.649565400000000182e+02,2.652319106810348603e+04
6.650310699999999997e+02,2.666075948650651480e+04
6.651055900000000065e+02,2.674435875615142868e+04
6.651801100000000133e+02,2.677398887703823493e+04
6.652546999999999571e+02,2.692743057448776381e+04
6.653292199999999639e+02,2.702267024876678261e+04
6.654037499999999454e+02,2.702584490457608263e+04
6.654783300000000281e+02,2.722267356475272027e+04
6.655528600000000097e+02,2.725442012284572775e+04
6.656273800000000165e+02,2.740468716448595660e+04
6.657019000000000233e+02,2.747558781089367039e+04
6.657764899999999670e+02,2.761421444789979796e+04
6.658510099999999738e+02,2.770839590357571433e+04
6.659255399999999554e+02,2.772850205703462052e+04
6.660000599999999622e+02,2.780786845226713558e+04
6.660746500000000196e+02,2.801845395428407573e+04
6.661491700000000264e+02,2.811475184716619333e+04
6.662236900000000333e+02,2.818141961916150467e+04
6.662982200000000148e+02,2.828618326086842717e+04
6.663727400000000216e+02,2.843750852111175482e+04
6.664472700000000032e+02,2.846396398618926105e+04
6.665218499999999722e+02,2.854544681862797734e+04
6.665963699999999790e+02,2.867137483239690118e+04
6.666708999999999605e+02,2.875285766483561383e+04
6.667454199999999673e+02,2.885973774374873756e+04
6.668199499999999489e+02,2.900788834818276518e+04
6.668944699999999557e+02,2.908196365039977900e+04
6.669689899999999625e+02,2.926080259432371167e+04
6.670435199999999440e+02,2.936027514301513293e+04
6.671180399999999509e+02,2.935286761279343045e+04
6.671925700000000461e+02,2.948197028237165432e+04
6.672671500000000151e+02,2.962482979379018434e+04
6.673416700000000219e+02,2.963964485423358565e+04
6.674162000000000035e+02,2.974758315174980453e+04
6.674907200000000103e+02,2.983329885860092327e+04
6.675652499999999918e+02,3.003647683039616095e+04
6.676397699999999986e+02,3.005552476525196471e+04
6.677142900000000054e+02,3.013700759769068100e+04
6.677888199999999870e+02,3.022166508593869730e+04
6.678633399999999938e+02,3.034865131831071994e+04
6.679378699999999753e+02,3.049151082972924996e+04
6.680123899999999821e+02,3.055182929010596126e+04
6.680868500000000267e+02,3.063754499695707636e+04
6.681613800000000083e+02,3.070632920615858893e+04
6.682359000000000151e+02,3.084495584316471650e+04
6.683104200000000219e+02,3.096030167090263785e+04
6.683849500000000035e+02,3.107882215444986286e+04
6.684594700000000103e+02,3.109152077768706295e+04
6.685339999999999918e+02,3.122697275888389049e+04
6.686085199999999986e+02,3.131374668433810803e+04
6.686830400000000054e+02,3.145448975855043318e+04
6.687575699999999870e+02,3.147459591200933937e+04
6.688320300000000316e+02,3.159629105136586077e+04
6.689065600000000131e+02,3.169047250704178077e+04
6.689810800000000199e+02,3.175396562322779209e+04
6.690556000000000267e+02,3.184391420449130965e+04
6.691301300000000083e+02,3.196666756245093347e+04
6.692046500000000151e+02,3.205555792511134860e+04
6.692791099999999460e+02,3.213492432034386366e+04
6.693536400000000413e+02,3.229894820382439502e+04
6.694281600000000481e+02,3.236244132001040634e+04
6.695026900000000296e+02,3.245979743149562637e+04
6.695771499999999605e+02,3.250424261282583393e+04
6.696516699999999673e+02,3.266826649630636530e+04
6.697261999999999489e+02,3.267884868233736779e+04
6.698007199999999557e+02,3.290001637038531044e+04
6.698751800000000003e+02,3.288308487273570790e+04
6.699497099999999818e+02,3.303229369577283796e+04
6.700242299999999886e+02,3.312435871424255311e+04
6.700987499999999955e+02,3.316880389557276067e+04
6.701732200000000148e+02,3.319737579785646813e+04
6.702477400000000216e+02,3.329261547213548329e+04
6.703222700000000032e+02,3.332012915581608831e+04
6.703967300000000478e+02,3.350108453694622585e+04
6.704712500000000546e+02,3.342489279752301081e+04
6.705457199999999602e+02,3.360055708563764347e+04
6.706202399999999670e+02,3.364711870417405589e+04
6.706947599999999738e+02,3.373812550404066860e+04
6.707692299999999932e+02,3.375505700169027841e+04
6.708437500000000000e+02,3.387463570384059858e+04
6.709182100000000446e+02,3.392860485259870620e+04
6.709927400000000262e+02,3.400585481062502367e+04
6.710672600000000330e+02,3.397728290834131622e+04
6.711417199999999639e+02,3.402278630827462621e+04
6.712162499999999454e+02,3.419210128477065882e+04
6.712907099999999900e+02,3.418151909873965633e+04
6.713652299999999968e+02,3.427781699162177392e+04
6.714397000000000162e+02,3.434554298222019133e+04
6.715142200000000230e+02,3.441961828443720151e+04
6.715886799999999539e+02,3.449369358665421896e+04
6.716632100000000491e+02,3.448311140062321647e+04
6.717376699999999801e+02,3.456882710747433157e+04
6.718121899999999869e+02,3.472015236771765922e+04
6.718866600000000062e+02,3.468734759102155658e+04
6.719611800000000130e+02,3.478682013971297420e+04
6.720356399999999439e+02,3.477941260949127172e+04
6.721101099999999633e+02,3.479211123272847180e+04
6.721846299999999701e+02,3.485877900472378678e+04
6.722590900000000147e+02,3.496460086503380444e+04
6.723336199999999963e+02,3.505984053931282688e+04
6.724080800000000409e+02,3.494555293017800432e+04
6.724825399999999718e+02,3.503444329283841944e+04
6.725570699999999533e+02,3.512439187410193699e+04
6.726315299999999979e+02,3.506407341372522933e+04
6.727059900000000425e+02,3.515508021359184204e+04
6.727805200000000241e+02,3.517624458565384703e+04
6.728549799999999550e+02,3.524502879485535959e+04
6.729294399999999996e+02,3.532545340869097708e+04
6.730039699999999812e+02,3.536672393421188463e+04
6.730784300000000258e+02,3.535825818538707972e+04
6.731528899999999567e+02,3.533709381332508201e+04
6.732274200000000519e+02,3.545878895268159977e+04
6.733018799999999828e+02,3.543021705039789958e+04
6.733763400000000274e+02,3.550217591540871217e+04
6.734508100000000468e+02,3.556884368740401987e+04
6.735252699999999777e+02,3.558260052924432239e+04
6.735997899999999845e+02,3.562175461755903234e+04
6.736742600000000039e+02,3.566196692447683745e+04
6.737487200000000485e+02,3.565350117565203982e+04
6.738231799999999794e+02,3.560799777571872983e+04
6.738976400000000240e+02,3.561963818035283475e+04
6.739721700000000055e+02,3.570217923139464983e+04
6.740466300000000501e+02,3.570535388720394985e+04
6.741210899999999810e+02,3.567678198492024239e+04
6.741955600000000004e+02,3.572228538485355239e+04
6.742700200000000450e+02,3.569900457558534981e+04
6.743444799999999759e+02,3.570852854301324987e+04
6.744189499999999953e+02,3.574874084993105498e+04
6.744934700000000021e+02,3.573286757088455488e+04
6.745679300000000467e+02,3.573180935228145245e+04
6.746423999999999523e+02,3.581646684052947239e+04
6.747168599999999969e+02,3.580694287310156506e+04
6.747913200000000415e+02,3.579001137545196252e+04
6.748657799999999725e+02,3.579106959405506495e+04
6.749402499999999918e+02,3.573921688250315492e+04
6.750147100000000364e+02,3.575932303596205747e+04
6.750891699999999673e+02,3.571805251044114993e+04
6.751636399999999867e+02,3.564821008263653493e+04
6.752381000000000313e+02,3.567466554771404481e+04
6.753125599999999622e+02,3.572651825926595484e+04
6.753870200000000068e+02,3.567254911050783994e+04
6.754614900000000262e+02,3.572334360345665482e+04
6.755359499999999571e+02,3.568630595234814245e+04
6.756104100000000017e+02,3.559529915248152975e+04
6.756848800000000210e+02,3.555826150137301738e+04
6.757593399999999519e+02,3.558154231064122723e+04
6.758337999999999965e+02,3.560059024549702735e+04
6.759081999999999653e+02,3.540693624112968973e+04
6.759826699999999846e+02,3.536460749700568704e+04
6.760571300000000292e+02,3.535296709237158211e+04
6.761315899999999601e+02,3.538365543186148716e+04
6.762060500000000047e+02,3.530958012964446971e+04
6.762805200000000241e+02,3.531169656685067457e+04
6.763549799999999550e+02,3.527148425993286946e+04
6.764293800000000374e+02,3.515931308800424449e+04
6.765038500000000568e+02,3.515084733917943959e+04
6.765783099999999877e+02,3.507994669277172943e+04
6.766527700000000323e+02,3.503444329283841944e+04
6.767272299999999632e+02,3.490851527906949923e+04
6.768016400000000203e+02,3.495825155341520440e+04
6.768760999999999513e+02,3.483761463266178180e+04
6.769505599999999959e+02,3.482809066523388174e+04
6.770250200000000405e+02,3.473285099095485930e+04
6.770994299999999839e+02,3.471168661889286159e+04
6.771738900000000285e+02,3.467041609337195405e+04
6.772483499999999594e+02,3.464184419108824659e+04
6.773227500000000418e+02,3.444184087510230893e+04
6.773972199999999475e+02,3.443020047046820400e+04
6.774716799999999921e+02,3.437094022869459150e+04
6.775461400000000367e+02,3.436459091707599146e+04
6.776205400000000054e+02,3.424183755911637127e+04
6.776950100000000248e+02,3.413178282439394388e+04
6.777694099999999935e+02,3.410850201512574131e+04
6.778438700000000381e+02,3.405135821055833367e+04
6.779183299999999690e+02,3.390214938752120361e+04
6.779927400000000262e+02,3.390320760612430604e+04
6.780671999999999571e+02,3.382913230390728859e+04
6.781416000000000395e+02,3.367357416925155849e+04
6.782160599999999704e+02,3.355717012291053834e+04
6.782905299999999897e+02,3.357410162056014087e+04
6.783649299999999585e+02,3.340796129987340828e+04
6.784393900000000031e+02,3.328838259772308811e+04
6.785137899999999718e+02,3.325557782102697820e+04
6.785882599999999911e+02,3.314023199328906048e+04
6.786626599999999598e+02,3.309790324916505051e+04
6.787371200000000044e+02,3.292118074244731542e+04
6.788115199999999732e+02,3.286721159368920780e+04
6.788859899999999925e+02,3.269578017998697032e+04
6.789603899999999612e+02,3.276033151477608408e+04
6.790348500000000058e+02,3.258572544526455022e+04
6.791092499999999745e+02,3.247884536635143013e+04
6.791836499999999432e+02,3.245556455708322756e+04
6.792581199999999626e+02,3.235503378978870751e+04
6.793325200000000450e+02,3.212540035291596359e+04
6.794069799999999759e+02,3.205873258092064862e+04
6.794813799999999446e+02,3.199947233914703975e+04
6.795557900000000018e+02,3.182698270684170348e+04
6.796302500000000464e+02,3.187671898118741592e+04
6.797046500000000151e+02,3.168835606983557955e+04
6.797790499999999838e+02,3.152009931194264573e+04
6.798535200000000032e+02,3.141639388883882566e+04
6.799279199999999719e+02,3.137512336331791812e+04
6.800023200000000543e+02,3.126612684719859681e+04
6.800767799999999852e+02,3.122379810307459047e+04
6.801511799999999539e+02,3.109152077768706295e+04
6.802255900000000111e+02,3.097617494994914159e+04
6.803000500000000557e+02,3.084918871757711895e+04
6.803744500000000244e+02,3.068304839689038636e+04
6.804488499999999931e+02,3.065976758762218014e+04
6.805232499999999618e+02,3.049786014134785000e+04
6.805976600000000190e+02,3.049362726693545119e+04
6.806721199999999499e+02,3.028409998352160983e+04
6.807465200000000323e+02,3.028304176491850740e+04
6.808209200000000010e+02,3.013065828607208095e+04
6.808953199999999697e+02,3.003753504899926338e+04
6.809697300000000268e+02,2.988832622596213332e+04
6.810441899999999578e+02,2.979731942609551697e+04
6.811185900000000402e+02,2.973170987270330443e+04
6.811929900000000089e+02,2.958779214268167561e+04
6.812673999999999523e+02,2.950207643583056051e+04
6.813418000000000347e+02,2.946186412891275177e+04
6.814162000000000035e+02,2.917931976188499902e+04
6.814905999999999722e+02,2.917297045026639535e+04
6.815650000000000546e+02,2.901952875281686647e+04
6.816394000000000233e+02,2.893804592037815019e+04
6.817138099999999667e+02,2.887878567860454132e+04
6.817882100000000491e+02,2.873592616718601130e+04
6.818626699999999801e+02,2.865338511614419622e+04
6.819370699999999488e+02,2.854121394421557488e+04
6.820114700000000312e+02,2.849676876288536732e+04
6.820858799999999746e+02,2.833697775381723477e+04
6.821602799999999434e+02,2.829676544689942966e+04
6.822346199999999499e+02,2.815919702849640089e+04
6.823090200000000323e+02,2.793485468463915822e+04
6.823834200000000010e+02,2.792956359162365698e+04
6.824578199999999697e+02,2.784490610337564067e+04
6.825322300000000268e+02,2.779199517322063184e+04
6.826066299999999956e+02,2.768723153151370934e+04
6.826810299999999643e+02,2.766395072224550677e+04
6.827554300000000467e+02,2.748193712251227043e+04
6.828298300000000154e+02,2.735918376455264661e+04
6.829042399999999589e+02,2.734648514131544653e+04
6.829786400000000413e+02,2.710203664399929767e+04
6.830529800000000478e+02,2.704912571384428884e+04
6.831273800000000165e+02,2.695388603956527004e+04
6.832017799999999852e+02,2.681843405836844613e+04
6.832761799999999539e+02,2.676234847240413364e+04
6.833505900000000111e+02,2.664171155165071104e+04
6.834249899999999798e+02,2.655387940759339472e+04
6.834993299999999863e+02,2.642583495661826964e+04
6.835737299999999550e+02,2.637927333808186086e+04
6.836481300000000374e+02,2.618879398952382326e+04
6.837225300000000061e+02,2.613482484076571200e+04
6.837968799999999874e+02,2.601312970140919060e+04
6.838712799999999561e+02,2.595916055265107934e+04
6.839456800000000385e+02,2.589566743646506802e+04
6.840200200000000450e+02,2.576762298548994295e+04
6.840944200000000137e+02,2.565121893914891916e+04
6.841688199999999824e+02,2.564275319032411790e+04
6.842431599999999889e+02,2.554222242302959785e+04
6.843175700000000461e+02,2.537502388373976646e+04
6.843919700000000148e+02,2.536020882329636515e+04
6.844663100000000213e+02,2.525015408857394505e+04
6.845407099999999900e+02,2.503956858655700489e+04
6.846151099999999587e+02,2.488401045190127479e+04
6.846894499999999653e+02,2.467871604289983225e+04
6.847638500000000477e+02,2.457818527560531584e+04
6.848382000000000289e+02,2.440463742469688077e+04
6.849125999999999976e+02,2.425225394585045069e+04
6.849869999999999663e+02,2.426283613188145318e+04
6.850613399999999729e+02,2.413055880649392930e+04
6.851357400000000553e+02,2.404272666243661297e+04
6.852100799999999481e+02,2.382050075578556789e+04
6.852844800000000305e+02,2.371891176988794905e+04
6.853588300000000118e+02,2.365647687230503652e+04
6.854332299999999805e+02,2.360991525376862774e+04
6.855075699999999870e+02,2.351785023529891259e+04
6.855819099999999935e+02,2.354853857478881764e+04
6.856563099999999622e+02,2.354536391897951762e+04
6.857306499999999687e+02,2.350938448647411133e+04
6.858050500000000511e+02,2.338874756572068509e+04
6.858793899999999439e+02,2.333901129137497628e+04
6.859538000000000011e+02,2.330303185886956999e+04
6.860281400000000076e+02,2.318133671951304495e+04
6.861024800000000141e+02,2.309985388707433231e+04
6.861768799999999828e+02,2.294112109660930219e+04
6.862512199999999893e+02,2.276651502709776832e+04
6.863255599999999959e+02,2.272947737598925960e+04
6.863999599999999646e+02,2.252418296698782069e+04
6.864742999999999711e+02,2.249137819029171442e+04
6.865486499999999523e+02,2.241307001366229815e+04
6.866230500000000347e+02,2.227232693944997300e+04
6.866973900000000413e+02,2.218449479539265667e+04
6.867717300000000478e+02,2.205539212581442916e+04
6.868460700000000543e+02,2.198449147940671537e+04
6.869204700000000230e+02,2.191041617718970156e+04
6.869948100000000295e+02,2.182470047033858646e+04
6.870691500000000360e+02,2.169348136355416136e+04
6.871434900000000425e+02,2.156332047537283506e+04
6.872178999999999860e+02,2.149559448477442493e+04
6.872922399999999925e+02,2.140776234071710496e+04
6.873665799999999990e+02,2.127760145253578230e+04
6.874409200000000055e+02,2.125008776885517727e+04
6.875152600000000120e+02,2.114320768994205719e+04
6.875896000000000186e+02,2.105960842029713967e+04
6.876639400000000251e+02,2.097812558785842339e+04
6.877383399999999938e+02,2.084479004386779707e+04
6.878126800000000003e+02,2.084161538805849705e+04
6.878870200000000068e+02,2.075272502539808193e+04
6.879613600000000133e+02,2.066700931854696319e+04
6.880357099999999946e+02,2.049346146763853176e+04
6.881100500000000011e+02,2.039398891894711051e+04
6.881843900000000076e+02,2.035060195622000538e+04
6.882587300000000141e+02,2.028499240282779283e+04
6.883330700000000206e+02,2.019504382156427528e+04
6.884074100000000271e+02,2.011356098912555899e+04
6.884817500000000337e+02,2.007546511941395147e+04
6.885560900000000402e+02,1.997281791491323020e+04
6.886304300000000467e+02,1.988816042666521389e+04
6.887047700000000532e+02,1.977598925473659256e+04
6.887791099999999460e+02,1.963736261773046863e+04
6.888534499999999525e+02,1.960984893404985996e+04
6.889278000000000475e+02,1.960349962243125992e+04
6.890021400000000540e+02,1.951249282256464357e+04
6.890764799999999468e+02,1.938656480879571973e+04
6.891507599999999911e+02,1.927016076245469594e+04
6.892250999999999976e+02,1.931354772518180471e+04
6.892994400000000041e+02,1.922148270671208593e+04
6.893737800000000107e+02,1.915058206030437213e+04
6.894481200000000172e+02,1.906274991624705581e+04
6.895224600000000237e+02,1.900137323726724571e+04
6.895968000000000302e+02,1.896645202336493821e+04
6.896710799999999608e+02,1.887227056768902185e+04
6.897454199999999673e+02,1.878338020502860309e+04
6.898197599999999738e+02,1.871671243303329175e+04
6.898940999999999804e+02,1.864898644243487797e+04
6.899683800000000247e+02,1.860983235412016802e+04
6.900427200000000312e+02,1.852517486587215535e+04
6.901170700000000124e+02,1.843945915902103661e+04
6.901914100000000190e+02,1.840559616372183154e+04
6.902656899999999496e+02,1.835585988937612274e+04
6.903400299999999561e+02,1.830824005223661152e+04
6.904143699999999626e+02,1.829448321039630900e+04
6.904886500000000069e+02,1.819289422449869016e+04
6.905629900000000134e+02,1.813469220132818009e+04
6.906373300000000199e+02,1.804474362006466254e+04
6.907116099999999506e+02,1.799712378292515132e+04
6.907859499999999571e+02,1.801088062476545383e+04
6.908602300000000014e+02,1.792833957372363875e+04
6.909345700000000079e+02,1.788918548540893244e+04
6.910089100000000144e+02,1.772516160192840107e+04
6.910831899999999450e+02,1.773786022516560115e+04
6.911575299999999515e+02,1.766484314155168977e+04
6.912318099999999959e+02,1.765531917412378607e+04
6.913061500000000024e+02,1.760664111838117606e+04
6.913804300000000467e+02,1.750081925807115840e+04
6.914547700000000532e+02,1.744367545350374712e+04
6.915290499999999838e+02,1.743944257909134467e+04
6.916033899999999903e+02,1.735372687224022957e+04
6.916776700000000346e+02,1.739499739776113711e+04
6.917520100000000411e+02,1.728388444443561457e+04
6.918262899999999718e+02,1.725531254215191075e+04
6.919006299999999783e+02,1.721404201663100321e+04
6.919749100000000226e+02,1.714419958882638821e+04
6.920491899999999532e+02,1.709552153308377819e+04
6.921235400000000482e+02,1.704684347734117182e+04
6.921978100000000040e+02,1.696218598909315551e+04
6.922721599999999853e+02,1.691879902636604675e+04
6.923464400000000296e+02,1.682885044510252919e+04
6.924207199999999602e+02,1.684684016135523052e+04
6.924950599999999667e+02,1.676959020332891669e+04
6.925693400000000111e+02,1.674207651964831166e+04
6.926436200000000554e+02,1.667858340346230034e+04
6.927179599999999482e+02,1.670927174295220539e+04
6.927922399999999925e+02,1.664789506397239529e+04
6.928665200000000368e+02,1.659180947800808281e+04
6.929407999999999674e+02,1.653995676645617277e+04
6.930151399999999740e+02,1.649762802233216644e+04
6.930894200000000183e+02,1.647117255725466021e+04
6.931636999999999489e+02,1.641826162709964774e+04
6.932379799999999932e+02,1.633995345047023511e+04
6.933122600000000375e+02,1.626587814825321948e+04
6.933866000000000440e+02,1.620873434368581002e+04
6.934608799999999746e+02,1.626587814825321948e+04
6.935351600000000190e+02,1.621508365530441006e+04
6.936094399999999496e+02,1.611666932521609124e+04
6.936837199999999939e+02,1.608492276712308558e+04
6.937580000000000382e+02,1.603941936718977740e+04
6.938322799999999688e+02,1.601402212071537178e+04
6.939065600000000131e+02,1.594841256732315924e+04
6.939809000000000196e+02,1.595687831614796050e+04
6.940551799999999503e+02,1.592089888364255421e+04
6.941294599999999946e+02,1.586798795348754356e+04
6.942037400000000389e+02,1.583835783260073731e+04
6.942780199999999695e+02,1.576322431178062288e+04
6.943522900000000391e+02,1.572618666067211598e+04
6.944265699999999697e+02,1.567962504213570719e+04
6.945008500000000140e+02,1.560343330271249397e+04
6.945751299999999446e+02,1.561613192594969587e+04
6.946494099999999889e+02,1.560766617712489460e+04
6.947236900000000333e+02,1.551771759586137705e+04
6.947979699999999639e+02,1.551560115865517582e+04
6.948721900000000460e+02,1.540448820532965510e+04
6.949464699999999766e+02,1.539602245650485384e+04
6.950207500000000209e+02,1.538755670768005257e+04
6.950950299999999515e+02,1.530819031244753569e+04
6.951693099999999959e+02,1.526691978692662815e+04
6.952435900000000402e+02,1.523411501023052188e+04
6.953178699999999708e+02,1.516744723823520872e+04
6.953921500000000151e+02,1.518966982890031431e+04
6.954663699999999835e+02,1.510501234065229801e+04
6.955406500000000278e+02,1.505210141049728736e+04
6.956149299999999585e+02,1.506480003373448926e+04
6.956892100000000028e+02,1.502352950821358172e+04
6.957634900000000471e+02,1.502141307100738231e+04
6.958377100000000155e+02,1.494945420599656791e+04
6.959119899999999461e+02,1.502987881983218358e+04
6.959862699999999904e+02,1.491030011768185977e+04
6.960604899999999589e+02,1.488384465260435536e+04
6.961347700000000032e+02,1.481082756899044034e+04
6.962090500000000475e+02,1.478437210391293593e+04
6.962833299999999781e+02,1.477484813648503405e+04
6.963575399999999718e+02,1.471135502029902273e+04
6.964318200000000161e+02,1.468701599242771772e+04
6.965060399999999845e+02,1.461717356462310454e+04
6.965803200000000288e+02,1.457378660189599577e+04
6.966545999999999594e+02,1.461823178322620333e+04
6.967288200000000415e+02,1.451664279732858449e+04
6.968030999999999722e+02,1.450606061129758200e+04
6.968773200000000543e+02,1.443410174628676941e+04
6.969515999999999849e+02,1.442881065327126817e+04
6.970258800000000292e+02,1.437695794171935813e+04
6.971000999999999976e+02,1.436425931848215623e+04
6.971743800000000419e+02,1.432933810457984873e+04
6.972486000000000104e+02,1.428489292324963935e+04
6.973228800000000547e+02,1.427325251861553807e+04
6.973970900000000483e+02,1.427854361163103931e+04
6.974713699999999790e+02,1.417801284433651927e+04
6.975455899999999474e+02,1.414732450484661422e+04
6.976198100000000295e+02,1.412721835138770984e+04
6.976940899999999601e+02,1.411346150954740733e+04
6.977683100000000422e+02,1.407748207704200104e+04
6.978425899999999729e+02,1.407854029564509983e+04
6.979168100000000550e+02,1.399388280739708352e+04
6.979910300000000234e+02,1.399282458879398473e+04
6.980653099999999540e+02,1.394943762606687596e+04
6.981395300000000361e+02,1.396636912371647850e+04
6.982138099999999667e+02,1.390499244473666658e+04
6.982880199999999604e+02,1.392192394238627094e+04
6.983622400000000425e+02,1.387536232384986215e+04
6.984364600000000110e+02,1.384149932855065526e+04
6.985107400000000553e+02,1.379811236582354650e+04
6.985849600000000237e+02,1.379282127280804525e+04
6.986591799999999921e+02,1.373461924963753518e+04
6.987334600000000364e+02,1.374202677985923583e+04
6.988076800000000048e+02,1.366477682183292200e+04
6.988818999999999733e+02,1.368382475668872576e+04
6.989561200000000554e+02,1.365631107300811891e+04
6.990303300000000490e+02,1.361715698469341260e+04
6.991046099999999797e+02,1.363091382653371511e+04
6.991788299999999481e+02,1.359281795682210759e+04
6.992530500000000302e+02,1.362033164050271262e+04
6.993272699999999986e+02,1.354202346387329817e+04
6.994014899999999670e+02,1.352403374762059502e+04
6.994757100000000491e+02,1.349440362673378877e+04
6.995499300000000176e+02,1.345948241283148127e+04
6.996241499999999860e+02,1.342879407334157622e+04
6.996983599999999797e+02,1.345842419422838248e+04
6.997726400000000240e+02,1.339810573385166936e+04
6.998468599999999924e+02,1.344043447797567751e+04
6.999210799999999608e+02,1.340974613848577246e+04
6.999953000000000429e+02,1.338752354782066868e+04
7.000695200000000114e+02,1.340233860826407181e+04
7.001437399999999798e+02,1.334307836649045930e+04
7.002179599999999482e+02,1.330286605957265238e+04
7.002921800000000303e+02,1.324148938059284046e+04
7.003663299999999481e+02,1.328699278052614864e+04
7.004405500000000302e+02,1.322455788294323611e+04
7.005147699999999986e+02,1.322561610154633672e+04
7.005889899999999670e+02,1.321291747830913482e+04
7.006632100000000491e+02,1.321609213411843484e+04
7.007374300000000176e+02,1.316847229697892544e+04
7.008116499999999860e+02,1.310497918079291412e+04
7.008858599999999797e+02,1.314519148771072105e+04
7.009600799999999481e+02,1.312085245983941604e+04
7.010342399999999543e+02,1.311344492961771539e+04
7.011084600000000364e+02,1.301926347394179720e+04
7.011826800000000048e+02,1.303725319019450035e+04
7.012568999999999733e+02,1.304042784600380219e+04
7.013311200000000554e+02,1.297270185540538841e+04
7.014052699999999732e+02,1.298222582283329029e+04
7.014794900000000553e+02,1.297481829261158964e+04
7.015537100000000237e+02,1.294624639032788400e+04
7.016278700000000299e+02,1.290497586480697464e+04
7.017020899999999983e+02,1.289756833458527399e+04
7.017763099999999667e+02,1.289439367877597397e+04
7.018505199999999604e+02,1.286476355788916771e+04
7.019246799999999666e+02,1.286793821369846773e+04
7.019989000000000487e+02,1.284465740443026334e+04
7.020730600000000550e+02,1.278433894405355204e+04
7.021472800000000234e+02,1.276105813478534765e+04
7.022214999999999918e+02,1.276105813478534765e+04
7.022956500000000233e+02,1.275047594875434515e+04
7.023698699999999917e+02,1.273777732551714325e+04
7.024440299999999979e+02,1.277481497662565016e+04
7.025182499999999663e+02,1.269650679999623571e+04
7.025924700000000485e+02,1.267851708374353257e+04
7.026666300000000547e+02,1.264994518145982693e+04
7.027408400000000483e+02,1.265311983726912695e+04
7.028150000000000546e+02,1.261184931174821941e+04
7.028892200000000230e+02,1.260338356292341814e+04
7.029633800000000292e+02,1.258751028387691440e+04
7.030375400000000354e+02,1.253671579092810498e+04
7.031117600000000039e+02,1.256528769321181062e+04
7.031859100000000353e+02,1.258856850248001501e+04
7.032601300000000037e+02,1.252507538629400187e+04
7.033342900000000100e+02,1.248168842356689493e+04
7.034085099999999784e+02,1.246581514452039119e+04
7.034826699999999846e+02,1.247004801893279182e+04
7.035568200000000161e+02,1.246475692591729057e+04
7.036310399999999845e+02,1.237163368884447300e+04
7.037051999999999907e+02,1.232824672611736423e+04
7.037793599999999969e+02,1.241396243296848115e+04
7.038535799999999654e+02,1.237692478185997425e+04
7.039277299999999968e+02,1.230496591684915984e+04
7.040018900000000031e+02,1.231343166567396293e+04
7.040760500000000093e+02,1.233882891214836673e+04
7.041502699999999777e+02,1.231343166567396293e+04
7.042244299999999839e+02,1.229861660523055980e+04
7.042985800000000154e+02,1.231448988427706172e+04
7.043727400000000216e+02,1.220231871234844039e+04
7.044469000000000278e+02,1.219385296352363912e+04
7.045211199999999963e+02,1.223512348904454666e+04
7.045952800000000025e+02,1.219067830771433910e+04
7.046694300000000339e+02,1.215787353101823282e+04
7.047435900000000402e+02,1.212824341013142657e+04
7.048177500000000464e+02,1.211448656829112406e+04
7.048919100000000526e+02,1.211237013108492283e+04
7.049660599999999704e+02,1.207215782416711590e+04
7.050402199999999766e+02,1.207533247997641593e+04
7.051144399999999450e+02,1.206157563813611341e+04
7.051885999999999513e+02,1.210813725667252220e+04
7.052627599999999575e+02,1.200549005217180274e+04
7.053369099999999889e+02,1.204887701489891151e+04
7.054110699999999952e+02,1.198432568010979958e+04
7.054852300000000014e+02,1.201289758239350522e+04
7.055593900000000076e+02,1.198961677312529901e+04
7.056335400000000391e+02,1.200125717775940211e+04
7.057077000000000453e+02,1.195892843363539396e+04
7.057817999999999756e+02,1.191342503370208578e+04
7.058559599999999818e+02,1.190495928487728452e+04
7.059301100000000133e+02,1.189331888024318141e+04
7.060042700000000195e+02,1.188273669421217892e+04
7.060784300000000258e+02,1.189437709884628202e+04
7.061525900000000320e+02,1.184993191751607264e+04
7.062267500000000382e+02,1.191236681509898517e+04
7.063008999999999560e+02,1.185522301053157389e+04
7.063750000000000000e+02,1.186897985237187640e+04
7.064491600000000062e+02,1.185310657332537448e+04
7.065233200000000124e+02,1.180231208037656324e+04
7.065974700000000439e+02,1.181924357802616760e+04
7.066716300000000501e+02,1.179172989434556257e+04
7.067457299999999805e+02,1.181606892221686576e+04
7.068198899999999867e+02,1.178538058272696071e+04
7.068940400000000182e+02,1.180125386177346445e+04
7.069681399999999485e+02,1.174728471301535319e+04
7.070422999999999547e+02,1.173881896419055192e+04
7.071164599999999609e+02,1.172823677815954943e+04
7.071905500000000302e+02,1.174834293161845380e+04
7.072647100000000364e+02,1.168802447124174250e+04
7.073388700000000426e+02,1.169860665727274318e+04
7.074129599999999982e+02,1.174728471301535319e+04
7.074871200000000044e+02,1.169225734565414314e+04
7.075612800000000107e+02,1.171871281073164755e+04
7.076353800000000547e+02,1.172188746654094939e+04
7.077095299999999725e+02,1.161924026204022812e+04
7.077836300000000165e+02,1.164675394572083496e+04
7.078577900000000227e+02,1.166897653638593874e+04
7.079318799999999783e+02,1.163828819689603188e+04
7.080060399999999845e+02,1.166368544337043750e+04
7.080801400000000285e+02,1.167532584800453878e+04
7.081543000000000347e+02,1.161289095042162808e+04
7.082283899999999903e+02,1.165627791314873684e+04
7.083025499999999965e+02,1.166368544337043750e+04
7.083766500000000406e+02,1.162770601086503120e+04
7.084508100000000468e+02,1.159384301556582432e+04
7.085249000000000024e+02,1.164992860153013498e+04
7.085990000000000464e+02,1.155998002026661743e+04
7.086731600000000526e+02,1.161500738762782748e+04
7.087472500000000082e+02,1.163828819689603188e+04
7.088213500000000522e+02,1.158643548534412184e+04
7.088955099999999447e+02,1.158326082953482182e+04
7.089696000000000140e+02,1.156632933188521929e+04
7.090436999999999443e+02,1.155892180166351682e+04
7.091178599999999506e+02,1.149754512268370490e+04
7.091919599999999946e+02,1.155574714585421680e+04
7.092660499999999502e+02,1.151765127614260928e+04
7.093401499999999942e+02,1.155045605283871555e+04
7.094143100000000004e+02,1.147955540643100176e+04
7.094883999999999560e+02,1.145098350414729612e+04
7.095625000000000000e+02,1.147003143900309988e+04
7.096366000000000440e+02,1.151236018312710803e+04
7.097106899999999996e+02,1.145839103436899859e+04
7.097848500000000058e+02,1.153775742960151365e+04
7.098589500000000498e+02,1.151024374592090862e+04
7.099330400000000054e+02,1.143299378789459297e+04
7.100071400000000494e+02,1.142770269487909172e+04
7.100812399999999798e+02,1.142241160186359048e+04
7.101553300000000490e+02,1.140865476002328796e+04
7.102294299999999794e+02,1.140865476002328796e+04
7.103035300000000234e+02,1.139383969957988484e+04
7.103776199999999790e+02,1.139489791818298545e+04
7.104517200000000230e+02,1.136526779729618102e+04
7.105258199999999533e+02,1.135891848567757916e+04
7.105999100000000226e+02,1.135680204847137793e+04
7.106740099999999529e+02,1.132717192758457350e+04
7.107481099999999969e+02,1.133457945780627415e+04
7.108221999999999525e+02,1.125521306257375909e+04
7.108962999999999965e+02,1.133352123920317354e+04
7.109704000000000406e+02,1.127743565323886287e+04
7.110444899999999961e+02,1.126367881139856036e+04
7.111185900000000402e+02,1.123616512771795533e+04
7.111926899999999705e+02,1.121711719286215157e+04
7.112667800000000398e+02,1.118642885337224652e+04
7.113408200000000079e+02,1.122664116029005345e+04
7.114149200000000519e+02,1.119806925800634781e+04
7.114890100000000075e+02,1.118537063476914591e+04
7.115631100000000515e+02,1.127002812301716222e+04
7.116372099999999818e+02,1.116526448131024154e+04
7.117112399999999752e+02,1.115574051388233966e+04
7.117853400000000192e+02,1.116843913711954156e+04
7.118594399999999496e+02,1.115574051388233966e+04
7.119335300000000188e+02,1.109859670931492838e+04
7.120075699999999870e+02,1.114515832785133716e+04
7.120816700000000310e+02,1.112822683020173463e+04
7.121557599999999866e+02,1.112293573718623338e+04
7.122297999999999547e+02,1.104568577915991955e+04
7.123038900000000240e+02,1.108272343026842645e+04
7.123779899999999543e+02,1.104145290474751891e+04
7.124520300000000361e+02,1.108166521166532584e+04
7.125261199999999917e+02,1.101817209547931270e+04
7.126001599999999598e+02,1.104251112335061771e+04
7.126742600000000039e+02,1.100229881643281078e+04
7.127483499999999594e+02,1.099277484900490890e+04
7.128223900000000413e+02,1.097478513275220575e+04
7.128964799999999968e+02,1.097795978856150577e+04
7.129705199999999650e+02,1.092293242120029572e+04
7.130446200000000090e+02,1.098642553738630704e+04
7.131186500000000024e+02,1.095891185370570201e+04
7.131927500000000464e+02,1.090811736075689259e+04
7.132667800000000398e+02,1.096102829091190324e+04
7.133408200000000079e+02,1.098325088157700702e+04
7.134149200000000519e+02,1.086367217942668321e+04
7.134889500000000453e+02,1.090070983053519012e+04
7.135630499999999756e+02,1.084991533758638070e+04
7.136370799999999690e+02,1.082028521669957627e+04
7.137111200000000508e+02,1.086684683523598505e+04
7.137852199999999812e+02,1.084779890038018129e+04
7.138592499999999745e+02,1.076843250514766623e+04
7.139332900000000564e+02,1.084250780736468005e+04
7.140073899999999867e+02,1.083933315155538003e+04
7.140814199999999801e+02,1.078324756559106936e+04
7.141554599999999482e+02,1.080970303066857377e+04
7.142295500000000175e+02,1.073562772845155996e+04
7.143035899999999856e+02,1.075996675632286315e+04
7.143776199999999790e+02,1.074938457029186247e+04
7.144516599999999471e+02,1.074515169587946184e+04
7.145257000000000289e+02,1.075255922610116249e+04
7.145997899999999845e+02,1.072716197962675687e+04
7.146738299999999526e+02,1.068800789131205056e+04
7.147478599999999460e+02,1.073774416565775937e+04
7.148219000000000278e+02,1.071975444940505622e+04
7.148959399999999960e+02,1.063509696115703991e+04
7.149699699999999893e+02,1.070282295175545369e+04
7.150440099999999575e+02,1.067107639366244621e+04
7.151180399999999509e+02,1.064144627277564177e+04
7.151920800000000327e+02,1.069859007734305305e+04
7.152661699999999882e+02,1.066578530064694678e+04
7.153402099999999564e+02,1.064673736579114302e+04
7.154142500000000382e+02,1.068589145410584933e+04
7.154882800000000316e+02,1.065308667740974306e+04
7.155623199999999997e+02,1.060229218446093364e+04
7.156363499999999931e+02,1.061075793328573491e+04
7.157103299999999990e+02,1.058006959379582986e+04
7.157843599999999924e+02,1.056207987754312671e+04
7.158583999999999605e+02,1.060758327747643489e+04
7.159324299999999539e+02,1.058536068681133111e+04
7.160064700000000357e+02,1.056207987754312671e+04
7.160805100000000039e+02,1.061710724490433677e+04
7.161545399999999972e+02,1.051657647760981672e+04
7.162285799999999654e+02,1.059805931004853301e+04
7.163025499999999965e+02,1.055678878452762547e+04
7.163765899999999647e+02,1.052292578922841858e+04
7.164506199999999581e+02,1.055784700313072608e+04
7.165246600000000399e+02,1.055043947290902361e+04
7.165986900000000333e+02,1.051975113341911856e+04
7.166726700000000392e+02,1.059488465423923299e+04
7.167467000000000326e+02,1.053879906827492232e+04
7.168207400000000007e+02,1.048800457532611108e+04
7.168947799999999688e+02,1.051551825900671793e+04
7.169687500000000000e+02,1.049752854275401296e+04
7.170427899999999681e+02,1.046049089164550605e+04
7.171168199999999615e+02,1.056737097055862796e+04
7.171907999999999674e+02,1.048059704510441043e+04
7.172648299999999608e+02,1.048800457532611108e+04
7.173388099999999667e+02,1.050070319856331480e+04
7.174128399999999601e+02,1.044885048701140477e+04
7.174868800000000419e+02,1.046684020326410791e+04
7.175608499999999594e+02,1.049964497996021419e+04
7.176348900000000413e+02,1.042980255215560101e+04
7.177088599999999587e+02,1.046578198466100730e+04
7.177829000000000406e+02,1.046260732885170728e+04
7.178568699999999581e+02,1.038112449641299099e+04
7.179309100000000399e+02,1.044990870561450538e+04
7.180048799999999574e+02,1.039593955685639412e+04
7.180789200000000392e+02,1.039593955685639412e+04
7.181528899999999567e+02,1.046366554745480789e+04
7.182268699999999626e+02,1.041181283590289786e+04
7.183008999999999560e+02,1.035043615692308595e+04
7.183748799999999619e+02,1.044250117539280291e+04
7.184489099999999553e+02,1.041075461729979725e+04
7.185228899999999612e+02,1.033773753368588223e+04
7.185968599999999924e+02,1.041710392891839911e+04
7.186708999999999605e+02,1.035043615692308595e+04
7.187448699999999917e+02,1.039699777545949473e+04
7.188188499999999976e+02,1.034514506390758470e+04
7.188928200000000288e+02,1.031657316162387906e+04
7.189668599999999969e+02,1.040228886847499598e+04
7.190408300000000281e+02,1.036101834295408662e+04
7.191148100000000341e+02,1.031445672441767783e+04
7.191887799999999515e+02,1.028800125934017342e+04
7.192628200000000334e+02,1.034726150111378411e+04
7.193367899999999509e+02,1.032715534765488155e+04
7.194107699999999568e+02,1.031339850581457904e+04
7.194847399999999880e+02,1.031022385000527720e+04
7.195587199999999939e+02,1.027001154308747027e+04
7.196326900000000251e+02,1.032715534765488155e+04
7.197066700000000310e+02,1.026683688727817025e+04
7.197807000000000244e+02,1.027106976169057089e+04
7.198546800000000303e+02,1.027424441749987091e+04
7.199286499999999478e+02,1.025308004543786592e+04
7.200026199999999790e+02,1.027318619889677029e+04
7.200765999999999849e+02,1.026895332448436966e+04
7.201505700000000161e+02,1.018006296182395272e+04
7.202245500000000220e+02,1.022662458036036151e+04
7.202985200000000532e+02,1.019805267807665587e+04
7.203724999999999454e+02,1.016842255718985143e+04
7.204464699999999766e+02,1.024673073381926588e+04
7.205204499999999825e+02,1.012715203166894207e+04
7.205943600000000515e+02,1.016207324557124957e+04
7.206683299999999690e+02,1.015254927814334769e+04
7.207423099999999749e+02,1.010069656659143766e+04
7.208162800000000061e+02,1.014196709211234520e+04
7.208902600000000120e+02,1.014725818512784645e+04
7.209642300000000432e+02,1.009752191078213764e+04
7.210382100000000491e+02,1.009963834798833705e+04
7.211121200000000044e+02,1.010175478519453827e+04
7.211861000000000104e+02,1.008482328754493392e+04
7.212600700000000415e+02,1.013561778049374516e+04
7.213340500000000475e+02,1.005836782246742951e+04
7.214079600000000028e+02,1.001286442253412133e+04
7.214819300000000339e+02,1.006365891548293075e+04
7.215559100000000399e+02,1.003826166900852513e+04
7.216298199999999952e+02,1.003931988761162575e+04
7.217038000000000011e+02,1.002662126437442384e+04
7.217777700000000323e+02,9.985350738853516305e+03
7.218516799999999876e+02,9.985350738853516305e+03
7.219256599999999935e+02,1.001921373415272137e+04
7.219996300000000247e+02,9.949371306348108192e+03
7.220735499999999547e+02,9.983234301647315078e+03
7.221475199999999859e+02,9.907042562224100038e+03
7.222214400000000296e+02,9.940905557523306925e+03
7.222954099999999471e+02,9.930323371492304432e+03
7.223693200000000161e+02,9.879528878543495011e+03
7.224433000000000220e+02,9.927148715683004411e+03
7.225172099999999773e+02,9.904926125017900631e+03
7.225911899999999832e+02,9.862597380893892478e+03
7.226651000000000522e+02,9.902809687811699405e+03
7.227390699999999697e+02,9.829792604197786204e+03
7.228129900000000134e+02,9.847782320450489351e+03
7.228869600000000446e+02,9.834025478610186838e+03
7.229608799999999746e+02,9.798046046104778725e+03
7.230347900000000436e+02,9.817093980960582485e+03
7.231087599999999611e+02,9.798046046104778725e+03
7.231826800000000048e+02,9.716563213666064257e+03
7.232565899999999601e+02,9.781114548455176191e+03
7.233305699999999661e+02,9.780056329852075578e+03
7.234044800000000350e+02,9.698573497413361110e+03
7.234783899999999903e+02,9.732436492712566178e+03
7.235523699999999963e+02,9.703864590428860538e+03
7.236262799999999515e+02,9.702806371825761744e+03
7.237001999999999953e+02,9.732436492712566178e+03
7.237741099999999506e+02,9.649895441670751097e+03
7.238480200000000195e+02,9.718679650872263664e+03
7.239220000000000255e+02,9.670001595129655470e+03
7.239959099999999808e+02,9.632963944021148563e+03
7.240698200000000497e+02,9.602275604531241697e+03
7.241437399999999798e+02,9.660477627701753590e+03
7.242176500000000487e+02,9.577936576659936691e+03
7.242915600000000040e+02,9.596984511515740451e+03
7.243654800000000478e+02,9.605450260340541718e+03
7.244393900000000031e+02,9.557830423201034137e+03
7.245133100000000468e+02,9.620265320783944844e+03
7.245872200000000021e+02,9.533491395329729130e+03
7.246611299999999574e+02,9.553597548788633503e+03
7.247350500000000011e+02,9.576878358056837897e+03
7.248089599999999564e+02,9.509152367458424123e+03
7.248828700000000254e+02,9.546190018566931030e+03
7.249567899999999554e+02,9.500686618633622857e+03
7.250307000000000244e+02,9.530316739520427291e+03
7.251046099999999797e+02,9.571587265041336650e+03
7.251785300000000234e+02,9.472114716349917217e+03
7.252524399999999787e+02,9.485871558190219730e+03
7.253263500000000477e+02,9.511268804664625350e+03
7.254002699999999777e+02,9.472114716349917217e+03
7.254741199999999708e+02,9.438251721050710330e+03
7.255480300000000398e+02,9.461532530318914723e+03
7.256219499999999698e+02,9.424494879210407817e+03
7.256958600000000388e+02,9.412854474576304710e+03
7.257697799999999688e+02,9.460474311715814110e+03
7.258436299999999619e+02,9.448833907081712823e+03
7.259175400000000309e+02,9.457299655906514090e+03
7.259914599999999609e+02,9.437193502447609717e+03
7.260653700000000299e+02,9.398039414132903403e+03
7.261392200000000230e+02,9.410738037370105303e+03
7.262131299999999783e+02,9.343012046771691530e+03
7.262870500000000220e+02,9.385340790895699683e+03
7.263609000000000151e+02,9.387457228101900910e+03
7.264348099999999704e+02,9.366292856039895923e+03
7.265086700000000519e+02,9.409679818767004690e+03
7.265825800000000072e+02,9.358885325818195270e+03
7.266564300000000003e+02,9.387457228101900910e+03
7.267303500000000440e+02,9.347244921184092163e+03
7.268042599999999993e+02,9.343012046771691530e+03
7.268781099999999924e+02,9.316556581694187116e+03
7.269520300000000361e+02,9.351477795596494616e+03
7.270258800000000292e+02,9.258354558523675223e+03
7.270997899999999845e+02,9.319731237503487137e+03
7.271736499999999523e+02,9.274227837570178963e+03
7.272474999999999454e+02,9.271053181760878942e+03
7.273214100000000144e+02,9.305974395663184623e+03
7.273952600000000075e+02,9.213909377193467662e+03
7.274691800000000512e+02,9.246714153889573936e+03
7.275430300000000443e+02,9.238248405064772669e+03
7.276168800000000374e+02,9.155707354022955769e+03
7.276907999999999674e+02,9.238248405064772669e+03
7.277646499999999605e+02,9.196977879543863310e+03
7.278384999999999536e+02,9.180046381894260776e+03
7.279123499999999467e+02,9.210734721384167642e+03
7.279862699999999904e+02,9.149358042404355729e+03
7.280601199999999835e+02,9.122902577326849496e+03
7.281339699999999766e+02,9.159940228435356403e+03
7.282078199999999697e+02,9.093272456440045062e+03
7.282817400000000134e+02,9.093272456440045062e+03
7.283555900000000065e+02,9.078457395996641935e+03
7.284294399999999996e+02,9.078457395996641935e+03
7.285032999999999674e+02,9.090097800630743222e+03
7.285771499999999605e+02,9.038245089078833189e+03
7.286509999999999536e+02,9.061525898347037582e+03
7.287248499999999467e+02,9.018138935619930635e+03
7.287987100000000282e+02,8.991683470542424402e+03
7.288725600000000213e+02,9.037186870475734395e+03
7.289464699999999766e+02,8.936656103181214348e+03
7.290203199999999697e+02,8.950412945021516862e+03
7.290941800000000512e+02,8.987450596130023769e+03
7.291680300000000443e+02,8.943005414799816208e+03
7.292418800000000374e+02,8.964169786861819375e+03
7.293156699999999546e+02,8.960995131052519355e+03
7.293895300000000361e+02,8.895385577660306808e+03
7.294633800000000292e+02,8.957820475243217516e+03
7.295372300000000223e+02,8.860464363757999308e+03
7.296110800000000154e+02,8.875279424201402435e+03
7.296849399999999832e+02,8.868930112582800575e+03
7.297587899999999763e+02,8.829776024268094261e+03
7.298326399999999694e+02,8.837183554489794915e+03
7.299064300000000003e+02,8.825543149855693628e+03
7.299802899999999681e+02,8.803320559190588028e+03
7.300541399999999612e+02,8.811786308015391114e+03
7.301279899999999543e+02,8.789563717350285515e+03
7.302018399999999474e+02,8.731361694179775441e+03
7.302756299999999783e+02,8.719721289545672334e+03
7.303494899999999461e+02,8.725012382561173581e+03
7.304233400000000529e+02,8.714430196530171088e+03
7.304971299999999701e+02,8.687974731452666674e+03
7.305709799999999632e+02,8.635063801297656028e+03
7.306448400000000447e+02,8.673159671009263548e+03
7.307186299999999619e+02,8.661519266375162260e+03
7.307924799999999550e+02,8.630830926885255394e+03
7.308662699999999859e+02,8.624481615266653534e+03
7.309401199999999790e+02,8.551464531652740334e+03
7.310139799999999468e+02,8.593793275776748487e+03
7.310877699999999777e+02,8.548289875843440313e+03
7.311616199999999708e+02,8.512310443338032201e+03
7.312354100000000017e+02,8.541940564224838454e+03
7.313092699999999695e+02,8.484796759657427174e+03
7.313830600000000004e+02,8.479505666641925927e+03
7.314569099999999935e+02,8.462574168992323393e+03
7.315307000000000244e+02,8.460457731786122167e+03
7.316044900000000553e+02,8.465748824801623414e+03
7.316783400000000483e+02,8.414954331852813993e+03
7.317521400000000540e+02,8.355694090079203306e+03
7.318259900000000471e+02,8.453050201564421513e+03
7.318997799999999643e+02,8.330296843604797687e+03
7.319735699999999952e+02,8.315481783161394560e+03
7.320473600000000260e+02,8.341937248238900793e+03
7.321212199999999939e+02,8.301724941321092047e+03
7.321950100000000248e+02,8.333471499414097707e+03
7.322688000000000557e+02,8.308074252939693906e+03
7.323426500000000487e+02,8.244581136753680767e+03
7.324164399999999659e+02,8.256221541387783873e+03
7.324902299999999968e+02,8.228707857707178846e+03
7.325640300000000025e+02,8.236115387928879500e+03
7.326378200000000334e+02,8.211776360057574493e+03
7.327116700000000264e+02,8.173680490345967883e+03
7.327854599999999436e+02,8.141933932252962222e+03
7.328592499999999745e+02,8.096430532319653139e+03
7.329330400000000054e+02,8.139817495046760996e+03
7.330068400000000111e+02,8.153574336887064419e+03
7.330806300000000419e+02,8.086906564891751259e+03
7.331544199999999591e+02,8.113362029969256582e+03
7.332282099999999900e+02,8.061509318417346549e+03
7.333020000000000209e+02,8.037170290546041542e+03
7.333757900000000518e+02,8.051985350989444669e+03
7.334495799999999690e+02,8.033995634736741522e+03
7.335233799999999746e+02,8.036112071942941839e+03
7.335971700000000055e+02,7.999074420834434022e+03
7.336709600000000364e+02,7.967327862741428362e+03
7.337447499999999536e+02,7.970502518550729292e+03
7.338185399999999845e+02,7.939814179060823335e+03
7.338923300000000154e+02,7.924999118617420208e+03
7.339660599999999704e+02,7.919708025601918962e+03
7.340398599999999760e+02,7.880553937287211738e+03
7.341136500000000069e+02,7.866797095446909225e+03
7.341874400000000378e+02,7.869971751256209245e+03
7.342612299999999550e+02,7.877379281477910808e+03
7.343349600000000237e+02,7.858331346622107048e+03
7.344087500000000546e+02,7.829759444338402318e+03
7.344825399999999718e+02,7.774732076977191355e+03
7.345563399999999774e+02,7.799071104848496361e+03
7.346300700000000461e+02,7.777906732786492285e+03
7.347038599999999633e+02,7.714413616600480054e+03
7.347776499999999942e+02,7.785314263008193848e+03
7.348513799999999492e+02,7.710180742188079421e+03
7.349251699999999801e+02,7.764149890946189771e+03
7.349989000000000487e+02,7.691132807332275661e+03
7.350726899999999659e+02,7.724995802631481638e+03
7.351464799999999968e+02,7.695365681744676294e+03
7.352202099999999518e+02,7.642454751589665648e+03
7.352940099999999575e+02,7.671026653873371288e+03
7.353677400000000262e+02,7.632930784161763768e+03
7.354415299999999434e+02,7.623406816733862797e+03
7.355152600000000120e+02,7.591660258640856227e+03
7.355890500000000429e+02,7.538749328485846490e+03
7.356627799999999979e+02,7.592718477243956841e+03
7.357365700000000288e+02,7.578961635403653418e+03
7.358102999999999838e+02,7.574728760991252784e+03
7.358840300000000525e+02,7.535574672676545561e+03
7.359578199999999697e+02,7.537691109882745877e+03
7.360315600000000131e+02,7.572612323785052467e+03
7.361052899999999681e+02,7.493245928552537407e+03
7.361790799999999990e+02,7.510177426202140850e+03
7.362528099999999540e+02,7.514410300614541484e+03
7.363265400000000227e+02,7.463615807665732063e+03
7.364003300000000536e+02,7.500653458774238970e+03
7.364740600000000086e+02,7.443509654206827690e+03
7.365477899999999636e+02,7.426578156557224247e+03
7.366215200000000323e+02,7.420228844938623297e+03
7.366952499999999873e+02,7.446684310016128620e+03
7.367690400000000182e+02,7.387424068242517023e+03
7.368427699999999732e+02,7.390598724051817953e+03
7.369165000000000418e+02,7.323930952056504793e+03
7.369902299999999968e+02,7.382132975227015777e+03
7.370639599999999518e+02,7.327105607865805723e+03
7.371376999999999953e+02,7.306999454406901350e+03
7.372114299999999503e+02,7.358852165958811383e+03
7.372851600000000190e+02,7.298533705582100083e+03
7.373588899999999740e+02,7.308057673010001963e+03
7.374326200000000426e+02,7.293242612566598837e+03
7.375063499999999976e+02,7.230807714983687220e+03
7.375800799999999526e+02,7.233982370792987240e+03
7.376538100000000213e+02,7.223400184761985656e+03
7.377275399999999763e+02,7.245622775427089437e+03
7.378012700000000450e+02,7.224458403365086269e+03
7.378750000000000000e+02,7.209643342921683143e+03
7.379487299999999550e+02,7.195886501081380629e+03
7.380224600000000237e+02,7.164139942988374059e+03
7.380961899999999787e+02,7.160965287179074039e+03
7.381698599999999715e+02,7.158848849972872813e+03
7.382435900000000402e+02,7.154615975560472179e+03
7.383173199999999952e+02,7.121811198864365906e+03
7.383910499999999502e+02,7.091122859374459949e+03
7.384647800000000188e+02,7.101705045405462442e+03
7.385384500000000116e+02,7.074191361724857416e+03
7.386121799999999666e+02,7.057259864075253972e+03
7.386859100000000353e+02,7.028687961791548332e+03
7.387595800000000281e+02,7.066783831503155852e+03
7.388333099999999831e+02,7.031862617600849262e+03
7.389070400000000518e+02,7.000116059507842692e+03
7.389807100000000446e+02,6.972602375827237665e+03
7.390544399999999996e+02,6.958845533986935152e+03
7.391281099999999924e+02,6.966253064208636715e+03
7.392018399999999474e+02,6.957787315383834539e+03
7.392755700000000161e+02,6.923924320084628562e+03
7.393492400000000089e+02,6.920749664275327632e+03
7.394229699999999639e+02,6.905934603831924505e+03
7.394966399999999567e+02,6.881595575960620408e+03
7.395703700000000254e+02,6.840325050439711958e+03
7.396440400000000182e+02,6.809636710949806002e+03
7.397177699999999732e+02,6.810694929552906615e+03
7.397914399999999659e+02,6.830801083011810078e+03
7.398651099999999587e+02,6.783181245872301588e+03
7.399388400000000274e+02,6.736619627335891892e+03
7.400125100000000202e+02,6.763075092413397215e+03
7.400861800000000130e+02,6.736619627335891892e+03
7.401599099999999680e+02,6.768366185428898461e+03
7.402335799999999608e+02,6.672068292546779958e+03
7.403072499999999536e+02,6.671010073943679345e+03
7.403809800000000223e+02,6.715455255273887815e+03
7.404546500000000151e+02,6.621273799597970537e+03
7.405283200000000079e+02,6.638205297247573071e+03
7.406019900000000007e+02,6.610691613566968044e+03
7.406757199999999557e+02,6.601167646139066164e+03
7.407493899999999485e+02,6.624448455407270558e+03
7.408230600000000550e+02,6.520743032303450491e+03
7.408967300000000478e+02,6.538732748556154547e+03
7.409704000000000406e+02,6.527092343922052351e+03
7.410440700000000334e+02,6.484763599798044197e+03
7.411177400000000262e+02,6.483705381194943584e+03
7.411914699999999812e+02,6.435027325452334480e+03
7.412651399999999740e+02,6.440318418467835727e+03
7.413388099999999667e+02,6.410688297581029474e+03
7.414124799999999595e+02,6.366243116250821004e+03
7.414861499999999523e+02,6.418095827802731037e+03
7.415598099999999704e+02,6.375767083678722884e+03
7.416334799999999632e+02,6.371534209266322250e+03
7.417070899999999938e+02,6.327089027936113780e+03
7.417807599999999866e+02,6.313332186095811267e+03
7.418544299999999794e+02,6.351428055807418787e+03
7.419280999999999722e+02,6.257246600131500600e+03
7.420017699999999650e+02,6.247722632703598720e+03
7.420754399999999578e+02,6.287934939621406556e+03
7.421491099999999506e+02,6.276294534987304360e+03
7.422227799999999434e+02,6.243489758291198086e+03
7.422963899999999740e+02,6.226558260641594643e+03
7.423700599999999667e+02,6.239256883878796543e+03
7.424437299999999595e+02,6.203277451373390250e+03
7.425173999999999523e+02,6.149308302615279899e+03
7.425910000000000082e+02,6.185287735120686193e+03
7.426646700000000010e+02,6.177880204898984630e+03
7.427383399999999938e+02,6.138726116584277406e+03
7.428119500000000244e+02,6.119678181728473646e+03
7.428856200000000172e+02,6.134493242171876773e+03
7.429592900000000100e+02,6.099572028269570183e+03
7.430329000000000406e+02,6.072058344588965156e+03
7.431065700000000334e+02,6.072058344588965156e+03
7.431801799999999503e+02,6.037137130686657656e+03
7.432538500000000568e+02,6.006448791196752609e+03
7.433274499999999989e+02,6.048777535320759853e+03
7.434011199999999917e+02,6.025496726052555459e+03
7.434747300000000223e+02,5.958828954057243209e+03
7.435484000000000151e+02,6.008565228402952926e+03
7.436220100000000457e+02,5.972585795897545722e+03
7.436956800000000385e+02,5.964120047072744455e+03
7.437692899999999554e+02,5.956712516851042892e+03
7.438429599999999482e+02,5.948246768026240716e+03
7.439165600000000040e+02,5.902743368092932542e+03
7.439901700000000346e+02,5.897452275077431295e+03
7.440638400000000274e+02,5.892161182061930049e+03
7.441374499999999443e+02,5.919674865742535985e+03
7.442110599999999749e+02,5.850890656541022508e+03
7.442847299999999677e+02,5.894277619268130366e+03
7.443583399999999983e+02,5.851948875144122212e+03
7.444319500000000289e+02,5.858298186762724072e+03
7.445055499999999711e+02,5.797979726386011862e+03
7.445791600000000017e+02,5.837133814700719995e+03
7.446528299999999945e+02,5.809620131020114059e+03
7.447264400000000251e+02,5.775757135720908082e+03
7.448000500000000557e+02,5.790572196164311208e+03
7.448736599999999726e+02,5.772582479911607152e+03
7.449472700000000032e+02,5.775757135720908082e+03
7.450208699999999453e+02,5.777873572927108398e+03
7.450944799999999759e+02,5.748243452040303055e+03
7.451680900000000065e+02,5.757767419468204935e+03
7.452417000000000371e+02,5.715438675344196781e+03
7.453153099999999540e+02,5.720729768359697118e+03
7.453889199999999846e+02,5.687924991663590845e+03
7.454625200000000405e+02,5.713322238137995555e+03
7.455361299999999574e+02,5.701681833503893358e+03
7.456097399999999880e+02,5.677342805632589261e+03
7.456833500000000186e+02,5.690041428869791162e+03
7.457569600000000491e+02,5.693216084679092091e+03
7.458305699999999661e+02,5.643479810333382375e+03
7.459041700000000219e+02,5.675226368426388944e+03
7.459777800000000525e+02,5.615966126652777348e+03
7.460513899999999694e+02,5.628664749889980158e+03
7.461249400000000378e+02,5.626548312683778931e+03
7.461985499999999547e+02,5.608558596431075784e+03
7.462721599999999853e+02,5.605383940621774855e+03
7.463457600000000411e+02,5.623373656874478911e+03
7.464193099999999959e+02,5.605383940621774855e+03
7.464929200000000264e+02,5.602209284812474834e+03
7.465665299999999434e+02,5.572579163925668581e+03
7.466400800000000118e+02,5.563055196497766701e+03
7.467136799999999539e+02,5.548240136054364484e+03
7.467872899999999845e+02,5.538716168626462604e+03
7.468608400000000529e+02,5.526017545389259794e+03
7.469344499999999698e+02,5.550356573260564801e+03
7.470080600000000004e+02,5.521784670976859161e+03
7.470815999999999804e+02,5.498503861708654767e+03
7.471552100000000110e+02,5.513318922152057894e+03
7.472287599999999657e+02,5.490038112883853501e+03
7.473023699999999963e+02,5.465699085012548494e+03
7.473759199999999510e+02,5.484747019868352254e+03
7.474495200000000068e+02,5.461466210600147861e+03
7.475230699999999615e+02,5.455116898981546001e+03
7.475966200000000299e+02,5.401147750223435651e+03
7.476702299999999468e+02,5.436068964125743150e+03
7.477437700000000405e+02,5.424428559491640954e+03
7.478173799999999574e+02,5.424428559491640954e+03
7.478909300000000258e+02,5.437127182728842854e+03
7.479644799999999805e+02,5.379983378161431574e+03
7.480380199999999604e+02,5.386332689780033434e+03
7.481116299999999910e+02,5.372575847939730920e+03
7.481851799999999457e+02,5.379983378161431574e+03
7.482587300000000141e+02,5.357760787496327794e+03
7.483322799999999688e+02,5.316490261975420253e+03
7.484058800000000247e+02,5.327072448006421837e+03
7.484794299999999794e+02,5.316490261975420253e+03
7.485529800000000478e+02,5.302733420135116830e+03
7.486265300000000025e+02,5.318606699181620570e+03
7.487000699999999824e+02,5.259346457408008973e+03
7.487736200000000508e+02,5.249822489980107093e+03
7.488471700000000055e+02,5.266753987629710537e+03
7.489207800000000361e+02,5.231832773727403946e+03
7.489943200000000161e+02,5.250880708583206797e+03
7.490678699999999708e+02,5.262521113217309903e+03
7.491414200000000392e+02,5.233949210933604263e+03
7.492149699999999939e+02,5.203260871443698306e+03
7.492885099999999738e+02,5.244531396964605847e+03
7.493620600000000422e+02,5.195853341221996743e+03
7.494355500000000347e+02,5.188445811000295180e+03
7.495090900000000147e+02,5.148233504082487343e+03
7.495826399999999694e+02,5.128127350623583879e+03
7.496561900000000378e+02,5.156699252907289519e+03
7.497297399999999925e+02,5.114370508783281366e+03
7.498032799999999725e+02,5.142942411066986097e+03
7.498768300000000409e+02,5.118603383195681999e+03
7.499503200000000334e+02,5.083682169293375409e+03
7.500238600000000133e+02,5.104846541355379486e+03
7.500974099999999680e+02,5.093206136721277289e+03
7.501709600000000364e+02,5.046644518184868502e+03
7.502444500000000289e+02,5.047702736787968206e+03
7.503179900000000089e+02,5.033945894947665693e+03
7.503915399999999636e+02,5.030771239138364763e+03
7.504650299999999561e+02,4.990558932220556926e+03
7.505385700000000497e+02,5.020189053107363179e+03
7.506121200000000044e+02,5.039236987963166939e+03
7.506856099999999969e+02,4.960928811333751582e+03
7.507591599999999517e+02,4.989500713617457222e+03
7.508326399999999694e+02,4.958812374127551266e+03
7.509061900000000378e+02,4.954579499715150632e+03
7.509796800000000303e+02,4.946113750890348456e+03
7.510532200000000103e+02,4.938706220668647802e+03
7.511267100000000028e+02,4.913308974194242182e+03
7.512002599999999575e+02,4.892144602132238106e+03
7.512737399999999752e+02,4.910134318384942162e+03
7.513472900000000436e+02,4.882620634704336226e+03
7.514207800000000361e+02,4.858281606833032129e+03
7.514942600000000539e+02,4.882620634704336226e+03
7.515678100000000086e+02,4.829709704549326489e+03
7.516413000000000011e+02,4.836059016167927439e+03
7.517147800000000188e+02,4.824418611533825242e+03
7.517883299999999736e+02,4.793730272043919285e+03
7.518618199999999661e+02,4.818069299915224292e+03
7.519352999999999838e+02,4.775740555791216138e+03
7.520087899999999763e+02,4.771507681378815505e+03
7.520823400000000447e+02,4.749285090713710815e+03
7.521558199999999488e+02,4.748226872110611112e+03
7.522293100000000550e+02,4.743993997698209569e+03
7.523028000000000475e+02,4.694257723352500761e+03
7.523762799999999515e+02,4.745052216301310182e+03
7.524497699999999440e+02,4.700607034971101712e+03
7.525232499999999618e+02,4.699548816368001098e+03
7.525968000000000302e+02,4.682617318718398565e+03
7.526702900000000227e+02,4.652987197831592312e+03
7.527437700000000405e+02,4.704839909383502345e+03
7.528172600000000330e+02,4.648754323419191678e+03
7.528907500000000255e+02,4.694257723352500761e+03
7.529642300000000432e+02,4.651928979228492608e+03
7.530377200000000357e+02,4.644521449006791045e+03
7.531112100000000282e+02,4.584202988630079744e+03
7.531846299999999701e+02,4.614891328119985701e+03
7.532581199999999626e+02,4.642405011800590728e+03
7.533315999999999804e+02,4.570446146789776321e+03
7.534050899999999729e+02,4.577853677011477885e+03
7.534785799999999654e+02,4.577853677011477885e+03
7.535520599999999831e+02,4.582086551423878518e+03
7.536254900000000134e+02,4.547165337521571928e+03
7.536989700000000312e+02,4.538699588696770661e+03
7.537724600000000237e+02,4.566213272377375688e+03
7.538459500000000162e+02,4.513302342222365951e+03
7.539193699999999581e+02,4.542932463109171294e+03
7.539928599999999506e+02,4.539757807299871274e+03
7.540663500000000568e+02,4.518593435237867197e+03
7.541397699999999986e+02,4.502720156191363458e+03
7.542132599999999911e+02,4.493196188763461578e+03
7.542867400000000089e+02,4.498487281778962824e+03
7.543601700000000392e+02,4.487905095747961241e+03
7.544336499999999432e+02,4.493196188763461578e+03
7.545070799999999736e+02,4.477322909716958748e+03
7.545805699999999661e+02,4.472031816701457501e+03
7.546539900000000216e+02,4.451925663242554037e+03
7.547274800000000141e+02,4.444518133020852474e+03
7.548008999999999560e+02,4.420179105149547468e+03
7.548743899999999485e+02,4.446634570227052791e+03
7.549478100000000040e+02,4.445576351623953087e+03
7.550212999999999965e+02,4.430761291180549961e+03
7.550947300000000268e+02,4.434994165592950594e+03
7.551681499999999687e+02,4.385257891247240877e+03
7.552416399999999612e+02,4.391607202865842737e+03
7.553150600000000168e+02,4.393723640072043054e+03
7.553884900000000471e+02,4.345045584329433041e+03
7.554619800000000396e+02,4.343987365726333337e+03
7.555353999999999814e+02,4.351394895948034900e+03
7.556088300000000118e+02,4.316473682045728310e+03
7.556822499999999536e+02,4.304833277411626113e+03
7.557557399999999461e+02,4.299542184396124867e+03
7.558291600000000017e+02,4.309066151824026747e+03
7.559025900000000320e+02,4.303775058808525500e+03
7.559760099999999738e+02,4.323881212267429873e+03
7.560494400000000041e+02,4.328114086679830507e+03
7.561228599999999460e+02,4.303775058808525500e+03
7.561962899999999763e+02,4.335521616901532070e+03
7.562697100000000319e+02,4.314357244839527993e+03
7.563431399999999485e+02,4.283668905349622037e+03
7.564166300000000547e+02,4.299542184396124867e+03
7.564900499999999965e+02,4.266737407700018593e+03
7.565634199999999510e+02,4.279436030937220494e+03
7.566368400000000065e+02,4.248747691447315447e+03
7.567102700000000368e+02,4.256155221669016100e+03
7.567836899999999787e+02,4.239223724019413567e+03
7.568571200000000090e+02,4.251922347256615467e+03
7.569305399999999509e+02,4.221234007766709510e+03
7.570039699999999812e+02,4.236049068210112637e+03
7.570773900000000367e+02,4.212768258941908243e+03
7.571508199999999533e+02,4.207477165926406997e+03
7.572241800000000467e+02,4.194778542689205096e+03
7.572976099999999633e+02,4.182079919452002287e+03
7.573710300000000188e+02,4.168323077611699773e+03
7.574444600000000491e+02,4.157740891580697280e+03
7.575178200000000288e+02,4.157740891580697280e+03
7.575912499999999454e+02,4.128110770693891936e+03
7.576646700000000010e+02,4.152449798565196943e+03
7.577380399999999554e+02,4.106946398631887860e+03
7.578114600000000110e+02,4.129168989296991640e+03
7.578848900000000413e+02,4.130227207900092253e+03
7.579582500000000209e+02,4.103771742822586930e+03
7.580316800000000512e+02,4.125994333487691620e+03
7.581050400000000309e+02,4.087898463776084100e+03
7.581784699999999475e+02,4.104829961425687543e+03
7.582518300000000409e+02,4.069908747523380498e+03
7.583252599999999575e+02,4.083665589363683466e+03
7.583986200000000508e+02,4.078374496348182220e+03
7.584720499999999674e+02,4.067792310317180181e+03
7.585454099999999471e+02,4.051919031270677351e+03
7.586187700000000405e+02,4.056151905683077985e+03
7.586921999999999571e+02,4.054035468476877668e+03
7.587655600000000504e+02,4.024405347590071869e+03
7.588389899999999670e+02,4.036045752224174066e+03
7.589123499999999467e+02,4.009590287146669198e+03
7.589857200000000148e+02,4.015939598765270148e+03
7.590590799999999945e+02,3.996891663909466843e+03
7.591325100000000248e+02,3.997949882512567001e+03
7.592058700000000044e+02,4.000066319718767318e+03
7.592792399999999589e+02,3.971494417435061678e+03
7.593526000000000522e+02,3.956679356991659006e+03
7.594259600000000319e+02,3.974669073244362608e+03
7.594993899999999485e+02,3.938689640738955404e+03
7.595727500000000418e+02,3.917525268676951328e+03
7.596461199999999963e+02,3.952446482579258372e+03
7.597194799999999759e+02,3.917525268676951328e+03
7.597928500000000440e+02,3.928107454707953366e+03
7.598662100000000237e+02,3.915408831470751011e+03
7.599395799999999781e+02,3.881545836171544579e+03
7.600129399999999578e+02,3.906943082645949289e+03
7.600863000000000511e+02,3.887895147790145984e+03
7.601596700000000055e+02,3.884720491980845054e+03
7.602330299999999852e+02,3.862497901315740819e+03
7.603064000000000533e+02,3.861439682712640661e+03
7.603797600000000330e+02,3.867788994331242066e+03
7.604531200000000126e+02,3.849799278078538464e+03
7.605264300000000048e+02,3.834984217635135792e+03
7.605997899999999845e+02,3.842391747856836901e+03
7.606731600000000526e+02,3.822285594397932982e+03
7.607465200000000323e+02,3.796888347923528272e+03
7.608198899999999867e+02,3.820169157191732666e+03
7.608931900000000041e+02,3.788422599098726550e+03
7.609665499999999838e+02,3.790539036304927322e+03
7.610399200000000519e+02,3.770432882846023404e+03
7.611132800000000316e+02,3.777840413067724512e+03
7.611865800000000490e+02,3.790539036304927322e+03
7.612599500000000035e+02,3.784189724686325917e+03
7.613332500000000209e+02,3.764083571227421999e+03
7.614066199999999753e+02,3.718580171294113370e+03
7.614799799999999550e+02,3.729162357325115408e+03
7.615532799999999725e+02,3.722813045706514004e+03
7.616266500000000406e+02,3.717521952691013212e+03
7.616999499999999443e+02,3.702706892247610085e+03
7.617733200000000124e+02,3.696357580629009135e+03
7.618466200000000299e+02,3.691066487613507888e+03
7.619199800000000096e+02,3.691066487613507888e+03
7.619932900000000018e+02,3.644504869077099102e+03
7.620665900000000192e+02,3.661436366726702545e+03
7.621399499999999989e+02,3.634980901649197222e+03
7.622132599999999911e+02,3.660378148123601932e+03
7.622866199999999708e+02,3.632864464442996905e+03
7.623599199999999882e+02,3.624398715618195183e+03
7.624332299999999805e+02,3.605350780762391423e+03
7.625065299999999979e+02,3.604292562159291265e+03
7.625798999999999523e+02,3.596885031937590156e+03
7.626531999999999698e+02,3.593710376128289226e+03
7.627264999999999873e+02,3.576778878478686238e+03
7.627998000000000047e+02,3.586302845906588118e+03
7.628731699999999591e+02,3.554556287813582003e+03
7.629464699999999766e+02,3.567254911050784358e+03
7.630197799999999688e+02,3.582069971494187030e+03
7.630930799999999863e+02,3.549265194798080756e+03
7.631663800000000037e+02,3.540799445973279035e+03
7.632396899999999960e+02,3.540799445973279035e+03
7.633129900000000134e+02,3.503761794864772128e+03
7.633862900000000309e+02,3.545032320385680123e+03
7.634595900000000483e+02,3.525984385529876363e+03
7.635329000000000406e+02,3.500587139055471653e+03
7.636061999999999443e+02,3.493179608833770089e+03
7.636794999999999618e+02,3.461433050740763974e+03
7.637528099999999540e+02,3.515402199498874324e+03
7.638261099999999715e+02,3.483655641405868209e+03
7.638994099999999889e+02,3.495296046039970406e+03
7.639727199999999812e+02,3.460374832137663816e+03
7.640459600000000364e+02,3.449792646106661778e+03
7.641192600000000539e+02,3.436035804266359264e+03
7.641925700000000461e+02,3.425453618235357226e+03
7.642658699999999499e+02,3.428628274044657701e+03
7.643391699999999673e+02,3.420162525219855979e+03
7.644124100000000226e+02,3.405347464776453307e+03
7.644857200000000148e+02,3.382066655508248914e+03
7.645590200000000323e+02,3.387357748523749706e+03
7.646322599999999738e+02,3.391590622936150794e+03
7.647055699999999661e+02,3.385241311317549389e+03
7.647788699999999835e+02,3.387357748523749706e+03
7.648521100000000388e+02,3.375717343889647509e+03
7.649254200000000310e+02,3.370426250874146717e+03
7.649986599999999726e+02,3.341854348590441077e+03
7.650719599999999900e+02,3.355611190430743591e+03
7.651452000000000453e+02,3.366193376461745629e+03
7.652185100000000375e+02,3.333388599765639356e+03
7.652917499999999791e+02,3.331272162559439039e+03
7.653650499999999965e+02,3.310107790497434962e+03
7.654382900000000518e+02,3.328097506750138564e+03
7.655116000000000440e+02,3.314340664909835596e+03
7.655848399999999856e+02,3.302700260275733399e+03
7.656580800000000409e+02,3.314340664909835596e+03
7.657313799999999446e+02,3.295292730054032290e+03
7.658046299999999746e+02,3.288943418435430885e+03
7.658778700000000299e+02,3.277303013801328689e+03
7.659511700000000474e+02,3.311166009100535121e+03
7.660244099999999889e+02,3.291059855641631202e+03
7.660976600000000190e+02,3.281535888213729322e+03
7.661708999999999605e+02,3.294234511450932132e+03
7.662441400000000158e+02,3.287885199832330727e+03
7.663174400000000333e+02,3.248731111517623049e+03
7.663906899999999496e+02,3.247672892914522890e+03
7.664639300000000048e+02,3.288943418435430885e+03
7.665371699999999464e+02,3.275186576595128372e+03
7.666104100000000017e+02,3.278361232404428847e+03
7.666836499999999432e+02,3.254022204533124295e+03
7.667568999999999733e+02,3.249789330120723207e+03
7.668301400000000285e+02,3.234974269677320535e+03
7.669033799999999701e+02,3.247672892914522890e+03
7.669766200000000254e+02,3.236032488280420694e+03
7.670498700000000554e+02,3.209577023202915825e+03
7.671231099999999969e+02,3.205344148790514737e+03
7.671963500000000522e+02,3.203227711584314420e+03
7.672695899999999938e+02,3.179946902316110027e+03
7.673427699999999732e+02,3.198994837171913787e+03
7.674160200000000032e+02,3.188412651140911748e+03
7.674892599999999447e+02,3.186296213934711432e+03
7.675625000000000000e+02,3.175714027903709393e+03
7.676357400000000553e+02,3.156666093047905633e+03
7.677089200000000346e+02,3.168306497682007830e+03
7.677821699999999510e+02,3.136559939589001715e+03
7.678554100000000062e+02,3.146083907016903595e+03
7.679286499999999478e+02,3.138676376795202032e+03
7.680018300000000409e+02,3.112220911717697163e+03
7.680750699999999824e+02,3.142909251207602665e+03
7.681482499999999618e+02,3.131268846573500468e+03
7.682214999999999918e+02,3.121744879145599043e+03
7.682947400000000471e+02,3.111162693114597005e+03
7.683679200000000264e+02,3.112220911717697163e+03
7.684411599999999680e+02,3.104813381495995600e+03
7.685143399999999474e+02,3.105871600099095758e+03
7.685875899999999774e+02,3.087881883846392157e+03
7.686607699999999568e+02,3.084707228037091681e+03
7.687340100000000120e+02,3.094231195464993561e+03
7.688071899999999914e+02,3.078357916418490731e+03
7.688803699999999708e+02,3.088940102449492315e+03
7.689536100000000260e+02,3.091056539655693086e+03
7.690267900000000054e+02,3.084707228037091681e+03
7.690999799999999595e+02,3.046611358325484616e+03
7.691732200000000148e+02,3.076241479212289960e+03
7.692463999999999942e+02,3.084707228037091681e+03
7.693195799999999736e+02,3.047669576928584775e+03
7.693928200000000288e+02,3.068833948990588851e+03
7.694660000000000082e+02,3.041320265309983370e+03
7.695391799999999876e+02,3.043436702516183686e+03
7.696123700000000554e+02,3.044494921119283845e+03
7.696855500000000347e+02,3.055077107150285883e+03
7.697587300000000141e+02,3.049786014134785091e+03
7.698319099999999935e+02,3.034970953691381965e+03
7.699051500000000487e+02,3.052960669944085566e+03
7.699783300000000281e+02,3.025446986263480539e+03
7.700515100000000075e+02,3.024388767660379926e+03
7.701246899999999869e+02,3.022272330454179610e+03
7.701978800000000547e+02,2.979943586330171456e+03
7.702710600000000341e+02,2.993700428170474424e+03
7.703442400000000134e+02,2.987351116551873019e+03
7.704173600000000306e+02,2.993700428170474424e+03
7.704905400000000100e+02,2.948197028237165341e+03
7.705637199999999893e+02,2.954546339855766746e+03
7.706368999999999687e+02,2.956662777061967063e+03
7.707100799999999481e+02,2.974652493314670664e+03
7.707832600000000411e+02,2.958779214268167379e+03
7.708564499999999953e+02,2.943964153824764708e+03
7.709295700000000124e+02,2.931265530587562353e+03
7.710027499999999918e+02,2.921741563159660473e+03
7.710759299999999712e+02,2.915392251541059068e+03
7.711491099999999506e+02,2.882587474844952794e+03
7.712222299999999677e+02,2.894227879479054991e+03
7.712954099999999471e+02,2.916450470144159226e+03
7.713685900000000402e+02,2.900577191097656396e+03
7.714417099999999436e+02,2.877296381829452002e+03
7.715148900000000367e+02,2.879412819035652319e+03
7.715880100000000539e+02,2.865655977195349806e+03
7.716611900000000333e+02,2.848724479545746362e+03
7.717343100000000504e+02,2.851899135355046838e+03
7.718075000000000045e+02,2.855073791164347767e+03
7.718806200000000217e+02,2.816977921452740247e+03
7.719538000000000011e+02,2.828618326086842444e+03
7.720269200000000183e+02,2.830734763293043216e+03
7.721000999999999976e+02,2.818036140055840406e+03
7.721732200000000148e+02,2.833909419102343691e+03
7.722463400000000320e+02,2.807453954024838367e+03
7.723195200000000114e+02,2.814861484246539931e+03
